meas,sec,art_dur_sec,status,d0,d1,oloc,section,sci_pitch,grace,even,even_target,dyn,dyn_target,tempo,tempo_target,note_id,loc,bar,src,src_meas,index
,,,,,,,7001,,,,,,,,,,,,gutim,,
,,,,,,,,,,,,,,,,,,2,,,
2,7.8,0.06,144,65,11,0,,F4,g,,,,,,,ng2_1F4e_0,0,,gutim,2,
2,7.875,0.06,144,63,14,1,,Eb4,g,,,,,,,ng2_1Eb4e,1,,gutim,2,
2,7.95,0.06,144,45,14,2,,A2,g,,,,,,,ng2_1A2e,2,,gutim,2,
2,8.025,0.06,144,30,14,3,,F#1,g,,,,,,,ng2_1Fs1e,3,,gutim,2,
2,8.1,0.06,144,37,14,4,,C#2,g,,,,,,,ng2_1Cs2e,4,,gutim,2,
2,8.175,0.06,144,65,24,5,,F4,g,,,,,,,ng2_1F4e_1,5,,gutim,2,
,,,,,,,,,,,,,,,,,,3,,,
3,8.25,5.4,144,87,22,6,,Eb6,,,,,,,,n3_1Eb6w,6,,gutim,3,
3,8.25,5.4,144,36,14,6,,C2,,,,,,,,n3_5C2w,6,,gutim,3,
3,8.25,5.4,144,46,14,6,,Bb2,,,,,,,,n3_5Bb2w,6,,gutim,3,
,,,,,,,,,,,,,,,,,,4,,,
4,15.75,4.8,144,85,8,7,,Db6,,,,,,,,n4_1Db6q,7,,gutim,4,
,,,,,,,,,,,,,,,,,,6,,,
6,21.75,6.6,144,100,20,8,,E7,,,,,,,,n6_1E7h_0,8,,gutim,6,
,,,,,,,,,,,,,,,,,,9,,,
9,35.25,0.3,144,80,22,9,,G#5,,,,,,,,n9_1Gs5e,9,,gutim,9,
9,35.625,2.7,144,93,23,10,,A6,,,,,,,,n9_1A6e,10,,gutim,9,
,,,,,,,,,,,,,,,,,,10,,,
10,42.9,0.06,144,93,14,11,,A6,g,,,,,,,ng10_1A6e,11,,gutim,10,
10,42.975,0.06,144,36,14,12,,C2,g,,,,,,,ng10_1C2e,12,,gutim,10,
10,43.05,0.06,144,66,14,13,,F#4,g,,,,,,,ng10_1Fs4e,13,,gutim,10,
10,43.125,0.3562,144,66,14,14,,F#4,,,,,,,,n10_1Fs4e,14,,gutim,10,
,,,,,,,,,,,,,,,,,,11,,,
11,43.5,4.6312,144,100,14,15,,E7,,,,,,,,n11_1E7w,15,,gutim,11,
,,,,,,,,,,,,,,,,,,12,,,
12,48.375,0.75,144,92,14,16,,G#6,,,,,,,,n12_1Gs6e_0,16,,gutim,12,
12,48.375,1.5,144,45,14,16,,A2,,,,,,,,n12_5A2e,16,,gutim,12,
12,49.3125,2.55,144,79,14,17,,G5,,,,,,,,n12_1G5s,17,,gutim,12,
12,50.25,2.4,144,46,14,18,,Bb2,,,,,,,,n12_5Bb2h,18,,gutim,12,
,,,,,,,,,,,,,,,,,,13,,,
13,52.8,0.06,144,36,14,19,,C2,g,,,,,,,ng13_5C2e,19,,gutim,13,
13,52.875,0.06,144,81,14,20,,A5,g,,,,,,,ng13_5A5e_0,20,,gutim,13,
13,52.95,0.06,144,88,14,21,,E6,g,,,,,,,ng13_5E6e,21,,gutim,13,
13,53.025,0.06,144,54,14,22,,F#3,g,,,,,,,ng13_5Fs3e,22,,gutim,13,
13,53.1,0.06,144,80,14,23,,G#5,g,,,,,,,ng13_5Gs5e,23,,gutim,13,
13,53.175,0.06,144,81,14,24,,A5,g,,,,,,,ng13_5A5e_1,24,,gutim,13,
13,53.25,0.6,144,50,14,25,,D3,,,,,,,,n13_5D3q,25,,gutim,13,
13,53.25,0.6,144,52,14,25,,E3,,,,,,,,n13_5E3q,25,,gutim,13,
13,53.25,0.6,144,24,14,25,,C1,,,,,,,,n13_6C1q_0,25,,gutim,13,
,,,,,,,7005,,,,,,,,,,,,gutim,,
13,56.25,4.8,144,24,14,26,,C1,,,,,,,,n13_6C1q_1,26,,gutim,13,
13,56.625,0.9,144,84,5,27,,C6,,,,,,,,n13_1C6e,27,,gutim,13,
13,56.625,0.9,144,89,5,27,,F6,,,,,,,,n13_1F6e,27,,gutim,13,
,,,,,,,,,,,,,,,,,,14,,,
14,57.75,3.6,144,57,11,28,,A3,,,,,,,,n14_5A3w,28,,gutim,14,
14,58.25,0.8,144,85,5,29,,C#6,,,,,,,,n14_1Cs6e,29,,gutim,14,
14,59.625,0.3,144,44,11,30,,Ab2,,,,,,,,n14_1Ab2e,30,,gutim,14,
14,60.0,0.5,144,58,9,31,,Bb3,,,,,,,,n14_1Bb3q,31,,gutim,14,
14,60.625,0.05,144,97,5,32,,Db7,,,,,,,,n14_1Db7t,32,,gutim,14,
14,60.6875,0.05,144,46,5,33,,Bb2,,,,,,,,n14_1Bb2t,33,,gutim,14,
14,60.75,0.4,144,40,6,34,,E2,,,,,,,,n14_1E2q,34,,gutim,14,
14,61.25,0.4,144,85,8,35,,Db6,,,,,,,,n14_1Db6q,35,,gutim,14,
14,61.75,0.4,144,72,14,36,,C5,,,,,,,,n14_1C5q,36,,gutim,14,
,,,,,,,7006,,,,,,,,,,,,gutim,,
,,,,,,,,,,,,,,,,,,15,,,
15,62.25,0.0602,144,34,6,37,,Bb1,,,,,,,,n15_5Bb1t_0,37,,gutim,15,
15,62.3252,0.0602,144,33,6,38,,A1,,,,,,,,n15_5A1t_0,38,,gutim,15,
15,62.4004,0.0602,144,34,6,39,,Bb1,,,,,,,,n15_5Bb1t_1,39,,gutim,15,
15,62.417,0.1586,144,79,6,40,,G5,,,,,,,,n15_1G5s_0,40,,gutim,15,
15,62.4756,0.1203,144,33,6,41,,A1,,,,,,,,n15_5A1s_0,41,,gutim,15,
15,62.584,0.1586,144,73,7,42,,Db5,,,,,,,,n15_1Db5s_0,42,,gutim,15,
15,62.626,0.0602,144,34,7,43,,Bb1,,,,,,,,n15_5Bb1t_2,43,,gutim,15,
15,62.7012,0.0602,144,33,7,44,,A1,,,,,,,,n15_5A1t_1,44,,gutim,15,
15,62.751,0.2375,144,79,7,45,,G5,,,,,,,,n15_1G5s_1,45,,gutim,15,
15,62.7764,0.0602,144,34,7,46,,Bb1,,,,,,,,n15_5Bb1t_3,46,,gutim,15,
15,62.8516,0.1203,144,33,7,47,,A1,,,,,,,,n15_5A1s_1,47,,gutim,15,
15,63.001,0.1586,144,73,8,48,,Db5,,,,,,,,n15_1Db5s_1,48,,gutim,15,
15,63.002,0.0602,144,34,8,48,,Bb1,,,,,,,,n15_5Bb1t_4,48,,gutim,15,
15,63.0771,0.0602,144,33,8,49,,A1,,,,,,,,n15_5A1t_2,49,,gutim,15,
15,63.1523,0.0602,144,34,8,50,,Bb1,,,,,,,,n15_5Bb1t_5,50,,gutim,15,
15,63.168,0.1586,144,79,8,51,,G5,,,,,,,,n15_1G5s_2,51,,gutim,15,
15,63.2275,0.1203,144,33,8,52,,A1,,,,,,,,n15_5A1s_2,52,,gutim,15,
15,63.335,0.1586,144,73,9,53,,Db5,,,,,,,,n15_1Db5s_2,53,,gutim,15,
15,63.3779,0.0602,144,34,9,54,,Bb1,,,,,,,,n15_5Bb1t_6,54,,gutim,15,
15,63.4531,0.0602,144,33,9,55,,A1,,,,,,,,n15_5A1t_3,55,,gutim,15,
15,63.502,0.2375,144,79,9,56,,G5,,,,,,,,n15_1G5s_3,56,,gutim,15,
15,63.5283,0.0602,144,34,9,57,,Bb1,,,,,,,,n15_5Bb1t_7,57,,gutim,15,
15,63.6035,0.1203,144,33,9,58,,A1,,,,,,,,n15_5A1s_3,58,,gutim,15,
15,63.752,0.1586,144,73,14,59,,Db5,,,,,,,,n15_1Db5s_3,59,,gutim,15,
15,63.7539,0.0602,144,34,14,60,,Bb1,,,,,,,,n15_5Bb1t_8,60,,gutim,15,
15,63.8291,0.0602,144,33,14,61,,A1,,,,,,,,n15_5A1t_4,61,,gutim,15,
15,63.9043,0.0602,144,34,14,62,,Bb1,,,,,,,,n15_5Bb1t_9,62,,gutim,15,
15,63.9189,0.1586,144,79,14,63,,G5,,,,,,,,n15_1G5s_4,63,,gutim,15,
15,63.9795,0.1203,144,33,14,64,,A1,,,,,,,,n15_5A1s_4,64,,gutim,15,
15,64.0859,0.1586,144,73,14,65,,Db5,,,,,,,,n15_1Db5s_4,65,,gutim,15,
15,64.1299,0.0602,144,34,14,66,,Bb1,,,,,,,,n15_5Bb1t_10,66,,gutim,15,
15,64.2051,0.0602,144,33,14,67,,A1,,,,,,,,n15_5A1t_5,67,,gutim,15,
15,64.2529,0.2375,144,79,14,68,,G5,,,,,,,,n15_1G5s_5,68,,gutim,15,
15,64.2803,0.0602,144,34,14,69,,Bb1,,,,,,,,n15_5Bb1t_11,69,,gutim,15,
15,64.3555,0.1203,144,33,14,70,,A1,,,,,,,,n15_5A1s_5,70,,gutim,15,
15,64.5029,0.1586,144,73,14,71,,Db5,,,,,,,,n15_1Db5s_5,71,,gutim,15,
15,64.5059,0.0602,144,34,14,71,,Bb1,,,,,,,,n15_5Bb1t_12,71,,gutim,15,
15,64.5811,0.0602,144,33,14,72,,A1,,,,,,,,n15_5A1t_6,72,,gutim,15,
15,64.6562,0.0602,144,34,14,73,,Bb1,,,,,,,,n15_5Bb1t_13,73,,gutim,15,
15,64.6699,0.1586,144,79,14,74,,G5,,,,,,,,n15_1G5s_6,74,,gutim,15,
15,64.7314,0.1203,144,33,14,75,,A1,,,,,,,,n15_5A1s_6,75,,gutim,15,
15,64.8369,0.1586,144,73,14,76,,Db5,,,,,,,,n15_1Db5s_6,76,,gutim,15,
15,64.8818,0.0602,144,34,14,77,,Bb1,,,,,,,,n15_5Bb1t_14,77,,gutim,15,
15,64.957,0.0602,144,33,14,78,,A1,,,,,,,,n15_5A1t_7,78,,gutim,15,
15,65.0039,0.2338,144,79,14,79,,G5,,,,,,,,n15_1G5s_7,79,,gutim,15,
15,65.0322,0.0602,144,34,14,80,,Bb1,,,,,,,,n15_5Bb1t_15,80,,gutim,15,
15,65.1074,0.1187,144,33,14,81,,A1,,,,,,,,n15_5A1s_7,81,,gutim,15,
,,,,,,,7008,,,,,,,,,,,,gutim,,
,,,,,,,,,,,,,,,,,,16,,,
16,66.3611,2.6667,144,75,14,82,,Eb5,,,,,,,,n16_1Eb5w,82,,gutim,16,
16,66.3611,0.5336,144,50,14,82,,D3,,,,,,,,n16_2D3q,82,,gutim,16,
16,66.3611,0.5336,144,64,14,82,,E4,,,,,,,,n16_2E4q_0,82,,gutim,16,
16,66.3611,2.6667,144,46,14,82,,Bb2,,,,,,,,n16_5Bb2w,82,,gutim,16,
16,66.3611,2.6667,144,36,14,82,,C2,,,,,,,,n16_6C2w,82,,gutim,16,
16,67.0281,0.7998,144,64,9,83,,E4,,,,,,,,n16_2E4q_1,83,,gutim,16,
16,67.0281,0.7998,144,77,9,83,,F5,,,,,,,,n16_2F5q_0,83,,gutim,16,
16,68.0278,1.0666,144,50,11,84,,D3,,,,,,,,n16_2D3h,84,,gutim,16,
16,68.0278,1.0666,144,64,11,84,,E4,,,,,,,,n16_2E4h,84,,gutim,16,
16,69.361,0.7112,144,50,15,85,,D3,,,,,,,,n16_2D3e_1,85,,gutim,16,
16,69.361,0.7112,144,64,15,85,,E4,,,,,,,,n16_2E4e_1,85,,gutim,16,
16,69.361,0.7112,144,77,15,85,,F5,,,,,,,,n16_2F5e,85,,gutim,16,
,,,,,,,,,,,,,,,,,,17,,,
17,70.25,2.6667,144,50,17,86,,D3,,,,,,,,n17_2D3h,86,,gutim,17,
17,70.25,2.6667,144,64,17,86,,E4,,,,,,,,n17_2E4h,86,,gutim,17,
17,70.25,2.6667,144,75,17,86,,Eb5,,,,,,,,n17_2Eb5h,86,,gutim,17,
17,70.25,2.6667,144,77,17,86,,F5,,,,,,,,n17_2F5h,86,,gutim,17,
17,70.25,2.6667,144,46,8,86,,Bb2,,,,,,,,n17_5Bb2w,86,,gutim,17,
17,70.25,2.6667,144,36,8,86,,C2,,,,,,,,n17_6C2w,86,,gutim,17,
,,,,,,,,,,,,,,,,,,18,,,
18,73.5833,0.1111,144,50,14,87,,D3,,,,,,,,n18_1D3s,87,,gutim,18,
18,73.5833,0.1111,144,64,14,87,,E4,,,,,,,,n18_1E4s,87,,gutim,18,
18,73.5833,0.1111,144,75,14,87,,Eb5,,,,,,,,n18_1Eb5s,87,,gutim,18,
18,73.5833,0.1111,144,77,14,87,,F5,,,,,,,,n18_1F5s,87,,gutim,18,
18,74.6944,1.3333,144,50,14,88,,D3,,,,,,,,n18_1D3h_0,88,,gutim,18,
18,74.6944,1.3333,144,64,14,88,,E4,,,,,,,,n18_1E4h_0,88,,gutim,18,
18,74.6944,1.3333,144,75,14,88,,Eb5,,,,,,,,n18_1Eb5h_0,88,,gutim,18,
18,74.6944,1.3333,144,77,14,88,,F5,,,,,,,,n18_1F5h_0,88,,gutim,18,
18,74.6944,1.3333,144,46,14,88,,Bb2,,,,,,,,n18_5Bb2h_0,88,,gutim,18,
18,74.6944,1.3333,144,36,14,88,,C2,,,,,,,,n18_6C2h_0,88,,gutim,18,
18,76.3611,0.8889,144,50,14,89,,D3,,,,,,,,n18_1D3h_1,89,,gutim,18,
18,76.3611,0.8889,144,64,14,89,,E4,,,,,,,,n18_1E4h_1,89,,gutim,18,
18,76.3611,0.8889,144,75,14,89,,Eb5,,,,,,,,n18_1Eb5h_1,89,,gutim,18,
18,76.3611,0.8889,144,77,14,89,,F5,,,,,,,,n18_1F5h_1,89,,gutim,18,
18,76.3611,0.8889,144,46,14,89,,Bb2,,,,,,,,n18_5Bb2h_1,89,,gutim,18,
18,76.3611,0.8889,144,36,14,89,,C2,,,,,,,,n18_6C2h_1,89,,gutim,18,
,,,,,,,7011,,,,,,,,,,,,gutim,,
,,,,,,,,,,,,,,,,,,21,,,
21,87.631,0.0789,144,46,14,90,,Bb2,,,,,,,,n21_5Bb2t_0,90,,gutim,21,
21,87.714,0.0789,144,40,14,91,,E2,,,,,,,,n21_5E2t_0,91,,gutim,21,
21,87.797,0.0789,144,97,14,92,,Db7,,,,,,,,n21_5Db7t_0,92,,gutim,21,
21,87.88,0.0789,144,46,14,93,,Bb2,,,,,,,,n21_5Bb2t_1,93,,gutim,21,
21,87.963,0.0789,144,97,14,94,,Db7,,,,,,,,n21_5Db7t_1,94,,gutim,21,
21,88.046,0.0789,144,40,14,95,,E2,,,,,,,,n21_5E2t_1,95,,gutim,21,
21,88.129,0.0789,144,84,14,96,,C6,,,,,,,,n21_5C6t,96,,gutim,21,
21,88.212,0.1586,144,32,14,97,,Ab1,,,,,,,,n21_5Ab1s,97,,gutim,21,
21,88.379,0.0789,144,46,14,98,,Bb2,,,,,,,,n21_5Bb2t_2,98,,gutim,21,
21,88.462,0.0789,144,40,14,99,,E2,,,,,,,,n21_5E2t_2,99,,gutim,21,
21,88.545,0.0789,144,32,14,100,,Ab1,,,,,,,,n21_5Ab1t_0,100,,gutim,21,
21,88.628,0.0789,144,46,14,101,,Bb2,,,,,,,,n21_5Bb2t_3,101,,gutim,21,
21,88.711,0.1586,144,40,14,102,,E2,,,,,,,,n21_5E2s_0,102,,gutim,21,
21,88.878,0.0789,144,32,14,103,,Ab1,,,,,,,,n21_5Ab1t_1,103,,gutim,21,
21,88.961,0.0789,144,46,14,104,,Bb2,,,,,,,,n21_5Bb2t_4,104,,gutim,21,
21,89.044,0.0789,144,40,14,105,,E2,,,,,,,,n21_5E2t_3,105,,gutim,21,
21,89.127,0.0789,144,46,14,106,,Bb2,,,,,,,,n21_5Bb2t_5,106,,gutim,21,
21,89.2101,0.0789,144,40,14,107,,E2,,,,,,,,n21_5E2t_4,107,,gutim,21,
21,89.2931,0.0789,144,32,14,108,,Ab1,,,,,,,,n21_5Ab1t_2,108,,gutim,21,
21,89.3761,0.0789,144,46,14,109,,Bb2,,,,,,,,n21_5Bb2t_6,109,,gutim,21,
21,89.4591,0.1586,144,40,14,110,,E2,,,,,,,,n21_5E2s_1,110,,gutim,21,
21,89.6261,0.0789,144,32,14,111,,Ab1,,,,,,,,n21_5Ab1t_3,111,,gutim,21,
21,89.7091,0.0789,144,46,14,112,,Bb2,,,,,,,,n21_5Bb2t_7,112,,gutim,21,
21,89.7921,0.0789,144,40,14,113,,E2,,,,,,,,n21_5E2t_5,113,,gutim,21,
21,89.8751,0.0789,144,46,14,114,,Bb2,,,,,,,,n21_5Bb2t_8,114,,gutim,21,
21,89.9581,0.0789,144,40,14,115,,E2,,,,,,,,n21_5E2t_6,115,,gutim,21,
21,90.0411,0.0789,144,32,14,116,,Ab1,,,,,,,,n21_5Ab1t_4,116,,gutim,21,
21,90.1241,0.0789,144,46,14,117,,Bb2,,,,,,,,n21_5Bb2t_9,117,,gutim,21,
21,90.2071,0.1586,144,40,14,118,,E2,,,,,,,,n21_5E2s_2,118,,gutim,21,
21,90.3741,0.0789,144,32,14,119,,Ab1,,,,,,,,n21_5Ab1t_5,119,,gutim,21,
21,90.4571,0.0789,144,46,14,120,,Bb2,,,,,,,,n21_5Bb2t_10,120,,gutim,21,
21,90.5401,0.0789,144,40,14,121,,E2,,,,,,,,n21_5E2t_7,121,,gutim,21,
21,90.6231,0.0789,144,46,5,122,,Bb2,,,,,,,,n21_5Bb2t_11,122,,gutim,21,
21,90.7061,0.0789,144,40,5,123,,E2,,,,,,,,n21_5E2t_8,123,,gutim,21,
21,90.7813,0.1429,144,97,5,124,,Db7,,,,,,,,n21_1Db7s_0,124,,gutim,21,
21,90.7892,0.0789,144,32,14,125,,Ab1,,,,,,,,n21_5Ab1t_6,125,,gutim,21,
21,90.8722,0.0789,144,46,5,126,,Bb2,,,,,,,,n21_5Bb2t_12,126,,gutim,21,
21,90.9317,0.1429,144,84,14,127,,C6,,,,,,,,n21_1C6s_0,127,,gutim,21,
21,90.9552,0.1586,144,40,14,128,,E2,,,,,,,,n21_5E2s_3,128,,gutim,21,
21,91.0821,0.1429,144,97,5,129,,Db7,,,,,,,,n21_1Db7s_1,129,,gutim,21,
21,91.1222,0.0789,144,32,14,130,,Ab1,,,,,,,,n21_5Ab1t_7,130,,gutim,21,
21,91.2052,0.0664,144,46,14,131,,Bb2,,,,,,,,n21_5Bb2t_13,131,,gutim,21,
21,91.2325,0.1429,144,84,5,132,,C6,,,,,,,,n21_1C6s_1,132,,gutim,21,
21,91.2882,0.0664,144,40,14,133,,E2,,,,,,,,n21_5E2t_9,133,,gutim,21,
21,91.3712,0.0664,144,46,5,134,,Bb2,,,,,,,,n21_5Bb2t_14,134,,gutim,21,
21,91.4542,0.0664,144,40,5,135,,E2,,,,,,,,n21_5E2t_10,135,,gutim,21,
21,91.5333,0.1429,144,97,14,136,,Db7,,,,,,,,n21_1Db7s_2,136,,gutim,21,
21,91.5372,0.0664,144,32,5,136,,Ab1,,,,,,,,n21_5Ab1t_8,136,,gutim,21,
21,91.6202,0.0664,144,46,5,137,,Bb2,,,,,,,,n21_5Bb2t_15,137,,gutim,21,
21,91.6837,0.1429,144,84,14,138,,C6,,,,,,,,n21_1C6s_2,138,,gutim,21,
21,91.7032,0.1336,144,40,5,139,,E2,,,,,,,,n21_5E2s_4,139,,gutim,21,
21,91.8341,0.1429,144,97,14,140,,Db7,,,,,,,,n21_1Db7s_3,140,,gutim,21,
21,91.8702,0.0664,144,32,5,141,,Ab1,,,,,,,,n21_5Ab1t_9,141,,gutim,21,
21,91.9532,0.0664,144,46,6,142,,Bb2,,,,,,,,n21_5Bb2t_16,142,,gutim,21,
21,91.9845,0.1392,144,84,14,143,,C6,,,,,,,,n21_1C6s_3,143,,gutim,21,
21,92.0362,0.0664,144,40,6,144,,E2,,,,,,,,n21_5E2t_11,144,,gutim,21,
,,,,,,,,,,,,,,,,,,22,,,
22,92.131,0.0789,144,46,6,145,,Bb2,,,,,,,,n22_5Bb2t_0,145,,gutim,22,
22,92.214,0.0789,144,40,6,146,,E2,,,,,,,,n22_5E2t_0,146,,gutim,22,
22,92.2813,0.1429,144,97,5,147,,Db7,,,,,,,,n22_1Db7s_0,147,,gutim,22,
22,92.297,0.0789,144,32,6,148,,Ab1,,,,,,,,n22_5Ab1t_0,148,,gutim,22,
22,92.38,0.0789,144,46,6,149,,Bb2,,,,,,,,n22_5Bb2t_1,149,,gutim,22,
22,92.4317,0.1429,144,84,5,150,,C6,,,,,,,,n22_1C6s_0,150,,gutim,22,
22,92.463,0.1586,144,40,6,151,,E2,,,,,,,,n22_5E2s_0,151,,gutim,22,
22,92.5821,0.1429,144,97,5,152,,Db7,,,,,,,,n22_1Db7s_1,152,,gutim,22,
22,92.63,0.0789,144,32,7,153,,Ab1,,,,,,,,n22_5Ab1t_1,153,,gutim,22,
22,92.713,0.0789,144,46,7,154,,Bb2,,,,,,,,n22_5Bb2t_2,154,,gutim,22,
22,92.7325,0.1429,144,84,5,155,,C6,,,,,,,,n22_1C6s_1,155,,gutim,22,
22,92.796,0.0789,144,40,7,156,,E2,,,,,,,,n22_5E2t_1,156,,gutim,22,
22,92.879,0.0789,144,46,7,157,,Bb2,,,,,,,,n22_5Bb2t_3,157,,gutim,22,
22,92.962,0.0789,144,40,7,158,,E2,,,,,,,,n22_5E2t_2,158,,gutim,22,
22,93.0333,0.1429,144,97,5,159,,Db7,,,,,,,,n22_1Db7s_2,159,,gutim,22,
22,93.045,0.0789,144,32,7,160,,Ab1,,,,,,,,n22_5Ab1t_2,160,,gutim,22,
22,93.128,0.0789,144,46,7,161,,Bb2,,,,,,,,n22_5Bb2t_4,161,,gutim,22,
22,93.1837,0.1429,144,84,5,162,,C6,,,,,,,,n22_1C6s_2,162,,gutim,22,
22,93.211,0.1586,144,40,8,163,,E2,,,,,,,,n22_5E2s_1,163,,gutim,22,
22,93.3341,0.1429,144,97,5,164,,Db7,,,,,,,,n22_1Db7s_3,164,,gutim,22,
22,93.378,0.0789,144,32,8,165,,Ab1,,,,,,,,n22_5Ab1t_3,165,,gutim,22,
22,93.461,0.0789,144,46,8,166,,Bb2,,,,,,,,n22_5Bb2t_5,166,,gutim,22,
22,93.4845,0.1392,144,84,5,167,,C6,,,,,,,,n22_1C6s_3,167,,gutim,22,
22,93.544,0.0789,144,40,8,168,,E2,,,,,,,,n22_5E2t_3,168,,gutim,22,
22,93.627,0.0789,144,46,8,169,,Bb2,,,,,,,,n22_5Bb2t_6,169,,gutim,22,
22,93.7101,0.0789,144,40,8,170,,E2,,,,,,,,n22_5E2t_4,170,,gutim,22,
22,93.7931,0.0789,144,32,14,171,,Ab1,,,,,,,,n22_5Ab1t_4,171,,gutim,22,
22,93.8761,0.0789,144,46,14,172,,Bb2,,,,,,,,n22_5Bb2t_7,172,,gutim,22,
22,93.9591,0.1586,144,40,14,173,,E2,,,,,,,,n22_5E2s_2,173,,gutim,22,
22,94.1261,0.0789,144,32,8,174,,Ab1,,,,,,,,n22_5Ab1t_5,174,,gutim,22,
22,94.2091,0.0789,144,46,9,175,,Bb2,,,,,,,,n22_5Bb2t_8,175,,gutim,22,
22,94.2921,0.0789,144,40,14,176,,E2,,,,,,,,n22_5E2t_5,176,,gutim,22,
22,94.3751,0.0789,144,46,14,177,,Bb2,,,,,,,,n22_5Bb2t_9,177,,gutim,22,
22,94.4581,0.0789,144,40,9,178,,E2,,,,,,,,n22_5E2t_6,178,,gutim,22,
22,94.5411,0.0789,144,32,14,179,,Ab1,,,,,,,,n22_5Ab1t_6,179,,gutim,22,
22,94.6241,0.0789,144,46,14,180,,Bb2,,,,,,,,n22_5Bb2t_10,180,,gutim,22,
22,94.7071,0.1586,144,40,14,181,,E2,,,,,,,,n22_5E2s_3,181,,gutim,22,
22,94.8741,0.0789,144,32,9,182,,Ab1,,,,,,,,n22_5Ab1t_7,182,,gutim,22,
22,94.9571,0.0664,144,46,14,183,,Bb2,,,,,,,,n22_5Bb2t_11,183,,gutim,22,
22,95.0401,0.0664,144,40,14,184,,E2,,,,,,,,n22_5E2t_7,184,,gutim,22,
22,95.1231,0.0789,144,52,8,185,,E3,,,,,,,,n22_5E3t_0,185,,gutim,22,
22,95.2061,0.0789,144,58,8,186,,Bb3,,,,,,,,n22_5Bb3t_0,186,,gutim,22,
22,95.2892,0.0789,144,72,8,187,,C5,,,,,,,,n22_5C5t_0,187,,gutim,22,
22,95.3722,0.0789,144,85,8,188,,Db6,,,,,,,,n22_5Db6t_0,188,,gutim,22,
22,95.4552,0.0789,144,44,8,189,,Ab2,,,,,,,,n22_5Ab2t_0,189,,gutim,22,
22,95.5382,0.0789,144,58,9,190,,Bb3,,,,,,,,n22_5Bb3t_1,190,,gutim,22,
22,95.6212,0.0789,144,72,9,191,,C5,,,,,,,,n22_5C5t_1,191,,gutim,22,
22,95.7042,0.0789,144,85,9,192,,Db6,,,,,,,,n22_5Db6t_1,192,,gutim,22,
22,95.7872,0.0789,144,58,9,193,,Bb3,,,,,,,,n22_5Bb3t_2,193,,gutim,22,
22,95.8702,0.0789,144,52,9,194,,E3,,,,,,,,n22_5E3t_1,194,,gutim,22,
22,95.9532,0.0789,144,72,9,195,,C5,,,,,,,,n22_5C5t_2,195,,gutim,22,
22,96.0362,0.0789,144,44,14,196,,Ab2,,,,,,,,n22_5Ab2t_1,196,,gutim,22,
22,96.1192,0.0789,144,58,14,197,,Bb3,,,,,,,,n22_5Bb3t_3,197,,gutim,22,
22,96.2022,0.1586,144,85,14,198,,Db6,,,,,,,,n22_5Db6s,198,,gutim,22,
22,96.3692,0.0789,144,52,14,199,,E3,,,,,,,,n22_5E3t_2,199,,gutim,22,
22,96.4522,0.0789,144,72,14,200,,C5,,,,,,,,n22_5C5t_3,200,,gutim,22,
22,96.5352,0.0789,144,44,14,201,,Ab2,,,,,,,,n22_5Ab2t_2,201,,gutim,22,
22,96.6183,0.0664,144,58,14,202,,Bb3,,,,,,,,n22_5Bb3t_4,202,,gutim,22,
22,96.7013,0.0664,144,52,14,203,,E3,,,,,,,,n22_5E3t_3,203,,gutim,22,
22,96.7813,0.1429,144,85,14,204,,Db6,,,,,,,,n22_1Db6s_0,204,,gutim,22,
22,96.7843,0.0664,144,44,14,205,,Ab2,,,,,,,,n22_5Ab2t_3,205,,gutim,22,
22,96.8673,0.0664,144,58,14,206,,Bb3,,,,,,,,n22_5Bb3t_5,206,,gutim,22,
22,96.9317,0.1429,144,72,14,207,,C5,,,,,,,,n22_1C5s_0,207,,gutim,22,
22,96.9503,0.1336,144,52,14,208,,E3,,,,,,,,n22_5E3s_0,208,,gutim,22,
22,97.0821,0.1429,144,85,14,209,,Db6,,,,,,,,n22_1Db6s_1,209,,gutim,22,
22,97.1173,0.0664,144,44,14,210,,Ab2,,,,,,,,n22_5Ab2t_4,210,,gutim,22,
22,97.2003,0.0664,144,58,14,211,,Bb3,,,,,,,,n22_5Bb3t_6,211,,gutim,22,
22,97.2325,0.1429,144,72,14,212,,C5,,,,,,,,n22_1C5s_1,212,,gutim,22,
22,97.2833,0.0664,144,52,14,213,,E3,,,,,,,,n22_5E3t_4,213,,gutim,22,
22,97.3663,0.0664,144,58,14,214,,Bb3,,,,,,,,n22_5Bb3t_7,214,,gutim,22,
22,97.4493,0.0664,144,52,14,215,,E3,,,,,,,,n22_5E3t_5,215,,gutim,22,
22,97.5323,0.0664,144,44,14,216,,Ab2,,,,,,,,n22_5Ab2t_5,216,,gutim,22,
22,97.5333,0.1429,144,85,14,217,,Db6,,,,,,,,n22_1Db6s_2,217,,gutim,22,
22,97.6153,0.0664,144,58,14,218,,Bb3,,,,,,,,n22_5Bb3t_8,218,,gutim,22,
22,97.6837,0.1429,144,72,14,219,,C5,,,,,,,,n22_1C5s_2,219,,gutim,22,
22,97.6983,0.1336,144,52,14,220,,E3,,,,,,,,n22_5E3s_1,220,,gutim,22,
22,97.8341,0.1429,144,85,14,221,,Db6,,,,,,,,n22_1Db6s_3,221,,gutim,22,
22,97.8653,0.0664,144,44,14,222,,Ab2,,,,,,,,n22_5Ab2t_6,222,,gutim,22,
22,97.9483,0.0664,144,58,14,223,,Bb3,,,,,,,,n22_5Bb3t_9,223,,gutim,22,
22,97.9845,0.1392,144,72,14,224,,C5,,,,,,,,n22_1C5s_3,224,,gutim,22,
22,98.0313,0.0664,144,52,14,225,,E3,,,,,,,,n22_5E3t_6,225,,gutim,22,
,,,,,,,,,,,,,,,,,,23,,,
23,98.131,0.0664,144,58,14,226,,Bb3,,,,,,,,n23_5Bb3t_0,226,,gutim,23,
23,98.214,0.0664,144,52,14,227,,E3,,,,,,,,n23_5E3t_0,227,,gutim,23,
23,98.2813,0.1429,144,85,14,228,,Db6,,,,,,,,n23_1Db6s_0,228,,gutim,23,
23,98.297,0.0664,144,44,14,229,,Ab2,,,,,,,,n23_5Ab2t_0,229,,gutim,23,
23,98.38,0.0664,144,58,14,230,,Bb3,,,,,,,,n23_5Bb3t_1,230,,gutim,23,
23,98.4317,0.1429,144,72,14,231,,C5,,,,,,,,n23_1C5s_0,231,,gutim,23,
23,98.463,0.1336,144,52,14,232,,E3,,,,,,,,n23_5E3s,232,,gutim,23,
23,98.5821,0.1429,144,85,14,233,,Db6,,,,,,,,n23_1Db6s_1,233,,gutim,23,
23,98.63,0.0664,144,44,14,234,,Ab2,,,,,,,,n23_5Ab2t_1,234,,gutim,23,
23,98.713,0.0664,144,58,14,235,,Bb3,,,,,,,,n23_5Bb3t_2,235,,gutim,23,
23,98.7325,0.141,144,72,14,236,,C5,,,,,,,,n23_1C5s_1,236,,gutim,23,
23,98.796,0.068,144,52,14,237,,E3,,,,,,,,n23_5E3t_1,237,,gutim,23,
23,100.381,0.0789,144,46,14,238,,Bb2,,,,,,,,n23_5Bb2t_0,238,,gutim,23,
23,100.464,0.0789,144,40,14,239,,E2,,,,,,,,n23_5E2t_0,239,,gutim,23,
23,100.547,0.0789,144,97,14,240,,Db7,,,,,,,,n23_5Db7t_0,240,,gutim,23,
23,100.63,0.0789,144,46,14,241,,Bb2,,,,,,,,n23_5Bb2t_1,241,,gutim,23,
23,100.713,0.0789,144,97,14,242,,Db7,,,,,,,,n23_5Db7t_1,242,,gutim,23,
23,100.796,0.0789,144,40,14,243,,E2,,,,,,,,n23_5E2t_1,243,,gutim,23,
23,100.879,0.0789,144,84,14,244,,C6,,,,,,,,n23_5C6t,244,,gutim,23,
23,100.962,0.1586,144,32,14,245,,Ab1,,,,,,,,n23_5Ab1s,245,,gutim,23,
23,101.129,0.0664,144,46,14,246,,Bb2,,,,,,,,n23_5Bb2t_2,246,,gutim,23,
23,101.212,0.0664,144,40,14,247,,E2,,,,,,,,n23_5E2t_2,247,,gutim,23,
23,101.295,0.0664,144,32,14,248,,Ab1,,,,,,,,n23_5Ab1t_0,248,,gutim,23,
23,101.378,0.0664,144,46,14,249,,Bb2,,,,,,,,n23_5Bb2t_3,249,,gutim,23,
23,101.461,0.1336,144,40,14,250,,E2,,,,,,,,n23_5E2s_0,250,,gutim,23,
23,101.628,0.0664,144,32,14,251,,Ab1,,,,,,,,n23_5Ab1t_1,251,,gutim,23,
23,101.711,0.0664,144,46,14,252,,Bb2,,,,,,,,n23_5Bb2t_4,252,,gutim,23,
23,101.794,0.0664,144,40,14,253,,E2,,,,,,,,n23_5E2t_3,253,,gutim,23,
23,101.877,0.0664,144,46,14,254,,Bb2,,,,,,,,n23_5Bb2t_5,254,,gutim,23,
23,101.9601,0.0664,144,40,14,255,,E2,,,,,,,,n23_5E2t_4,255,,gutim,23,
23,102.0313,0.1429,144,97,14,256,,Db7,,,,,,,,n23_1Db7s_0,256,,gutim,23,
23,102.0431,0.0664,144,32,14,257,,Ab1,,,,,,,,n23_5Ab1t_2,257,,gutim,23,
23,102.1261,0.0664,144,46,14,258,,Bb2,,,,,,,,n23_5Bb2t_6,258,,gutim,23,
23,102.1817,0.1429,144,84,14,259,,C6,,,,,,,,n23_1C6s_0,259,,gutim,23,
23,102.2091,0.1336,144,40,14,260,,E2,,,,,,,,n23_5E2s_1,260,,gutim,23,
23,102.3321,0.1429,144,97,14,261,,Db7,,,,,,,,n23_1Db7s_1,261,,gutim,23,
23,102.3761,0.0664,144,32,14,262,,Ab1,,,,,,,,n23_5Ab1t_3,262,,gutim,23,
23,102.4591,0.0664,144,46,14,263,,Bb2,,,,,,,,n23_5Bb2t_7,263,,gutim,23,
23,102.4825,0.1429,144,84,14,264,,C6,,,,,,,,n23_1C6s_1,264,,gutim,23,
23,102.5421,0.0664,144,40,14,265,,E2,,,,,,,,n23_5E2t_5,265,,gutim,23,
23,102.6251,0.0664,144,46,14,266,,Bb2,,,,,,,,n23_5Bb2t_8,266,,gutim,23,
23,102.7081,0.0664,144,40,14,267,,E2,,,,,,,,n23_5E2t_6,267,,gutim,23,
23,102.7833,0.1429,144,97,14,268,,Db7,,,,,,,,n23_1Db7s_2,268,,gutim,23,
23,102.7911,0.0664,144,32,14,269,,Ab1,,,,,,,,n23_5Ab1t_4,269,,gutim,23,
23,102.8741,0.0664,144,46,14,270,,Bb2,,,,,,,,n23_5Bb2t_9,270,,gutim,23,
23,102.9337,0.1429,144,84,14,271,,C6,,,,,,,,n23_1C6s_2,271,,gutim,23,
23,102.9571,0.1336,144,40,14,272,,E2,,,,,,,,n23_5E2s_2,272,,gutim,23,
23,103.0841,0.1429,144,97,14,273,,Db7,,,,,,,,n23_1Db7s_3,273,,gutim,23,
23,103.1241,0.0664,144,32,14,274,,Ab1,,,,,,,,n23_5Ab1t_5,274,,gutim,23,
23,103.2071,0.0664,144,46,14,275,,Bb2,,,,,,,,n23_5Bb2t_10,275,,gutim,23,
23,103.2345,0.1392,144,84,14,276,,C6,,,,,,,,n23_1C6s_3,276,,gutim,23,
23,103.2901,0.0664,144,40,14,277,,E2,,,,,,,,n23_5E2t_7,277,,gutim,23,
,,,,,,,,,,,,,,,,,,24,,,
24,104.131,0.0712,144,77,14,278,,F5,g,,,,,,,ng24_1F5e,278,,gutim,24,
24,104.206,0.2848,144,57,14,279,,A3,,,,,,,,n24_1A3e_0,279,,gutim,24,
24,104.206,2.4,144,36,14,279,,C2,,,,,,,,n24_5C2w,279,,gutim,24,
24,104.206,0.2398,144,64,14,279,,E4,,,,,,,,n24_6E4e_0,279,,gutim,24,
24,104.5058,0.3602,144,57,14,280,,A3,,,,,,,,n24_1A3e_1,280,,gutim,24,
24,104.5058,0.3602,144,77,14,280,,F5,,,,,,,,n24_1F5e_0,280,,gutim,24,
24,104.5058,0.3602,144,64,14,280,,E4,,,,,,,,n24_6E4e_1,280,,gutim,24,
24,104.5058,0.3602,144,70,14,280,,Bb4,,,,,,,,n24_6Bb4e_0,280,,gutim,24,
24,104.956,0.6,144,57,14,281,,A3,,,,,,,,n24_1A3e_2,281,,gutim,24,
24,104.956,0.6,144,77,14,281,,F5,,,,,,,,n24_1F5e_1,281,,gutim,24,
24,104.956,0.7203,144,64,14,281,,E4,,,,,,,,n24_6E4e_2,281,,gutim,24,
24,104.956,0.7203,144,70,14,281,,Bb4,,,,,,,,n24_6Bb4e_1,281,,gutim,24,
24,105.706,0.475,144,100,14,282,,E7,,,,,,,,n24_1E7q,282,,gutim,24,
24,105.8563,0.4797,144,57,14,283,,A3,,,,,,,,n24_6A3q,283,,gutim,24,
24,105.8563,0.4797,144,64,14,283,,E4,,,,,,,,n24_6E4q,283,,gutim,24,
24,105.8563,0.4797,144,70,14,283,,Bb4,,,,,,,,n24_6Bb4q,283,,gutim,24,
24,105.8563,0.4797,144,77,14,283,,F5,,,,,,,,n24_6F5q,283,,gutim,24,
24,106.206,0.7125,144,92,14,284,,G#6,,,,,,,,n24_1Gs6q,284,,gutim,24,
24,106.956,0.2375,144,66,14,285,,F#4,,,,,,,,n24_1Fs4e,285,,gutim,24,
24,106.956,0.2375,144,92,14,285,,G#6,,,,,,,,n24_1Gs6e,285,,gutim,24,
24,106.956,0.2375,144,100,14,285,,E7,,,,,,,,n24_1E7e,285,,gutim,24,
24,107.206,0.0789,144,37,14,286,,C#2,,,,,,,,n24_5Cs2t_0,286,,gutim,24,
24,107.289,0.0789,144,35,14,287,,B1,,,,,,,,n24_5B1t_0,287,,gutim,24,
24,107.372,0.0789,144,37,14,288,,C#2,,,,,,,,n24_5Cs2t_1,288,,gutim,24,
24,107.455,0.0789,144,35,14,289,,B1,,,,,,,,n24_5B1t_1,289,,gutim,24,
24,107.538,0.0789,144,37,14,290,,C#2,,,,,,,,n24_5Cs2t_2,290,,gutim,24,
24,107.621,0.0789,144,35,14,291,,B1,,,,,,,,n24_5B1t_2,291,,gutim,24,
24,107.704,0.0789,144,37,14,292,,C#2,,,,,,,,n24_5Cs2t_3,292,,gutim,24,
24,107.787,0.0789,144,35,14,293,,B1,,,,,,,,n24_5B1t_3,293,,gutim,24,
24,107.87,0.0789,144,37,14,294,,C#2,,,,,,,,n24_5Cs2t_4,294,,gutim,24,
24,107.953,0.0789,144,35,14,295,,B1,,,,,,,,n24_5B1t_4,295,,gutim,24,
24,108.036,0.0789,144,37,14,296,,C#2,,,,,,,,n24_5Cs2t_5,296,,gutim,24,
24,108.119,0.0789,144,35,14,297,,B1,,,,,,,,n24_5B1t_5,297,,gutim,24,
24,108.202,0.1586,144,57,14,298,,A3,,,,,,,,n24_5A3s,298,,gutim,24,
24,108.369,0.1586,144,37,14,299,,C#2,,,,,,,,n24_5Cs2s,299,,gutim,24,
24,108.536,0.1614,144,35,14,300,,B1,,,,,,,,n24_5B1s,300,,gutim,24,
,,,,,,,7018,,,,,,,,,,,,gutim,,
,,,,,,,,,,,,,,,,,,30,,,
30,139.3282,0.3333,144,40,11,301,,E2,,,,,,,,n30_1E2q,301,,gutim,30,
30,139.3282,2.0,144,78,11,301,,F#5,,,,,,,,n30_2Fs5w,301,,gutim,30,
30,139.3282,2.0,144,84,22,301,,C6,,,,,,,,n30_2C6w,301,,gutim,30,
30,139.3282,0.3125,144,31,14,301,,G1,,,,,,,,n30_5G1q,301,,gutim,30,
30,139.3282,1.75,144,37,14,301,,C#2,,,,,,,,n30_6Cs2h,301,,gutim,30,
30,139.7449,0.3333,144,90,11,302,,F#6,,,,,,,,n30_1Fs6q,302,,gutim,30,
30,140.1616,0.0833,144,81,8,303,,A5,,,,,,,,n30_1A5s,303,,gutim,30,
30,140.2657,0.0833,144,102,8,304,,F#7,,,,,,,,n30_1Fs7s,304,,gutim,30,
30,140.3699,0.1667,144,56,11,305,,G#3,,,,,,,,n30_1Gs3e,305,,gutim,30,
30,140.5782,0.6667,144,69,20,306,,A4,,,,,,,,n30_1A4h_0,306,,gutim,30,
30,141.4116,0.6667,144,60,17,307,,C4,,,,,,,,n30_1C4h,307,,gutim,30,
30,141.5157,1.75,144,35,11,308,,B1,,,,,,,,n30_6B1e,308,,gutim,30,
30,141.8282,1.0,144,81,5,309,,A5,,,,,,,,n30_2A5h,309,,gutim,30,
30,141.8282,1.0,144,87,5,309,,D#6,,,,,,,,n30_2Ds6h,309,,gutim,30,
30,141.8282,1.0,144,97,22,309,,C#7,,,,,,,,n30_2Cs7h,309,,gutim,30,
30,142.2449,0.6667,144,40,13,310,,E2,,,,,,,,n30_1E2h,310,,gutim,30,
30,143.0782,0.1667,144,44,11,311,,G#2,,,,,,,,n30_2Gs2e,311,,gutim,30,
30,143.2866,0.3333,144,90,12,312,,F#6,,,,,,,,n30_2Fs6q,312,,gutim,30,
30,143.7032,3.0879,144,69,22,313,,A4,,,,,,,,n30_1A4h_1,313,,gutim,30,
30,143.7032,0.3381,144,60,22,313,,C4,,,,,,,,n30_2C4q,313,,gutim,30,
30,143.7032,3.0879,144,56,5,313,,G#3,,,,,,,,n30_5Gs3h,313,,gutim,30,
30,144.1258,0.3479,144,69,20,314,,A4,,,,,,,,n30_2A4q,314,,gutim,30,
30,144.5606,0.0886,144,52,17,315,,E3,,,,,,,,n30_2E3s,315,,gutim,30,
30,144.6713,0.1791,144,78,17,316,,F#5,,,,,,,,n30_2Fs5e,316,,gutim,30,
30,144.8952,0.3664,144,32,17,317,,G#1,,,,,,,,n30_2Gs1s,317,,gutim,30,
30,145.3532,0.2824,144,62,5,318,,D4,,,,,,,,n30_2D4e,318,,gutim,30,
30,145.3532,0.5715,144,48,8,318,,C3,,,,,,,,n30_5C3e,318,,gutim,30,
,,,,,,,,,,,,,,,,,,31,,,
31,145.7062,5.9855,144,34,7,319,,Bb1,,,,,,,,n31_6Bb1w_0,319,,gutim,31,
31,146.0677,1.1963,144,40,5,320,,E2,,,,,,,,n31_5E2e,320,,gutim,31,
31,147.5631,3.3,144,69,8,321,,A4,,,,,,,,n31_1A4q,321,,gutim,31,
31,147.5631,3.3,144,84,8,321,,C6,,,,,,,,n31_1C6q,321,,gutim,31,
31,150.1881,1.2,144,44,14,322,,Ab2,,,,,,,,n31_2Ab2h,322,,gutim,31,
31,150.1881,0.9,144,25,5,322,,Db1,,,,,,,,n31_5Db1q,322,,gutim,31,
31,151.3131,0.1,144,46,5,323,,Bb2,,,,,,,,n31_5Bb2s,323,,gutim,31,
31,151.4381,0.1,144,37,6,324,,Db2,,,,,,,,n31_5Db2s,324,,gutim,31,
31,151.5631,1.3,144,88,8,325,,E6,,,,,,,,n31_5E6s,325,,gutim,31,
31,151.6131,0.0712,144,52,17,326,,E3,g,,,,,,,ng31_1E3e,326,,gutim,31,
31,151.6881,0.95,144,58,17,327,,Bb3,,,,,,,,n31_1Bb3h,327,,gutim,31,
31,152.6881,1.0,144,46,14,328,,Bb2,,,,,,,,n31_1Bb2q,328,,gutim,31,
,,,,,,,,,,,,,,,,,,32,,,
32,153.1881,1.425,144,54,11,329,,Gb3,,,,,,,,n32_6Gb3h,329,,gutim,32,
32,153.9381,2.7,144,56,8,330,,Ab3,,,,,,,,n32_1Ab3w,330,,gutim,32,
32,153.9381,1.2,144,30,11,330,,Gb1,,,,,,,,n32_5Gb1h,330,,gutim,32,
32,154.6881,1.2,144,24,11,331,,C1,,,,,,,,n32_6C1h,331,,gutim,32,
32,155.4381,0.6,144,43,5,332,,G2,,,,,,,,n32_5G2q,332,,gutim,32,
32,156.5631,0.6,144,66,8,333,,F#4,,,,,,,,n32_2Fs4e_0,333,,gutim,32,
32,156.5631,0.3,144,75,8,333,,D#5,,,,,,,,n32_2Ds5e,333,,gutim,32,
32,156.5631,0.3,144,97,8,333,,C#7,,,,,,,,n32_2Cs7e,333,,gutim,32,
32,156.9381,0.3,144,30,8,334,,Gb1,,,,,,,,n32_6Gb1e,334,,gutim,32,
32,157.3131,0.3,144,72,5,335,,C5,,,,,,,,n32_1C5e,335,,gutim,32,
32,157.3131,0.9,144,56,11,335,,G#3,,,,,,,,n32_2Gs3e,335,,gutim,32,
32,157.8756,0.45,144,34,11,336,,Bb1,,,,,,,,n32_6Bb1e,336,,gutim,32,
32,158.4381,1.425,144,64,17,337,,E4,,,,,,,,n32_1E4h,337,,gutim,32,
32,158.4381,0.9,144,47,11,337,,B2,,,,,,,,n32_6B2q,337,,gutim,32,
32,159.4381,0.4,144,50,11,338,,D3,,,,,,,,n32_5D3q,338,,gutim,32,
32,159.5631,0.9,144,38,11,339,,D2,,,,,,,,n32_6D2q,339,,gutim,32,
32,159.9381,0.7125,144,86,11,340,,D6,,,,,,,,n32_1D6q,340,,gutim,32,
32,160.2381,0.06,144,76,14,341,,E5,g,,,,,,,ng32_5E5e,341,,gutim,32,
32,160.3131,0.06,144,37,6,342,,Db2,g,,,,,,,ng32_5Db2e,342,,gutim,32,
32,160.3881,0.06,144,56,8,343,,Ab3,g,,,,,,,ng32_5Ab3e,343,,gutim,32,
32,160.4631,0.06,144,46,10,344,,Bb2,g,,,,,,,ng32_5Bb2e,344,,gutim,32,
32,160.5381,0.06,144,72,11,345,,C5,g,,,,,,,ng32_5C5e,345,,gutim,32,
32,160.6131,0.06,144,25,8,346,,Db1,g,,,,,,,ng32_5Db1e,346,,gutim,32,
,,,,,,,7019,,,,,,,,,,,,gutim,,
,,,,,,,,,,,,,,,,,,33,,,
33,160.6881,1.7143,144,88,11,347,,E6,,,,,,,,n33_1E6q,347,,gutim,33,
33,160.6881,0.8571,144,54,11,347,,F#3,,,,,,,,n33_2Fs3h,347,,gutim,33,
33,160.6881,1.7143,144,56,5,347,,G#3,,,,,,,,n33_5Gs3w,347,,gutim,33,
33,160.6881,0.9643,144,48,5,347,,C3,,,,,,,,n33_6C3h,347,,gutim,33,
33,161.2238,1.2857,144,84,11,348,,C6,,,,,,,,n33_1C6h,348,,gutim,33,
33,161.7595,0.8571,144,63,8,349,,D#4,,,,,,,,n33_2Ds4h,349,,gutim,33,
33,162.8309,0.2679,144,24,5,350,,C1,,,,,,,,n33_6C1q,350,,gutim,33,
33,163.3666,2.1429,144,34,5,351,,Bb1,,,,,,,,n33_6Bb1q,351,,gutim,33,
33,163.9023,1.7143,144,66,5,352,,F#4,,,,,,,,n33_2Fs4w,352,,gutim,33,
33,163.9023,0.5089,144,44,5,352,,Ab2,,,,,,,,n33_5Ab2q,352,,gutim,33,
33,164.4381,0.2545,144,60,7,353,,C4,,,,,,,,n33_5C4e,353,,gutim,33,
33,164.8845,0.0714,144,46,5,354,,Bb2,,,,,,,,n33_5Bb2s,354,,gutim,33,
33,164.9738,0.8571,144,90,5,355,,F#6,,,,,,,,n33_1Fs6q_0,355,,gutim,33,
33,164.9738,0.0714,144,30,5,355,,Gb1,,,,,,,,n33_5Gb1s,355,,gutim,33,
33,165.0631,0.0714,144,55,5,356,,G3,,,,,,,,n33_5G3s,356,,gutim,33,
33,165.1523,0.0714,144,98,5,357,,D7,,,,,,,,n33_5D7s,357,,gutim,33,
33,165.2416,0.4286,144,46,5,358,,Bb2,,,,,,,,n33_5Bb2e_0,358,,gutim,33,
33,165.5095,0.4286,144,64,5,359,,E4,,,,,,,,n33_1E4q,359,,gutim,33,
33,165.7773,0.2143,144,76,5,360,,E5,,,,,,,,n33_5E5e,360,,gutim,33,
33,165.9559,0.1792,144,66,11,361,,F#4,,,,,,,,n33_5Fs4s,361,,gutim,33,
,,,,,,,,,,,,,,,,,,34,,,
34,166.0452,0.0674,144,69,5,362,,A4,,,,,,,,n34_1A4s,362,,gutim,34,
34,166.0452,0.4391,144,42,5,362,,F#2,,,,,,,,n34_6Fs2q,362,,gutim,34,
34,166.3163,0.2222,144,98,5,363,,D7,,,,,,,,n34_1D7e,363,,gutim,34,
34,166.5941,0.2279,144,55,5,364,,G3,,,,,,,,n34_6G3e,364,,gutim,34,
34,167.1711,0.24,144,46,5,365,,Bb2,,,,,,,,n34_2Bb2e,365,,gutim,34,
34,167.1711,4.5275,144,38,5,365,,D2,,,,,,,,n34_5D2h,365,,gutim,34,
34,167.1711,0.24,144,40,5,365,,E2,,,,,,,,n34_6E2e,365,,gutim,34,
34,167.4712,0.2466,144,86,6,366,,D6,,,,,,,,n34_2D6e,366,,gutim,34,
34,167.4712,0.2466,144,32,6,366,,Ab1,,,,,,,,n34_6Ab1e,366,,gutim,34,
34,168.8725,0.1856,144,62,11,367,,D4,,,,,,,,n34_1D4e_0,367,,gutim,34,
34,169.1045,0.1895,144,36,12,368,,C2,,,,,,,,n34_1C2e,368,,gutim,34,
34,169.3413,0.2298,144,75,11,369,,Eb5,,,,,,,,n34_1Eb5e,369,,gutim,34,
34,169.5832,0.2349,144,62,11,370,,D4,,,,,,,,n34_1D4e_1,370,,gutim,34,
34,169.8305,1.2,144,68,5,371,,G#4,,,,,,,,n34_1Gs4h,371,,gutim,34,
34,169.8305,2.4,144,46,11,371,,Bb2,,,,,,,,n34_6Bb2h_0,371,,gutim,34,
34,171.3305,0.75,144,44,5,372,,G#2,,,,,,,,n34_2Gs2q,372,,gutim,34,
34,171.3305,1.2,144,47,5,372,,Cb3,,,,,,,,n34_6Cb3h,372,,gutim,34,
34,171.3305,1.2,144,54,5,372,,F#3,,,,,,,,n34_6Fs3h,372,,gutim,34,
34,172.0805,0.6,144,69,5,373,,A4,,,,,,,,n34_1A4q,373,,gutim,34,
34,172.268,0.75,144,90,6,374,,F#6,,,,,,,,n34_2Fs6e,374,,gutim,34,
,,,,,,,7024,,,,,,,,,,,,gutim,,
,,,,,,,,,,,,,,,,,,39,,,
39,192.8305,0.8,144,52,14,375,,E3,,,,,,,,n39_2E3h,375,,gutim,39,
39,192.8305,0.2,144,53,14,375,,F3,,,,,,,,n39_6F3e,375,,gutim,39,
39,193.3305,0.1187,144,49,17,376,,C#3,,,,,,,,n39_6Cs3s,376,,gutim,39,
39,193.4555,0.1187,144,62,14,377,,D4,,,,,,,,n39_6D4s,377,,gutim,39,
39,193.5805,0.1187,144,53,14,378,,F3,,,,,,,,n39_6F3s,378,,gutim,39,
39,193.7055,0.0594,144,81,14,379,,A5,,,,,,,,n39_6A5t,379,,gutim,39,
,,,,,,,7025,,,,,,,,,,,,gutim,,
39,193.768,0.0594,144,23,14,380,,B0,,,,,,,,n39_6B0t,380,,gutim,39,
39,193.8305,0.1586,144,93,8,381,,A6,,,,,,,,n39_5A6s,381,,gutim,39,
39,193.9946,0.0789,144,85,7,382,,C#6,,,,,,,,n39_5Cs6t_0,382,,gutim,39,
39,194.0776,0.0789,144,86,7,383,,D6,,,,,,,,n39_5D6t_0,383,,gutim,39,
39,194.1606,0.0789,144,83,7,384,,B5,,,,,,,,n39_5B5t_0,384,,gutim,39,
39,194.2436,0.0789,144,86,6,385,,D6,,,,,,,,n39_5D6t_1,385,,gutim,39,
39,194.3266,0.0789,144,83,6,386,,B5,,,,,,,,n39_5B5t_1,386,,gutim,39,
39,194.4096,0.0789,144,86,5,387,,D6,,,,,,,,n39_5D6t_2,387,,gutim,39,
39,194.4926,0.0789,144,101,5,388,,F7,,,,,,,,n39_5F7t,388,,gutim,39,
39,194.5805,0.2848,144,69,14,389,,A4,,,,,,,,n39_1A4e,389,,gutim,39,
39,194.5805,0.2398,144,75,14,389,,Eb5,,,,,,,,n39_1Eb5e,389,,gutim,39,
39,194.8295,0.0789,144,85,5,390,,C#6,,,,,,,,n39_5Cs6t_1,390,,gutim,39,
39,194.8803,0.1429,144,101,5,391,,F7,,,,,,,,n39_1F7s_0,391,,gutim,39,
39,194.9125,0.0789,144,86,5,392,,D6,,,,,,,,n39_5D6t_3,392,,gutim,39,
39,194.9956,0.0789,144,83,5,393,,B5,,,,,,,,n39_5B5t_2,393,,gutim,39,
39,195.0307,0.1429,144,93,5,394,,A6,,,,,,,,n39_1A6s,394,,gutim,39,
39,195.0786,0.0789,144,85,5,395,,C#6,,,,,,,,n39_5Cs6t_2,395,,gutim,39,
39,195.1616,0.0789,144,83,5,396,,B5,,,,,,,,n39_5B5t_3,396,,gutim,39,
39,195.1811,0.1419,144,101,5,397,,F7,,,,,,,,n39_1F7s_1,397,,gutim,39,
39,195.2446,0.0816,144,86,5,398,,D6,,,,,,,,n39_5D6t_4,398,,gutim,39,
,,,,,,,,,,,,,,,,,,40,,,
40,195.3305,0.6,144,51,14,399,,Eb3,,,,,,,,n40_2Eb3q,399,,gutim,40,
40,195.3305,0.6,144,55,14,399,,G3,,,,,,,,n40_2G3q,399,,gutim,40,
40,195.3305,0.6,144,62,14,399,,D4,,,,,,,,n40_2D4q,399,,gutim,40,
40,195.3305,0.6,144,76,14,399,,E5,,,,,,,,n40_2E5q,399,,gutim,40,
40,195.3305,0.0789,144,85,5,399,,C#6,,,,,,,,n40_5Cs6t_0,399,,gutim,40,
40,195.4135,0.0789,144,86,5,400,,D6,,,,,,,,n40_5D6t_0,400,,gutim,40,
40,195.4799,0.1429,144,93,5,401,,A6,,,,,,,,n40_1A6s_0,401,,gutim,40,
40,195.4965,0.0789,144,83,5,402,,B5,,,,,,,,n40_5B5t_0,402,,gutim,40,
40,195.5795,0.0789,144,85,5,403,,C#6,,,,,,,,n40_5Cs6t_1,403,,gutim,40,
40,195.6303,0.1429,144,101,5,404,,F7,,,,,,,,n40_1F7s_0,404,,gutim,40,
40,195.6625,0.0789,144,83,5,405,,B5,,,,,,,,n40_5B5t_1,405,,gutim,40,
40,195.7456,0.0789,144,86,5,406,,D6,,,,,,,,n40_5D6t_1,406,,gutim,40,
40,195.7807,0.1429,144,93,5,407,,A6,,,,,,,,n40_1A6s_1,407,,gutim,40,
40,195.8286,0.0789,144,85,14,408,,C#6,,,,,,,,n40_5Cs6t_2,408,,gutim,40,
40,195.9116,0.0789,144,83,14,409,,B5,,,,,,,,n40_5B5t_2,409,,gutim,40,
40,195.9311,0.1419,144,101,14,410,,F7,,,,,,,,n40_1F7s_1,410,,gutim,40,
40,195.9946,0.0816,144,86,14,411,,D6,,,,,,,,n40_5D6t_2,411,,gutim,40,
,,,,,,,7026,,,,,,,,,,,,gutim,,
40,196.0805,0.6,144,66,8,412,,F#4,,,,,,,,n40_1Fs4q,412,,gutim,40,
40,196.0805,0.6,144,92,8,412,,G#6,,,,,,,,n40_1Gs6q,412,,gutim,40,
40,196.0805,0.6,144,101,8,412,,F7,,,,,,,,n40_1F7q,412,,gutim,40,
40,196.0805,0.6,144,64,14,412,,E4,,,,,,,,n40_5E4q,412,,gutim,40,
40,196.0805,0.6,144,70,14,412,,Bb4,,,,,,,,n40_5Bb4q,412,,gutim,40,
40,196.268,0.1067,144,93,8,413,,A6,,,,,,,,n40_2A6t,413,,gutim,40,
40,196.3803,0.0714,144,85,8,414,,C#6,,,,,,,,n40_2Cs6t,414,,gutim,40,
40,196.4555,0.0714,144,86,8,415,,D6,,,,,,,,n40_2D6t_0,415,,gutim,40,
40,196.5307,0.1067,144,83,8,416,,B5,,,,,,,,n40_2B5t,416,,gutim,40,
40,196.643,0.1067,144,86,8,417,,D6,,,,,,,,n40_2D6t_1,417,,gutim,40,
40,196.7553,0.0714,144,101,8,418,,F7,,,,,,,,n40_2F7t,418,,gutim,40,
40,196.8305,0.1067,144,73,8,419,,C#5,,,,,,,,n40_1Cs5t_0,419,,gutim,40,
40,196.8305,0.7125,144,69,14,419,,A4,,,,,,,,n40_5A4q,419,,gutim,40,
40,196.8305,0.6,144,75,14,419,,Eb5,,,,,,,,n40_5Eb5q,419,,gutim,40,
40,196.9418,0.1067,144,71,8,420,,B4,,,,,,,,n40_1B4t_0,420,,gutim,40,
40,197.0541,0.1067,144,86,8,421,,D6,,,,,,,,n40_1D6t,421,,gutim,40,
40,197.1664,0.0714,144,101,9,422,,F7,,,,,,,,n40_1F7t_0,422,,gutim,40,
40,197.2416,0.1067,144,93,9,423,,A6,,,,,,,,n40_1A6t,423,,gutim,40,
40,197.3539,0.1067,144,73,9,424,,C#5,,,,,,,,n40_1Cs5t_1,424,,gutim,40,
40,197.4663,0.0714,144,71,9,425,,B4,,,,,,,,n40_1B4t_1,425,,gutim,40,
40,197.5414,0.1067,144,81,10,426,,A5,,,,,,,,n40_1A5x,426,,gutim,40,
40,197.6538,0.1067,144,61,10,427,,C#4,,,,,,,,n40_1Cs4t,427,,gutim,40,
40,197.7661,0.1067,144,59,10,428,,B3,,,,,,,,n40_1B3t_0,428,,gutim,40,
40,197.8784,0.0714,144,74,10,429,,D5,,,,,,,,n40_1D5t_0,429,,gutim,40,
40,197.9536,0.1067,144,59,10,430,,B3,,,,,,,,n40_1B3t_1,430,,gutim,40,
40,198.0659,0.1067,144,74,11,431,,D5,,,,,,,,n40_1D5t_1,431,,gutim,40,
40,198.1782,0.0714,144,101,11,432,,F7,,,,,,,,n40_1F7t_1,432,,gutim,40,
40,198.2534,0.1429,144,69,11,433,,A4,,,,,,,,n40_1A4t_0,433,,gutim,40,
40,198.4038,0.1067,144,49,8,434,,C#3,,,,,,,,n40_1Cs3t,434,,gutim,40,
40,198.5161,0.1067,144,62,8,435,,D4,,,,,,,,n40_1D4t,435,,gutim,40,
40,198.6284,0.1429,144,47,8,436,,B2,,,,,,,,n40_1B2s,436,,gutim,40,
40,198.7788,0.1429,144,62,8,437,,D4,,,,,,,,n40_1D4s,437,,gutim,40,
40,198.9291,0.1429,144,89,8,438,,F6,,,,,,,,n40_1F6s,438,,gutim,40,
40,199.0795,0.1187,144,69,14,439,,A4,,,,,,,,n40_1A4s,439,,gutim,40,
40,199.0795,0.1187,144,75,14,439,,Eb5,,,,,,,,n40_1Eb5s,439,,gutim,40,
40,199.2045,0.1187,144,54,14,440,,Gb3,,,,,,,,n40_1Gb3s,440,,gutim,40,
40,199.3295,0.1187,144,77,14,441,,F5,,,,,,,,n40_1F5s,441,,gutim,40,
40,199.4545,0.2375,144,61,14,442,,Db4,,,,,,,,n40_1Db4e,442,,gutim,40,
40,199.7045,0.0594,144,69,17,443,,A4,,,,,,,,n40_1A4t_2,443,,gutim,40,
40,199.7045,0.0594,144,75,17,443,,Eb5,,,,,,,,n40_1Eb5t,443,,gutim,40,
40,199.7045,0.0594,144,77,17,443,,F5,,,,,,,,n40_1F5t,443,,gutim,40,
40,199.767,0.0603,144,54,18,444,,Gb3,,,,,,,,n40_1Gb3t,444,,gutim,40,
,,,,,,,,,,,,,,,,,,41,,,
41,199.8305,0.0594,144,69,19,445,,A4,,,,,,,,n41_1A4t_0,445,,gutim,41,
41,199.8305,0.0594,144,75,19,445,,Eb5,,,,,,,,n41_1Eb5t_0,445,,gutim,41,
41,199.8305,0.0594,144,77,19,445,,F5,,,,,,,,n41_1F5t_0,445,,gutim,41,
41,199.893,0.0594,144,61,19,446,,Db4,,,,,,,,n41_1Db4t_0,446,,gutim,41,
41,199.9555,0.0891,144,69,20,447,,A4,,,,,,,,n41_1A4t_1,447,,gutim,41,
41,199.9555,0.0891,144,75,20,447,,Eb5,,,,,,,,n41_1Eb5t_1,447,,gutim,41,
41,199.9555,0.0891,144,77,20,447,,F5,,,,,,,,n41_1F5t_1,447,,gutim,41,
41,200.0493,0.0891,144,61,20,448,,Db4,,,,,,,,n41_1Db4t_1,448,,gutim,41,
41,200.143,0.0594,144,54,20,449,,Gb3,,,,,,,,n41_1Gb3t,449,,gutim,41,
41,200.5805,0.6,144,64,14,450,,E4,,,,,,,,n41_5E4q,450,,gutim,41,
41,200.5805,0.6,144,70,14,450,,Bb4,,,,,,,,n41_5Bb4q,450,,gutim,41,
41,200.5805,0.6,144,84,14,450,,C6,,,,,,,,n41_5C6q,450,,gutim,41,
41,201.518,0.075,144,75,14,451,,Eb5,,,,,,,,n41_1Eb5t_2,451,,gutim,41,
41,201.6118,0.075,144,57,14,452,,A3,,,,,,,,n41_1A3t_0,452,,gutim,41,
41,201.7055,0.05,144,42,14,453,,Gb2,,,,,,,,n41_1Gb2t_0,453,,gutim,41,
41,201.768,0.05,144,57,14,454,,A3,,,,,,,,n41_1A3t_1,454,,gutim,41,
41,201.768,0.05,144,75,14,454,,Eb5,,,,,,,,n41_1Eb5t_3,454,,gutim,41,
41,201.768,0.05,144,77,14,454,,F5,,,,,,,,n41_1F5t_2,454,,gutim,41,
41,201.8305,0.05,144,42,14,455,,Gb2,,,,,,,,n41_1Gb2t_1,455,,gutim,41,
41,201.893,0.075,144,49,14,456,,Db3,,,,,,,,n41_1Db3t,456,,gutim,41,
41,201.9868,0.075,144,42,14,457,,Gb2,,,,,,,,n41_1Gb2t_2,457,,gutim,41,
41,202.0805,0.2,144,64,14,458,,E4,,,,,,,,n41_1E4e,458,,gutim,41,
41,202.0805,0.2,144,70,14,458,,Bb4,,,,,,,,n41_1Bb4e,458,,gutim,41,
41,202.0805,0.2,144,84,14,458,,C6,,,,,,,,n41_1C6e,458,,gutim,41,
41,202.3305,0.3,144,56,14,459,,G#3,,,,,,,,n41_1Gs3e,459,,gutim,41,
41,202.7055,1.9,144,64,14,460,,E4,,,,,,,,n41_1E4s,460,,gutim,41,
41,202.7055,1.9,144,70,14,460,,Bb4,,,,,,,,n41_1Bb4s,460,,gutim,41,
41,202.7055,1.9,144,84,14,460,,C6,,,,,,,,n41_1C6s,460,,gutim,41,
41,202.7055,1.9,144,97,14,460,,Db7,,,,,,,,n41_1Db7s,460,,gutim,41,
41,203.018,0.1067,144,69,14,461,,A4,,,,,,,,n41_5A4t_0,461,,gutim,41,
41,203.1303,0.0714,144,49,14,462,,C#3,,,,,,,,n41_5Cs3t,462,,gutim,41,
41,203.2055,0.0714,144,50,14,463,,D3,,,,,,,,n41_5D3t_0,463,,gutim,41,
41,203.2807,0.1067,144,47,14,464,,B2,,,,,,,,n41_5B2t,464,,gutim,41,
41,203.393,0.1067,144,50,14,465,,D3,,,,,,,,n41_5D3t_1,465,,gutim,41,
41,203.5053,0.0714,144,77,14,466,,F5,,,,,,,,n41_5F5t,466,,gutim,41,
41,203.5805,0.1067,144,37,14,467,,C#2,,,,,,,,n41_5Cs2t_0,467,,gutim,41,
41,203.5805,0.1067,144,69,14,467,,A4,,,,,,,,n41_5A4t_1,467,,gutim,41,
41,203.6928,0.1067,144,35,14,468,,B1,,,,,,,,n41_5B1t_0,468,,gutim,41,
41,203.8051,0.1067,144,50,14,469,,D3,,,,,,,,n41_5D3t_2,469,,gutim,41,
41,203.9174,0.0714,144,35,14,470,,B1,,,,,,,,n41_5B1t_1,470,,gutim,41,
41,203.9174,0.0714,144,37,14,470,,C#2,,,,,,,,n41_5Cs2t_1,470,,gutim,41,
41,203.9174,0.0714,144,65,14,470,,F4,,,,,,,,n41_5F4t,470,,gutim,41,
41,203.9926,0.1067,144,57,14,471,,A3,,,,,,,,n41_5A3t,471,,gutim,41,
41,204.1049,0.1067,144,37,14,472,,C#2,,,,,,,,n41_5Cs2t_2,472,,gutim,41,
41,204.2172,0.0714,144,35,14,473,,B1,,,,,,,,n41_5B1t_2,473,,gutim,41,
41,204.2924,0.1076,144,45,14,474,,A2,,,,,,,,n41_5A2x,474,,gutim,41,
,,,,,,,,,,,,,,,,,,42,,,
42,204.4057,0.1067,144,25,14,475,,C#1,,,,,,,,n42_5Cs1t_0,475,,gutim,42,
42,204.518,0.1067,144,23,14,476,,B0,,,,,,,,n42_5B0t_0,476,,gutim,42,
42,204.6303,0.0714,144,38,14,477,,D2,,,,,,,,n42_5D2t_0,477,,gutim,42,
42,204.7055,0.1067,144,23,14,478,,B0,,,,,,,,n42_5B0t_1,478,,gutim,42,
42,204.8178,0.1067,144,38,14,479,,D2,,,,,,,,n42_5D2t_1,479,,gutim,42,
42,204.9301,0.0714,144,53,14,480,,F3,,,,,,,,n42_5F3t,480,,gutim,42,
42,205.0053,0.1429,144,33,14,481,,A1,,,,,,,,n42_5A1t_0,481,,gutim,42,
42,205.1557,0.1067,144,25,14,482,,C#1,,,,,,,,n42_5Cs1t_1,482,,gutim,42,
42,205.268,0.1067,144,26,14,483,,D1,,,,,,,,n42_5D1t,483,,gutim,42,
42,205.3803,0.1429,144,23,14,484,,B0,,,,,,,,n42_5B0s_0,484,,gutim,42,
42,205.5307,0.1429,144,26,14,485,,D1,,,,,,,,n42_5D1s_0,485,,gutim,42,
42,205.6811,0.1429,144,41,14,486,,F2,,,,,,,,n42_5F2s_0,486,,gutim,42,
42,205.8315,0.2134,144,23,14,487,,B0,,,,,,,,n42_5B0s_1,487,,gutim,42,
42,205.8315,0.2134,144,25,14,487,,C#1,,,,,,,,n42_5Cs1s,487,,gutim,42,
42,205.8315,0.2134,144,33,14,487,,A1,,,,,,,,n42_5A1s,487,,gutim,42,
42,206.0561,0.1429,144,26,14,488,,D1,,,,,,,,n42_5D1s_1,488,,gutim,42,
42,206.2065,0.1429,144,41,14,489,,F2,,,,,,,,n42_5F2s_1,489,,gutim,42,
42,206.393,0.0891,144,34,14,490,,Bb1,,,,,,,,n42_1Bb1t_0,490,,gutim,42,
42,206.4868,0.0891,144,41,14,491,,F2,,,,,,,,n42_1F2t,491,,gutim,42,
42,206.5805,0.2672,144,61,14,492,,Db4,,,,,,,,n42_1Db4s,492,,gutim,42,
42,206.8618,0.0891,144,34,14,493,,Bb1,,,,,,,,n42_1Bb1t_1,493,,gutim,42,
42,206.8618,0.0891,144,53,14,493,,F3,,,,,,,,n42_1F3t,493,,gutim,42,
42,206.9555,0.0891,144,61,14,494,,Db4,,,,,,,,n42_1Db4t,494,,gutim,42,
42,207.0493,0.2672,144,34,14,495,,Bb1,,,,,,,,n42_1Bb1s,495,,gutim,42,
42,207.3305,2.4,144,73,14,496,,Db5,,,,,,,,n42_1Db5h,496,,gutim,42,
,,,,,,,7030,,,,,,,,,,,,gutim,,
,,,,,,,,,,,,,,,,,,51,,,
51,253.2851,2.7273,144,24,2,497,,C1,,,,,,,,n51_5C1h,497,,gutim,51,
51,253.4366,0.1212,144,64,8,498,,E4,,,,,,,,n51_1E4s,498,,gutim,51,
51,253.4366,0.1212,144,74,8,498,,D5,,,,,,,,n51_1D5s,498,,gutim,51,
51,253.4366,0.1212,144,42,8,498,,F#2,,,,,,,,n51_6Fs2s,498,,gutim,51,
51,253.4366,0.1212,144,46,8,498,,A#2,,,,,,,,n51_6As2s,498,,gutim,51,
51,253.4366,0.1212,144,55,8,498,,G3,,,,,,,,n51_6G3s,498,,gutim,51,
51,254.9532,0.06,144,58,14,499,,Bb3,g,,,,,,,ng51_1Bb3e,499,,gutim,51,
51,255.0282,0.06,144,74,14,500,,D5,g,,,,,,,ng51_1D5e,500,,gutim,51,
51,255.1032,0.1818,144,78,14,501,,F#5,,,,,,,,n51_1Fs5s,501,,gutim,51,
51,255.1032,0.7273,144,60,8,501,,C4,,,,,,,,n51_6C4q,501,,gutim,51,
51,255.1032,0.7273,144,68,8,501,,Ab4,,,,,,,,n51_6Ab4q,501,,gutim,51,
51,255.1032,0.7273,144,88,8,501,,E6,,,,,,,,n51_6E6q,501,,gutim,51,
51,255.3305,0.0606,144,87,15,502,,Eb6,,,,,,,,n51_1Eb6t,502,,gutim,51,
51,255.4063,0.0606,144,74,17,503,,D5,,,,,,,,n51_1D5t,503,,gutim,51,
51,255.482,0.0606,144,48,18,504,,C3,,,,,,,,n51_1C3t,504,,gutim,51,
51,255.5578,0.1458,144,58,11,505,,Bb3,,,,,,,,n51_1Bb3s,505,,gutim,51,
51,255.7401,0.2178,144,97,15,506,,Db7,,,,,,,,n51_1Db7s,506,,gutim,51,
,,,,,,,,,,,,,,,,,,52,,,
52,256.0123,0.3274,144,58,20,507,,Bb3,,,,,,,,n52_1Bb3e,507,,gutim,52,
52,256.0123,0.3274,144,84,20,507,,C6,,,,,,,,n52_1C6e_0,507,,gutim,52,
52,256.0123,0.3274,144,97,20,507,,Db7,,,,,,,,n52_1Db7e,507,,gutim,52,
52,256.4216,0.2589,144,84,14,508,,C6,,,,,,,,n52_1C6e_1,508,,gutim,52,
52,256.4216,0.218,144,44,11,508,,Ab2,,,,,,,,n52_6Ab2e,508,,gutim,52,
52,256.6941,0.108,144,78,14,509,,F#5,,,,,,,,n52_1Fs5s,509,,gutim,52,
52,256.6941,0.5455,144,60,11,509,,C4,,,,,,,,n52_6C4q_0,509,,gutim,52,
52,256.6941,0.5455,144,68,11,509,,Ab4,,,,,,,,n52_6Ab4q_0,509,,gutim,52,
52,256.6941,0.5455,144,88,11,509,,E6,,,,,,,,n52_6E6q_0,509,,gutim,52,
52,256.8078,0.108,144,87,14,510,,Eb6,,,,,,,,n52_1Eb6s_0,510,,gutim,52,
52,256.9214,0.108,144,36,14,511,,C2,,,,,,,,n52_1C2s_0,511,,gutim,52,
52,257.376,0.5455,144,60,14,512,,C4,,,,,,,,n52_6C4q_1,512,,gutim,52,
52,257.376,0.5455,144,68,14,512,,Ab4,,,,,,,,n52_6Ab4q_1,512,,gutim,52,
52,257.376,0.5455,144,88,14,512,,E6,,,,,,,,n52_6E6q_1,512,,gutim,52,
52,258.0578,2.3636,144,24,14,513,,C1,,,,,,,,n52_6C1w,513,,gutim,52,
52,258.5123,0.0568,144,87,14,514,,Eb6,,,,,,,,n52_1Eb6s_1,514,,gutim,52,
52,258.626,0.0568,144,36,14,515,,C2,,,,,,,,n52_1C2s_1,515,,gutim,52,
52,258.7396,0.1818,144,46,14,516,,Bb2,,,,,,,,n52_1Bb2e,516,,gutim,52,
52,258.9669,0.2727,144,78,14,517,,Gb5,,,,,,,,n52_1Gb5e,517,,gutim,52,
52,259.3078,0.0909,144,78,14,518,,Gb5,,,,,,,,n52_1Gb5s_0,518,,gutim,52,
52,259.3078,0.6364,144,47,14,518,,B2,,,,,,,,n52_5B2s,518,,gutim,52,
52,260.1032,0.1439,144,87,14,519,,Eb6,,,,,,,,n52_1Eb6s_2,519,,gutim,52,
52,260.1032,0.7273,144,60,14,519,,C4,,,,,,,,n52_5C4s_0,519,,gutim,52,
52,260.1032,0.1212,144,68,14,519,,Ab4,,,,,,,,n52_5Ab4s,519,,gutim,52,
52,260.2548,0.7197,144,78,14,520,,Gb5,,,,,,,,n52_1Gb5s_1,520,,gutim,52,
,,,,,,,,,,,,,,,,,,53,,,
53,261.0123,0.06,144,64,14,521,,E4,g,,,,,,,ng53_1E4e_0,521,,gutim,53,
53,261.0873,0.06,144,46,14,522,,Bb2,g,,,,,,,ng53_1Bb2e_0,522,,gutim,53,
53,261.0873,0.06,144,44,14,522,,Ab2,g,,,,,,,ng53_5Ab2e,522,,gutim,53,
53,261.1623,0.06,144,76,14,523,,E5,g,,,,,,,ng53_1E5e,523,,gutim,53,
53,261.1623,0.06,144,60,14,523,,C4,g,,,,,,,ng53_5C4e,523,,gutim,53,
53,261.2373,0.1458,144,78,14,524,,F#5,,,,,,,,n53_1Fs5s,524,,gutim,53,
53,261.2373,0.0729,144,42,14,524,,F#2,,,,,,,,n53_5Fs2t_0,524,,gutim,53,
53,261.3285,0.0729,144,55,14,525,,G3,,,,,,,,n53_5G3t_0,525,,gutim,53,
53,261.4196,0.0729,144,43,14,526,,G2,,,,,,,,n53_1G2t,526,,gutim,53,
53,261.4196,0.0729,144,86,14,526,,D6,,,,,,,,n53_5D6t,526,,gutim,53,
53,261.5108,0.0729,144,78,14,527,,F#5,,,,,,,,n53_1Fs5t_0,527,,gutim,53,
53,261.5108,0.0729,144,42,14,527,,F#2,,,,,,,,n53_5Fs2t_1,527,,gutim,53,
53,261.6019,0.0729,144,55,14,528,,G3,,,,,,,,n53_5G3t_1,528,,gutim,53,
53,261.6931,0.0606,144,34,14,529,,Bb1,,,,,,,,n53_5Bb1t,529,,gutim,53,
53,261.7688,0.0606,144,52,14,530,,E3,,,,,,,,n53_5E3t,530,,gutim,53,
53,261.8446,0.0606,144,30,14,531,,F#1,,,,,,,,n53_5Fs1t_0,531,,gutim,53,
53,261.9203,0.0606,144,62,14,532,,D4,,,,,,,,n53_5D4t,532,,gutim,53,
53,261.9961,0.0606,144,30,14,533,,F#1,,,,,,,,n53_5Fs1t_1,533,,gutim,53,
53,262.0718,0.0597,144,43,14,534,,G2,,,,,,,,n53_5G2t,534,,gutim,53,
53,262.1464,0.4318,144,76,14,535,,E5,,,,,,,,n53_1E5e_0,535,,gutim,53,
53,262.1464,0.7273,144,24,14,535,,C1,,,,,,,,n53_5C1q,535,,gutim,53,
53,262.601,0.2879,144,76,14,536,,E5,,,,,,,,n53_1E5e_1,536,,gutim,53,
53,262.601,0.2879,144,80,14,536,,G#5,,,,,,,,n53_1Gs5e,536,,gutim,53,
53,262.904,0.4318,144,60,14,537,,C4,,,,,,,,n53_1C4s,537,,gutim,53,
53,263.0555,1.4545,144,30,14,538,,F#1,,,,,,,,n53_5Fs1h,538,,gutim,53,
53,263.0555,1.4545,144,34,14,538,,Bb1,,,,,,,,n53_5Bb1h,538,,gutim,53,
53,263.0555,1.4545,144,43,14,538,,G2,,,,,,,,n53_5G2h,538,,gutim,53,
53,263.0555,1.4545,144,52,14,538,,E3,,,,,,,,n53_5E3h,538,,gutim,53,
53,263.0555,1.4545,144,62,14,538,,D4,,,,,,,,n53_5D4h,538,,gutim,53,
53,263.3585,0.4318,144,76,14,539,,E5,,,,,,,,n53_1E5e_2,539,,gutim,53,
53,263.8131,1.0076,144,80,14,540,,G#5,,,,,,,,n53_1Gs5s,540,,gutim,53,
53,264.8737,0.2159,144,30,14,541,,F#1,,,,,,,,n53_5Fs1e,541,,gutim,53,
53,264.8737,0.3636,144,34,14,541,,Bb1,,,,,,,,n53_5Bb1e,541,,gutim,53,
53,264.8737,0.3636,144,43,14,541,,G2,,,,,,,,n53_5G2e,541,,gutim,53,
53,264.8737,0.3636,144,52,14,541,,E3,,,,,,,,n53_5E3e,541,,gutim,53,
53,264.8737,0.3636,144,62,14,541,,D4,,,,,,,,n53_5D4e,541,,gutim,53,
53,265.1032,0.06,144,64,14,542,,E4,g,,,,,,,ng53_1E4e_1,542,,gutim,53,
53,265.1782,0.06,144,46,14,543,,Bb2,g,,,,,,,ng53_1Bb2e_1,543,,gutim,53,
53,265.2532,0.06,144,64,14,544,,E4,g,,,,,,,ng53_1E4e_2,544,,gutim,53,
53,265.3282,0.3636,144,74,14,545,,D5,,,,,,,,n53_1D5e,545,,gutim,53,
,,,,,,,7032,,,,,,,,,,,,gutim,,
53,265.7828,0.1818,144,76,11,546,,E5,,,,,,,,n53_1E5s,546,,gutim,53,
53,265.7828,0.0606,144,78,17,546,,F#5,,,,,,,,n53_5Fs5t,546,,gutim,53,
53,265.8585,0.0606,144,69,17,547,,A4,,,,,,,,n53_5A4t,547,,gutim,53,
53,265.9343,0.2424,144,40,17,548,,E2,,,,,,,,n53_5E2e,548,,gutim,53,
53,266.1237,0.0909,144,60,17,549,,C4,,,,,,,,n53_1C4t_0,549,,gutim,53,
53,266.2373,0.0909,144,78,17,550,,F#5,,,,,,,,n53_1Fs5t_1,550,,gutim,53,
53,266.2373,0.1818,144,76,14,550,,E5,,,,,,,,n53_5E5s,550,,gutim,53,
53,266.2373,0.1818,144,80,14,550,,G#5,,,,,,,,n53_5Gs5s,550,,gutim,53,
53,266.351,0.0909,144,60,17,551,,C4,,,,,,,,n53_1C4t_1,551,,gutim,53,
53,266.4646,0.0909,144,69,17,552,,A4,,,,,,,,n53_1A4t,552,,gutim,53,
53,266.5782,0.0909,144,40,17,553,,E2,,,,,,,,n53_1E2t,553,,gutim,53,
,,,,,,,,,,,,,,,,,,54,,,
54,266.6919,1.4545,144,24,5,554,,C1,,,,,,,,n54_5C1h,554,,gutim,54,
54,267.0553,0.4366,144,44,17,555,,Ab2,,,,,,,,n54_2Ab2e,555,,gutim,54,
54,267.0553,0.4366,144,84,17,555,,C6,,,,,,,,n54_2C6e,555,,gutim,54,
54,267.0553,0.4366,144,97,17,555,,Db7,,,,,,,,n54_2Db7e,555,,gutim,54,
54,267.3737,0.0909,144,74,11,556,,D5,,,,,,,,n54_1D5t_0,556,,gutim,54,
54,267.4873,0.0909,144,36,12,557,,C2,,,,,,,,n54_1C2t_0,557,,gutim,54,
54,267.601,0.0606,144,87,14,558,,Eb6,,,,,,,,n54_1Eb6t_0,558,,gutim,54,
54,267.6767,0.0909,144,74,15,559,,D5,,,,,,,,n54_1D5t_1,559,,gutim,54,
54,267.7904,0.0909,144,36,16,560,,C2,,,,,,,,n54_1C2t_1,560,,gutim,54,
54,267.904,0.0606,144,87,18,561,,Eb6,,,,,,,,n54_1Eb6t_1,561,,gutim,54,
54,267.9798,0.0606,144,36,19,562,,C2,,,,,,,,n54_1C2t_2,562,,gutim,54,
54,267.9798,0.0606,144,74,19,562,,D5,,,,,,,,n54_1D5t_2,562,,gutim,54,
54,268.0555,0.3636,144,87,20,563,,Eb6,,,,,,,,n54_1Eb6e,563,,gutim,54,
54,268.4351,0.0712,144,86,20,564,,D6,g,,,,,,,ng54_1D6e,564,,gutim,54,
54,268.5101,1.2955,144,82,20,565,,Bb5,,,,,,,,n54_1Bb5q,565,,gutim,54,
54,269.9495,0.1212,144,68,11,566,,G#4,,,,,,,,n54_1Gs4s,566,,gutim,54,
54,270.101,0.1212,144,78,8,567,,F#5,,,,,,,,n54_1Fs5s,567,,gutim,54,
54,270.2525,0.0606,144,50,5,568,,D3,,,,,,,,n54_1D3t,568,,gutim,54,
54,270.2525,0.0606,144,68,5,568,,G#4,,,,,,,,n54_1Gs4t,568,,gutim,54,
54,270.2525,0.0606,144,78,5,568,,F#5,,,,,,,,n54_1Fs5t,568,,gutim,54,
,,,,,,,7034,,,,,,,,,,,,gutim,,
,,,,,,,,,,,,,,,,,,55,,,
55,272.1464,0.5184,144,67,8,569,,G4,,,,,,,,n55_1G4e,569,,gutim,55,
55,272.1464,0.0729,144,96,8,569,,C7,,,,,,,,n55_2C7t,569,,gutim,55,
55,272.1464,0.0729,144,105,8,569,,A7,,,,,,,,n55_2A7t,569,,gutim,55,
55,272.1464,1.9394,144,63,14,569,,D#4,,,,,,,,n55_5Ds4h,569,,gutim,55,
55,272.2376,0.2178,144,100,9,570,,E7,,,,,,,,n55_2E7s,570,,gutim,55,
55,272.5098,0.6916,144,56,11,571,,G#3,,,,,,,,n55_2Gs3e,571,,gutim,55,
55,272.6897,0.5184,144,71,11,572,,B4,,,,,,,,n55_1B4e,572,,gutim,55,
55,273.2378,0.5824,144,93,8,573,,A6,,,,,,,,n55_1A6q,573,,gutim,55,
55,273.2378,0.6905,144,74,11,573,,D5,,,,,,,,n55_2D5q,573,,gutim,55,
55,273.9646,0.1732,144,61,8,574,,C#4,,,,,,,,n55_2Cs4s,574,,gutim,55,
55,274.1469,0.1458,144,74,8,575,,D5,,,,,,,,n55_2D5s,575,,gutim,55,
55,274.3292,0.5824,144,84,11,576,,C6,,,,,,,,n55_2C6e,576,,gutim,55,
55,274.328,0.5824,144,48,11,576,,C3,,,,,,,,n55_6C3e,576,,gutim,55,
55,274.5707,0.2424,144,97,17,577,,C#7,,,,,,,,n55_5Cs7e,577,,gutim,55,
55,275.0572,0.5805,144,75,11,578,,Eb5,,,,,,,,n55_2Eb5q,578,,gutim,55,
55,275.056,0.6905,144,49,11,578,,Db3,,,,,,,,n55_6Db3q,578,,gutim,55,
55,275.5578,0.0712,144,55,11,579,,G3,g,,,,,,,ng55_6G3e,579,,gutim,55,
55,275.6328,0.0712,144,48,11,580,,C3,g,,,,,,,ng55_6C3e,580,,gutim,55,
55,275.7078,0.0712,144,59,11,581,,B3,g,,,,,,,ng55_6B3e,581,,gutim,55,
55,275.7828,1.4545,144,88,11,582,,E6,,,,,,,,n55_2E6h,582,,gutim,55,
55,275.7828,1.4545,144,93,11,582,,A6,,,,,,,,n55_2A6h,582,,gutim,55,
55,276.0858,1.4394,144,41,20,583,,F2,,,,,,,,n55_6F2q_0,583,,gutim,55,
,,,,,,,,,,,,,,,,,,56,,,
56,277.601,1.7273,144,44,8,584,,Ab2,,,,,,,,n56_6Ab2h,584,,gutim,56,
56,277.601,1.7273,144,54,8,584,,Gb3,,,,,,,,n56_6Gb3h,584,,gutim,56,
,,,,,,,7039,,,,,,,,,,,,gutim,,
,,,,,,,,,,,,,,,,,,61,,,
61,314.4917,0.06,144,68,20,585,,Ab4,g,,,,,,,ng61_2Ab4e,585,,gutim,61,
61,314.5667,1.2549,144,84,20,586,,C6,,,,,,,,n61_2C6h,586,,gutim,61,
61,314.5667,1.2549,144,88,20,586,,E6,,,,,,,,n61_2E6h,586,,gutim,61,
61,314.5667,1.2549,144,97,11,586,,C#7,,,,,,,,n61_2Cs7h,586,,gutim,61,
61,314.5667,0.1121,144,50,8,586,,D3,,,,,,,,n61_5D3t_0,586,,gutim,61,
61,314.6816,0.1121,144,37,8,587,,C#2,,,,,,,,n61_5Cs2t_0,587,,gutim,61,
61,314.7996,0.1121,144,50,8,588,,D3,,,,,,,,n61_5D3t_1,588,,gutim,61,
61,314.9175,0.2241,144,37,8,589,,C#2,,,,,,,,n61_5Cs2s,589,,gutim,61,
61,315.1534,0.1121,144,50,8,590,,D3,,,,,,,,n61_5D3t_2,590,,gutim,61,
61,315.2714,0.1121,144,37,8,591,,C#2,,,,,,,,n61_5Cs2t_1,591,,gutim,61,
61,315.3893,0.1121,144,50,8,592,,D3,,,,,,,,n61_5D3t_3,592,,gutim,61,
61,315.5073,0.1887,144,89,8,593,,F6,,,,,,,,n61_5F6s,593,,gutim,61,
61,315.7432,0.2941,144,24,17,594,,C1,,,,,,,,n61_1C1e,594,,gutim,61,
61,315.7432,0.1121,144,35,5,594,,B1,,,,,,,,n61_5B1t_0,594,,gutim,61,
61,315.8581,0.1121,144,38,5,595,,D2,,,,,,,,n61_5D2t_0,595,,gutim,61,
61,315.976,0.1121,144,35,5,596,,B1,,,,,,,,n61_5B1t_1,596,,gutim,61,
61,316.094,0.2256,144,38,5,597,,D2,,,,,,,,n61_5D2s,597,,gutim,61,
61,316.1353,1.2549,144,64,11,598,,E4,,,,,,,,n61_2E4h,598,,gutim,61,
61,316.3314,0.1397,144,35,5,599,,B1,,,,,,,,n61_5B1t_2,599,,gutim,61,
61,316.4785,0.1397,144,38,5,600,,D2,,,,,,,,n61_5D2t_1,600,,gutim,61,
61,316.6255,0.1397,144,45,5,601,,A2,,,,,,,,n61_5A2t,601,,gutim,61,
61,316.7726,0.1397,144,77,5,602,,F5,,,,,,,,n61_5F5t,602,,gutim,61,
61,316.9196,1.8824,144,66,20,603,,F#4,,,,,,,,n61_1Fs4h,603,,gutim,61,
61,316.9196,1.8824,144,78,14,603,,F#5,,,,,,,,n61_1Fs5h,603,,gutim,61,
61,316.9196,1.8824,144,37,5,603,,C#2,,,,,,,,n61_5Cs2h,603,,gutim,61,
61,317.7009,0.125,144,102,11,604,,F#7,,,,,,,,n61_2Fs7s,604,,gutim,61,
61,317.8571,0.1887,144,69,12,605,,A4,,,,,,,,n61_2A4s_0,605,,gutim,61,
61,318.0931,0.125,144,90,14,606,,F#6,,,,,,,,n61_2Fs6s_0,606,,gutim,61,
61,318.2493,0.1887,144,44,15,607,,G#2,,,,,,,,n61_2Gs2s,607,,gutim,61,
61,318.4852,0.125,144,90,17,608,,F#6,,,,,,,,n61_2Fs6s_1,608,,gutim,61,
61,318.6415,0.1887,144,69,18,609,,A4,,,,,,,,n61_2A4s_1,609,,gutim,61,
61,318.8774,0.0625,144,44,20,610,,G#2,,,,,,,,n61_2Gs2t,610,,gutim,61,
61,318.9555,0.125,144,69,20,611,,A4,,,,,,,,n61_2A4s_2,611,,gutim,61,
61,319.1117,0.0625,144,90,21,612,,F#6,,,,,,,,n61_2Fs6t,612,,gutim,61,
61,319.1899,0.0625,144,32,14,613,,G#1,,,,,,,,n61_2Gs1t,613,,gutim,61,
61,319.2726,1.2549,144,57,14,614,,A3,,,,,,,,n61_5A3h,614,,gutim,61,
61,320.8412,3.451,144,48,14,615,,C3,,,,,,,,n61_5C3q,615,,gutim,61,
,,,,,,,,,,,,,,,,,,62,,,
62,325.1549,0.565,144,81,14,616,,A5,,,,,,,,n62_1A5e_0,616,,gutim,62,
62,325.1549,0.565,144,68,14,616,,G#4,,,,,,,,n62_2Gs4e_0,616,,gutim,62,
62,325.1549,0.565,144,75,14,616,,D#5,,,,,,,,n62_2Ds5e_0,616,,gutim,62,
62,325.1595,1.8824,144,48,14,617,,C3,,,,,,,,n62_5C3h_0,617,,gutim,62,
62,325.1595,1.4118,144,28,14,617,,E1,,,,,,,,n62_6E1q,617,,gutim,62,
62,325.1595,1.4118,144,35,14,617,,B1,,,,,,,,n62_6B1q,617,,gutim,62,
62,325.8611,0.8493,144,81,14,618,,A5,,,,,,,,n62_1A5e_1,618,,gutim,62,
62,325.8611,0.8493,144,68,14,618,,G#4,,,,,,,,n62_2Gs4e_1,618,,gutim,62,
62,325.8611,0.8493,144,75,14,618,,D#5,,,,,,,,n62_2Ds5e_1,618,,gutim,62,
62,326.9227,0.8468,144,81,14,619,,A5,,,,,,,,n62_1A5e_3,619,,gutim,62,
62,326.9227,0.8468,144,68,14,619,,G#4,,,,,,,,n62_2Gs4e_3,619,,gutim,62,
62,326.9227,0.8468,144,75,14,619,,D#5,,,,,,,,n62_2Ds5e_3,619,,gutim,62,
62,326.9242,0.8468,144,28,14,619,,E1,,,,,,,,n62_6E1e_0,619,,gutim,62,
62,327.5125,0.4706,144,56,14,620,,G#3,,,,,,,,n62_5Gs3e,620,,gutim,62,
62,327.9812,3.3897,144,81,14,621,,A5,,,,,,,,n62_1A5e_5,621,,gutim,62,
62,327.9812,3.3897,144,68,14,621,,G#4,,,,,,,,n62_2Gs4e_5,621,,gutim,62,
62,327.9812,3.3897,144,75,14,621,,D#5,,,,,,,,n62_2Ds5e_5,621,,gutim,62,
62,327.9828,0.565,144,28,14,622,,E1,,,,,,,,n62_6E1e_2,622,,gutim,62,
62,328.1007,0.1121,144,90,14,623,,F#6,,,,,,,,n62_5Fs6t,623,,gutim,62,
62,328.2187,0.1121,144,60,14,624,,C4,,,,,,,,n62_5C4t_0,624,,gutim,62,
62,328.3366,0.1121,144,69,14,625,,A4,,,,,,,,n62_5A4t_0,625,,gutim,62,
62,328.4546,0.2241,144,60,14,626,,C4,,,,,,,,n62_5C4s_0,626,,gutim,62,
62,328.6905,0.1121,144,69,14,627,,A4,,,,,,,,n62_5A4t_1,627,,gutim,62,
62,328.6889,3.3529,144,57,14,627,,A3,,,,,,,,n62_6A3q,627,,gutim,62,
62,328.6889,2.8235,144,68,14,627,,G#4,,,,,,,,n62_6Gs4q,627,,gutim,62,
62,328.8038,0.1121,144,60,14,628,,C4,,,,,,,,n62_5C4t_1,628,,gutim,62,
62,328.9218,0.1121,144,69,14,629,,A4,,,,,,,,n62_5A4t_2,629,,gutim,62,
62,329.0397,0.2241,144,60,14,630,,C4,,,,,,,,n62_5C4s_1,630,,gutim,62,
62,329.2757,0.1121,144,69,14,631,,A4,,,,,,,,n62_5A4t_3,631,,gutim,62,
62,329.3936,0.1121,144,60,14,632,,C4,,,,,,,,n62_5C4t_2,632,,gutim,62,
62,329.5116,0.1121,144,69,14,633,,A4,,,,,,,,n62_5A4t_4,633,,gutim,62,
62,329.6295,0.2241,144,40,14,634,,E2,,,,,,,,n62_5E2s,634,,gutim,62,
62,329.8654,0.1121,144,60,14,635,,C4,,,,,,,,n62_5C4t_3,635,,gutim,62,
62,329.8654,1.8824,144,50,14,635,,D3,,,,,,,,n62_6D3h,635,,gutim,62,
62,329.9803,0.1121,144,69,14,636,,A4,,,,,,,,n62_5A4t_5,636,,gutim,62,
62,330.0983,0.1121,144,40,14,637,,E2,,,,,,,,n62_5E2t,637,,gutim,62,
62,330.2162,0.2241,144,78,14,638,,F#5,,,,,,,,n62_5Fs5s_0,638,,gutim,62,
62,330.4521,0.2241,144,69,14,639,,A4,,,,,,,,n62_5A4s,639,,gutim,62,
62,330.688,0.3347,144,60,14,640,,C4,,,,,,,,n62_5C4s_2,640,,gutim,62,
62,331.0404,0.2241,144,78,14,641,,F#5,,,,,,,,n62_5Fs5s_1,641,,gutim,62,
62,331.2763,0.3362,144,44,14,642,,G#2,,,,,,,,n62_5Gs2s,642,,gutim,62,
62,331.6301,2.3529,144,47,14,643,,B2,,,,,,,,n62_5B2e,643,,gutim,62,
62,331.6301,2.3529,144,48,14,643,,C3,,,,,,,,n62_5C3e,643,,gutim,62,
62,332.2184,1.8824,144,34,14,644,,Bb1,,,,,,,,n62_5Bb1h,644,,gutim,62,
62,333.1589,0.1121,144,47,14,645,,B2,,,,,,,,n62_1B2t_0,645,,gutim,62,
62,333.2769,0.1121,144,38,14,646,,D2,,,,,,,,n62_1D2t_0,646,,gutim,62,
62,333.3948,0.1121,144,47,14,647,,B2,,,,,,,,n62_1B2t_1,647,,gutim,62,
62,333.5128,0.1121,144,38,14,648,,D2,,,,,,,,n62_1D2t_1,648,,gutim,62,
62,333.6307,0.1121,144,47,14,649,,B2,,,,,,,,n62_1B2t_2,649,,gutim,62,
62,333.7487,0.2241,144,38,14,650,,D2,,,,,,,,n62_1D2s_0,650,,gutim,62,
62,333.9846,0.2241,144,47,14,651,,B2,,,,,,,,n62_1B2s,651,,gutim,62,
62,334.2205,0.3333,144,38,14,652,,D2,,,,,,,,n62_1D2s_1,652,,gutim,62,
62,334.5713,0.2353,144,34,14,653,,Bb1,,,,,,,,n62_6Bb1e,653,,gutim,62,
62,334.5713,0.4706,144,38,14,653,,D2,,,,,,,,n62_6D2e,653,,gutim,62,
62,334.5713,0.4706,144,47,14,653,,B2,,,,,,,,n62_6B2e,653,,gutim,62,
62,334.5713,0.4706,144,48,14,653,,C3,,,,,,,,n62_6C3e,653,,gutim,62,
,,,,,,,7041,,,,,,,,,,,,gutim,,
62,335.1595,1.4118,144,84,5,654,,C6,,,,,,,,n62_1C6e,654,,gutim,62,
62,335.1595,1.4118,144,94,5,654,,Bb6,,,,,,,,n62_1Bb6e,654,,gutim,62,
,,,,,,,,,,,,,,,,,,63,,,
63,335.7432,1.1206,144,48,8,655,,C3,,,,,,,,n63_5C3t_0,655,,gutim,63,
63,335.8581,1.0085,144,34,8,656,,Bb1,,,,,,,,n63_5Bb1t_0,656,,gutim,63,
63,335.976,0.8964,144,47,8,657,,B2,,,,,,,,n63_5B2t_0,657,,gutim,63,
63,336.094,0.7844,144,38,8,658,,D2,,,,,,,,n63_5D2t_0,658,,gutim,63,
63,336.2119,0.6723,144,42,8,659,,F#2,,,,,,,,n63_5Fs2t,659,,gutim,63,
,,,,,,,7044,,,,,,,,,,,,gutim,,
,,,,,,,,,,,,,,,,,,68,,,
68,358.3482,1.024,144,75,14,660,,Eb5,,,,,,,,n68_1Eb5h,660,,gutim,68,
68,358.3482,0.5933,144,81,14,660,,A5,,,,,,,,n68_2A5h,660,,gutim,68,
68,358.3482,0.1358,144,68,14,660,,Ab4,,,,,,,,n68_5Ab4e,660,,gutim,68,
68,358.6198,0.1397,144,50,6,661,,D3,,,,,,,,n68_5D3e,661,,gutim,68,
68,358.8991,0.5546,144,78,8,662,,F#5,,,,,,,,n68_5Fs5q,662,,gutim,68,
68,358.9702,0.0573,144,33,22,663,,A1,,,,,,,,n68_6A1t_0,663,,gutim,68,
68,359.0419,0.2335,144,67,22,664,,G4,,,,,,,,n68_6G4e,664,,gutim,68,
68,359.0899,0.3144,144,62,14,665,,D4,,,,,,,,n68_2D4q,665,,gutim,68,
68,359.3337,0.0595,144,33,8,666,,A1,,,,,,,,n68_6A1t_1,666,,gutim,68,
68,359.408,0.0599,144,67,8,667,,G4,,,,,,,,n68_6G4t,667,,gutim,68,
68,359.4829,0.5897,144,77,14,668,,F5,,,,,,,,n68_1F5q,668,,gutim,68,
68,359.4829,1.2194,144,40,8,668,,E2,,,,,,,,n68_5E2h,668,,gutim,68,
68,359.4829,1.0268,144,34,8,668,,Bb1,,,,,,,,n68_6Bb1h,668,,gutim,68,
68,360.1037,0.3095,144,75,7,669,,Eb5,,,,,,,,n68_1Eb5e,669,,gutim,68,
68,360.1037,0.5302,144,78,5,669,,F#5,,,,,,,,n68_2Fs5q,669,,gutim,68,
68,360.6164,0.06,144,59,7,670,,B3,g,,,,,,,ng68_1B3e,670,,gutim,68,
68,360.6914,0.06,144,68,7,671,,G#4,g,,,,,,,ng68_1Gs4e,671,,gutim,68,
,,,,,,,,,,,,,,,,,,69,,,
69,363.9844,0.7619,144,69,8,672,,A4,,,,,,,,n69_1A4q,672,,gutim,69,
69,363.9844,0.7619,144,82,8,672,,Bb5,,,,,,,,n69_1Bb5q_0,672,,gutim,69,
69,363.9844,0.1508,144,37,8,672,,C#2,,,,,,,,n69_5Cs2s_0,672,,gutim,69,
69,363.9844,0.5337,144,24,8,672,,C1,,,,,,,,n69_6C1e,672,,gutim,69,
69,364.1432,0.1508,144,35,8,673,,B1,,,,,,,,n69_5B1s_0,673,,gutim,69,
69,364.3019,0.1508,144,37,8,674,,C#2,,,,,,,,n69_5Cs2s_1,674,,gutim,69,
69,364.4606,0.1508,144,35,8,675,,B1,,,,,,,,n69_5B1s_1,675,,gutim,69,
69,364.6194,0.254,144,57,8,676,,A3,,,,,,,,n69_5A3e,676,,gutim,69,
69,364.6504,0.0764,144,88,8,677,,E6,,,,,,,,n69_6E6t_0,677,,gutim,69,
69,364.7458,0.0764,144,24,8,678,,C1,,,,,,,,n69_6C1t,678,,gutim,69,
69,364.8413,0.5337,144,88,8,679,,E6,,,,,,,,n69_6E6t_1,679,,gutim,69,
69,364.9368,0.7619,144,82,8,680,,Bb5,,,,,,,,n69_1Bb5q_1,680,,gutim,69,
69,365.5085,0.0764,144,81,8,681,,A5,,,,,,,,n69_6A5t_0,681,,gutim,69,
69,365.604,0.0764,144,54,8,682,,F#3,,,,,,,,n69_6Fs3t,682,,gutim,69,
69,365.6995,0.1528,144,80,8,683,,G#5,,,,,,,,n69_6Gs5s,683,,gutim,69,
69,365.8892,0.7619,144,38,8,684,,D2,,,,,,,,n69_1D2q,684,,gutim,69,
69,365.8892,0.7619,144,25,8,684,,C#1,,,,,,,,n69_5Cs1q,684,,gutim,69,
69,365.8892,0.0764,144,81,8,684,,A5,,,,,,,,n69_6A5t_1,684,,gutim,69,
69,365.9847,0.0764,144,80,8,685,,G#5,,,,,,,,n69_6Gs5t,685,,gutim,69,
69,366.0802,0.0764,144,36,8,686,,C2,,,,,,,,n69_6C2t_0,686,,gutim,69,
69,366.1757,0.0764,144,69,8,687,,A4,,,,,,,,n69_6A4t_0,687,,gutim,69,
69,366.2711,0.2282,144,76,8,688,,E5,,,,,,,,n69_6E5s,688,,gutim,69,
69,366.5564,0.0764,144,68,8,689,,G#4,,,,,,,,n69_6Gs4t_0,689,,gutim,69,
69,366.6519,0.0764,144,76,8,690,,E5,,,,,,,,n69_6E5t_0,690,,gutim,69,
69,366.7473,0.0764,144,68,8,691,,G#4,,,,,,,,n69_6Gs4t_1,691,,gutim,69,
69,366.8416,0.1905,144,38,8,692,,D2,,,,,,,,n69_5D2s,692,,gutim,69,
69,366.8416,0.0764,144,76,8,692,,E5,,,,,,,,n69_6E5t_1,692,,gutim,69,
69,366.9371,0.0764,144,68,8,693,,G#4,,,,,,,,n69_6Gs4t_2,693,,gutim,69,
69,367.0326,0.0764,144,42,8,694,,F#2,,,,,,,,n69_6Fs2t_0,694,,gutim,69,
69,367.1243,0.0764,144,69,8,695,,A4,,,,,,,,n69_6A4t_1,695,,gutim,69,
69,367.159,0.5079,144,77,8,696,,F5,,,,,,,,n69_1F5q,696,,gutim,69,
69,367.2198,0.0764,144,68,8,697,,G#4,,,,,,,,n69_6Gs4t_3,697,,gutim,69,
69,367.3178,0.1131,144,66,8,698,,F#4,,,,,,,,n69_5Fs4t,698,,gutim,69,
69,367.3178,0.0764,144,69,8,698,,A4,,,,,,,,n69_6A4t_2,698,,gutim,69,
69,367.4133,0.0764,144,76,8,699,,E5,,,,,,,,n69_6E5t_2,699,,gutim,69,
69,367.4368,0.1131,144,56,8,700,,G#3,,,,,,,,n69_5Gs3t,700,,gutim,69,
69,367.5075,0.0764,144,68,8,701,,G#4,,,,,,,,n69_6Gs4t_4,701,,gutim,69,
69,367.5559,0.0952,144,26,14,702,,D1,,,,,,,,n69_5D1t,702,,gutim,69,
69,367.6005,0.0764,144,42,14,703,,F#2,,,,,,,,n69_6Fs2t_1,703,,gutim,69,
69,367.6972,0.0774,144,57,14,704,,A3,,,,,,,,n69_6A3t,704,,gutim,69,
,,,,,,,7045,,,,,,,,,,,,gutim,,
69,367.794,0.1905,144,62,8,705,,D4,,,,,,,,n69_5D4s,705,,gutim,69,
69,367.794,0.7619,144,24,14,705,,C1,,,,,,,,n69_6C1q_0,705,,gutim,69,
69,367.794,0.7619,144,52,14,705,,E3,,,,,,,,n69_6E3q_0,705,,gutim,69,
69,367.794,0.7619,144,59,14,705,,B3,,,,,,,,n69_6B3q,705,,gutim,69,
69,368.0321,0.5714,144,36,11,706,,C2,,,,,,,,n69_5C2e,706,,gutim,69,
69,368.1734,0.3046,144,45,11,707,,A2,,,,,,,,n69_1A2e,707,,gutim,69,
69,368.5541,0.1538,144,45,14,708,,A2,,,,,,,,n69_1A2s,708,,gutim,69,
69,368.5541,0.1538,144,79,14,708,,G5,,,,,,,,n69_1G5s,708,,gutim,69,
69,368.7463,0.1905,144,46,15,709,,Bb2,,,,,,,,n69_5Bb2s_0,709,,gutim,69,
69,368.9844,0.127,144,73,17,710,,Db5,,,,,,,,n69_5Db5s_0,710,,gutim,69,
69,369.1432,0.127,144,46,18,711,,Bb2,,,,,,,,n69_5Bb2s_1,711,,gutim,69,
69,369.1432,0.127,144,53,18,711,,F3,,,,,,,,n69_5F3s,711,,gutim,69,
69,369.1432,0.127,144,73,18,711,,Db5,,,,,,,,n69_5Db5s_1,711,,gutim,69,
69,369.3019,0.1905,144,33,19,712,,A1,,,,,,,,n69_5A1s,712,,gutim,69,
69,369.4019,0.0712,144,81,21,713,,A5,g,,,,,,,ng69_5A5e,713,,gutim,69,
69,369.4769,0.0712,144,74,21,714,,D5,g,,,,,,,ng69_5D5e,714,,gutim,69,
69,369.5519,0.1508,144,79,22,715,,G5,,,,,,,,n69_5G5s,715,,gutim,69,
69,369.7106,0.1131,144,37,11,716,,C#2,,,,,,,,n69_1Cs2t,716,,gutim,69,
69,369.7106,1.5238,144,34,22,716,,Bb1,,,,,,,,n69_5Bb1h,716,,gutim,69,
69,369.8297,0.1131,144,35,11,717,,B1,,,,,,,,n69_1B1t,717,,gutim,69,
69,369.9487,0.1131,144,74,11,718,,D5,,,,,,,,n69_1D5t,718,,gutim,69,
69,370.0678,0.1131,144,89,11,719,,F6,,,,,,,,n69_1F6t,719,,gutim,69,
69,370.4249,0.1131,144,62,22,720,,D4,,,,,,,,n69_6D4t,720,,gutim,69,
69,370.544,0.0565,144,36,22,721,,C2,,,,,,,,n69_6C2t_1,721,,gutim,69,
69,370.663,0.2857,144,59,17,722,,B3,,,,,,,,n69_1B3s,722,,gutim,69,
69,370.663,0.7619,144,24,8,722,,C1,,,,,,,,n69_6C1q_1,722,,gutim,69,
69,370.663,0.7619,144,46,8,722,,Bb2,,,,,,,,n69_6Bb2q,722,,gutim,69,
69,370.663,0.7619,144,52,8,722,,E3,,,,,,,,n69_6E3q_1,722,,gutim,69,
69,371.0202,0.4762,144,82,17,723,,Bb5,,,,,,,,n69_1Bb5t,723,,gutim,69,
,,,,,,,,,,,,,,,,,,70,,,
70,371.6154,0.1131,144,49,11,724,,C#3,,,,,,,,n70_1Cs3t,724,,gutim,70,
70,371.7344,0.1131,144,47,12,725,,B2,,,,,,,,n70_1B2t,725,,gutim,70,
70,371.8535,0.1131,144,74,14,726,,D5,,,,,,,,n70_1D5t,726,,gutim,70,
70,371.9725,0.1131,144,89,16,727,,F6,,,,,,,,n70_1F6t,727,,gutim,70,
70,372.0916,1.3571,144,69,17,728,,A4,,,,,,,,n70_1A4e,728,,gutim,70,
70,372.2503,0.1508,144,52,11,729,,E3,,,,,,,,n70_5E3s,729,,gutim,70,
70,372.409,0.1508,144,62,13,730,,D4,,,,,,,,n70_5D4s,730,,gutim,70,
70,372.5678,0.1905,144,34,15,731,,Bb1,,,,,,,,n70_6Bb1s,731,,gutim,70,
70,372.8059,0.1905,144,52,17,732,,E3,,,,,,,,n70_6E3s,732,,gutim,70,
70,372.9646,0.1905,144,24,8,733,,C1,,,,,,,,n70_5C1s,733,,gutim,70,
70,373.044,0.1905,144,62,20,734,,D4,,,,,,,,n70_6D4s,734,,gutim,70,
70,373.2027,0.127,144,64,14,735,,E4,,,,,,,,n70_5E4s_0,735,,gutim,70,
70,373.3614,0.127,144,42,14,736,,F#2,,,,,,,,n70_5Fs2s,736,,gutim,70,
70,373.5202,1.8824,144,68,14,737,,G#4,,,,,,,,n70_1Gs4h,737,,gutim,70,
70,373.5202,0.2353,144,64,14,737,,E4,,,,,,,,n70_5E4s_1,737,,gutim,70,
70,373.8143,0.1397,144,56,14,738,,G#3,,,,,,,,n70_5Gs3t_0,738,,gutim,70,
70,373.9613,0.1397,144,57,14,739,,A3,,,,,,,,n70_5A3t_0,739,,gutim,70,
70,374.1084,0.1397,144,56,14,740,,G#3,,,,,,,,n70_5Gs3t_1,740,,gutim,70,
70,374.2554,0.1397,144,57,14,741,,A3,,,,,,,,n70_5A3t_1,741,,gutim,70,
70,374.4025,0.0931,144,24,14,742,,C1,,,,,,,,n70_5C1t,742,,gutim,70,
70,374.5005,0.1863,144,30,14,743,,F#1,,,,,,,,n70_5Fs1s,743,,gutim,70,
70,376.4613,0.4706,144,34,14,744,,Bb1,,,,,,,,n70_5Bb1e,744,,gutim,70,
70,376.4613,0.4706,144,52,14,744,,E3,,,,,,,,n70_5E3e,744,,gutim,70,
70,376.4613,0.4706,144,62,14,744,,D4,,,,,,,,n70_5D4e,744,,gutim,70,
70,376.4613,0.4706,144,64,14,744,,E4,,,,,,,,n70_5E4e,744,,gutim,70,
70,376.4613,0.4706,144,24,14,744,,C1,,,,,,,,n70_6C1e,744,,gutim,70,
70,376.4613,0.4706,144,30,14,744,,F#1,,,,,,,,n70_6Fs1e,744,,gutim,70,
70,376.4613,0.4706,144,56,14,744,,G#3,,,,,,,,n70_6Gs3e,744,,gutim,70,
70,376.4613,0.4706,144,57,14,744,,A3,,,,,,,,n70_6A3e,744,,gutim,70,
70,377.0496,0.4706,144,68,14,745,,G#4,,,,,,,,n70_1Gs4e,745,,gutim,70,
70,377.0496,0.4706,144,78,14,745,,F#5,,,,,,,,n70_1Fs5e,745,,gutim,70,
70,377.6378,0.3137,144,59,14,746,,B3,,,,,,,,n70_1B3e,746,,gutim,70,
70,378.03,0.0784,144,50,14,747,,D3,,,,,,,,n70_1D3t_0,747,,gutim,70,
70,378.128,0.0784,144,82,14,748,,Bb5,,,,,,,,n70_1Bb5t_0,748,,gutim,70,
70,378.226,0.0784,144,59,14,749,,B3,,,,,,,,n70_1B3t_0,749,,gutim,70,
70,378.3241,0.0784,144,82,14,750,,Bb5,,,,,,,,n70_1Bb5t_1,750,,gutim,70,
70,378.4221,0.1176,144,59,14,751,,B3,,,,,,,,n70_1B3t_1,751,,gutim,70,
70,378.5692,0.1176,144,94,14,752,,Bb6,,,,,,,,n70_1Bb6t,752,,gutim,70,
70,378.7162,0.0784,144,50,14,753,,D3,,,,,,,,n70_1D3t_1,753,,gutim,70,
,,,,,,,7047,,,,,,,,,,,,gutim,,
,,,,,,,,,,,,,,,,,,71,,,
71,380.579,2.1961,144,84,22,754,,C6,,,,,,,,n71_1C6h,754,,gutim,71,
71,380.579,1.2549,144,63,14,754,,Eb4,,,,,,,,n71_5Eb4h,754,,gutim,71,
71,380.579,1.2549,144,67,14,754,,G4,,,,,,,,n71_5G4h,754,,gutim,71,
71,382.1476,0.1569,144,63,18,755,,Eb4,,,,,,,,n71_5Eb4s,755,,gutim,71,
71,382.1476,0.1569,144,67,18,755,,G4,,,,,,,,n71_5G4s,755,,gutim,71,
71,382.1476,0.1569,144,97,18,755,,C#7,,,,,,,,n71_5Cs7s,755,,gutim,71,
71,382.1476,0.1569,144,105,18,755,,A7,,,,,,,,n71_5A7s,755,,gutim,71,
71,382.3437,0.4706,144,63,19,756,,Eb4,,,,,,,,n71_5Eb4e,756,,gutim,71,
71,382.3437,0.4706,144,66,19,756,,F#4,,,,,,,,n71_5Fs4e,756,,gutim,71,
71,382.3437,0.4706,144,67,19,756,,G4,,,,,,,,n71_5G4e,756,,gutim,71,
71,382.3437,0.4706,144,87,19,756,,Eb6,,,,,,,,n71_5Eb6e,756,,gutim,71,
71,382.9319,1.8824,144,35,22,757,,B1,,,,,,,,n71_5B1h,757,,gutim,71,
71,382.9319,1.8824,144,37,22,757,,C#2,,,,,,,,n71_5Cs2h,757,,gutim,71,
71,382.9319,1.8824,144,50,22,757,,D3,,,,,,,,n71_5D3h,757,,gutim,71,
71,382.9319,1.8824,144,69,22,757,,A4,,,,,,,,n71_5A4h,757,,gutim,71,
71,383.3241,0.9412,144,61,22,758,,Db4,,,,,,,,n71_1Db4q_0,758,,gutim,71,
71,383.3241,0.9412,144,84,22,758,,C6,,,,,,,,n71_1C6q_0,758,,gutim,71,
71,384.5005,0.1237,144,84,11,759,,C6,,,,,,,,n71_1C6t,759,,gutim,71,
71,384.6308,0.1237,144,52,12,760,,E3,,,,,,,,n71_1E3t,760,,gutim,71,
71,384.6308,0.1237,144,61,12,760,,Db4,,,,,,,,n71_1Db4t,760,,gutim,71,
71,384.761,0.1237,144,44,14,761,,Ab2,,,,,,,,n71_1Ab2t,761,,gutim,71,
71,384.8912,0.374,144,82,15,762,,Bb5,,,,,,,,n71_1Bb5s,762,,gutim,71,
71,385.2849,0.1176,144,35,22,763,,B1,,,,,,,,n71_5B1t,763,,gutim,71,
71,385.2849,0.1176,144,37,22,763,,C#2,,,,,,,,n71_5Cs2t,763,,gutim,71,
71,385.2849,0.1176,144,50,22,763,,D3,,,,,,,,n71_5D3t,763,,gutim,71,
71,385.2849,0.1176,144,69,22,763,,A4,,,,,,,,n71_5A4t,763,,gutim,71,
71,385.4319,0.8235,144,101,22,764,,F7,,,,,,,,n71_1F7e,764,,gutim,71,
71,385.4319,0.4706,144,50,22,764,,D3,,,,,,,,n71_5D3e,764,,gutim,71,
71,386.1672,0.2353,144,45,22,765,,A2,,,,,,,,n71_5A2s,765,,gutim,71,
71,386.4613,0.3725,144,60,22,766,,C4,,,,,,,,n71_1C4e,766,,gutim,71,
71,386.4613,0.3725,144,69,22,766,,A4,,,,,,,,n71_1A4e,766,,gutim,71,
71,386.4613,0.3725,144,90,22,766,,F#6,,,,,,,,n71_1Fs6e,766,,gutim,71,
71,386.8535,0.7451,144,61,22,767,,Db4,,,,,,,,n71_1Db4q_1,767,,gutim,71,
71,386.8535,0.7451,144,84,22,767,,C6,,,,,,,,n71_1C6q_1,767,,gutim,71,
71,387.4417,0.1569,144,49,22,768,,C#3,,,,,,,,n71_5Cs3s,768,,gutim,71,
71,387.4417,0.1569,144,62,22,768,,D4,,,,,,,,n71_5D4s,768,,gutim,71,
,,,,,,,,,,,,,,,,,,72,,,
72,387.6378,0.4706,144,97,22,769,,C#7,,,,,,,,n72_1Cs7e,769,,gutim,72,
72,387.6378,0.4706,144,58,22,769,,Bb3,,,,,,,,n72_5Bb3e,769,,gutim,72,
72,388.226,0.1176,144,50,22,770,,D3,,,,,,,,n72_5D3t_0,770,,gutim,72,
72,388.3731,0.3529,144,101,22,771,,F7,,,,,,,,n72_1F7s,771,,gutim,72,
72,388.3731,0.3529,144,50,22,771,,D3,,,,,,,,n72_5D3s_0,771,,gutim,72,
72,388.8143,0.1176,144,60,22,772,,C4,,,,,,,,n72_5C4t_0,772,,gutim,72,
72,388.8143,0.1176,144,69,22,772,,A4,,,,,,,,n72_5A4t_0,772,,gutim,72,
72,388.9613,0.3529,144,40,22,773,,E2,,,,,,,,n72_5E2s,773,,gutim,72,
72,389.4025,0.4706,144,40,22,774,,E2,,,,,,,,n72_5E2e_0,774,,gutim,72,
72,389.4025,0.4706,144,44,22,774,,G#2,,,,,,,,n72_5Gs2e_0,774,,gutim,72,
72,389.4025,0.4706,144,60,22,774,,C4,,,,,,,,n72_5C4e,774,,gutim,72,
72,389.4025,0.4706,144,69,22,774,,A4,,,,,,,,n72_5A4e,774,,gutim,72,
72,389.5986,0.3137,144,61,22,775,,Db4,,,,,,,,n72_1Db4e,775,,gutim,72,
72,389.5986,0.3137,144,84,22,775,,C6,,,,,,,,n72_1C6e,775,,gutim,72,
72,389.9907,0.1176,144,40,22,776,,E2,,,,,,,,n72_5E2t_0,776,,gutim,72,
72,389.9907,0.1176,144,44,22,776,,G#2,,,,,,,,n72_5Gs2t_0,776,,gutim,72,
72,389.9907,0.1176,144,60,22,776,,C4,,,,,,,,n72_5C4t_1,776,,gutim,72,
72,389.9907,0.1176,144,69,22,776,,A4,,,,,,,,n72_5A4t_1,776,,gutim,72,
72,390.1378,0.2353,144,90,22,777,,F#6,,,,,,,,n72_1Fs6s_0,777,,gutim,72,
72,390.1378,0.1176,144,37,22,777,,C#2,,,,,,,,n72_5Cs2t_0,777,,gutim,72,
72,390.1378,0.1176,144,50,22,777,,D3,,,,,,,,n72_5D3t_1,777,,gutim,72,
72,390.2849,0.1176,144,35,22,778,,B1,,,,,,,,n72_5B1t_0,778,,gutim,72,
72,390.4319,0.1176,144,101,22,779,,F7,,,,,,,,n72_1F7t_0,779,,gutim,72,
72,390.4319,0.4706,144,50,22,779,,D3,,,,,,,,n72_5D3t_2,779,,gutim,72,
72,391.0202,0.1176,144,101,22,780,,F7,,,,,,,,n72_1F7t_1,780,,gutim,72,
72,391.0202,0.1176,144,35,22,780,,B1,,,,,,,,n72_5B1t_1,780,,gutim,72,
72,391.0202,0.1176,144,37,22,780,,C#2,,,,,,,,n72_5Cs2t_1,780,,gutim,72,
72,391.0202,0.1176,144,50,22,780,,D3,,,,,,,,n72_5D3t_3,780,,gutim,72,
72,391.1672,0.8235,144,34,22,781,,Bb1,,,,,,,,n72_5Bb1e_0,781,,gutim,72,
72,391.5594,0.1569,144,61,22,782,,Db4,,,,,,,,n72_1Db4s,782,,gutim,72,
72,391.5594,0.1569,144,84,22,782,,C6,,,,,,,,n72_1C6s_0,782,,gutim,72,
72,391.7554,0.3529,144,60,22,783,,C4,,,,,,,,n72_1C4s,783,,gutim,72,
72,391.7554,0.3529,144,69,22,783,,A4,,,,,,,,n72_1A4s,783,,gutim,72,
72,391.7554,0.3529,144,90,22,783,,F#6,,,,,,,,n72_1Fs6s_1,783,,gutim,72,
72,392.1966,0.1176,144,60,22,784,,C4,,,,,,,,n72_1C4t_0,784,,gutim,72,
72,392.1966,0.1176,144,69,22,784,,A4,,,,,,,,n72_1A4t_0,784,,gutim,72,
72,392.1966,0.1176,144,40,22,784,,E2,,,,,,,,n72_5E2t_1,784,,gutim,72,
72,392.1966,0.1176,144,44,22,784,,G#2,,,,,,,,n72_5Gs2t_1,784,,gutim,72,
72,392.3437,0.3137,144,34,22,785,,Bb1,,,,,,,,n72_5Bb1e_1,785,,gutim,72,
72,392.7358,0.1569,144,81,22,786,,A5,,,,,,,,n72_1A5s,786,,gutim,72,
72,392.7358,0.1569,144,49,22,786,,C#3,,,,,,,,n72_5Cs3s,786,,gutim,72,
72,392.7358,0.1569,144,62,22,786,,D4,,,,,,,,n72_5D4s,786,,gutim,72,
72,392.9319,0.1176,144,60,22,787,,C4,,,,,,,,n72_1C4t_1,787,,gutim,72,
72,392.9319,0.1176,144,69,22,787,,A4,,,,,,,,n72_1A4t_1,787,,gutim,72,
72,392.9319,0.4706,144,40,22,787,,E2,,,,,,,,n72_5E2e_1,787,,gutim,72,
72,392.9319,0.4706,144,44,22,787,,G#2,,,,,,,,n72_5Gs2e_1,787,,gutim,72,
72,393.079,0.3529,144,90,22,788,,F#6,,,,,,,,n72_1Fs6s_2,788,,gutim,72,
72,393.9123,0.1569,144,63,14,789,,Eb4,,,,,,,,n72_1Eb4s,789,,gutim,72,
72,393.9123,0.1569,144,67,14,789,,G4,,,,,,,,n72_1G4s,789,,gutim,72,
72,393.9123,0.1569,144,84,14,789,,C6,,,,,,,,n72_1C6s_1,789,,gutim,72,
72,393.9123,0.1569,144,93,14,789,,A6,,,,,,,,n72_1A6s,789,,gutim,72,
72,394.1084,0.3137,144,63,15,790,,Eb4,,,,,,,,n72_1Eb4e,790,,gutim,72,
72,394.1084,0.3137,144,66,15,790,,F#4,,,,,,,,n72_1Fs4e,790,,gutim,72,
72,394.1084,0.3137,144,67,15,790,,G4,,,,,,,,n72_1G4e,790,,gutim,72,
72,394.1084,0.3137,144,87,15,790,,Eb6,,,,,,,,n72_1Eb6e,790,,gutim,72,
72,394.2064,0.0784,144,69,22,791,,A4,,,,,,,,n72_5A4t_2,791,,gutim,72,
72,394.3045,0.0784,144,37,22,792,,C#2,,,,,,,,n72_5Cs2t_2,792,,gutim,72,
72,394.4025,0.0784,144,35,22,793,,B1,,,,,,,,n72_5B1t_2,793,,gutim,72,
72,394.5005,0.0784,144,50,22,794,,D3,,,,,,,,n72_5D3t_4,794,,gutim,72,
72,394.5986,0.0784,144,101,22,795,,F7,,,,,,,,n72_1F7t_2,795,,gutim,72,
72,394.5986,0.0784,144,35,22,795,,B1,,,,,,,,n72_5B1t_3,795,,gutim,72,
72,394.5986,0.0784,144,37,22,795,,C#2,,,,,,,,n72_5Cs2t_3,795,,gutim,72,
,,,,,,,,,,,,,,,,,,73,,,
73,394.6966,0.3137,144,90,22,796,,F#6,,,,,,,,n73_1Fs6e_0,796,,gutim,73,
73,394.6966,0.4706,144,40,22,796,,E2,,,,,,,,n73_5E2e_0,796,,gutim,73,
73,394.6966,0.4706,144,44,22,796,,G#2,,,,,,,,n73_5Gs2e_0,796,,gutim,73,
73,395.0888,0.3137,144,61,22,797,,Db4,,,,,,,,n73_1Db4e,797,,gutim,73,
73,395.0888,0.3137,144,84,22,797,,C6,,,,,,,,n73_1C6e,797,,gutim,73,
73,395.2849,0.0368,144,40,22,798,,E2,,,,,,,,n73_5E2t,798,,gutim,73,
73,395.2849,0.1176,144,44,22,798,,G#2,,,,,,,,n73_5Gs2t,798,,gutim,73,
73,395.2849,0.1176,144,60,22,798,,C4,,,,,,,,n73_5C4t,798,,gutim,73,
73,395.2849,0.1176,144,69,22,798,,A4,,,,,,,,n73_5A4t_0,798,,gutim,73,
73,395.4319,0.1176,144,69,22,799,,A4,,,,,,,,n73_5A4t_1,799,,gutim,73,
73,395.579,0.1176,144,35,22,800,,B1,,,,,,,,n73_5B1t_0,800,,gutim,73,
73,395.726,0.1176,144,37,22,801,,C#2,,,,,,,,n73_5Cs2t_0,801,,gutim,73,
73,395.726,0.1176,144,50,22,801,,D3,,,,,,,,n73_5D3t_0,801,,gutim,73,
73,395.8731,0.3529,144,97,22,802,,C#7,,,,,,,,n73_1Cs7s,802,,gutim,73,
73,395.8731,0.3137,144,58,22,802,,Bb3,,,,,,,,n73_5Bb3e,802,,gutim,73,
73,396.3143,0.1176,144,60,22,803,,C4,,,,,,,,n73_1C4t_0,803,,gutim,73,
73,396.3143,0.1176,144,69,22,803,,A4,,,,,,,,n73_1A4t_0,803,,gutim,73,
73,396.3143,0.1176,144,90,22,803,,F#6,,,,,,,,n73_1Fs6t_0,803,,gutim,73,
73,396.4613,0.4706,144,60,22,804,,C4,,,,,,,,n73_1C4e_0,804,,gutim,73,
73,396.4613,0.4706,144,69,22,804,,A4,,,,,,,,n73_1A4e_0,804,,gutim,73,
73,396.4613,0.4706,144,90,22,804,,F#6,,,,,,,,n73_1Fs6e_1,804,,gutim,73,
73,396.4613,0.4706,144,101,22,804,,F7,,,,,,,,n73_1F7e,804,,gutim,73,
73,396.6574,0.1569,144,53,22,805,,F3,,,,,,,,n73_5F3s_0,805,,gutim,73,
73,396.8535,0.1569,144,23,22,806,,B0,,,,,,,,n73_5B0s,806,,gutim,73,
73,397.0496,0.6275,144,81,22,807,,A5,,,,,,,,n73_1A5q,807,,gutim,73,
73,397.0496,0.3137,144,49,22,807,,C#3,,,,,,,,n73_5Cs3e_0,807,,gutim,73,
73,397.0496,0.3137,144,53,22,807,,F3,,,,,,,,n73_5F3e_0,807,,gutim,73,
73,397.0496,0.3137,144,62,22,807,,D4,,,,,,,,n73_5D4e_0,807,,gutim,73,
73,397.4417,0.4706,144,23,22,808,,B0,,,,,,,,n73_5B0e,808,,gutim,73,
73,398.03,0.1569,144,81,22,809,,A5,,,,,,,,n73_1A5s_0,809,,gutim,73,
73,398.03,0.1569,144,49,22,809,,C#3,,,,,,,,n73_5Cs3s_0,809,,gutim,73,
73,398.03,0.1569,144,53,22,809,,F3,,,,,,,,n73_5F3s_1,809,,gutim,73,
73,398.03,0.1569,144,62,22,809,,D4,,,,,,,,n73_5D4s_0,809,,gutim,73,
73,398.226,0.6275,144,23,22,810,,B0,,,,,,,,n73_5B0q_0,810,,gutim,73,
73,398.8143,0.1176,144,35,22,811,,B1,,,,,,,,n73_1B1t,811,,gutim,73,
73,398.8143,0.1176,144,37,22,811,,C#2,,,,,,,,n73_1Cs2t,811,,gutim,73,
73,398.8143,0.1176,144,50,22,811,,D3,,,,,,,,n73_1D3t,811,,gutim,73,
73,398.8143,0.1176,144,69,22,811,,A4,,,,,,,,n73_1A4t_1,811,,gutim,73,
73,398.9613,0.1176,144,40,22,812,,E2,,,,,,,,n73_1E2t,812,,gutim,73,
73,398.9613,0.1176,144,44,22,812,,G#2,,,,,,,,n73_1Gs2t,812,,gutim,73,
73,398.9613,0.1176,144,60,22,812,,C4,,,,,,,,n73_1C4t_1,812,,gutim,73,
73,398.9613,0.1176,144,69,22,812,,A4,,,,,,,,n73_1A4t_2,812,,gutim,73,
73,399.2064,0.1569,144,81,22,813,,A5,,,,,,,,n73_1A5s_1,813,,gutim,73,
73,399.2064,0.1569,144,49,22,813,,C#3,,,,,,,,n73_5Cs3s_1,813,,gutim,73,
73,399.2064,0.1569,144,53,22,813,,F3,,,,,,,,n73_5F3s_2,813,,gutim,73,
73,399.2064,0.1569,144,62,22,813,,D4,,,,,,,,n73_5D4s_1,813,,gutim,73,
73,399.4025,0.3137,144,34,22,814,,Bb1,,,,,,,,n73_5Bb1e,814,,gutim,73,
73,399.4025,0.3137,144,49,22,814,,C#3,,,,,,,,n73_5Cs3e_1,814,,gutim,73,
73,399.4025,0.3137,144,53,22,814,,F3,,,,,,,,n73_5F3e_1,814,,gutim,73,
73,399.4025,0.3137,144,62,22,814,,D4,,,,,,,,n73_5D4e_1,814,,gutim,73,
73,399.7947,0.6275,144,23,22,815,,B0,,,,,,,,n73_5B0q_1,815,,gutim,73,
73,400.1378,0.1176,144,60,22,816,,C4,,,,,,,,n73_1C4t_2,816,,gutim,73,
73,400.1378,0.1176,144,69,22,816,,A4,,,,,,,,n73_1A4t_3,816,,gutim,73,
73,400.1378,0.1176,144,90,22,816,,F#6,,,,,,,,n73_1Fs6t_1,816,,gutim,73,
73,400.2849,0.2353,144,60,22,817,,C4,,,,,,,,n73_1C4s,817,,gutim,73,
73,400.2849,0.2353,144,69,22,817,,A4,,,,,,,,n73_1A4s,817,,gutim,73,
73,400.2849,0.2353,144,90,22,817,,F#6,,,,,,,,n73_1Fs6s,817,,gutim,73,
73,400.2849,0.2353,144,101,22,817,,F7,,,,,,,,n73_1F7s,817,,gutim,73,
73,400.579,0.3137,144,60,22,818,,C4,,,,,,,,n73_1C4e_1,818,,gutim,73,
73,400.579,0.3137,144,69,22,818,,A4,,,,,,,,n73_1A4e_1,818,,gutim,73,
73,400.579,0.4706,144,40,22,818,,E2,,,,,,,,n73_5E2e_1,818,,gutim,73,
73,400.579,0.4706,144,44,22,818,,G#2,,,,,,,,n73_5Gs2e_1,818,,gutim,73,
73,400.9711,0.6275,144,61,22,819,,Db4,,,,,,,,n73_1Db4q,819,,gutim,73,
73,400.9711,0.6275,144,84,22,819,,C6,,,,,,,,n73_1C6q,819,,gutim,73,
73,401.3143,0.1176,144,69,22,820,,A4,,,,,,,,n73_5A4t_2,820,,gutim,73,
73,401.4613,0.1176,144,35,22,821,,B1,,,,,,,,n73_5B1t_1,821,,gutim,73,
73,401.6084,0.1176,144,37,22,822,,C#2,,,,,,,,n73_5Cs2t_1,822,,gutim,73,
73,401.6084,0.1176,144,50,22,822,,D3,,,,,,,,n73_5D3t_1,822,,gutim,73,
,,,,,,,,,,,,,,,,,,74,,,
74,401.7554,0.3137,144,35,22,823,,B1,,,,,,,,n74_5B1e,823,,gutim,74,
74,401.7554,0.3137,144,37,22,823,,C#2,,,,,,,,n74_5Cs2e,823,,gutim,74,
74,401.7554,0.3137,144,50,22,823,,D3,,,,,,,,n74_5D3e,823,,gutim,74,
74,402.1476,0.6275,144,61,22,824,,Db4,,,,,,,,n74_1Db4q_0,824,,gutim,74,
74,402.1476,0.6275,144,84,22,824,,C6,,,,,,,,n74_1C6q_0,824,,gutim,74,
74,402.5398,0.1569,144,53,22,825,,F3,,,,,,,,n74_5F3s,825,,gutim,74,
74,402.7358,0.1569,144,23,22,826,,B0,,,,,,,,n74_5B0s,826,,gutim,74,
74,403.03,0.0931,144,69,22,827,,A4,,,,,,,,n74_5A4t_0,827,,gutim,74,
74,403.128,0.0931,144,37,22,828,,C#2,,,,,,,,n74_5Cs2t_0,828,,gutim,74,
74,403.226,0.0931,144,35,22,829,,B1,,,,,,,,n74_5B1t_0,829,,gutim,74,
74,403.3241,0.0931,144,50,22,830,,D3,,,,,,,,n74_5D3t_0,830,,gutim,74,
74,403.4221,0.0931,144,35,22,831,,B1,,,,,,,,n74_5B1t_1,831,,gutim,74,
74,403.4221,0.0931,144,37,22,831,,C#2,,,,,,,,n74_5Cs2t_1,831,,gutim,74,
74,403.6672,0.1176,144,40,22,832,,E2,,,,,,,,n74_5E2t_0,832,,gutim,74,
74,403.6672,0.1176,144,44,22,832,,G#2,,,,,,,,n74_5Gs2t_0,832,,gutim,74,
74,403.8143,0.2353,144,40,22,833,,E2,,,,,,,,n74_5E2s_0,833,,gutim,74,
74,403.8143,0.2353,144,44,22,833,,G#2,,,,,,,,n74_5Gs2s_0,833,,gutim,74,
74,403.8143,0.2353,144,60,22,833,,C4,,,,,,,,n74_5C4s_0,833,,gutim,74,
74,403.8143,0.2353,144,69,22,833,,A4,,,,,,,,n74_5A4s_0,833,,gutim,74,
74,404.1084,0.4706,144,34,22,834,,Bb1,,,,,,,,n74_5Bb1e,834,,gutim,74,
74,404.5005,0.6275,144,61,22,835,,Db4,,,,,,,,n74_1Db4q_1,835,,gutim,74,
74,404.5005,0.6275,144,84,22,835,,C6,,,,,,,,n74_1C6q_1,835,,gutim,74,
74,404.8437,0.1176,144,35,22,836,,B1,,,,,,,,n74_5B1t_2,836,,gutim,74,
74,404.8437,0.1176,144,37,22,836,,C#2,,,,,,,,n74_5Cs2t_2,836,,gutim,74,
74,404.8437,0.1176,144,50,22,836,,D3,,,,,,,,n74_5D3t_1,836,,gutim,74,
74,404.8437,0.1176,144,69,22,836,,A4,,,,,,,,n74_5A4t_1,836,,gutim,74,
74,404.9907,0.2353,144,40,22,837,,E2,,,,,,,,n74_5E2s_1,837,,gutim,74,
74,404.9907,0.2353,144,44,22,837,,G#2,,,,,,,,n74_5Gs2s_1,837,,gutim,74,
74,404.9907,0.2353,144,60,22,837,,C4,,,,,,,,n74_5C4s_1,837,,gutim,74,
74,404.9907,0.2353,144,69,22,837,,A4,,,,,,,,n74_5A4s_1,837,,gutim,74,
74,405.2849,0.3137,144,58,22,838,,Bb3,,,,,,,,n74_1Bb3e,838,,gutim,74,
74,405.2849,0.3137,144,97,22,838,,Db7,,,,,,,,n74_1Db7e_0,838,,gutim,74,
74,405.677,0.6275,144,52,22,839,,E3,,,,,,,,n74_1E3q,839,,gutim,74,
74,405.677,0.6275,144,61,22,839,,C#4,,,,,,,,n74_1Cs4q,839,,gutim,74,
74,405.677,0.6275,144,84,22,839,,C6,,,,,,,,n74_1C6q_2,839,,gutim,74,
74,405.8731,0.1121,144,64,22,840,,E4,,,,,,,,n74_5E4t,840,,gutim,74,
74,405.991,0.2241,144,54,22,841,,F#3,,,,,,,,n74_5Fs3s,841,,gutim,74,
74,406.227,0.1121,144,69,22,842,,A4,,,,,,,,n74_5A4t_2,842,,gutim,74,
74,406.3449,0.1121,144,68,22,843,,G#4,,,,,,,,n74_5Gs4t,843,,gutim,74,
74,406.4613,0.3137,144,97,22,844,,Db7,,,,,,,,n74_1Db7e_1,844,,gutim,74,
74,406.4629,0.3137,144,52,22,845,,E3,,,,,,,,n74_5E3e,845,,gutim,74,
74,406.4629,0.3137,144,58,22,845,,Bb3,,,,,,,,n74_5Bb3e,845,,gutim,74,
74,406.8535,0.1569,144,84,22,846,,C6,,,,,,,,n74_1C6s_0,846,,gutim,74,
74,406.855,0.1556,144,52,22,846,,E3,,,,,,,,n74_5E3s_0,846,,gutim,74,
74,406.855,0.1556,144,61,22,846,,C#4,,,,,,,,n74_5Cs4s,846,,gutim,74,
74,407.0496,0.4706,144,97,22,847,,Db7,,,,,,,,n74_1Db7e_2,847,,gutim,74,
74,407.0496,0.2353,144,52,22,847,,E3,,,,,,,,n74_5E3s_1,847,,gutim,74,
74,407.0496,0.2353,144,58,22,847,,Bb3,,,,,,,,n74_5Bb3s,847,,gutim,74,
74,407.3437,0.1176,144,40,22,848,,E2,,,,,,,,n74_5E2t_1,848,,gutim,74,
74,407.3437,0.1176,144,44,22,848,,G#2,,,,,,,,n74_5Gs2t_1,848,,gutim,74,
74,407.4907,0.1176,144,60,22,849,,C4,,,,,,,,n74_5C4t,849,,gutim,74,
74,407.4907,0.1176,144,69,22,849,,A4,,,,,,,,n74_5A4t_3,849,,gutim,74,
74,407.6378,0.1863,144,68,22,850,,Ab4,,,,,,,,n74_1Ab4s,850,,gutim,74,
74,407.8339,0.1863,144,84,22,851,,C6,,,,,,,,n74_1C6s_1,851,,gutim,74,
74,408.03,0.0931,144,58,22,852,,Bb3,,,,,,,,n74_1Bb3t_0,852,,gutim,74,
74,408.128,0.0931,144,68,22,853,,Ab4,,,,,,,,n74_1Ab4t_0,853,,gutim,74,
74,408.226,0.1397,144,58,22,854,,Bb3,,,,,,,,n74_1Bb3t_1,854,,gutim,74,
74,408.226,0.1397,144,84,22,854,,C6,,,,,,,,n74_1C6t,854,,gutim,74,
74,408.3731,0.1397,144,68,22,855,,Ab4,,,,,,,,n74_1Ab4t_1,855,,gutim,74,
74,408.5202,0.0931,144,58,22,856,,Bb3,,,,,,,,n74_1Bb3t_2,856,,gutim,74,
74,408.6182,0.0931,144,68,22,857,,Ab4,,,,,,,,n74_1Ab4t_2,857,,gutim,74,
74,408.7162,0.0931,144,58,22,858,,Bb3,,,,,,,,n74_1Bb3t_3,858,,gutim,74,
,,,,,,,7052,,,,,,,,,,,,gutim,,
,,,,,,,,,,,,,,,,,,79,,,
79,437.0496,0.06,144,93,17,859,,A6,g,,,,,,,ng79_1A6e,859,,gutim,79,
79,437.0511,0.06,144,96,8,859,,C7,g,,,,,,,ng79_5C7e_0,859,,gutim,79,
79,437.1246,1.8824,144,63,14,860,,Eb4,,,,,,,,n79_1Eb4h,860,,gutim,79,
79,437.1246,0.1121,144,91,14,860,,G6,,,,,,,,n79_2G6t_0,860,,gutim,79,
79,437.1261,0.3187,144,100,8,860,,E7,,,,,,,,n79_5E7s,860,,gutim,79,
79,437.2425,0.1121,144,95,8,861,,B6,,,,,,,,n79_2B6t_0,861,,gutim,79,
79,437.3605,0.1121,144,91,8,862,,G6,,,,,,,,n79_2G6t_1,862,,gutim,79,
79,437.4616,0.3187,144,56,8,863,,Ab3,,,,,,,,n79_5Ab3s_0,863,,gutim,79,
79,437.4784,0.1121,144,95,8,864,,B6,,,,,,,,n79_2B6t_1,864,,gutim,79,
79,437.5964,0.1121,144,91,8,865,,G6,,,,,,,,n79_2G6t_2,865,,gutim,79,
79,437.7143,0.1674,144,95,8,866,,B6,,,,,,,,n79_2B6t_2,866,,gutim,79,
79,437.7971,0.4802,144,62,8,867,,D4,,,,,,,,n79_5D4s,867,,gutim,79,
79,437.8905,0.1674,144,91,8,868,,G6,,,,,,,,n79_2G6t_3,868,,gutim,79,
79,438.0667,0.1121,144,95,8,869,,B6,,,,,,,,n79_2B6t_3,869,,gutim,79,
79,438.1846,0.1121,144,105,8,870,,A7,,,,,,,,n79_2A7t_0,870,,gutim,79,
79,438.2276,0.0712,144,96,9,871,,C7,g,,,,,,,ng79_5C7e_1,871,,gutim,79,
79,438.3026,0.0931,144,72,8,872,,C5,,,,,,,,n79_2C5t_0,872,,gutim,79,
79,438.3026,0.1397,144,100,9,872,,E7,,,,,,,,n79_5E7t_0,872,,gutim,79,
79,438.4006,0.0931,144,95,8,873,,B6,,,,,,,,n79_2B6t_4,873,,gutim,79,
79,438.4496,0.1397,144,56,9,874,,Ab3,,,,,,,,n79_5Ab3t_0,874,,gutim,79,
79,438.4986,0.0931,144,84,8,875,,C6,,,,,,,,n79_2C6t_0,875,,gutim,79,
79,438.5967,0.1397,144,95,8,876,,B6,,,,,,,,n79_2B6t_5,876,,gutim,79,
79,438.5967,0.1397,144,62,9,876,,D4,,,,,,,,n79_5D4t_0,876,,gutim,79,
79,438.7437,0.1397,144,84,8,877,,C6,,,,,,,,n79_2C6t_1,877,,gutim,79,
79,438.7437,0.1397,144,61,9,877,,Db4,,,,,,,,n79_5Db4t,877,,gutim,79,
79,438.8908,0.1863,144,95,8,878,,B6,,,,,,,,n79_2B6t_6,878,,gutim,79,
79,439.0869,0.1237,144,84,8,879,,C6,,,,,,,,n79_2C6t_2,879,,gutim,79,
79,439.2171,0.1237,144,99,8,880,,Eb7,,,,,,,,n79_2Eb7t_0,880,,gutim,79,
79,439.3473,0.1237,144,105,8,881,,A7,,,,,,,,n79_2A7t_1,881,,gutim,79,
79,439.4775,0.1237,144,72,8,882,,C5,,,,,,,,n79_2C5t_1,882,,gutim,79,
79,439.479,0.6389,144,96,10,882,,C7,,,,,,,,n79_5C7e,882,,gutim,79,
79,439.6077,0.1237,144,99,8,883,,Eb7,,,,,,,,n79_2Eb7t_1,883,,gutim,79,
79,439.7379,0.1863,144,105,8,884,,A7,,,,,,,,n79_2A7t_2,884,,gutim,79,
79,439.934,0.1237,144,99,8,885,,Eb7,,,,,,,,n79_2Eb7t_2,885,,gutim,79,
79,440.0642,0.1863,144,105,8,886,,A7,,,,,,,,n79_2A7s,886,,gutim,79,
79,440.1515,0.6389,144,56,11,887,,Ab3,,,,,,,,n79_5Ab3s_1,887,,gutim,79,
79,440.2603,0.1042,144,85,8,888,,Db6,,,,,,,,n79_1Db6t,888,,gutim,79,
79,440.2634,0.3725,144,99,8,889,,Eb7,,,,,,,,n79_2Eb7e,889,,gutim,79,
79,440.3936,0.1237,144,41,14,890,,F2,,,,,,,,n79_1F2t,890,,gutim,79,
79,440.5238,0.1252,144,54,14,891,,Gb3,,,,,,,,n79_1Gb3t,891,,gutim,79,
79,440.824,0.2401,144,100,11,892,,E7,,,,,,,,n79_5E7t_1,892,,gutim,79,
79,441.0768,0.2401,144,56,12,893,,Ab3,,,,,,,,n79_5Ab3t_2,893,,gutim,79,
79,441.3295,0.2401,144,74,12,894,,D5,,,,,,,,n79_5D5t,894,,gutim,79,
79,441.5823,0.2372,144,73,12,895,,Db5,,,,,,,,n79_5Db5t,895,,gutim,79,
79,441.607,0.0712,144,79,11,896,,G5,g,,,,,,,ng79_1G5e,896,,gutim,79,
79,441.682,0.0712,144,72,11,897,,C5,g,,,,,,,ng79_1C5e,897,,gutim,79,
79,441.6823,0.0712,144,62,11,897,,D4,g,,,,,,,ng79_5D4e,897,,gutim,79,
79,441.757,0.0712,144,83,11,898,,B5,g,,,,,,,ng79_1B5e,898,,gutim,79,
79,441.7573,0.0712,144,72,11,898,,C5,g,,,,,,,ng79_5C5e,898,,gutim,79,
79,441.8323,0.0712,144,61,11,899,,C#4,g,,,,,,,ng79_5Cs4e,899,,gutim,79,
79,441.9073,1.6765,144,93,11,900,,A6,,,,,,,,n79_1A6q,900,,gutim,79,
79,441.9073,1.6765,144,76,11,900,,E5,,,,,,,,n79_5E5q,900,,gutim,79,
79,443.672,0.0931,144,79,14,901,,G5,,,,,,,,n79_1G5t_0,901,,gutim,79,
79,443.77,0.0931,144,72,14,902,,C5,,,,,,,,n79_1C5t_0,902,,gutim,79,
79,443.8681,0.0931,144,79,14,903,,G5,,,,,,,,n79_1G5t_1,903,,gutim,79,
79,443.9339,0.0626,144,62,11,904,,D4,,,,,,,,n79_5D4t_1,904,,gutim,79,
79,443.9661,0.0931,144,83,14,905,,B5,,,,,,,,n79_1B5t_0,905,,gutim,79,
79,443.9998,0.0626,144,72,12,906,,C5,,,,,,,,n79_5C5t,906,,gutim,79,
79,444.0641,0.0931,144,72,15,907,,C5,,,,,,,,n79_1C5t_1,907,,gutim,79,
79,444.0657,0.0626,144,62,12,907,,D4,,,,,,,,n79_5D4t_2,907,,gutim,79,
79,444.1316,0.0626,144,61,13,908,,C#4,,,,,,,,n79_5Cs4t,908,,gutim,79,
79,444.1622,0.0931,144,83,15,909,,B5,,,,,,,,n79_1B5t_1,909,,gutim,79,
79,444.1974,0.0597,144,62,13,910,,D4,,,,,,,,n79_5D4t_3,910,,gutim,79,
,,,,,,,,,,,,,,,,,,80,,,
80,444.2587,1.6765,144,93,14,911,,A6,,,,,,,,n80_1A6q,911,,gutim,80,
80,444.2587,0.3725,144,88,14,911,,E6,,,,,,,,n80_5E6e,911,,gutim,80,
80,444.6509,0.4706,144,56,14,912,,G#3,,,,,,,,n80_5Gs3e,912,,gutim,80,
80,445.2391,0.1569,144,85,20,913,,C#6,,,,,,,,n80_5Cs6s,913,,gutim,80,
80,445.4352,0.1863,144,41,17,914,,F2,,,,,,,,n80_5F2s_0,914,,gutim,80,
80,445.6312,0.0931,144,54,14,915,,Gb3,,,,,,,,n80_5Gb3t_0,915,,gutim,80,
80,445.7293,0.1863,144,41,12,916,,F2,,,,,,,,n80_5F2s_1,916,,gutim,80,
80,445.9254,0.0931,144,54,10,917,,Gb3,,,,,,,,n80_5Gb3t_1,917,,gutim,80,
80,446.0234,0.1863,144,87,14,918,,D#6,,,,,,,,n80_1Ds6s_0,918,,gutim,80,
80,446.0234,0.1863,144,41,8,918,,F2,,,,,,,,n80_5F2s_2,918,,gutim,80,
80,446.2195,0.1863,144,93,17,919,,A6,,,,,,,,n80_1A6s,919,,gutim,80,
80,446.4156,0.1863,144,87,17,920,,D#6,,,,,,,,n80_1Ds6s_1,920,,gutim,80,
80,446.5156,0.06,144,104,5,921,,G#7,g,,,,,,,ng80_1Gs7e,921,,gutim,80,
80,446.5906,0.06,144,76,5,922,,E5,g,,,,,,,ng80_1E5e,922,,gutim,80,
80,446.5906,0.06,144,81,5,922,,A5,g,,,,,,,ng80_1A5e,922,,gutim,80,
80,446.6656,0.06,144,89,5,923,,F6,g,,,,,,,ng80_1F6e,923,,gutim,80,
80,446.6656,0.06,144,99,5,923,,D#7,g,,,,,,,ng80_1Ds7e,923,,gutim,80,
80,446.7406,0.2353,144,67,5,924,,G4,,,,,,,,n80_1G4s,924,,gutim,80,
80,446.7406,0.2353,144,95,5,924,,B6,,,,,,,,n80_1B6s,924,,gutim,80,
80,446.7406,0.2353,144,105,24,924,,A7,,,,,,,,n80_1A7s,924,,gutim,80,
80,446.7406,0.3725,144,72,14,924,,C5,,,,,,,,n80_5C5e,924,,gutim,80,
80,447.0347,0.2353,144,91,5,925,,G6,,,,,,,,n80_1G6s,925,,gutim,80,
80,447.1327,0.3725,144,50,17,926,,D3,,,,,,,,n80_5D3e,926,,gutim,80,
80,447.5249,0.1121,144,76,18,927,,E5,,,,,,,,n80_5E5t,927,,gutim,80,
80,447.6428,0.1121,144,49,19,928,,C#3,,,,,,,,n80_5Cs3t_0,928,,gutim,80,
80,447.7608,0.0742,144,44,19,929,,G#2,,,,,,,,n80_5Gs2t,929,,gutim,80,
80,447.8389,0.0742,144,49,19,930,,C#3,,,,,,,,n80_5Cs3t_1,930,,gutim,80,
80,447.917,0.1237,144,87,20,931,,D#6,,,,,,,,n80_1Ds6t_0,931,,gutim,80,
80,448.0457,0.1237,144,96,20,932,,C7,,,,,,,,n80_1C7t,932,,gutim,80,
80,448.1759,0.1237,144,87,21,933,,D#6,,,,,,,,n80_1Ds6t_1,933,,gutim,80,
80,448.3061,0.748,144,100,21,934,,E7,,,,,,,,n80_1E7e,934,,gutim,80,
,,,,,,,7054,,,,,,,,,,,,gutim,,
,,,,,,,,,,,,,,,,,,82,,,
82,455.7005,0.0699,144,108,8,935,,C8,,,,,,,,n82_1C8x,935,,gutim,82,
82,455.7741,0.0699,144,64,8,936,,E4,,,,,,,,n82_1E4x_0,936,,gutim,82,
82,455.8476,0.0699,144,73,9,937,,Db5,,,,,,,,n82_1Db5x_0,937,,gutim,82,
82,455.9211,0.0699,144,64,9,938,,E4,,,,,,,,n82_1E4x_1,938,,gutim,82,
82,455.9947,0.1048,144,73,10,939,,Db5,,,,,,,,n82_1Db5x_1,939,,gutim,82,
82,456.105,0.1048,144,64,10,940,,E4,,,,,,,,n82_1E4x_2,940,,gutim,82,
82,456.2153,0.0699,144,73,11,941,,Db5,,,,,,,,n82_1Db5x_2,941,,gutim,82,
82,456.2888,0.1048,144,96,11,942,,C7,,,,,,,,n82_1C7x_0,942,,gutim,82,
82,456.3991,0.1048,144,86,12,943,,D6,,,,,,,,n82_1D6x,943,,gutim,82,
82,456.5094,0.0699,144,64,13,944,,E4,,,,,,,,n82_1E4x_3,944,,gutim,82,
82,456.5829,0.0699,144,73,13,945,,Db5,,,,,,,,n82_1Db5x_3,945,,gutim,82,
82,456.6564,0.0699,144,94,13,946,,Bb6,,,,,,,,n82_1Bb6x_0,946,,gutim,82,
82,456.73,0.0699,144,96,14,947,,C7,,,,,,,,n82_1C7x_1,947,,gutim,82,
82,456.8035,0.0699,144,64,14,948,,E4,,,,,,,,n82_1E4x_4,948,,gutim,82,
82,456.877,0.0699,144,94,15,949,,Bb6,,,,,,,,n82_1Bb6x_1,949,,gutim,82,
82,456.9505,0.1048,144,56,15,950,,Ab3,,,,,,,,n82_1Ab3x,950,,gutim,82,
82,456.9505,0.1048,144,64,15,950,,E4,,,,,,,,n82_1E4x_5,950,,gutim,82,
82,457.0608,0.0699,144,82,16,951,,Bb5,,,,,,,,n82_1Bb5x_0,951,,gutim,82,
82,457.1344,0.0882,144,44,16,952,,Ab2,,,,,,,,n82_1Ab2x_0,952,,gutim,82,
82,457.2447,0.0588,144,82,14,953,,Bb5,,,,,,,,n82_1Bb5x_1,953,,gutim,82,
82,457.2447,0.0588,144,84,14,953,,C6,,,,,,,,n82_1C6x_0,953,,gutim,82,
82,457.3182,0.0882,144,44,14,954,,Ab2,,,,,,,,n82_1Ab2x_1,954,,gutim,82,
82,457.3182,0.0882,144,52,14,954,,E3,,,,,,,,n82_1E3x_0,954,,gutim,82,
82,457.4285,0.0882,144,82,14,955,,Bb5,,,,,,,,n82_1Bb5x_2,955,,gutim,82,
82,457.4285,0.0882,144,84,14,955,,C6,,,,,,,,n82_1C6x_1,955,,gutim,82,
82,457.5388,0.0588,144,32,14,956,,Ab1,,,,,,,,n82_1Ab1x_0,956,,gutim,82,
82,457.6123,0.0882,144,61,14,957,,Db4,,,,,,,,n82_1Db4x_0,957,,gutim,82,
82,457.7226,0.0882,144,52,14,958,,E3,,,,,,,,n82_1E3x_1,958,,gutim,82,
82,457.7226,0.0882,144,61,14,958,,Db4,,,,,,,,n82_1Db4x_1,958,,gutim,82,
82,457.8329,0.0882,144,32,14,959,,Ab1,,,,,,,,n82_1Ab1x_1,959,,gutim,82,
82,457.9432,0.0882,144,44,14,960,,Ab2,,,,,,,,n82_1Ab2x_2,960,,gutim,82,
82,457.9432,0.0882,144,82,14,960,,Bb5,,,,,,,,n82_1Bb5x_3,960,,gutim,82,
,,,,,,,7060,,,,,,,,,,,,gutim,,
,,,,,,,,,,,,,,,,,,88,,,
88,487.0503,0.1176,144,35,20,961,,B1,,,,,,,,n88_1B1t,961,,gutim,88,
88,487.0503,0.1176,144,37,20,961,,C#2,,,,,,,,n88_1Cs2t,961,,gutim,88,
88,487.0503,0.1176,144,40,20,961,,E2,,,,,,,,n88_1E2t,961,,gutim,88,
88,487.0503,0.1176,144,44,20,961,,G#2,,,,,,,,n88_1Gs2t,961,,gutim,88,
88,487.0503,0.1176,144,50,20,961,,D3,,,,,,,,n88_1D3t,961,,gutim,88,
88,487.0503,0.1176,144,60,20,961,,C4,,,,,,,,n88_1C4t,961,,gutim,88,
88,487.1484,0.0931,144,32,20,962,,G#1,,,,,,,,n88_5Gs1t_0,962,,gutim,88,
88,487.2464,0.0931,144,48,19,963,,C3,,,,,,,,n88_5C3t,963,,gutim,88,
88,487.3445,0.0931,144,66,19,964,,F#4,,,,,,,,n88_5Fs4t_0,964,,gutim,88,
88,487.4425,0.1397,144,57,18,965,,A3,,,,,,,,n88_5A3t,965,,gutim,88,
88,487.5896,0.1397,144,66,17,966,,F#4,,,,,,,,n88_5Fs4t_1,966,,gutim,88,
88,487.7366,0.0931,144,28,17,967,,E1,,,,,,,,n88_5E1t_0,967,,gutim,88,
88,487.8346,0.0931,144,32,16,968,,G#1,,,,,,,,n88_5Gs1t_1,968,,gutim,88,
88,487.9327,0.0931,144,28,15,969,,E1,,,,,,,,n88_5E1t_1,969,,gutim,88,
88,487.9327,0.0931,144,36,15,969,,C2,,,,,,,,n88_5C2t_0,969,,gutim,88,
88,488.0307,0.0931,144,66,15,970,,F#4,,,,,,,,n88_5Fs4t_2,970,,gutim,88,
88,488.1288,0.0931,144,28,14,971,,E1,,,,,,,,n88_5E1t_2,971,,gutim,88,
88,488.1288,0.0931,144,36,14,971,,C2,,,,,,,,n88_5C2t_1,971,,gutim,88,
88,488.2268,0.0931,144,32,14,972,,G#1,,,,,,,,n88_5Gs1t_2,972,,gutim,88,
88,488.2268,0.0931,144,45,14,972,,A2,,,,,,,,n88_5A2t_0,972,,gutim,88,
88,488.3248,0.1397,144,54,13,973,,F#3,,,,,,,,n88_5Fs3t_0,973,,gutim,88,
88,488.4719,0.1397,144,45,12,974,,A2,,,,,,,,n88_5A2t_1,974,,gutim,88,
88,488.619,0.1397,144,28,11,975,,E1,,,,,,,,n88_5E1t_3,975,,gutim,88,
88,488.619,0.1397,144,32,11,975,,G#1,,,,,,,,n88_5Gs1t_3,975,,gutim,88,
88,488.766,0.1397,144,36,11,976,,C2,,,,,,,,n88_5C2t_2,976,,gutim,88,
88,488.766,0.1397,144,54,11,976,,F#3,,,,,,,,n88_5Fs3t_1,976,,gutim,88,
88,488.9131,0.1397,144,28,10,977,,E1,,,,,,,,n88_5E1t_4,977,,gutim,88,
88,488.9131,0.1397,144,32,10,977,,G#1,,,,,,,,n88_5Gs1t_4,977,,gutim,88,
88,488.9131,0.1397,144,45,10,977,,A2,,,,,,,,n88_5A2t_2,977,,gutim,88,
88,489.0601,0.1397,144,36,9,978,,C2,,,,,,,,n88_5C2t_3,978,,gutim,88,
88,489.0601,0.1397,144,66,9,978,,F#4,,,,,,,,n88_5Fs4t_3,978,,gutim,88,
88,489.2072,0.0784,144,28,8,979,,E1,,,,,,,,n88_5E1t_5,979,,gutim,88,
88,489.3052,0.0784,144,45,8,980,,A2,,,,,,,,n88_5A2t_3,980,,gutim,88,
88,489.4033,0.7451,144,78,8,981,,F#5,,,,,,,,n88_1Fs5q,981,,gutim,88,
88,489.4033,0.2353,144,28,8,981,,E1,,,,,,,,n88_5E1s,981,,gutim,88,
88,489.4033,0.2353,144,32,8,981,,G#1,,,,,,,,n88_5Gs1s,981,,gutim,88,
88,489.4033,0.2353,144,36,8,981,,C2,,,,,,,,n88_5C2s,981,,gutim,88,
88,489.8415,0.0712,144,24,11,982,,C1,g,,,,,,,ng88_5C1e,982,,gutim,88,
88,489.9165,0.0712,144,30,11,983,,F#1,g,,,,,,,ng88_5Fs1e,983,,gutim,88,
88,489.9915,0.5588,144,40,11,984,,E2,,,,,,,,n88_5E2e,984,,gutim,88,
88,490.1876,0.0931,144,57,8,985,,A3,,,,,,,,n88_1A3t_0,985,,gutim,88,
88,490.2856,0.2794,144,44,8,986,,G#2,,,,,,,,n88_1Gs2s,986,,gutim,88,
88,490.5797,0.2794,144,78,14,987,,F#5,,,,,,,,n88_1Fs5s,987,,gutim,88,
,,,,,,,7061,,,,,,,,,,,,gutim,,
88,490.8739,0.0931,144,57,8,988,,A3,,,,,,,,n88_1A3t_1,988,,gutim,88,
88,490.9719,0.1569,144,52,20,989,,E3,,,,,,,,n88_1E3s,989,,gutim,88,
88,490.9719,0.1569,144,61,20,989,,C#4,,,,,,,,n88_1Cs4s,989,,gutim,88,
88,490.9719,0.1569,144,84,20,989,,C6,,,,,,,,n88_1C6s_0,989,,gutim,88,
88,491.168,0.4706,144,52,11,990,,E3,,,,,,,,n88_1E3e,990,,gutim,88,
88,491.168,0.4706,144,58,11,990,,Bb3,,,,,,,,n88_1Bb3e,990,,gutim,88,
88,491.168,0.4706,144,97,11,990,,C#7,,,,,,,,n88_1Cs7e_0,990,,gutim,88,
88,491.3641,0.0626,144,24,11,991,,C1,,,,,,,,n88_5C1x,991,,gutim,88,
88,491.4299,0.0626,144,30,12,992,,F#1,,,,,,,,n88_5Fs1x,992,,gutim,88,
88,491.4958,0.1237,144,52,13,993,,E3,,,,,,,,n88_5E3t,993,,gutim,88,
88,491.626,0.0626,144,56,15,994,,G#3,,,,,,,,n88_5Gs3x,994,,gutim,88,
88,491.6919,0.0626,144,57,15,995,,A3,,,,,,,,n88_5A3x,995,,gutim,88,
88,491.7562,0.4706,144,66,22,996,,F#4,,,,,,,,n88_1Fs4e,996,,gutim,88,
88,491.7577,0.5588,144,34,22,997,,Bb1,,,,,,,,n88_5Bb1e,997,,gutim,88,
88,492.3445,0.5588,144,84,14,998,,C6,,,,,,,,n88_1C6s_1,998,,gutim,88,
88,492.346,0.5574,144,52,14,998,,E3,,,,,,,,n88_5E3s,998,,gutim,88,
88,492.346,0.5574,144,58,14,998,,Bb3,,,,,,,,n88_5Bb3s,998,,gutim,88,
88,492.5405,0.3725,144,97,20,999,,C#7,,,,,,,,n88_1Cs7e_1,999,,gutim,88,
88,492.5421,0.3711,144,61,20,999,,Db4,,,,,,,,n88_5Db4e,999,,gutim,88,
,,,,,,,,,,,,,,,,,,89,,,
89,492.9327,0.1237,144,24,11,1000,,C1,,,,,,,,n89_5C1t_0,1000,,gutim,89,
89,493.0629,0.1237,144,30,12,1001,,F#1,,,,,,,,n89_5Fs1t,1001,,gutim,89,
89,493.1931,0.1863,144,52,13,1002,,E3,,,,,,,,n89_5E3t_0,1002,,gutim,89,
89,493.3892,0.1252,144,56,15,1003,,G#3,,,,,,,,n89_5Gs3t,1003,,gutim,89,
89,494.1092,0.9412,144,84,24,1004,,C6,,,,,,,,n89_1C6q,1004,,gutim,89,
89,494.1092,0.9412,144,97,24,1004,,C#7,,,,,,,,n89_1Cs7q,1004,,gutim,89,
89,494.1092,0.4706,144,52,24,1004,,E3,,,,,,,,n89_5E3e,1004,,gutim,89,
89,494.1092,0.4706,144,58,24,1004,,Bb3,,,,,,,,n89_5Bb3e,1004,,gutim,89,
89,494.1092,0.4706,144,61,24,1004,,Db4,,,,,,,,n89_5Db4e,1004,,gutim,89,
89,494.6974,0.1863,144,24,14,1005,,C1,,,,,,,,n89_5C1t_1,1005,,gutim,89,
89,494.8935,0.1863,144,52,15,1006,,E3,,,,,,,,n89_5E3t_1,1006,,gutim,89,
89,495.0896,0.0626,144,68,16,1007,,G#4,,,,,,,,n89_5Gs4x,1007,,gutim,89,
89,495.1554,0.1237,144,69,16,1008,,A4,,,,,,,,n89_5A4t,1008,,gutim,89,
89,495.2856,0.1863,144,24,16,1009,,C1,,,,,,,,n89_5C1t_2,1009,,gutim,89,
89,495.4817,0.1863,144,52,17,1010,,E3,,,,,,,,n89_5E3t_2,1010,,gutim,89,
89,495.6778,0.7451,144,68,18,1011,,G#4,,,,,,,,n89_5Gs4t,1011,,gutim,89,
89,496.4621,0.9412,144,66,8,1012,,F#4,,,,,,,,n89_1Fs4q,1012,,gutim,89,
89,496.4621,0.9412,144,34,8,1012,,Bb1,,,,,,,,n89_5Bb1q,1012,,gutim,89,
,,,,,,,7063,,,,,,,,,,,,gutim,,
,,,,,,,,,,,,,,,,,,90,,,
90,498.815,3.7647,144,66,14,1013,,F#4,,,,,,,,n90_1Fs4w,1013,,gutim,90,
90,498.815,3.7647,144,34,14,1013,,Bb1,,,,,,,,n90_5Bb1w,1013,,gutim,90,
,,,,,,,7066,,,,,,,,,,,,gutim,,
,,,,,,,,,,,,,,,,,,99,,,
99,547.3689,0.06,144,75,20,1014,,Eb5,g,,,,,,,ng99_1Eb5e,1014,,gutim,99,
99,547.4439,0.06,144,48,14,1015,,C3,g,,,,,,,ng99_1C3e,1015,,gutim,99,
99,547.5189,0.06,144,87,19,1016,,Eb6,g,,,,,,,ng99_1Eb6e,1016,,gutim,99,
99,547.5939,0.1021,144,49,14,1017,,C#3,,,,,,,,n99_1Cs3t_0,1017,,gutim,99,
99,547.5939,0.2857,144,55,14,1017,,G3,,,,,,,,n99_5G3e_0,1017,,gutim,99,
99,547.7013,0.1021,144,59,18,1018,,B3,,,,,,,,n99_1B3t_0,1018,,gutim,99,
99,547.8087,0.1021,144,49,17,1019,,C#3,,,,,,,,n99_1Cs3t_1,1019,,gutim,99,
99,547.9162,0.4082,144,59,16,1020,,B3,,,,,,,,n99_1B3s_0,1020,,gutim,99,
99,547.951,0.0848,144,42,5,1021,,Gb2,,,,,,,,n99_5Gb2t_0,1021,,gutim,99,
99,548.0403,0.0848,144,29,5,1022,,F1,,,,,,,,n99_5F1t_0,1022,,gutim,99,
99,548.1296,0.0848,144,42,5,1023,,Gb2,,,,,,,,n99_5Gb2t_1,1023,,gutim,99,
99,548.2189,0.0848,144,29,5,1024,,F1,,,,,,,,n99_5F1t_1,1024,,gutim,99,
99,548.3459,0.1021,144,49,13,1025,,C#3,,,,,,,,n99_1Cs3t_2,1025,,gutim,99,
99,548.4533,0.1021,144,59,12,1026,,B3,,,,,,,,n99_1B3t_1,1026,,gutim,99,
99,548.5607,0.0994,144,91,11,1027,,G6,,,,,,,,n99_1G6t,1027,,gutim,99,
99,549.126,0.0712,144,48,11,1028,,C3,g,,,,,,,ng99_5C3e_0,1028,,gutim,99,
99,549.201,0.0848,144,61,8,1029,,Db4,,,,,,,,n99_1Db4t_0,1029,,gutim,99,
99,549.201,0.5089,144,54,11,1029,,Gb3,,,,,,,,n99_5Gb3e_0,1029,,gutim,99,
99,549.2903,0.0848,144,70,9,1030,,Bb4,,,,,,,,n99_1Bb4t_0,1030,,gutim,99,
99,549.3796,0.0848,144,61,9,1031,,Db4,,,,,,,,n99_1Db4t_1,1031,,gutim,99,
99,549.4689,0.0848,144,70,10,1032,,Bb4,,,,,,,,n99_1Bb4t_1,1032,,gutim,99,
99,549.5582,0.1696,144,84,11,1033,,C6,,,,,,,,n99_1C6s,1033,,gutim,99,
99,549.6618,0.0712,144,48,14,1034,,C3,g,,,,,,,ng99_5C3e_1,1034,,gutim,99,
99,549.7368,0.5089,144,54,14,1035,,Gb3,,,,,,,,n99_5Gb3e_1,1035,,gutim,99,
99,550.2725,3.8571,144,69,17,1036,,A4,,,,,,,,n99_1A4e,1036,,gutim,99,
99,551.8796,0.3393,144,51,20,1037,,Eb3,,,,,,,,n99_5Eb3e_0,1037,,gutim,99,
99,552.2368,0.1696,144,25,15,1038,,Db1,,,,,,,,n99_5Db1s,1038,,gutim,99,
99,552.4153,0.1021,144,24,13,1039,,C1,,,,,,,,n99_5C1t_0,1039,,gutim,99,
99,552.5227,0.1021,144,47,11,1040,,B2,,,,,,,,n99_5B2t,1040,,gutim,99,
99,552.6302,0.1021,144,24,10,1041,,C1,,,,,,,,n99_5C1t_1,1041,,gutim,99,
99,552.7376,0.1021,144,35,8,1042,,B1,,,,,,,,n99_5B1t_0,1042,,gutim,99,
99,552.7376,0.1021,144,39,8,1042,,Eb2,,,,,,,,n99_5Eb2t,1042,,gutim,99,
99,552.845,0.1021,144,24,7,1043,,C1,,,,,,,,n99_5C1t_2,1043,,gutim,99,
99,552.9524,0.1021,144,35,5,1044,,B1,,,,,,,,n99_5B1t_1,1044,,gutim,99,
99,553.0599,0.1021,144,55,5,1045,,G3,,,,,,,,n99_5G3t,1045,,gutim,99,
99,555.0939,0.2679,144,24,14,1046,,C1,,,,,,,,n99_5C1e_0,1046,,gutim,99,
99,555.0939,0.4286,144,25,14,1046,,Db1,,,,,,,,n99_5Db1e,1046,,gutim,99,
99,555.0939,0.4286,144,35,14,1046,,B1,,,,,,,,n99_5B1e,1046,,gutim,99,
99,555.0939,0.4286,144,51,14,1046,,Eb3,,,,,,,,n99_5Eb3e_1,1046,,gutim,99,
99,555.0939,0.4286,144,55,14,1046,,G3,,,,,,,,n99_5G3e_1,1046,,gutim,99,
99,555.6296,0.5089,144,24,8,1047,,C1,,,,,,,,n99_5C1e_1,1047,,gutim,99,
99,555.6296,0.4286,144,37,8,1047,,Db2,,,,,,,,n99_5Db2e,1047,,gutim,99,
99,555.6296,0.4286,144,47,8,1047,,B2,,,,,,,,n99_5B2e,1047,,gutim,99,
99,555.6296,0.4286,144,51,8,1047,,Eb3,,,,,,,,n99_5Eb3e_2,1047,,gutim,99,
99,555.6296,0.4286,144,55,8,1047,,G3,,,,,,,,n99_5G3e_2,1047,,gutim,99,
,,,,,,,,,,,,,,,,,,100,,,
100,556.1653,1.7143,144,63,14,1048,,Eb4,,,,,,,,n100_5Eb4h_0,1048,,gutim,100,
100,557.2368,0.0636,144,80,14,1049,,Ab5,,,,,,,,n100_1Ab5x_0,1049,,gutim,100,
100,557.3037,0.0636,144,75,14,1050,,Eb5,,,,,,,,n100_1Eb5x_0,1050,,gutim,100,
100,557.3707,0.0636,144,80,14,1051,,Ab5,,,,,,,,n100_1Ab5x_1,1051,,gutim,100,
100,557.4376,0.0636,144,75,14,1052,,Eb5,,,,,,,,n100_1Eb5x_1,1052,,gutim,100,
100,557.5046,0.0636,144,80,14,1053,,Ab5,,,,,,,,n100_1Ab5x_2,1053,,gutim,100,
100,557.5716,0.0636,144,75,14,1054,,Eb5,,,,,,,,n100_1Eb5x_2,1054,,gutim,100,
100,557.6385,0.0636,144,71,14,1055,,B4,,,,,,,,n100_1B4x_0,1055,,gutim,100,
100,557.7055,0.0954,144,75,14,1056,,Eb5,,,,,,,,n100_1Eb5x_3,1056,,gutim,100,
100,557.806,0.0954,144,80,14,1057,,Ab5,,,,,,,,n100_1Ab5x_3,1057,,gutim,100,
100,557.9064,0.0954,144,59,14,1058,,B3,,,,,,,,n100_1B3x,1058,,gutim,100,
100,558.0068,0.0954,144,63,14,1059,,Eb4,,,,,,,,n100_1Eb4x,1059,,gutim,100,
100,558.1073,0.0954,144,80,14,1060,,Ab5,,,,,,,,n100_1Ab5x_4,1060,,gutim,100,
100,558.2077,0.0954,144,47,14,1061,,B2,,,,,,,,n100_1B2x,1061,,gutim,100,
100,558.3082,0.0636,144,80,14,1062,,Ab5,,,,,,,,n100_1Ab5x_5,1062,,gutim,100,
100,558.3082,0.0848,144,33,14,1062,,A1,,,,,,,,n100_5A1t_0,1062,,gutim,100,
100,558.3751,0.0636,144,75,14,1063,,Eb5,,,,,,,,n100_1Eb5x_4,1063,,gutim,100,
100,558.3975,0.0848,144,43,14,1064,,G2,,,,,,,,n100_5G2t_0,1064,,gutim,100,
100,558.4421,0.0636,144,80,14,1065,,Ab5,,,,,,,,n100_1Ab5x_6,1065,,gutim,100,
100,558.4868,0.0848,144,33,14,1066,,A1,,,,,,,,n100_5A1t_1,1066,,gutim,100,
100,558.5091,0.0636,144,75,14,1067,,Eb5,,,,,,,,n100_1Eb5x_5,1067,,gutim,100,
100,558.576,0.0636,144,80,14,1068,,Ab5,,,,,,,,n100_1Ab5x_7,1068,,gutim,100,
100,558.576,0.1272,144,43,14,1068,,G2,,,,,,,,n100_5G2t_1,1068,,gutim,100,
100,558.643,0.0636,144,75,14,1069,,Eb5,,,,,,,,n100_1Eb5x_6,1069,,gutim,100,
100,558.71,0.0636,144,71,14,1070,,B4,,,,,,,,n100_1B4x_1,1070,,gutim,100,
100,558.71,0.1272,144,33,14,1070,,A1,,,,,,,,n100_5A1t_2,1070,,gutim,100,
100,558.7769,0.0954,144,75,14,1071,,Eb5,,,,,,,,n100_1Eb5x_7,1071,,gutim,100,
100,558.8439,0.1272,144,43,14,1072,,G2,,,,,,,,n100_5G2t_2,1072,,gutim,100,
100,558.8774,0.0954,144,80,14,1073,,Ab5,,,,,,,,n100_1Ab5x_8,1073,,gutim,100,
100,558.9778,0.0954,144,71,14,1074,,B4,,,,,,,,n100_1B4x_2,1074,,gutim,100,
100,558.9778,0.0848,144,33,14,1074,,A1,,,,,,,,n100_5A1t_3,1074,,gutim,100,
100,559.0671,0.0848,144,43,14,1075,,G2,,,,,,,,n100_5G2t_3,1075,,gutim,100,
100,559.0783,0.0954,144,75,14,1076,,Eb5,,,,,,,,n100_1Eb5x_8,1076,,gutim,100,
100,559.1564,0.0848,144,33,14,1077,,A1,,,,,,,,n100_5A1t_4,1077,,gutim,100,
100,559.1787,0.0954,144,80,14,1078,,Ab5,,,,,,,,n100_1Ab5x_9,1078,,gutim,100,
100,559.2457,0.1272,144,43,14,1079,,G2,,,,,,,,n100_5G2t_4,1079,,gutim,100,
100,559.2792,0.0954,144,71,14,1080,,B4,,,,,,,,n100_1B4x_3,1080,,gutim,100,
100,560.451,1.7143,144,63,14,1081,,Eb4,,,,,,,,n100_5Eb4h_1,1081,,gutim,100,
100,562.5939,0.1458,144,88,14,1082,,E6,,,,,,,,n100_1E6t_0,1082,,gutim,100,
100,562.7474,0.1458,144,49,14,1083,,C#3,,,,,,,,n100_1Cs3t_0,1083,,gutim,100,
100,562.9008,0.2187,144,49,14,1084,,C#3,,,,,,,,n100_1Cs3t_1,1084,,gutim,100,
100,562.9008,0.2187,144,88,14,1084,,E6,,,,,,,,n100_1E6t_1,1084,,gutim,100,
100,563.0546,0.06,144,69,14,1085,,A4,g,,,,,,,ng100_5A4e,1085,,gutim,100,
100,563.131,0.2187,144,68,14,1086,,G#4,,,,,,,,n100_1Gs4t,1086,,gutim,100,
100,563.131,0.2187,144,88,14,1086,,E6,,,,,,,,n100_1E6t_2,1086,,gutim,100,
100,563.1296,1.0179,144,64,14,1086,,E4,,,,,,,,n100_5E4q,1086,,gutim,100,
100,563.3612,0.1458,144,84,14,1087,,C6,,,,,,,,n100_1C6t,1087,,gutim,100,
100,563.5147,0.1431,144,58,14,1088,,Bb3,,,,,,,,n100_1Bb3t,1088,,gutim,100,
100,564.201,0.5089,144,68,14,1089,,G#4,,,,,,,,n100_5Gs4e,1089,,gutim,100,
,,,,,,,,,,,,,,,,,,101,,,
101,564.7368,5.1429,144,77,14,1090,,F5,,,,,,,,n101_1F5w,1090,,gutim,101,
101,564.7368,2.1429,144,58,14,1090,,Bb3,,,,,,,,n101_2Bb3h_0,1090,,gutim,101,
101,564.7368,2.1429,144,68,14,1090,,Ab4,,,,,,,,n101_2Ab4h_0,1090,,gutim,101,
101,564.7368,2.1429,144,84,14,1090,,C6,,,,,,,,n101_2C6h_0,1090,,gutim,101,
101,564.7368,2.1429,144,88,14,1090,,E6,,,,,,,,n101_2E6h_0,1090,,gutim,101,
101,564.7368,2.1429,144,64,14,1090,,E4,,,,,,,,n101_6E4h_0,1090,,gutim,101,
101,564.7368,2.1429,144,69,14,1090,,A4,,,,,,,,n101_6A4h_0,1090,,gutim,101,
101,567.4153,3.0,144,58,14,1091,,Bb3,,,,,,,,n101_2Bb3q,1091,,gutim,101,
101,567.4153,3.0,144,68,14,1091,,Ab4,,,,,,,,n101_2Ab4q,1091,,gutim,101,
101,567.4153,3.0,144,84,14,1091,,C6,,,,,,,,n101_2C6q,1091,,gutim,101,
101,567.4153,3.0,144,88,14,1091,,E6,,,,,,,,n101_2E6q,1091,,gutim,101,
101,567.4153,3.0,144,64,14,1091,,E4,,,,,,,,n101_6E4q,1091,,gutim,101,
101,567.4153,3.0,144,69,14,1091,,A4,,,,,,,,n101_6A4q,1091,,gutim,101,
101,571.1653,4.9286,144,77,14,1092,,F5,,,,,,,,n101_1F5h,1092,,gutim,101,
101,571.1653,1.7143,144,68,14,1092,,Ab4,,,,,,,,n101_2Ab4h_2,1092,,gutim,101,
101,571.1653,1.7143,144,40,14,1092,,E2,,,,,,,,n101_5E2h,1092,,gutim,101,
101,571.1653,1.7143,144,64,14,1092,,E4,,,,,,,,n101_6E4h_2,1092,,gutim,101,
101,571.1653,1.7143,144,69,14,1092,,A4,,,,,,,,n101_6A4h_2,1092,,gutim,101,
,,,,,,,,,,,,,,,,,,102,,,
102,573.3082,3.4286,144,68,14,1093,,Ab4,,,,,,,,n102_2Ab4w_0,1093,,gutim,102,
102,573.3082,3.4286,144,50,14,1093,,D3,,,,,,,,n102_5D3w,1093,,gutim,102,
102,573.3082,3.4286,144,64,14,1093,,E4,,,,,,,,n102_6E4w_0,1093,,gutim,102,
102,573.3082,3.4286,144,69,14,1093,,A4,,,,,,,,n102_6A4w_0,1093,,gutim,102,
102,577.326,0.1339,144,62,14,1094,,D4,,,,,,,,n102_1D4s,1094,,gutim,102,
102,577.326,0.2143,144,84,14,1094,,C6,,,,,,,,n102_1C6s,1094,,gutim,102,
102,577.326,0.2143,144,88,14,1094,,E6,,,,,,,,n102_1E6s,1094,,gutim,102,
102,577.5939,3.4286,144,62,14,1095,,D4,,,,,,,,n102_1D4w,1095,,gutim,102,
102,577.5939,3.4286,144,84,14,1095,,C6,,,,,,,,n102_1C6w,1095,,gutim,102,
102,577.5939,3.4286,144,88,14,1095,,E6,,,,,,,,n102_1E6w,1095,,gutim,102,
102,577.5939,3.4286,144,68,14,1095,,Ab4,,,,,,,,n102_2Ab4w_1,1095,,gutim,102,
102,577.5939,3.4286,144,64,14,1095,,E4,,,,,,,,n102_6E4w_1,1095,,gutim,102,
102,577.5939,3.4286,144,69,14,1095,,A4,,,,,,,,n102_6A4w_1,1095,,gutim,102,
102,578.1296,0.1429,144,44,14,1096,,G#2,,,,,,,,n102_5Gs2s,1096,,gutim,102,
102,578.3082,2.0,144,44,14,1097,,G#2,,,,,,,,n102_5Gs2e,1097,,gutim,102,
102,578.3082,2.0,144,49,14,1097,,C#3,,,,,,,,n102_5Cs3e,1097,,gutim,102,
102,580.8082,0.1272,144,37,14,1098,,C#2,,,,,,,,n102_5Cs2t_0,1098,,gutim,102,
102,580.9421,0.1272,144,57,14,1099,,A3,,,,,,,,n102_5A3t_0,1099,,gutim,102,
102,581.076,0.0848,144,35,14,1100,,B1,,,,,,,,n102_5B1t_0,1100,,gutim,102,
102,581.1653,0.0848,144,41,14,1101,,F2,,,,,,,,n102_5F2t_0,1101,,gutim,102,
102,581.2546,0.0848,144,35,14,1102,,B1,,,,,,,,n102_5B1t_1,1102,,gutim,102,
102,581.2546,0.0848,144,37,14,1102,,C#2,,,,,,,,n102_5Cs2t_1,1102,,gutim,102,
102,581.3439,0.0848,144,41,14,1103,,F2,,,,,,,,n102_5F2t_1,1103,,gutim,102,
102,581.4332,0.0848,144,23,14,1104,,B0,,,,,,,,n102_5B0t,1104,,gutim,102,
102,581.5225,0.0848,144,57,14,1105,,A3,,,,,,,,n102_5A3t_1,1105,,gutim,102,
102,581.6118,0.0848,144,41,14,1106,,F2,,,,,,,,n102_5F2t_2,1106,,gutim,102,
102,581.701,0.1696,144,23,14,1107,,B0,,,,,,,,n102_5B0s,1107,,gutim,102,
,,,,,,,7069,,,,,,,,,,,,gutim,,
,,,,,,,,,,,,,,,,,,108,,,
108,605.9868,2.0,144,68,14,1108,,Ab4,,,,,,,,n108_1Ab4h,1108,,gutim,108,
108,605.9868,2.0,144,62,14,1108,,D4,,,,,,,,n108_2D4h,1108,,gutim,108,
108,605.9868,2.0,144,84,5,1108,,C6,,,,,,,,n108_2C6h,1108,,gutim,108,
108,605.9868,2.0,144,88,5,1108,,E6,,,,,,,,n108_2E6h,1108,,gutim,108,
108,605.9868,2.0,144,64,14,1108,,E4,,,,,,,,n108_6E4h,1108,,gutim,108,
108,605.9868,2.0,144,69,14,1108,,A4,,,,,,,,n108_6A4h,1108,,gutim,108,
108,608.4868,0.6667,144,77,20,1109,,F5,,,,,,,,n108_2F5q,1109,,gutim,108,
108,608.4868,0.6667,144,31,20,1109,,G1,,,,,,,,n108_5G1q,1109,,gutim,108,
108,608.4868,0.6667,144,40,20,1109,,E2,,,,,,,,n108_5E2q,1109,,gutim,108,
108,609.3201,0.099,144,52,5,1110,,E3,,,,,,,,n108_2E3t_0,1110,,gutim,108,
108,609.4243,0.099,144,60,5,1111,,C4,,,,,,,,n108_2C4t_0,1111,,gutim,108,
108,609.5284,0.099,144,52,6,1112,,E3,,,,,,,,n108_2E3t_1,1112,,gutim,108,
108,609.6326,0.099,144,60,6,1113,,C4,,,,,,,,n108_2C4t_1,1113,,gutim,108,
108,609.7368,0.099,144,52,7,1114,,E3,,,,,,,,n108_2E3t_2,1114,,gutim,108,
108,609.7368,0.099,144,60,7,1114,,C4,,,,,,,,n108_2C4t_2,1114,,gutim,108,
108,609.7368,0.099,144,90,14,1114,,Gb6,,,,,,,,n108_2Gb6t_0,1114,,gutim,108,
108,609.8409,0.1979,144,65,14,1115,,F4,,,,,,,,n108_2F4s,1115,,gutim,108,
108,610.1534,0.099,144,90,14,1116,,Gb6,,,,,,,,n108_2Gb6t_1,1116,,gutim,108,
108,610.2576,0.099,144,77,14,1117,,F5,,,,,,,,n108_2F5t,1117,,gutim,108,
,,,,,,,7071,,,,,,,,,,,,gutim,,
,,,,,,,,,,,,,,,,,,109,,,
109,615.9868,0.06,144,75,20,1118,,Eb5,g,,,,,,,ng109_1Eb5e,1118,,gutim,109,
109,616.0618,0.06,144,48,14,1119,,C3,g,,,,,,,ng109_1C3e,1119,,gutim,109,
109,616.1368,0.06,144,87,19,1120,,Eb6,g,,,,,,,ng109_1Eb6e,1120,,gutim,109,
109,616.2118,0.1191,144,49,14,1121,,C#3,,,,,,,,n109_1Cs3t_0,1121,,gutim,109,
109,616.2118,0.3333,144,55,14,1121,,G3,,,,,,,,n109_5G3e,1121,,gutim,109,
109,616.3371,0.1191,144,59,18,1122,,B3,,,,,,,,n109_1B3t_0,1122,,gutim,109,
109,616.4624,0.1191,144,49,17,1123,,C#3,,,,,,,,n109_1Cs3t_1,1123,,gutim,109,
109,616.5877,0.4762,144,59,16,1124,,B3,,,,,,,,n109_1B3s_0,1124,,gutim,109,
109,616.6284,0.099,144,42,5,1125,,Gb2,,,,,,,,n109_5Gb2t_0,1125,,gutim,109,
109,616.7326,0.099,144,29,5,1126,,F1,,,,,,,,n109_5F1t_0,1126,,gutim,109,
109,616.8368,0.099,144,42,5,1127,,Gb2,,,,,,,,n109_5Gb2t_1,1127,,gutim,109,
109,616.9409,0.099,144,29,5,1128,,F1,,,,,,,,n109_5F1t_1,1128,,gutim,109,
109,617.089,0.1191,144,49,13,1129,,C#3,,,,,,,,n109_1Cs3t_2,1129,,gutim,109,
109,617.2144,0.1191,144,59,12,1130,,B3,,,,,,,,n109_1B3t_1,1130,,gutim,109,
109,617.3397,0.116,144,91,11,1131,,G6,,,,,,,,n109_1G6t,1131,,gutim,109,
109,618.0118,0.0712,144,48,11,1132,,C3,g,,,,,,,ng109_5C3e_0,1132,,gutim,109,
109,618.0868,0.099,144,61,8,1133,,Db4,,,,,,,,n109_1Db4t_0,1133,,gutim,109,
109,618.0868,0.5938,144,54,11,1133,,Gb3,,,,,,,,n109_5Gb3e_0,1133,,gutim,109,
109,618.1909,0.099,144,70,9,1134,,Bb4,,,,,,,,n109_1Bb4t_0,1134,,gutim,109,
109,618.2951,0.099,144,61,9,1135,,Db4,,,,,,,,n109_1Db4t_1,1135,,gutim,109,
109,618.3993,0.099,144,70,10,1136,,Bb4,,,,,,,,n109_1Bb4t_1,1136,,gutim,109,
109,618.5034,0.1979,144,84,11,1137,,C6,,,,,,,,n109_1C6s,1137,,gutim,109,
109,618.6368,0.0712,144,48,14,1138,,C3,g,,,,,,,ng109_5C3e_1,1138,,gutim,109,
109,618.7118,0.5938,144,54,14,1139,,Gb3,,,,,,,,n109_5Gb3e_1,1139,,gutim,109,
109,619.3368,2.5,144,69,17,1140,,A4,,,,,,,,n109_1A4e,1140,,gutim,109,
109,621.2118,0.3958,144,51,20,1141,,Eb3,,,,,,,,n109_5Eb3e,1141,,gutim,109,
109,621.6284,0.1979,144,25,15,1142,,Db1,,,,,,,,n109_5Db1s,1142,,gutim,109,
109,621.8368,0.1191,144,24,13,1143,,C1,,,,,,,,n109_5C1t_0,1143,,gutim,109,
109,621.9621,0.1191,144,47,11,1144,,B2,,,,,,,,n109_5B2t,1144,,gutim,109,
109,622.0874,0.1191,144,24,10,1145,,C1,,,,,,,,n109_5C1t_1,1145,,gutim,109,
109,622.2127,0.1191,144,35,8,1146,,B1,,,,,,,,n109_5B1t,1146,,gutim,109,
109,622.2127,0.1191,144,39,8,1146,,Eb2,,,,,,,,n109_5Eb2t,1146,,gutim,109,
109,622.3381,0.1175,144,24,7,1147,,C1,,,,,,,,n109_5C1t_2,1147,,gutim,109,
,,,,,,,,,,,,,,,,,,110,,,
110,622.4618,2.0,144,69,14,1148,,A4,,,,,,,,n110_1A4h,1148,,gutim,110,
110,622.4618,0.1191,144,35,5,1148,,B1,,,,,,,,n110_5B1t,1148,,gutim,110,
110,622.5871,0.1191,144,55,5,1149,,G3,,,,,,,,n110_5G3t,1149,,gutim,110,
110,624.9618,0.3125,144,24,14,1150,,C1,,,,,,,,n110_5C1e_0,1150,,gutim,110,
110,624.9618,0.5,144,25,14,1150,,Db1,,,,,,,,n110_5Db1e,1150,,gutim,110,
110,624.9618,0.5,144,35,14,1150,,B1,,,,,,,,n110_5B1e,1150,,gutim,110,
110,624.9618,0.5,144,51,14,1150,,Eb3,,,,,,,,n110_5Eb3e_0,1150,,gutim,110,
110,624.9618,0.5,144,55,14,1150,,G3,,,,,,,,n110_5G3e_0,1150,,gutim,110,
110,625.5868,0.5938,144,24,8,1151,,C1,,,,,,,,n110_5C1e_1,1151,,gutim,110,
110,625.5868,0.5,144,37,8,1151,,Db2,,,,,,,,n110_5Db2e,1151,,gutim,110,
110,625.5868,0.5,144,47,8,1151,,B2,,,,,,,,n110_5B2e,1151,,gutim,110,
110,625.5868,0.5,144,51,8,1151,,Eb3,,,,,,,,n110_5Eb3e_1,1151,,gutim,110,
110,625.5868,0.5,144,55,14,1151,,G3,,,,,,,,n110_5G3e_1,1151,,gutim,110,
,,,,,,,7072,,,,,,,,,,,,gutim,,
110,626.2118,2.0,144,63,8,1152,,Eb4,,,,,,,,n110_5Eb4h,1152,,gutim,110,
110,627.4618,0.0742,144,80,8,1153,,Ab5,,,,,,,,n110_1Ab5x_0,1153,,gutim,110,
110,627.5399,0.0742,144,75,8,1154,,Eb5,,,,,,,,n110_1Eb5x_0,1154,,gutim,110,
110,627.618,0.0742,144,80,8,1155,,Ab5,,,,,,,,n110_1Ab5x_1,1155,,gutim,110,
110,627.6961,0.0742,144,75,8,1156,,Eb5,,,,,,,,n110_1Eb5x_1,1156,,gutim,110,
110,627.7743,0.0742,144,80,9,1157,,Ab5,,,,,,,,n110_1Ab5x_2,1157,,gutim,110,
110,627.8524,0.0742,144,75,9,1158,,Eb5,,,,,,,,n110_1Eb5x_2,1158,,gutim,110,
110,627.9305,0.0742,144,71,9,1159,,B4,,,,,,,,n110_1B4x,1159,,gutim,110,
110,628.0086,0.1113,144,75,9,1160,,Eb5,,,,,,,,n110_1Eb5x_3,1160,,gutim,110,
110,628.1258,0.1113,144,80,9,1161,,Ab5,,,,,,,,n110_1Ab5x_3,1161,,gutim,110,
110,628.243,0.1113,144,59,9,1162,,B3,,,,,,,,n110_1B3x,1162,,gutim,110,
110,628.3602,0.1113,144,63,10,1163,,Eb4,,,,,,,,n110_1Eb4x,1163,,gutim,110,
110,628.4774,0.1113,144,80,10,1164,,Ab5,,,,,,,,n110_1Ab5x_4,1164,,gutim,110,
110,628.5946,0.1113,144,47,10,1165,,B2,,,,,,,,n110_1B2x,1165,,gutim,110,
,,,,,,,,,,,,,,,,,,111,,,
111,628.7118,0.0742,144,80,10,1166,,Ab5,,,,,,,,n111_1Ab5x_0,1166,,gutim,111,
111,628.7118,0.099,144,33,8,1166,,A1,,,,,,,,n111_5A1t_0,1166,,gutim,111,
111,628.7899,0.0742,144,75,10,1167,,Eb5,,,,,,,,n111_1Eb5x_0,1167,,gutim,111,
111,628.8159,0.099,144,43,8,1168,,G2,,,,,,,,n111_5G2t_0,1168,,gutim,111,
111,628.868,0.0742,144,80,10,1169,,Ab5,,,,,,,,n111_1Ab5x_1,1169,,gutim,111,
111,628.9201,0.099,144,33,8,1170,,A1,,,,,,,,n111_5A1t_1,1170,,gutim,111,
111,628.9461,0.0742,144,75,10,1171,,Eb5,,,,,,,,n111_1Eb5x_1,1171,,gutim,111,
111,629.0243,0.0742,144,80,11,1172,,Ab5,,,,,,,,n111_1Ab5x_2,1172,,gutim,111,
111,629.0243,0.1484,144,43,9,1172,,G2,,,,,,,,n111_5G2t_1,1172,,gutim,111,
111,629.1024,0.0742,144,75,11,1173,,Eb5,,,,,,,,n111_1Eb5x_2,1173,,gutim,111,
111,629.1805,0.0742,144,71,11,1174,,B4,,,,,,,,n111_1B4x_0,1174,,gutim,111,
111,629.1805,0.1484,144,33,9,1174,,A1,,,,,,,,n111_5A1t_2,1174,,gutim,111,
111,629.2586,0.1113,144,75,11,1175,,Eb5,,,,,,,,n111_1Eb5x_3,1175,,gutim,111,
111,629.3368,0.1484,144,43,11,1176,,G2,,,,,,,,n111_5G2t_2,1176,,gutim,111,
111,629.3758,0.1113,144,80,11,1177,,Ab5,,,,,,,,n111_1Ab5x_3,1177,,gutim,111,
111,629.493,0.1113,144,71,11,1178,,B4,,,,,,,,n111_1B4x_1,1178,,gutim,111,
111,629.493,0.099,144,33,11,1178,,A1,,,,,,,,n111_5A1t_3,1178,,gutim,111,
111,629.5972,0.099,144,43,12,1179,,G2,,,,,,,,n111_5G2t_3,1179,,gutim,111,
111,629.6102,0.1113,144,75,12,1180,,Eb5,,,,,,,,n111_1Eb5x_4,1180,,gutim,111,
111,629.7013,0.099,144,33,12,1181,,A1,,,,,,,,n111_5A1t_4,1181,,gutim,111,
111,629.7274,0.1113,144,80,12,1182,,Ab5,,,,,,,,n111_1Ab5x_4,1182,,gutim,111,
111,629.8055,0.1484,144,43,14,1183,,G2,,,,,,,,n111_5G2t_4,1183,,gutim,111,
111,629.8446,0.1113,144,71,12,1184,,B4,,,,,,,,n111_1B4x_2,1184,,gutim,111,
111,631.2118,1.7143,144,63,8,1185,,Eb4,,,,,,,,n111_5Eb4h,1185,,gutim,111,
111,633.3546,0.1458,144,88,12,1186,,E6,,,,,,,,n111_1E6t_0,1186,,gutim,111,
111,633.5081,0.1458,144,49,13,1187,,C#3,,,,,,,,n111_1Cs3t_0,1187,,gutim,111,
111,633.6615,0.2187,144,49,15,1188,,C#3,,,,,,,,n111_1Cs3t_1,1188,,gutim,111,
111,633.6615,0.2187,144,88,15,1188,,E6,,,,,,,,n111_1E6t_1,1188,,gutim,111,
111,633.8153,0.06,144,69,17,1189,,A4,g,,,,,,,ng111_5A4e,1189,,gutim,111,
111,633.8917,0.2187,144,68,17,1190,,G#4,,,,,,,,n111_1Gs4t,1190,,gutim,111,
111,633.8917,0.2187,144,88,17,1190,,E6,,,,,,,,n111_1E6t_2,1190,,gutim,111,
111,633.8903,1.0179,144,64,17,1190,,E4,,,,,,,,n111_5E4q,1190,,gutim,111,
111,634.1219,0.1458,144,84,8,1191,,C6,,,,,,,,n111_1C6t,1191,,gutim,111,
111,634.2754,0.1431,144,58,8,1192,,Bb3,,,,,,,,n111_1Bb3t,1192,,gutim,111,
111,634.9618,0.5089,144,68,14,1193,,G#4,,,,,,,,n111_5Gs4e,1193,,gutim,111,
,,,,,,,,,,,,,,,,,,112,,,
112,635.4975,5.1429,144,77,20,1194,,F5,,,,,,,,n112_1F5w,1194,,gutim,112,
112,635.4975,2.1429,144,58,8,1194,,Bb3,,,,,,,,n112_2Bb3h_0,1194,,gutim,112,
112,635.4975,2.1429,144,68,8,1194,,Ab4,,,,,,,,n112_2Ab4h_0,1194,,gutim,112,
112,635.4975,2.1429,144,84,8,1194,,C6,,,,,,,,n112_2C6h_0,1194,,gutim,112,
112,635.4975,2.1429,144,88,8,1194,,E6,,,,,,,,n112_2E6h_0,1194,,gutim,112,
112,635.4975,2.1429,144,64,8,1194,,E4,,,,,,,,n112_6E4h_0,1194,,gutim,112,
112,635.4975,2.1429,144,69,8,1194,,A4,,,,,,,,n112_6A4h_0,1194,,gutim,112,
112,638.176,3.0,144,58,11,1195,,Bb3,,,,,,,,n112_2Bb3q,1195,,gutim,112,
112,638.176,3.0,144,68,11,1195,,Ab4,,,,,,,,n112_2Ab4q,1195,,gutim,112,
112,638.176,3.0,144,84,11,1195,,C6,,,,,,,,n112_2C6q,1195,,gutim,112,
112,638.176,3.0,144,88,11,1195,,E6,,,,,,,,n112_2E6q,1195,,gutim,112,
112,638.176,3.0,144,64,11,1195,,E4,,,,,,,,n112_6E4q,1195,,gutim,112,
112,638.176,3.0,144,69,11,1195,,A4,,,,,,,,n112_6A4q,1195,,gutim,112,
,,,,,,,,,,,,,,,,,,113,,,
113,641.926,4.9286,144,77,14,1196,,F5,,,,,,,,n113_1F5h_0,1196,,gutim,113,
113,641.926,1.7143,144,68,5,1196,,Ab4,,,,,,,,n113_2Ab4h,1196,,gutim,113,
113,641.926,1.7143,144,40,5,1196,,E2,,,,,,,,n113_5E2h,1196,,gutim,113,
113,641.926,1.7143,144,64,14,1196,,E4,,,,,,,,n113_6E4h,1196,,gutim,113,
113,641.926,1.7143,144,69,5,1196,,A4,,,,,,,,n113_6A4h,1196,,gutim,113,
113,644.0689,3.4286,144,68,8,1197,,Ab4,,,,,,,,n113_2Ab4w,1197,,gutim,113,
113,644.0689,3.4286,144,50,8,1197,,D3,,,,,,,,n113_5D3w,1197,,gutim,113,
113,644.0689,3.4286,144,64,8,1197,,E4,,,,,,,,n113_6E4w,1197,,gutim,113,
113,644.0689,3.4286,144,69,8,1197,,A4,,,,,,,,n113_6A4w,1197,,gutim,113,
113,648.0868,0.1339,144,62,20,1198,,D4,,,,,,,,n113_1D4s,1198,,gutim,113,
113,648.0868,0.2143,144,84,20,1198,,C6,,,,,,,,n113_1C6s,1198,,gutim,113,
113,648.0868,0.2143,144,88,20,1198,,E6,,,,,,,,n113_1E6s,1198,,gutim,113,
,,,,,,,,,,,,,,,,,,114,,,
114,648.3546,3.4286,144,62,8,1199,,D4,,,,,,,,n114_1D4w,1199,,gutim,114,
114,648.3546,3.4286,144,84,8,1199,,C6,,,,,,,,n114_1C6w,1199,,gutim,114,
114,648.3546,3.4286,144,88,8,1199,,E6,,,,,,,,n114_1E6w,1199,,gutim,114,
114,648.3546,3.4286,144,68,11,1199,,Ab4,,,,,,,,n114_2Ab4w,1199,,gutim,114,
114,648.3546,3.4286,144,64,8,1199,,E4,,,,,,,,n114_6E4w,1199,,gutim,114,
114,648.3546,3.4286,144,69,8,1199,,A4,,,,,,,,n114_6A4w,1199,,gutim,114,
114,648.8903,0.1429,144,44,20,1200,,G#2,,,,,,,,n114_5Gs2s,1200,,gutim,114,
114,649.0689,2.0,144,44,11,1201,,G#2,,,,,,,,n114_5Gs2e,1201,,gutim,114,
114,649.0689,2.0,144,49,11,1201,,C#3,,,,,,,,n114_5Cs3e,1201,,gutim,114,
114,651.5689,0.1272,144,37,5,1202,,C#2,,,,,,,,n114_5Cs2t_0,1202,,gutim,114,
114,651.7028,0.1272,144,57,4,1203,,A3,,,,,,,,n114_5A3t_0,1203,,gutim,114,
114,651.8368,0.0848,144,35,4,1204,,B1,,,,,,,,n114_5B1t_0,1204,,gutim,114,
114,651.926,0.0848,144,41,3,1205,,F2,,,,,,,,n114_5F2t_0,1205,,gutim,114,
114,652.0153,0.0848,144,35,3,1206,,B1,,,,,,,,n114_5B1t_1,1206,,gutim,114,
114,652.0153,0.0848,144,37,3,1206,,C#2,,,,,,,,n114_5Cs2t_1,1206,,gutim,114,
114,652.1046,0.0848,144,41,3,1207,,F2,,,,,,,,n114_5F2t_1,1207,,gutim,114,
114,652.1939,0.0848,144,23,2,1208,,B0,,,,,,,,n114_5B0t,1208,,gutim,114,
114,652.2832,0.0848,144,57,2,1209,,A3,,,,,,,,n114_5A3t_1,1209,,gutim,114,
114,652.3725,0.0848,144,41,1,1210,,F2,,,,,,,,n114_5F2t_2,1210,,gutim,114,
114,652.4618,0.1696,144,23,1,1211,,B0,,,,,,,,n114_5B0s,1211,,gutim,114,
,,,,,,,7075,,,,,,,,,,,,gutim,,
,,,,,,,,,,,,,,,,,,116,,,
116,659.6046,0.0636,144,102,5,1212,,Gb7,,,,,,,,n116_2Gb7x,1212,,gutim,116,
116,659.6716,0.0636,144,76,6,1213,,E5,,,,,,,,n116_2E5x,1213,,gutim,116,
116,659.7385,0.0636,144,89,7,1214,,F6,,,,,,,,n116_2F6x,1214,,gutim,116,
116,659.8055,0.0636,144,84,8,1215,,C6,,,,,,,,n116_2C6x_0,1215,,gutim,116,
116,659.8725,0.0636,144,80,9,1216,,Ab5,,,,,,,,n116_2Ab5x,1216,,gutim,116,
116,659.9394,0.0954,144,64,10,1217,,E4,,,,,,,,n116_2E4x,1217,,gutim,116,
116,660.0399,0.0954,144,84,11,1218,,C6,,,,,,,,n116_2C6x_1,1218,,gutim,116,
116,660.1403,0.8571,144,48,8,1219,,C3,,,,,,,,n116_5C3q,1219,,gutim,116,
116,660.1403,0.8571,144,55,8,1219,,G3,,,,,,,,n116_5G3q,1219,,gutim,116,
116,660.1403,0.8571,144,59,8,1219,,B3,,,,,,,,n116_5B3q,1219,,gutim,116,
116,660.4618,0.0712,144,38,17,1220,,D2,g,,,,,,,ng116_6D2e_0,1220,,gutim,116,
116,660.5368,0.0712,144,48,16,1221,,C3,g,,,,,,,ng116_6C3e_0,1221,,gutim,116,
116,660.6118,0.0712,144,38,14,1222,,D2,g,,,,,,,ng116_6D2e_1,1222,,gutim,116,
116,660.6868,0.0712,144,52,13,1223,,E3,g,,,,,,,ng116_6E3e_0,1223,,gutim,116,
116,660.7618,0.0712,144,37,12,1224,,Db2,g,,,,,,,ng116_6Db2e_0,1224,,gutim,116,
116,660.8368,0.057,144,33,10,1225,,A1,g,,,,,,,ng116_6A1e_0,1225,,gutim,116,
116,660.8368,0.0712,144,38,10,1225,,D2,g,,,,,,,ng116_6D2e_2,1225,,gutim,116,
116,660.8368,0.0712,144,48,10,1225,,C3,g,,,,,,,ng116_6C3e_1,1225,,gutim,116,
116,660.8368,0.0712,144,52,10,1225,,E3,g,,,,,,,ng116_6E3e_1,1225,,gutim,116,
116,660.9118,0.0712,144,37,9,1226,,Db2,g,,,,,,,ng116_6Db2e_1,1226,,gutim,116,
116,660.9868,0.0712,144,64,8,1227,,E4,g,,,,,,,ng116_6E4e,1227,,gutim,116,
116,661.0618,0.0712,144,33,6,1228,,A1,g,,,,,,,ng116_6A1e_1,1228,,gutim,116,
116,661.1368,0.0712,144,37,5,1229,,Db2,g,,,,,,,ng116_6Db2e_2,1229,,gutim,116,
116,661.2118,0.3817,144,68,11,1230,,Ab4,,,,,,,,n116_2Ab4s,1230,,gutim,116,
116,661.6135,0.2545,144,62,11,1231,,D4,,,,,,,,n116_2D4s,1231,,gutim,116,
116,661.8814,0.3817,144,49,11,1232,,C#3,,,,,,,,n116_2Cs3s,1232,,gutim,116,
116,662.0153,0.1272,144,37,5,1233,,Db2,,,,,,,,n116_6Db2t_0,1233,,gutim,116,
116,662.1493,0.1071,144,37,8,1234,,Db2,,,,,,,,n116_6Db2t_1,1234,,gutim,116,
116,662.2832,0.1272,144,100,8,1235,,E7,,,,,,,,n116_1E7t,1235,,gutim,116,
116,662.2832,0.4286,144,37,11,1235,,Db2,,,,,,,,n116_5Db2e,1235,,gutim,116,
116,662.2832,0.4286,144,52,11,1235,,E3,,,,,,,,n116_5E3e,1235,,gutim,116,
116,662.4171,0.1272,144,68,9,1236,,Ab4,,,,,,,,n116_1Ab4t_0,1236,,gutim,116,
116,662.551,0.1908,144,58,10,1237,,Bb3,,,,,,,,n116_1Bb3t_0,1237,,gutim,116,
116,662.7519,0.1908,144,96,11,1238,,C7,,,,,,,,n116_1C7t_0,1238,,gutim,116,
116,662.8189,0.2143,144,76,8,1239,,E5,,,,,,,,n116_5E5s,1239,,gutim,116,
116,662.9528,0.1272,144,68,12,1240,,Ab4,,,,,,,,n116_1Ab4t_1,1240,,gutim,116,
116,663.0868,0.1272,144,58,13,1241,,Bb3,,,,,,,,n116_1Bb3t_1,1241,,gutim,116,
116,663.0868,0.2143,144,88,8,1241,,E6,,,,,,,,n116_5E6s,1241,,gutim,116,
116,663.2207,0.1272,144,96,14,1242,,C7,,,,,,,,n116_1C7t_1,1242,,gutim,116,
116,663.3546,0.0848,144,64,5,1243,,E4,,,,,,,,n116_1E4t_0,1243,,gutim,116,
116,663.3546,0.0893,144,44,11,1243,,G#2,,,,,,,,n116_5Gs2s,1243,,gutim,116,
116,663.3546,0.5714,144,53,11,1243,,F3,,,,,,,,n116_5F3s,1243,,gutim,116,
116,663.4439,0.0848,144,78,5,1244,,F#5,,,,,,,,n116_1Fs5t,1244,,gutim,116,
116,663.5332,0.0848,144,72,6,1245,,C5,,,,,,,,n116_1C5t_0,1245,,gutim,116,
116,663.6225,0.1272,144,64,6,1246,,E4,,,,,,,,n116_1E4t_1,1246,,gutim,116,
116,663.7564,0.1272,144,72,7,1247,,C5,,,,,,,,n116_1C5t_1,1247,,gutim,116,
116,663.8903,0.1696,144,78,8,1248,,F#5,,,,,,,,n116_1Fs5s,1248,,gutim,116,
116,664.0689,0.8571,144,76,8,1249,,E5,,,,,,,,n116_1E5e,1249,,gutim,116,
116,664.0689,0.8571,144,80,8,1249,,G#5,,,,,,,,n116_1Gs5e,1249,,gutim,116,
116,664.0689,0.2857,144,48,11,1249,,C3,,,,,,,,n116_5C3e,1249,,gutim,116,
,,,,,,,,,,,,,,,,,,117,,,
117,664.426,0.1272,144,37,11,1250,,C#2,,,,,,,,n117_5Cs2t_0,1250,,gutim,117,
117,664.56,0.1272,144,45,11,1251,,A2,,,,,,,,n117_5A2t_0,1251,,gutim,117,
117,664.6939,0.0848,144,35,11,1252,,B1,,,,,,,,n117_5B1t_0,1252,,gutim,117,
117,664.7832,0.0848,144,41,11,1253,,F2,,,,,,,,n117_5F2t_0,1253,,gutim,117,
117,664.8725,0.0848,144,35,11,1254,,B1,,,,,,,,n117_5B1t_1,1254,,gutim,117,
117,664.8725,0.0848,144,37,11,1254,,C#2,,,,,,,,n117_5Cs2t_1,1254,,gutim,117,
117,664.9618,0.1696,144,41,11,1255,,F2,,,,,,,,n117_5F2s,1255,,gutim,117,
117,665.1403,0.1786,144,76,17,1256,,E5,,,,,,,,n117_1E5e,1256,,gutim,117,
117,665.1403,0.2857,144,80,17,1256,,G#5,,,,,,,,n117_1Gs5e,1256,,gutim,117,
117,665.1403,0.2857,144,81,17,1256,,A5,,,,,,,,n117_1A5e,1256,,gutim,117,
117,665.1403,0.1786,144,48,17,1256,,C3,,,,,,,,n117_5C3e,1256,,gutim,117,
117,665.1403,0.2857,144,54,17,1256,,F#3,,,,,,,,n117_5Fs3e,1256,,gutim,117,
117,665.4975,0.8571,144,58,8,1257,,Bb3,,,,,,,,n117_1Bb3q,1257,,gutim,117,
117,665.4975,0.8571,144,68,8,1257,,Ab4,,,,,,,,n117_1Ab4q,1257,,gutim,117,
117,665.4975,0.8571,144,96,8,1257,,C7,,,,,,,,n117_1C7q,1257,,gutim,117,
117,665.4975,0.8571,144,100,8,1257,,E7,,,,,,,,n117_1E7q,1257,,gutim,117,
117,665.8546,0.0848,144,42,8,1258,,F#2,,,,,,,,n117_5Fs2t_0,1258,,gutim,117,
117,665.9439,0.0848,144,80,9,1259,,G#5,,,,,,,,n117_5Gs5t,1259,,gutim,117,
117,666.0332,0.0848,144,81,11,1260,,A5,,,,,,,,n117_5A5t,1260,,gutim,117,
117,666.1225,0.0848,144,36,12,1261,,C2,,,,,,,,n117_5C2t,1261,,gutim,117,
117,666.2118,0.0848,144,64,14,1262,,E4,,,,,,,,n117_5E4t,1262,,gutim,117,
117,666.301,0.0848,144,42,16,1263,,F#2,,,,,,,,n117_5Fs2t_1,1263,,gutim,117,
117,666.3903,0.1696,144,68,17,1264,,G#4,,,,,,,,n117_5Gs4s,1264,,gutim,117,
117,666.5689,0.1272,144,88,8,1265,,E6,,,,,,,,n117_1E6t,1265,,gutim,117,
117,666.7028,0.1272,144,56,9,1266,,Ab3,,,,,,,,n117_1Ab3t_0,1266,,gutim,117,
117,666.8368,0.1908,144,46,10,1267,,Bb2,,,,,,,,n117_1Bb2t_0,1267,,gutim,117,
117,667.0376,0.1908,144,84,11,1268,,C6,,,,,,,,n117_1C6t_0,1268,,gutim,117,
117,667.2385,0.1272,144,56,12,1269,,Ab3,,,,,,,,n117_1Ab3t_1,1269,,gutim,117,
117,667.3725,0.1272,144,46,13,1270,,Bb2,,,,,,,,n117_1Bb2t_1,1270,,gutim,117,
117,667.5064,0.1272,144,84,14,1271,,C6,,,,,,,,n117_1C6t_1,1271,,gutim,117,
117,667.6403,0.8571,144,69,17,1272,,A4,,,,,,,,n117_1A4q,1272,,gutim,117,
117,667.6403,0.1071,144,25,17,1272,,C#1,,,,,,,,n117_5Cs1t_0,1272,,gutim,117,
117,667.7743,0.1071,144,57,16,1273,,A3,,,,,,,,n117_5A3t,1273,,gutim,117,
117,667.9082,0.0714,144,23,14,1274,,B0,,,,,,,,n117_5B0t_0,1274,,gutim,117,
117,667.9975,0.0714,144,41,13,1275,,F2,,,,,,,,n117_5F2t_1,1275,,gutim,117,
117,668.0868,0.0714,144,23,13,1276,,B0,,,,,,,,n117_5B0t_1,1276,,gutim,117,
117,668.0868,0.0714,144,25,13,1276,,C#1,,,,,,,,n117_5Cs1t_1,1276,,gutim,117,
117,668.176,0.0714,144,29,12,1277,,F1,,,,,,,,n117_5F1t_0,1277,,gutim,117,
117,668.2653,0.0714,144,23,11,1278,,B0,,,,,,,,n117_5B0t_2,1278,,gutim,117,
117,668.3546,0.0714,144,45,10,1279,,A2,,,,,,,,n117_5A2t_1,1279,,gutim,117,
117,668.4439,0.0714,144,29,9,1280,,F1,,,,,,,,n117_5F1t_1,1280,,gutim,117,
117,668.5332,1.0,144,23,14,1281,,B0,,,,,,,,n117_5B0s,1281,,gutim,117,
,,,,,,,,,,,,,,,,,,119,,,
119,676.2118,0.1071,144,25,14,1282,,C#1,,,,,,,,n119_5Cs1t_0,1282,,gutim,119,
119,676.3457,0.1071,144,57,14,1283,,A3,,,,,,,,n119_5A3t,1283,,gutim,119,
119,676.4796,0.0714,144,23,8,1284,,B0,,,,,,,,n119_5B0t_0,1284,,gutim,119,
119,676.5689,0.0714,144,41,14,1285,,F2,,,,,,,,n119_5F2t,1285,,gutim,119,
119,676.6582,0.0714,144,23,11,1286,,B0,,,,,,,,n119_5B0t_1,1286,,gutim,119,
119,676.6582,0.0714,144,25,11,1286,,C#1,,,,,,,,n119_5Cs1t_1,1286,,gutim,119,
119,676.7475,0.0714,144,29,11,1287,,F1,,,,,,,,n119_5F1t_0,1287,,gutim,119,
119,676.8368,0.0714,144,23,14,1288,,B0,,,,,,,,n119_5B0t_2,1288,,gutim,119,
119,676.926,0.0714,144,45,11,1289,,A2,,,,,,,,n119_5A2t,1289,,gutim,119,
119,677.0153,0.0714,144,29,14,1290,,F1,,,,,,,,n119_5F1t_1,1290,,gutim,119,
119,677.1046,2.7143,144,23,14,1291,,B0,,,,,,,,n119_5B0s,1291,,gutim,119,
,,,,,,,7079,,,,,,,,,,,,gutim,,
,,,,,,,,,,,,,,,,,,122,,,
122,696.0332,0.0762,144,92,8,1292,,Ab6,,,,,,,,n122_1Ab6t_0,1292,,gutim,122,
122,696.0332,0.4286,144,63,11,1292,,Eb4,,,,,,,,n122_5Eb4q,1292,,gutim,122,
122,696.0332,0.4286,144,77,11,1292,,F5,,,,,,,,n122_5F5q,1292,,gutim,122,
122,696.1127,0.051,144,76,9,1293,,E5,,,,,,,,n122_1E5t,1293,,gutim,122,
122,696.1664,0.0762,144,92,9,1294,,Ab6,,,,,,,,n122_1Ab6t_1,1294,,gutim,122,
122,696.2466,0.051,144,64,10,1295,,E4,,,,,,,,n122_1E4t_0,1295,,gutim,122,
122,696.3003,0.0252,144,84,10,1296,,C6,,,,,,,,n122_1C6x_0,1296,,gutim,122,
122,696.3268,0.0252,144,98,10,1297,,D7,,,,,,,,n122_1D7x_0,1297,,gutim,122,
122,696.3534,0.0252,144,84,10,1298,,C6,,,,,,,,n122_1C6x_1,1298,,gutim,122,
122,696.3799,0.0252,144,98,11,1299,,D7,,,,,,,,n122_1D7x_1,1299,,gutim,122,
122,696.4064,0.0252,144,84,11,1300,,C6,,,,,,,,n122_1C6x_2,1300,,gutim,122,
122,696.4329,0.0252,144,73,11,1301,,Db5,,,,,,,,n122_1Db5x,1301,,gutim,122,
122,696.4594,0.051,144,92,11,1302,,Ab6,,,,,,,,n122_1Ab6t_2,1302,,gutim,122,
122,696.5131,0.053,144,64,12,1303,,E4,,,,,,,,n122_1E4t_1,1303,,gutim,122,
,,,,,,,,,,,,,,,,,,123,,,
123,696.5689,0.051,144,98,12,1304,,D7,,,,,,,,n123_1D7t_0,1304,,gutim,123,
123,696.6212,0.051,144,84,12,1305,,C6,,,,,,,,n123_1C6t,1305,,gutim,123,
123,696.6749,0.051,144,98,12,1306,,D7,,,,,,,,n123_1D7t_1,1306,,gutim,123,
123,696.7286,0.1027,144,84,12,1307,,C6,,,,,,,,n123_1C6s,1307,,gutim,123,
123,696.8368,0.1071,144,64,14,1308,,E4,,,,,,,,n123_1E4e,1308,,gutim,123,
123,696.8368,0.2143,144,68,14,1308,,G#4,,,,,,,,n123_1Gs4e,1308,,gutim,123,
123,696.8368,0.2143,144,69,14,1308,,A4,,,,,,,,n123_1A4e,1308,,gutim,123,
123,696.8368,0.1071,144,56,14,1308,,Ab3,,,,,,,,n123_2Ab3e,1308,,gutim,123,
123,696.8368,0.2143,144,60,14,1308,,C4,,,,,,,,n123_2C4e,1308,,gutim,123,
123,696.8368,0.1071,144,24,14,1308,,C1,,,,,,,,n123_5C1e,1308,,gutim,123,
123,696.8368,0.2143,144,30,14,1308,,Gb1,,,,,,,,n123_5Gb1e,1308,,gutim,123,
123,696.8368,0.1071,144,23,8,1308,,B0,,,,,,,,n123_6B0e,1308,,gutim,123,
123,696.8368,0.2143,144,25,14,1308,,Db1,,,,,,,,n123_6Db1e,1308,,gutim,123,
123,696.8368,0.2143,144,29,14,1308,,F1,,,,,,,,n123_6F1e,1308,,gutim,123,
,,,,,,,7080,,,,,,,,,,,,gutim,,
123,698.176,0.0268,144,92,14,1309,,Ab6,,,,,,,,n123_1Ab6x_0,1309,,gutim,123,
123,698.2095,0.0268,144,87,14,1310,,Eb6,,,,,,,,n123_1Eb6x_0,1310,,gutim,123,
123,698.243,0.0268,144,92,14,1311,,Ab6,,,,,,,,n123_1Ab6x_1,1311,,gutim,123,
123,698.2765,0.0268,144,87,14,1312,,Eb6,,,,,,,,n123_1Eb6x_1,1312,,gutim,123,
123,698.31,0.0268,144,92,14,1313,,Ab6,,,,,,,,n123_1Ab6x_2,1313,,gutim,123,
123,698.3435,0.0268,144,87,14,1314,,Eb6,,,,,,,,n123_1Eb6x_2,1314,,gutim,123,
123,698.3769,0.0268,144,83,14,1315,,B5,,,,,,,,n123_1B5x_0,1315,,gutim,123,
123,698.4104,0.0402,144,87,14,1316,,Eb6,,,,,,,,n123_1Eb6x_3,1316,,gutim,123,
123,698.4606,0.0402,144,92,14,1317,,Ab6,,,,,,,,n123_1Ab6x_3,1317,,gutim,123,
123,698.5109,0.0402,144,71,14,1318,,B4,,,,,,,,n123_1B4x,1318,,gutim,123,
123,698.5611,0.0402,144,75,14,1319,,Eb5,,,,,,,,n123_1Eb5x,1319,,gutim,123,
123,698.6113,0.0402,144,92,14,1320,,Ab6,,,,,,,,n123_1Ab6x_4,1320,,gutim,123,
123,698.6615,0.0402,144,59,14,1321,,B3,,,,,,,,n123_1B3x,1321,,gutim,123,
123,698.7118,0.0268,144,92,14,1322,,Ab6,,,,,,,,n123_1Ab6x_5,1322,,gutim,123,
123,698.7118,0.0424,144,45,14,1322,,A2,,,,,,,,n123_5A2t_0,1322,,gutim,123,
123,698.7452,0.0268,144,87,14,1323,,Eb6,,,,,,,,n123_1Eb6x_4,1323,,gutim,123,
123,698.7564,0.0424,144,55,14,1324,,G3,,,,,,,,n123_5G3t_0,1324,,gutim,123,
123,698.7787,0.0268,144,92,14,1325,,Ab6,,,,,,,,n123_1Ab6x_6,1325,,gutim,123,
123,698.801,0.0424,144,45,14,1326,,A2,,,,,,,,n123_5A2t_1,1326,,gutim,123,
123,698.8122,0.0268,144,87,14,1327,,Eb6,,,,,,,,n123_1Eb6x_5,1327,,gutim,123,
123,698.8457,0.0268,144,92,14,1328,,Ab6,,,,,,,,n123_1Ab6x_7,1328,,gutim,123,
123,698.8457,0.0636,144,55,14,1328,,G3,,,,,,,,n123_5G3t_1,1328,,gutim,123,
123,698.8792,0.0268,144,87,14,1329,,Eb6,,,,,,,,n123_1Eb6x_6,1329,,gutim,123,
123,698.9126,0.0268,144,83,14,1330,,B5,,,,,,,,n123_1B5x_1,1330,,gutim,123,
123,698.9126,0.0636,144,45,14,1330,,A2,,,,,,,,n123_5A2t_2,1330,,gutim,123,
123,698.9461,0.0402,144,87,14,1331,,Eb6,,,,,,,,n123_1Eb6x_7,1331,,gutim,123,
123,698.9796,0.0636,144,55,14,1332,,G3,,,,,,,,n123_5G3t_2,1332,,gutim,123,
123,698.9964,0.0402,144,92,14,1333,,Ab6,,,,,,,,n123_1Ab6x_8,1333,,gutim,123,
123,699.0466,0.0402,144,83,14,1334,,B5,,,,,,,,n123_1B5x_2,1334,,gutim,123,
123,699.0466,0.0424,144,45,14,1334,,A2,,,,,,,,n123_5A2t_3,1334,,gutim,123,
123,699.0912,0.0424,144,55,14,1335,,G3,,,,,,,,n123_5G3t_3,1335,,gutim,123,
123,699.0968,0.0402,144,87,14,1336,,Eb6,,,,,,,,n123_1Eb6x_8,1336,,gutim,123,
123,699.1359,0.0424,144,45,14,1337,,A2,,,,,,,,n123_5A2t_4,1337,,gutim,123,
123,699.147,0.0402,144,92,14,1338,,Ab6,,,,,,,,n123_1Ab6x_9,1338,,gutim,123,
123,699.1805,0.0636,144,55,14,1339,,G3,,,,,,,,n123_5G3t_4,1339,,gutim,123,
123,699.1972,0.0402,144,83,14,1340,,B5,,,,,,,,n123_1B5x_3,1340,,gutim,123,
123,699.2475,0.0268,144,92,14,1341,,Ab6,,,,,,,,n123_1Ab6x_10,1341,,gutim,123,
123,699.2475,0.0424,144,45,14,1341,,A2,,,,,,,,n123_5A2t_5,1341,,gutim,123,
123,699.281,0.0268,144,87,14,1342,,Eb6,,,,,,,,n123_1Eb6x_9,1342,,gutim,123,
123,699.2921,0.0424,144,55,14,1343,,G3,,,,,,,,n123_5G3t_5,1343,,gutim,123,
123,699.3144,0.0268,144,92,14,1344,,Ab6,,,,,,,,n123_1Ab6x_11,1344,,gutim,123,
123,699.3368,0.0424,144,45,14,1345,,A2,,,,,,,,n123_5A2t_6,1345,,gutim,123,
123,699.3479,0.0268,144,87,14,1346,,Eb6,,,,,,,,n123_1Eb6x_10,1346,,gutim,123,
123,699.3814,0.0268,144,92,14,1347,,Ab6,,,,,,,,n123_1Ab6x_12,1347,,gutim,123,
123,699.3814,0.0636,144,55,14,1347,,G3,,,,,,,,n123_5G3t_6,1347,,gutim,123,
123,699.4149,0.0268,144,87,14,1348,,Eb6,,,,,,,,n123_1Eb6x_11,1348,,gutim,123,
123,699.4484,0.0268,144,83,14,1349,,B5,,,,,,,,n123_1B5x_4,1349,,gutim,123,
123,699.4484,0.0636,144,45,14,1349,,A2,,,,,,,,n123_5A2t_7,1349,,gutim,123,
123,699.4818,0.0402,144,87,14,1350,,Eb6,,,,,,,,n123_1Eb6x_12,1350,,gutim,123,
123,699.5153,0.0636,144,55,14,1351,,G3,,,,,,,,n123_5G3t_7,1351,,gutim,123,
123,699.5321,0.0402,144,92,14,1352,,Ab6,,,,,,,,n123_1Ab6x_13,1352,,gutim,123,
123,699.5823,0.0402,144,83,14,1353,,B5,,,,,,,,n123_1B5x_5,1353,,gutim,123,
123,699.5823,0.0424,144,45,14,1353,,A2,,,,,,,,n123_5A2t_8,1353,,gutim,123,
123,699.6269,0.0424,144,55,14,1354,,G3,,,,,,,,n123_5G3t_8,1354,,gutim,123,
123,699.6325,0.0402,144,87,14,1355,,Eb6,,,,,,,,n123_1Eb6x_13,1355,,gutim,123,
123,699.6716,0.0424,144,45,14,1356,,A2,,,,,,,,n123_5A2t_9,1356,,gutim,123,
123,699.6827,0.0402,144,92,14,1357,,Ab6,,,,,,,,n123_1Ab6x_14,1357,,gutim,123,
123,699.7162,0.0636,144,55,14,1358,,G3,,,,,,,,n123_5G3t_9,1358,,gutim,123,
123,699.733,0.0402,144,83,14,1359,,B5,,,,,,,,n123_1B5x_6,1359,,gutim,123,
123,699.7832,0.8571,144,63,14,1360,,Eb4,,,,,,,,n123_5Eb4h,1360,,gutim,123,
,,,,,,,7081,,,,,,,,,,,,gutim,,
,,,,,,,,,,,,,,,,,,124,,,
124,700.8546,0.8571,144,75,8,1361,,D#5,,,,,,,,n124_5Ds5q_0,1361,,gutim,124,
124,701.3234,0.0167,144,63,8,1362,,D#4,,,,,,,,n124_1Ds4t,1362,,gutim,124,
124,701.3234,0.0536,144,80,20,1362,,G#5,,,,,,,,n124_1Gs5t_0,1362,,gutim,124,
124,701.3903,0.4286,144,59,11,1363,,B3,,,,,,,,n124_1B3q,1363,,gutim,124,
124,701.3903,0.4286,144,63,11,1363,,D#4,,,,,,,,n124_1Ds4q,1363,,gutim,124,
124,701.3903,0.4286,144,80,11,1363,,G#5,,,,,,,,n124_1Gs5q,1363,,gutim,124,
124,701.926,0.043,144,92,8,1364,,G#6,,,,,,,,n124_1Gs6t,1364,,gutim,124,
124,701.9798,0.0252,144,92,8,1365,,G#6,,,,,,,,n124_1Gs6x_0,1365,,gutim,124,
124,702.0063,0.0252,144,98,8,1366,,D7,,,,,,,,n124_1D7x,1366,,gutim,124,
124,702.0328,0.0252,144,92,8,1367,,G#6,,,,,,,,n124_1Gs6x_1,1367,,gutim,124,
124,702.0593,0.0252,144,40,9,1368,,E2,,,,,,,,n124_1E2x,1368,,gutim,124,
124,702.0858,0.0252,144,80,9,1369,,G#5,,,,,,,,n124_1Gs5x,1369,,gutim,124,
124,702.1123,0.0252,144,86,9,1370,,D6,,,,,,,,n124_1D6x,1370,,gutim,124,
124,702.1388,0.0252,144,52,9,1371,,E3,,,,,,,,n124_1E3x,1371,,gutim,124,
124,702.1653,0.0252,144,61,9,1372,,C#4,,,,,,,,n124_1Cs4x,1372,,gutim,124,
124,702.1918,0.0424,144,72,10,1373,,C5,,,,,,,,n124_1C5t_0,1373,,gutim,124,
124,702.2364,0.0424,144,61,10,1374,,C#4,,,,,,,,n124_1Cs4t,1374,,gutim,124,
124,702.2811,0.0424,144,80,10,1375,,G#5,,,,,,,,n124_1Gs5t_1,1375,,gutim,124,
124,702.3257,0.0424,144,52,11,1376,,E3,,,,,,,,n124_1E3t,1376,,gutim,124,
124,702.3704,0.0424,144,86,11,1377,,D6,,,,,,,,n124_1D6t,1377,,gutim,124,
124,702.415,0.0444,144,72,11,1378,,C5,,,,,,,,n124_1C5t_1,1378,,gutim,124,
124,702.4618,0.0252,144,40,12,1379,,E2,,,,,,,,n124_5E2x,1379,,gutim,124,
124,702.4883,0.0252,144,49,12,1380,,C#3,,,,,,,,n124_5Cs3x,1380,,gutim,124,
124,702.5148,0.0252,144,60,12,1381,,C4,,,,,,,,n124_5C4x,1381,,gutim,124,
124,702.5413,0.0252,144,68,12,1382,,G#4,,,,,,,,n124_5Gs4x,1382,,gutim,124,
124,702.5678,0.0252,144,74,13,1383,,D5,,,,,,,,n124_5D5x,1383,,gutim,124,
124,702.5943,0.0636,144,68,13,1384,,G#4,,,,,,,,n124_5Gs4t,1384,,gutim,124,
124,702.6613,0.0424,144,40,13,1385,,E2,,,,,,,,n124_5E2t,1385,,gutim,124,
124,702.7059,0.0424,144,49,14,1386,,C#3,,,,,,,,n124_5Cs3t_0,1386,,gutim,124,
124,702.7505,0.0636,144,60,14,1387,,C4,,,,,,,,n124_5C4t,1387,,gutim,124,
124,702.8175,0.0437,144,49,14,1388,,C#3,,,,,,,,n124_5Cs3t_1,1388,,gutim,124,
,,,,,,,,,,,,,,,,,,125,,,
125,705.676,9.4286,144,24,8,1389,,C1,,,,,,,,n125_5C1w,1389,,gutim,125,
125,705.676,9.4286,144,25,14,1389,,Db1,,,,,,,,n125_5Db1w,1389,,gutim,125,
125,705.676,9.4286,144,35,14,1389,,B1,,,,,,,,n125_5B1w,1389,,gutim,125,
125,705.676,9.4286,144,55,14,1389,,G3,,,,,,,,n125_5G3w,1389,,gutim,125,
,,,,,,,7083,,,,,,,,,,,,gutim,,
,,,,,,,,,,,,,,,,,,127,,,
127,721.7475,6.8571,144,59,14,1390,,B3,,,,,,,,n127_1B3h_0,1390,,gutim,127,
127,721.7475,6.8571,144,63,14,1390,,D#4,,,,,,,,n127_1Ds4h_0,1390,,gutim,127,
127,721.7475,6.8571,144,80,14,1390,,G#5,,,,,,,,n127_1Gs5h_0,1390,,gutim,127,
,,,,,,,,,,,,,,,,,,128,,,
128,730.3189,2.5714,144,59,14,1391,,B3,,,,,,,,n128_1B3h_1,1391,,gutim,128,
128,730.3189,2.5714,144,63,14,1391,,D#4,,,,,,,,n128_1Ds4h_1,1391,,gutim,128,
128,730.3189,2.5714,144,80,14,1391,,G#5,,,,,,,,n128_1Gs5h_1,1391,,gutim,128,
,,,,,,,7085,,,,,,,,,,,,gutim,,
,,,,,,,,,,,,,,,,,,129,,,
129,737.1332,0.0712,144,80,5,1392,,G#5,g,,,,,,,ng129_1Gs5e,1392,,gutim,129,
129,737.2082,0.0712,144,75,14,1393,,D#5,g,,,,,,,ng129_1Ds5e,1393,,gutim,129,
129,737.2832,0.5089,144,71,14,1394,,B4,,,,,,,,n129_1B4e,1394,,gutim,129,
,,,,,,,,,,,,,,,,,,130,,,
130,737.8189,0.2545,144,86,8,1395,,D6,,,,,,,,n130_1D6s,1395,,gutim,130,
130,738.0868,0.2545,144,103,8,1396,,G7,,,,,,,,n130_1G7s_0,1396,,gutim,130,
130,738.2796,0.06,144,98,5,1397,,D7,g,,,,,,,ng130_1D7e,1397,,gutim,130,
130,738.3546,0.1272,144,92,5,1398,,G#6,,,,,,,,n130_1Gs6t_0,1398,,gutim,130,
130,738.4885,0.1272,144,52,5,1399,,E3,,,,,,,,n130_1E3t,1399,,gutim,130,
130,738.7118,0.0848,144,94,8,1400,,A#6,,,,,,,,n130_1As6t,1400,,gutim,130,
130,738.801,0.0848,144,92,8,1401,,G#6,,,,,,,,n130_1Gs6t_1,1401,,gutim,130,
130,738.8903,0.0504,144,78,8,1402,,F#5,,,,,,,,n130_1Fs5x_0,1402,,gutim,130,
130,738.9433,0.0504,144,92,9,1403,,G#6,,,,,,,,n130_1Gs6x_0,1403,,gutim,130,
130,738.9964,0.0504,144,78,9,1404,,F#5,,,,,,,,n130_1Fs5x_1,1404,,gutim,130,
130,739.0494,0.0504,144,92,9,1405,,G#6,,,,,,,,n130_1Gs6x_1,1405,,gutim,130,
130,739.1024,0.053,144,78,9,1406,,F#5,,,,,,,,n130_1Fs5x_2,1406,,gutim,130,
130,739.1582,0.5089,144,86,9,1407,,D6,,,,,,,,n130_1D6e_0,1407,,gutim,130,
130,739.6939,0.2545,144,103,10,1408,,G7,,,,,,,,n130_1G7s_1,1408,,gutim,130,
130,740.4975,0.5089,144,78,12,1409,,F#5,,,,,,,,n130_1Fs5e,1409,,gutim,130,
130,740.4975,0.4286,144,86,12,1409,,D6,,,,,,,,n130_1D6e_1,1409,,gutim,130,
130,740.4975,0.4286,144,92,12,1409,,G#6,,,,,,,,n130_1Gs6e,1409,,gutim,130,
130,740.4975,0.4286,144,94,12,1409,,A#6,,,,,,,,n130_1As6e,1409,,gutim,130,
130,740.4975,0.4286,144,103,12,1409,,G7,,,,,,,,n130_1G7e,1409,,gutim,130,
130,741.1225,0.057,144,80,5,1410,,G#5,,,,,,,,n130_1Gs5x_0,1410,,gutim,130,
130,741.1825,0.057,144,75,5,1411,,D#5,,,,,,,,n130_1Ds5x_0,1411,,gutim,130,
130,741.2424,0.057,144,71,5,1412,,B4,,,,,,,,n130_1B4x_0,1412,,gutim,130,
130,741.3024,0.0848,144,75,5,1413,,D#5,,,,,,,,n130_1Ds5x_1,1413,,gutim,130,
130,741.3917,0.0848,144,80,5,1414,,G#5,,,,,,,,n130_1Gs5x_1,1414,,gutim,130,
130,741.481,0.0848,144,71,5,1415,,B4,,,,,,,,n130_1B4x_1,1415,,gutim,130,
130,741.5703,0.0848,144,55,5,1416,,G3,,,,,,,,n130_1G3t,1416,,gutim,130,
130,741.6596,0.4228,144,45,5,1417,,A2,,,,,,,,n130_1A2t,1417,,gutim,130,
130,742.1046,0.0714,144,63,5,1418,,D#4,,,,,,,,n130_5Ds4t,1418,,gutim,130,
130,742.1939,0.0714,144,68,5,1419,,G#4,,,,,,,,n130_5Gs4t,1419,,gutim,130,
130,742.2832,0.0714,144,59,5,1420,,B3,,,,,,,,n130_5B3t,1420,,gutim,130,
130,742.3725,0.0714,144,21,5,1421,,A0,,,,,,,,n130_5A0t_0,1421,,gutim,130,
130,742.4618,0.0714,144,31,5,1422,,G1,,,,,,,,n130_5G1t,1422,,gutim,130,
130,742.551,0.0714,144,21,5,1423,,A0,,,,,,,,n130_5A0t_1,1423,,gutim,130,
130,742.6403,0.2545,144,60,14,1424,,C4,,,,,,,,n130_1C4s,1424,,gutim,130,
130,742.6403,0.0714,144,47,5,1424,,B2,,,,,,,,n130_5B2t,1424,,gutim,130,
130,742.7296,0.0714,144,56,5,1425,,G#3,,,,,,,,n130_5Gs3t,1425,,gutim,130,
130,742.8189,0.0714,144,21,5,1426,,A0,,,,,,,,n130_5A0t_2,1426,,gutim,130,
130,742.9082,0.2545,144,49,14,1427,,Db3,,,,,,,,n130_1Db3s,1427,,gutim,130,
130,742.9082,0.0714,144,43,5,1427,,G2,,,,,,,,n130_5G2t,1427,,gutim,130,
,,,,,,,7086,,,,,,,,,,,,gutim,,
,,,,,,,,,,,,,,,,,,131,,,
131,743.176,3.4286,144,68,17,1428,,Ab4,,,,,,,,n131_1Ab4b,1428,,gutim,131,
,,,,,,,,,,,,,,,,,,132,,,
132,747.4618,0.0712,144,44,11,1429,,G#2,g,,,,,,,ng132_5Gs2e,1429,,gutim,132,
132,747.5368,0.0712,144,39,11,1430,,D#2,g,,,,,,,ng132_5Ds2e,1430,,gutim,132,
132,747.6118,0.0712,144,21,11,1431,,A0,g,,,,,,,ng132_5A0e,1431,,gutim,132,
132,747.6868,1.2857,144,68,14,1432,,Ab4,,,,,,,,n132_1Ab4q,1432,,gutim,132,
132,747.6868,0.1696,144,35,11,1432,,B1,,,,,,,,n132_5B1s_0,1432,,gutim,132,
132,747.8653,0.5714,144,31,11,1433,,G1,,,,,,,,n132_5G1q,1433,,gutim,132,
132,747.8653,0.5714,144,35,11,1433,,B1,,,,,,,,n132_5B1q,1433,,gutim,132,
132,748.5796,0.0714,144,21,22,1434,,A0,,,,,,,,n132_5A0s,1434,,gutim,132,
132,748.5796,0.1429,144,31,22,1434,,G1,,,,,,,,n132_5G1s,1434,,gutim,132,
132,748.5796,0.1429,144,35,22,1434,,B1,,,,,,,,n132_5B1s_1,1434,,gutim,132,
132,748.5796,0.1429,144,39,22,1434,,D#2,,,,,,,,n132_5Ds2s,1434,,gutim,132,
132,748.5796,0.1429,144,44,22,1434,,G#2,,,,,,,,n132_5Gs2s,1434,,gutim,132,
132,749.2939,0.5089,144,78,8,1435,,F#5,,,,,,,,n132_1Fs5e,1435,,gutim,132,
132,749.2939,0.4286,144,86,8,1435,,D6,,,,,,,,n132_1D6e,1435,,gutim,132,
132,749.2939,0.4286,144,92,8,1435,,G#6,,,,,,,,n132_1Gs6e,1435,,gutim,132,
132,749.2939,0.4286,144,94,8,1435,,A#6,,,,,,,,n132_1As6e,1435,,gutim,132,
132,749.2939,0.4286,144,103,8,1435,,G7,,,,,,,,n132_1G7e,1435,,gutim,132,
132,749.8296,0.0848,144,28,8,1436,,E1,,,,,,,,n132_5E1t,1436,,gutim,132,
132,749.9189,0.0848,144,74,8,1437,,D5,,,,,,,,n132_5D5t_0,1437,,gutim,132,
132,750.0082,0.0848,144,37,8,1438,,C#2,,,,,,,,n132_5Cs2t_0,1438,,gutim,132,
132,750.0975,0.0848,144,60,8,1439,,C4,,,,,,,,n132_5C4t_0,1439,,gutim,132,
132,750.1868,0.0848,144,37,8,1440,,C#2,,,,,,,,n132_5Cs2t_1,1440,,gutim,132,
132,750.276,0.0848,144,74,8,1441,,D5,,,,,,,,n132_5D5t_1,1441,,gutim,132,
132,750.3189,0.06,144,80,8,1442,,Ab5,g,,,,,,,ng132_1Ab5e,1442,,gutim,132,
132,750.3653,0.0848,144,60,8,1443,,C4,,,,,,,,n132_5C4t_1,1443,,gutim,132,
132,750.3939,0.06,144,86,8,1444,,D6,g,,,,,,,ng132_1D6e,1444,,gutim,132,
132,750.4546,0.0848,144,37,8,1445,,C#2,,,,,,,,n132_5Cs2t_2,1445,,gutim,132,
132,750.4689,0.06,144,52,8,1446,,E3,g,,,,,,,ng132_1E3e,1446,,gutim,132,
132,750.5439,0.1696,144,72,8,1447,,C5,,,,,,,,n132_1C5s,1447,,gutim,132,
132,750.7225,0.1696,144,61,8,1448,,C#4,,,,,,,,n132_1Cs4s,1448,,gutim,132,
132,750.826,0.06,144,74,8,1449,,D5,g,,,,,,,ng132_1D5e,1449,,gutim,132,
132,750.901,0.1272,144,68,8,1450,,Ab4,,,,,,,,n132_1Ab4t_0,1450,,gutim,132,
132,751.035,0.0848,144,40,8,1451,,E2,,,,,,,,n132_1E2t_0,1451,,gutim,132,
132,751.1243,0.0848,144,49,8,1452,,C#3,,,,,,,,n132_1Cs3t_0,1452,,gutim,132,
132,751.2135,0.1272,144,60,8,1453,,C4,,,,,,,,n132_1C4t,1453,,gutim,132,
132,751.3475,0.0848,144,49,8,1454,,C#3,,,,,,,,n132_1Cs3t_1,1454,,gutim,132,
132,751.4368,0.1272,144,68,8,1455,,Ab4,,,,,,,,n132_1Ab4t_1,1455,,gutim,132,
132,751.5707,0.1272,144,40,8,1456,,E2,,,,,,,,n132_1E2t_1,1456,,gutim,132,
132,751.7046,0.2545,144,74,8,1457,,D5,,,,,,,,n132_1D5s,1457,,gutim,132,
132,751.9725,0.2857,144,43,5,1458,,G2,,,,,,,,n132_5G2e,1458,,gutim,132,
132,752.3296,0.5714,144,43,5,1459,,G2,,,,,,,,n132_5G2q,1459,,gutim,132,
132,752.3296,0.5714,144,47,5,1459,,B2,,,,,,,,n132_5B2q,1459,,gutim,132,
132,753.0439,0.0848,144,92,5,1460,,Ab6,,,,,,,,n132_1Ab6t_0,1460,,gutim,132,
132,753.1332,0.0848,144,98,5,1461,,D7,,,,,,,,n132_1D7t_0,1461,,gutim,132,
132,753.2225,0.0848,144,61,6,1462,,C#4,,,,,,,,n132_1Cs4t_0,1462,,gutim,132,
132,753.3118,0.0848,144,52,6,1463,,E3,,,,,,,,n132_1E3t_0,1463,,gutim,132,
132,753.401,0.0848,144,84,7,1464,,C6,,,,,,,,n132_1C6t_0,1464,,gutim,132,
132,753.401,0.0848,144,98,7,1464,,D7,,,,,,,,n132_1D7t_1,1464,,gutim,132,
132,753.4903,0.1272,144,92,7,1465,,Ab6,,,,,,,,n132_1Ab6t_1,1465,,gutim,132,
132,753.6243,0.1272,144,52,8,1466,,E3,,,,,,,,n132_1E3t_1,1466,,gutim,132,
132,753.6243,0.1272,144,61,8,1466,,C#4,,,,,,,,n132_1Cs4t_1,1466,,gutim,132,
132,753.7582,0.0848,144,84,9,1467,,C6,,,,,,,,n132_1C6t_1,1467,,gutim,132,
132,753.7582,0.0848,144,92,9,1467,,Ab6,,,,,,,,n132_1Ab6t_2,1467,,gutim,132,
132,753.8475,0.1272,144,98,9,1468,,D7,,,,,,,,n132_1D7t_2,1468,,gutim,132,
132,753.9814,0.1272,144,84,9,1469,,C6,,,,,,,,n132_1C6t_2,1469,,gutim,132,
,,,,,,,,,,,,,,,,,,133,,,
133,755.1868,0.0714,144,37,8,1470,,C#2,,,,,,,,n133_5Cs2s_0,1470,,gutim,133,
133,755.276,0.0714,144,28,8,1471,,E1,,,,,,,,n133_5E1s_0,1471,,gutim,133,
133,755.3653,0.1429,144,48,8,1472,,C3,,,,,,,,n133_5C3e,1472,,gutim,133,
133,755.3653,0.1429,144,56,8,1472,,Ab3,,,,,,,,n133_5Ab3e,1472,,gutim,133,
133,755.3653,0.1429,144,62,8,1472,,D4,,,,,,,,n133_5D4e,1472,,gutim,133,
133,755.5439,0.2143,144,28,8,1473,,E1,,,,,,,,n133_5E1e,1473,,gutim,133,
133,755.5439,0.2143,144,37,8,1473,,C#2,,,,,,,,n133_5Cs2e,1473,,gutim,133,
133,755.8118,0.0446,144,28,20,1474,,E1,,,,,,,,n133_5E1s_2,1474,,gutim,133,
133,755.8118,0.0714,144,37,20,1474,,C#2,,,,,,,,n133_5Cs2s_2,1474,,gutim,133,
133,755.8118,0.0714,144,48,20,1474,,C3,,,,,,,,n133_5C3s,1474,,gutim,133,
133,755.8118,0.0714,144,56,20,1474,,Ab3,,,,,,,,n133_5Ab3s,1474,,gutim,133,
133,755.8118,0.0714,144,62,14,1474,,D4,,,,,,,,n133_5D4s,1474,,gutim,133,
,,,,,,,,,,,,,,,,,,134,,,
134,760.7368,0.06,144,44,14,1475,,Ab2,g,,,,,,,ng134_5Ab2e,1475,,gutim,134,
,,,,,,,7090,,,,,,,,,,,,gutim,,
134,760.8118,0.9107,144,82,14,1476,,Bb5,,,,,,,,n134_1Bb5q,1476,,gutim,134,
134,761.8082,0.06,144,97,14,1477,,Db7,g,,,,,,,ng134_1Db7e,1477,,gutim,134,
134,761.8832,0.0714,144,30,14,1478,,F#1,,,,,,,,n134_2Fs1s,1478,,gutim,134,
134,761.8832,0.5714,144,32,14,1478,,Ab1,,,,,,,,n134_5Ab1q,1478,,gutim,134,
134,761.8832,10.5,144,44,22,1478,,Ab2,,,,,,,,n134_6Ab2h,1478,,gutim,134,
134,761.9725,0.0848,144,55,20,1479,,G3,,,,,,,,n134_2G3e,1479,,gutim,134,
134,762.151,0.0848,144,21,20,1480,,A0,,,,,,,,n134_2A0e,1480,,gutim,134,
134,762.3296,0.5714,144,77,20,1481,,F5,,,,,,,,n134_2F5s_0,1481,,gutim,134,
134,762.4189,1.5268,144,88,20,1482,,E6,,,,,,,,n134_1E6h,1482,,gutim,134,
134,762.5975,0.2857,144,72,8,1483,,C5,,,,,,,,n134_2C5q,1483,,gutim,134,
134,762.9546,0.2857,144,76,8,1484,,E5,,,,,,,,n134_2E5s,1484,,gutim,134,
134,763.0868,0.0375,144,97,8,1485,,C#7,g,,,,,,,ng134_2Cs7e,1485,,gutim,134,
134,763.1618,0.0375,144,56,5,1486,,G#3,g,,,,,,,ng134_2Gs3e,1486,,gutim,134,
134,763.2368,0.0375,144,62,5,1487,,D4,g,,,,,,,ng134_2D4e,1487,,gutim,134,
134,763.3118,0.0893,144,84,8,1488,,C6,,,,,,,,n134_2C6e,1488,,gutim,134,
134,764.026,1.0179,144,62,11,1489,,D4,,,,,,,,n134_1D4q,1489,,gutim,134,
134,764.026,0.4286,144,53,14,1489,,F3,,,,,,,,n134_5F3q,1489,,gutim,134,
134,764.2939,2.7857,144,30,5,1490,,F#1,,,,,,,,n134_2Fs1e,1490,,gutim,134,
,,,,,,,,,,,,,,,,,,135,,,
135,764.5618,0.8571,144,31,11,1491,,G1,,,,,,,,n135_5G1h,1491,,gutim,135,
135,765.0975,0.1696,144,102,22,1492,,F#7,,,,,,,,n135_1Fs7e,1492,,gutim,135,
135,765.276,0.1696,144,27,22,1493,,D#1,,,,,,,,n135_1Ds1e,1493,,gutim,135,
135,765.4546,0.1696,144,70,22,1494,,A#4,,,,,,,,n135_1As4e,1494,,gutim,135,
135,765.6332,0.8571,144,33,2,1495,,A1,,,,,,,,n135_5A1h,1495,,gutim,135,
135,766.7046,1.7143,144,68,11,1496,,Ab4,,,,,,,,n135_1Ab4w,1496,,gutim,135,
135,767.776,0.2857,144,50,5,1497,,D3,,,,,,,,n135_2D3q,1497,,gutim,135,
135,768.1332,0.2857,144,91,17,1498,,G6,,,,,,,,n135_2G6q,1498,,gutim,135,
135,768.4903,0.2857,144,68,14,1499,,Ab4,,,,,,,,n135_2Ab4q,1499,,gutim,135,
,,,,,,,,,,,,,,,,,,136,,,
136,768.8475,0.06,144,30,5,1500,,F#1,g,,,,,,,ng136_6Fs1e,1500,,gutim,136,
136,768.9225,0.4286,144,84,20,1501,,C6,,,,,,,,n136_1C6q,1501,,gutim,136,
136,768.9225,0.1429,144,82,17,1501,,Bb5,,,,,,,,n136_2Bb5e,1501,,gutim,136,
136,769.101,0.1429,144,50,19,1502,,D3,,,,,,,,n136_2D3e,1502,,gutim,136,
136,769.2796,0.1429,144,68,21,1503,,Ab4,,,,,,,,n136_2Ab4e,1503,,gutim,136,
136,769.3832,0.06,144,103,14,1504,,G7,g,,,,,,,ng136_2G7e,1504,,gutim,136,
136,769.4582,4.2857,144,82,24,1505,,Bb5,,,,,,,,n136_1Bb5w,1505,,gutim,136,
136,769.4582,4.2857,144,90,24,1505,,Gb6,,,,,,,,n136_1Gb6w,1505,,gutim,136,
136,774.8153,0.1429,144,88,14,1506,,E6,,,,,,,,n136_1E6e,1506,,gutim,136,
136,774.9939,0.1429,144,102,22,1507,,F#7,,,,,,,,n136_1Fs7e,1507,,gutim,136,
136,775.0832,5.7857,144,48,22,1508,,C3,,,,,,,,n136_6C3e,1508,,gutim,136,
136,775.1725,0.1429,144,70,17,1509,,Bb4,,,,,,,,n136_1Bb4e,1509,,gutim,136,
136,775.276,0.06,144,39,11,1510,,Eb2,g,,,,,,,ng136_6Eb2e,1510,,gutim,136,
136,775.7368,0.06,144,62,14,1511,,D4,g,,,,,,,ng136_2D4e,1511,,gutim,136,
,,,,,,,,,,,,,,,,,,137,,,
137,775.8868,0.4286,144,41,11,1512,,F2,,,,,,,,n137_1F2q,1512,,gutim,137,
137,776.4225,0.4286,144,64,8,1513,,E4,,,,,,,,n137_1E4q,1513,,gutim,137,
137,776.8832,0.06,144,80,20,1514,,G#5,g,,,,,,,ng137_1Gs5e,1514,,gutim,137,
137,776.9582,0.1429,144,102,20,1515,,F#7,,,,,,,,n137_1Fs7e,1515,,gutim,137,
137,777.1368,0.1429,144,96,21,1516,,C7,,,,,,,,n137_1C7e,1516,,gutim,137,
137,777.3153,0.1429,144,52,21,1517,,E3,,,,,,,,n137_1E3e,1517,,gutim,137,
137,777.4189,0.06,144,29,14,1518,,F1,g,,,,,,,ng137_5F1e,1518,,gutim,137,
137,777.4939,0.4286,144,102,24,1519,,F#7,,,,,,,,n137_1Fs7q,1519,,gutim,137,
137,778.1189,3.9286,144,80,24,1520,,G#5,,,,,,,,n137_1Gs5s,1520,,gutim,137,
,,,,,,,,,,,,,,,,,,138,,,
138,781.2439,1.2857,144,88,24,1521,,E6,,,,,,,,n138_2E6h,1521,,gutim,138,
138,781.2439,1.2857,144,97,24,1521,,C#7,,,,,,,,n138_2Cs7h,1521,,gutim,138,
138,782.4939,0.5,144,21,24,1522,,A0,,,,,,,,n138_5A0q,1522,,gutim,138,
138,783.0296,0.2857,144,96,24,1523,,C7,,,,,,,,n138_1C7q,1523,,gutim,138,
138,783.1189,0.0714,144,42,24,1524,,F#2,,,,,,,,n138_5Fs2s,1524,,gutim,138,
138,783.2082,0.0714,144,55,14,1525,,G3,,,,,,,,n138_5G3s,1525,,gutim,138,
138,783.2975,0.0714,144,77,14,1526,,F5,,,,,,,,n138_5F5s,1526,,gutim,138,
138,783.3975,0.06,144,33,14,1527,,A1,g,,,,,,,ng138_5A1e,1527,,gutim,138,
138,783.4725,0.4286,144,67,14,1528,,G4,,,,,,,,n138_1G4q,1528,,gutim,138,
,,,,,,,7095,,,,,,,,,,,,gutim,,
,,,,,,,,,,,,,,,,,,142,,,
142,804.7302,0.1838,144,67,14,1529,,G4,,,,,,,,n142_1G4s,1529,,gutim,142,
142,805.1914,1.2376,144,29,24,1530,,F1,,,,,,,,n142_5F1q,1530,,gutim,142,
142,806.7383,0.0977,144,52,20,1531,,E3,,,,,,,,n142_5E3t,1531,,gutim,142,
142,806.8605,0.1966,144,80,24,1532,,G#5,,,,,,,,n142_1Gs5s,1532,,gutim,142,
142,807.1063,0.1982,144,102,22,1533,,F#7,,,,,,,,n142_1Fs7s,1533,,gutim,142,
142,807.3541,0.1997,144,29,20,1534,,F1,,,,,,,,n142_1F1s,1534,,gutim,142,
142,809.1446,2.152,144,62,18,1535,,D4,,,,,,,,n142_2D4h,1535,,gutim,142,
142,809.1446,0.1266,144,68,18,1535,,G#4,,,,,,,,n142_6Gs4t,1535,,gutim,142,
142,809.4612,0.2533,144,90,15,1536,,F#6,,,,,,,,n142_6Fs6s,1536,,gutim,142,
142,809.7778,0.2533,144,40,13,1537,,E2,,,,,,,,n142_6E2s,1537,,gutim,142,
142,809.934,0.6316,144,100,24,1538,,E7,,,,,,,,n142_1E7e,1538,,gutim,142,
142,810.411,0.25,144,33,14,1539,,A1,,,,,,,,n142_6A1s,1539,,gutim,142,
142,810.7235,0.2963,144,80,5,1540,,Ab5,,,,,,,,n142_1Ab5e,1540,,gutim,142,
142,810.8624,0.2222,144,65,11,1541,,F4,,,,,,,,n142_5F4s,1541,,gutim,142,
142,811.0939,0.1481,144,84,2,1542,,C6,,,,,,,,n142_1C6s,1542,,gutim,142,
142,811.1402,0.066,144,65,9,1543,,F4,,,,,,,,n142_5F4x,1543,,gutim,142,
142,811.2096,0.066,144,30,8,1544,,Gb1,,,,,,,,n142_5Gb1x,1544,,gutim,142,
142,811.3717,0.0463,144,44,5,1545,,Ab2,,,,,,,,n142_1Ab2t,1545,,gutim,142,
142,811.4643,0.0463,144,30,5,1546,,Gb1,,,,,,,,n142_1Gb1t,1546,,gutim,142,
142,811.5568,0.2222,144,48,5,1547,,C3,,,,,,,,n142_1C3s,1547,,gutim,142,
,,,,,,,7097,,,,,,,,,,,,gutim,,
,,,,,,,,,,,,,,,,,,143,,,
143,814.0568,3.5724,144,30,24,1548,,Gb1,,,,,,,,n143_5Gb1w,1548,,gutim,143,
,,,,,,,7100,,,,,,,,,,,,gutim,,
,,,,,,,,,,,,,,,,,,146,,,
146,832.1923,0.06,144,66,5,1549,,F#4,g,,,,,,,ng146_1Fs4e,1549,,gutim,146,
146,832.2673,1.3,144,28,14,1550,,E1,,,,,,,,n146_1E1q,1550,,gutim,146,
146,833.1423,0.0712,144,73,11,1551,,C#5,g,,,,,,,ng146_5Cs5e,1551,,gutim,146,
146,833.2173,0.0712,144,33,11,1552,,A1,g,,,,,,,ng146_5A1e_0,1552,,gutim,146,
146,833.2923,0.0712,144,61,10,1553,,C#4,g,,,,,,,ng146_5Cs4e_0,1553,,gutim,146,
146,833.3673,0.0712,144,33,10,1554,,A1,g,,,,,,,ng146_5A1e_1,1554,,gutim,146,
146,833.4423,0.0712,144,61,8,1555,,C#4,g,,,,,,,ng146_5Cs4e_1,1555,,gutim,146,
146,833.5173,0.4277,144,33,8,1556,,A1,,,,,,,,n146_5A1e_0,1556,,gutim,146,
146,833.5173,0.4277,144,42,8,1556,,F#2,,,,,,,,n146_5Fs2e_0,1556,,gutim,146,
146,833.5173,0.4277,144,61,8,1556,,C#4,,,,,,,,n146_5Cs4e_0,1556,,gutim,146,
146,833.9675,0.1199,144,33,22,1557,,A1,,,,,,,,n146_5A1e_1,1557,,gutim,146,
146,833.9675,0.2398,144,42,22,1557,,F#2,,,,,,,,n146_5Fs2e_1,1557,,gutim,146,
146,833.9675,0.2398,144,61,22,1557,,C#4,,,,,,,,n146_5Cs4e_1,1557,,gutim,146,
146,834.1923,0.06,144,75,11,1558,,D#5,g,,,,,,,ng146_1Ds5e,1558,,gutim,146,
146,834.2673,1.2,144,71,11,1559,,B4,,,,,,,,n146_1B4h,1559,,gutim,146,
146,834.2673,0.0789,144,61,5,1559,,C#4,,,,,,,,n146_5Cs4t_0,1559,,gutim,146,
146,834.3503,0.0789,144,33,5,1560,,A1,,,,,,,,n146_5A1t_0,1560,,gutim,146,
146,834.4334,0.0789,144,42,5,1561,,F#2,,,,,,,,n146_5Fs2t_0,1561,,gutim,146,
146,834.5164,0.0789,144,61,5,1562,,C#4,,,,,,,,n146_5Cs4t_1,1562,,gutim,146,
146,834.5994,0.0789,144,42,5,1563,,F#2,,,,,,,,n146_5Fs2t_1,1563,,gutim,146,
146,834.6824,0.1586,144,33,5,1564,,A1,,,,,,,,n146_5A1s_0,1564,,gutim,146,
146,834.8494,0.0789,144,61,5,1565,,C#4,,,,,,,,n146_5Cs4t_2,1565,,gutim,146,
146,834.9324,0.0789,144,42,5,1566,,F#2,,,,,,,,n146_5Fs2t_2,1566,,gutim,146,
146,835.0154,0.0789,144,61,5,1567,,C#4,,,,,,,,n146_5Cs4t_3,1567,,gutim,146,
146,835.0984,0.0789,144,33,6,1568,,A1,,,,,,,,n146_5A1t_1,1568,,gutim,146,
146,835.1814,0.0789,144,42,6,1569,,F#2,,,,,,,,n146_5Fs2t_3,1569,,gutim,146,
146,835.2644,0.0789,144,61,6,1570,,C#4,,,,,,,,n146_5Cs4t_4,1570,,gutim,146,
146,835.3474,0.0789,144,42,6,1571,,F#2,,,,,,,,n146_5Fs2t_4,1571,,gutim,146,
146,835.4304,0.1586,144,33,6,1572,,A1,,,,,,,,n146_5A1s_1,1572,,gutim,146,
146,835.5974,0.0789,144,61,7,1573,,C#4,,,,,,,,n146_5Cs4t_5,1573,,gutim,146,
146,835.6804,0.0826,144,42,7,1574,,F#2,,,,,,,,n146_5Fs2t_5,1574,,gutim,146,
,,,,,,,,,,,,,,,,,,147,,,
147,835.7673,0.0664,144,61,7,1575,,C#4,,,,,,,,n147_5Cs4t_0,1575,,gutim,147,
147,835.8503,0.0664,144,33,7,1576,,A1,,,,,,,,n147_5A1t_0,1576,,gutim,147,
147,835.9334,0.0664,144,42,7,1577,,F#2,,,,,,,,n147_5Fs2t_0,1577,,gutim,147,
147,836.0164,0.0664,144,61,8,1578,,C#4,,,,,,,,n147_5Cs4t_1,1578,,gutim,147,
147,836.0994,0.0664,144,42,8,1579,,F#2,,,,,,,,n147_5Fs2t_1,1579,,gutim,147,
147,836.1824,0.1336,144,33,8,1580,,A1,,,,,,,,n147_5A1s_0,1580,,gutim,147,
147,836.3494,0.0664,144,61,8,1581,,C#4,,,,,,,,n147_5Cs4t_2,1581,,gutim,147,
147,836.4324,0.0664,144,42,9,1582,,F#2,,,,,,,,n147_5Fs2t_2,1582,,gutim,147,
147,836.5154,0.0664,144,61,9,1583,,C#4,,,,,,,,n147_5Cs4t_3,1583,,gutim,147,
147,836.5984,0.0664,144,33,9,1584,,A1,,,,,,,,n147_5A1t_1,1584,,gutim,147,
147,836.6814,0.0664,144,42,9,1585,,F#2,,,,,,,,n147_5Fs2t_3,1585,,gutim,147,
147,836.7644,0.0664,144,61,9,1586,,C#4,,,,,,,,n147_5Cs4t_4,1586,,gutim,147,
147,836.8474,0.0664,144,42,9,1587,,F#2,,,,,,,,n147_5Fs2t_4,1587,,gutim,147,
147,836.9304,0.1336,144,33,10,1588,,A1,,,,,,,,n147_5A1s_1,1588,,gutim,147,
147,837.0974,0.0664,144,61,10,1589,,C#4,,,,,,,,n147_5Cs4t_5,1589,,gutim,147,
147,837.1804,0.0664,144,42,10,1590,,F#2,,,,,,,,n147_5Fs2t_5,1590,,gutim,147,
147,837.2634,0.0664,144,61,10,1591,,C#4,,,,,,,,n147_5Cs4t_6,1591,,gutim,147,
147,837.3464,0.0664,144,33,10,1592,,A1,,,,,,,,n147_5A1t_2,1592,,gutim,147,
147,837.4294,0.0664,144,42,10,1593,,F#2,,,,,,,,n147_5Fs2t_6,1593,,gutim,147,
147,837.5125,0.2611,144,33,10,1594,,A1,,,,,,,,n147_5A1s_2,1594,,gutim,147,
147,837.6423,0.0956,144,75,11,1595,,D#5,,,,,,,,n147_1Ds5t_0,1595,,gutim,147,
147,837.743,0.0956,144,71,11,1596,,B4,,,,,,,,n147_1B4t_0,1596,,gutim,147,
147,837.8388,0.1439,144,59,11,1597,,B3,,,,,,,,n147_5B3t,1597,,gutim,147,
147,837.8436,0.1439,144,75,10,1598,,D#5,,,,,,,,n147_1Ds5t_1,1598,,gutim,147,
147,837.9904,0.0956,144,55,10,1599,,G3,,,,,,,,n147_5G3t,1599,,gutim,147,
147,837.9951,0.0956,144,71,9,1600,,B4,,,,,,,,n147_1B4t_1,1600,,gutim,147,
147,838.0957,0.0956,144,75,9,1601,,D#5,,,,,,,,n147_1Ds5t_2,1601,,gutim,147,
147,838.1963,0.1923,144,71,8,1602,,B4,,,,,,,,n147_1B4s,1602,,gutim,147,
147,838.2934,0.1619,144,55,8,1603,,G3,,,,,,,,n147_5G3s_0,1603,,gutim,147,
147,838.3987,0.0956,144,75,7,1604,,D#5,,,,,,,,n147_1Ds5t_3,1604,,gutim,147,
147,838.4958,0.1619,144,55,7,1605,,G3,,,,,,,,n147_5G3s_1,1605,,gutim,147,
147,838.4993,0.0956,144,71,7,1606,,B4,,,,,,,,n147_1B4t_2,1606,,gutim,147,
147,838.6,0.0956,144,80,14,1607,,G#5,,,,,,,,n147_1Gs5t_0,1607,,gutim,147,
147,838.7006,0.1439,144,75,13,1608,,D#5,,,,,,,,n147_1Ds5t_4,1608,,gutim,147,
147,838.6982,0.2462,144,55,14,1608,,G3,,,,,,,,n147_5G3s_2,1608,,gutim,147,
147,838.8521,0.1462,144,71,12,1609,,B4,,,,,,,,n147_1B4t_3,1609,,gutim,147,
147,838.8521,0.1462,144,80,12,1609,,G#5,,,,,,,,n147_1Gs5t_1,1609,,gutim,147,
,,,,,,,,,,,,,,,,,,148,,,
148,839.006,0.1212,144,71,11,1610,,B4,,,,,,,,n148_1B4t,1610,,gutim,148,
148,839.006,0.1212,144,75,11,1610,,D#5,,,,,,,,n148_1Ds5t,1610,,gutim,148,
148,839.1575,0.1923,144,55,13,1611,,G3,,,,,,,,n148_5G3s_0,1611,,gutim,148,
148,839.2581,0.1923,144,71,17,1612,,B4,,,,,,,,n148_1B4s_0,1612,,gutim,148,
148,839.2581,0.1619,144,75,17,1612,,D#5,,,,,,,,n148_1Ds5s_0,1612,,gutim,148,
148,839.2581,0.1619,144,80,17,1612,,G#5,,,,,,,,n148_1Gs5s,1612,,gutim,148,
148,839.3599,0.0956,144,45,17,1613,,A2,,,,,,,,n148_5A2t_0,1613,,gutim,148,
148,839.4605,0.1439,144,55,16,1614,,G3,,,,,,,,n148_5G3t_0,1614,,gutim,148,
148,839.612,0.1619,144,71,11,1615,,B4,,,,,,,,n148_1B4s_1,1615,,gutim,148,
148,839.612,0.1619,144,75,11,1615,,D#5,,,,,,,,n148_1Ds5s_1,1615,,gutim,148,
148,839.612,0.0956,144,45,14,1615,,A2,,,,,,,,n148_5A2t_1,1615,,gutim,148,
148,839.7127,0.1923,144,55,13,1616,,G3,,,,,,,,n148_5G3s_1,1616,,gutim,148,
148,839.8145,0.0805,144,92,7,1617,,G#6,,,,,,,,n148_1Gs6t,1617,,gutim,148,
148,839.9151,0.1226,144,63,11,1618,,D#4,,,,,,,,n148_1Ds4t,1618,,gutim,148,
148,840.0683,0.1255,144,80,10,1619,,G#5,,,,,,,,n148_1Gs5t,1619,,gutim,148,
148,840.2252,0.1285,144,59,8,1620,,B3,,,,,,,,n148_1B3t,1620,,gutim,148,
148,840.3859,0.0667,144,43,14,1621,,G2,,,,,,,,n148_5G2x_0,1621,,gutim,148,
148,840.4561,0.0674,144,51,17,1622,,D#3,,,,,,,,n148_5Ds3x,1622,,gutim,148,
148,840.5271,0.0682,144,47,19,1623,,B2,,,,,,,,n148_5B2x,1623,,gutim,148,
148,840.5988,0.0689,144,68,22,1624,,G#4,,,,,,,,n148_5Gs4x,1624,,gutim,148,
148,840.5988,0.0689,144,71,22,1624,,B4,,,,,,,,n148_5B4x,1624,,gutim,148,
148,840.5988,0.0689,144,75,22,1624,,D#5,,,,,,,,n148_5Ds5x,1624,,gutim,148,
148,840.5988,0.0689,144,80,22,1624,,G#5,,,,,,,,n148_5Gs5x,1624,,gutim,148,
148,840.6713,0.0697,144,33,22,1625,,A1,,,,,,,,n148_5A1x,1625,,gutim,148,
148,840.6713,0.0697,144,43,22,1625,,G2,,,,,,,,n148_5G2x_1,1625,,gutim,148,
148,840.7447,0.0704,144,63,22,1626,,D#4,,,,,,,,n148_5Ds4x,1626,,gutim,148,
148,840.8188,0.0712,144,59,21,1627,,B3,,,,,,,,n148_5B3x,1627,,gutim,148,
148,840.8938,0.1423,144,43,19,1628,,G2,,,,,,,,n148_5G2t_0,1628,,gutim,148,
148,841.0716,0.0966,144,33,16,1629,,A1,,,,,,,,n148_5A1t,1629,,gutim,148,
148,841.1924,0.1489,144,43,13,1630,,G2,,,,,,,,n148_5G2t_1,1630,,gutim,148,
148,841.1924,0.1489,144,59,13,1630,,B3,,,,,,,,n148_5B3t,1630,,gutim,148,
148,841.1924,0.1489,144,63,13,1630,,D#4,,,,,,,,n148_5Ds4t,1630,,gutim,148,
148,841.3785,0.1012,144,21,10,1631,,A0,,,,,,,,n148_5A0t,1631,,gutim,148,
148,841.505,0.1032,144,55,7,1632,,G3,,,,,,,,n148_5G3t_1,1632,,gutim,148,
148,841.505,0.1032,144,68,7,1632,,G#4,,,,,,,,n148_5Gs4t,1632,,gutim,148,
148,841.6339,5.3233,144,21,14,1633,,A0,,,,,,,,n148_5A0s,1633,,gutim,148,
148,842.0381,0.25,144,33,14,1634,,A1,,,,,,,,n148_1A1s,1634,,gutim,148,
148,842.0381,0.25,144,42,14,1634,,F#2,,,,,,,,n148_1Fs2s,1634,,gutim,148,
148,842.0381,0.25,144,53,14,1634,,F3,,,,,,,,n148_1F3s,1634,,gutim,148,
148,842.0381,0.25,144,61,14,1634,,C#4,,,,,,,,n148_1Cs4s,1634,,gutim,148,
148,842.3506,1.25,144,31,14,1635,,G1,,,,,,,,n148_1G1e,1635,,gutim,148,
148,842.3506,1.25,144,33,14,1635,,A1,,,,,,,,n148_1A1e,1635,,gutim,148,
148,842.3506,0.75,144,42,14,1635,,F#2,,,,,,,,n148_1Fs2e,1635,,gutim,148,
148,842.3506,0.75,144,53,14,1635,,F3,,,,,,,,n148_1F3e,1635,,gutim,148,
148,842.3506,0.75,144,61,14,1635,,C#4,,,,,,,,n148_1Cs4e,1635,,gutim,148,
,,,,,,,,,,,,,,,,,,149,,,
149,843.2881,0.5,144,28,14,1636,,E1,,,,,,,,n149_1E1e,1636,,gutim,149,
149,843.8381,0.06,144,66,14,1637,,F#4,g,,,,,,,ng149_1Fs4e,1637,,gutim,149,
149,843.9131,0.5,144,48,14,1638,,C3,,,,,,,,n149_1C3e,1638,,gutim,149,
149,845.2214,0.06,144,30,14,1639,,Gb1,g,,,,,,,ng149_1Gb1e,1639,,gutim,149,
149,845.2964,0.06,144,70,14,1640,,Bb4,g,,,,,,,ng149_1Bb4e,1640,,gutim,149,
149,845.3714,0.3333,144,50,14,1641,,D3,,,,,,,,n149_1D3e,1641,,gutim,149,
149,845.7881,0.1107,144,30,14,1642,,Gb1,,,,,,,,n149_1Gb1t,1642,,gutim,149,
149,845.9264,0.1667,144,70,14,1643,,Bb4,,,,,,,,n149_1Bb4t,1643,,gutim,149,
149,846.1348,0.1107,144,42,14,1644,,Gb2,,,,,,,,n149_1Gb2t,1644,,gutim,149,
149,846.1348,0.1107,144,50,14,1644,,D3,,,,,,,,n149_1D3t_0,1644,,gutim,149,
149,846.2731,0.1667,144,58,14,1645,,Bb3,,,,,,,,n149_1Bb3t_0,1645,,gutim,149,
149,846.4815,0.1667,144,50,14,1646,,D3,,,,,,,,n149_1D3t_1,1646,,gutim,149,
149,846.6898,0.1107,144,50,14,1647,,D3,,,,,,,,n149_1D3t_2,1647,,gutim,149,
149,846.6898,0.1107,144,79,14,1647,,G5,,,,,,,,n149_1G5t,1647,,gutim,149,
149,846.8281,0.1667,144,56,14,1648,,Ab3,,,,,,,,n149_1Ab3t_0,1648,,gutim,149,
149,847.0365,0.1667,144,50,14,1649,,D3,,,,,,,,n149_1D3t_3,1649,,gutim,149,
149,847.0365,0.1667,144,58,14,1649,,Bb3,,,,,,,,n149_1Bb3t_1,1649,,gutim,149,
149,847.2448,0.1107,144,91,14,1650,,G6,,,,,,,,n149_1G6t,1650,,gutim,149,
149,847.3831,0.1667,144,50,14,1651,,D3,,,,,,,,n149_1D3t_4,1651,,gutim,149,
149,847.3831,0.1667,144,56,14,1651,,Ab3,,,,,,,,n149_1Ab3t_1,1651,,gutim,149,
149,847.3831,0.1667,144,58,14,1651,,Bb3,,,,,,,,n149_1Bb3t_2,1651,,gutim,149,
149,847.5915,0.2227,144,103,14,1652,,G7,,,,,,,,n149_1G7s,1652,,gutim,149,
,,,,,,,7105,,,,,,,,,,,,gutim,,
,,,,,,,,,,,,,,,,,,152,,,
152,859.3952,0.0712,144,75,11,1653,,D#5,g,,,,,,,ng152_1Ds5e,1653,,gutim,152,
152,859.4702,1.4587,144,71,14,1654,,B4,,,,,,,,n152_1B4h,1654,,gutim,152,
152,859.4702,0.079,144,61,14,1654,,C#4,,,,,,,,n152_5Cs4t_0,1654,,gutim,152,
152,859.5533,0.0792,144,33,5,1655,,A1,,,,,,,,n152_5A1t_0,1655,,gutim,152,
152,859.6367,0.0794,144,42,5,1656,,F#2,,,,,,,,n152_5Fs2t_0,1656,,gutim,152,
152,859.7202,0.0796,144,61,5,1657,,C#4,,,,,,,,n152_5Cs4t_1,1657,,gutim,152,
152,859.804,0.0798,144,42,5,1658,,F#2,,,,,,,,n152_5Fs2t_1,1658,,gutim,152,
152,859.8879,0.1611,144,33,5,1659,,A1,,,,,,,,n152_5A1s_0,1659,,gutim,152,
152,860.0575,0.0804,144,61,5,1660,,C#4,,,,,,,,n152_5Cs4t_2,1660,,gutim,152,
152,860.1421,0.0806,144,42,5,1661,,F#2,,,,,,,,n152_5Fs2t_2,1661,,gutim,152,
152,860.227,0.0808,144,61,5,1662,,C#4,,,,,,,,n152_5Cs4t_3,1662,,gutim,152,
152,860.312,0.081,144,33,6,1663,,A1,,,,,,,,n152_5A1t_1,1663,,gutim,152,
152,860.3973,0.0812,144,42,6,1664,,F#2,,,,,,,,n152_5Fs2t_3,1664,,gutim,152,
152,860.4828,0.0814,144,61,6,1665,,C#4,,,,,,,,n152_5Cs4t_4,1665,,gutim,152,
152,860.5685,0.0817,144,42,6,1666,,F#2,,,,,,,,n152_5Fs2t_4,1666,,gutim,152,
152,860.6545,0.1649,144,33,6,1667,,A1,,,,,,,,n152_5A1s_1,1667,,gutim,152,
152,860.8281,0.0823,144,61,7,1668,,C#4,,,,,,,,n152_5Cs4t_5,1668,,gutim,152,
152,860.9147,0.0825,144,42,7,1669,,F#2,,,,,,,,n152_5Fs2t_5,1669,,gutim,152,
152,861.0016,0.0697,144,61,7,1670,,C#4,,,,,,,,n152_5Cs4t_6,1670,,gutim,152,
152,861.0887,0.0699,144,33,7,1671,,A1,,,,,,,,n152_5A1t_2,1671,,gutim,152,
152,861.176,0.0701,144,42,7,1672,,F#2,,,,,,,,n152_5Fs2t_6,1672,,gutim,152,
152,861.2636,0.0702,144,61,8,1673,,C#4,,,,,,,,n152_5Cs4t_7,1673,,gutim,152,
152,861.3514,0.0704,144,42,8,1674,,F#2,,,,,,,,n152_5Fs2t_7,1674,,gutim,152,
152,861.4394,0.1423,144,33,8,1675,,A1,,,,,,,,n152_5A1s_2,1675,,gutim,152,
152,861.6173,0.071,144,61,8,1676,,C#4,,,,,,,,n152_5Cs4t_8,1676,,gutim,152,
152,861.706,0.0712,144,42,9,1677,,F#2,,,,,,,,n152_5Fs2t_8,1677,,gutim,152,
152,861.795,0.0714,144,61,9,1678,,C#4,,,,,,,,n152_5Cs4t_9,1678,,gutim,152,
152,861.8843,0.0716,144,33,9,1679,,A1,,,,,,,,n152_5A1t_3,1679,,gutim,152,
152,861.9738,0.0718,144,42,9,1680,,F#2,,,,,,,,n152_5Fs2t_9,1680,,gutim,152,
152,862.0635,0.072,144,61,9,1681,,C#4,,,,,,,,n152_5Cs4t_10,1681,,gutim,152,
152,862.1535,0.0722,144,42,9,1682,,F#2,,,,,,,,n152_5Fs2t_10,1682,,gutim,152,
152,862.2437,0.1458,144,33,10,1683,,A1,,,,,,,,n152_5A1s_3,1683,,gutim,152,
152,862.4259,0.0728,144,61,10,1684,,C#4,,,,,,,,n152_5Cs4t_11,1684,,gutim,152,
152,862.5169,0.073,144,42,10,1685,,F#2,,,,,,,,n152_5Fs2t_11,1685,,gutim,152,
152,862.6082,0.0869,144,61,10,1686,,C#4,,,,,,,,n152_5Cs4t_12,1686,,gutim,152,
152,862.6997,0.0872,144,33,10,1687,,A1,,,,,,,,n152_5A1t_4,1687,,gutim,152,
152,862.7914,0.0874,144,42,10,1688,,F#2,,,,,,,,n152_5Fs2t_12,1688,,gutim,152,
152,862.8834,0.0876,144,61,14,1689,,C#4,,,,,,,,n152_5Cs4t_13,1689,,gutim,152,
152,862.9757,0.0879,144,42,14,1690,,F#2,,,,,,,,n152_5Fs2t_13,1690,,gutim,152,
152,863.0682,0.1776,144,33,14,1691,,A1,,,,,,,,n152_5A1s_4,1691,,gutim,152,
152,863.2551,0.0887,144,61,14,1692,,C#4,,,,,,,,n152_5Cs4t_14,1692,,gutim,152,
152,863.3484,0.0889,144,42,14,1693,,F#2,,,,,,,,n152_5Fs2t_14,1693,,gutim,152,
152,863.442,0.0892,144,61,14,1694,,C#4,,,,,,,,n152_5Cs4t_15,1694,,gutim,152,
152,863.5359,0.0894,144,33,14,1695,,A1,,,,,,,,n152_5A1t_5,1695,,gutim,152,
152,863.63,0.0897,144,42,14,1696,,F#2,,,,,,,,n152_5Fs2t_15,1696,,gutim,152,
152,863.7244,0.0899,144,61,14,1697,,C#4,,,,,,,,n152_5Cs4t_16,1697,,gutim,152,
152,863.8191,0.0902,144,42,14,1698,,F#2,,,,,,,,n152_5Fs2t_16,1698,,gutim,152,
152,863.914,0.1822,144,33,14,1699,,A1,,,,,,,,n152_5A1s_5,1699,,gutim,152,
152,864.1058,0.091,144,61,14,1700,,C#4,,,,,,,,n152_5Cs4t_17,1700,,gutim,152,
152,864.2016,0.0913,144,42,14,1701,,F#2,,,,,,,,n152_5Fs2t_17,1701,,gutim,152,
152,864.2977,0.077,144,61,14,1702,,C#4,,,,,,,,n152_5Cs4t_18,1702,,gutim,152,
152,864.3939,0.077,144,33,14,1703,,A1,,,,,,,,n152_5A1t_6,1703,,gutim,152,
152,864.4902,0.077,144,42,14,1704,,F#2,,,,,,,,n152_5Fs2t_18,1704,,gutim,152,
152,864.5864,0.077,144,61,14,1705,,C#4,,,,,,,,n152_5Cs4t_19,1705,,gutim,152,
152,864.6826,0.077,144,42,14,1706,,F#2,,,,,,,,n152_5Fs2t_19,1706,,gutim,152,
152,864.7789,0.1549,144,33,14,1707,,A1,,,,,,,,n152_5A1s_6,1707,,gutim,152,
152,864.9725,0.077,144,61,14,1708,,C#4,,,,,,,,n152_5Cs4t_20,1708,,gutim,152,
152,865.0687,0.077,144,42,14,1709,,F#2,,,,,,,,n152_5Fs2t_20,1709,,gutim,152,
152,865.165,0.077,144,61,14,1710,,C#4,,,,,,,,n152_5Cs4t_21,1710,,gutim,152,
152,865.2612,0.077,144,33,14,1711,,A1,,,,,,,,n152_5A1t_7,1711,,gutim,152,
152,865.3575,0.077,144,42,14,1712,,F#2,,,,,,,,n152_5Fs2t_21,1712,,gutim,152,
152,865.4537,0.077,144,61,14,1713,,C#4,,,,,,,,n152_5Cs4t_22,1713,,gutim,152,
152,865.5499,0.077,144,42,14,1714,,F#2,,,,,,,,n152_5Fs2t_22,1714,,gutim,152,
152,865.6462,0.1549,144,33,14,1715,,A1,,,,,,,,n152_5A1s_7,1715,,gutim,152,
152,865.8398,0.077,144,61,14,1716,,C#4,,,,,,,,n152_5Cs4t_23,1716,,gutim,152,
152,865.936,0.077,144,42,14,1717,,F#2,,,,,,,,n152_5Fs2t_23,1717,,gutim,152,
,,,,,,,7107,,,,,,,,,,,,gutim,,
,,,,,,,,,,,,,,,,,,154,,,
154,879.0939,0.8261,144,28,11,1718,,E1,,,,,,,,n154_5E1q,1718,,gutim,154,
,,,,,,,,,,,,,,,,,,155,,,
155,879.9634,0.8261,144,36,9,1719,,C2,,,,,,,,n155_5C2q,1719,,gutim,155,
155,880.833,0.1377,144,36,7,1720,,C2,,,,,,,,n155_5C2t_0,1720,,gutim,155,
155,880.9779,0.1377,144,42,7,1721,,Gb2,,,,,,,,n155_5Gb2t_0,1721,,gutim,155,
155,881.1229,0.0914,144,32,6,1722,,Ab1,,,,,,,,n155_5Ab1t_0,1722,,gutim,155,
155,881.2191,0.0914,144,41,6,1723,,F2,,,,,,,,n155_5F2t_0,1723,,gutim,155,
155,881.3153,0.0914,144,32,6,1724,,Ab1,,,,,,,,n155_5Ab1t_1,1724,,gutim,155,
155,881.4116,0.0914,144,42,5,1725,,Gb2,,,,,,,,n155_5Gb2t_1,1725,,gutim,155,
155,881.5078,0.0914,144,41,5,1726,,F2,,,,,,,,n155_5F2t_1,1726,,gutim,155,
155,881.6041,0.0914,144,32,5,1727,,Ab1,,,,,,,,n155_5Ab1t_2,1727,,gutim,155,
155,881.7003,0.077,144,28,14,1728,,E1,,,,,,,,n155_5E1t_0,1728,,gutim,155,
155,881.7003,0.077,144,36,14,1728,,C2,,,,,,,,n155_5C2t_1,1728,,gutim,155,
155,881.7965,0.077,144,32,15,1729,,Ab1,,,,,,,,n155_5Ab1t_3,1729,,gutim,155,
155,881.8928,0.1159,144,28,16,1730,,E1,,,,,,,,n155_5E1t_1,1730,,gutim,155,
155,881.8928,0.1159,144,36,16,1730,,C2,,,,,,,,n155_5C2t_2,1730,,gutim,155,
155,882.0377,0.1159,144,54,18,1731,,Gb3,,,,,,,,n155_5Gb3t_0,1731,,gutim,155,
155,882.1826,0.077,144,28,20,1732,,E1,,,,,,,,n155_5E1t_2,1732,,gutim,155,
155,882.1826,0.077,144,32,20,1732,,Ab1,,,,,,,,n155_5Ab1t_4,1732,,gutim,155,
155,882.1826,0.077,144,36,20,1732,,C2,,,,,,,,n155_5C2t_3,1732,,gutim,155,
155,882.2789,0.0914,144,66,11,1733,,Gb4,,,,,,,,n155_5Gb4t,1733,,gutim,155,
155,882.3751,0.0914,144,53,10,1734,,F3,,,,,,,,n155_5F3t,1734,,gutim,155,
155,882.4714,0.0914,144,32,10,1735,,Ab1,,,,,,,,n155_5Ab1t_5,1735,,gutim,155,
155,882.5676,0.1159,144,28,9,1736,,E1,,,,,,,,n155_5E1t_3,1736,,gutim,155,
155,882.5676,0.1159,144,36,9,1736,,C2,,,,,,,,n155_5C2t_4,1736,,gutim,155,
155,882.5676,0.1159,144,54,9,1736,,Gb3,,,,,,,,n155_5Gb3t_1,1736,,gutim,155,
155,882.7125,0.0914,144,32,8,1737,,Ab1,,,,,,,,n155_5Ab1t_6,1737,,gutim,155,
155,882.8088,0.0914,144,41,7,1738,,F2,,,,,,,,n155_5F2t_2,1738,,gutim,155,
155,883.0069,0.2065,144,44,22,1739,,Ab2,,,,,,,,n155_1Ab2s_0,1739,,gutim,155,
155,883.2243,0.2065,144,42,22,1740,,Gb2,,,,,,,,n155_1Gb2s,1740,,gutim,155,
155,883.2243,0.1739,144,44,22,1740,,Ab2,,,,,,,,n155_1Ab2s_1,1740,,gutim,155,
155,883.4417,3.3043,144,28,5,1741,,E1,,,,,,,,n155_5E1w,1741,,gutim,155,
155,883.4417,3.3043,144,32,5,1741,,Ab1,,,,,,,,n155_5Ab1w,1741,,gutim,155,
155,883.4417,3.3043,144,36,5,1741,,C2,,,,,,,,n155_5C2w,1741,,gutim,155,
155,883.4417,3.3043,144,65,5,1741,,F4,,,,,,,,n155_5F4w,1741,,gutim,155,
155,883.4417,3.3043,144,66,5,1741,,Gb4,,,,,,,,n155_5Gb4w,1741,,gutim,155,
155,885.1808,0.1377,144,76,8,1742,,E5,,,,,,,,n155_1E5t,1742,,gutim,155,
155,885.3258,0.0914,144,62,8,1743,,D4,,,,,,,,n155_1D4t_0,1743,,gutim,155,
155,885.422,0.0914,144,78,9,1744,,F#5,,,,,,,,n155_1Fs5t_0,1744,,gutim,155,
155,885.5182,0.0914,144,70,9,1745,,Bb4,,,,,,,,n155_1Bb4t_0,1745,,gutim,155,
155,885.6145,0.0828,144,78,9,1746,,F#5,,,,,,,,n155_1Fs5t_1,1746,,gutim,155,
155,885.7017,0.0828,144,70,9,1747,,Bb4,,,,,,,,n155_1Bb4t_1,1747,,gutim,155,
155,885.7888,0.0828,144,90,9,1748,,F#6,,,,,,,,n155_1Fs6t_0,1748,,gutim,155,
155,885.876,0.0828,144,70,10,1749,,Bb4,,,,,,,,n155_1Bb4t_2,1749,,gutim,155,
155,885.9632,0.0828,144,62,10,1750,,D4,,,,,,,,n155_1D4t_1,1750,,gutim,155,
155,886.0504,0.0914,144,90,10,1751,,F#6,,,,,,,,n155_1Fs6t_1,1751,,gutim,155,
155,886.1466,0.0914,144,70,10,1752,,Bb4,,,,,,,,n155_1Bb4t_3,1752,,gutim,155,
155,886.2429,0.0914,144,51,10,1753,,Eb3,,,,,,,,n155_1Eb3t,1753,,gutim,155,
155,886.3391,0.111,144,62,11,1754,,D4,,,,,,,,n155_1D4t_2,1754,,gutim,155,
155,886.3391,0.1388,144,70,11,1754,,Bb4,,,,,,,,n155_1Bb4t_4,1754,,gutim,155,
155,886.3391,0.1388,144,78,11,1754,,F#5,,,,,,,,n155_1Fs5t_2,1754,,gutim,155,
155,886.4852,0.413,144,51,11,1755,,Eb3,,,,,,,,n155_1Eb3e,1755,,gutim,155,
,,,,,,,,,,,,,,,,,,156,,,
156,886.92,0.6957,144,28,14,1756,,E1,,,,,,,,n156_5E1q,1756,,gutim,156,
156,886.92,0.6957,144,32,14,1756,,Ab1,,,,,,,,n156_5Ab1q,1756,,gutim,156,
156,886.92,0.6957,144,36,14,1756,,C2,,,,,,,,n156_5C2q,1756,,gutim,156,
156,886.92,0.6957,144,65,14,1756,,F4,,,,,,,,n156_5F4q,1756,,gutim,156,
156,886.92,0.6957,144,66,14,1756,,Gb4,,,,,,,,n156_5Gb4q,1756,,gutim,156,
156,887.2098,0.0914,144,38,14,1757,,D2,,,,,,,,n156_1D2t_0,1757,,gutim,156,
156,887.306,0.0914,144,52,14,1758,,E3,,,,,,,,n156_1E3t,1758,,gutim,156,
156,887.4023,0.0914,144,38,14,1759,,D2,,,,,,,,n156_1D2t_1,1759,,gutim,156,
156,887.4985,0.0914,144,24,14,1760,,C1,,,,,,,,n156_1C1t,1760,,gutim,156,
156,887.5948,0.0914,144,30,14,1761,,Gb1,,,,,,,,n156_1Gb1t,1761,,gutim,156,
156,887.691,0.0914,144,32,14,1762,,Ab1,,,,,,,,n156_1Ab1t,1762,,gutim,156,
156,887.7873,0.077,144,74,14,1763,,D5,,,,,,,,n156_1D5t,1763,,gutim,156,
156,887.7895,0.1087,144,24,14,1764,,C1,,,,,,,,n156_5C1s,1764,,gutim,156,
156,887.7895,0.1739,144,30,14,1764,,Gb1,,,,,,,,n156_5Gb1s,1764,,gutim,156,
156,887.8835,0.077,144,46,14,1765,,Bb2,,,,,,,,n156_1Bb2t_0,1765,,gutim,156,
156,887.9797,0.077,144,86,14,1766,,D6,,,,,,,,n156_1D6t,1766,,gutim,156,
156,888.076,0.077,144,46,14,1767,,Bb2,,,,,,,,n156_1Bb2t_1,1767,,gutim,156,
156,888.1722,0.077,144,72,14,1768,,C5,,,,,,,,n156_1C5t,1768,,gutim,156,
156,888.2685,0.077,144,46,14,1769,,Bb2,,,,,,,,n156_1Bb2t_2,1769,,gutim,156,
156,888.2685,0.077,144,54,14,1769,,F#3,,,,,,,,n156_1Fs3t_0,1769,,gutim,156,
156,888.3647,0.077,144,60,14,1770,,C4,,,,,,,,n156_1C4t,1770,,gutim,156,
156,888.4341,0.0712,144,32,14,1771,,Ab1,g,,,,,,,ng156_5Ab1e_0,1771,,gutim,156,
156,888.4609,0.077,144,46,14,1772,,Bb2,,,,,,,,n156_1Bb2t_3,1772,,gutim,156,
156,888.4609,0.077,144,54,14,1772,,F#3,,,,,,,,n156_1Fs3t_1,1772,,gutim,156,
156,888.4609,0.077,144,62,14,1772,,D4,,,,,,,,n156_1D4t,1772,,gutim,156,
156,888.5091,0.0712,144,61,14,1773,,C#4,g,,,,,,,ng156_5Cs4e,1773,,gutim,156,
156,888.5572,0.077,144,59,14,1774,,B3,,,,,,,,n156_1B3t,1774,,gutim,156,
156,888.5841,0.0712,144,32,14,1775,,Ab1,g,,,,,,,ng156_5Ab1e_1,1775,,gutim,156,
156,888.6534,0.1377,144,76,14,1776,,E5,,,,,,,,n156_1E5s,1776,,gutim,156,
156,888.6534,0.1377,144,80,14,1776,,Ab5,,,,,,,,n156_1Ab5s,1776,,gutim,156,
156,888.6591,0.413,144,34,14,1777,,Bb1,,,,,,,,n156_5Bb1e,1777,,gutim,156,
156,888.6591,0.413,144,42,14,1777,,Gb2,,,,,,,,n156_5Gb2e,1777,,gutim,156,
156,888.7984,0.1377,144,65,14,1778,,F4,,,,,,,,n156_1F4s,1778,,gutim,156,
156,888.9433,0.1377,144,54,14,1779,,Gb3,,,,,,,,n156_1Gb3s,1779,,gutim,156,
156,889.0882,0.0914,144,48,14,1780,,C3,,,,,,,,n156_1C3t,1780,,gutim,156,
156,889.0939,0.413,144,51,14,1781,,Eb3,,,,,,,,n156_5Eb3e,1781,,gutim,156,
156,889.0939,0.3478,144,62,14,1781,,D4,,,,,,,,n156_5D4e,1781,,gutim,156,
156,889.0939,0.3478,144,70,14,1781,,Bb4,,,,,,,,n156_5Bb4e,1781,,gutim,156,
156,889.0939,0.3478,144,78,14,1781,,Gb5,,,,,,,,n156_5Gb5e,1781,,gutim,156,
156,889.1844,0.0914,144,56,14,1782,,Ab3,,,,,,,,n156_1Ab3t,1782,,gutim,156,
156,889.2807,0.0914,144,54,14,1783,,Gb3,,,,,,,,n156_1Gb3t,1783,,gutim,156,
156,889.3807,0.06,144,74,14,1784,,D5,g,,,,,,,ng156_1D5e,1784,,gutim,156,
156,889.4557,0.06,144,88,14,1785,,E6,g,,,,,,,ng156_1E6e,1785,,gutim,156,
156,889.5307,0.1839,144,102,14,1786,,F#7,,,,,,,,n156_1Fs7s,1786,,gutim,156,
156,889.7243,0.0914,144,63,14,1787,,Eb4,,,,,,,,n156_1Eb4t,1787,,gutim,156,
156,889.8205,0.1839,144,82,14,1788,,Bb5,,,,,,,,n156_1Bb5s,1788,,gutim,156,
156,890.0142,0.1839,144,90,14,1789,,Gb6,,,,,,,,n156_1Gb6s,1789,,gutim,156,
156,890.2078,0.1893,144,63,14,1790,,Eb4,,,,,,,,n156_1Eb4s,1790,,gutim,156,
,,,,,,,,,,,,,,,,,,157,,,
157,890.407,8.8116,144,28,14,1791,,E1,,,,,,,,n157_6E1w,1791,,gutim,157,
157,890.407,8.5797,144,32,14,1791,,Ab1,,,,,,,,n157_6Ab1w,1791,,gutim,157,
157,890.407,8.8116,144,36,14,1791,,C2,,,,,,,,n157_6C2w,1791,,gutim,157,
157,890.407,8.8116,144,65,14,1791,,F4,,,,,,,,n157_6F4w,1791,,gutim,157,
157,890.407,8.8116,144,66,14,1791,,Gb4,,,,,,,,n157_6Gb4w,1791,,gutim,157,
157,892.1462,0.1377,144,92,14,1792,,Ab6,,,,,,,,n157_1Ab6t,1792,,gutim,157,
157,892.1462,1.0435,144,63,14,1792,,Eb4,,,,,,,,n157_2Eb4q_0,1792,,gutim,157,
157,892.1462,1.0435,144,70,14,1792,,Bb4,,,,,,,,n157_2Bb4q_0,1792,,gutim,157,
157,892.1462,1.0435,144,74,14,1792,,D5,,,,,,,,n157_2D5q_0,1792,,gutim,157,
157,892.1462,1.0435,144,90,14,1792,,Gb6,,,,,,,,n157_2Gb6q_0,1792,,gutim,157,
157,892.2888,0.0914,144,96,14,1793,,C7,,,,,,,,n157_1C7t_0,1793,,gutim,157,
157,892.3851,0.0914,144,88,14,1794,,E6,,,,,,,,n157_1E6t_0,1794,,gutim,157,
157,892.4813,0.1377,144,96,14,1795,,C7,,,,,,,,n157_1C7t_1,1795,,gutim,157,
157,892.4813,0.1377,144,102,14,1795,,F#7,,,,,,,,n157_1Fs7t_0,1795,,gutim,157,
157,892.6262,0.1377,144,88,14,1796,,E6,,,,,,,,n157_1E6t_1,1796,,gutim,157,
157,892.6262,0.1377,144,92,14,1796,,G#6,,,,,,,,n157_1Gs6t_0,1796,,gutim,157,
157,892.7712,0.0914,144,96,14,1797,,C7,,,,,,,,n157_1C7t_2,1797,,gutim,157,
157,892.8674,0.1377,144,88,14,1798,,E6,,,,,,,,n157_1E6t_2,1798,,gutim,157,
157,892.8674,0.1377,144,92,14,1798,,G#6,,,,,,,,n157_1Gs6t_1,1798,,gutim,157,
157,892.8674,0.1377,144,102,14,1798,,F#7,,,,,,,,n157_1Fs7t_1,1798,,gutim,157,
157,893.0123,0.2754,144,77,14,1799,,F5,,,,,,,,n157_1F5e,1799,,gutim,157,
157,893.3022,0.554,144,88,14,1800,,E6,,,,,,,,n157_1E6q,1800,,gutim,157,
157,893.3022,0.554,144,92,14,1800,,G#6,,,,,,,,n157_1Gs6q,1800,,gutim,157,
157,893.3022,0.554,144,96,14,1800,,C7,,,,,,,,n157_1C7q,1800,,gutim,157,
157,893.3022,0.554,144,102,14,1800,,F#7,,,,,,,,n157_1Fs7q,1800,,gutim,157,
157,893.4505,1.7391,144,63,14,1801,,Eb4,,,,,,,,n157_2Eb4q_1,1801,,gutim,157,
157,893.4505,1.7391,144,70,14,1801,,Bb4,,,,,,,,n157_2Bb4q_1,1801,,gutim,157,
157,893.4505,1.7391,144,74,14,1801,,D5,,,,,,,,n157_2D5q_1,1801,,gutim,157,
157,893.4505,1.7391,144,90,14,1801,,Gb6,,,,,,,,n157_2Gb6q_1,1801,,gutim,157,
157,894.7549,0.6957,144,76,14,1802,,E5,,,,,,,,n157_2E5q,1802,,gutim,157,
,,,,,,,,,,,,,,,,,,158,,,
158,895.6244,0.1377,144,78,14,1803,,F#5,,,,,,,,n158_1Fs5t,1803,,gutim,158,
158,895.7694,0.0914,144,68,14,1804,,G#4,,,,,,,,n158_1Gs4t,1804,,gutim,158,
158,895.8342,0.06,144,52,14,1805,,E3,g,,,,,,,ng158_5E3e,1805,,gutim,158,
158,895.8656,0.0463,144,53,14,1806,,F3,,,,,,,,n158_1F3x_0,1806,,gutim,158,
158,895.9092,0.06,144,24,14,1807,,C1,g,,,,,,,ng158_5C1e,1807,,gutim,158,
158,895.9143,0.0463,144,72,14,1808,,C5,,,,,,,,n158_1C5x,1808,,gutim,158,
158,895.963,0.0463,144,53,14,1809,,F3,,,,,,,,n158_1F3x_1,1809,,gutim,158,
158,895.9842,0.06,144,41,14,1810,,F2,g,,,,,,,ng158_5F2e,1810,,gutim,158,
158,896.0117,0.0463,144,64,14,1811,,E4,,,,,,,,n158_1E4x,1811,,gutim,158,
158,896.0592,0.2065,144,32,14,1812,,Ab1,,,,,,,,n158_5Ab1s,1812,,gutim,158,
158,896.2766,0.2065,144,30,14,1813,,Gb1,,,,,,,,n158_5Gb1s,1813,,gutim,158,
158,896.344,0.06,144,80,14,1814,,G#5,g,,,,,,,ng158_1Gs5e,1814,,gutim,158,
158,896.419,0.06,144,90,14,1815,,F#6,g,,,,,,,ng158_1Fs6e,1815,,gutim,158,
158,896.494,6.6008,144,84,14,1816,,C6,,,,,,,,n158_1C6h_0,1816,,gutim,158,
158,896.494,4.1739,144,30,14,1816,,Gb1,,,,,,,,n158_5Gb1h_0,1816,,gutim,158,
158,896.494,4.1739,144,32,14,1816,,Ab1,,,,,,,,n158_5Ab1h_0,1816,,gutim,158,
,,,,,,,,,,,,,,,,,,159,,,
159,900.8418,0.4638,144,32,14,1817,,Ab1,,,,,,,,n159_6Ab1e_0,1817,,gutim,159,
159,901.1317,0.2319,144,34,14,1818,,Bb1,,,,,,,,n159_6Bb1e_0,1818,,gutim,159,
159,901.4215,2.3122,144,34,14,1819,,Bb1,,,,,,,,n159_6Bb1e_1,1819,,gutim,159,
,,,,,,,7111,,,,,,,,,,,,gutim,,
,,,,,,,,,,,,,,,,,,160,,,
160,906.9204,0.1377,144,72,14,1820,,C5,,,,,,,,n160_5C5t_0,1820,,gutim,160,
160,907.0654,0.1377,144,78,14,1821,,Gb5,,,,,,,,n160_5Gb5t_0,1821,,gutim,160,
160,907.2103,0.0914,144,68,14,1822,,Ab4,,,,,,,,n160_5Ab4t_0,1822,,gutim,160,
160,907.3065,0.0914,144,77,14,1823,,F5,,,,,,,,n160_5F5t_0,1823,,gutim,160,
160,907.4028,0.0914,144,68,14,1824,,Ab4,,,,,,,,n160_5Ab4t_1,1824,,gutim,160,
160,907.499,0.0914,144,78,14,1825,,Gb5,,,,,,,,n160_5Gb5t_1,1825,,gutim,160,
160,907.5952,0.0914,144,77,14,1826,,F5,,,,,,,,n160_5F5t_1,1826,,gutim,160,
160,907.6915,0.0914,144,68,14,1827,,Ab4,,,,,,,,n160_5Ab4t_2,1827,,gutim,160,
160,907.7877,0.077,144,64,14,1828,,E4,,,,,,,,n160_5E4t_0,1828,,gutim,160,
160,907.7877,0.077,144,72,14,1828,,C5,,,,,,,,n160_5C5t_1,1828,,gutim,160,
160,907.884,0.077,144,68,14,1829,,Ab4,,,,,,,,n160_5Ab4t_3,1829,,gutim,160,
160,907.9802,0.1159,144,64,14,1830,,E4,,,,,,,,n160_5E4t_1,1830,,gutim,160,
160,907.9802,0.1159,144,72,14,1830,,C5,,,,,,,,n160_5C5t_2,1830,,gutim,160,
160,908.1251,0.1159,144,90,14,1831,,Gb6,,,,,,,,n160_5Gb6t_0,1831,,gutim,160,
160,908.2701,0.077,144,64,14,1832,,E4,,,,,,,,n160_5E4t_2,1832,,gutim,160,
160,908.2701,0.077,144,68,14,1832,,Ab4,,,,,,,,n160_5Ab4t_4,1832,,gutim,160,
160,908.2701,0.077,144,72,14,1832,,C5,,,,,,,,n160_5C5t_3,1832,,gutim,160,
160,908.3663,0.0914,144,102,14,1833,,Gb7,,,,,,,,n160_5Gb7t,1833,,gutim,160,
160,908.4625,0.0914,144,89,14,1834,,F6,,,,,,,,n160_5F6t,1834,,gutim,160,
160,908.5588,0.0914,144,68,14,1835,,Ab4,,,,,,,,n160_5Ab4t_5,1835,,gutim,160,
160,908.655,0.1159,144,64,14,1836,,E4,,,,,,,,n160_5E4t_3,1836,,gutim,160,
160,908.655,0.1159,144,72,14,1836,,C5,,,,,,,,n160_5C5t_4,1836,,gutim,160,
160,908.655,0.1159,144,90,14,1836,,Gb6,,,,,,,,n160_5Gb6t_1,1836,,gutim,160,
160,908.8,0.0914,144,68,14,1837,,Ab4,,,,,,,,n160_5Ab4t_6,1837,,gutim,160,
160,908.8962,0.0914,144,77,14,1838,,F5,,,,,,,,n160_5F5t_2,1838,,gutim,160,
160,909.0943,0.2065,144,80,14,1839,,Ab5,,,,,,,,n160_1Ab5s_0,1839,,gutim,160,
160,909.3117,0.2065,144,78,14,1840,,Gb5,,,,,,,,n160_1Gb5s,1840,,gutim,160,
160,909.3117,0.1739,144,80,14,1840,,Ab5,,,,,,,,n160_1Ab5s_1,1840,,gutim,160,
160,909.5291,2.7826,144,28,14,1841,,E1,,,,,,,,n160_5E1h,1841,,gutim,160,
160,909.5291,2.7826,144,32,14,1841,,Ab1,,,,,,,,n160_5Ab1h,1841,,gutim,160,
160,909.5291,2.7826,144,36,14,1841,,C2,,,,,,,,n160_5C2h,1841,,gutim,160,
160,909.5291,2.7826,144,65,14,1841,,F4,,,,,,,,n160_5F4h,1841,,gutim,160,
160,909.5291,2.7826,144,66,14,1841,,Gb4,,,,,,,,n160_5Gb4h,1841,,gutim,160,
160,911.2683,0.1377,144,76,14,1842,,E5,,,,,,,,n160_1E5t,1842,,gutim,160,
160,911.4132,0.0914,144,62,14,1843,,D4,,,,,,,,n160_1D4t_0,1843,,gutim,160,
160,911.5094,0.0914,144,78,14,1844,,F#5,,,,,,,,n160_1Fs5t_0,1844,,gutim,160,
160,911.6057,0.0914,144,70,14,1845,,Bb4,,,,,,,,n160_1Bb4t_0,1845,,gutim,160,
160,911.7019,0.0828,144,78,14,1846,,F#5,,,,,,,,n160_1Fs5t_1,1846,,gutim,160,
160,911.7891,0.0828,144,70,14,1847,,Bb4,,,,,,,,n160_1Bb4t_1,1847,,gutim,160,
160,911.8763,0.0828,144,90,14,1848,,F#6,,,,,,,,n160_1Fs6t,1848,,gutim,160,
160,911.9634,0.0828,144,70,14,1849,,Bb4,,,,,,,,n160_1Bb4t_2,1849,,gutim,160,
160,912.0506,0.0828,144,62,14,1850,,D4,,,,,,,,n160_1D4t_1,1850,,gutim,160,
,,,,,,,,,,,,,,,,,,161,,,
161,912.1378,0.0914,144,90,14,1851,,F#6,,,,,,,,n161_1Fs6t,1851,,gutim,161,
161,912.2329,0.0914,144,70,14,1852,,Bb4,,,,,,,,n161_1Bb4t_0,1852,,gutim,161,
161,912.3292,0.0914,144,51,14,1853,,Eb3,,,,,,,,n161_1Eb3t,1853,,gutim,161,
161,912.4254,0.1119,144,62,14,1854,,D4,,,,,,,,n161_1D4t_0,1854,,gutim,161,
161,912.4254,0.1398,144,70,14,1854,,Bb4,,,,,,,,n161_1Bb4t_1,1854,,gutim,161,
161,912.4254,0.1398,144,78,14,1854,,F#5,,,,,,,,n161_1Fs5t,1854,,gutim,161,
161,912.5726,0.413,144,51,14,1855,,Eb3,,,,,,,,n161_1Eb3e,1855,,gutim,161,
,,,,,,,7114,,,,,,,,,,,,gutim,,
161,913.0074,0.6957,144,28,5,1856,,E1,,,,,,,,n161_5E1q_1,1856,,gutim,161,
161,913.0074,0.6957,144,32,5,1856,,Ab1,,,,,,,,n161_5Ab1q_1,1856,,gutim,161,
161,913.0074,0.6957,144,36,5,1856,,C2,,,,,,,,n161_5C2q_1,1856,,gutim,161,
161,913.0074,0.6957,144,65,5,1856,,F4,,,,,,,,n161_5F4q_1,1856,,gutim,161,
161,913.0074,0.6957,144,66,5,1856,,Gb4,,,,,,,,n161_5Gb4q_1,1856,,gutim,161,
161,913.2972,0.0914,144,38,17,1857,,D2,,,,,,,,n161_1D2t_0,1857,,gutim,161,
161,913.3935,0.0914,144,52,17,1858,,E3,,,,,,,,n161_1E3t,1858,,gutim,161,
161,913.4897,0.0914,144,38,17,1859,,D2,,,,,,,,n161_1D2t_1,1859,,gutim,161,
161,913.586,0.0914,144,24,14,1860,,C1,,,,,,,,n161_1C1t,1860,,gutim,161,
161,913.6822,0.0914,144,30,11,1861,,Gb1,,,,,,,,n161_1Gb1t,1861,,gutim,161,
161,913.7784,0.0914,144,32,8,1862,,Ab1,,,,,,,,n161_1Ab1t,1862,,gutim,161,
161,913.8747,0.077,144,74,11,1863,,D5,,,,,,,,n161_1D5t,1863,,gutim,161,
161,913.8769,0.1087,144,24,11,1863,,C1,,,,,,,,n161_5C1s,1863,,gutim,161,
161,913.8769,0.1739,144,30,11,1863,,Gb1,,,,,,,,n161_5Gb1s,1863,,gutim,161,
161,913.9709,0.077,144,46,12,1864,,Bb2,,,,,,,,n161_1Bb2t_0,1864,,gutim,161,
161,914.0672,0.077,144,86,13,1865,,D6,,,,,,,,n161_1D6t,1865,,gutim,161,
161,914.1634,0.077,144,46,14,1866,,Bb2,,,,,,,,n161_1Bb2t_1,1866,,gutim,161,
161,914.2596,0.077,144,72,15,1867,,C5,,,,,,,,n161_1C5t,1867,,gutim,161,
161,914.3559,0.077,144,46,17,1868,,Bb2,,,,,,,,n161_1Bb2t_2,1868,,gutim,161,
161,914.3559,0.077,144,54,17,1868,,F#3,,,,,,,,n161_1Fs3t_0,1868,,gutim,161,
161,914.4521,0.077,144,60,18,1869,,C4,,,,,,,,n161_1C4t,1869,,gutim,161,
161,914.5215,0.0712,144,32,11,1870,,Ab1,g,,,,,,,ng161_5Ab1e_0,1870,,gutim,161,
161,914.5484,0.077,144,46,19,1871,,Bb2,,,,,,,,n161_1Bb2t_3,1871,,gutim,161,
161,914.5484,0.077,144,54,19,1871,,F#3,,,,,,,,n161_1Fs3t_1,1871,,gutim,161,
161,914.5484,0.077,144,62,19,1871,,D4,,,,,,,,n161_1D4t_1,1871,,gutim,161,
161,914.5965,0.0712,144,61,11,1872,,C#4,g,,,,,,,ng161_5Cs4e,1872,,gutim,161,
161,914.6446,0.077,144,59,20,1873,,B3,,,,,,,,n161_1B3t,1873,,gutim,161,
161,914.6715,0.0712,144,32,11,1874,,Ab1,g,,,,,,,ng161_5Ab1e_1,1874,,gutim,161,
161,914.7408,0.1377,144,88,14,1875,,E6,,,,,,,,n161_1E6s,1875,,gutim,161,
161,914.7408,0.1377,144,92,14,1875,,Ab6,,,,,,,,n161_1Ab6s,1875,,gutim,161,
161,914.7465,0.413,144,34,20,1876,,Bb1,,,,,,,,n161_5Bb1e,1876,,gutim,161,
161,914.7465,0.413,144,42,11,1876,,Gb2,,,,,,,,n161_5Gb2e,1876,,gutim,161,
161,914.8914,0.1377,144,77,14,1877,,F5,,,,,,,,n161_1F5s,1877,,gutim,161,
161,915.0364,0.1377,144,54,10,1878,,Gb3,,,,,,,,n161_1Gb3s,1878,,gutim,161,
161,915.1813,0.0914,144,48,8,1879,,C3,,,,,,,,n161_1C3t,1879,,gutim,161,
161,915.1813,0.413,144,63,14,1879,,Eb4,,,,,,,,n161_5Eb4e,1879,,gutim,161,
161,915.1813,0.3478,144,74,14,1879,,D5,,,,,,,,n161_5D5e,1879,,gutim,161,
161,915.1813,0.3478,144,82,14,1879,,Bb5,,,,,,,,n161_5Bb5e,1879,,gutim,161,
161,915.1813,0.3478,144,90,14,1879,,Gb6,,,,,,,,n161_5Gb6e,1879,,gutim,161,
161,915.2775,0.0914,144,56,6,1880,,Ab3,,,,,,,,n161_1Ab3t,1880,,gutim,161,
161,915.3738,0.0914,144,54,5,1881,,Gb3,,,,,,,,n161_1Gb3t,1881,,gutim,161,
161,915.4738,0.06,144,74,11,1882,,D5,g,,,,,,,ng161_1D5e,1882,,gutim,161,
161,915.5488,0.06,144,88,12,1883,,E6,g,,,,,,,ng161_1E6e,1883,,gutim,161,
161,915.6238,0.1839,144,102,12,1884,,F#7,,,,,,,,n161_1Fs7s,1884,,gutim,161,
161,915.8174,0.0914,144,63,13,1885,,Eb4,,,,,,,,n161_1Eb4t,1885,,gutim,161,
161,915.9136,0.1839,144,82,14,1886,,Bb5,,,,,,,,n161_1Bb5s,1886,,gutim,161,
161,916.1072,0.1839,144,90,16,1887,,Gb6,,,,,,,,n161_1Gb6s,1887,,gutim,161,
161,916.3009,0.1839,144,63,17,1888,,Eb4,,,,,,,,n161_1Eb4s,1888,,gutim,161,
161,916.4945,8.3478,144,28,5,1889,,E1,,,,,,,,n161_6E1h,1889,,gutim,161,
161,916.4945,6.2609,144,32,5,1889,,Ab1,,,,,,,,n161_6Ab1h,1889,,gutim,161,
161,916.4945,8.3478,144,36,5,1889,,C2,,,,,,,,n161_6C2h,1889,,gutim,161,
161,916.4945,8.3478,144,65,5,1889,,F4,,,,,,,,n161_6F4h,1889,,gutim,161,
161,916.4945,8.3478,144,66,5,1889,,Gb4,,,,,,,,n161_6Gb4h,1889,,gutim,161,
,,,,,,,,,,,,,,,,,,162,,,
162,918.2336,0.1377,144,92,8,1890,,Ab6,,,,,,,,n162_1Ab6t,1890,,gutim,162,
162,918.2336,1.0435,144,63,11,1890,,Eb4,,,,,,,,n162_2Eb4q_0,1890,,gutim,162,
162,918.2336,1.0435,144,70,11,1890,,Bb4,,,,,,,,n162_2Bb4q_0,1890,,gutim,162,
162,918.2336,1.0435,144,74,11,1890,,D5,,,,,,,,n162_2D5q_0,1890,,gutim,162,
162,918.2336,1.0435,144,90,11,1890,,Gb6,,,,,,,,n162_2Gb6q_0,1890,,gutim,162,
162,918.3763,0.0914,144,96,9,1891,,C7,,,,,,,,n162_1C7t_0,1891,,gutim,162,
162,918.4725,0.0914,144,88,10,1892,,E6,,,,,,,,n162_1E6t_0,1892,,gutim,162,
162,918.5687,0.1377,144,96,10,1893,,C7,,,,,,,,n162_1C7t_1,1893,,gutim,162,
162,918.5687,0.1377,144,102,10,1893,,F#7,,,,,,,,n162_1Fs7t_0,1893,,gutim,162,
162,918.7137,0.1377,144,88,11,1894,,E6,,,,,,,,n162_1E6t_1,1894,,gutim,162,
162,918.7137,0.1377,144,92,11,1894,,G#6,,,,,,,,n162_1Gs6t_0,1894,,gutim,162,
162,918.8586,0.0914,144,96,12,1895,,C7,,,,,,,,n162_1C7t_2,1895,,gutim,162,
162,918.9548,0.1377,144,88,13,1896,,E6,,,,,,,,n162_1E6t_2,1896,,gutim,162,
162,918.9548,0.1377,144,92,13,1896,,G#6,,,,,,,,n162_1Gs6t_1,1896,,gutim,162,
162,918.9548,0.1377,144,102,13,1896,,F#7,,,,,,,,n162_1Fs7t_1,1896,,gutim,162,
162,919.0998,0.2754,144,77,14,1897,,F5,,,,,,,,n162_1F5e,1897,,gutim,162,
162,919.3896,0.554,144,88,14,1898,,E6,,,,,,,,n162_1E6q,1898,,gutim,162,
162,919.3896,0.554,144,92,14,1898,,G#6,,,,,,,,n162_1Gs6q,1898,,gutim,162,
162,919.3896,0.554,144,96,14,1898,,C7,,,,,,,,n162_1C7q,1898,,gutim,162,
162,919.3896,0.554,144,102,14,1898,,F#7,,,,,,,,n162_1Fs7q,1898,,gutim,162,
162,919.538,1.7391,144,63,14,1899,,Eb4,,,,,,,,n162_2Eb4q_1,1899,,gutim,162,
162,919.538,1.7391,144,70,14,1899,,Bb4,,,,,,,,n162_2Bb4q_1,1899,,gutim,162,
162,919.538,1.7391,144,74,14,1899,,D5,,,,,,,,n162_2D5q_1,1899,,gutim,162,
162,919.538,1.7391,144,90,14,1899,,Gb6,,,,,,,,n162_2Gb6q_1,1899,,gutim,162,
162,920.8423,0.6957,144,76,14,1900,,E5,,,,,,,,n162_2E5q,1900,,gutim,162,
162,921.7119,0.1377,144,78,11,1901,,F#5,,,,,,,,n162_1Fs5t,1901,,gutim,162,
162,921.8545,0.0914,144,68,12,1902,,G#4,,,,,,,,n162_1Gs4t,1902,,gutim,162,
162,921.9216,0.06,144,52,11,1903,,E3,g,,,,,,,ng162_5E3e,1903,,gutim,162,
162,921.9508,0.0463,144,53,13,1904,,F3,,,,,,,,n162_1F3x_0,1904,,gutim,162,
162,921.9966,0.06,144,24,10,1905,,C1,g,,,,,,,ng162_5C1e,1905,,gutim,162,
162,921.9995,0.0463,144,72,13,1906,,C5,,,,,,,,n162_1C5x,1906,,gutim,162,
162,922.0481,0.0463,144,53,14,1907,,F3,,,,,,,,n162_1F3x_1,1907,,gutim,162,
162,922.0716,0.06,144,41,10,1908,,F2,g,,,,,,,ng162_5F2e,1908,,gutim,162,
162,922.0968,0.0463,144,64,14,1909,,E4,,,,,,,,n162_1E4x,1909,,gutim,162,
162,922.1466,0.2065,144,32,9,1910,,Ab1,,,,,,,,n162_5Ab1s,1910,,gutim,162,
162,922.364,0.2065,144,30,8,1911,,Gb1,,,,,,,,n162_5Gb1s,1911,,gutim,162,
162,922.4314,0.06,144,80,17,1912,,G#5,g,,,,,,,ng162_1Gs5e,1912,,gutim,162,
162,922.5064,0.06,144,90,17,1913,,F#6,g,,,,,,,ng162_1Fs6e,1913,,gutim,162,
162,922.5814,4.1304,144,84,17,1914,,C6,,,,,,,,n162_1C6h,1914,,gutim,162,
162,922.5814,3.4783,144,30,5,1914,,Gb1,,,,,,,,n162_5Gb1h,1914,,gutim,162,
162,922.5814,3.4783,144,32,5,1914,,Ab1,,,,,,,,n162_5Ab1h,1914,,gutim,162,
,,,,,,,,,,,,,,,,,,164,,,
164,930.4075,0.0848,144,50,14,1915,,D3,,,,,,,,n164_5D3t,1915,,gutim,164,
,,,,,,,7115,,,,,,,,,,,,gutim,,
164,930.4968,0.0848,144,37,5,1916,,Db2,,,,,,,,n164_5Db2t,1916,,gutim,164,
164,930.5861,0.057,144,41,5,1917,,F2,,,,,,,,n164_5F2t_0,1917,,gutim,164,
164,930.6461,0.057,144,57,5,1918,,A3,,,,,,,,n164_5A3t_0,1918,,gutim,164,
164,930.7061,0.057,144,41,5,1919,,F2,,,,,,,,n164_5F2t_1,1919,,gutim,164,
164,930.7661,0.057,144,57,5,1920,,A3,,,,,,,,n164_5A3t_1,1920,,gutim,164,
164,930.826,0.057,144,41,5,1921,,F2,,,,,,,,n164_5F2t_2,1921,,gutim,164,
164,930.886,0.057,144,57,5,1922,,A3,,,,,,,,n164_5A3t_2,1922,,gutim,164,
164,930.946,0.0848,144,41,5,1923,,F2,,,,,,,,n164_5F2t_3,1923,,gutim,164,
164,931.0353,0.0848,144,35,5,1924,,B1,,,,,,,,n164_5B1t,1924,,gutim,164,
164,931.1246,0.0848,144,57,5,1925,,A3,,,,,,,,n164_5A3t_3,1925,,gutim,164,
164,931.2139,0.0848,144,23,5,1926,,B0,,,,,,,,n164_5B0t_0,1926,,gutim,164,
164,931.3032,0.0848,144,29,5,1927,,F1,,,,,,,,n164_5F1t_0,1927,,gutim,164,
164,931.3924,0.0848,144,23,5,1928,,B0,,,,,,,,n164_5B0t_1,1928,,gutim,164,
164,931.4817,0.0848,144,38,5,1929,,D2,,,,,,,,n164_5D2t_0,1929,,gutim,164,
164,931.571,0.0848,144,25,5,1930,,Db1,,,,,,,,n164_5Db1t,1930,,gutim,164,
164,931.6603,0.057,144,29,5,1931,,F1,,,,,,,,n164_5F1t_1,1931,,gutim,164,
164,931.6603,0.057,144,38,5,1931,,D2,,,,,,,,n164_5D2t_1,1931,,gutim,164,
164,931.7203,0.057,144,45,5,1932,,A2,,,,,,,,n164_5A2t_0,1932,,gutim,164,
164,931.7803,0.057,144,29,5,1933,,F1,,,,,,,,n164_5F1t_2,1933,,gutim,164,
164,931.7803,0.057,144,38,5,1933,,D2,,,,,,,,n164_5D2t_2,1933,,gutim,164,
164,931.8403,0.057,144,45,5,1934,,A2,,,,,,,,n164_5A2t_1,1934,,gutim,164,
164,931.9003,0.057,144,29,5,1935,,F1,,,,,,,,n164_5F1t_3,1935,,gutim,164,
164,931.9003,0.057,144,38,5,1935,,D2,,,,,,,,n164_5D2t_3,1935,,gutim,164,
164,931.9603,0.057,144,45,5,1936,,A2,,,,,,,,n164_5A2t_2,1936,,gutim,164,
164,932.0202,0.0848,144,29,5,1937,,F1,,,,,,,,n164_5F1t_4,1937,,gutim,164,
164,932.1095,0.0848,144,23,5,1938,,B0,,,,,,,,n164_5B0t_2,1938,,gutim,164,
164,932.1988,0.0848,144,38,5,1939,,D2,,,,,,,,n164_5D2t_4,1939,,gutim,164,
164,932.1988,0.0848,144,45,5,1939,,A2,,,,,,,,n164_5A2t_3,1939,,gutim,164,
164,932.2881,0.0848,144,23,5,1940,,B0,,,,,,,,n164_5B0t_3,1940,,gutim,164,
164,932.3774,0.0848,144,29,5,1941,,F1,,,,,,,,n164_5F1t_5,1941,,gutim,164,
164,932.3774,0.0848,144,38,5,1941,,D2,,,,,,,,n164_5D2t_5,1941,,gutim,164,
164,932.3774,0.0848,144,45,5,1941,,A2,,,,,,,,n164_5A2t_4,1941,,gutim,164,
164,932.4667,0.0795,144,23,5,1942,,B0,,,,,,,,n164_5B0t_4,1942,,gutim,164,
164,932.5504,6.0,144,23,5,1943,,B0,,,,,,,,n164_5B0w,1943,,gutim,164,
164,932.5504,6.0,144,25,5,1943,,Db1,,,,,,,,n164_5Db1w,1943,,gutim,164,
164,932.5504,6.0,144,29,5,1943,,F1,,,,,,,,n164_5F1w,1943,,gutim,164,
164,932.5504,6.0,144,50,5,1943,,D3,,,,,,,,n164_5D3w,1943,,gutim,164,
164,932.5504,6.0,144,57,5,1943,,A3,,,,,,,,n164_5A3w,1943,,gutim,164,
,,,,,,,,,,,,,,,,,,165,,,
165,938.9789,1.2857,144,85,14,1944,,C#6,,,,,,,,n165_1Cs6q,1944,,gutim,165,
165,938.9789,1.2857,144,45,14,1944,,A2,,,,,,,,n165_2A2q,1944,,gutim,165,
165,938.9789,1.2857,144,54,14,1944,,F#3,,,,,,,,n165_2Fs3q,1944,,gutim,165,
165,940.5861,0.1021,144,66,5,1945,,F#4,,,,,,,,n165_1Fs4t_0,1945,,gutim,165,
165,940.6907,0.1021,144,74,5,1946,,D5,,,,,,,,n165_1D5t_0,1946,,gutim,165,
165,940.7981,0.1021,144,94,5,1947,,Bb6,,,,,,,,n165_1Bb6t_0,1947,,gutim,165,
165,940.9056,0.1021,144,103,5,1948,,G7,,,,,,,,n165_1G7t_0,1948,,gutim,165,
165,941.013,0.1021,144,92,5,1949,,Ab6,,,,,,,,n165_1Ab6t,1949,,gutim,165,
165,941.1204,0.1528,144,94,5,1950,,Bb6,,,,,,,,n165_1Bb6t_1,1950,,gutim,165,
165,941.2813,0.1028,144,66,5,1951,,F#4,,,,,,,,n165_1Fs4t_1,1951,,gutim,165,
165,941.3895,0.1032,144,74,5,1952,,D5,,,,,,,,n165_1D5t_1,1952,,gutim,165,
165,941.498,0.1548,144,66,5,1953,,F#4,,,,,,,,n165_1Fs4t_2,1953,,gutim,165,
165,941.6609,0.1298,144,80,5,1954,,Ab5,,,,,,,,n165_1Ab5t_0,1954,,gutim,165,
165,941.7976,0.0869,144,74,5,1955,,D5,,,,,,,,n165_1D5t_2,1955,,gutim,165,
165,941.8891,0.0872,144,82,5,1956,,Bb5,,,,,,,,n165_1Bb5t_0,1956,,gutim,165,
165,941.9808,0.0874,144,103,5,1957,,G7,,,,,,,,n165_1G7t_1,1957,,gutim,165,
165,942.0728,0.1316,144,74,5,1958,,D5,,,,,,,,n165_1D5t_3,1958,,gutim,165,
165,942.2114,0.106,144,103,5,1959,,G7,,,,,,,,n165_1G7t_2,1959,,gutim,165,
165,942.3215,0.1064,144,68,5,1960,,Ab4,,,,,,,,n165_1Ab4t_0,1960,,gutim,165,
165,942.4335,0.1068,144,54,5,1961,,F#3,,,,,,,,n165_1Fs3t_0,1961,,gutim,165,
165,942.546,0.1072,144,62,5,1962,,D4,,,,,,,,n165_1D4t_0,1962,,gutim,165,
165,942.6588,0.1609,144,54,5,1963,,F#3,,,,,,,,n165_1Fs3t_1,1963,,gutim,165,
165,942.8282,0.1618,144,68,5,1964,,Ab4,,,,,,,,n165_1Ab4t_1,1964,,gutim,165,
165,942.9985,0.1627,144,62,5,1965,,D4,,,,,,,,n165_1D4t_1,1965,,gutim,165,
165,943.1698,0.1637,144,94,5,1966,,Bb6,,,,,,,,n165_1Bb6t_2,1966,,gutim,165,
165,943.1698,0.1637,144,103,5,1966,,G7,,,,,,,,n165_1G7t_3,1966,,gutim,165,
165,943.342,0.1101,144,80,5,1967,,Ab5,,,,,,,,n165_1Ab5t_1,1967,,gutim,165,
165,943.4579,0.1105,144,82,5,1968,,Bb5,,,,,,,,n165_1Bb5t_1,1968,,gutim,165,
165,943.5743,0.111,144,54,5,1969,,F#3,,,,,,,,n165_1Fs3t_2,1969,,gutim,165,
165,943.6911,0.1114,144,74,5,1970,,D5,,,,,,,,n165_1D5t_4,1970,,gutim,165,
165,943.6911,0.1114,144,82,5,1970,,Bb5,,,,,,,,n165_1Bb5t_2,1970,,gutim,165,
165,943.8083,0.1672,144,80,5,1971,,Ab5,,,,,,,,n165_1Ab5t_2,1971,,gutim,165,
165,943.9843,0.1682,144,74,5,1972,,D5,,,,,,,,n165_1D5t_5,1972,,gutim,165,
165,944.1613,0.3423,144,103,5,1973,,G7,,,,,,,,n165_1G7s,1973,,gutim,165,
165,944.5217,0.0952,144,50,2,1974,,D3,,,,,,,,n165_5D3t,1974,,gutim,165,
165,944.6218,0.0955,144,25,2,1975,,Db1,,,,,,,,n165_5Db1t,1975,,gutim,165,
165,944.7223,0.0643,144,29,2,1976,,F1,,,,,,,,n165_5F1t_0,1976,,gutim,165,
165,944.79,0.0645,144,69,2,1977,,A4,,,,,,,,n165_5A4t,1977,,gutim,165,
165,944.8579,0.0646,144,29,2,1978,,F1,,,,,,,,n165_5F1t_1,1978,,gutim,165,
165,944.9259,0.0648,144,57,2,1979,,A3,,,,,,,,n165_5A3t_0,1979,,gutim,165,
165,944.9941,0.0649,144,29,2,1980,,F1,,,,,,,,n165_5F1t_2,1980,,gutim,165,
165,945.0624,0.0651,144,57,2,1981,,A3,,,,,,,,n165_5A3t_1,1981,,gutim,165,
165,945.1309,0.0971,144,29,2,1982,,F1,,,,,,,,n165_5F1t_3,1982,,gutim,165,
165,945.2332,0.0974,144,23,2,1983,,B0,,,,,,,,n165_5B0t_0,1983,,gutim,165,
165,945.3357,0.0978,144,57,2,1984,,A3,,,,,,,,n165_5A3t_2,1984,,gutim,165,
165,945.4387,0.0981,144,23,2,1985,,B0,,,,,,,,n165_5B0t_1,1985,,gutim,165,
165,945.5419,0.0985,144,29,2,1986,,F1,,,,,,,,n165_5F1t_4,1986,,gutim,165,
165,945.6456,0.0957,144,23,2,1987,,B0,,,,,,,,n165_5B0t_2,1987,,gutim,165,
,,,,,,,,,,,,,,,,,,166,,,
166,945.7463,0.0991,144,38,2,1988,,D2,,,,,,,,n166_5D2t_0,1988,,gutim,166,
166,945.8507,0.0995,144,25,2,1989,,Db1,,,,,,,,n166_5Db1t_0,1989,,gutim,166,
166,945.9554,0.067,144,29,2,1990,,F1,,,,,,,,n166_5F1t_0,1990,,gutim,166,
166,946.0259,0.0672,144,45,2,1991,,A2,,,,,,,,n166_5A2t_0,1991,,gutim,166,
166,946.0967,0.0673,144,29,2,1992,,F1,,,,,,,,n166_5F1t_1,1992,,gutim,166,
166,946.1676,0.0675,144,45,2,1993,,A2,,,,,,,,n166_5A2t_1,1993,,gutim,166,
166,946.2386,0.0677,144,29,2,1994,,F1,,,,,,,,n166_5F1t_2,1994,,gutim,166,
166,946.3099,0.0678,144,45,2,1995,,A2,,,,,,,,n166_5A2t_2,1995,,gutim,166,
166,946.3812,0.1013,144,29,2,1996,,F1,,,,,,,,n166_5F1t_3,1996,,gutim,166,
166,946.4878,0.1016,144,23,2,1997,,B0,,,,,,,,n166_5B0t_0,1997,,gutim,166,
166,946.5948,0.102,144,45,2,1998,,A2,,,,,,,,n166_5A2t_3,1998,,gutim,166,
166,946.7021,0.1023,144,23,2,1999,,B0,,,,,,,,n166_5B0t_1,1999,,gutim,166,
166,946.8099,0.1027,144,29,2,2000,,F1,,,,,,,,n166_5F1t_4,2000,,gutim,166,
166,946.918,0.1031,144,23,2,2001,,B0,,,,,,,,n166_5B0t_2,2001,,gutim,166,
166,947.0265,0.1035,144,38,2,2002,,D2,,,,,,,,n166_5D2t_1,2002,,gutim,166,
166,947.0265,0.1035,144,45,2,2002,,A2,,,,,,,,n166_5A2t_4,2002,,gutim,166,
166,947.132,0.1038,144,25,2,2003,,Db1,,,,,,,,n166_5Db1t_1,2003,,gutim,166,
166,947.2413,0.07,144,29,2,2004,,F1,,,,,,,,n166_5F1t_5,2004,,gutim,166,
166,947.3149,0.0701,144,38,2,2005,,D2,,,,,,,,n166_5D2t_2,2005,,gutim,166,
166,947.3149,0.0701,144,45,2,2005,,A2,,,,,,,,n166_5A2t_5,2005,,gutim,166,
166,947.3888,0.0703,144,29,2,2006,,F1,,,,,,,,n166_5F1t_6,2006,,gutim,166,
166,947.4628,0.0705,144,38,2,2007,,D2,,,,,,,,n166_5D2t_3,2007,,gutim,166,
166,947.4628,0.0705,144,45,2,2007,,A2,,,,,,,,n166_5A2t_6,2007,,gutim,166,
166,947.537,0.0707,144,29,2,2008,,F1,,,,,,,,n166_5F1t_7,2008,,gutim,166,
166,947.6114,0.0708,144,38,2,2009,,D2,,,,,,,,n166_5D2t_4,2009,,gutim,166,
166,947.6114,0.0708,144,45,2,2009,,A2,,,,,,,,n166_5A2t_7,2009,,gutim,166,
166,947.686,0.1058,144,29,2,2010,,F1,,,,,,,,n166_5F1t_8,2010,,gutim,166,
166,947.7973,0.1062,144,23,2,2011,,B0,,,,,,,,n166_5B0t_3,2011,,gutim,166,
166,947.909,0.1066,144,25,2,2012,,Db1,,,,,,,,n166_5Db1t_2,2012,,gutim,166,
166,947.909,0.1066,144,38,2,2012,,D2,,,,,,,,n166_5D2t_5,2012,,gutim,166,
166,947.909,0.1066,144,45,2,2012,,A2,,,,,,,,n166_5A2t_8,2012,,gutim,166,
166,948.0212,0.107,144,23,2,2013,,B0,,,,,,,,n166_5B0t_4,2013,,gutim,166,
166,948.1338,0.1074,144,29,2,2014,,F1,,,,,,,,n166_5F1t_9,2014,,gutim,166,
166,948.1338,0.1074,144,38,2,2014,,D2,,,,,,,,n166_5D2t_6,2014,,gutim,166,
166,948.1338,0.1074,144,45,2,2014,,A2,,,,,,,,n166_5A2t_9,2014,,gutim,166,
166,948.2468,0.1044,144,23,2,2015,,B0,,,,,,,,n166_5B0t_5,2015,,gutim,166,
166,948.3567,1.5005,144,23,2,2016,,B0,,,,,,,,n166_6B0q_0,2016,,gutim,166,
166,948.3567,1.5005,144,25,2,2016,,Db1,,,,,,,,n166_6Db1q_0,2016,,gutim,166,
166,948.3567,1.5005,144,29,2,2016,,F1,,,,,,,,n166_6F1q_0,2016,,gutim,166,
166,948.3567,1.5005,144,38,2,2016,,D2,,,,,,,,n166_6D2q_0,2016,,gutim,166,
166,948.3567,1.5005,144,45,2,2016,,A2,,,,,,,,n166_6A2q_0,2016,,gutim,166,
166,950.2323,2.439,144,23,2,2017,,B0,,,,,,,,n166_6B0q_1,2017,,gutim,166,
166,950.2323,2.439,144,25,2,2017,,Db1,,,,,,,,n166_6Db1q_1,2017,,gutim,166,
166,950.2323,2.439,144,29,2,2017,,F1,,,,,,,,n166_6F1q_1,2017,,gutim,166,
166,950.2323,2.439,144,38,2,2017,,D2,,,,,,,,n166_6D2q_1,2017,,gutim,166,
166,950.2323,2.439,144,45,2,2017,,A2,,,,,,,,n166_6A2q_1,2017,,gutim,166,
166,951.216,0.6076,144,65,8,2018,,F4,,,,,,,,n166_1F4e,2018,,gutim,166,
166,951.216,0.6076,144,85,8,2018,,C#6,,,,,,,,n166_1Cs6e,2018,,gutim,166,
166,951.216,0.1787,144,54,8,2018,,F#3,,,,,,,,n166_5Fs3t,2018,,gutim,166,
166,951.4041,0.5429,144,43,8,2019,,G2,,,,,,,,n166_5G2s,2019,,gutim,166,
166,953.2811,0.2105,144,23,8,2020,,B0,,,,,,,,n166_6B0e_1,2020,,gutim,166,
166,953.2811,0.4211,144,25,8,2020,,Db1,,,,,,,,n166_6Db1e_1,2020,,gutim,166,
166,953.2811,0.4211,144,29,8,2020,,F1,,,,,,,,n166_6F1e_1,2020,,gutim,166,
166,953.2811,0.4211,144,38,14,2020,,D2,,,,,,,,n166_6D2e_1,2020,,gutim,166,
166,953.2811,0.4211,144,45,14,2020,,A2,,,,,,,,n166_6A2e_1,2020,,gutim,166,
,,,,,,,7119,,,,,,,,,,,,gutim,,
,,,,,,,,,,,,,,,,,,167,,,
167,956.5559,0.1168,144,73,14,2021,,C#5,,,,,,,,n167_5Cs5t_0,2021,,gutim,167,
167,956.6789,0.1168,144,45,14,2022,,A2,,,,,,,,n167_5A2t_0,2022,,gutim,167,
167,956.8019,0.1168,144,54,14,2023,,F#3,,,,,,,,n167_5Fs3t_0,2023,,gutim,167,
167,956.9249,0.1168,144,73,14,2024,,C#5,,,,,,,,n167_5Cs5t_1,2024,,gutim,167,
167,957.0478,0.1168,144,54,14,2025,,F#3,,,,,,,,n167_5Fs3t_1,2025,,gutim,167,
167,957.1708,0.235,144,45,14,2026,,A2,,,,,,,,n167_5A2s_0,2026,,gutim,167,
167,957.4182,0.1168,144,73,14,2027,,C#5,,,,,,,,n167_5Cs5t_2,2027,,gutim,167,
167,957.5412,0.1168,144,54,14,2028,,F#3,,,,,,,,n167_5Fs3t_2,2028,,gutim,167,
167,957.6642,0.1168,144,73,14,2029,,C#5,,,,,,,,n167_5Cs5t_3,2029,,gutim,167,
167,957.7871,0.1168,144,45,14,2030,,A2,,,,,,,,n167_5A2t_1,2030,,gutim,167,
167,957.9101,0.1168,144,54,14,2031,,F#3,,,,,,,,n167_5Fs3t_3,2031,,gutim,167,
167,958.0331,0.1168,144,73,14,2032,,C#5,,,,,,,,n167_5Cs5t_4,2032,,gutim,167,
167,958.1561,0.1168,144,54,14,2033,,F#3,,,,,,,,n167_5Fs3t_4,2033,,gutim,167,
167,958.279,0.235,144,45,14,2034,,A2,,,,,,,,n167_5A2s_1,2034,,gutim,167,
167,958.5264,0.1168,144,73,14,2035,,C#5,,,,,,,,n167_5Cs5t_5,2035,,gutim,167,
167,958.6494,0.1168,144,54,14,2036,,F#3,,,,,,,,n167_5Fs3t_5,2036,,gutim,167,
167,958.7724,0.1168,144,73,14,2037,,C#5,,,,,,,,n167_5Cs5t_6,2037,,gutim,167,
167,958.8953,0.1168,144,45,14,2038,,A2,,,,,,,,n167_5A2t_2,2038,,gutim,167,
167,959.0183,0.1168,144,54,14,2039,,F#3,,,,,,,,n167_5Fs3t_6,2039,,gutim,167,
167,959.1413,0.1168,144,73,14,2040,,C#5,,,,,,,,n167_5Cs5t_7,2040,,gutim,167,
167,959.2643,0.1168,144,54,14,2041,,F#3,,,,,,,,n167_5Fs3t_7,2041,,gutim,167,
167,959.3872,0.235,144,45,14,2042,,A2,,,,,,,,n167_5A2s_2,2042,,gutim,167,
167,959.6346,0.1168,144,73,14,2043,,C#5,,,,,,,,n167_5Cs5t_8,2043,,gutim,167,
167,959.7576,0.1251,144,54,14,2044,,F#3,,,,,,,,n167_5Fs3t_8,2044,,gutim,167,
167,961.0004,0.1168,144,73,14,2045,,C#5,,,,,,,,n167_5Cs5t_9,2045,,gutim,167,
167,961.1234,0.1168,144,45,14,2046,,A2,,,,,,,,n167_5A2t_3,2046,,gutim,167,
167,961.2463,0.1168,144,54,14,2047,,F#3,,,,,,,,n167_5Fs3t_9,2047,,gutim,167,
167,961.3693,0.1168,144,73,14,2048,,C#5,,,,,,,,n167_5Cs5t_10,2048,,gutim,167,
167,961.4923,0.1168,144,54,14,2049,,F#3,,,,,,,,n167_5Fs3t_10,2049,,gutim,167,
167,961.6153,0.235,144,45,14,2050,,A2,,,,,,,,n167_5A2s_3,2050,,gutim,167,
167,961.8627,0.1168,144,73,14,2051,,C#5,,,,,,,,n167_5Cs5t_11,2051,,gutim,167,
167,961.9856,0.1168,144,54,14,2052,,F#3,,,,,,,,n167_5Fs3t_11,2052,,gutim,167,
167,962.1086,0.1168,144,73,14,2053,,C#5,,,,,,,,n167_5Cs5t_12,2053,,gutim,167,
167,962.2316,0.1168,144,45,14,2054,,A2,,,,,,,,n167_5A2t_4,2054,,gutim,167,
167,962.3545,0.1168,144,54,14,2055,,F#3,,,,,,,,n167_5Fs3t_12,2055,,gutim,167,
167,962.4775,0.1168,144,73,14,2056,,C#5,,,,,,,,n167_5Cs5t_13,2056,,gutim,167,
167,962.6005,0.1168,144,54,14,2057,,F#3,,,,,,,,n167_5Fs3t_13,2057,,gutim,167,
167,962.7235,0.235,144,45,14,2058,,A2,,,,,,,,n167_5A2s_4,2058,,gutim,167,
167,962.9709,0.1168,144,73,14,2059,,C#5,,,,,,,,n167_5Cs5t_14,2059,,gutim,167,
167,963.0938,0.1223,144,54,14,2060,,F#3,,,,,,,,n167_5Fs3t_14,2060,,gutim,167,
,,,,,,,,,,,,,,,,,,168,,,
168,963.2226,0.1168,144,73,14,2061,,C#5,,,,,,,,n168_5Cs5t_0,2061,,gutim,168,
168,963.3456,0.1168,144,45,14,2062,,A2,,,,,,,,n168_5A2t_0,2062,,gutim,168,
168,963.4686,0.1168,144,54,14,2063,,F#3,,,,,,,,n168_5Fs3t_0,2063,,gutim,168,
168,963.5915,0.1168,144,73,14,2064,,C#5,,,,,,,,n168_5Cs5t_1,2064,,gutim,168,
168,963.7145,0.1168,144,54,14,2065,,F#3,,,,,,,,n168_5Fs3t_1,2065,,gutim,168,
168,963.8375,0.235,144,45,14,2066,,A2,,,,,,,,n168_5A2s_0,2066,,gutim,168,
168,964.0849,0.1168,144,73,14,2067,,C#5,,,,,,,,n168_5Cs5t_2,2067,,gutim,168,
168,964.2078,0.1196,144,54,14,2068,,F#3,,,,,,,,n168_5Fs3t_2,2068,,gutim,168,
168,965.4448,0.0984,144,73,14,2069,,C#5,,,,,,,,n168_5Cs5t_3,2069,,gutim,168,
168,965.5678,0.0984,144,45,14,2070,,A2,,,,,,,,n168_5A2t_1,2070,,gutim,168,
168,965.6908,0.0984,144,54,14,2071,,F#3,,,,,,,,n168_5Fs3t_3,2071,,gutim,168,
168,965.8138,0.0984,144,73,14,2072,,C#5,,,,,,,,n168_5Cs5t_4,2072,,gutim,168,
168,965.9367,0.0984,144,54,14,2073,,F#3,,,,,,,,n168_5Fs3t_4,2073,,gutim,168,
168,966.0597,0.1979,144,45,14,2074,,A2,,,,,,,,n168_5A2s_1,2074,,gutim,168,
168,966.3071,0.0984,144,73,14,2075,,C#5,,,,,,,,n168_5Cs5t_5,2075,,gutim,168,
168,966.4301,0.1007,144,54,14,2076,,F#3,,,,,,,,n168_5Fs3t_5,2076,,gutim,168,
,,,,,,,7121,,,,,,,,,,,,gutim,,
168,966.5559,4.6869,144,33,5,2077,,A1,,,,,,,,n168_5A1h,2077,,gutim,168,
,,,,,,,,,,,,,,,,,,169,,,
169,972.4145,2.9091,144,89,8,2078,,F6,,,,,,,,n169_1F6w,2078,,gutim,169,
169,972.4145,2.9091,144,32,8,2078,,Ab1,,,,,,,,n169_5Ab1w,2078,,gutim,169,
,,,,,,,,,,,,,,,,,,170,,,
170,977.8691,3.6364,144,72,11,2079,,C5,,,,,,,,n170_1C5h_0,2079,,gutim,170,
170,979.2327,0.7273,144,50,8,2080,,D3,,,,,,,,n170_5D3e_0,2080,,gutim,170,
170,980.1418,1.8182,144,81,5,2081,,A5,,,,,,,,n170_1A5e,2081,,gutim,170,
170,980.1418,1.8182,144,45,5,2081,,A2,,,,,,,,n170_5A2e,2081,,gutim,170,
170,980.1418,1.8182,144,58,5,2081,,Bb3,,,,,,,,n170_5Bb3e,2081,,gutim,170,
170,980.2176,0.303,144,76,5,2082,,E5,,,,,,,,n170_2E5t_0,2082,,gutim,170,
170,980.2933,0.2424,144,57,5,2083,,A3,,,,,,,,n170_2A3t,2083,,gutim,170,
170,980.5963,0.1212,144,74,5,2084,,D5,,,,,,,,n170_2D5s,2084,,gutim,170,
170,980.7479,0.1212,144,24,5,2085,,C1,,,,,,,,n170_2C1s,2085,,gutim,170,
170,980.8994,0.1212,144,105,5,2086,,A7,,,,,,,,n170_2A7s,2086,,gutim,170,
170,981.0509,0.7273,144,68,4,2087,,G#4,,,,,,,,n170_2Gs4e_0,2087,,gutim,170,
,,,,,,,,,,,,,,,,,,171,,,
171,985.9759,0.06,144,54,14,2088,,F#3,g,,,,,,,ng171_6Fs3e,2088,,gutim,171,
,,,,,,,7124,,,,,,,,,,,,gutim,,
171,986.0509,0.7273,144,83,14,2089,,B5,,,,,,,,n171_1B5q,2089,,gutim,171,
171,986.0509,0.2424,144,73,5,2089,,C#5,,,,,,,,n171_2Cs5e,2089,,gutim,171,
171,986.0509,1.4545,144,64,11,2089,,E4,,,,,,,,n171_6E4q_0,2089,,gutim,171,
171,986.3539,0.2424,144,30,14,2090,,F#1,,,,,,,,n171_2Fs1e,2090,,gutim,171,
171,986.6569,0.2424,144,95,14,2091,,B6,,,,,,,,n171_2B6e,2091,,gutim,171,
171,986.6569,0.2424,144,98,14,2091,,D7,,,,,,,,n171_2D7e,2091,,gutim,171,
171,986.96,0.2879,144,45,14,2092,,A2,,,,,,,,n171_5A2e,2092,,gutim,171,
,,,,,,,7125,,,,,,,,,,,,gutim,,
171,987.1411,0.0866,144,80,5,2093,,G#5,,,,,,,,n171_1Gs5t_0,2093,,gutim,171,
171,987.2322,0.0866,144,90,6,2094,,F#6,,,,,,,,n171_1Fs6t,2094,,gutim,171,
171,987.263,0.1439,144,46,14,2095,,Bb2,,,,,,,,n171_5Bb2s,2095,,gutim,171,
171,987.263,0.1439,144,53,14,2095,,F3,,,,,,,,n171_5F3s,2095,,gutim,171,
171,987.3234,0.0866,144,80,7,2096,,G#5,,,,,,,,n171_1Gs5t_1,2096,,gutim,171,
171,987.4145,0.0866,144,102,8,2097,,F#7,,,,,,,,n171_1Fs7t,2097,,gutim,171,
171,987.5057,0.0866,144,68,9,2098,,G#4,,,,,,,,n171_1Gs4t_0,2098,,gutim,171,
171,987.5968,0.0866,144,84,11,2099,,C6,,,,,,,,n171_1C6t,2099,,gutim,171,
171,987.688,0.0866,144,68,12,2100,,G#4,,,,,,,,n171_1Gs4t_1,2100,,gutim,171,
171,987.7791,0.0866,144,72,13,2101,,C5,,,,,,,,n171_1C5t_0,2101,,gutim,171,
171,987.8703,0.0866,144,68,14,2102,,G#4,,,,,,,,n171_1Gs4t_2,2102,,gutim,171,
171,987.9614,0.0866,144,72,15,2103,,C5,,,,,,,,n171_1C5t_1,2103,,gutim,171,
171,988.0525,0.0693,144,52,16,2104,,E3,,,,,,,,n171_1E3t,2104,,gutim,171,
171,988.0525,0.0866,144,68,16,2104,,G#4,,,,,,,,n171_1Gs4t_3,2104,,gutim,171,
171,988.0525,0.0866,144,72,16,2104,,C5,,,,,,,,n171_1C5t_2,2104,,gutim,171,
171,988.1437,0.0866,144,41,17,2105,,F2,,,,,,,,n171_1F2t_0,2105,,gutim,171,
171,988.2348,0.0866,144,64,18,2106,,E4,,,,,,,,n171_1E4t,2106,,gutim,171,
171,988.326,0.0866,144,41,20,2107,,F2,,,,,,,,n171_1F2t_1,2107,,gutim,171,
171,988.4171,0.0866,144,72,21,2108,,C5,,,,,,,,n171_1C5t_3,2108,,gutim,171,
171,988.5083,0.1732,144,52,22,2109,,E3,,,,,,,,n171_1E3s,2109,,gutim,171,
171,988.6906,0.0832,144,29,24,2110,,F1,,,,,,,,n171_1F1t,2110,,gutim,171,
171,988.7782,0.8636,144,102,24,2111,,F#7,,,,,,,,n171_1Fs7q_0,2111,,gutim,171,
171,989.8388,1.3333,144,80,24,2112,,G#5,,,,,,,,n171_1Gs5s,2112,,gutim,171,
171,989.8388,1.3333,144,102,24,2112,,F#7,,,,,,,,n171_1Fs7s,2112,,gutim,171,
,,,,,,,,,,,,,,,,,,172,,,
172,991.5054,2.9091,144,80,17,2113,,G#5,,,,,,,,n172_1Gs5w,2113,,gutim,172,
172,991.5054,2.9091,144,102,17,2113,,F#7,,,,,,,,n172_1Fs7w,2113,,gutim,172,
172,991.5054,0.0866,144,74,5,2113,,D5,,,,,,,,n172_5D5t,2113,,gutim,172,
172,991.5966,0.0866,144,88,7,2114,,E6,,,,,,,,n172_5E6t,2114,,gutim,172,
172,991.6877,0.0866,144,62,9,2115,,D4,,,,,,,,n172_5D4t,2115,,gutim,172,
172,991.7789,0.0866,144,90,11,2116,,F#6,,,,,,,,n172_5Fs6t_0,2116,,gutim,172,
172,991.87,0.0866,144,76,13,2117,,E5,,,,,,,,n172_5E5t_0,2117,,gutim,172,
172,991.9612,0.0866,144,102,16,2118,,F#7,,,,,,,,n172_5Fs7t,2118,,gutim,172,
172,992.0523,0.0866,144,70,18,2119,,Bb4,,,,,,,,n172_5Bb4t_0,2119,,gutim,172,
172,992.1435,0.0866,144,76,20,2120,,E5,,,,,,,,n172_5E5t_1,2120,,gutim,172,
172,992.1435,0.0866,144,90,20,2120,,F#6,,,,,,,,n172_5Fs6t_1,2120,,gutim,172,
172,992.2346,0.0866,144,70,22,2121,,Bb4,,,,,,,,n172_5Bb4t_1,2121,,gutim,172,
172,992.3257,0.0866,144,51,24,2122,,Eb3,,,,,,,,n172_5Eb3t,2122,,gutim,172,
172,992.5684,0.8485,144,62,11,2123,,D4,,,,,,,,n172_5D4s,2123,,gutim,172,
172,992.5684,0.8485,144,70,11,2123,,Bb4,,,,,,,,n172_5Bb4s,2123,,gutim,172,
172,992.5684,0.8485,144,76,11,2123,,E5,,,,,,,,n172_5E5s,2123,,gutim,172,
172,992.5684,0.8485,144,90,11,2123,,F#6,,,,,,,,n172_5Fs6s,2123,,gutim,172,
172,993.629,1.4371,144,62,20,2124,,D4,,,,,,,,n172_5D4q_1,2124,,gutim,172,
172,993.629,1.2102,144,70,20,2124,,Bb4,,,,,,,,n172_5Bb4q_1,2124,,gutim,172,
172,993.629,1.2102,144,76,20,2124,,E5,,,,,,,,n172_5E5q_1,2124,,gutim,172,
172,993.629,1.2102,144,90,14,2124,,F#6,,,,,,,,n172_5Fs6q_1,2124,,gutim,172,
,,,,,,,,,,,,,,,,,,173,,,
173,995.1418,2.4615,144,88,14,2125,,E6,,,,,,,,n173_1E6h_0,2125,,gutim,173,
173,995.1418,2.4615,144,97,14,2125,,C#7,,,,,,,,n173_1Cs7h_0,2125,,gutim,173,
173,995.1418,1.8462,144,80,14,2125,,G#5,,,,,,,,n173_2Gs5w,2125,,gutim,173,
173,995.1418,1.8462,144,102,14,2125,,F#7,,,,,,,,n173_2Fs7w,2125,,gutim,173,
,,,,,,,,,,,,,,,,,,174,,,
174,998.2187,0.3077,144,88,14,2126,,E6,,,,,,,,n174_1E6q_0,2126,,gutim,174,
174,998.2187,0.3077,144,97,14,2126,,C#7,,,,,,,,n174_1Cs7q,2126,,gutim,174,
174,998.2187,0.8178,144,21,14,2126,,A0,,,,,,,,n174_5A0q,2126,,gutim,174,
174,998.9208,0.5079,144,80,14,2127,,G#5,,,,,,,,n174_2Gs5q,2127,,gutim,174,
174,998.9208,0.5079,144,96,14,2127,,C7,,,,,,,,n174_2C7q,2127,,gutim,174,
174,998.9208,0.5079,144,102,14,2127,,F#7,,,,,,,,n174_2Fs7q,2127,,gutim,174,
174,999.0795,0.1508,144,42,14,2128,,F#2,,,,,,,,n174_5Fs2s,2128,,gutim,174,
174,999.2383,0.0754,144,55,14,2129,,G3,,,,,,,,n174_5G3t,2129,,gutim,174,
174,999.3176,0.0754,144,77,14,2130,,F5,,,,,,,,n174_5F5t,2130,,gutim,174,
174,999.397,0.0427,144,73,14,2131,,C#5,,,,,,,,n174_5Cs5t,2131,,gutim,174,
174,999.4503,0.0427,144,42,14,2132,,F#2,,,,,,,,n174_5Fs2t,2132,,gutim,174,
174,999.5036,0.0427,144,33,14,2133,,A1,,,,,,,,n174_5A1t,2133,,gutim,174,
174,999.5557,0.7619,144,88,14,2134,,E6,,,,,,,,n174_1E6q_1,2134,,gutim,174,
174,999.5557,0.7619,144,96,14,2134,,C7,,,,,,,,n174_1C7q,2134,,gutim,174,
174,999.557,0.254,144,43,14,2134,,G2,,,,,,,,n174_5G2e,2134,,gutim,174,
174,999.8744,0.5079,144,53,14,2135,,F3,,,,,,,,n174_5F3q,2135,,gutim,174,
174,1000.5081,0.5079,144,62,14,2136,,D4,,,,,,,,n174_1D4q,2136,,gutim,174,
174,1000.5081,0.5079,144,88,14,2136,,E6,,,,,,,,n174_1E6q_2,2136,,gutim,174,
174,1001.143,0.254,144,96,14,2137,,C7,,,,,,,,n174_1C7e,2137,,gutim,174,
174,1001.1443,0.1508,144,29,14,2137,,F1,,,,,,,,n174_5F1s,2137,,gutim,174,
174,1001.303,0.1496,144,52,14,2138,,E3,,,,,,,,n174_5E3s,2138,,gutim,174,
174,1001.8833,0.0507,144,68,14,2139,,G#4,,,,,,,,n174_1Gs4x_0,2139,,gutim,174,
174,1001.9367,0.0507,144,78,14,2140,,F#5,,,,,,,,n174_1Fs5x,2140,,gutim,174,
174,1001.99,0.0507,144,68,14,2141,,G#4,,,,,,,,n174_1Gs4x_1,2141,,gutim,174,
174,1002.0433,0.0507,144,53,14,2142,,F3,,,,,,,,n174_1F3x,2142,,gutim,174,
174,1002.0966,0.0507,144,72,14,2143,,C5,,,,,,,,n174_1C5x_0,2143,,gutim,174,
174,1002.15,0.0507,144,41,14,2144,,F2,,,,,,,,n174_1F2x,2144,,gutim,174,
174,1002.2033,0.0507,144,72,14,2145,,C5,,,,,,,,n174_1C5x_1,2145,,gutim,174,
174,1002.2566,0.1484,144,64,14,2146,,E4,,,,,,,,n174_1E4t,2146,,gutim,174,
,,,,,,,,,,,,,,,,,,175,,,
175,1002.4129,0.0565,144,80,14,2147,,Ab5,,,,,,,,n175_1Ab5x_0,2147,,gutim,175,
175,1002.4724,0.0565,144,84,14,2148,,C6,,,,,,,,n175_1C6x_0,2148,,gutim,175,
175,1002.5319,0.0565,144,68,14,2149,,Ab4,,,,,,,,n175_1Ab4x,2149,,gutim,175,
175,1002.5914,0.0565,144,84,14,2150,,C6,,,,,,,,n175_1C6x_1,2150,,gutim,175,
175,1002.651,0.0565,144,80,14,2151,,Ab5,,,,,,,,n175_1Ab5x_1,2151,,gutim,175,
175,1002.7105,0.0848,144,84,14,2152,,C6,,,,,,,,n175_1C6x_2,2152,,gutim,175,
175,1002.7105,0.0848,144,90,14,2152,,Gb6,,,,,,,,n175_1Gb6x,2152,,gutim,175,
175,1002.7998,0.0848,144,80,14,2153,,Ab5,,,,,,,,n175_1Ab5x_2,2153,,gutim,175,
175,1002.889,0.1905,144,80,14,2154,,Ab5,,,,,,,,n175_1Ab5s_0,2154,,gutim,175,
175,1002.889,0.1905,144,90,14,2154,,Gb6,,,,,,,,n175_1Gb6s_0,2154,,gutim,175,
175,1002.889,0.0754,144,64,14,2154,,E4,,,,,,,,n175_5E4t_0,2154,,gutim,175,
175,1002.9684,0.1131,144,53,14,2155,,F3,,,,,,,,n175_5F3t_0,2155,,gutim,175,
175,1003.0875,0.1131,144,64,14,2156,,E4,,,,,,,,n175_5E4t_1,2156,,gutim,175,
175,1003.1271,0.1905,144,80,14,2157,,Ab5,,,,,,,,n175_1Ab5s_1,2157,,gutim,175,
175,1003.1271,0.1905,144,84,14,2157,,C6,,,,,,,,n175_1C6s,2157,,gutim,175,
175,1003.1271,0.1905,144,90,14,2157,,Gb6,,,,,,,,n175_1Gb6s_1,2157,,gutim,175,
175,1003.2065,0.0754,144,53,14,2158,,F3,,,,,,,,n175_5F3t_1,2158,,gutim,175,
175,1003.2859,0.0754,144,64,14,2159,,E4,,,,,,,,n175_5E4t_2,2159,,gutim,175,
175,1003.3652,0.1001,144,102,14,2160,,Gb7,,,,,,,,n175_1Gb7t_0,2160,,gutim,175,
175,1003.3652,0.9048,144,53,14,2160,,F3,,,,,,,,n175_5F3q,2160,,gutim,175,
175,1003.3652,0.7619,144,64,14,2160,,E4,,,,,,,,n175_5E4q,2160,,gutim,175,
175,1003.4706,0.1001,144,92,14,2161,,Ab6,,,,,,,,n175_1Ab6t,2161,,gutim,175,
175,1003.5761,0.1001,144,96,14,2162,,C7,,,,,,,,n175_1C7t_0,2162,,gutim,175,
175,1003.6815,0.1001,144,102,14,2163,,Gb7,,,,,,,,n175_1Gb7t_1,2163,,gutim,175,
175,1003.7869,0.1001,144,80,14,2164,,Ab5,,,,,,,,n175_1Ab5t,2164,,gutim,175,
175,1003.8923,0.1001,144,96,14,2165,,C7,,,,,,,,n175_1C7t_1,2165,,gutim,175,
175,1003.9977,0.1001,144,65,14,2166,,F4,,,,,,,,n175_1F4t,2166,,gutim,175,
175,1004.1031,0.1001,144,76,14,2167,,E5,,,,,,,,n175_1E5t,2167,,gutim,175,
175,1004.2085,0.1001,144,52,14,2168,,E3,,,,,,,,n175_1E3t,2168,,gutim,175,
175,1004.3139,0.1001,144,102,14,2169,,Gb7,,,,,,,,n175_1Gb7t_2,2169,,gutim,175,
175,1004.3176,0.9524,144,100,14,2170,,E7,,,,,,,,n175_5E7q,2170,,gutim,175,
175,1004.4193,0.4017,144,77,14,2171,,F5,,,,,,,,n175_1F5e,2171,,gutim,175,
175,1004.8422,0.1001,144,102,14,2172,,Gb7,,,,,,,,n175_1Gb7t_3,2172,,gutim,175,
175,1004.9476,0.3016,144,77,14,2173,,F5,,,,,,,,n175_1F5s,2173,,gutim,175,
175,1005.265,0.6032,144,77,14,2174,,F5,,,,,,,,n175_1F5q,2174,,gutim,175,
175,1005.265,0.5079,144,92,14,2174,,Ab6,,,,,,,,n175_1Ab6q,2174,,gutim,175,
175,1005.265,0.5079,144,102,14,2174,,Gb7,,,,,,,,n175_1Gb7q,2174,,gutim,175,
175,1005.5081,0.2857,144,65,14,2175,,F4,,,,,,,,n175_5F4s_0,2175,,gutim,175,
175,1005.5081,0.2857,144,100,14,2175,,E7,,,,,,,,n175_5E7s_1,2175,,gutim,175,
175,1005.8652,0.2857,144,30,14,2176,,Gb1,,,,,,,,n175_5Gb1s,2176,,gutim,175,
175,1005.8652,0.2857,144,65,14,2176,,F4,,,,,,,,n175_5F4s_1,2176,,gutim,175,
175,1006.0587,0.0754,144,96,14,2177,,C7,,,,,,,,n175_1C7t_2,2177,,gutim,175,
175,1006.1381,0.0754,144,88,14,2178,,E6,,,,,,,,n175_1E6t,2178,,gutim,175,
175,1006.2174,0.3016,144,92,14,2179,,Ab6,,,,,,,,n175_1Ab6e,2179,,gutim,175,
175,1006.2174,0.254,144,96,14,2179,,C7,,,,,,,,n175_1C7e,2179,,gutim,175,
175,1006.2174,0.254,144,102,14,2179,,Gb7,,,,,,,,n175_1Gb7e,2179,,gutim,175,
175,1006.2224,0.0726,144,41,14,2180,,F2,,,,,,,,n175_5F2t_0,2180,,gutim,175,
175,1006.3154,0.0907,144,32,14,2181,,Ab1,,,,,,,,n175_5Ab1t,2181,,gutim,175,
175,1006.4109,0.0907,144,30,14,2182,,Gb1,,,,,,,,n175_5Gb1t_0,2182,,gutim,175,
175,1006.5064,0.0907,144,41,14,2183,,F2,,,,,,,,n175_5F2t_1,2183,,gutim,175,
175,1006.5349,0.3016,144,80,14,2184,,Ab5,,,,,,,,n175_1Ab5e,2184,,gutim,175,
175,1006.5349,0.254,144,84,14,2184,,C6,,,,,,,,n175_1C6e,2184,,gutim,175,
175,1006.6018,0.0919,144,30,14,2185,,Gb1,,,,,,,,n175_5Gb1t_1,2185,,gutim,175,
175,1006.6986,0.2827,144,36,14,2186,,C2,,,,,,,,n175_5C2s,2186,,gutim,175,
175,1006.8523,0.2579,144,76,14,2187,,E5,,,,,,,,n175_1E5e,2187,,gutim,175,
175,1006.9962,0.1131,144,30,14,2188,,Gb1,,,,,,,,n175_5Gb1x_0,2188,,gutim,175,
175,1006.9962,0.1131,144,32,14,2188,,Ab1,,,,,,,,n175_5Ab1x_0,2188,,gutim,175,
175,1006.9962,0.1131,144,41,14,2188,,F2,,,,,,,,n175_5F2x_0,2188,,gutim,175,
175,1007.0557,0.0565,144,36,14,2189,,C2,,,,,,,,n175_5C2x_1,2189,,gutim,175,
175,1007.1152,0.0565,144,64,14,2190,,E4,,,,,,,,n175_5E4x,2190,,gutim,175,
,,,,,,,,,,,,,,,,,,176,,,
176,1007.1748,8.4162,144,42,14,2191,,Gb2,,,,,,,,n176_5Gb2h_0,2191,,gutim,176,
176,1008.1888,4.0958,144,30,14,2192,,Gb1,,,,,,,,n176_6Gb1w,2192,,gutim,176,
,,,,,,,,,,,,,,,,,,177,,,
177,1013.3086,3.5092,144,68,14,2193,,Ab4,,,,,,,,n177_1Ab4w,2193,,gutim,177,
177,1013.3086,3.5092,144,30,14,2193,,Gb1,,,,,,,,n177_6Gb1w,2193,,gutim,177,
,,,,,,,,,,,,,,,,,,178,,,
178,1017.695,0.055,144,80,14,2194,,Ab5,,,,,,,,n178_1Ab5t_0,2194,,gutim,178,
178,1017.7529,0.055,144,89,14,2195,,F6,,,,,,,,n178_1F6t_0,2195,,gutim,178,
178,1017.8107,0.055,144,80,14,2196,,Ab5,,,,,,,,n178_1Ab5t_1,2196,,gutim,178,
178,1017.8685,0.055,144,84,14,2197,,C6,,,,,,,,n178_1C6t,2197,,gutim,178,
178,1017.9264,0.055,144,80,14,2198,,Ab5,,,,,,,,n178_1Ab5t_2,2198,,gutim,178,
178,1017.9842,0.0821,144,101,14,2199,,F7,,,,,,,,n178_1F7t_0,2199,,gutim,178,
178,1018.0706,0.0821,144,96,14,2200,,C7,,,,,,,,n178_1C7t,2200,,gutim,178,
178,1018.157,0.055,144,78,14,2201,,Gb5,,,,,,,,n178_1Gb5t_0,2201,,gutim,178,
178,1018.2148,0.1099,144,101,14,2202,,F7,,,,,,,,n178_1F7t_1,2202,,gutim,178,
178,1018.3305,0.0821,144,78,14,2203,,Gb5,,,,,,,,n178_1Gb5t_1,2203,,gutim,178,
178,1018.4169,0.0821,144,100,14,2204,,E7,,,,,,,,n178_1E7t_0,2204,,gutim,178,
178,1018.5033,0.055,144,89,14,2205,,F6,,,,,,,,n178_1F6t_1,2205,,gutim,178,
178,1018.5611,0.055,144,72,14,2206,,C5,,,,,,,,n178_1C5t,2206,,gutim,178,
178,1018.619,0.0821,144,66,14,2207,,Gb4,,,,,,,,n178_1Gb4t,2207,,gutim,178,
178,1018.7054,0.0821,144,100,14,2208,,E7,,,,,,,,n178_1E7t_1,2208,,gutim,178,
178,1018.7918,0.0542,144,88,14,2209,,E6,,,,,,,,n178_1E6t,2209,,gutim,178,
,,,,,,,,,,,,,,,,,,180,,,
180,1023.8912,0.0712,144,66,14,2210,,Gb4,g,,,,,,,ng180_6Gb4e,2210,,gutim,180,
,,,,,,,7130,,,,,,,,,,,,gutim,,
180,1023.9662,0.0712,144,72,17,2211,,C5,g,,,,,,,ng180_1C5e,2211,,gutim,180,
180,1023.9662,0.0712,144,65,14,2211,,F4,g,,,,,,,ng180_6F4e,2211,,gutim,180,
180,1024.0412,0.8221,144,88,17,2212,,E6,,,,,,,,n180_1E6q,2212,,gutim,180,
180,1024.0412,1.6442,144,44,14,2212,,G#2,,,,,,,,n180_6Gs2h,2212,,gutim,180,
180,1024.0412,1.6442,144,47,14,2212,,B2,,,,,,,,n180_6B2h,2212,,gutim,180,
,,,,,,,,,,,,,,,,,,183,,,
183,1031.5412,0.274,144,88,17,2213,,E6,,,,,,,,n183_1E6e,2213,,gutim,183,
183,1031.8296,2.4663,144,68,14,2214,,G#4,,,,,,,,n183_1Gs4e,2214,,gutim,183,
183,1032.1181,0.0913,144,31,5,2215,,G1,,,,,,,,n183_5G1s_0,2215,,gutim,183,
183,1032.2142,0.0913,144,41,5,2216,,F2,,,,,,,,n183_5F2s,2216,,gutim,183,
183,1032.3104,0.0913,144,31,5,2217,,G1,,,,,,,,n183_5G1s_1,2217,,gutim,183,
183,1032.4066,0.1827,144,41,5,2218,,F2,,,,,,,,n183_5F2e,2218,,gutim,183,
183,1032.5989,1.1875,144,21,5,2219,,A0,,,,,,,,n183_5A0s,2219,,gutim,183,
,,,,,,,,,,,,,,,,,,184,,,
184,1034.4258,0.0685,144,94,17,2220,,Bb6,,,,,,,,n184_1Bb6t,2220,,gutim,184,
184,1034.4979,0.0685,144,77,16,2221,,F5,,,,,,,,n184_1F5t,2221,,gutim,184,
184,1034.57,0.0685,144,106,16,2222,,Bb7,,,,,,,,n184_1Bb7t,2222,,gutim,184,
184,1034.6421,0.0685,144,84,15,2223,,C6,,,,,,,,n184_1C6t,2223,,gutim,184,
184,1034.7142,0.274,144,89,14,2224,,F6,,,,,,,,n184_1F6e,2224,,gutim,184,
,,,,,,,,,,,,,,,,,,185,,,
185,1037.8877,0.2744,144,106,12,2225,,Bb7,,,,,,,,n185_1Bb7s_0,2225,,gutim,185,
185,1037.8877,1.8526,144,62,8,2225,,D4,,,,,,,,n185_5D4q,2225,,gutim,185,
185,1037.8877,0.4389,144,72,5,2225,,C5,,,,,,,,n185_6C5e,2225,,gutim,185,
185,1038.1765,0.1373,144,84,9,2226,,C6,,,,,,,,n185_1C6t,2226,,gutim,185,
185,1038.321,0.2747,144,106,8,2227,,Bb7,,,,,,,,n185_1Bb7s_1,2227,,gutim,185,
185,1038.3496,0.3291,144,56,5,2228,,Ab3,,,,,,,,n185_6Ab3s,2228,,gutim,185,
185,1038.6102,0.4123,144,100,5,2229,,E7,,,,,,,,n185_1E7s,2229,,gutim,185,
185,1038.696,0.1102,144,72,5,2230,,C5,,,,,,,,n185_6C5t,2230,,gutim,185,
185,1038.8121,0.4411,144,76,5,2231,,E5,,,,,,,,n185_6E5s,2231,,gutim,185,
,,,,,,,,,,,,,,,,,,186,,,
186,1039.2764,0.1104,144,72,5,2232,,C5,,,,,,,,n186_6C5t_0,2232,,gutim,186,
186,1039.3926,0.1104,144,76,5,2233,,E5,,,,,,,,n186_6E5t_0,2233,,gutim,186,
186,1039.4786,0.1376,144,80,5,2234,,G#5,,,,,,,,n186_1Gs5t,2234,,gutim,186,
186,1039.5088,0.6614,144,62,5,2235,,D4,,,,,,,,n186_6D4e_0,2235,,gutim,186,
186,1039.6235,0.2754,144,100,5,2236,,E7,,,,,,,,n186_1E7s,2236,,gutim,186,
186,1039.9134,0.2756,144,80,5,2237,,G#5,,,,,,,,n186_1Gs5s_0,2237,,gutim,186,
186,1040.2035,0.1378,144,62,11,2238,,D4,,,,,,,,n186_1D4t,2238,,gutim,186,
186,1040.3485,0.4138,144,82,14,2239,,Bb5,,,,,,,,n186_1Bb5s,2239,,gutim,186,
186,1040.4362,0.1106,144,72,5,2240,,C5,,,,,,,,n186_6C5t_1,2240,,gutim,186,
186,1040.5527,0.1106,144,76,5,2241,,E5,,,,,,,,n186_6E5t_1,2241,,gutim,186,
186,1040.6691,0.6629,144,62,4,2242,,D4,,,,,,,,n186_6D4e_1,2242,,gutim,186,
186,1041.0747,0.2326,144,80,3,2243,,G#5,,,,,,,,n186_1Gs5s_1,2243,,gutim,186,
186,1041.3654,0.9318,144,80,3,2244,,G#5,,,,,,,,n186_1Gs5q,2244,,gutim,186,
186,1041.3669,0.442,144,72,3,2244,,C5,,,,,,,,n186_6C5e,2244,,gutim,186,
186,1041.8322,0.1109,144,76,1,2245,,E5,,,,,,,,n186_6E5t_2,2245,,gutim,186,
186,1041.949,0.5521,144,62,1,2246,,D4,,,,,,,,n186_6D4t,2246,,gutim,186,
186,1042.5301,3.7491,144,44,5,2247,,Ab2,,,,,,,,n186_5Ab2h,2247,,gutim,186,
186,1042.5301,2.339,144,37,20,2247,,Db2,,,,,,,,n186_6Db2q_0,2247,,gutim,186,
186,1043.6976,0.0622,144,48,5,2248,,C3,,,,,,,,n186_1C3x,2248,,gutim,186,
186,1043.763,0.0622,144,106,5,2249,,Bb7,,,,,,,,n186_1Bb7x,2249,,gutim,186,
186,1043.8285,0.0622,144,100,6,2250,,E7,,,,,,,,n186_1E7x_0,2250,,gutim,186,
186,1043.8939,0.0622,144,89,6,2251,,F6,,,,,,,,n186_1F6x,2251,,gutim,186,
186,1043.9594,0.0622,144,100,7,2252,,E7,,,,,,,,n186_1E7x_1,2252,,gutim,186,
186,1044.0249,0.0622,144,68,8,2253,,Ab4,,,,,,,,n186_1Ab4x,2253,,gutim,186,
186,1044.0904,0.0622,144,94,8,2254,,Bb6,,,,,,,,n186_1Bb6x_0,2254,,gutim,186,
186,1044.1559,0.0622,144,72,8,2255,,C5,,,,,,,,n186_1C5x,2255,,gutim,186,
186,1044.2214,0.0622,144,94,9,2256,,Bb6,,,,,,,,n186_1Bb6x_1,2256,,gutim,186,
186,1044.2869,0.1853,144,88,10,2257,,E6,,,,,,,,n186_1E6s,2257,,gutim,186,
186,1044.482,0.1854,144,56,11,2258,,Ab3,,,,,,,,n186_1Ab3s,2258,,gutim,186,
186,1044.6771,0.1811,144,77,11,2259,,F5,,,,,,,,n186_1F5s,2259,,gutim,186,
186,1045.4539,1.4101,144,27,11,2260,,Eb1,,,,,,,,n186_6Eb1e,2260,,gutim,186,
186,1045.4539,1.4101,144,37,11,2260,,Db2,,,,,,,,n186_6Db2e,2260,,gutim,186,
,,,,,,,,,,,,,,,,,,187,,,
187,1047.2166,0.9429,144,23,14,2261,,B0,,,,,,,,n187_5B0q,2261,,gutim,187,
187,1047.2166,0.0589,144,27,14,2261,,Eb1,,,,,,,,n187_6Eb1t,2261,,gutim,187,
187,1047.2166,0.1177,144,37,14,2261,,Db2,,,,,,,,n187_6Db2t,2261,,gutim,187,
187,1047.3147,0.1865,144,36,14,2262,,C2,,,,,,,,n187_1C2s_0,2262,,gutim,187,
187,1047.5109,0.0933,144,64,14,2263,,E4,,,,,,,,n187_1E4t,2263,,gutim,187,
187,1047.5109,0.2356,144,27,14,2263,,Eb1,,,,,,,,n187_6Eb1s_0,2263,,gutim,187,
187,1047.6091,0.1866,144,36,14,2264,,C2,,,,,,,,n187_1C2s_1,2264,,gutim,187,
187,1047.8055,0.1866,144,70,14,2265,,Bb4,,,,,,,,n187_1Bb4s,2265,,gutim,187,
187,1048.002,0.0933,144,53,14,2266,,F3,,,,,,,,n187_1F3t_0,2266,,gutim,187,
187,1048.1002,0.0934,144,70,14,2267,,Bb4,,,,,,,,n187_1Bb4t,2267,,gutim,187,
187,1048.1985,0.1868,144,53,14,2268,,F3,,,,,,,,n187_1F3s,2268,,gutim,187,
187,1048.3951,0.1869,144,58,14,2269,,Bb3,,,,,,,,n187_1Bb3s,2269,,gutim,187,
187,1048.3951,0.1124,144,23,14,2269,,B0,,,,,,,,n187_5B0t_0,2269,,gutim,187,
187,1048.5104,0.1124,144,26,14,2270,,D1,,,,,,,,n187_5D1t_0,2270,,gutim,187,
187,1048.5918,0.0935,144,53,14,2271,,F3,,,,,,,,n187_1F3t_1,2271,,gutim,187,
187,1048.6287,0.1125,144,30,14,2272,,F#1,,,,,,,,n187_5Fs1t_0,2272,,gutim,187,
187,1048.6902,0.0935,144,44,14,2273,,Ab2,,,,,,,,n187_1Ab2t,2273,,gutim,187,
187,1048.7471,0.1125,144,23,14,2274,,B0,,,,,,,,n187_5B0t_1,2274,,gutim,187,
187,1048.7886,0.7881,144,48,14,2275,,C3,,,,,,,,n187_1C3q,2275,,gutim,187,
187,1048.8655,0.114,144,26,14,2276,,D1,,,,,,,,n187_5D1t_1,2276,,gutim,187,
187,1049.5765,0.9474,144,70,14,2277,,Bb4,,,,,,,,n187_2Bb4q,2277,,gutim,187,
187,1049.7737,0.4736,144,48,14,2278,,C3,,,,,,,,n187_1C3e,2278,,gutim,187,
187,1050.1683,0.1128,144,23,14,2279,,B0,,,,,,,,n187_5B0t_2,2279,,gutim,187,
187,1050.287,0.1128,144,26,14,2280,,D1,,,,,,,,n187_5D1t_2,2280,,gutim,187,
187,1050.3657,0.316,144,82,14,2281,,Bb5,,,,,,,,n187_1Bb5e,2281,,gutim,187,
187,1050.4058,0.1129,144,30,14,2282,,F#1,,,,,,,,n187_5Fs1t_1,2282,,gutim,187,
187,1050.5246,0.1129,144,23,14,2283,,B0,,,,,,,,n187_5B0t_3,2283,,gutim,187,
187,1050.6434,0.1129,144,26,14,2284,,D1,,,,,,,,n187_5D1t_3,2284,,gutim,187,
187,1050.7607,0.9496,144,76,14,2285,,E5,,,,,,,,n187_1E5t,2285,,gutim,187,
187,1050.7607,0.1186,144,82,14,2285,,Bb5,,,,,,,,n187_1Bb5t,2285,,gutim,187,
187,1050.7607,0.1186,144,48,14,2285,,C3,,,,,,,,n187_2C3t,2285,,gutim,187,
187,1050.8611,0.0939,144,45,14,2286,,A2,,,,,,,,n187_5A2t,2286,,gutim,187,
187,1050.9599,0.0924,144,53,14,2287,,F3,,,,,,,,n187_5F3t,2287,,gutim,187,
187,1051.0572,0.0704,144,32,14,2288,,Ab1,,,,,,,,n187_5Ab1x,2288,,gutim,187,
187,1051.1314,0.0705,144,76,14,2289,,E5,,,,,,,,n187_5E5x,2289,,gutim,187,
187,1051.2055,0.1409,144,32,14,2290,,Ab1,,,,,,,,n187_5Ab1t,2290,,gutim,187,
187,1051.7992,0.1188,144,27,14,2291,,Eb1,,,,,,,,n187_2Eb1t,2291,,gutim,187,
187,1051.9478,0.1412,144,70,14,2292,,Bb4,,,,,,,,n187_2Bb4t,2292,,gutim,187,
187,1051.9478,0.2378,144,27,14,2292,,Eb1,,,,,,,,n187_6Eb1s_1,2292,,gutim,187,
187,1051.9478,1.4287,144,58,14,2292,,Bb3,,,,,,,,n187_6Bb3s,2292,,gutim,187,
187,1052.0964,0.1412,144,53,14,2293,,F3,,,,,,,,n187_2F3t,2293,,gutim,187,
187,1052.3174,0.06,144,97,14,2294,,Db7,g,,,,,,,ng187_1Db7e,2294,,gutim,187,
187,1052.3174,0.06,144,35,14,2294,,B1,g,,,,,,,ng187_5B1e,2294,,gutim,187,
187,1052.3924,0.06,144,96,14,2295,,C7,g,,,,,,,ng187_1C7e,2295,,gutim,187,
187,1052.3924,0.06,144,42,14,2295,,Gb2,g,,,,,,,ng187_5Gb2e,2295,,gutim,187,
187,1052.4674,0.06,144,91,14,2296,,G6,g,,,,,,,ng187_1G6e,2296,,gutim,187,
187,1052.4674,0.06,144,41,14,2296,,F2,g,,,,,,,ng187_5F2e,2296,,gutim,187,
187,1052.5424,0.2827,144,100,14,2297,,E7,,,,,,,,n187_1E7s,2297,,gutim,187,
187,1052.5424,0.1133,144,93,14,2297,,A6,,,,,,,,n187_2A6t,2297,,gutim,187,
187,1052.5424,0.2827,144,38,14,2297,,D2,,,,,,,,n187_5D2s,2297,,gutim,187,
187,1052.6617,0.1134,144,101,14,2298,,F7,,,,,,,,n187_2F7t,2298,,gutim,187,
187,1052.781,0.0751,144,97,14,2299,,C#7,,,,,,,,n187_2Cs7t_0,2299,,gutim,187,
187,1052.8399,0.4243,144,92,14,2300,,G#6,,,,,,,,n187_1Gs6s,2300,,gutim,187,
187,1052.8399,0.4243,144,46,14,2300,,Bb2,,,,,,,,n187_5Bb2s,2300,,gutim,187,
187,1052.8539,0.0751,144,100,14,2301,,E7,,,,,,,,n187_2E7t,2301,,gutim,187,
187,1052.933,0.0751,144,97,14,2302,,C#7,,,,,,,,n187_2Cs7t_1,2302,,gutim,187,
187,1053.012,0.1194,144,94,14,2303,,A#6,,,,,,,,n187_2As6t,2303,,gutim,187,
,,,,,,,,,,,,,,,,,,188,,,
188,1053.2866,0.0944,144,91,14,2304,,G6,,,,,,,,n188_1G6t_0,2304,,gutim,188,
188,1053.2866,0.1415,144,35,14,2304,,B1,,,,,,,,n188_5B1t_0,2304,,gutim,188,
188,1053.3859,0.0944,144,97,14,2305,,C#7,,,,,,,,n188_1Cs7t_0,2305,,gutim,188,
188,1053.4356,0.1416,144,42,14,2306,,Gb2,,,,,,,,n188_5Gb2t_0,2306,,gutim,188,
188,1053.4853,0.0944,144,91,14,2307,,G6,,,,,,,,n188_1G6t_1,2307,,gutim,188,
188,1053.5846,0.1416,144,97,14,2308,,C#7,,,,,,,,n188_1Cs7t_1,2308,,gutim,188,
188,1053.5846,0.0944,144,35,14,2308,,B1,,,,,,,,n188_5B1t_1,2308,,gutim,188,
188,1053.684,0.0944,144,42,14,2309,,Gb2,,,,,,,,n188_5Gb2t_1,2309,,gutim,188,
188,1053.7337,0.1417,144,91,14,2310,,G6,,,,,,,,n188_1G6t_2,2310,,gutim,188,
188,1053.7337,0.4774,144,93,14,2310,,A6,,,,,,,,n188_6A6e,2310,,gutim,188,
188,1053.7834,0.0944,144,35,14,2311,,B1,,,,,,,,n188_5B1t_2,2311,,gutim,188,
188,1053.8828,0.1417,144,97,14,2312,,C#7,,,,,,,,n188_1Cs7t_2,2312,,gutim,188,
188,1053.8828,0.0708,144,41,14,2312,,F2,,,,,,,,n188_5F2x,2312,,gutim,188,
188,1053.9574,0.0709,144,38,14,2313,,D2,,,,,,,,n188_5D2x,2313,,gutim,188,
188,1054.032,0.2835,144,100,14,2314,,E7,,,,,,,,n188_1E7s,2314,,gutim,188,
188,1054.032,0.0945,144,46,14,2314,,Bb2,,,,,,,,n188_5Bb2t_1,2314,,gutim,188,
188,1054.1315,0.0945,144,38,14,2315,,D2,,,,,,,,n188_5D2t,2315,,gutim,188,
188,1054.2309,0.0945,144,46,14,2316,,Bb2,,,,,,,,n188_5Bb2t_2,2316,,gutim,188,
188,1054.3305,3.8354,144,53,14,2317,,F3,,,,,,,,n188_5F3h_0,2317,,gutim,188,
,,,,,,,7135,,,,,,,,,,,,gutim,,
,,,,,,,,,,,,,,,,,,192,,,
192,1074.14,0.16,144,35,22,2318,,B1,,,,,,,,n192_5B1e,2318,,gutim,192,
192,1074.14,0.32,144,38,22,2318,,D2,,,,,,,,n192_5D2e,2318,,gutim,192,
192,1074.14,0.32,144,41,22,2318,,F2,,,,,,,,n192_5F2e,2318,,gutim,192,
192,1074.14,0.32,144,42,22,2318,,Gb2,,,,,,,,n192_5Gb2e,2318,,gutim,192,
192,1074.14,0.32,144,46,22,2318,,Bb2,,,,,,,,n192_5Bb2e,2318,,gutim,192,
,,,,,,,,,,,,,,,,,,193,,,
193,1074.54,0.1143,144,88,5,2319,,E6,,,,,,,,n193_1E6t,2319,,gutim,193,
193,1074.54,2.88,144,39,11,2319,,Eb2,,,,,,,,n193_5Eb2h,2319,,gutim,193,
193,1074.6603,0.1143,144,69,5,2320,,A4,,,,,,,,n193_1A4t_0,2320,,gutim,193,
193,1074.7807,0.1143,144,82,6,2321,,Bb5,,,,,,,,n193_1Bb5t,2321,,gutim,193,
193,1074.901,0.0757,144,89,6,2322,,F6,,,,,,,,n193_1F6t_0,2322,,gutim,193,
193,1074.9807,0.0757,144,69,7,2323,,A4,,,,,,,,n193_1A4t_1,2323,,gutim,193,
193,1075.0603,0.0757,144,89,7,2324,,F6,,,,,,,,n193_1F6t_1,2324,,gutim,193,
193,1075.14,0.1143,144,76,7,2325,,E5,,,,,,,,n193_1E5t,2325,,gutim,193,
193,1075.2603,0.1143,144,57,8,2326,,A3,,,,,,,,n193_1A3t,2326,,gutim,193,
193,1075.3807,0.1143,144,70,8,2327,,Bb4,,,,,,,,n193_1Bb4t,2327,,gutim,193,
193,1075.501,0.1143,144,89,9,2328,,F6,,,,,,,,n193_1F6t_2,2328,,gutim,193,
193,1075.6213,0.1128,144,73,9,2329,,Db5,,,,,,,,n193_1Db5t,2329,,gutim,193,
,,,,,,,,,,,,,,,,,,194,,,
194,1083.74,0.2,144,35,8,2330,,B1,,,,,,,,n194_5B1e,2330,,gutim,194,
194,1083.74,0.32,144,38,8,2330,,D2,,,,,,,,n194_5D2e,2330,,gutim,194,
194,1083.74,0.32,144,41,8,2330,,F2,,,,,,,,n194_5F2e,2330,,gutim,194,
194,1083.74,0.32,144,42,8,2330,,Gb2,,,,,,,,n194_5Gb2e,2330,,gutim,194,
194,1083.74,0.32,144,46,8,2330,,Bb2,,,,,,,,n194_5Bb2e,2330,,gutim,194,
,,,,,,,,,,,,,,,,,,195,,,
195,1084.14,0.0712,144,82,8,2331,,Bb5,g,,,,,,,ng195_1Bb5e,2331,,gutim,195,
195,1084.215,0.0712,144,48,9,2332,,C3,g,,,,,,,ng195_1C3e,2332,,gutim,195,
195,1084.29,0.0712,144,94,11,2333,,Bb6,g,,,,,,,ng195_1Bb6e,2333,,gutim,195,
195,1084.365,0.0712,144,36,12,2334,,C2,g,,,,,,,ng195_1C2e,2334,,gutim,195,
195,1084.44,0.0712,144,64,13,2335,,E4,g,,,,,,,ng195_1E4e,2335,,gutim,195,
195,1084.515,0.0712,144,53,14,2336,,F3,g,,,,,,,ng195_1F3e_0,2336,,gutim,195,
195,1084.59,0.0712,144,76,16,2337,,E5,g,,,,,,,ng195_1E5e_0,2337,,gutim,195,
195,1084.665,0.0712,144,53,17,2338,,F3,g,,,,,,,ng195_1F3e_1,2338,,gutim,195,
195,1084.74,0.0712,144,76,18,2339,,E5,g,,,,,,,ng195_1E5e_1,2339,,gutim,195,
195,1084.815,0.0712,144,53,19,2340,,F3,g,,,,,,,ng195_1F3e_2,2340,,gutim,195,
195,1084.89,0.0712,144,32,21,2341,,Ab1,g,,,,,,,ng195_1Ab1e,2341,,gutim,195,
195,1084.965,4.1106,144,36,22,2342,,C2,,,,,,,,n195_6C2e,2342,,gutim,195,
,,,,,,,,,,,,,,,,,,196,,,
196,1088.715,2.3077,144,48,11,2343,,C3,,,,,,,,n196_5C3q,2343,,gutim,196,
196,1089.0035,2.0769,144,88,8,2344,,E6,,,,,,,,n196_1E6e,2344,,gutim,196,
,,,,,,,,,,,,,,,,,,198,,,
198,1091.5997,2.5662,144,94,22,2345,,Bb6,,,,,,,,n198_2Bb6w,2345,,gutim,198,
198,1091.5997,1.8462,144,30,8,2345,,F#1,,,,,,,,n198_6Fs1q,2345,,gutim,198,
198,1091.5997,0.4615,144,36,8,2345,,C2,,,,,,,,n198_6C2q,2345,,gutim,198,
198,1092.1766,1.3846,144,78,11,2346,,Gb5,,,,,,,,n198_1Gb5h,2346,,gutim,198,
198,1092.1766,1.3846,144,35,8,2346,,B1,,,,,,,,n198_6B1h,2346,,gutim,198,
,,,,,,,,,,,,,,,,,,199,,,
199,1094.8073,1.68,144,53,5,2347,,F3,,,,,,,,n199_2F3s,2347,,gutim,199,
199,1096.9073,0.96,144,53,5,2348,,F3,,,,,,,,n199_2F3e_0,2348,,gutim,199,
199,1096.9073,0.96,144,30,5,2348,,F#1,,,,,,,,n199_6Fs1e_0,2348,,gutim,199,
199,1096.9073,0.96,144,35,5,2348,,B1,,,,,,,,n199_6B1e_0,2348,,gutim,199,
199,1097.5073,0.96,144,23,8,2349,,B0,,,,,,,,n199_5B0e_0,2349,,gutim,199,
199,1098.1073,0.19,144,62,8,2350,,D4,,,,,,,,n199_1D4t,2350,,gutim,199,
199,1098.3042,0.19,144,77,7,2351,,F5,,,,,,,,n199_1F5t_0,2351,,gutim,199,
199,1098.5042,0.1262,144,94,7,2352,,Bb6,,,,,,,,n199_1Bb6t_0,2352,,gutim,199,
199,1098.637,0.1262,144,77,6,2353,,F5,,,,,,,,n199_1F5t_1,2353,,gutim,199,
199,1098.773,0.1262,144,94,6,2354,,Bb6,,,,,,,,n199_1Bb6t_1,2354,,gutim,199,
199,1098.9058,0.1262,144,74,5,2355,,D5,,,,,,,,n199_1D5t,2355,,gutim,199,
199,1099.0386,0.0846,144,94,5,2356,,Bb6,,,,,,,,n199_1Bb6t_2,2356,,gutim,199,
199,1099.1277,0.0846,144,89,4,2357,,F6,,,,,,,,n199_1F6t,2357,,gutim,199,
199,1099.2167,0.0846,144,106,4,2358,,Bb7,,,,,,,,n199_1Bb7t,2358,,gutim,199,
,,,,,,,7137,,,,,,,,,,,,gutim,,
,,,,,,,,,,,,,,,,,,200,,,
200,1105.5323,0.0833,144,76,22,2359,,E5,,,,,,,,n200_1E5t,2359,,gutim,200,
200,1105.6365,0.0833,144,32,22,2360,,G#1,,,,,,,,n200_1Gs1t,2360,,gutim,200,
200,1105.7365,0.06,144,35,14,2361,,B1,g,,,,,,,ng200_1B1e,2361,,gutim,200,
200,1105.8115,0.06,144,66,15,2362,,F#4,g,,,,,,,ng200_1Fs4e,2362,,gutim,200,
200,1105.8865,4.0,144,76,20,2363,,E5,,,,,,,,n200_1E5h,2363,,gutim,200,
200,1105.8865,4.0,144,62,17,2363,,D4,,,,,,,,n200_2D4h,2363,,gutim,200,
200,1105.8865,4.0,144,66,17,2363,,F#4,,,,,,,,n200_2Fs4h,2363,,gutim,200,
200,1105.8865,4.0,144,31,20,2363,,G1,,,,,,,,n200_5G1h,2363,,gutim,200,
200,1105.8865,4.0,144,35,14,2363,,B1,,,,,,,,n200_6B1h,2363,,gutim,200,
,,,,,,,,,,,,,,,,,,201,,,
201,1111.6157,0.0833,144,76,11,2364,,E5,,,,,,,,n201_1E5t,2364,,gutim,201,
201,1111.6157,0.0833,144,35,20,2364,,B1,,,,,,,,n201_5B1t,2364,,gutim,201,
201,1111.6157,0.0833,144,62,20,2364,,D4,,,,,,,,n201_5D4t,2364,,gutim,201,
201,1111.6157,0.0833,144,66,20,2364,,F#4,,,,,,,,n201_5Fs4t,2364,,gutim,201,
201,1111.6157,0.0833,144,32,11,2364,,G#1,,,,,,,,n201_6Gs1t,2364,,gutim,201,
201,1111.7198,0.1111,144,102,24,2365,,F#7,,,,,,,,n201_1Fs7s,2365,,gutim,201,
201,1111.8587,0.2222,144,62,17,2366,,D4,,,,,,,,n201_1D4e_0,2366,,gutim,201,
201,1111.8587,0.2222,144,66,17,2366,,F#4,,,,,,,,n201_1Fs4e_0,2366,,gutim,201,
201,1111.8587,0.2222,144,76,8,2366,,E5,,,,,,,,n201_1E5e,2366,,gutim,201,
201,1111.8587,0.2222,144,32,17,2366,,G#1,,,,,,,,n201_5Gs1e_0,2366,,gutim,201,
201,1111.8587,0.2222,144,35,17,2366,,B1,,,,,,,,n201_5B1e_0,2366,,gutim,201,
201,1111.8587,0.5556,144,27,24,2366,,D#1,,,,,,,,n201_6Ds1e_0,2366,,gutim,201,
201,1112.1365,0.3333,144,62,11,2367,,D4,,,,,,,,n201_1D4e_1,2367,,gutim,201,
201,1112.1365,0.3333,144,66,11,2367,,F#4,,,,,,,,n201_1Fs4e_1,2367,,gutim,201,
201,1112.1365,0.3333,144,32,17,2367,,G#1,,,,,,,,n201_5Gs1e_1,2367,,gutim,201,
201,1112.1365,0.3333,144,35,17,2367,,B1,,,,,,,,n201_5B1e_1,2367,,gutim,201,
201,1112.5532,2.0,144,32,5,2368,,G#1,,,,,,,,n201_5Gs1h,2368,,gutim,201,
201,1112.5532,2.0,144,35,5,2368,,B1,,,,,,,,n201_5B1h,2368,,gutim,201,
201,1112.5532,2.0,144,27,11,2368,,D#1,,,,,,,,n201_6Ds1h,2368,,gutim,201,
,,,,,,,,,,,,,,,,,,203,,,
203,1125.4996,0.1071,144,60,11,2369,,C4,,,,,,,,n203_5C4t,2369,,gutim,203,
203,1125.5889,0.1429,144,102,8,2370,,F#7,,,,,,,,n203_1Fs7s,2370,,gutim,203,
203,1125.6335,0.1071,144,64,14,2371,,E4,,,,,,,,n203_5E4t,2371,,gutim,203,
203,1125.7675,0.4286,144,27,8,2372,,D#1,,,,,,,,n203_1Ds1e,2372,,gutim,203,
203,1125.7675,0.4286,144,58,8,2372,,A#3,,,,,,,,n203_1As3e,2372,,gutim,203,
203,1125.7675,1.2857,144,32,5,2372,,G#1,,,,,,,,n203_2Gs1q,2372,,gutim,203,
203,1125.7675,1.2857,144,35,5,2372,,B1,,,,,,,,n203_2B1q,2372,,gutim,203,
203,1125.7675,0.2143,144,33,17,2372,,A1,,,,,,,,n203_5A1s,2372,,gutim,203,
203,1126.0353,1.0714,144,33,11,2373,,A1,,,,,,,,n203_5A1e_0,2373,,gutim,203,
203,1126.0353,1.0714,144,50,11,2373,,D3,,,,,,,,n203_5D3e_0,2373,,gutim,203,
203,1126.3032,0.1696,144,50,22,2374,,D3,,,,,,,,n203_1D3s,2374,,gutim,203,
203,1126.4817,0.3393,144,100,22,2375,,E7,,,,,,,,n203_1E7e,2375,,gutim,203,
203,1127.3746,1.0179,144,21,5,2376,,A0,,,,,,,,n203_5A0t_0,2376,,gutim,203,
203,1127.4639,0.933,144,32,6,2377,,G#1,,,,,,,,n203_5Gs1t_0,2377,,gutim,203,
203,1127.5532,0.8482,144,38,6,2378,,D2,,,,,,,,n203_5D2t_0,2378,,gutim,203,
203,1127.6425,0.7634,144,45,7,2379,,A2,,,,,,,,n203_5A2t,2379,,gutim,203,
203,1127.7317,0.6786,144,48,8,2380,,C3,,,,,,,,n203_5C3s,2380,,gutim,203,
203,1128.446,0.0848,144,21,8,2381,,A0,,,,,,,,n203_5A0t_4,2381,,gutim,203,
203,1128.5353,0.0848,144,32,9,2382,,G#1,,,,,,,,n203_5Gs1t_3,2382,,gutim,203,
203,1128.6246,0.0848,144,38,11,2383,,D2,,,,,,,,n203_5D2t_2,2383,,gutim,203,
203,1128.7139,0.0504,144,52,12,2384,,E3,,,,,,,,n203_5E3x_0,2384,,gutim,203,
203,1128.7669,0.0504,144,32,13,2385,,G#1,,,,,,,,n203_5Gs1x_0,2385,,gutim,203,
203,1128.8199,0.0504,144,52,14,2386,,E3,,,,,,,,n203_5E3x_1,2386,,gutim,203,
203,1128.8729,0.0504,144,32,15,2387,,G#1,,,,,,,,n203_5Gs1x_1,2387,,gutim,203,
203,1128.9259,0.053,144,38,16,2388,,D2,,,,,,,,n203_5D2x_0,2388,,gutim,203,
203,1128.9817,0.1269,144,21,17,2389,,A0,,,,,,,,n203_5A0t_5,2389,,gutim,203,
203,1129.1153,0.1261,144,38,17,2390,,D2,,,,,,,,n203_5D2t_3,2390,,gutim,203,
203,1129.248,0.0837,144,52,15,2391,,E3,,,,,,,,n203_5E3t_0,2391,,gutim,203,
203,1129.3361,0.0833,144,48,13,2392,,C3,,,,,,,,n203_5C3t,2392,,gutim,203,
203,1129.4238,0.083,144,52,11,2393,,E3,,,,,,,,n203_5E3t_1,2393,,gutim,203,
203,1129.5112,0.062,144,21,10,2394,,A0,,,,,,,,n203_5A0x,2394,,gutim,203,
203,1129.5765,0.0619,144,32,9,2395,,G#1,,,,,,,,n203_5Gs1x_2,2395,,gutim,203,
203,1129.6416,0.0617,144,38,7,2396,,D2,,,,,,,,n203_5D2x_1,2396,,gutim,203,
203,1129.7066,0.0615,144,48,6,2397,,C3,,,,,,,,n203_5C3x,2397,,gutim,203,
203,1129.7713,0.2443,144,52,5,2398,,E3,,,,,,,,n203_5E3s,2398,,gutim,203,
,,,,,,,7141,,,,,,,,,,,,gutim,,
,,,,,,,,,,,,,,,,,,204,,,
204,1132.4501,0.8957,144,77,10,2399,,F5,,,,,,,,n204_1F5e_0,2399,,gutim,204,
204,1132.4501,1.8839,144,72,14,2399,,C5,,,,,,,,n204_2C5e,2399,,gutim,204,
204,1132.9047,3.6859,144,44,24,2400,,G#2,,,,,,,,n204_6Gs2h_0,2400,,gutim,204,
204,1133.5698,0.7922,144,70,5,2401,,Bb4,,,,,,,,n204_1Bb4s,2401,,gutim,204,
204,1135.2025,0.06,144,65,5,2402,,F4,g,,,,,,,ng204_1F4e,2402,,gutim,204,
204,1135.2775,1.7877,144,68,11,2403,,Ab4,,,,,,,,n204_1Ab4e,2403,,gutim,204,
204,1135.2775,0.0918,144,52,5,2403,,E3,,,,,,,,n204_5E3t,2403,,gutim,204,
204,1135.3922,0.8653,144,72,14,2404,,C5,,,,,,,,n204_5C5s,2404,,gutim,204,
204,1135.7287,1.4267,144,60,14,2405,,C4,,,,,,,,n204_2C4h,2405,,gutim,204,
204,1136.4739,0.8306,144,27,14,2406,,Eb1,,,,,,,,n204_5Eb1s,2406,,gutim,204,
204,1136.4739,0.8306,144,53,14,2406,,F3,,,,,,,,n204_5F3s,2406,,gutim,204,
,,,,,,,,,,,,,,,,,,205,,,
205,1137.5121,0.06,144,30,14,2407,,F#1,g,,,,,,,ng205_5Fs1e,2407,,gutim,205,
,,,,,,,7142,,,,,,,,,,,,gutim,,
205,1137.5871,0.2,144,86,20,2408,,D6,,,,,,,,n205_1D6e,2408,,gutim,205,
205,1137.5871,0.2,144,100,20,2408,,E7,,,,,,,,n205_1E7e,2408,,gutim,205,
205,1137.5871,0.2398,144,35,14,2408,,B1,,,,,,,,n205_5B1e,2408,,gutim,205,
205,1137.5871,0.2398,144,36,14,2408,,C2,,,,,,,,n205_5C2e,2408,,gutim,205,
205,1137.8371,0.4,144,78,20,2409,,F#5,,,,,,,,n205_1Fs5e_0,2409,,gutim,205,
205,1137.8371,0.2,144,85,20,2409,,C#6,,,,,,,,n205_1Cs6e,2409,,gutim,205,
205,1137.8869,0.4805,144,58,20,2410,,Bb3,,,,,,,,n205_5Bb3e,2410,,gutim,205,
205,1138.0871,0.2,144,60,20,2411,,C4,,,,,,,,n205_1C4e,2411,,gutim,205,
205,1138.0871,0.2,144,63,20,2411,,Eb4,,,,,,,,n205_1Eb4e,2411,,gutim,205,
205,1138.3371,0.2,144,56,17,2412,,Ab3,,,,,,,,n205_1Ab3e,2412,,gutim,205,
205,1138.4875,0.4797,144,38,14,2413,,D2,,,,,,,,n205_5D2q,2413,,gutim,205,
205,1138.5871,0.2,144,69,14,2414,,A4,,,,,,,,n205_1A4e,2414,,gutim,205,
205,1139.0871,0.15,144,72,14,2415,,C5,,,,,,,,n205_1C5s,2415,,gutim,205,
205,1139.2746,0.45,144,80,14,2416,,Ab5,,,,,,,,n205_1Ab5e,2416,,gutim,205,
205,1139.2746,0.075,144,64,14,2416,,E4,,,,,,,,n205_5E4t,2416,,gutim,205,
205,1139.3683,0.0891,144,50,14,2417,,D3,,,,,,,,n205_5D3t,2417,,gutim,205,
205,1139.4621,0.1781,144,42,14,2418,,F#2,,,,,,,,n205_5Fs2e,2418,,gutim,205,
205,1139.7621,0.06,144,36,14,2419,,C2,g,,,,,,,ng205_5C2e,2419,,gutim,205,
205,1139.8371,0.6,144,88,14,2420,,E6,,,,,,,,n205_1E6q,2420,,gutim,205,
205,1139.8371,0.6,144,44,14,2420,,Ab2,,,,,,,,n205_5Ab2q,2420,,gutim,205,
,,,,,,,7143,,,,,,,,,,,,gutim,,
205,1140.5871,0.0789,144,69,11,2421,,A4,,,,,,,,n205_1A4t,2421,,gutim,205,
205,1140.5871,1.2,144,46,14,2421,,Bb2,,,,,,,,n205_5Bb2h,2421,,gutim,205,
205,1140.6701,0.0789,144,36,11,2422,,C2,,,,,,,,n205_1C2t_0,2422,,gutim,205,
205,1140.7531,0.0789,144,42,10,2423,,F#2,,,,,,,,n205_1Fs2t,2423,,gutim,205,
205,1140.8361,0.3164,144,76,10,2424,,E5,,,,,,,,n205_1E5e,2424,,gutim,205,
205,1141.1691,0.3173,144,68,9,2425,,G#4,,,,,,,,n205_1Gs4s_0,2425,,gutim,205,
205,1141.5031,0.1586,144,76,7,2426,,E5,,,,,,,,n205_1E5s,2426,,gutim,205,
205,1141.6701,0.1586,144,68,6,2427,,G#4,,,,,,,,n205_1Gs4s_2,2427,,gutim,205,
205,1141.8371,0.1586,144,69,6,2428,,A4,,,,,,,,n205_1A4s_0,2428,,gutim,205,
205,1142.0041,0.0789,144,68,5,2429,,G#4,,,,,,,,n205_1Gs4t,2429,,gutim,205,
205,1142.0871,0.0714,144,36,5,2430,,C2,,,,,,,,n205_1C2t_1,2430,,gutim,205,
205,1142.1623,0.0714,144,81,5,2431,,A5,,,,,,,,n205_1A5t_0,2431,,gutim,205,
205,1142.2375,0.0714,144,88,5,2432,,E6,,,,,,,,n205_1E6t_0,2432,,gutim,205,
205,1142.3127,0.0714,144,81,5,2433,,A5,,,,,,,,n205_1A5t_1,2433,,gutim,205,
205,1142.3879,0.1429,144,88,5,2434,,E6,,,,,,,,n205_1E6t_1,2434,,gutim,205,
205,1142.5383,0.0714,144,81,5,2435,,A5,,,,,,,,n205_1A5t_2,2435,,gutim,205,
205,1142.6135,0.1429,144,88,5,2436,,E6,,,,,,,,n205_1E6s,2436,,gutim,205,
205,1142.7639,0.0714,144,54,5,2437,,F#3,,,,,,,,n205_1Fs3t_0,2437,,gutim,205,
205,1142.8391,0.0714,144,36,5,2438,,C2,,,,,,,,n205_1C2t_2,2438,,gutim,205,
205,1142.9142,0.0714,144,81,5,2439,,A5,,,,,,,,n205_1A5t_3,2439,,gutim,205,
205,1142.9894,0.0714,144,88,5,2440,,E6,,,,,,,,n205_1E6t_3,2440,,gutim,205,
205,1143.0646,0.0714,144,54,5,2441,,F#3,,,,,,,,n205_1Fs3t_1,2441,,gutim,205,
205,1143.1398,0.1429,144,80,5,2442,,G#5,,,,,,,,n205_1Gs5t_0,2442,,gutim,205,
205,1143.2902,0.0714,144,81,5,2443,,A5,,,,,,,,n205_1A5t_4,2443,,gutim,205,
205,1143.3654,0.0714,144,54,5,2444,,F#3,,,,,,,,n205_1Fs3t_2,2444,,gutim,205,
205,1143.4406,0.1392,144,69,5,2445,,A4,,,,,,,,n205_1A4s_1,2445,,gutim,205,
,,,,,,,,,,,,,,,,,,206,,,
206,1143.5871,2.4,144,36,5,2446,,C2,,,,,,,,n206_1C2h,2446,,gutim,206,
206,1143.5871,2.4,144,46,11,2446,,Bb2,,,,,,,,n206_5Bb2h,2446,,gutim,206,
206,1147.3371,0.05,144,36,20,2447,,C2,,,,,,,,n206_1C2x_0,2447,,gutim,206,
206,1147.3996,0.05,144,81,19,2448,,A5,,,,,,,,n206_1A5x_0,2448,,gutim,206,
206,1147.4621,0.05,144,88,19,2449,,E6,,,,,,,,n206_1E6x_0,2449,,gutim,206,
206,1147.5246,0.075,144,24,18,2450,,C1,,,,,,,,n206_1C1x,2450,,gutim,206,
206,1147.6183,0.075,144,88,18,2451,,E6,,,,,,,,n206_1E6x_1,2451,,gutim,206,
206,1147.7121,0.05,144,48,17,2452,,C3,,,,,,,,n206_1C3x,2452,,gutim,206,
206,1147.7746,0.05,144,81,16,2453,,A5,,,,,,,,n206_1A5x_1,2453,,gutim,206,
206,1147.8371,0.05,144,88,16,2454,,E6,,,,,,,,n206_1E6x_2,2454,,gutim,206,
206,1147.8996,0.075,144,36,15,2455,,C2,,,,,,,,n206_1C2x_1,2455,,gutim,206,
206,1147.9933,0.075,144,88,14,2456,,E6,,,,,,,,n206_1E6x_3,2456,,gutim,206,
,,,,,,,,,,,,,,,,,,207,,,
207,1148.0871,0.05,144,54,13,2457,,F#3,,,,,,,,n207_1Fs3x_0,2457,,gutim,207,
207,1148.1496,0.05,144,80,13,2458,,G#5,,,,,,,,n207_1Gs5x_0,2458,,gutim,207,
207,1148.2121,0.05,144,81,12,2459,,A5,,,,,,,,n207_1A5x_0,2459,,gutim,207,
207,1148.2746,0.05,144,54,12,2460,,F#3,,,,,,,,n207_1Fs3x_1,2460,,gutim,207,
207,1148.3371,0.05,144,88,11,2461,,E6,,,,,,,,n207_1E6x_0,2461,,gutim,207,
207,1148.3996,0.05,144,80,11,2462,,G#5,,,,,,,,n207_1Gs5x_1,2462,,gutim,207,
207,1148.4621,0.05,144,48,10,2463,,C3,,,,,,,,n207_1C3x_0,2463,,gutim,207,
207,1148.5246,0.05,144,88,10,2464,,E6,,,,,,,,n207_1E6x_1,2464,,gutim,207,
207,1148.5871,0.05,144,53,14,2465,,F3,,,,,,,,n207_1F3x_0,2465,,gutim,207,
207,1148.6496,0.05,144,80,9,2466,,G#5,,,,,,,,n207_1Gs5x_2,2466,,gutim,207,
207,1148.7121,0.05,144,81,8,2467,,A5,,,,,,,,n207_1A5x_1,2467,,gutim,207,
207,1148.7746,1.85,144,93,8,2468,,A6,,,,,,,,n207_1A6x_0,2468,,gutim,207,
207,1151.0871,0.05,144,36,17,2469,,C2,,,,,,,,n207_1C2x_0,2469,,gutim,207,
207,1151.1496,0.05,144,81,14,2470,,A5,,,,,,,,n207_1A5x_2,2470,,gutim,207,
207,1151.2121,0.05,144,88,14,2471,,E6,,,,,,,,n207_1E6x_2,2471,,gutim,207,
207,1151.2746,0.075,144,24,14,2472,,C1,,,,,,,,n207_1C1x,2472,,gutim,207,
207,1151.3683,0.075,144,88,14,2473,,E6,,,,,,,,n207_1E6x_3,2473,,gutim,207,
207,1151.4621,0.05,144,48,14,2474,,C3,,,,,,,,n207_1C3x_1,2474,,gutim,207,
207,1151.5246,0.05,144,81,14,2475,,A5,,,,,,,,n207_1A5x_3,2475,,gutim,207,
207,1151.5871,0.05,144,88,14,2476,,E6,,,,,,,,n207_1E6x_4,2476,,gutim,207,
207,1151.6496,0.075,144,36,14,2477,,C2,,,,,,,,n207_1C2x_1,2477,,gutim,207,
207,1151.7433,0.075,144,88,14,2478,,E6,,,,,,,,n207_1E6x_5,2478,,gutim,207,
207,1151.8371,0.05,144,54,14,2479,,F#3,,,,,,,,n207_1Fs3x_2,2479,,gutim,207,
207,1151.8996,0.05,144,80,14,2480,,G#5,,,,,,,,n207_1Gs5x_3,2480,,gutim,207,
207,1151.9621,0.05,144,81,14,2481,,A5,,,,,,,,n207_1A5x_4,2481,,gutim,207,
207,1152.0246,0.05,144,54,14,2482,,F#3,,,,,,,,n207_1Fs3x_3,2482,,gutim,207,
207,1152.0871,0.05,144,88,14,2483,,E6,,,,,,,,n207_1E6x_6,2483,,gutim,207,
207,1152.1496,0.05,144,80,14,2484,,G#5,,,,,,,,n207_1Gs5x_4,2484,,gutim,207,
207,1152.2121,0.05,144,48,14,2485,,C3,,,,,,,,n207_1C3x_2,2485,,gutim,207,
207,1152.2746,0.05,144,88,14,2486,,E6,,,,,,,,n207_1E6x_7,2486,,gutim,207,
207,1152.3371,0.05,144,53,14,2487,,F3,,,,,,,,n207_1F3x_1,2487,,gutim,207,
207,1152.3996,0.05,144,80,14,2488,,G#5,,,,,,,,n207_1Gs5x_5,2488,,gutim,207,
207,1152.4621,0.05,144,81,14,2489,,A5,,,,,,,,n207_1A5x_5,2489,,gutim,207,
207,1152.5246,0.05,144,93,14,2490,,A6,,,,,,,,n207_1A6x_1,2490,,gutim,207,
,,,,,,,7145,,,,,,,,,,,,gutim,,
207,1152.5871,2.7,144,75,14,2491,,Eb5,,,,,,,,n207_1Eb5q,2491,,gutim,207,
207,1152.5871,0.3594,144,50,14,2491,,D3,,,,,,,,n207_2D3s,2491,,gutim,207,
207,1152.5871,0.3594,144,64,14,2491,,E4,,,,,,,,n207_2E4s,2491,,gutim,207,
207,1152.5871,4.8,144,46,14,2491,,Bb2,,,,,,,,n207_5Bb2q,2491,,gutim,207,
207,1152.5871,4.8,144,36,14,2491,,C2,,,,,,,,n207_6C2q,2491,,gutim,207,
207,1153.0363,0.8406,144,64,14,2492,,E4,,,,,,,,n207_2E4e,2492,,gutim,207,
207,1153.0363,0.8406,144,77,14,2492,,F5,,,,,,,,n207_2F5e,2492,,gutim,207,
,,,,,,,,,,,,,,,,,,208,,,
208,1154.0871,0.9594,144,50,14,2493,,D3,,,,,,,,n208_2D3q_0,2493,,gutim,208,
208,1154.0871,0.9594,144,64,14,2493,,E4,,,,,,,,n208_2E4q_0,2493,,gutim,208,
208,1155.2863,0.4813,144,50,14,2494,,D3,,,,,,,,n208_2D3s_0,2494,,gutim,208,
208,1155.2863,0.4813,144,64,14,2494,,E4,,,,,,,,n208_2E4s_0,2494,,gutim,208,
208,1155.2863,0.4813,144,77,14,2494,,F5,,,,,,,,n208_2F5s_0,2494,,gutim,208,
208,1155.8879,2.1594,144,50,14,2495,,D3,,,,,,,,n208_2D3q_1,2495,,gutim,208,
208,1155.8879,2.1594,144,64,14,2495,,E4,,,,,,,,n208_2E4q_1,2495,,gutim,208,
208,1155.8879,2.1594,144,77,14,2495,,F5,,,,,,,,n208_2F5q_0,2495,,gutim,208,
208,1155.9621,2.1,144,75,14,2496,,Eb5,,,,,,,,n208_1Eb5e,2496,,gutim,208,
208,1158.5871,0.3,144,75,14,2497,,Eb5,,,,,,,,n208_1Eb5s_1,2497,,gutim,208,
208,1158.5871,0.3,144,50,14,2497,,D3,,,,,,,,n208_2D3s_2,2497,,gutim,208,
208,1158.5871,0.3,144,64,14,2497,,E4,,,,,,,,n208_2E4s_2,2497,,gutim,208,
208,1158.5871,0.3,144,77,14,2497,,F5,,,,,,,,n208_2F5s_2,2497,,gutim,208,
208,1158.5871,0.3,144,46,14,2497,,Bb2,,,,,,,,n208_5Bb2s,2497,,gutim,208,
208,1158.5871,0.3,144,36,14,2497,,C2,,,,,,,,n208_6C2s,2497,,gutim,208,
,,,,,,,,,,,,,,,,,,209,,,
209,1161.5871,3.0,144,75,14,2498,,Eb5,,,,,,,,n209_1Eb5h,2498,,gutim,209,
209,1161.5871,3.0,144,50,15,2498,,D3,,,,,,,,n209_2D3h,2498,,gutim,209,
209,1161.5871,3.0,144,64,15,2498,,E4,,,,,,,,n209_2E4h,2498,,gutim,209,
209,1161.5871,3.0,144,77,15,2498,,F5,,,,,,,,n209_2F5h,2498,,gutim,209,
209,1161.5871,3.0,144,46,14,2498,,Bb2,,,,,,,,n209_5Bb2h,2498,,gutim,209,
209,1161.5871,3.0,144,36,14,2498,,C2,,,,,,,,n209_6C2h,2498,,gutim,209,
209,1165.3371,2.4,144,75,17,2499,,Eb5,,,,,,,,n209_1Eb5e_1,2499,,gutim,209,
209,1165.3371,2.4,144,50,17,2499,,D3,,,,,,,,n209_2D3e_1,2499,,gutim,209,
209,1165.3371,2.4,144,64,17,2499,,E4,,,,,,,,n209_2E4e_1,2499,,gutim,209,
209,1165.3371,2.4,144,77,17,2499,,F5,,,,,,,,n209_2F5e_1,2499,,gutim,209,
209,1165.3371,2.4,144,46,8,2499,,Bb2,,,,,,,,n209_5Bb2e_1,2499,,gutim,209,
209,1165.3371,2.4,144,36,8,2499,,C2,,,,,,,,n209_6C2e_1,2499,,gutim,209,
209,1168.3371,3.0,144,75,14,2500,,Eb5,,,,,,,,n209_1Eb5e_2,2500,,gutim,209,
209,1168.3371,3.0,144,50,14,2500,,D3,,,,,,,,n209_2D3e_2,2500,,gutim,209,
209,1168.3371,3.0,144,64,14,2500,,E4,,,,,,,,n209_2E4e_2,2500,,gutim,209,
209,1168.3371,3.0,144,77,14,2500,,F5,,,,,,,,n209_2F5e_2,2500,,gutim,209,
209,1168.3371,3.0,144,46,14,2500,,Bb2,,,,,,,,n209_5Bb2e_2,2500,,gutim,209,
209,1168.3371,3.0,144,36,14,2500,,C2,,,,,,,,n209_6C2e_2,2500,,gutim,209,
,,,,,,,,,,,,,,,,,,210,,,
210,1173.9621,0.3,144,64,8,2501,,E4,,,,,,,,n210_2E4s_0,2501,,gutim,210,
210,1174.3371,0.3,144,84,11,2502,,C6,,,,,,,,n210_2C6s_0,2502,,gutim,210,
210,1174.7121,0.9,144,56,14,2503,,Ab3,,,,,,,,n210_2Ab3s,2503,,gutim,210,
210,1174.7121,0.9,144,64,14,2503,,E4,,,,,,,,n210_2E4s_1,2503,,gutim,210,
210,1174.7121,0.9,144,84,14,2503,,C6,,,,,,,,n210_2C6s_1,2503,,gutim,210,
210,1175.8371,1.2,144,56,5,2504,,Ab3,,,,,,,,n210_2Ab3e_1,2504,,gutim,210,
210,1175.8371,1.2,144,64,5,2504,,E4,,,,,,,,n210_2E4e_1,2504,,gutim,210,
210,1175.8371,1.2,144,84,5,2504,,C6,,,,,,,,n210_2C6e_1,2504,,gutim,210,
,,,,,,,,,,,,,,,,,,211,,,
211,1177.3371,0.5344,144,50,14,2505,,D3,,,,,,,,n211_1D3s_0,2505,,gutim,211,
211,1177.8996,0.3562,144,77,14,2506,,F5,,,,,,,,n211_1F5t_0,2506,,gutim,211,
211,1178.2746,0.45,144,50,8,2507,,D3,,,,,,,,n211_1D3s_1,2507,,gutim,211,
211,1178.2746,0.45,144,69,14,2507,,A4,,,,,,,,n211_1A4s,2507,,gutim,211,
211,1178.2746,0.45,144,77,11,2507,,F5,,,,,,,,n211_1F5s,2507,,gutim,211,
211,1178.8371,1.8,144,50,14,2508,,D3,,,,,,,,n211_1D3q,2508,,gutim,211,
211,1178.8371,1.8,144,69,14,2508,,A4,,,,,,,,n211_1A4q,2508,,gutim,211,
211,1178.8371,1.8,144,77,14,2508,,F5,,,,,,,,n211_1F5q,2508,,gutim,211,
211,1179.2121,0.3562,144,46,14,2509,,Bb2,,,,,,,,n211_5Bb2s_0,2509,,gutim,211,
211,1179.5871,0.3562,144,73,10,2510,,Db5,,,,,,,,n211_5Db5s,2510,,gutim,211,
211,1179.9621,0.3562,144,45,5,2511,,A2,,,,,,,,n211_5A2s_0,2511,,gutim,211,
211,1181.0871,0.0594,144,65,5,2512,,F4,,,,,,,,n211_1F4x_0,2512,,gutim,211,
211,1181.1496,0.0594,144,79,5,2513,,G5,,,,,,,,n211_1G5x_0,2513,,gutim,211,
211,1181.2121,0.0594,144,65,5,2514,,F4,,,,,,,,n211_1F4x_1,2514,,gutim,211,
211,1181.2746,0.0891,144,79,5,2515,,G5,,,,,,,,n211_1G5x_1,2515,,gutim,211,
211,1181.3683,0.0891,144,65,5,2516,,F4,,,,,,,,n211_1F4x_2,2516,,gutim,211,
211,1181.4621,0.3562,144,73,5,2517,,Db5,,,,,,,,n211_1Db5s,2517,,gutim,211,
211,1181.4621,0.3562,144,45,5,2517,,A2,,,,,,,,n211_5A2s_1,2517,,gutim,211,
211,1181.4621,0.3562,144,46,5,2517,,Bb2,,,,,,,,n211_5Bb2s_1,2517,,gutim,211,
211,1181.8371,0.0594,144,65,7,2518,,F4,,,,,,,,n211_1F4x_3,2518,,gutim,211,
211,1181.8371,0.0594,144,73,7,2518,,Db5,,,,,,,,n211_1Db5x_0,2518,,gutim,211,
211,1181.8371,0.2857,144,46,7,2518,,Bb2,,,,,,,,n211_5Bb2s_2,2518,,gutim,211,
211,1181.8996,0.0594,144,79,7,2519,,G5,,,,,,,,n211_1G5x_2,2519,,gutim,211,
211,1181.9621,0.0594,144,65,7,2520,,F4,,,,,,,,n211_1F4x_4,2520,,gutim,211,
211,1182.0246,0.0891,144,73,7,2521,,Db5,,,,,,,,n211_1Db5x_1,2521,,gutim,211,
211,1182.0246,0.0891,144,79,7,2521,,G5,,,,,,,,n211_1G5x_3,2521,,gutim,211,
211,1182.1183,0.0891,144,65,7,2522,,F4,,,,,,,,n211_1F4x_5,2522,,gutim,211,
211,1182.1379,0.4268,144,45,14,2523,,A2,,,,,,,,n211_5A2s_2,2523,,gutim,211,
211,1182.5871,0.0594,144,65,14,2524,,F4,,,,,,,,n211_1F4x_6,2524,,gutim,211,
211,1182.5871,0.0594,144,73,14,2524,,Db5,,,,,,,,n211_1Db5x_2,2524,,gutim,211,
211,1182.5871,0.2857,144,46,14,2524,,Bb2,,,,,,,,n211_5Bb2s_3,2524,,gutim,211,
211,1182.6496,0.0594,144,79,14,2525,,G5,,,,,,,,n211_1G5x_4,2525,,gutim,211,
211,1182.7121,0.0594,144,65,14,2526,,F4,,,,,,,,n211_1F4x_7,2526,,gutim,211,
211,1182.7746,0.0891,144,73,14,2527,,Db5,,,,,,,,n211_1Db5x_3,2527,,gutim,211,
211,1182.7746,0.0891,144,79,14,2527,,G5,,,,,,,,n211_1G5x_5,2527,,gutim,211,
211,1182.8683,0.0891,144,65,14,2528,,F4,,,,,,,,n211_1F4x_8,2528,,gutim,211,
211,1182.8879,0.4268,144,45,14,2529,,A2,,,,,,,,n211_5A2s_3,2529,,gutim,211,
,,,,,,,,,,,,,,,,,,214,,,
214,1197.0486,0.32,144,56,14,2530,,Ab3,,,,,,,,n214_1Ab3e,2530,,gutim,214,
214,1197.0486,0.32,144,64,14,2530,,E4,,,,,,,,n214_1E4e,2530,,gutim,214,
214,1197.0486,0.32,144,84,14,2530,,C6,,,,,,,,n214_1C6e,2530,,gutim,214,
,,,,,,,,,,,,,,,,,,215,,,
215,1197.4486,0.2375,144,70,14,2531,,Bb4,,,,,,,,n215_1Bb4s,2531,,gutim,215,
215,1197.6986,0.2375,144,85,14,2532,,Db6,,,,,,,,n215_1Db6s,2532,,gutim,215,
215,1197.9486,0.0789,144,56,14,2533,,Ab3,,,,,,,,n215_1Ab3t_0,2533,,gutim,215,
215,1197.9486,0.0789,144,64,14,2533,,E4,,,,,,,,n215_1E4t_0,2533,,gutim,215,
215,1197.9486,0.0789,144,84,14,2533,,C6,,,,,,,,n215_1C6t_0,2533,,gutim,215,
215,1198.0316,0.0789,144,70,14,2534,,Bb4,,,,,,,,n215_1Bb4t,2534,,gutim,215,
215,1198.0316,0.0789,144,97,14,2534,,Db7,,,,,,,,n215_1Db7t,2534,,gutim,215,
215,1198.1147,0.0798,144,56,14,2535,,Ab3,,,,,,,,n215_1Ab3t_1,2535,,gutim,215,
215,1198.1147,0.0798,144,64,14,2535,,E4,,,,,,,,n215_1E4t_1,2535,,gutim,215,
215,1198.1147,0.0798,144,84,14,2535,,C6,,,,,,,,n215_1C6t_1,2535,,gutim,215,
,,,,,,,7150,,,,,,,,,,,,gutim,,
,,,,,,,,,,,,,,,,,,220,,,
220,1212.5025,2.1538,144,32,24,2536,,G#1,,,,,,,,n220_5Gs1q,2536,,gutim,220,
,,,,,,,7152,,,,,,,,,,,,gutim,,
,,,,,,,,,,,,,,,,,,222,,,
222,1217.2402,0.108,144,64,5,2537,,E4,,,,,,,,n222_1E4t,2537,,gutim,222,
222,1217.3539,0.108,144,78,6,2538,,F#5,,,,,,,,n222_1Fs5t_0,2538,,gutim,222,
222,1217.4675,0.108,144,72,6,2539,,C5,,,,,,,,n222_1C5t_0,2539,,gutim,222,
222,1217.5812,0.108,144,78,7,2540,,F#5,,,,,,,,n222_1Fs5t_1,2540,,gutim,222,
222,1217.6948,0.108,144,72,8,2541,,C5,,,,,,,,n222_1C5t_1,2541,,gutim,222,
222,1217.8084,0.108,144,78,8,2542,,F#5,,,,,,,,n222_1Fs5t_2,2542,,gutim,222,
222,1217.9221,0.2159,144,77,9,2543,,F5,,,,,,,,n222_1F5s,2543,,gutim,222,
222,1218.1493,0.4318,144,68,9,2544,,Ab4,,,,,,,,n222_1Ab4e,2544,,gutim,222,
222,1218.6039,1.6364,144,46,8,2545,,Bb2,,,,,,,,n222_1Bb2e_0,2545,,gutim,222,
222,1218.6039,1.6364,144,56,8,2545,,Ab3,,,,,,,,n222_1Ab3e_0,2545,,gutim,222,
222,1218.6039,1.6364,144,60,8,2545,,C4,,,,,,,,n222_1C4e_0,2545,,gutim,222,
222,1218.6039,1.6364,144,23,8,2545,,B0,,,,,,,,n222_5B0e_0,2545,,gutim,222,
222,1218.6039,1.6364,144,25,8,2545,,Db1,,,,,,,,n222_5Db1e_0,2545,,gutim,222,
222,1218.6039,1.6364,144,29,8,2545,,F1,,,,,,,,n222_5F1e_0,2545,,gutim,222,
222,1220.6493,0.5455,144,46,11,2546,,Bb2,,,,,,,,n222_1Bb2e_1,2546,,gutim,222,
222,1220.6493,0.5455,144,56,11,2546,,Ab3,,,,,,,,n222_1Ab3e_1,2546,,gutim,222,
222,1220.6493,0.5455,144,60,11,2546,,C4,,,,,,,,n222_1C4e_1,2546,,gutim,222,
222,1220.6493,0.5455,144,23,5,2546,,B0,,,,,,,,n222_5B0e_1,2546,,gutim,222,
222,1220.6493,0.5455,144,25,5,2546,,Db1,,,,,,,,n222_5Db1e_1,2546,,gutim,222,
222,1220.6493,0.5455,144,29,5,2546,,F1,,,,,,,,n222_5F1e_1,2546,,gutim,222,
222,1221.3312,0.0909,144,48,8,2547,,C3,,,,,,,,n222_1C3t,2547,,gutim,222,
222,1221.4448,0.0909,144,52,8,2548,,E3,,,,,,,,n222_1E3t_0,2548,,gutim,222,
222,1221.5584,0.0909,144,38,7,2549,,D2,,,,,,,,n222_1D2t_0,2549,,gutim,222,
222,1221.6721,0.0909,144,52,7,2550,,E3,,,,,,,,n222_1E3t_1,2550,,gutim,222,
222,1221.7857,0.0909,144,38,6,2551,,D2,,,,,,,,n222_1D2t_1,2551,,gutim,222,
222,1221.8993,0.0909,144,84,14,2552,,C6,,,,,,,,n222_1C6t,2552,,gutim,222,
,,,,,,,,,,,,,,,,,,223,,,
223,1222.013,0.9545,144,80,14,2553,,Ab5,,,,,,,,n223_1Ab5e_0,2553,,gutim,223,
223,1222.013,0.2727,144,32,14,2553,,Ab1,,,,,,,,n223_5Ab1s_0,2553,,gutim,223,
223,1222.3539,0.8182,144,32,14,2554,,Ab1,,,,,,,,n223_5Ab1e_0,2554,,gutim,223,
223,1222.3539,0.8182,144,37,14,2554,,Db2,,,,,,,,n223_5Db2e_0,2554,,gutim,223,
223,1223.2062,0.0682,144,48,14,2555,,C3,,,,,,,,n223_1C3t_0,2555,,gutim,223,
223,1223.2062,0.1364,144,55,14,2555,,G3,,,,,,,,n223_1G3t_0,2555,,gutim,223,
223,1223.2062,0.1364,144,59,14,2555,,B3,,,,,,,,n223_1B3t_0,2555,,gutim,223,
223,1223.3766,0.9545,144,80,20,2556,,Ab5,,,,,,,,n223_1Ab5e_1,2556,,gutim,223,
223,1223.3766,0.2727,144,32,5,2556,,Ab1,,,,,,,,n223_5Ab1s_1,2556,,gutim,223,
223,1223.7175,0.8182,144,32,4,2557,,Ab1,,,,,,,,n223_5Ab1e_1,2557,,gutim,223,
223,1223.7175,0.8182,144,37,4,2557,,Db2,,,,,,,,n223_5Db2e_1,2557,,gutim,223,
223,1224.5698,0.0682,144,48,17,2558,,C3,,,,,,,,n223_1C3t_1,2558,,gutim,223,
223,1224.5698,0.1364,144,55,17,2558,,G3,,,,,,,,n223_1G3t_1,2558,,gutim,223,
223,1224.5698,0.1364,144,59,17,2558,,B3,,,,,,,,n223_1B3t_1,2558,,gutim,223,
223,1224.7402,0.194,144,80,8,2559,,Ab5,,,,,,,,n223_1Ab5t,2559,,gutim,223,
223,1224.7402,0.194,144,93,17,2559,,A6,,,,,,,,n223_1A6t,2559,,gutim,223,
223,1224.7402,0.1705,144,32,20,2559,,Ab1,,,,,,,,n223_5Ab1s_2,2559,,gutim,223,
223,1224.7402,0.2727,144,37,4,2559,,Db2,,,,,,,,n223_5Db2s,2559,,gutim,223,
223,1224.7402,1.0909,144,42,4,2559,,Gb2,,,,,,,,n223_5Gb2s,2559,,gutim,223,
223,1224.9444,0.194,144,40,8,2560,,E2,,,,,,,,n223_1E2t,2560,,gutim,223,
223,1225.1486,0.1299,144,72,9,2561,,C5,,,,,,,,n223_1C5t_0,2561,,gutim,223,
223,1225.2853,0.1299,144,86,10,2562,,D6,,,,,,,,n223_1D6t_0,2562,,gutim,223,
223,1225.4221,0.1299,144,72,10,2563,,C5,,,,,,,,n223_1C5t_1,2563,,gutim,223,
223,1225.5588,0.1299,144,86,11,2564,,D6,,,,,,,,n223_1D6t_1,2564,,gutim,223,
223,1225.6955,0.1299,144,72,11,2565,,C5,,,,,,,,n223_1C5t_2,2565,,gutim,223,
223,1225.8322,0.2581,144,61,12,2566,,Db4,,,,,,,,n223_1Db4s,2566,,gutim,223,
223,1226.1039,0.1364,144,25,5,2567,,C#1,,,,,,,,n223_5Cs1t_0,2567,,gutim,223,
223,1226.2743,0.1364,144,57,5,2568,,A3,,,,,,,,n223_5A3t_0,2568,,gutim,223,
223,1226.4448,0.0909,144,23,5,2569,,B0,,,,,,,,n223_5B0t_0,2569,,gutim,223,
223,1226.5584,0.0909,144,41,5,2570,,F2,,,,,,,,n223_5F2t_0,2570,,gutim,223,
223,1226.6721,0.0909,144,23,5,2571,,B0,,,,,,,,n223_5B0t_1,2571,,gutim,223,
223,1226.6721,0.0909,144,25,5,2571,,C#1,,,,,,,,n223_5Cs1t_1,2571,,gutim,223,
223,1226.7857,0.0909,144,29,5,2572,,F1,,,,,,,,n223_5F1t_0,2572,,gutim,223,
223,1226.8993,0.0909,144,23,5,2573,,B0,,,,,,,,n223_5B0t_2,2573,,gutim,223,
223,1227.013,0.0909,144,45,5,2574,,A2,,,,,,,,n223_5A2t_0,2574,,gutim,223,
223,1227.1266,0.1364,144,29,5,2575,,F1,,,,,,,,n223_5F1t_1,2575,,gutim,223,
223,1227.2971,0.1364,144,77,11,2576,,F5,,,,,,,,n223_1F5t_0,2576,,gutim,223,
223,1227.2971,0.1364,144,31,11,2576,,G1,,,,,,,,n223_5G1t_0,2576,,gutim,223,
223,1227.2971,0.1364,144,40,11,2576,,E2,,,,,,,,n223_5E2t_0,2576,,gutim,223,
223,1227.4675,0.0682,144,77,20,2577,,F5,,,,,,,,n223_1F5t_1,2577,,gutim,223,
223,1227.4675,0.1364,144,87,20,2577,,Eb6,,,,,,,,n223_1Eb6t,2577,,gutim,223,
223,1227.4675,0.0682,144,31,20,2577,,G1,,,,,,,,n223_5G1t_1,2577,,gutim,223,
223,1227.4675,0.1364,144,40,20,2577,,E2,,,,,,,,n223_5E2t_1,2577,,gutim,223,
223,1227.638,0.9545,144,77,24,2578,,F5,,,,,,,,n223_1F5e,2578,,gutim,223,
223,1227.638,0.9545,144,87,24,2578,,Eb6,,,,,,,,n223_1Eb6e,2578,,gutim,223,
223,1227.638,0.9545,144,31,24,2578,,G1,,,,,,,,n223_5G1e,2578,,gutim,223,
223,1227.638,0.9545,144,35,24,2578,,B1,,,,,,,,n223_5B1e,2578,,gutim,223,
223,1227.638,0.9545,144,40,24,2578,,E2,,,,,,,,n223_5E2e,2578,,gutim,223,
223,1228.8312,0.1619,144,25,5,2579,,C#1,,,,,,,,n223_5Cs1t_2,2579,,gutim,223,
223,1229.0016,0.1619,144,57,5,2580,,A3,,,,,,,,n223_5A3t_1,2580,,gutim,223,
223,1229.1721,0.108,144,23,5,2581,,B0,,,,,,,,n223_5B0t_3,2581,,gutim,223,
223,1229.2857,0.108,144,41,5,2582,,F2,,,,,,,,n223_5F2t_1,2582,,gutim,223,
223,1229.3993,0.108,144,23,5,2583,,B0,,,,,,,,n223_5B0t_4,2583,,gutim,223,
223,1229.3993,0.108,144,25,5,2583,,C#1,,,,,,,,n223_5Cs1t_3,2583,,gutim,223,
223,1229.513,0.108,144,29,5,2584,,F1,,,,,,,,n223_5F1t_2,2584,,gutim,223,
223,1229.6266,0.108,144,23,5,2585,,B0,,,,,,,,n223_5B0t_5,2585,,gutim,223,
223,1229.7402,0.108,144,45,5,2586,,A2,,,,,,,,n223_5A2t_1,2586,,gutim,223,
223,1229.8539,0.108,144,29,5,2587,,F1,,,,,,,,n223_5F1t_3,2587,,gutim,223,
223,1229.9675,1.5114,144,23,5,2588,,B0,,,,,,,,n223_5B0s,2588,,gutim,223,
,,,,,,,,,,,,,,,,,,224,,,
224,1231.5584,0.0712,144,25,5,2589,,C#1,g,,,,,,,ng224_5Cs1e_0,2589,,gutim,224,
224,1231.6334,0.0712,144,38,5,2590,,D2,g,,,,,,,ng224_5D2e_0,2590,,gutim,224,
224,1231.7084,0.0712,144,25,5,2591,,C#1,g,,,,,,,ng224_5Cs1e_1,2591,,gutim,224,
224,1231.7834,0.0712,144,38,5,2592,,D2,g,,,,,,,ng224_5D2e_1,2592,,gutim,224,
224,1231.8584,0.0712,144,25,5,2593,,C#1,g,,,,,,,ng224_5Cs1e_2,2593,,gutim,224,
224,1231.9334,1.2955,144,45,5,2594,,A2,,,,,,,,n224_5A2q,2594,,gutim,224,
224,1232.6152,0.194,144,81,8,2595,,A5,,,,,,,,n224_1A5t,2595,,gutim,224,
224,1232.8194,0.194,144,40,8,2596,,E2,,,,,,,,n224_1E2t,2596,,gutim,224,
224,1233.0236,0.0641,144,72,8,2597,,C5,,,,,,,,n224_1C5x_0,2597,,gutim,224,
224,1233.0911,0.0641,144,86,8,2598,,D6,,,,,,,,n224_1D6x_0,2598,,gutim,224,
224,1233.1586,0.0641,144,72,8,2599,,C5,,,,,,,,n224_1C5x_1,2599,,gutim,224,
224,1233.226,0.0641,144,86,8,2600,,D6,,,,,,,,n224_1D6x_1,2600,,gutim,224,
224,1233.2935,0.194,144,72,8,2601,,C5,,,,,,,,n224_1C5t_0,2601,,gutim,224,
224,1233.4977,0.194,144,61,8,2602,,Db4,,,,,,,,n224_1Db4t_0,2602,,gutim,224,
224,1233.7019,0.1299,144,72,8,2603,,C5,,,,,,,,n224_1C5t_1,2603,,gutim,224,
224,1233.8386,0.1299,144,61,8,2604,,Db4,,,,,,,,n224_1Db4t_1,2604,,gutim,224,
224,1234.2026,0.0725,144,98,8,2605,,D7,,,,,,,,n224_1D7t_0,2605,,gutim,224,
224,1234.279,0.0725,144,92,8,2606,,Ab6,,,,,,,,n224_1Ab6t_0,2606,,gutim,224,
224,1234.3553,0.0725,144,73,8,2607,,Db5,,,,,,,,n224_1Db5t_0,2607,,gutim,224,
224,1234.4317,0.0725,144,64,8,2608,,E4,,,,,,,,n224_1E4t_0,2608,,gutim,224,
224,1234.508,0.1434,144,84,8,2609,,C6,,,,,,,,n224_1C6s,2609,,gutim,224,
224,1234.6589,0.108,144,92,5,2610,,Ab6,,,,,,,,n224_1Ab6t_1,2610,,gutim,224,
224,1234.7726,0.108,144,98,5,2611,,D7,,,,,,,,n224_1D7t_1,2611,,gutim,224,
224,1234.8862,0.108,144,92,5,2612,,Ab6,,,,,,,,n224_1Ab6t_2,2612,,gutim,224,
224,1234.9998,0.108,144,64,5,2613,,E4,,,,,,,,n224_1E4t_1,2613,,gutim,224,
224,1235.1135,0.108,144,92,5,2614,,Ab6,,,,,,,,n224_1Ab6t_3,2614,,gutim,224,
224,1235.2271,0.108,144,98,5,2615,,D7,,,,,,,,n224_1D7t_2,2615,,gutim,224,
224,1235.3407,0.1619,144,52,5,2616,,E3,,,,,,,,n224_1E3t,2616,,gutim,224,
224,1235.5112,0.108,144,98,5,2617,,D7,,,,,,,,n224_1D7t_3,2617,,gutim,224,
224,1235.6248,0.108,144,73,5,2618,,Db5,,,,,,,,n224_1Db5t_1,2618,,gutim,224,
224,1235.7385,0.1619,144,84,5,2619,,C6,,,,,,,,n224_1C6t_0,2619,,gutim,224,
224,1235.9089,0.108,144,61,5,2620,,Db4,,,,,,,,n224_1Db4t_2,2620,,gutim,224,
224,1236.0226,0.1619,144,98,5,2621,,D7,,,,,,,,n224_1D7t_4,2621,,gutim,224,
224,1236.0243,4.3636,144,69,20,2621,,A4,,,,,,,,n224_5A4q,2621,,gutim,224,
224,1236.193,0.1619,144,84,5,2622,,C6,,,,,,,,n224_1C6t_1,2622,,gutim,224,
224,1236.3635,0.3256,144,73,5,2623,,Db5,,,,,,,,n224_1Db5s,2623,,gutim,224,
,,,,,,,,,,,,,,,,,,225,,,
225,1237.9948,0.0712,144,76,17,2624,,E5,g,,,,,,,ng225_1E5e,2624,,gutim,225,
225,1238.0698,1.9432,144,37,17,2625,,C#2,,,,,,,,n225_1Cs2q,2625,,gutim,225,
225,1240.8039,0.0712,144,50,5,2626,,D3,g,,,,,,,ng225_5D3e_0,2626,,gutim,225,
225,1240.8789,0.0712,144,37,5,2627,,C#2,g,,,,,,,ng225_5Cs2e_0,2627,,gutim,225,
225,1240.9539,0.0712,144,50,5,2628,,D3,g,,,,,,,ng225_5D3e_1,2628,,gutim,225,
225,1241.0289,0.0712,144,37,5,2629,,C#2,g,,,,,,,ng225_5Cs2e_1,2629,,gutim,225,
225,1241.1039,0.0712,144,60,5,2630,,C4,g,,,,,,,ng225_5C4e_0,2630,,gutim,225,
225,1241.1789,0.0712,144,50,5,2631,,D3,g,,,,,,,ng225_5D3e_2,2631,,gutim,225,
225,1241.2539,0.0712,144,37,5,2632,,C#2,g,,,,,,,ng225_5Cs2e_2,2632,,gutim,225,
225,1241.3289,0.0712,144,60,5,2633,,C4,g,,,,,,,ng225_5C4e_1,2633,,gutim,225,
225,1241.4039,0.0712,144,50,5,2634,,D3,g,,,,,,,ng225_5D3e_3,2634,,gutim,225,
225,1241.4789,0.5455,144,54,20,2635,,F#3,,,,,,,,n225_1Fs3e,2635,,gutim,225,
225,1241.4789,0.5455,144,69,20,2635,,A4,,,,,,,,n225_1A4e,2635,,gutim,225,
225,1241.4789,0.1619,144,64,5,2635,,E4,,,,,,,,n225_5E4t,2635,,gutim,225,
225,1241.6493,0.9545,144,32,5,2636,,G#1,,,,,,,,n225_5Gs1e,2636,,gutim,225,
225,1241.6493,0.9545,144,64,5,2636,,E4,,,,,,,,n225_5E4e,2636,,gutim,225,
225,1242.1607,0.1364,144,37,20,2637,,C#2,,,,,,,,n225_1Cs2t,2637,,gutim,225,
225,1242.1607,0.1364,144,76,20,2637,,E5,,,,,,,,n225_1E5t,2637,,gutim,225,
225,1242.3312,0.4091,144,37,20,2638,,C#2,,,,,,,,n225_1Cs2s,2638,,gutim,225,
225,1242.3312,0.4091,144,46,20,2638,,A#2,,,,,,,,n225_1As2s,2638,,gutim,225,
225,1242.3312,0.4091,144,76,20,2638,,E5,,,,,,,,n225_1E5s,2638,,gutim,225,
,,,,,,,,,,,,,,,,,,226,,,
226,1242.8425,0.3239,144,77,22,2639,,F5,,,,,,,,n226_5F5s,2639,,gutim,226,
226,1243.1834,0.108,144,31,18,2640,,G1,,,,,,,,n226_5G1t_0,2640,,gutim,226,
226,1243.2971,0.108,144,40,17,2641,,E2,,,,,,,,n226_5E2t_0,2641,,gutim,226,
226,1243.4107,0.108,144,31,15,2642,,G1,,,,,,,,n226_5G1t_1,2642,,gutim,226,
226,1243.5243,0.108,144,40,14,2643,,E2,,,,,,,,n226_5E2t_1,2643,,gutim,226,
226,1243.638,0.108,144,31,13,2644,,G1,,,,,,,,n226_5G1t_2,2644,,gutim,226,
226,1243.7516,0.108,144,40,11,2645,,E2,,,,,,,,n226_5E2t_2,2645,,gutim,226,
226,1243.8652,0.0725,144,31,10,2646,,G1,,,,,,,,n226_5G1t_3,2646,,gutim,226,
226,1243.9416,0.0725,144,40,9,2647,,E2,,,,,,,,n226_5E2t_3,2647,,gutim,226,
226,1244.0179,0.1788,144,31,8,2648,,G1,,,,,,,,n226_5G1t_4,2648,,gutim,226,
226,1244.2062,1.6364,144,31,8,2649,,G1,,,,,,,,n226_5G1q,2649,,gutim,226,
226,1244.2062,1.6364,144,40,8,2649,,E2,,,,,,,,n226_5E2q,2649,,gutim,226,
226,1244.2062,1.6364,144,65,8,2649,,F4,,,,,,,,n226_5F4q,2649,,gutim,226,
226,1246.2516,0.5455,144,31,8,2650,,G1,,,,,,,,n226_5G1e,2650,,gutim,226,
226,1246.2516,0.5455,144,40,8,2650,,E2,,,,,,,,n226_5E2e,2650,,gutim,226,
226,1246.2516,0.5455,144,53,8,2650,,F3,,,,,,,,n226_5F3e,2650,,gutim,226,
226,1246.763,0.1364,144,42,22,2651,,F#2,,,,,,,,n226_1Fs2t,2651,,gutim,226,
226,1246.763,0.1364,144,69,22,2651,,A4,,,,,,,,n226_1A4t,2651,,gutim,226,
226,1246.9334,0.2727,144,36,22,2652,,C2,,,,,,,,n226_1C2s,2652,,gutim,226,
226,1246.9334,0.1619,144,25,8,2652,,Db1,,,,,,,,n226_5Db1t,2652,,gutim,226,
226,1246.9334,0.1619,144,51,8,2652,,Eb3,,,,,,,,n226_5Eb3t,2652,,gutim,226,
226,1247.1039,0.1619,144,35,7,2653,,B1,,,,,,,,n226_5B1t,2653,,gutim,226,
226,1247.2743,0.1619,144,55,6,2654,,G3,,,,,,,,n226_5G3t,2654,,gutim,226,
226,1247.4448,0.1364,144,24,5,2655,,C1,,,,,,,,n226_5C1t,2655,,gutim,226,
226,1247.6152,0.108,144,86,5,2656,,D6,,,,,,,,n226_1D6t,2656,,gutim,226,
226,1247.7289,0.108,144,80,5,2657,,G#5,,,,,,,,n226_1Gs5t_0,2657,,gutim,226,
226,1247.8425,0.108,144,61,6,2658,,C#4,,,,,,,,n226_1Cs4t,2658,,gutim,226,
226,1247.9562,0.108,144,52,6,2659,,E3,,,,,,,,n226_1E3t,2659,,gutim,226,
226,1248.0698,0.108,144,72,6,2660,,C5,,,,,,,,n226_1C5t,2660,,gutim,226,
226,1248.1834,0.108,144,80,6,2661,,G#5,,,,,,,,n226_1Gs5t_1,2661,,gutim,226,
,,,,,,,,,,,,,,,,,,227,,,
227,1248.2971,0.108,144,52,7,2662,,E3,,,,,,,,n227_1E3t_0,2662,,gutim,227,
227,1248.4107,0.108,144,72,7,2663,,C5,,,,,,,,n227_1C5t_0,2663,,gutim,227,
227,1248.5243,0.108,144,86,7,2664,,D6,,,,,,,,n227_1D6t_0,2664,,gutim,227,
227,1248.638,0.108,144,72,8,2665,,C5,,,,,,,,n227_1C5t_1,2665,,gutim,227,
227,1248.7516,0.108,144,61,8,2666,,C#4,,,,,,,,n227_1Cs4t,2666,,gutim,227,
227,1248.8652,0.108,144,52,8,2667,,E3,,,,,,,,n227_1E3t_1,2667,,gutim,227,
227,1248.9789,0.108,144,72,8,2668,,C5,,,,,,,,n227_1C5t_2,2668,,gutim,227,
227,1249.0925,0.108,144,86,9,2669,,D6,,,,,,,,n227_1D6t_1,2669,,gutim,227,
227,1249.2062,0.108,144,80,9,2670,,G#5,,,,,,,,n227_1Gs5t_0,2670,,gutim,227,
227,1249.3198,0.1619,144,86,9,2671,,D6,,,,,,,,n227_1D6t_2,2671,,gutim,227,
227,1249.4902,0.1619,144,72,10,2672,,C5,,,,,,,,n227_1C5t_3,2672,,gutim,227,
227,1249.6607,0.108,144,49,10,2673,,C#3,,,,,,,,n227_1Cs3t_0,2673,,gutim,227,
227,1249.7743,0.108,144,40,10,2674,,E2,,,,,,,,n227_1E2t_0,2674,,gutim,227,
227,1249.888,0.108,144,72,11,2675,,C5,,,,,,,,n227_1C5t_4,2675,,gutim,227,
227,1250.0016,0.1619,144,80,14,2676,,G#5,,,,,,,,n227_1Gs5t_1,2676,,gutim,227,
227,1250.1721,0.1619,144,40,14,2677,,E2,,,,,,,,n227_1E2t_1,2677,,gutim,227,
227,1250.3425,0.1619,144,86,14,2678,,D6,,,,,,,,n227_1D6t_3,2678,,gutim,227,
227,1250.513,0.1619,144,72,14,2679,,C5,,,,,,,,n227_1C5t_5,2679,,gutim,227,
227,1250.6834,0.108,144,49,14,2680,,C#3,,,,,,,,n227_1Cs3t_1,2680,,gutim,227,
227,1250.7971,0.108,144,40,14,2681,,E2,,,,,,,,n227_1E2t_2,2681,,gutim,227,
227,1250.9107,0.108,144,72,14,2682,,C5,,,,,,,,n227_1C5t_6,2682,,gutim,227,
,,,,,,,7160,,,,,,,,,,,,gutim,,
,,,,,,,,,,,,,,,,,,229,,,
229,1259.7516,0.48,144,76,17,2683,,E5,,,,,,,,n229_1E5e,2683,,gutim,229,
229,1259.8516,0.06,144,76,8,2684,,E5,g,,,,,,,ng229_1E5e,2684,,gutim,229,
229,1259.9266,0.06,144,36,7,2685,,C2,g,,,,,,,ng229_1C2e,2685,,gutim,229,
229,1260.0016,0.06,144,105,6,2686,,A7,g,,,,,,,ng229_1A7e_0,2686,,gutim,229,
229,1260.0766,0.06,144,28,5,2687,,E1,g,,,,,,,ng229_1E1e,2687,,gutim,229,
229,1260.1516,0.06,144,73,11,2688,,C#5,g,,,,,,,ng229_1Cs5e,2688,,gutim,229,
229,1260.3516,1.44,144,95,14,2689,,B6,,,,,,,,n229_1B6q,2689,,gutim,229,
229,1261.4016,0.92,144,45,5,2690,,A2,,,,,,,,n229_6A2t,2690,,gutim,229,
229,1261.9266,0.06,144,74,16,2691,,D5,g,,,,,,,ng229_1D5e,2691,,gutim,229,
229,1262.0016,0.06,144,105,18,2692,,A7,g,,,,,,,ng229_1A7e_1,2692,,gutim,229,
229,1262.0766,0.06,144,24,19,2693,,C1,g,,,,,,,ng229_1C1e,2693,,gutim,229,
229,1262.1516,2.88,144,64,20,2694,,E4,,,,,,,,n229_1E4h,2694,,gutim,229,
229,1262.3516,0.32,144,54,14,2695,,Gb3,,,,,,,,n229_5Gb3e,2695,,gutim,229,
229,1262.5516,1.28,144,53,14,2696,,F3,,,,,,,,n229_6F3q_0,2696,,gutim,229,
229,1262.7516,0.32,144,39,17,2697,,Eb2,,,,,,,,n229_5Eb2e,2697,,gutim,229,
229,1263.1516,0.32,144,82,20,2698,,Bb5,,,,,,,,n229_5Bb5s_0,2698,,gutim,229,
229,1264.1516,0.32,144,30,8,2699,,Gb1,,,,,,,,n229_6Gb1e,2699,,gutim,229,
229,1265.1516,0.3,144,44,20,2700,,Ab2,,,,,,,,n229_6Ab2e,2700,,gutim,229,
,,,,,,,,,,,,,,,,,,230,,,
230,1265.7516,0.06,144,106,20,2701,,Bb7,g,,,,,,,ng230_1Bb7e,2701,,gutim,230,
230,1265.8266,0.06,144,78,20,2702,,F#5,g,,,,,,,ng230_1Fs5e,2702,,gutim,230,
230,1265.9016,0.06,144,86,21,2703,,D6,g,,,,,,,ng230_1D6e,2703,,gutim,230,
230,1265.9766,0.06,144,63,21,2704,,D#4,g,,,,,,,ng230_1Ds4e,2704,,gutim,230,
230,1265.9766,0.06,144,73,17,2704,,C#5,g,,,,,,,ng230_5Cs5e,2704,,gutim,230,
230,1266.0516,0.06,144,94,22,2705,,Bb6,g,,,,,,,ng230_1Bb6e,2705,,gutim,230,
230,1266.0516,0.06,144,57,17,2705,,A3,g,,,,,,,ng230_5A3e,2705,,gutim,230,
230,1266.1266,0.06,144,56,22,2706,,Ab3,g,,,,,,,ng230_1Ab3e,2706,,gutim,230,
230,1266.1266,0.06,144,54,17,2706,,F#3,g,,,,,,,ng230_5Fs3e,2706,,gutim,230,
230,1266.2016,1.44,144,74,14,2707,,D5,,,,,,,,n230_1D5q,2707,,gutim,230,
230,1267.4016,0.96,144,72,20,2708,,C5,,,,,,,,n230_1C5e_0,2708,,gutim,230,
230,1267.4016,0.48,144,24,20,2708,,C1,,,,,,,,n230_5C1e,2708,,gutim,230,
230,1268.0016,0.48,144,74,22,2709,,D5,,,,,,,,n230_1D5e_1,2709,,gutim,230,
230,1268.0016,0.57,144,38,8,2709,,D2,,,,,,,,n230_5D2e,2709,,gutim,230,
230,1268.5266,0.0712,144,30,8,2710,,F#1,g,,,,,,,ng230_5Fs1e,2710,,gutim,230,
230,1268.5266,0.0712,144,36,8,2710,,C2,g,,,,,,,ng230_5C2e,2710,,gutim,230,
230,1268.6016,0.96,144,66,20,2711,,F#4,,,,,,,,n230_1Fs4q,2711,,gutim,230,
230,1268.6016,0.0712,144,53,14,2711,,F3,g,,,,,,,ng230_5F3e,2711,,gutim,230,
230,1268.6766,0.0712,144,46,14,2712,,Bb2,g,,,,,,,ng230_5Bb2e,2712,,gutim,230,
230,1269.8016,0.57,144,51,22,2713,,Eb3,,,,,,,,n230_5Eb3e,2713,,gutim,230,
230,1270.2516,0.06,144,83,20,2714,,B5,g,,,,,,,ng230_5B5e,2714,,gutim,230,
230,1270.3266,0.06,144,42,20,2715,,F#2,g,,,,,,,ng230_5Fs2e,2715,,gutim,230,
230,1270.4016,2.08,144,57,14,2716,,A3,,,,,,,,n230_1A3h,2716,,gutim,230,
230,1270.4016,0.12,144,44,22,2716,,Ab2,,,,,,,,n230_5Ab2t,2716,,gutim,230,
230,1270.5516,0.04,144,106,18,2717,,Bb7,,,,,,,,n230_5Bb7x,2717,,gutim,230,
230,1270.6016,0.04,144,98,17,2718,,D7,,,,,,,,n230_5D7x,2718,,gutim,230,
230,1270.6516,0.04,144,56,15,2719,,Ab3,,,,,,,,n230_5Ab3x,2719,,gutim,230,
230,1270.7016,0.88,144,63,14,2720,,Eb4,,,,,,,,n230_5Eb4s,2720,,gutim,230,
230,1271.8016,0.32,144,94,8,2721,,Bb6,,,,,,,,n230_5Bb6e,2721,,gutim,230,
230,1271.8016,0.32,144,97,8,2721,,Db7,,,,,,,,n230_5Db7e,2721,,gutim,230,
230,1272.4016,0.32,144,66,8,2722,,Gb4,,,,,,,,n230_5Gb4e,2722,,gutim,230,
230,1272.8016,0.48,144,56,20,2723,,Ab3,,,,,,,,n230_5Ab3e,2723,,gutim,230,
230,1273.0016,0.16,144,65,14,2724,,F4,,,,,,,,n230_1F4s,2724,,gutim,230,
,,,,,,,7161,,,,,,,,,,,,gutim,,
,,,,,,,,,,,,,,,,,,231,,,
231,1280.0016,0.285,144,21,8,2725,,A0,,,,,,,,n231_5A0s,2725,,gutim,231,
231,1280.3016,0.285,144,38,8,2726,,D2,,,,,,,,n231_5D2s,2726,,gutim,231,
,,,,,,,7163,,,,,,,,,,,,gutim,,
,,,,,,,,,,,,,,,,,,234,,,
234,1296.2016,5.0526,144,27,5,2727,,D#1,,,,,,,,n234_6Ds1q,2727,,gutim,234,
234,1296.2016,5.0526,144,52,20,2727,,E3,,,,,,,,n234_6E3q,2727,,gutim,234,
234,1296.2016,5.0526,144,54,14,2727,,F#3,,,,,,,,n234_6Fs3q,2727,,gutim,234,
,,,,,,,,,,,,,,,,,,235,,,
235,1297.7806,0.1504,144,89,2,2728,,F6,,,,,,,,n235_1F6t_0,2728,,gutim,235,
235,1297.9389,0.0996,144,61,2,2729,,C#4,,,,,,,,n235_1Cs4t,2729,,gutim,235,
235,1298.0437,0.0996,144,74,2,2730,,D5,,,,,,,,n235_1D5t,2730,,gutim,235,
235,1298.1486,0.1504,144,73,2,2731,,C#5,,,,,,,,n235_1Cs5t,2731,,gutim,235,
235,1298.3069,0.1504,144,57,2,2732,,A3,,,,,,,,n235_1A3x,2732,,gutim,235,
235,1298.4652,0.0996,144,86,2,2733,,D6,,,,,,,,n235_1D6t_0,2733,,gutim,235,
235,1298.57,0.0996,144,89,2,2734,,F6,,,,,,,,n235_1F6t_1,2734,,gutim,235,
235,1298.57,0.0937,144,75,2,2734,,D#5,,,,,,,,n235_5Ds5x,2734,,gutim,235,
235,1298.6687,0.0937,144,83,2,2735,,B5,,,,,,,,n235_5B5x_0,2735,,gutim,235,
235,1298.6749,0.0996,144,86,2,2736,,D6,,,,,,,,n235_1D6t_1,2736,,gutim,235,
235,1298.7674,0.0938,144,84,2,2737,,C6,,,,,,,,n235_5C6x,2737,,gutim,235,
235,1298.7797,0.0996,144,92,2,2738,,G#6,,,,,,,,n235_1Gs6t_0,2738,,gutim,235,
235,1298.8661,0.0937,144,83,2,2739,,B5,,,,,,,,n235_5B5x_1,2739,,gutim,235,
235,1298.8846,0.1504,144,85,2,2740,,C#6,,,,,,,,n235_1Cs6t,2740,,gutim,235,
235,1298.9648,0.2813,144,79,2,2741,,G5,,,,,,,,n235_5G5t,2741,,gutim,235,
235,1299.0429,0.0996,144,81,2,2742,,A5,,,,,,,,n235_1A5t,2742,,gutim,235,
235,1299.1477,0.0996,144,86,2,2743,,D6,,,,,,,,n235_1D6t_2,2743,,gutim,235,
235,1299.2526,0.0996,144,92,2,2744,,G#6,,,,,,,,n235_1Gs6t_1,2744,,gutim,235,
235,1299.2608,0.0937,144,78,2,2745,,F#5,,,,,,,,n235_5Fs5x,2745,,gutim,235,
235,1300.9385,0.1875,144,87,2,2746,,D#6,,,,,,,,n235_5Ds6t_0,2746,,gutim,235,
235,1301.0433,0.0996,144,98,2,2747,,D7,,,,,,,,n235_1D7t_0,2747,,gutim,235,
235,1301.1358,0.1875,144,95,2,2748,,B6,,,,,,,,n235_5B6t_0,2748,,gutim,235,
235,1301.1482,0.0996,144,101,2,2749,,F7,,,,,,,,n235_1F7t_0,2749,,gutim,235,
235,1301.253,0.0996,144,98,2,2750,,D7,,,,,,,,n235_1D7t_1,2750,,gutim,235,
235,1301.3332,0.125,144,96,2,2751,,C7,,,,,,,,n235_5C7t_0,2751,,gutim,235,
235,1301.3579,0.0996,144,101,2,2752,,F7,,,,,,,,n235_1F7t_1,2752,,gutim,235,
235,1301.4627,0.0996,144,98,2,2753,,D7,,,,,,,,n235_1D7t_2,2753,,gutim,235,
235,1301.4648,0.125,144,95,2,2753,,B6,,,,,,,,n235_5B6t_1,2753,,gutim,235,
235,1301.5676,0.1504,144,104,2,2754,,G#7,,,,,,,,n235_1Gs7t_0,2754,,gutim,235,
235,1301.5963,0.125,144,96,2,2755,,C7,,,,,,,,n235_5C7t_1,2755,,gutim,235,
235,1301.7259,0.0996,144,97,2,2756,,C#7,,,,,,,,n235_1Cs7t_0,2756,,gutim,235,
235,1301.7279,0.125,144,95,2,2757,,B6,,,,,,,,n235_5B6t_2,2757,,gutim,235,
235,1301.8307,0.0996,144,104,2,2758,,G#7,,,,,,,,n235_1Gs7t_1,2758,,gutim,235,
235,1301.8595,0.125,144,96,2,2759,,C7,,,,,,,,n235_5C7t_2,2759,,gutim,235,
235,1301.9356,0.1504,144,97,2,2760,,C#7,,,,,,,,n235_1Cs7t_1,2760,,gutim,235,
235,1301.9911,0.125,144,95,2,2761,,B6,,,,,,,,n235_5B6t_3,2761,,gutim,235,
235,1302.0939,0.1504,144,93,2,2762,,A6,,,,,,,,n235_1A6x,2762,,gutim,235,
235,1302.1227,0.1875,144,91,2,2763,,G6,,,,,,,,n235_5G6t,2763,,gutim,235,
235,1302.2522,0.0996,144,98,2,2764,,D7,,,,,,,,n235_1D7t_3,2764,,gutim,235,
235,1302.32,0.1875,144,78,2,2765,,F#5,,,,,,,,n235_5Fs5t,2765,,gutim,235,
235,1302.357,0.1504,144,104,2,2766,,G#7,,,,,,,,n235_1Gs7t_2,2766,,gutim,235,
235,1302.5153,0.0996,144,98,2,2767,,D7,,,,,,,,n235_1D7t_4,2767,,gutim,235,
235,1302.5174,0.125,144,90,2,2767,,F#6,,,,,,,,n235_5Fs6t_0,2767,,gutim,235,
235,1302.6202,0.1992,144,97,2,2768,,C#7,,,,,,,,n235_1Cs7s,2768,,gutim,235,
235,1302.649,0.125,144,87,2,2769,,D#6,,,,,,,,n235_5Ds6t_1,2769,,gutim,235,
235,1302.7806,0.125,144,90,2,2770,,F#6,,,,,,,,n235_5Fs6t_1,2770,,gutim,235,
235,1302.8299,0.0996,144,104,2,2771,,G#7,,,,,,,,n235_1Gs7t_3,2771,,gutim,235,
235,1302.9348,0.1992,144,93,2,2772,,A6,,,,,,,,n235_1A6s,2772,,gutim,235,
,,,,,,,,,,,,,,,,,,236,,,
236,1304.0963,0.125,144,86,2,2773,,D6,,,,,,,,n236_5D6t_0,2773,,gutim,236,
236,1304.2279,0.125,144,89,2,2774,,F6,,,,,,,,n236_5F6t_0,2774,,gutim,236,
236,1304.2547,0.1504,144,99,2,2775,,D#7,,,,,,,,n236_1Ds7t,2775,,gutim,236,
236,1304.3595,0.084,144,86,2,2776,,D6,,,,,,,,n236_5D6t_1,2776,,gutim,236,
236,1304.413,0.1504,144,107,2,2777,,B7,,,,,,,,n236_1B7t_0,2777,,gutim,236,
236,1304.4479,0.084,144,89,2,2778,,F6,,,,,,,,n236_5F6t_1,2778,,gutim,236,
236,1304.5363,0.084,144,86,2,2779,,D6,,,,,,,,n236_5D6t_2,2779,,gutim,236,
236,1304.5713,0.1504,144,108,2,2780,,C8,,,,,,,,n236_1C8t_0,2780,,gutim,236,
236,1304.6247,0.125,144,89,2,2781,,F6,,,,,,,,n236_5F6t_2,2781,,gutim,236,
236,1304.7296,0.0996,144,107,2,2782,,B7,,,,,,,,n236_1B7t_1,2782,,gutim,236,
236,1304.7563,0.125,144,92,2,2783,,G#6,,,,,,,,n236_5Gs6t_0,2783,,gutim,236,
236,1304.8344,0.0996,144,108,2,2784,,C8,,,,,,,,n236_1C8t_1,2784,,gutim,236,
236,1304.8879,0.125,144,85,2,2785,,C#6,,,,,,,,n236_5Cs6t_0,2785,,gutim,236,
236,1304.9393,0.0996,144,107,2,2786,,B7,,,,,,,,n236_1B7t_2,2786,,gutim,236,
236,1305.0195,0.084,144,92,2,2787,,G#6,,,,,,,,n236_5Gs6t_1,2787,,gutim,236,
236,1305.0441,0.0996,144,108,2,2788,,C8,,,,,,,,n236_1C8t_2,2788,,gutim,236,
236,1305.1079,0.084,144,85,2,2789,,C#6,,,,,,,,n236_5Cs6t_1,2789,,gutim,236,
236,1305.149,0.0996,144,107,2,2790,,B7,,,,,,,,n236_1B7t_3,2790,,gutim,236,
236,1305.1963,0.209,144,92,2,2791,,G#6,,,,,,,,n236_5Gs6t_2,2791,,gutim,236,
236,1305.2538,0.0996,144,108,2,2792,,C8,,,,,,,,n236_1C8t_3,2792,,gutim,236,
236,1305.3587,0.0996,144,107,2,2793,,B7,,,,,,,,n236_1B7t_4,2793,,gutim,236,
236,1305.4162,0.25,144,73,2,2794,,C#5,,,,,,,,n236_5Cs5s,2794,,gutim,236,
236,1305.4635,0.1504,144,103,2,2795,,G7,,,,,,,,n236_1G7t_0,2795,,gutim,236,
236,1305.6218,0.1504,144,102,2,2796,,F#7,,,,,,,,n236_1Fs7x,2796,,gutim,236,
236,1305.6794,0.084,144,69,2,2797,,A4,,,,,,,,n236_5A4t,2797,,gutim,236,
236,1305.7678,0.084,144,101,2,2798,,F7,,,,,,,,n236_5F7t_0,2798,,gutim,236,
236,1305.7801,0.0996,144,107,2,2799,,B7,,,,,,,,n236_1B7t_5,2799,,gutim,236,
236,1305.8562,0.084,144,98,2,2800,,D7,,,,,,,,n236_5D7t,2800,,gutim,236,
236,1305.885,0.1504,144,103,2,2801,,G7,,,,,,,,n236_1G7t_1,2801,,gutim,236,
236,1305.9446,0.125,144,101,2,2802,,F7,,,,,,,,n236_5F7t_1,2802,,gutim,236,
236,1306.0433,0.1504,144,90,2,2803,,F#6,,,,,,,,n236_1Fs6x,2803,,gutim,236,
236,1306.0762,0.125,144,104,2,2804,,G#7,,,,,,,,n236_5Gs7t_0,2804,,gutim,236,
236,1306.2016,0.0996,144,87,14,2805,,D#6,,,,,,,,n236_1Ds6t,2805,,gutim,236,
236,1306.2078,0.084,144,85,14,2806,,C#6,,,,,,,,n236_5Cs6t_2,2806,,gutim,236,
236,1306.2962,0.084,144,104,14,2807,,G#7,,,,,,,,n236_5Gs7t_1,2807,,gutim,236,
236,1306.3065,0.1504,144,95,14,2808,,B6,,,,,,,,n236_1B6t,2808,,gutim,236,
236,1306.3846,0.084,144,97,14,2809,,C#7,,,,,,,,n236_5Cs7t,2809,,gutim,236,
236,1306.4648,0.1504,144,91,14,2810,,G6,,,,,,,,n236_1G6t,2810,,gutim,236,
,,,,,,,7166,,,,,,,,,,,,gutim,,
,,,,,,,,,,,,,,,,,,237,,,
237,1314.999,0.0712,144,86,17,2811,,D6,g,,,,,,,ng237_1D6e,2811,,gutim,237,
237,1315.074,0.0712,144,49,14,2812,,C#3,g,,,,,,,ng237_1Cs3e,2812,,gutim,237,
237,1315.149,2.7955,144,81,14,2813,,A5,,,,,,,,n237_1A5q,2813,,gutim,237,
237,1315.149,0.3158,144,74,14,2813,,D5,,,,,,,,n237_5D5s,2813,,gutim,237,
237,1315.5437,0.125,144,54,5,2814,,F#3,,,,,,,,n237_5Fs3t_0,2814,,gutim,237,
237,1315.6753,0.125,144,59,5,2815,,B3,,,,,,,,n237_5B3t_0,2815,,gutim,237,
237,1315.8069,0.125,144,60,5,2816,,C4,,,,,,,,n237_5C4t_0,2816,,gutim,237,
237,1315.9385,0.125,144,59,5,2817,,B3,,,,,,,,n237_5B3t_1,2817,,gutim,237,
237,1316.07,0.125,144,54,5,2818,,F#3,,,,,,,,n237_5Fs3t_1,2818,,gutim,237,
237,1316.2016,0.125,144,59,5,2819,,B3,,,,,,,,n237_5B3t_2,2819,,gutim,237,
237,1316.3332,0.125,144,46,5,2820,,Bb2,,,,,,,,n237_5Bb2t,2820,,gutim,237,
237,1316.4648,0.125,144,60,5,2821,,C4,,,,,,,,n237_5C4t_1,2821,,gutim,237,
237,1316.5963,0.125,144,59,5,2822,,B3,,,,,,,,n237_5B3t_3,2822,,gutim,237,
,,,,,,,,,,,,,,,,,,238,,,
238,1316.7279,0.2308,144,34,11,2823,,Bb1,,,,,,,,n238_5Bb1s,2823,,gutim,238,
238,1317.0262,0.2884,144,62,11,2824,,D4,,,,,,,,n238_5D4s,2824,,gutim,238,
238,1317.3298,0.2884,144,42,11,2825,,F#2,,,,,,,,n238_5Fs2s,2825,,gutim,238,
238,1317.6335,0.086,144,48,8,2826,,C3,,,,,,,,n238_5C3x_0,2826,,gutim,238,
238,1317.724,0.086,144,46,7,2827,,Bb2,,,,,,,,n238_5Bb2x_0,2827,,gutim,238,
238,1317.8146,0.086,144,48,7,2828,,C3,,,,,,,,n238_5C3x_1,2828,,gutim,238,
238,1317.9051,0.086,144,46,6,2829,,Bb2,,,,,,,,n238_5Bb2x_1,2829,,gutim,238,
238,1317.9957,0.086,144,48,5,2830,,C3,,,,,,,,n238_5C3x_2,2830,,gutim,238,
238,1318.0862,0.2159,144,50,4,2831,,D3,,,,,,,,n238_5D3s,2831,,gutim,238,
238,1318.3135,0.2159,144,22,8,2832,,Bb0,,,,,,,,n238_5Bb0s_0,2832,,gutim,238,
238,1318.5408,0.108,144,50,7,2833,,D3,,,,,,,,n238_5D3t,2833,,gutim,238,
238,1318.6544,0.3239,144,30,7,2834,,F#1,,,,,,,,n238_5Fs1s,2834,,gutim,238,
238,1318.9953,0.108,144,47,6,2835,,B2,,,,,,,,n238_5B2t_0,2835,,gutim,238,
238,1319.109,0.108,144,48,5,2836,,C3,,,,,,,,n238_5C3t_0,2836,,gutim,238,
238,1319.2226,0.108,144,47,5,2837,,B2,,,,,,,,n238_5B2t_1,2837,,gutim,238,
238,1319.3362,0.2159,144,22,5,2838,,Bb0,,,,,,,,n238_5Bb0t_0,2838,,gutim,238,
238,1319.5688,0.108,144,48,4,2839,,C3,,,,,,,,n238_5C3t_1,2839,,gutim,238,
238,1319.6825,0.2159,144,22,4,2840,,Bb0,,,,,,,,n238_5Bb0s_1,2840,,gutim,238,
238,1319.9097,0.2159,144,38,3,2841,,D2,,,,,,,,n238_5D2s,2841,,gutim,238,
238,1320.137,0.2727,144,82,17,2842,,Bb5,,,,,,,,n238_1Bb5s_0,2842,,gutim,238,
238,1320.137,0.5455,144,30,2,2842,,F#1,,,,,,,,n238_5Fs1e,2842,,gutim,238,
238,1320.4779,2.1818,144,65,18,2843,,F4,,,,,,,,n238_1F4s,2843,,gutim,238,
238,1320.4779,2.1818,144,82,18,2843,,Bb5,,,,,,,,n238_1Bb5s_1,2843,,gutim,238,
238,1320.7438,0.06,144,81,18,2844,,A5,g,,,,,,,ng238_2A5e,2844,,gutim,238,
238,1320.8188,1.9091,144,55,20,2845,,G3,,,,,,,,n238_1G3q,2845,,gutim,238,
238,1320.8188,1.9091,144,81,20,2845,,A5,,,,,,,,n238_2A5t,2845,,gutim,238,
238,1320.9893,1.7727,144,77,20,2846,,F5,,,,,,,,n238_2F5e,2846,,gutim,238,
238,1321.2237,0.1299,144,36,5,2847,,C2,,,,,,,,n238_5C2t_0,2847,,gutim,238,
238,1321.3604,0.1299,144,52,5,2848,,E3,,,,,,,,n238_5E3t_0,2848,,gutim,238,
238,1321.4971,0.086,144,58,5,2849,,Bb3,,,,,,,,n238_5Bb3t_0,2849,,gutim,238,
238,1321.5877,0.086,144,52,5,2850,,E3,,,,,,,,n238_5E3t_1,2850,,gutim,238,
238,1321.6782,0.086,144,58,5,2851,,Bb3,,,,,,,,n238_5Bb3t_1,2851,,gutim,238,
238,1321.7688,0.1299,144,36,5,2852,,C2,,,,,,,,n238_5C2t_1,2852,,gutim,238,
238,1321.9055,0.1299,144,58,6,2853,,Bb3,,,,,,,,n238_5Bb3t_2,2853,,gutim,238,
238,1322.0422,0.1333,144,32,6,2854,,Ab1,,,,,,,,n238_5Ab1t,2854,,gutim,238,
,,,,,,,,,,,,,,,,,,239,,,
239,1322.1825,0.1299,144,41,7,2855,,F2,,,,,,,,n239_5F2t_0,2855,,gutim,239,
239,1322.3156,0.086,144,52,7,2856,,E3,,,,,,,,n239_5E3t_0,2856,,gutim,239,
239,1322.4062,0.086,144,32,8,2857,,Ab1,,,,,,,,n239_5Ab1t_0,2857,,gutim,239,
239,1322.4967,0.2159,144,41,8,2858,,F2,,,,,,,,n239_5F2t_1,2858,,gutim,239,
239,1322.724,0.0351,144,32,20,2859,,Ab1,,,,,,,,n239_5Ab1t_1,2859,,gutim,239,
239,1322.724,0.1122,144,36,20,2859,,C2,,,,,,,,n239_5C2t_0,2859,,gutim,239,
239,1322.724,0.1122,144,41,20,2859,,F2,,,,,,,,n239_5F2t_3,2859,,gutim,239,
239,1322.724,0.1122,144,52,20,2859,,E3,,,,,,,,n239_5E3t_1,2859,,gutim,239,
239,1322.724,0.1122,144,58,20,2859,,Bb3,,,,,,,,n239_5Bb3t_0,2859,,gutim,239,
239,1322.8643,0.108,144,30,5,2860,,F#1,,,,,,,,n239_6Fs1t,2860,,gutim,239,
239,1322.9779,0.108,144,36,5,2861,,C2,,,,,,,,n239_6C2t_0,2861,,gutim,239,
239,1323.0916,0.108,144,35,11,2862,,B1,,,,,,,,n239_6B1t_0,2862,,gutim,239,
239,1323.2052,0.108,144,36,11,2863,,C2,,,,,,,,n239_6C2t_1,2863,,gutim,239,
239,1323.3188,0.108,144,35,11,2864,,B1,,,,,,,,n239_6B1t_1,2864,,gutim,239,
239,1323.3961,0.0712,144,70,11,2865,,Bb4,g,,,,,,,ng239_1Bb4e,2865,,gutim,239,
239,1323.4325,2.6989,144,22,11,2866,,Bb0,,,,,,,,n239_6Bb0t,2866,,gutim,239,
239,1323.4711,0.0712,144,65,11,2867,,F4,g,,,,,,,ng239_1F4e,2867,,gutim,239,
239,1323.5461,0.1434,144,35,11,2868,,B1,,,,,,,,n239_5B1t,2868,,gutim,239,
239,1323.6953,0.1434,144,50,11,2869,,D3,,,,,,,,n239_5D3t,2869,,gutim,239,
239,1323.8462,0.1434,144,54,12,2870,,F#3,,,,,,,,n239_5Fs3t,2870,,gutim,239,
239,1323.9971,0.086,144,35,14,2871,,B1,,,,,,,,n239_5B1x,2871,,gutim,239,
239,1324.0877,0.086,144,50,15,2872,,D3,,,,,,,,n239_5D3x,2872,,gutim,239,
239,1324.1782,0.086,144,53,16,2873,,F3,,,,,,,,n239_5F3x_0,2873,,gutim,239,
239,1324.2688,0.086,144,54,16,2874,,Gb3,,,,,,,,n239_5Gb3x,2874,,gutim,239,
239,1324.3593,0.086,144,53,17,2875,,F3,,,,,,,,n239_5F3x_1,2875,,gutim,239,
239,1324.4499,0.1434,144,58,20,2876,,Bb3,,,,,,,,n239_5Bb3t_1,2876,,gutim,239,
239,1324.5499,0.0712,144,65,20,2877,,F4,g,,,,,,,ng239_5F4e,2877,,gutim,239,
239,1324.5688,0.1619,144,86,20,2878,,D6,,,,,,,,n239_1D6t,2878,,gutim,239,
239,1324.6249,0.0961,144,53,20,2879,,F3,,,,,,,,n239_5F3t_0,2879,,gutim,239,
239,1324.6249,0.0961,144,61,20,2879,,Db4,,,,,,,,n239_5Db4t,2879,,gutim,239,
239,1324.7261,0.0961,144,58,14,2880,,Bb3,,,,,,,,n239_5Bb3t_2,2880,,gutim,239,
239,1324.7634,0.081,144,81,11,2881,,A5,,,,,,,,n239_1A5x,2881,,gutim,239,
239,1324.8273,0.0961,144,53,8,2882,,F3,,,,,,,,n239_5F3t_1,2882,,gutim,239,
239,1324.8486,0.081,144,49,4,2883,,C#3,,,,,,,,n239_1Cs3x,2883,,gutim,239,
239,1324.9285,0.108,144,70,8,2884,,Bb4,,,,,,,,n239_5Bb4t_0,2884,,gutim,239,
239,1324.9285,0.108,144,82,8,2884,,Bb5,,,,,,,,n239_5Bb5t,2884,,gutim,239,
239,1324.9338,0.1619,144,67,15,2885,,G4,,,,,,,,n239_1G4t,2885,,gutim,239,
239,1325.0421,0.108,144,41,8,2886,,F2,,,,,,,,n239_5F2t_4,2886,,gutim,239,
239,1325.1043,1.1335,144,77,20,2887,,F5,,,,,,,,n239_1F5e,2887,,gutim,239,
239,1325.1558,0.108,144,36,7,2888,,C2,,,,,,,,n239_5C2t_1,2888,,gutim,239,
239,1325.2694,0.108,144,70,6,2889,,Bb4,,,,,,,,n239_5Bb4t_1,2889,,gutim,239,
239,1325.383,0.108,144,41,6,2890,,F2,,,,,,,,n239_5F2t_5,2890,,gutim,239,
239,1325.4967,0.113,144,36,5,2891,,C2,,,,,,,,n239_5C2t_2,2891,,gutim,239,
239,1325.6156,0.1619,144,58,4,2892,,Bb3,,,,,,,,n239_5Bb3t_3,2892,,gutim,239,
239,1325.7861,0.1619,144,41,3,2893,,F2,,,,,,,,n239_5F2t_6,2893,,gutim,239,
239,1325.9565,0.3239,144,36,2,2894,,C2,,,,,,,,n239_5C2s,2894,,gutim,239,
,,,,,,,,,,,,,,,,,,240,,,
240,1330.1634,0.0712,144,64,5,2895,,E4,g,,,,,,,ng240_6E4e,2895,,gutim,240,
240,1330.2384,0.0712,144,58,14,2896,,Bb3,g,,,,,,,ng240_6Bb3e,2896,,gutim,240,
240,1330.3134,0.0712,144,50,14,2897,,D3,g,,,,,,,ng240_6D3e,2897,,gutim,240,
240,1330.3134,0.0712,144,52,14,2897,,E3,g,,,,,,,ng240_6E3e,2897,,gutim,240,
,,,,,,,7169,,,,,,,,,,,,gutim,,
240,1330.3884,2.1818,144,61,11,2898,,C#4,,,,,,,,n240_1Cs4h,2898,,gutim,240,
240,1330.3884,2.1818,144,66,8,2898,,F#4,,,,,,,,n240_1Fs4h,2898,,gutim,240,
240,1330.3884,2.5909,144,24,14,2898,,C1,,,,,,,,n240_6C1h,2898,,gutim,240,
240,1330.3884,2.5909,144,25,14,2898,,Db1,,,,,,,,n240_6Db1h,2898,,gutim,240,
240,1330.3884,2.5909,144,28,14,2898,,E1,,,,,,,,n240_6E1h,2898,,gutim,240,
240,1330.9317,0.6548,144,39,5,2899,,Eb2,,,,,,,,n240_5Eb2e,2899,,gutim,240,
240,1331.7502,0.108,144,32,5,2900,,Ab1,,,,,,,,n240_5Ab1t_0,2900,,gutim,240,
240,1331.8639,0.108,144,41,6,2901,,F2,,,,,,,,n240_5F2t_0,2901,,gutim,240,
240,1331.9775,0.108,144,30,7,2902,,Gb1,,,,,,,,n240_5Gb1t_0,2902,,gutim,240,
240,1332.0911,0.108,144,32,7,2903,,Ab1,,,,,,,,n240_5Ab1t_1,2903,,gutim,240,
240,1332.2048,0.108,144,41,8,2904,,F2,,,,,,,,n240_5F2t_1,2904,,gutim,240,
240,1332.3184,0.108,144,30,9,2905,,Gb1,,,,,,,,n240_5Gb1t_1,2905,,gutim,240,
240,1332.432,0.0928,144,53,10,2906,,F3,,,,,,,,n240_5F3x_0,2906,,gutim,240,
240,1332.5297,0.1855,144,64,11,2907,,E4,,,,,,,,n240_5E4t,2907,,gutim,240,
240,1332.725,0.0928,144,53,12,2908,,F3,,,,,,,,n240_5F3x_1,2908,,gutim,240,
240,1332.8227,0.0928,144,64,13,2909,,E4,,,,,,,,n240_5E4x,2909,,gutim,240,
240,1332.9203,0.0928,144,53,13,2910,,F3,,,,,,,,n240_5F3x_2,2910,,gutim,240,
240,1333.018,0.0928,144,42,14,2911,,Gb2,,,,,,,,n240_5Gb2x,2911,,gutim,240,
,,,,,,,,,,,,,,,,,,241,,,
241,1333.1156,1.0909,144,61,8,2912,,C#4,,,,,,,,n241_1Cs4q,2912,,gutim,241,
241,1333.1156,1.2955,144,28,22,2912,,E1,,,,,,,,n241_5E1q,2912,,gutim,241,
241,1333.1156,1.0909,144,25,8,2912,,Db1,,,,,,,,n241_6Db1q,2912,,gutim,241,
241,1333.1156,1.0909,144,36,14,2912,,C2,,,,,,,,n241_6C2q,2912,,gutim,241,
241,1333.6607,0.1094,144,50,7,2913,,D3,,,,,,,,n241_2D3t,2913,,gutim,241,
241,1333.7975,0.1094,144,78,7,2914,,F#5,,,,,,,,n241_2Fs5t,2914,,gutim,241,
241,1333.9342,0.1094,144,76,7,2915,,E5,,,,,,,,n241_2E5t,2915,,gutim,241,
241,1334.0709,0.1094,144,39,7,2916,,Eb2,,,,,,,,n241_2Eb2t,2916,,gutim,241,
241,1334.2076,0.2173,144,58,7,2917,,Bb3,,,,,,,,n241_2Bb3s,2917,,gutim,241,
241,1334.4793,0.1094,144,78,6,2918,,F#5,,,,,,,,n241_1Fs5t_0,2918,,gutim,241,
241,1334.4793,1.2955,144,44,6,2918,,Ab2,,,,,,,,n241_5Ab2q,2918,,gutim,241,
241,1334.6124,0.1094,144,64,6,2919,,E4,,,,,,,,n241_1E4t_0,2919,,gutim,241,
241,1334.7492,0.1094,144,50,6,2920,,D3,,,,,,,,n241_1D3t,2920,,gutim,241,
241,1334.8859,0.1094,144,78,6,2921,,F#5,,,,,,,,n241_1Fs5t_1,2921,,gutim,241,
241,1335.0226,0.1094,144,64,6,2922,,E4,,,,,,,,n241_1E4t_1,2922,,gutim,241,
241,1335.1593,0.2188,144,39,6,2923,,Eb2,,,,,,,,n241_1Eb2s,2923,,gutim,241,
241,1335.4328,0.1094,144,58,5,2924,,Bb3,,,,,,,,n241_1Bb3t,2924,,gutim,241,
241,1335.5695,0.1094,144,64,5,2925,,E4,,,,,,,,n241_1E4t_2,2925,,gutim,241,
241,1335.7062,0.1094,144,27,5,2926,,Eb1,,,,,,,,n241_1Eb1t,2926,,gutim,241,
241,1335.7679,0.06,144,28,24,2927,,E1,g,,,,,,,ng241_5E1e,2927,,gutim,241,
241,1335.8429,0.2188,144,64,17,2928,,E4,,,,,,,,n241_2E4s,2928,,gutim,241,
241,1335.8429,3.2727,144,48,24,2928,,C3,,,,,,,,n241_5C3h,2928,,gutim,241,
241,1336.1163,0.2188,144,41,20,2929,,F2,,,,,,,,n241_2F2s,2929,,gutim,241,
241,1336.1838,0.1091,144,24,22,2930,,C1,,,,,,,,n241_6C1s,2930,,gutim,241,
241,1336.1838,0.2727,144,30,22,2930,,Gb1,,,,,,,,n241_6Gb1s,2930,,gutim,241,
241,1336.1838,0.2727,144,32,22,2930,,Ab1,,,,,,,,n241_6Ab1s,2930,,gutim,241,
241,1336.1838,0.2727,144,53,22,2930,,F3,,,,,,,,n241_6F3s,2930,,gutim,241,
241,1336.1838,0.2727,144,64,22,2930,,E4,,,,,,,,n241_6E4s,2930,,gutim,241,
241,1336.2975,0.3636,144,50,8,2931,,D3,,,,,,,,n241_1D3e,2931,,gutim,241,
241,1336.3862,0.6562,144,36,22,2932,,C2,,,,,,,,n241_2C2e,2932,,gutim,241,
241,1336.752,0.3636,144,91,20,2933,,G6,,,,,,,,n241_1G6e,2933,,gutim,241,
241,1337.2065,0.108,144,82,20,2934,,Bb5,,,,,,,,n241_1Bb5t,2934,,gutim,241,
241,1337.2065,2.1818,144,70,8,2934,,Bb4,,,,,,,,n241_2Bb4q,2934,,gutim,241,
241,1337.3202,0.108,144,42,19,2935,,F#2,,,,,,,,n241_1Fs2t,2935,,gutim,241,
241,1337.4338,0.108,144,62,18,2936,,D4,,,,,,,,n241_1D4t_0,2936,,gutim,241,
241,1337.5475,0.108,144,68,16,2937,,Ab4,,,,,,,,n241_1Ab4t_0,2937,,gutim,241,
241,1337.6611,0.108,144,62,15,2938,,D4,,,,,,,,n241_1D4t_1,2938,,gutim,241,
241,1337.7747,0.108,144,68,14,2939,,Ab4,,,,,,,,n241_1Ab4t_1,2939,,gutim,241,
241,1337.8884,0.108,144,62,13,2940,,D4,,,,,,,,n241_1D4t_2,2940,,gutim,241,
241,1338.002,0.108,144,68,12,2941,,Ab4,,,,,,,,n241_1Ab4t_2,2941,,gutim,241,
241,1338.1156,0.108,144,91,10,2942,,G6,,,,,,,,n241_1G6t,2942,,gutim,241,
241,1338.2293,0.108,144,68,9,2943,,Ab4,,,,,,,,n241_1Ab4t_3,2943,,gutim,241,
241,1338.3429,0.2159,144,91,8,2944,,G6,,,,,,,,n241_1G6s,2944,,gutim,241,
,,,,,,,,,,,,,,,,,,242,,,
242,1340.6965,0.06,144,30,16,2945,,F#1,g,,,,,,,ng242_5Fs1e,2945,,gutim,242,
242,1340.7559,0.2188,144,44,14,2946,,G#2,,,,,,,,n242_6Gs2s,2946,,gutim,242,
242,1340.7715,0.06,144,70,14,2947,,A#4,g,,,,,,,ng242_5As4e,2947,,gutim,242,
242,1340.8465,0.3636,144,50,14,2948,,D3,,,,,,,,n242_5D3e,2948,,gutim,242,
242,1340.9465,0.06,144,64,14,2949,,E4,g,,,,,,,ng242_5E4e,2949,,gutim,242,
242,1341.0215,0.06,144,36,14,2950,,C2,g,,,,,,,ng242_5C2e,2950,,gutim,242,
242,1341.024,0.2216,144,42,14,2951,,F#2,,,,,,,,n242_6Fs2s,2951,,gutim,242,
242,1341.0965,0.06,144,53,14,2952,,F3,g,,,,,,,ng242_5F3e,2952,,gutim,242,
242,1341.1475,0.06,144,50,14,2953,,D3,g,,,,,,,ng242_1D3e,2953,,gutim,242,
242,1341.1715,0.06,144,34,14,2954,,A#1,g,,,,,,,ng242_5As1e,2954,,gutim,242,
242,1341.1715,0.06,144,42,14,2954,,F#2,g,,,,,,,ng242_5Fs2e,2954,,gutim,242,
242,1341.2225,0.06,144,76,14,2955,,E5,g,,,,,,,ng242_1E5e,2955,,gutim,242,
242,1341.2465,0.06,144,44,14,2956,,G#2,g,,,,,,,ng242_5Gs2e,2956,,gutim,242,
242,1341.2465,0.06,144,48,14,2956,,C3,g,,,,,,,ng242_5C3e,2956,,gutim,242,
242,1341.2975,1.7457,144,70,14,2957,,Bb4,,,,,,,,n242_1Bb4e_0,2957,,gutim,242,
242,1341.2975,1.7457,144,76,14,2957,,E5,,,,,,,,n242_1E5e_0,2957,,gutim,242,
242,1341.2975,1.7457,144,62,14,2957,,D4,,,,,,,,n242_2D4q,2957,,gutim,242,
242,1341.499,1.7457,144,35,14,2958,,B1,,,,,,,,n242_5B1q,2958,,gutim,242,
242,1341.499,1.7457,144,42,14,2958,,F#2,,,,,,,,n242_5Fs2q,2958,,gutim,242,
242,1342.3105,1.0909,144,77,14,2959,,F5,,,,,,,,n242_1F5e_0,2959,,gutim,242,
242,1342.7806,0.06,144,75,14,2960,,D#5,g,,,,,,,ng242_1Ds5e,2960,,gutim,242,
242,1342.8627,0.6548,144,71,14,2961,,B4,,,,,,,,n242_6B4e,2961,,gutim,242,
242,1343.6776,2.1847,144,70,14,2962,,Bb4,,,,,,,,n242_1Bb4e_3,2962,,gutim,242,
242,1343.6776,2.1847,144,77,14,2962,,F5,,,,,,,,n242_1F5e_2,2962,,gutim,242,
242,1343.6776,2.1847,144,62,14,2962,,D4,,,,,,,,n242_2D4e_1,2962,,gutim,242,
242,1343.6812,0.4389,144,35,14,2962,,B1,,,,,,,,n242_5B1e_1,2962,,gutim,242,
242,1343.6812,0.4389,144,42,14,2962,,F#2,,,,,,,,n242_5Fs2e_1,2962,,gutim,242,
242,1343.6812,0.1094,144,77,14,2962,,F5,,,,,,,,n242_6F5t,2962,,gutim,242,
242,1343.8179,0.054,144,33,14,2963,,A1,,,,,,,,n242_6A1x,2963,,gutim,242,
242,1343.8854,0.1094,144,31,14,2964,,G1,,,,,,,,n242_6G1t_0,2964,,gutim,242,
242,1344.0221,0.054,144,77,14,2965,,F5,,,,,,,,n242_6F5x,2965,,gutim,242,
242,1344.0896,0.1122,144,31,14,2966,,G1,,,,,,,,n242_6G1t_1,2966,,gutim,242,
,,,,,,,,,,,,,,,,,,243,,,
243,1344.2263,1.7457,144,35,14,2967,,B1,,,,,,,,n243_5B1q,2967,,gutim,243,
243,1344.2263,1.7457,144,42,14,2967,,F#2,,,,,,,,n243_5Fs2q,2967,,gutim,243,
243,1344.2263,1.3097,144,31,14,2967,,G1,,,,,,,,n243_6G1q,2967,,gutim,243,
243,1345.8634,0.4361,144,53,14,2968,,F3,,,,,,,,n243_6F3e,2968,,gutim,243,
243,1346.4049,0.4389,144,70,14,2969,,Bb4,,,,,,,,n243_1Bb4e_1,2969,,gutim,243,
243,1346.4049,0.4389,144,77,14,2969,,F5,,,,,,,,n243_1F5e_1,2969,,gutim,243,
243,1346.4085,0.4361,144,35,14,2970,,B1,,,,,,,,n243_5B1e_1,2970,,gutim,243,
243,1346.4085,0.4361,144,42,14,2970,,F#2,,,,,,,,n243_5Fs2e_1,2970,,gutim,243,
243,1346.9536,1.2955,144,90,14,2971,,Gb6,,,,,,,,n243_1Gb6q,2971,,gutim,243,
243,1347.3619,0.3267,144,62,14,2972,,D4,,,,,,,,n243_5D4s,2972,,gutim,243,
243,1347.7703,0.0641,144,42,14,2973,,F#2,,,,,,,,n243_5Fs2x_0,2973,,gutim,243,
243,1347.8378,0.1299,144,47,14,2974,,B2,,,,,,,,n243_5B2t_0,2974,,gutim,243,
243,1347.9745,0.0641,144,42,14,2975,,F#2,,,,,,,,n243_5Fs2x_1,2975,,gutim,243,
243,1348.042,0.1299,144,47,14,2976,,B2,,,,,,,,n243_5B2t_1,2976,,gutim,243,
243,1348.1787,0.0641,144,42,14,2977,,F#2,,,,,,,,n243_5Fs2x_2,2977,,gutim,243,
243,1348.2462,0.0641,144,47,14,2978,,B2,,,,,,,,n243_5B2x,2978,,gutim,243,
243,1348.3172,1.2955,144,65,14,2979,,F4,,,,,,,,n243_1F4q,2979,,gutim,243,
243,1348.5871,0.0641,144,42,14,2980,,F#2,,,,,,,,n243_5Fs2x_3,2980,,gutim,243,
243,1348.6546,0.1299,144,47,14,2981,,B2,,,,,,,,n243_5B2t_2,2981,,gutim,243,
243,1348.7913,0.0641,144,42,14,2982,,F#2,,,,,,,,n243_5Fs2x_4,2982,,gutim,243,
243,1348.8588,0.2598,144,47,14,2983,,B2,,,,,,,,n243_5B2s_0,2983,,gutim,243,
243,1349.1322,0.0641,144,42,14,2984,,F#2,,,,,,,,n243_5Fs2x_5,2984,,gutim,243,
243,1349.1997,0.1299,144,47,14,2985,,B2,,,,,,,,n243_5B2t_3,2985,,gutim,243,
243,1349.3364,0.0641,144,42,14,2986,,F#2,,,,,,,,n243_5Fs2x_6,2986,,gutim,243,
243,1349.4038,0.2665,144,47,14,2987,,B2,,,,,,,,n243_5B2s_1,2987,,gutim,243,
,,,,,,,,,,,,,,,,,,244,,,
244,1349.6773,0.5455,144,32,14,2988,,Ab1,,,,,,,,n244_6Ab1e,2988,,gutim,244,
244,1349.9489,0.0641,144,42,14,2989,,F#2,,,,,,,,n244_5Fs2x_0,2989,,gutim,244,
244,1350.0164,0.1299,144,47,14,2990,,B2,,,,,,,,n244_5B2t_0,2990,,gutim,244,
244,1350.1531,0.0641,144,42,14,2991,,F#2,,,,,,,,n244_5Fs2x_1,2991,,gutim,244,
244,1350.2206,0.1316,144,47,14,2992,,B2,,,,,,,,n244_5B2t_1,2992,,gutim,244,
244,1350.3591,0.0909,144,40,14,2993,,E2,,,,,,,,n244_1E2x,2993,,gutim,244,
244,1350.3591,0.5455,144,36,14,2993,,C2,,,,,,,,n244_5C2e,2993,,gutim,244,
244,1350.4727,0.0909,144,78,14,2994,,Gb5,,,,,,,,n244_1Gb5x_0,2994,,gutim,244,
244,1350.5864,0.0611,144,48,14,2995,,C3,,,,,,,,n244_1C3x_0,2995,,gutim,244,
244,1350.6627,0.0611,144,78,14,2996,,Gb5,,,,,,,,n244_1Gb5x_1,2996,,gutim,244,
244,1350.7391,0.0611,144,44,14,2997,,Ab2,,,,,,,,n244_1Ab2x,2997,,gutim,244,
244,1350.7391,0.0611,144,48,14,2997,,C3,,,,,,,,n244_1C3x_1,2997,,gutim,244,
244,1350.8154,0.0611,144,65,14,2998,,F4,,,,,,,,n244_1F4x,2998,,gutim,244,
244,1350.8154,0.0611,144,78,14,2998,,Gb5,,,,,,,,n244_1Gb5x_2,2998,,gutim,244,
244,1350.8918,0.1193,144,44,14,2999,,Ab2,,,,,,,,n244_1Ab2t,2999,,gutim,244,
,,,,,,,7173,,,,,,,,,,,,gutim,,
,,,,,,,,,,,,,,,,,,245,,,
245,1356.4955,0.1094,144,62,8,3000,,D4,,,,,,,,n245_5D4t_0,3000,,gutim,245,
245,1356.6286,0.1299,144,65,10,3001,,F4,,,,,,,,n245_5F4t_0,3001,,gutim,245,
245,1356.7654,0.1299,144,62,12,3002,,D4,,,,,,,,n245_5D4t_1,3002,,gutim,245,
245,1356.9021,0.2598,144,49,14,3003,,C#3,,,,,,,,n245_5Cs3s,3003,,gutim,245,
245,1357.1755,0.1299,144,45,18,3004,,A2,,,,,,,,n245_5A2t_0,3004,,gutim,245,
245,1357.3122,0.1299,144,80,20,3005,,G#5,,,,,,,,n245_5Gs5t,3005,,gutim,245,
245,1357.4489,0.1299,144,45,22,3006,,A2,,,,,,,,n245_5A2t_1,3006,,gutim,245,
245,1357.5857,0.086,144,65,24,3007,,F4,,,,,,,,n245_5F4t_1,3007,,gutim,245,
245,1357.6762,0.086,144,61,24,3008,,C#4,,,,,,,,n245_5Cs4t,3008,,gutim,245,
245,1357.7668,0.086,144,62,24,3009,,D4,,,,,,,,n245_5D4t_2,3009,,gutim,245,
245,1357.8668,0.0712,144,60,5,3010,,C4,g,,,,,,,ng245_5C4e,3010,,gutim,245,
245,1357.9418,0.0712,144,81,5,3011,,A5,g,,,,,,,ng245_5A5e,3011,,gutim,245,
245,1357.9418,0.06,144,56,20,3011,,Ab3,g,,,,,,,ng245_6Ab3e,3011,,gutim,245,
245,1358.0168,1.2955,144,48,20,3012,,C3,,,,,,,,n245_5C3q,3012,,gutim,245,
245,1358.0168,1.2955,144,75,8,3012,,Eb5,,,,,,,,n245_5Eb5q,3012,,gutim,245,
245,1358.0168,1.2955,144,81,8,3012,,A5,,,,,,,,n245_5A5q,3012,,gutim,245,
245,1358.0168,0.1295,144,68,24,3012,,G#4,,,,,,,,n245_6Gs4t,3012,,gutim,245,
245,1358.1872,0.1619,144,57,24,3013,,A3,,,,,,,,n245_6A3t,3013,,gutim,245,
245,1358.3577,0.9716,144,65,24,3014,,F4,,,,,,,,n245_6F4e,3014,,gutim,245,
245,1358.5601,0.1299,144,98,2,3015,,D7,,,,,,,,n245_1D7t_0,3015,,gutim,245,
245,1358.6968,0.086,144,87,2,3016,,Eb6,,,,,,,,n245_1Eb6t_0,3016,,gutim,245,
245,1358.7874,0.086,144,90,2,3017,,Gb6,,,,,,,,n245_1Gb6t_0,3017,,gutim,245,
245,1358.8779,0.086,144,87,2,3018,,Eb6,,,,,,,,n245_1Eb6t_1,3018,,gutim,245,
245,1358.9685,0.1299,144,90,2,3019,,Gb6,,,,,,,,n245_1Gb6t_1,3019,,gutim,245,
245,1359.1052,0.1299,144,106,2,3020,,Bb7,,,,,,,,n245_1Bb7t_0,3020,,gutim,245,
245,1359.2419,0.1299,144,80,2,3021,,Ab5,,,,,,,,n245_1Ab5t_0,3021,,gutim,245,
245,1359.3786,0.1299,144,87,2,3022,,Eb6,,,,,,,,n245_1Eb6t_2,3022,,gutim,245,
245,1359.3804,0.5455,144,92,22,3022,,Ab6,,,,,,,,n245_5Ab6e,3022,,gutim,245,
245,1359.5154,0.1299,144,90,2,3023,,Gb6,,,,,,,,n245_1Gb6t_2,3023,,gutim,245,
245,1359.6521,0.1299,144,106,2,3024,,Bb7,,,,,,,,n245_1Bb7t_1,3024,,gutim,245,
245,1359.7888,0.1299,144,80,2,3025,,Ab5,,,,,,,,n245_1Ab5t_1,3025,,gutim,245,
245,1359.9255,0.086,144,98,2,3026,,D7,,,,,,,,n245_1D7t_1,3026,,gutim,245,
245,1360.0161,0.086,144,90,2,3027,,Gb6,,,,,,,,n245_1Gb6t_3,3027,,gutim,245,
245,1360.0622,0.1619,144,92,20,3028,,Ab6,,,,,,,,n245_5Ab6t_0,3028,,gutim,245,
245,1360.1066,0.086,144,75,2,3029,,Eb5,,,,,,,,n245_1Eb5t_0,3029,,gutim,245,
245,1360.1972,0.086,144,78,2,3030,,Gb5,,,,,,,,n245_1Gb5t,3030,,gutim,245,
245,1360.2327,0.1619,144,100,19,3031,,E7,,,,,,,,n245_5E7t,3031,,gutim,245,
245,1360.2877,0.086,144,75,2,3032,,Eb5,,,,,,,,n245_1Eb5t_1,3032,,gutim,245,
245,1360.3783,0.086,144,68,2,3033,,Ab4,,,,,,,,n245_1Ab4t,3033,,gutim,245,
245,1360.4031,0.1619,144,82,17,3034,,Bb5,,,,,,,,n245_5Bb5t,3034,,gutim,245,
245,1360.4688,0.1299,144,86,2,3035,,D6,,,,,,,,n245_1D6t,3035,,gutim,245,
245,1360.5736,0.1619,144,92,16,3036,,Ab6,,,,,,,,n245_5Ab6t_1,3036,,gutim,245,
245,1360.6056,0.1316,144,75,2,3037,,Eb5,,,,,,,,n245_1Eb5t_2,3037,,gutim,245,
,,,,,,,,,,,,,,,,,,246,,,
246,1360.744,0.1299,144,78,2,3038,,Gb5,,,,,,,,n246_1Gb5t,3038,,gutim,246,
246,1360.744,0.3239,144,100,14,3038,,E7,,,,,,,,n246_5E7s,3038,,gutim,246,
246,1360.8772,0.1299,144,106,2,3039,,Bb7,,,,,,,,n246_1Bb7t_0,3039,,gutim,246,
246,1361.0139,0.1299,144,68,2,3040,,Ab4,,,,,,,,n246_1Ab4t,3040,,gutim,246,
246,1361.1507,0.086,144,98,2,3041,,D7,,,,,,,,n246_1D7t,3041,,gutim,246,
246,1361.2412,0.086,144,75,2,3042,,Eb5,,,,,,,,n246_1Eb5t_0,3042,,gutim,246,
246,1361.3318,0.086,144,90,2,3043,,Gb6,,,,,,,,n246_1Gb6t,3043,,gutim,246,
246,1361.4223,0.086,144,75,2,3044,,Eb5,,,,,,,,n246_1Eb5t_1,3044,,gutim,246,
246,1361.5129,0.086,144,56,2,3045,,Ab3,,,,,,,,n246_1Ab3t,3045,,gutim,246,
246,1361.6034,0.086,144,106,2,3046,,Bb7,,,,,,,,n246_1Bb7t_1,3046,,gutim,246,
246,1361.694,0.393,144,56,2,3047,,Ab3,,,,,,,,n246_1Ab3s,3047,,gutim,246,
246,1361.7668,0.0864,144,50,24,3048,,D3,,,,,,,,n246_5D3t_0,3048,,gutim,246,
246,1361.8804,0.108,144,37,23,3049,,C#2,,,,,,,,n246_5Cs2t,3049,,gutim,246,
246,1361.994,0.108,144,33,21,3050,,A1,,,,,,,,n246_5A1t_0,3050,,gutim,246,
246,1362.1077,0.108,144,56,20,3051,,Ab3,,,,,,,,n246_5Ab3t_0,3051,,gutim,246,
246,1362.1077,1.0909,144,32,20,3051,,G#1,,,,,,,,n246_6Gs1q,3051,,gutim,246,
246,1362.2213,0.108,144,33,18,3052,,A1,,,,,,,,n246_5A1t_1,3052,,gutim,246,
246,1362.335,0.108,144,56,17,3053,,Ab3,,,,,,,,n246_5Ab3t_1,3053,,gutim,246,
246,1362.4486,0.108,144,50,15,3054,,D3,,,,,,,,n246_5D3t_1,3054,,gutim,246,
246,1362.5622,0.2159,144,37,14,3055,,C#2,,,,,,,,n246_5Cs2s,3055,,gutim,246,
246,1362.7895,0.108,144,33,11,3056,,A1,,,,,,,,n246_5A1t_2,3056,,gutim,246,
246,1362.9031,0.108,144,56,9,3057,,Ab3,,,,,,,,n246_5Ab3t_2,3057,,gutim,246,
246,1363.0168,0.108,144,33,8,3058,,A1,,,,,,,,n246_5A1t_3,3058,,gutim,246,
246,1363.1304,0.2159,144,56,8,3059,,Ab3,,,,,,,,n246_5Ab3s,3059,,gutim,246,
246,1363.2463,0.06,144,38,14,3060,,D2,g,,,,,,,ng246_5D2e_0,3060,,gutim,246,
246,1363.3213,0.06,144,41,14,3061,,F2,g,,,,,,,ng246_5F2e,3061,,gutim,246,
246,1363.3963,0.06,144,38,14,3062,,D2,g,,,,,,,ng246_5D2e_1,3062,,gutim,246,
246,1363.4713,0.5178,144,25,17,3063,,C#1,,,,,,,,n246_5Cs1e,3063,,gutim,246,
246,1363.9259,0.108,144,62,14,3064,,D4,,,,,,,,n246_2D4t_0,3064,,gutim,246,
246,1364.0146,0.388,144,44,14,3065,,G#2,,,,,,,,n246_5Gs2s,3065,,gutim,246,
246,1364.0395,0.108,144,70,14,3066,,Bb4,,,,,,,,n246_2Bb4t,3066,,gutim,246,
246,1364.1531,0.108,144,62,14,3067,,D4,,,,,,,,n246_2D4t_1,3067,,gutim,246,
246,1364.2668,0.108,144,66,14,3068,,F#4,,,,,,,,n246_2Fs4t,3068,,gutim,246,
246,1364.3804,0.3636,144,68,14,3069,,Ab4,,,,,,,,n246_1Ab4e,3069,,gutim,246,
246,1364.3804,0.108,144,62,14,3069,,D4,,,,,,,,n246_2D4t_2,3069,,gutim,246,
246,1364.423,0.1299,144,21,14,3070,,A0,,,,,,,,n246_5A0t,3070,,gutim,246,
246,1364.494,0.3239,144,65,14,3071,,F4,,,,,,,,n246_2F4s,3071,,gutim,246,
246,1364.5597,0.4375,144,29,14,3072,,F1,,,,,,,,n246_5F1s_0,3072,,gutim,246,
246,1364.835,0.6477,144,36,14,3073,,C2,,,,,,,,n246_2C2e,3073,,gutim,246,
246,1365.2433,0.1299,144,26,14,3074,,D1,,,,,,,,n246_5D1t_0,3074,,gutim,246,
246,1365.3801,0.1299,144,29,14,3075,,F1,,,,,,,,n246_5F1t_0,3075,,gutim,246,
246,1365.5168,0.6477,144,80,14,3076,,Ab5,,,,,,,,n246_2Ab5e,3076,,gutim,246,
246,1365.5168,0.2598,144,26,14,3076,,D1,,,,,,,,n246_5D1s,3076,,gutim,246,
246,1365.7902,0.1299,144,29,14,3077,,F1,,,,,,,,n246_5F1t_1,3077,,gutim,246,
246,1365.9269,0.1299,144,26,14,3078,,D1,,,,,,,,n246_5D1t_1,3078,,gutim,246,
246,1366.0637,0.1282,144,32,14,3079,,G#1,,,,,,,,n246_5Gs1t,3079,,gutim,246,
,,,,,,,,,,,,,,,,,,247,,,
247,1366.1986,0.1299,144,26,14,3080,,D1,,,,,,,,n247_5D1t_0,3080,,gutim,247,
247,1366.3353,0.1299,144,25,14,3081,,C#1,,,,,,,,n247_5Cs1t_0,3081,,gutim,247,
247,1366.472,0.1299,144,26,14,3082,,D1,,,,,,,,n247_5D1t_1,3082,,gutim,247,
247,1366.6088,0.1299,144,32,14,3083,,G#1,,,,,,,,n247_5Gs1t_0,3083,,gutim,247,
247,1366.7455,0.1299,144,25,14,3084,,C#1,,,,,,,,n247_5Cs1t_1,3084,,gutim,247,
247,1366.8822,0.388,144,21,14,3085,,A0,,,,,,,,n247_5A0s,3085,,gutim,247,
247,1367.2906,0.3281,144,29,14,3086,,F1,,,,,,,,n247_5F1s,3086,,gutim,247,
247,1367.5622,0.6477,144,72,14,3087,,C5,,,,,,,,n247_2C5e,3087,,gutim,247,
247,1367.7007,0.2188,144,26,14,3088,,D1,,,,,,,,n247_5D1s,3088,,gutim,247,
247,1367.9742,0.1094,144,32,14,3089,,G#1,,,,,,,,n247_5Gs1t_1,3089,,gutim,247,
247,1368.1109,0.2188,144,25,14,3090,,C#1,,,,,,,,n247_5Cs1s,3090,,gutim,247,
247,1368.3843,0.1094,144,26,14,3091,,D1,,,,,,,,n247_5D1t_2,3091,,gutim,247,
247,1368.521,0.1094,144,32,14,3092,,G#1,,,,,,,,n247_5Gs1t_2,3092,,gutim,247,
247,1368.6578,0.1094,144,25,14,3093,,C#1,,,,,,,,n247_5Cs1t_2,3093,,gutim,247,
247,1368.7945,0.1051,144,21,14,3094,,A0,,,,,,,,n247_5A0t,3094,,gutim,247,
,,,,,,,7176,,,,,,,,,,,,gutim,,
,,,,,,,,,,,,,,,,,,251,,,
251,1386.7384,0.3214,144,47,8,3095,,B2,,,,,,,,n251_1B2s,3095,,gutim,251,
251,1386.7384,0.3214,144,60,8,3095,,C4,,,,,,,,n251_1C4s,3095,,gutim,251,
251,1386.7384,0.3214,144,27,14,3095,,D#1,,,,,,,,n251_5Ds1s,3095,,gutim,251,
251,1386.7384,0.3214,144,30,14,3095,,F#1,,,,,,,,n251_5Fs1s,3095,,gutim,251,
251,1387.1402,0.1021,144,41,8,3096,,F2,,,,,,,,n251_5F2t_0,3096,,gutim,251,
251,1387.2476,0.1021,144,37,8,3097,,C#2,,,,,,,,n251_5Cs2t_0,3097,,gutim,251,
251,1387.355,0.1021,144,38,8,3098,,D2,,,,,,,,n251_5D2t_0,3098,,gutim,251,
251,1387.4624,0.1021,144,37,8,3099,,C#2,,,,,,,,n251_5Cs2t_1,3099,,gutim,251,
251,1387.5698,0.1021,144,38,8,3100,,D2,,,,,,,,n251_5D2t_1,3100,,gutim,251,
251,1387.6773,0.1021,144,37,8,3101,,C#2,,,,,,,,n251_5Cs2t_2,3101,,gutim,251,
251,1387.7847,0.1524,144,41,8,3102,,F2,,,,,,,,n251_5F2t_1,3102,,gutim,251,
251,1387.8544,0.1429,144,73,11,3103,,C#5,,,,,,,,n251_1Cs5s,3103,,gutim,251,
251,1387.8544,0.1429,144,81,11,3103,,A5,,,,,,,,n251_1A5s_0,3103,,gutim,251,
251,1387.9451,0.1524,144,38,8,3104,,D2,,,,,,,,n251_5D2t_2,3104,,gutim,251,
251,1388.033,0.1429,144,65,12,3105,,F4,,,,,,,,n251_1F4s,3105,,gutim,251,
251,1388.1056,0.1021,144,37,8,3106,,C#2,,,,,,,,n251_5Cs2t_3,3106,,gutim,251,
251,1388.2116,0.5714,144,65,14,3107,,F4,,,,,,,,n251_1F4q,3107,,gutim,251,
251,1388.2116,0.5714,144,73,14,3107,,C#5,,,,,,,,n251_1Cs5q,3107,,gutim,251,
251,1388.213,0.1021,144,33,8,3108,,A1,,,,,,,,n251_5A1t_0,3108,,gutim,251,
251,1388.213,0.1021,144,41,8,3108,,F2,,,,,,,,n251_5F2t_2,3108,,gutim,251,
251,1388.3204,0.1524,144,44,8,3109,,G#2,,,,,,,,n251_5Gs2t_0,3109,,gutim,251,
251,1388.4808,0.1021,144,33,8,3110,,A1,,,,,,,,n251_5A1t_1,3110,,gutim,251,
251,1388.4808,0.1021,144,37,8,3110,,C#2,,,,,,,,n251_5Cs2t_4,3110,,gutim,251,
251,1388.4808,0.1021,144,38,8,3110,,D2,,,,,,,,n251_5D2t_3,3110,,gutim,251,
251,1388.5883,0.1021,144,44,8,3111,,G#2,,,,,,,,n251_5Gs2t_1,3111,,gutim,251,
251,1388.6957,0.1524,144,38,8,3112,,D2,,,,,,,,n251_5D2t_4,3112,,gutim,251,
251,1388.8561,0.1524,144,33,8,3113,,A1,,,,,,,,n251_5A1t_2,3113,,gutim,251,
251,1388.8561,0.1524,144,37,8,3113,,C#2,,,,,,,,n251_5Cs2t_5,3113,,gutim,251,
251,1388.8561,0.1524,144,41,8,3113,,F2,,,,,,,,n251_5F2t_3,3113,,gutim,251,
251,1389.0165,0.1524,144,44,8,3114,,G#2,,,,,,,,n251_5Gs2t_2,3114,,gutim,251,
251,1389.177,0.1021,144,33,8,3115,,A1,,,,,,,,n251_5A1t_3,3115,,gutim,251,
251,1389.283,0.1429,144,63,14,3116,,Eb4,,,,,,,,n251_1Eb4s,3116,,gutim,251,
251,1389.2844,0.1429,144,36,8,3116,,C2,,,,,,,,n251_5C2s,3116,,gutim,251,
251,1389.463,0.2857,144,36,8,3117,,C2,,,,,,,,n251_5C2e,3117,,gutim,251,
251,1389.463,0.2857,144,44,8,3117,,Ab2,,,,,,,,n251_5Ab2e,3117,,gutim,251,
251,1389.6402,0.1696,144,88,14,3118,,E6,,,,,,,,n251_1E6s,3118,,gutim,251,
251,1389.8187,0.1696,144,81,14,3119,,A5,,,,,,,,n251_1A5s_1,3119,,gutim,251,
251,1389.8201,0.1429,144,56,9,3119,,Ab3,,,,,,,,n251_5Ab3s,3119,,gutim,251,
251,1389.8201,0.1429,144,63,9,3119,,Eb4,,,,,,,,n251_5Eb4s,3119,,gutim,251,
251,1390.3544,0.2857,144,43,14,3120,,G2,,,,,,,,n251_1G2e,3120,,gutim,251,
251,1390.3544,0.2857,144,47,14,3120,,B2,,,,,,,,n251_1B2e,3120,,gutim,251,
251,1390.3558,0.2857,144,27,11,3120,,D#1,,,,,,,,n251_5Ds1e,3120,,gutim,251,
251,1390.3558,0.2857,144,30,11,3120,,F#1,,,,,,,,n251_5Fs1e,3120,,gutim,251,
251,1390.7116,0.1429,144,97,22,3121,,C#7,,,,,,,,n251_1Cs7s,3121,,gutim,251,
251,1390.8023,0.0714,144,63,8,3122,,D#4,,,,,,,,n251_5Ds4t_0,3122,,gutim,251,
251,1390.8902,0.0848,144,83,8,3123,,B5,,,,,,,,n251_1B5t,3123,,gutim,251,
251,1390.9794,0.1696,144,96,9,3124,,C7,,,,,,,,n251_1C7s_0,3124,,gutim,251,
251,1391.0701,0.0703,144,66,10,3125,,F#4,,,,,,,,n251_5Fs4t,3125,,gutim,251,
251,1391.158,0.2143,144,96,11,3126,,C7,,,,,,,,n251_1C7s_1,3126,,gutim,251,
251,1391.2919,0.1272,144,63,12,3127,,D#4,,,,,,,,n251_5Ds4t_1,3127,,gutim,251,
,,,,,,,,,,,,,,,,,,252,,,
252,1391.4259,0.1272,144,66,12,3128,,F#4,,,,,,,,n252_5Fs4t_0,3128,,gutim,252,
252,1391.5598,0.1272,144,83,12,3129,,B5,,,,,,,,n252_5B5t,3129,,gutim,252,
252,1391.6937,0.0848,144,96,12,3130,,C7,,,,,,,,n252_5C7t,3130,,gutim,252,
252,1391.783,0.3393,144,97,22,3131,,C#7,,,,,,,,n252_1Cs7e_0,3131,,gutim,252,
252,1391.783,0.0848,144,66,12,3131,,F#4,,,,,,,,n252_5Fs4t_1,3131,,gutim,252,
252,1391.8723,0.0848,144,79,12,3132,,G5,,,,,,,,n252_5G5t,3132,,gutim,252,
252,1392.1402,0.3393,144,97,22,3133,,C#7,,,,,,,,n252_1Cs7e_1,3133,,gutim,252,
252,1392.1402,0.3393,144,50,22,3133,,D3,,,,,,,,n252_5D3e,3133,,gutim,252,
252,1392.4973,0.0714,144,49,20,3134,,C#3,,,,,,,,n252_1Cs3s,3134,,gutim,252,
252,1392.4973,0.1429,144,59,20,3134,,B3,,,,,,,,n252_1B3s,3134,,gutim,252,
252,1392.4973,0.0714,144,27,20,3134,,D#1,,,,,,,,n252_5Ds1s,3134,,gutim,252,
252,1392.4973,0.1429,144,32,20,3134,,G#1,,,,,,,,n252_5Gs1s,3134,,gutim,252,
252,1392.6759,0.4286,144,43,14,3135,,G2,,,,,,,,n252_1G2e_0,3135,,gutim,252,
252,1393.2116,0.2857,144,43,14,3136,,G2,,,,,,,,n252_1G2e_1,3136,,gutim,252,
252,1393.2116,0.2857,144,49,14,3136,,C#3,,,,,,,,n252_1Cs3e,3136,,gutim,252,
252,1393.2116,0.2857,144,27,14,3136,,D#1,,,,,,,,n252_5Ds1e,3136,,gutim,252,
252,1393.2116,0.2857,144,32,14,3136,,G#1,,,,,,,,n252_5Gs1e,3136,,gutim,252,
,,,,,,,7178,,,,,,,,,,,,gutim,,
252,1393.8366,0.1272,144,80,11,3137,,Ab5,,,,,,,,n252_1Ab5t_0,3137,,gutim,252,
252,1393.9705,0.1272,144,72,11,3138,,C5,,,,,,,,n252_1C5t_0,3138,,gutim,252,
252,1394.1044,0.2545,144,40,11,3139,,E2,,,,,,,,n252_5E2s,3139,,gutim,252,
252,1394.3723,0.1272,144,47,11,3140,,B2,,,,,,,,n252_5B2t_0,3140,,gutim,252,
252,1394.5062,0.1272,144,53,11,3141,,F3,,,,,,,,n252_5F3t_0,3141,,gutim,252,
252,1394.6062,0.0712,144,51,8,3142,,Eb3,g,,,,,,,ng252_5Eb3e_0,3142,,gutim,252,
252,1394.6812,0.0712,144,36,8,3143,,C2,g,,,,,,,ng252_5C2e,3143,,gutim,252,
252,1394.7562,0.0712,144,51,8,3144,,Eb3,g,,,,,,,ng252_5Eb3e_1,3144,,gutim,252,
252,1394.8312,0.0712,144,57,8,3145,,A3,g,,,,,,,ng252_5A3e,3145,,gutim,252,
252,1394.9062,0.0949,144,80,11,3146,,Ab5,,,,,,,,n252_1Ab5t_1,3146,,gutim,252,
252,1394.9062,0.0949,144,84,17,3146,,C6,,,,,,,,n252_1C6t,3146,,gutim,252,
252,1394.9062,0.2545,144,36,11,3146,,C2,,,,,,,,n252_5C2s,3146,,gutim,252,
252,1394.9062,0.2545,144,44,8,3146,,Ab2,,,,,,,,n252_5Ab2s,3146,,gutim,252,
252,1395.0248,0.1429,144,72,11,3147,,C5,,,,,,,,n252_1C5t_1,3147,,gutim,252,
252,1395.2034,0.0949,144,40,12,3148,,E2,,,,,,,,n252_1E2t,3148,,gutim,252,
252,1395.2034,0.0949,144,47,12,3148,,B2,,,,,,,,n252_1B2t,3148,,gutim,252,
252,1395.2034,0.0949,144,65,12,3148,,F4,,,,,,,,n252_1F4t,3148,,gutim,252,
252,1395.322,0.096,144,72,13,3149,,C5,,,,,,,,n252_1C5t_2,3149,,gutim,252,
252,1395.4419,0.0949,144,53,13,3150,,F3,,,,,,,,n252_5F3t_1,3150,,gutim,252,
252,1395.5605,0.0949,144,80,14,3151,,Ab5,,,,,,,,n252_5Ab5t,3151,,gutim,252,
252,1395.6791,0.1429,144,28,14,3152,,E1,,,,,,,,n252_5E1t,3152,,gutim,252,
252,1395.8577,0.2031,144,47,15,3153,,B2,,,,,,,,n252_5B2t_1,3153,,gutim,252,
252,1396.1116,0.1272,144,72,11,3154,,C5,,,,,,,,n252_1C5t_3,3154,,gutim,252,
252,1396.1116,0.1272,144,80,11,3154,,Ab5,,,,,,,,n252_1Ab5t_2,3154,,gutim,252,
252,1396.1116,0.1071,144,40,11,3154,,E2,,,,,,,,n252_5E2t,3154,,gutim,252,
252,1396.1116,0.1071,144,47,11,3154,,B2,,,,,,,,n252_5B2t_3,3154,,gutim,252,
252,1396.1116,0.1071,144,53,11,3154,,F3,,,,,,,,n252_5F3t_2,3154,,gutim,252,
252,1396.2455,0.2545,144,68,11,3155,,Ab4,,,,,,,,n252_1Ab4s,3155,,gutim,252,
252,1396.5134,0.1071,144,53,17,3156,,F3,,,,,,,,n252_1F3t,3156,,gutim,252,
252,1396.5134,0.1071,144,56,17,3156,,Ab3,,,,,,,,n252_1Ab3t,3156,,gutim,252,
252,1396.5134,0.1071,144,36,17,3156,,C2,,,,,,,,n252_5C2t,3156,,gutim,252,
252,1396.5134,0.1071,144,46,17,3156,,Bb2,,,,,,,,n252_5Bb2t,3156,,gutim,252,
252,1396.6473,2.0357,144,76,8,3157,,E5,,,,,,,,n252_1E5s,3157,,gutim,252,
,,,,,,,,,,,,,,,,,,254,,,
254,1404.5491,1.0714,144,59,14,3158,,B3,,,,,,,,n254_5B3q,3158,,gutim,254,
,,,,,,,7182,,,,,,,,,,,,gutim,,
254,1405.8884,0.6429,144,45,17,3159,,A2,,,,,,,,n254_5A2e,3159,,gutim,254,
254,1405.8884,0.6429,144,55,8,3159,,G3,,,,,,,,n254_5G3e,3159,,gutim,254,
254,1406.6919,1.7143,144,96,14,3160,,C7,,,,,,,,n254_1C7h,3160,,gutim,254,
254,1406.6919,0.1071,144,56,11,3160,,G#3,,,,,,,,n254_5Gs3t,3160,,gutim,254,
254,1406.8259,0.1071,144,33,13,3161,,A1,,,,,,,,n254_5A1t_0,3161,,gutim,254,
254,1406.9598,0.1071,144,62,14,3162,,D4,,,,,,,,n254_5D4t,3162,,gutim,254,
254,1407.0937,0.1071,144,72,16,3163,,C5,,,,,,,,n254_5C5t,3163,,gutim,254,
254,1407.2277,0.1071,144,52,17,3164,,E3,,,,,,,,n254_5E3t,3164,,gutim,254,
254,1407.3616,0.1071,144,33,19,3165,,A1,,,,,,,,n254_5A1t_1,3165,,gutim,254,
254,1407.4955,0.1071,144,68,20,3166,,Ab4,,,,,,,,n254_5Ab4t,3166,,gutim,254,
254,1407.6294,0.9643,144,84,22,3167,,C6,,,,,,,,n254_5C6t,3167,,gutim,254,
,,,,,,,7184,,,,,,,,,,,,gutim,,
,,,,,,,,,,,,,,,,,,255,,,
255,1413.8169,0.06,144,76,24,3168,,E5,g,,,,,,,ng255_1E5e,3168,,gutim,255,
255,1413.8919,0.06,144,68,24,3169,,G#4,g,,,,,,,ng255_1Gs4e_0,3169,,gutim,255,
255,1413.9669,0.06,144,45,24,3170,,A2,g,,,,,,,ng255_1A2e,3170,,gutim,255,
255,1414.0419,0.06,144,86,24,3171,,D6,g,,,,,,,ng255_1D6e,3171,,gutim,255,
255,1414.1169,0.06,144,68,24,3172,,G#4,g,,,,,,,ng255_1Gs4e_1,3172,,gutim,255,
,,,,,,,7186,,,,,,,,,,,,gutim,,
,,,,,,,,,,,,,,,,,,257,,,
257,1421.6919,0.2545,144,72,8,3173,,C5,,,,,,,,n257_1C5s,3173,,gutim,257,
257,1421.6919,0.1429,144,36,14,3173,,C2,,,,,,,,n257_5C2s,3173,,gutim,257,
257,1421.6919,0.1429,144,49,14,3173,,Db3,,,,,,,,n257_5Db3s,3173,,gutim,257,
257,1421.6919,0.1429,144,64,14,3173,,E4,,,,,,,,n257_5E4s,3173,,gutim,257,
257,1421.9598,0.2545,144,80,8,3174,,Ab5,,,,,,,,n257_1Ab5s,3174,,gutim,257,
257,1422.0491,0.1696,144,61,5,3175,,C#4,,,,,,,,n257_5Cs4s_0,3175,,gutim,257,
257,1422.2277,0.2545,144,43,5,3176,,G2,,,,,,,,n257_5G2s,3176,,gutim,257,
257,1422.4955,0.2545,144,61,5,3177,,C#4,,,,,,,,n257_5Cs4s_1,3177,,gutim,257,
257,1422.7634,0.8571,144,76,5,3178,,E5,,,,,,,,n257_2E5q,3178,,gutim,257,
257,1423.6848,0.06,144,88,8,3179,,E6,g,,,,,,,ng257_1E6e,3179,,gutim,257,
257,1423.7598,0.06,144,54,8,3180,,F#3,g,,,,,,,ng257_1Fs3e,3180,,gutim,257,
257,1423.8348,0.0859,144,59,8,3181,,B3,,,,,,,,n257_1B3t_0,3181,,gutim,257,
257,1423.8348,0.8571,144,86,8,3181,,D6,,,,,,,,n257_2D6q,3181,,gutim,257,
257,1423.8348,0.5714,144,48,11,3181,,C3,,,,,,,,n257_5C3q,3181,,gutim,257,
257,1423.9394,0.1283,144,100,8,3182,,E7,,,,,,,,n257_1E7t,3182,,gutim,257,
257,1424.0999,0.1283,144,59,8,3183,,B3,,,,,,,,n257_1B3t_1,3183,,gutim,257,
257,1424.2603,0.3426,144,70,8,3184,,Bb4,,,,,,,,n257_1Bb4e,3184,,gutim,257,
257,1424.5491,0.5714,144,63,11,3185,,Eb4,,,,,,,,n257_5Eb4e,3185,,gutim,257,
257,1424.6886,0.1741,144,62,8,3186,,D4,,,,,,,,n257_1D4s,3186,,gutim,257,
,,,,,,,,,,,,,,,,,,258,,,
258,1425.9777,0.2545,144,86,8,3187,,D6,,,,,,,,n258_2D6s,3187,,gutim,258,
258,1426.2455,0.2545,144,78,8,3188,,F#5,,,,,,,,n258_2Fs5s,3188,,gutim,258,
258,1426.3348,0.1429,144,56,11,3189,,Ab3,,,,,,,,n258_5Ab3s,3189,,gutim,258,
258,1426.5134,0.0848,144,44,8,3190,,Ab2,,,,,,,,n258_5Ab2t_0,3190,,gutim,258,
258,1426.6027,0.0848,144,51,8,3191,,Eb3,,,,,,,,n258_5Eb3t_0,3191,,gutim,258,
258,1426.6919,0.0848,144,81,11,3192,,A5,,,,,,,,n258_2A5t,3192,,gutim,258,
258,1426.6919,0.0848,144,44,8,3192,,Ab2,,,,,,,,n258_5Ab2t_1,3192,,gutim,258,
258,1426.7812,0.1272,144,100,11,3193,,E7,,,,,,,,n258_2E7t,3193,,gutim,258,
258,1426.7812,0.1272,144,51,8,3193,,Eb3,,,,,,,,n258_5Eb3t_1,3193,,gutim,258,
258,1426.9152,0.1272,144,93,11,3194,,A6,,,,,,,,n258_2A6t,3194,,gutim,258,
258,1426.9152,0.1272,144,44,8,3194,,Ab2,,,,,,,,n258_5Ab2t_2,3194,,gutim,258,
258,1428.1205,1.7143,144,94,8,3195,,A#6,,,,,,,,n258_2As6h,3195,,gutim,258,
258,1428.1205,0.2041,144,47,8,3195,,B2,,,,,,,,n258_5B2s_0,3195,,gutim,258,
258,1428.3354,0.1021,144,58,8,3196,,Bb3,,,,,,,,n258_5Bb3t,3196,,gutim,258,
258,1428.4428,0.1021,144,76,8,3197,,E5,,,,,,,,n258_5E5t,3197,,gutim,258,
258,1428.5502,0.1021,144,50,8,3198,,D3,,,,,,,,n258_5D3t,3198,,gutim,258,
258,1428.6576,0.3048,144,42,8,3199,,F#2,,,,,,,,n258_5Fs2s_0,3199,,gutim,258,
,,,,,,,7187,,,,,,,,,,,,gutim,,
258,1428.9785,0.0859,144,42,14,3200,,F#2,,,,,,,,n258_5Fs2s_1,3200,,gutim,258,
258,1428.9785,0.1719,144,47,14,3200,,B2,,,,,,,,n258_5B2s_1,3200,,gutim,258,
258,1428.9785,0.1719,144,50,14,3200,,D3,,,,,,,,n258_5D3s,3200,,gutim,258,
258,1428.9785,0.1719,144,58,14,3200,,Bb3,,,,,,,,n258_5Bb3s,3200,,gutim,258,
258,1429.0785,0.0712,144,51,11,3201,,Eb3,g,,,,,,,ng258_5Eb3e,3201,,gutim,258,
258,1429.1535,0.0712,144,36,11,3202,,C2,g,,,,,,,ng258_5C2e,3202,,gutim,258,
258,1429.2285,0.2266,144,44,11,3203,,Ab2,,,,,,,,n258_5Ab2s,3203,,gutim,258,
258,1429.467,0.1908,144,69,11,3204,,A4,,,,,,,,n258_5A4s_0,3204,,gutim,258,
258,1429.7056,0.2857,144,88,11,3205,,E6,,,,,,,,n258_5E6s,3205,,gutim,258,
258,1430.0628,0.1886,144,69,11,3206,,A4,,,,,,,,n258_5A4s_1,3206,,gutim,258,
,,,,,,,,,,,,,,,,,,260,,,
260,1437.4985,0.0712,144,59,14,3207,,B3,g,,,,,,,ng260_5B3e_0,3207,,gutim,260,
260,1437.5735,0.0712,144,66,11,3208,,F#4,g,,,,,,,ng260_1Fs4e,3208,,gutim,260,
260,1437.5735,0.0712,144,76,14,3208,,E5,g,,,,,,,ng260_5E5e,3208,,gutim,260,
260,1437.6485,0.0712,144,72,11,3209,,C5,g,,,,,,,ng260_1C5e,3209,,gutim,260,
260,1437.6485,0.0712,144,59,15,3209,,B3,g,,,,,,,ng260_5B3e_1,3209,,gutim,260,
260,1437.7235,0.0712,144,79,11,3210,,G5,g,,,,,,,ng260_1G5e,3210,,gutim,260,
260,1437.7235,0.0712,144,54,15,3210,,F#3,g,,,,,,,ng260_5Fs3e,3210,,gutim,260,
260,1437.7985,0.5089,144,76,11,3211,,E5,,,,,,,,n260_1E5e,3211,,gutim,260,
260,1437.7985,0.5089,144,82,11,3211,,Bb5,,,,,,,,n260_1Bb5e,3211,,gutim,260,
260,1437.7985,0.3817,144,70,15,3211,,Bb4,,,,,,,,n260_5Bb4s_0,3211,,gutim,260,
260,1438.2003,0.3214,144,62,17,3212,,D4,,,,,,,,n260_5D4s_0,3212,,gutim,260,
260,1438.2003,0.3214,144,70,17,3212,,Bb4,,,,,,,,n260_5Bb4s_1,3212,,gutim,260,
260,1438.3342,0.4286,144,98,11,3213,,D7,,,,,,,,n260_1D7e,3213,,gutim,260,
260,1438.6021,0.2143,144,54,18,3214,,F#3,,,,,,,,n260_5Fs3s,3214,,gutim,260,
260,1438.6021,0.2143,144,62,18,3214,,D4,,,,,,,,n260_5D4s_1,3214,,gutim,260,
260,1439.0039,0.1071,144,72,20,3215,,C5,,,,,,,,n260_1C5t_0,3215,,gutim,260,
260,1439.0039,0.1071,144,80,20,3215,,Ab5,,,,,,,,n260_1Ab5t_0,3215,,gutim,260,
260,1439.1378,0.1071,144,40,20,3216,,E2,,,,,,,,n260_1E2t,3216,,gutim,260,
260,1439.2717,0.1071,144,47,20,3217,,B2,,,,,,,,n260_1B2t,3217,,gutim,260,
260,1439.4057,0.0714,144,53,20,3218,,F3,,,,,,,,n260_1F3t,3218,,gutim,260,
260,1439.4057,0.0714,144,72,20,3218,,C5,,,,,,,,n260_1C5t_1,3218,,gutim,260,
260,1439.4057,0.0714,144,80,20,3218,,Ab5,,,,,,,,n260_1Ab5t_1,3218,,gutim,260,
260,1439.495,0.0848,144,68,19,3219,,Ab4,,,,,,,,n260_1Ab4t,3219,,gutim,260,
260,1439.5842,0.0848,144,60,17,3220,,C4,,,,,,,,n260_1C4t,3220,,gutim,260,
260,1439.6735,0.0714,144,28,17,3221,,E1,,,,,,,,n260_5E1t_0,3221,,gutim,260,
260,1439.7628,0.1429,144,60,14,3222,,C4,,,,,,,,n260_1C4s,3222,,gutim,260,
260,1439.7628,0.1429,144,68,14,3222,,Ab4,,,,,,,,n260_1Ab4s,3222,,gutim,260,
260,1439.7628,0.0714,144,28,17,3222,,E1,,,,,,,,n260_5E1t_1,3222,,gutim,260,
260,1439.7628,0.0714,144,41,17,3222,,F2,,,,,,,,n260_5F2t,3222,,gutim,260,
260,1439.8521,0.0714,144,35,17,3223,,B1,,,,,,,,n260_5B1t,3223,,gutim,260,
260,1439.8628,0.0712,144,48,11,3224,,C3,g,,,,,,,ng260_1C3e,3224,,gutim,260,
260,1439.9378,0.0712,144,56,11,3225,,Ab3,g,,,,,,,ng260_1Ab3e,3225,,gutim,260,
260,1440.0128,0.0712,144,41,11,3226,,F2,g,,,,,,,ng260_1F2e,3226,,gutim,260,
260,1440.0878,0.1696,144,48,11,3227,,C3,,,,,,,,n260_1C3s,3227,,gutim,260,
260,1440.0878,0.1696,144,56,11,3227,,Ab3,,,,,,,,n260_1Ab3s,3227,,gutim,260,
260,1440.0878,0.2143,144,28,11,3227,,E1,,,,,,,,n260_5E1s,3227,,gutim,260,
260,1440.0878,0.2143,144,41,11,3227,,F2,,,,,,,,n260_5F2s,3227,,gutim,260,
260,1440.3557,0.2143,144,35,11,3228,,B1,,,,,,,,n260_5B1s,3228,,gutim,260,
260,1440.445,0.1429,144,46,11,3229,,Bb2,,,,,,,,n260_1Bb2s,3229,,gutim,260,
260,1440.6235,0.4286,144,92,11,3230,,Ab6,,,,,,,,n260_1Ab6e,3230,,gutim,260,
260,1441.1592,0.1429,144,73,11,3231,,C#5,,,,,,,,n260_1Cs5s_0,3231,,gutim,260,
260,1441.1592,0.1429,144,81,11,3231,,A5,,,,,,,,n260_1A5s,3231,,gutim,260,
260,1441.3378,0.1429,144,65,13,3232,,F4,,,,,,,,n260_1F4s,3232,,gutim,260,
260,1441.3378,0.1429,144,73,13,3232,,C#5,,,,,,,,n260_1Cs5s_1,3232,,gutim,260,
260,1441.5164,0.2857,144,65,15,3233,,F4,,,,,,,,n260_1F4e,3233,,gutim,260,
260,1441.5164,0.2857,144,73,15,3233,,C#5,,,,,,,,n260_1Cs5e,3233,,gutim,260,
260,1441.695,0.1429,144,46,14,3234,,Bb2,,,,,,,,n260_5Bb2s,3234,,gutim,260,
260,1441.8735,0.2857,144,40,17,3235,,E2,,,,,,,,n260_5E2e,3235,,gutim,260,
260,1442.1414,0.0714,144,51,17,3236,,Eb3,,,,,,,,n260_1Eb3t,3236,,gutim,260,
260,1442.1414,0.0714,144,84,17,3236,,C6,,,,,,,,n260_1C6t_0,3236,,gutim,260,
260,1442.2307,0.1071,144,71,18,3237,,B4,,,,,,,,n260_1B4t,3237,,gutim,260,
260,1442.2307,0.1071,144,84,18,3237,,C6,,,,,,,,n260_1C6t_1,3237,,gutim,260,
260,1442.2307,0.2143,144,39,17,3237,,Eb2,,,,,,,,n260_5Eb2s,3237,,gutim,260,
260,1442.7664,0.2041,144,52,8,3238,,E3,,,,,,,,n260_5E3s,3238,,gutim,260,
260,1442.9812,0.3048,144,59,8,3239,,B3,,,,,,,,n260_5B3s,3239,,gutim,260,
,,,,,,,,,,,,,,,,,,261,,,
261,1443.3021,0.5215,144,84,5,3240,,C6,,,,,,,,n261_1C6e_0,3240,,gutim,261,
261,1443.3021,0.5215,144,92,5,3240,,Ab6,,,,,,,,n261_1Ab6e_0,3240,,gutim,261,
261,1443.3021,0.5215,144,52,5,3240,,E3,,,,,,,,n261_5E3e_0,3240,,gutim,261,
261,1443.3021,0.5215,144,59,5,3240,,B3,,,,,,,,n261_5B3e_0,3240,,gutim,261,
261,1443.954,2.2153,144,84,5,3241,,C6,,,,,,,,n261_1C6e_1,3241,,gutim,261,
261,1443.954,2.2153,144,92,5,3241,,Ab6,,,,,,,,n261_1Ab6e_1,3241,,gutim,261,
261,1443.954,2.2153,144,52,5,3241,,E3,,,,,,,,n261_5E3e_1,3241,,gutim,261,
261,1443.954,2.2153,144,59,5,3241,,B3,,,,,,,,n261_5B3e_1,3241,,gutim,261,
261,1443.954,2.2153,144,65,5,3241,,F4,,,,,,,,n261_5F4e,3241,,gutim,261,
,,,,,,,7191,,,,,,,,,,,,gutim,,
,,,,,,,,,,,,,,,,,,262,,,
262,1456.9193,1.2549,144,21,14,3242,,A0,,,,,,,,n262_5A0e,3242,,gutim,262,
262,1456.9193,1.2549,144,32,14,3242,,G#1,,,,,,,,n262_5Gs1e,3242,,gutim,262,
,,,,,,,7192,,,,,,,,,,,,gutim,,
,,,,,,,,,,,,,,,,,,263,,,
263,1457.7817,0.6709,144,72,14,3243,,C5,,,,,,,,n263_1C5e,3243,,gutim,263,
263,1457.7817,0.565,144,79,14,3243,,G5,,,,,,,,n263_1G5e,3243,,gutim,263,
263,1457.7817,0.565,144,82,14,3243,,Bb5,,,,,,,,n263_1Bb5e,3243,,gutim,263,
263,1457.7817,0.565,144,86,14,3243,,D6,,,,,,,,n263_1D6e,3243,,gutim,263,
263,1458.2629,0.06,144,47,14,3244,,B2,g,,,,,,,ng263_5B2e,3244,,gutim,263,
263,1458.3379,0.06,144,64,14,3245,,E4,g,,,,,,,ng263_5E4e,3245,,gutim,263,
263,1458.4129,0.06,144,35,14,3246,,B1,g,,,,,,,ng263_5B1e,3246,,gutim,263,
263,1458.4879,0.1887,144,55,14,3247,,G3,,,,,,,,n263_5G3s,3247,,gutim,263,
263,1458.4879,0.1887,144,58,14,3247,,Bb3,,,,,,,,n263_5Bb3s,3247,,gutim,263,
263,1458.7238,0.1121,144,42,14,3248,,F#2,,,,,,,,n263_5Fs2t_0,3248,,gutim,263,
263,1458.7238,0.1121,144,55,14,3248,,G3,,,,,,,,n263_5G3t_0,3248,,gutim,263,
263,1458.8418,0.2227,144,48,14,3249,,C3,,,,,,,,n263_5C3s_0,3249,,gutim,263,
263,1459.0761,0.1176,144,36,8,3250,,C2,,,,,,,,n263_1C2t,3250,,gutim,263,
263,1459.0761,0.1176,144,76,8,3250,,E5,,,,,,,,n263_1E5t,3250,,gutim,263,
263,1459.2232,0.1397,144,86,10,3251,,D6,,,,,,,,n263_1D6t_0,3251,,gutim,263,
263,1459.3702,0.0931,144,93,12,3252,,A6,,,,,,,,n263_1A6t_0,3252,,gutim,263,
263,1459.4683,0.0931,144,44,13,3253,,G#2,,,,,,,,n263_1Gs2t,3253,,gutim,263,
263,1459.5663,0.0931,144,93,14,3254,,A6,,,,,,,,n263_1A6t_1,3254,,gutim,263,
263,1459.6644,0.1397,144,86,14,3255,,D6,,,,,,,,n263_1D6t_1,3255,,gutim,263,
263,1459.8114,0.1397,144,56,20,3256,,G#3,,,,,,,,n263_1Gs3t,3256,,gutim,263,
263,1459.9585,0.1397,144,105,20,3257,,A7,,,,,,,,n263_1A7t,3257,,gutim,263,
263,1460.1055,0.1397,144,98,20,3258,,D7,,,,,,,,n263_1D7t,3258,,gutim,263,
263,1460.1055,0.1176,144,48,20,3258,,C3,,,,,,,,n263_5C3t,3258,,gutim,263,
263,1460.1055,0.1176,144,56,20,3258,,Ab3,,,,,,,,n263_5Ab3t,3258,,gutim,263,
263,1460.2526,0.049,144,98,20,3259,,D7,,,,,,,,n263_1D7s,3259,,gutim,263,
263,1460.2526,0.1569,144,105,20,3259,,A7,,,,,,,,n263_1A7s,3259,,gutim,263,
263,1460.2526,0.049,144,48,20,3259,,C3,,,,,,,,n263_5C3s_1,3259,,gutim,263,
263,1460.2526,0.1569,144,56,20,3259,,Ab3,,,,,,,,n263_5Ab3s,3259,,gutim,263,
263,1460.4487,0.1569,144,95,11,3260,,B6,,,,,,,,n263_1B6s,3260,,gutim,263,
263,1460.6448,0.1569,144,45,11,3261,,A2,,,,,,,,n263_5A2s,3261,,gutim,263,
263,1460.8408,1.8824,144,45,11,3262,,A2,,,,,,,,n263_1A2h,3262,,gutim,263,
263,1460.8408,1.8824,144,59,5,3262,,B3,,,,,,,,n263_1B3h,3262,,gutim,263,
263,1460.8408,1.8824,144,95,11,3262,,B6,,,,,,,,n263_1B6h,3262,,gutim,263,
263,1461.0767,0.1121,144,42,11,3263,,F#2,,,,,,,,n263_5Fs2t_1,3263,,gutim,263,
263,1461.0767,0.1121,144,55,11,3263,,G3,,,,,,,,n263_5G3t_1,3263,,gutim,263,
263,1461.1947,0.2241,144,48,11,3264,,C3,,,,,,,,n263_5C3s_2,3264,,gutim,263,
263,1461.5286,0.0931,144,33,8,3265,,A1,,,,,,,,n263_5A1t_0,3265,,gutim,263,
263,1461.6267,0.0931,144,64,9,3266,,E4,,,,,,,,n263_5E4t,3266,,gutim,263,
263,1461.7247,0.0931,144,74,10,3267,,D5,,,,,,,,n263_5D5t_0,3267,,gutim,263,
263,1461.8228,0.0931,144,33,11,3268,,A1,,,,,,,,n263_5A1t_1,3268,,gutim,263,
263,1461.8228,0.0931,144,44,11,3268,,G#2,,,,,,,,n263_5Gs2t,3268,,gutim,263,
263,1461.9208,0.0931,144,74,12,3269,,D5,,,,,,,,n263_5D5t_1,3269,,gutim,263,
263,1461.9208,0.0931,144,84,12,3269,,C6,,,,,,,,n263_5C6t,3269,,gutim,263,
263,1462.0188,0.1237,144,54,8,3270,,F#3,,,,,,,,n263_5Fs3t_0,3270,,gutim,263,
263,1462.149,0.1237,144,62,9,3271,,D4,,,,,,,,n263_5D4t,3271,,gutim,263,
263,1462.2793,0.1237,144,54,11,3272,,F#3,,,,,,,,n263_5Fs3t_1,3272,,gutim,263,
263,1462.4095,0.3725,144,62,12,3273,,D4,,,,,,,,n263_5D4s,3273,,gutim,263,
263,1462.8016,0.3725,144,54,17,3274,,F#3,,,,,,,,n263_5Fs3s,3274,,gutim,263,
263,1463.1188,0.06,144,65,14,3275,,F4,g,,,,,,,ng263_1F4e,3275,,gutim,263,
,,,,,,,,,,,,,,,,,,264,,,
264,1463.1938,1.4118,144,36,14,3276,,C2,,,,,,,,n264_1C2q,3276,,gutim,264,
264,1463.1938,1.4118,144,39,14,3276,,D#2,,,,,,,,n264_5Ds2q,3276,,gutim,264,
264,1465.0565,0.0931,144,33,8,3277,,A1,,,,,,,,n264_5A1t_0,3277,,gutim,264,
264,1465.1546,0.0931,144,64,9,3278,,E4,,,,,,,,n264_5E4t_0,3278,,gutim,264,
264,1465.2526,0.0931,144,74,10,3279,,D5,,,,,,,,n264_5D5t_0,3279,,gutim,264,
264,1465.3506,0.0931,144,33,11,3280,,A1,,,,,,,,n264_5A1t_1,3280,,gutim,264,
264,1465.3506,0.0931,144,44,11,3280,,G#2,,,,,,,,n264_5Gs2t_0,3280,,gutim,264,
264,1465.4487,0.0931,144,74,12,3281,,D5,,,,,,,,n264_5D5t_1,3281,,gutim,264,
264,1465.4487,0.0931,144,84,12,3281,,C6,,,,,,,,n264_5C6t_0,3281,,gutim,264,
264,1465.8822,0.1601,144,33,8,3282,,A1,,,,,,,,n264_5A1t_2,3282,,gutim,264,
264,1466.0507,0.2401,144,64,8,3283,,E4,,,,,,,,n264_5E4t_1,3283,,gutim,264,
264,1466.3035,0.2401,144,44,9,3284,,G#2,,,,,,,,n264_5Gs2t_1,3284,,gutim,264,
264,1466.5562,0.1601,144,33,10,3285,,A1,,,,,,,,n264_5A1t_3,3285,,gutim,264,
264,1466.7247,0.2022,144,84,10,3286,,C6,,,,,,,,n264_5C6t_1,3286,,gutim,264,
264,1466.9775,0.1601,144,74,11,3287,,D5,,,,,,,,n264_5D5t_2,3287,,gutim,264,
264,1467.146,0.1601,144,44,12,3288,,G#2,,,,,,,,n264_5Gs2t_2,3288,,gutim,264,
264,1467.3145,0.1601,144,74,12,3289,,D5,,,,,,,,n264_5D5t_3,3289,,gutim,264,
264,1467.483,0.2401,144,84,12,3290,,C6,,,,,,,,n264_5C6t_2,3290,,gutim,264,
264,1467.7358,0.1557,144,74,12,3291,,D5,,,,,,,,n264_5D5t_4,3291,,gutim,264,
,,,,,,,7193,,,,,,,,,,,,gutim,,
264,1467.8997,0.3137,144,45,12,3292,,A2,,,,,,,,n264_1A2e,3292,,gutim,264,
264,1467.8997,0.3137,144,95,12,3292,,B6,,,,,,,,n264_1B6e,3292,,gutim,264,
264,1468.2918,0.0784,144,73,12,3293,,C#5,,,,,,,,n264_1Cs5t,3293,,gutim,264,
264,1468.3899,0.0784,144,42,12,3294,,F#2,,,,,,,,n264_1Fs2t,3294,,gutim,264,
264,1468.4879,0.1176,144,53,12,3295,,F3,,,,,,,,n264_1F3t,3295,,gutim,264,
264,1468.635,0.1176,144,61,12,3296,,C#4,,,,,,,,n264_1Cs4t,3296,,gutim,264,
264,1468.782,0.2353,144,42,12,3297,,F#2,,,,,,,,n264_1Fs2s,3297,,gutim,264,
264,1469.0761,0.5588,144,65,14,3298,,F4,,,,,,,,n264_1F4e,3298,,gutim,264,
264,1469.0761,1.1176,144,36,14,3298,,C2,,,,,,,,n264_5C2q,3298,,gutim,264,
264,1469.6644,0.2241,144,68,14,3299,,Ab4,,,,,,,,n264_1Ab4s,3299,,gutim,264,
264,1469.9003,0.3347,144,58,14,3300,,Bb3,,,,,,,,n264_1Bb3s,3300,,gutim,264,
,,,,,,,,,,,,,,,,,,265,,,
265,1470.2526,0.4706,144,64,8,3301,,E4,,,,,,,,n265_1E4e_0,3301,,gutim,265,
265,1470.2526,0.1887,144,58,14,3301,,Bb3,,,,,,,,n265_2Bb3s,3301,,gutim,265,
265,1470.2526,0.1887,144,65,14,3301,,F4,,,,,,,,n265_2F4s,3301,,gutim,265,
265,1470.2526,0.1887,144,68,14,3301,,Ab4,,,,,,,,n265_2Ab4s,3301,,gutim,265,
265,1470.4885,0.2819,144,88,14,3302,,E6,,,,,,,,n265_2E6s,3302,,gutim,265,
265,1470.8408,0.3725,144,74,8,3303,,D5,,,,,,,,n265_1D5e_0,3303,,gutim,265,
265,1471.0369,0.1237,144,54,11,3304,,F#3,,,,,,,,n265_5Fs3t_0,3304,,gutim,265,
265,1471.1671,0.1237,144,62,13,3305,,D4,,,,,,,,n265_5D4t,3305,,gutim,265,
265,1471.233,0.3725,144,64,8,3306,,E4,,,,,,,,n265_1E4e_1,3306,,gutim,265,
265,1471.2973,0.1237,144,54,15,3307,,F#3,,,,,,,,n265_5Fs3t_1,3307,,gutim,265,
265,1471.4275,0.049,144,32,17,3308,,Ab1,,,,,,,,n265_5Ab1s_0,3308,,gutim,265,
265,1471.4275,0.1569,144,39,17,3308,,Eb2,,,,,,,,n265_5Eb2s_0,3308,,gutim,265,
265,1471.4275,0.1569,144,54,17,3308,,F#3,,,,,,,,n265_5Fs3s,3308,,gutim,265,
265,1471.4275,0.1569,144,62,17,3308,,D4,,,,,,,,n265_5D4s,3308,,gutim,265,
265,1471.6252,0.3137,144,74,8,3309,,D5,,,,,,,,n265_1D5e_1,3309,,gutim,265,
265,1471.6252,0.049,144,62,17,3309,,D4,,,,,,,,n265_2D4s,3309,,gutim,265,
265,1471.6252,0.1569,144,70,17,3309,,Bb4,,,,,,,,n265_2Bb4s_0,3309,,gutim,265,
265,1471.6236,0.049,144,32,17,3309,,Ab1,,,,,,,,n265_5Ab1s_1,3309,,gutim,265,
265,1471.6236,0.1569,144,39,17,3309,,Eb2,,,,,,,,n265_5Eb2s_1,3309,,gutim,265,
265,1472.0158,0.4718,144,24,8,3310,,C1,,,,,,,,n265_5C1e,3310,,gutim,265,
265,1472.6055,0.4706,144,74,8,3311,,D5,,,,,,,,n265_1D5e_2,3311,,gutim,265,
265,1472.6055,1.8824,144,31,5,3311,,G1,,,,,,,,n265_5G1h,3311,,gutim,265,
265,1473.1938,0.4706,144,56,8,3312,,Ab3,,,,,,,,n265_1Ab3e,3312,,gutim,265,
265,1473.782,0.9412,144,105,8,3313,,A7,,,,,,,,n265_1A7q,3313,,gutim,265,
265,1474.9585,0.9412,144,74,17,3314,,D5,,,,,,,,n265_1D5q,3314,,gutim,265,
265,1474.9585,0.2794,144,70,5,3314,,Bb4,,,,,,,,n265_2Bb4s_1,3314,,gutim,265,
265,1474.9585,0.2353,144,42,5,3314,,F#2,,,,,,,,n265_5Fs2s,3314,,gutim,265,
265,1474.9585,0.2353,144,48,5,3314,,C3,,,,,,,,n265_5C3s,3314,,gutim,265,
265,1474.9585,0.2353,144,55,5,3314,,G3,,,,,,,,n265_5G3s_0,3314,,gutim,265,
265,1475.2526,0.2794,144,83,5,3315,,B5,,,,,,,,n265_2B5s,3315,,gutim,265,
265,1475.2526,0.2353,144,39,5,3315,,Eb2,,,,,,,,n265_5Eb2s_2,3315,,gutim,265,
265,1475.5467,0.2794,144,71,5,3316,,B4,,,,,,,,n265_2B4s,3316,,gutim,265,
265,1475.5467,0.2353,144,55,5,3316,,G3,,,,,,,,n265_5G3s_1,3316,,gutim,265,
265,1475.8408,0.1176,144,61,5,3317,,Db4,,,,,,,,n265_5Db4t,3317,,gutim,265,
265,1475.9879,0.1176,144,44,5,3318,,Ab2,,,,,,,,n265_5Ab2t,3318,,gutim,265,
,,,,,,,,,,,,,,,,,,266,,,
266,1476.135,0.2353,144,61,5,3319,,Db4,,,,,,,,n266_1Db4s,3319,,gutim,266,
266,1476.135,0.1176,144,44,5,3319,,Ab2,,,,,,,,n266_5Ab2t_0,3319,,gutim,266,
266,1476.282,0.1176,144,39,5,3320,,Eb2,,,,,,,,n266_5Eb2t_0,3320,,gutim,266,
266,1476.4291,0.1176,144,71,5,3321,,B4,,,,,,,,n266_1B4t_0,3321,,gutim,266,
266,1476.4291,0.2353,144,39,5,3321,,Eb2,,,,,,,,n266_5Eb2s_0,3321,,gutim,266,
266,1476.5761,0.1176,144,55,5,3322,,G3,,,,,,,,n266_1G3t_0,3322,,gutim,266,
266,1476.8702,0.0784,144,61,5,3323,,Db4,,,,,,,,n266_1Db4t_0,3323,,gutim,266,
266,1476.8702,0.1569,144,39,5,3323,,Eb2,,,,,,,,n266_5Eb2s_1,3323,,gutim,266,
266,1476.8702,0.1569,144,44,5,3323,,Ab2,,,,,,,,n266_5Ab2s,3323,,gutim,266,
266,1476.9683,0.0784,144,71,5,3324,,B4,,,,,,,,n266_1B4t_1,3324,,gutim,266,
266,1477.0663,0.0784,144,55,5,3325,,G3,,,,,,,,n266_1G3t_1,3325,,gutim,266,
266,1477.0663,0.0784,144,61,5,3325,,Db4,,,,,,,,n266_1Db4t_1,3325,,gutim,266,
266,1477.0663,0.0784,144,39,5,3325,,Eb2,,,,,,,,n266_5Eb2t_1,3325,,gutim,266,
266,1477.0663,0.0784,144,44,5,3325,,Ab2,,,,,,,,n266_5Ab2t_1,3325,,gutim,266,
,,,,,,,7195,,,,,,,,,,,,gutim,,
266,1478.4129,0.06,144,70,14,3326,,Bb4,g,,,,,,,ng266_1Bb4e,3326,,gutim,266,
266,1478.4129,0.06,144,21,14,3326,,A0,g,,,,,,,ng266_6A0e,3326,,gutim,266,
266,1478.4879,5.6471,144,70,14,3327,,Bb4,,,,,,,,n266_1Bb4h,3327,,gutim,266,
266,1478.4879,5.6471,144,32,14,3327,,G#1,,,,,,,,n266_5Gs1h,3327,,gutim,266,
266,1478.4879,5.6471,144,21,14,3327,,A0,,,,,,,,n266_6A0h,3327,,gutim,266,
,,,,,,,,,,,,,,,,,,267,,,
267,1485.5467,3.7647,144,70,14,3328,,Bb4,,,,,,,,n267_1Bb4h_1,3328,,gutim,267,
267,1485.5467,0.7843,144,32,11,3328,,G#1,,,,,,,,n267_5Gs1e_0,3328,,gutim,267,
267,1485.5467,6.5882,144,21,17,3328,,A0,,,,,,,,n267_6A0h_1,3328,,gutim,267,
267,1486.5271,0.1569,144,70,17,3329,,Bb4,,,,,,,,n267_2Bb4s,3329,,gutim,267,
267,1486.5271,1.098,144,31,17,3329,,G1,,,,,,,,n267_5G1s,3329,,gutim,267,
267,1487.7497,0.06,144,89,14,3330,,F6,g,,,,,,,ng267_2F6e,3330,,gutim,267,
267,1487.8247,0.06,144,60,17,3331,,C4,g,,,,,,,ng267_2C4e,3331,,gutim,267,
,,,,,,,,,,,,,,,,,,268,,,
268,1487.8997,1.8824,144,82,14,3332,,Bb5,,,,,,,,n268_2Bb5h,3332,,gutim,268,
268,1487.8997,2.1961,144,51,14,3332,,Eb3,,,,,,,,n268_5Eb3s_0,3332,,gutim,268,
268,1488.1938,0.2353,144,30,19,3333,,F#1,,,,,,,,n268_5Fs1s,3333,,gutim,268,
268,1488.4879,1.4118,144,68,5,3334,,Ab4,,,,,,,,n268_1Ab4q,3334,,gutim,268,
268,1489.9585,0.549,144,53,20,3335,,F3,,,,,,,,n268_5F3s,3335,,gutim,268,
268,1490.6448,0.3137,144,71,17,3336,,B4,,,,,,,,n268_5B4e,3336,,gutim,268,
268,1491.0369,0.1569,144,21,20,3337,,A0,,,,,,,,n268_5A0s,3337,,gutim,268,
268,1491.233,0.4706,144,88,22,3338,,E6,,,,,,,,n268_5E6s,3338,,gutim,268,
268,1491.8212,0.1569,144,31,17,3339,,G1,,,,,,,,n268_5G1s,3339,,gutim,268,
268,1492.4095,0.1863,144,76,17,3340,,E5,,,,,,,,n268_5E5s,3340,,gutim,268,
268,1492.6055,0.5588,144,59,14,3341,,B3,,,,,,,,n268_5B3e,3341,,gutim,268,
,,,,,,,,,,,,,,,,,,269,,,
269,1494.7624,0.0527,144,44,20,3342,,Ab2,,,,,,,,n269_5Ab2x,3342,,gutim,269,
269,1494.7624,0.0527,144,58,20,3342,,Bb3,,,,,,,,n269_5Bb3x,3342,,gutim,269,
269,1494.8283,0.0527,144,60,20,3343,,C4,,,,,,,,n269_5C4x,3343,,gutim,269,
269,1494.8941,0.0515,144,100,20,3344,,E7,,,,,,,,n269_5E7x,3344,,gutim,269,
269,1494.9585,0.1176,144,82,20,3345,,Bb5,,,,,,,,n269_5Bb5t,3345,,gutim,269,
269,1495.5467,0.8382,144,86,14,3346,,D6,,,,,,,,n269_1D6e,3346,,gutim,269,
269,1496.4291,0.2794,144,48,8,3347,,C3,,,,,,,,n269_1C3s,3347,,gutim,269,
269,1496.4291,0.3725,144,46,5,3347,,Bb2,,,,,,,,n269_5Bb2e,3347,,gutim,269,
269,1496.8212,0.049,144,71,20,3348,,B4,,,,,,,,n269_1B4t,3348,,gutim,269,
269,1496.8212,0.0784,144,82,20,3348,,A#5,,,,,,,,n269_1As5t,3348,,gutim,269,
269,1496.8212,0.0784,144,85,20,3348,,C#6,,,,,,,,n269_1Cs6t,3348,,gutim,269,
269,1496.8212,0.0931,144,64,2,3348,,E4,,,,,,,,n269_5E4t,3348,,gutim,269,
269,1496.9193,0.0931,144,54,8,3349,,F#3,,,,,,,,n269_5Fs3t,3349,,gutim,269,
269,1497.0173,0.0931,144,60,7,3350,,C4,,,,,,,,n269_5C4t,3350,,gutim,269,
269,1497.1614,0.0712,144,42,7,3351,,F#2,g,,,,,,,ng269_5Fs2e,3351,,gutim,269,
269,1497.2364,0.0712,144,55,8,3352,,G3,g,,,,,,,ng269_5G3e,3352,,gutim,269,
269,1497.3114,0.9412,144,64,11,3353,,E4,,,,,,,,n269_1E4q,3353,,gutim,269,
269,1497.3114,0.9412,144,70,11,3353,,Bb4,,,,,,,,n269_1Bb4q,3353,,gutim,269,
269,1497.3114,1.8627,144,32,11,3353,,G#1,,,,,,,,n269_5Gs1q,3353,,gutim,269,
269,1498.684,0.2353,144,86,5,3354,,D6,,,,,,,,n269_1D6s_1,3354,,gutim,269,
269,1498.684,0.0392,144,35,8,3354,,B1,,,,,,,,n269_5B1x,3354,,gutim,269,
269,1498.733,0.0392,144,30,8,3355,,F#1,,,,,,,,n269_5Fs1x,3355,,gutim,269,
269,1498.9781,0.3922,144,67,2,3356,,G4,,,,,,,,n269_1G4t,3356,,gutim,269,
269,1499.2722,0.3137,144,48,17,3357,,C3,,,,,,,,n269_5C3e,3357,,gutim,269,
269,1499.4683,1.2549,144,54,11,3358,,F#3,,,,,,,,n269_1Fs3s,3358,,gutim,269,
,,,,,,,,,,,,,,,,,,270,,,
270,1500.2526,0.5588,144,89,22,3359,,F6,,,,,,,,n270_2F6e,3359,,gutim,270,
270,1500.8408,0.5588,144,83,19,3360,,B5,,,,,,,,n270_2B5e,3360,,gutim,270,
270,1501.233,0.1569,144,60,17,3361,,C4,,,,,,,,n270_1C4s,3361,,gutim,270,
270,1501.8673,0.06,144,55,8,3362,,G3,g,,,,,,,ng270_5G3e,3362,,gutim,270,
270,1501.9423,0.06,144,48,8,3363,,C3,g,,,,,,,ng270_5C3e,3363,,gutim,270,
270,1502.0173,1.2549,144,77,17,3364,,F5,,,,,,,,n270_1F5q,3364,,gutim,270,
270,1502.0173,0.9412,144,58,8,3364,,Bb3,,,,,,,,n270_5Bb3q,3364,,gutim,270,
270,1503.4879,0.0784,144,79,14,3365,,G5,,,,,,,,n270_2G5t,3365,,gutim,270,
270,1503.4879,0.0784,144,81,20,3365,,A5,,,,,,,,n270_2A5t,3365,,gutim,270,
270,1503.5859,0.0784,144,68,20,3366,,G#4,,,,,,,,n270_2Gs4t,3366,,gutim,270,
270,1503.5859,0.0784,144,71,20,3366,,B4,,,,,,,,n270_2B4t,3366,,gutim,270,
270,1503.5859,0.0784,144,52,20,3366,,E3,,,,,,,,n270_5E3t,3366,,gutim,270,
270,1503.5859,0.0784,144,60,8,3366,,C4,,,,,,,,n270_5C4t,3366,,gutim,270,
270,1503.684,0.0784,144,88,8,3367,,E6,,,,,,,,n270_2E6t,3367,,gutim,270,
270,1503.684,2.902,144,37,8,3367,,C#2,,,,,,,,n270_5Cs2t,3367,,gutim,270,
,,,,,,,,,,,,,,,,,,271,,,
271,1506.135,0.4706,144,105,20,3368,,A7,,,,,,,,n271_1A7e,3368,,gutim,271,
271,1506.135,0.9412,144,44,5,3368,,G#2,,,,,,,,n271_5Gs2e_0,3368,,gutim,271,
271,1507.3114,3.2941,144,44,14,3369,,G#2,,,,,,,,n271_5Gs2e_2,3369,,gutim,271,
271,1509.0761,1.8824,144,97,11,3370,,C#7,,,,,,,,n271_1Cs7h,3370,,gutim,271,
,,,,,,,,,,,,,,,,,,272,,,
272,1513.1938,0.4706,144,28,14,3371,,E1,,,,,,,,n272_5E1e,3371,,gutim,272,
272,1513.1938,0.4706,144,48,14,3371,,C3,,,,,,,,n272_5C3e,3371,,gutim,272,
272,1513.632,0.06,144,65,14,3372,,F4,g,,,,,,,ng272_1F4e,3372,,gutim,272,
272,1513.707,0.06,144,50,14,3373,,D3,g,,,,,,,ng272_1D3e,3373,,gutim,272,
,,,,,,,,,,,,,,,,,,274,,,
274,1519.9132,0.1121,144,47,14,3374,,B2,,,,,,,,n274_5B2t_0,3374,,gutim,274,
274,1519.9132,0.1121,144,62,14,3374,,D4,,,,,,,,n274_5D4t,3374,,gutim,274,
,,,,,,,7199,,,,,,,,,,,,gutim,,
274,1520.0312,0.1121,144,40,14,3375,,E2,,,,,,,,n274_5E2t_0,3375,,gutim,274,
274,1520.1491,0.1121,144,30,16,3376,,F#1,,,,,,,,n274_5Fs1t_0,3376,,gutim,274,
274,1520.1491,0.1121,144,50,16,3376,,D3,,,,,,,,n274_5D3t_0,3376,,gutim,274,
274,1520.2671,0.1121,144,22,19,3377,,A#0,,,,,,,,n274_5As0t,3377,,gutim,274,
274,1520.2671,0.1121,144,40,19,3377,,E2,,,,,,,,n274_5E2t_1,3377,,gutim,274,
274,1520.2671,0.1121,144,47,19,3377,,B2,,,,,,,,n274_5B2t_1,3377,,gutim,274,
274,1520.385,0.1106,144,30,22,3378,,F#1,,,,,,,,n274_5Fs1t_1,3378,,gutim,274,
274,1520.385,0.1106,144,40,22,3378,,E2,,,,,,,,n274_5E2t_2,3378,,gutim,274,
274,1520.385,0.1106,144,47,22,3378,,B2,,,,,,,,n274_5B2t_2,3378,,gutim,274,
274,1520.385,0.1106,144,50,22,3378,,D3,,,,,,,,n274_5D3t_1,3378,,gutim,274,
274,1523.1485,0.1569,144,50,24,3379,,D3,,,,,,,,n274_1D3s,3379,,gutim,274,
274,1523.1485,0.1569,144,97,24,3379,,C#7,,,,,,,,n274_1Cs7s,3379,,gutim,274,
274,1523.3446,0.1569,144,32,24,3380,,Ab1,,,,,,,,n274_1Ab1s,3380,,gutim,274,
274,1523.3446,0.1569,144,72,24,3380,,C5,,,,,,,,n274_1C5s,3380,,gutim,274,
274,1523.3446,0.1569,144,76,24,3380,,E5,,,,,,,,n274_1E5s,3380,,gutim,274,
,,,,,,,,,,,,,,,,,,275,,,
275,1525.5015,0.3922,144,24,24,3381,,C1,,,,,,,,n275_5C1e,3381,,gutim,275,
275,1525.7956,0.0784,144,61,22,3382,,Db4,,,,,,,,n275_1Db4t_0,3382,,gutim,275,
275,1525.8936,0.0784,144,31,20,3383,,G1,,,,,,,,n275_5G1t_0,3383,,gutim,275,
275,1525.9917,0.0784,144,49,19,3384,,Db3,,,,,,,,n275_1Db3t_0,3384,,gutim,275,
275,1526.0897,0.0784,144,61,17,3385,,Db4,,,,,,,,n275_1Db4t_1,3385,,gutim,275,
275,1526.0897,0.0784,144,36,17,3385,,C2,,,,,,,,n275_5C2t_0,3385,,gutim,275,
275,1526.1877,0.0784,144,31,16,3386,,G1,,,,,,,,n275_5G1t_1,3386,,gutim,275,
275,1526.2858,0.0784,144,48,14,3387,,C3,,,,,,,,n275_1C3t_0,3387,,gutim,275,
275,1526.2858,0.0784,144,61,14,3387,,Db4,,,,,,,,n275_1Db4t_2,3387,,gutim,275,
275,1526.3838,0.0784,144,31,13,3388,,G1,,,,,,,,n275_5G1t_2,3388,,gutim,275,
275,1526.3838,0.0784,144,36,13,3388,,C2,,,,,,,,n275_5C2t_1,3388,,gutim,275,
275,1526.4819,0.0784,144,48,11,3389,,C3,,,,,,,,n275_1C3t_1,3389,,gutim,275,
275,1526.4819,0.0784,144,49,11,3389,,Db3,,,,,,,,n275_1Db3t_1,3389,,gutim,275,
275,1526.5799,0.0784,144,36,10,3390,,C2,,,,,,,,n275_5C2t_2,3390,,gutim,275,
275,1526.6779,0.1176,144,61,8,3391,,Db4,,,,,,,,n275_1Db4t_3,3391,,gutim,275,
275,1526.6779,0.1176,144,64,8,3391,,E4,,,,,,,,n275_1E4t,3391,,gutim,275,
275,1526.6779,0.1176,144,31,8,3391,,G1,,,,,,,,n275_5G1t_3,3391,,gutim,275,
275,1526.825,0.1176,144,32,8,3392,,Ab1,,,,,,,,n275_5Ab1t_0,3392,,gutim,275,
275,1529.5441,0.06,144,76,11,3393,,E5,g,,,,,,,ng275_5E5e,3393,,gutim,275,
275,1529.6191,0.2353,144,74,22,3394,,D5,,,,,,,,n275_1D5s,3394,,gutim,275,
275,1529.6191,0.2353,144,76,17,3394,,E5,,,,,,,,n275_1E5s,3394,,gutim,275,
275,1529.6191,0.4706,144,44,11,3394,,Ab2,,,,,,,,n275_5Ab2e,3394,,gutim,275,
275,1529.6191,0.4706,144,51,11,3394,,Eb3,,,,,,,,n275_5Eb3e,3394,,gutim,275,
275,1529.6191,0.4706,144,56,22,3394,,Ab3,,,,,,,,n275_5Ab3e,3394,,gutim,275,
275,1529.9132,0.2353,144,105,22,3395,,A7,,,,,,,,n275_1A7s,3395,,gutim,275,
275,1530.0574,0.0712,144,50,20,3396,,D3,g,,,,,,,ng275_5D3e,3396,,gutim,275,
275,1530.1324,0.0712,144,57,18,3397,,A3,g,,,,,,,ng275_5A3e,3397,,gutim,275,
275,1530.2074,0.0931,144,40,16,3398,,E2,,,,,,,,n275_5E2t_0,3398,,gutim,275,
275,1530.3054,0.0784,144,24,14,3399,,C1,,,,,,,,n275_5C1t_1,3399,,gutim,275,
275,1530.4034,0.0784,144,50,12,3400,,D3,,,,,,,,n275_5D3t_0,3400,,gutim,275,
275,1530.5015,0.0784,144,32,9,3401,,Ab1,,,,,,,,n275_5Ab1t_1,3401,,gutim,275,
275,1530.5995,0.0784,144,57,7,3402,,A3,,,,,,,,n275_5A3t,3402,,gutim,275,
275,1530.6975,0.0784,144,24,5,3403,,C1,,,,,,,,n275_5C1t_2,3403,,gutim,275,
275,1530.6975,0.0784,144,32,5,3403,,Ab1,,,,,,,,n275_5Ab1t_2,3403,,gutim,275,
275,1530.6975,0.0784,144,40,5,3403,,E2,,,,,,,,n275_5E2t_1,3403,,gutim,275,
275,1530.6975,0.0784,144,50,5,3403,,D3,,,,,,,,n275_5D3t_1,3403,,gutim,275,
275,1530.7956,0.3137,144,57,5,3404,,A3,,,,,,,,n275_5A3e,3404,,gutim,275,
275,1531.2858,0.0931,144,31,5,3405,,G1,,,,,,,,n275_5G1t_4,3405,,gutim,275,
,,,,,,,,,,,,,,,,,,276,,,
276,1531.3838,0.1397,144,76,5,3406,,E5,,,,,,,,n276_5E5t_0,3406,,gutim,276,
276,1531.5309,0.1397,144,44,5,3407,,G#2,,,,,,,,n276_5Gs2t_0,3407,,gutim,276,
276,1531.6779,0.1397,144,31,5,3408,,G1,,,,,,,,n276_5G1t_0,3408,,gutim,276,
276,1531.6779,0.1397,144,73,5,3408,,C#5,,,,,,,,n276_5Cs5t_0,3408,,gutim,276,
276,1531.825,0.1397,144,76,5,3409,,E5,,,,,,,,n276_5E5t_1,3409,,gutim,276,
276,1531.9721,0.1397,144,44,5,3410,,G#2,,,,,,,,n276_5Gs2t_1,3410,,gutim,276,
276,1532.1191,0.1397,144,31,5,3411,,G1,,,,,,,,n276_5G1t_1,3411,,gutim,276,
276,1532.1191,0.1397,144,60,5,3411,,C4,,,,,,,,n276_5C4t,3411,,gutim,276,
276,1532.1191,0.1397,144,73,5,3411,,C#5,,,,,,,,n276_5Cs5t_1,3411,,gutim,276,
,,,,,,,7202,,,,,,,,,,,,gutim,,
,,,,,,,,,,,,,,,,,,277,,,
277,1537.8544,0.9412,144,24,22,3412,,C1,,,,,,,,n277_5C1q,3412,,gutim,277,
277,1537.8544,0.9412,144,27,22,3412,,Eb1,,,,,,,,n277_5Eb1q,3412,,gutim,277,
277,1537.8544,0.9412,144,51,22,3412,,Eb3,,,,,,,,n277_5Eb3q,3412,,gutim,277,
277,1538.2956,0.1397,144,59,14,3413,,B3,,,,,,,,n277_1B3t_0,3413,,gutim,277,
277,1538.4426,0.1397,144,74,14,3414,,D5,,,,,,,,n277_1D5t,3414,,gutim,277,
277,1538.5897,0.1397,144,52,14,3415,,E3,,,,,,,,n277_1E3t_0,3415,,gutim,277,
277,1538.7368,0.0931,144,42,14,3416,,F#2,,,,,,,,n277_1Fs2t_0,3416,,gutim,277,
277,1538.8348,0.0931,144,34,14,3417,,A#1,,,,,,,,n277_1As1t,3417,,gutim,277,
277,1538.8348,0.0931,144,52,14,3417,,E3,,,,,,,,n277_1E3t_1,3417,,gutim,277,
277,1538.8348,0.0931,144,59,14,3417,,B3,,,,,,,,n277_1B3t_1,3417,,gutim,277,
277,1538.9328,0.0931,144,42,14,3418,,F#2,,,,,,,,n277_1Fs2t_1,3418,,gutim,277,
277,1538.9559,0.06,144,40,8,3419,,E2,g,,,,,,,ng277_5E2e,3419,,gutim,277,
277,1539.0309,0.7451,144,47,8,3420,,B2,,,,,,,,n277_5B2q,3420,,gutim,277,
277,1539.325,0.0931,144,76,17,3421,,E5,,,,,,,,n277_1E5t,3421,,gutim,277,
277,1539.423,0.1863,144,68,18,3422,,G#4,,,,,,,,n277_1Gs4s,3422,,gutim,277,
277,1539.6191,0.0931,144,96,20,3423,,C7,,,,,,,,n277_1C7t,3423,,gutim,277,
277,1539.7172,0.1863,144,86,21,3424,,D6,,,,,,,,n277_1D6s,3424,,gutim,277,
277,1539.8152,0.3725,144,40,8,3425,,E2,,,,,,,,n277_5E2e,3425,,gutim,277,
277,1539.8152,0.3725,144,47,8,3425,,B2,,,,,,,,n277_5B2e,3425,,gutim,277,
277,1539.8152,0.3725,144,50,8,3425,,D3,,,,,,,,n277_5D3e,3425,,gutim,277,
277,1540.2074,0.2353,144,24,22,3426,,C1,,,,,,,,n277_5C1e,3426,,gutim,277,
277,1540.2074,0.4706,144,44,22,3426,,Ab2,,,,,,,,n277_5Ab2e_0,3426,,gutim,277,
277,1540.2074,0.4706,144,51,22,3426,,Eb3,,,,,,,,n277_5Eb3e,3426,,gutim,277,
277,1541.3838,0.4706,144,44,14,3427,,Ab2,,,,,,,,n277_5Ab2e_1,3427,,gutim,277,
277,1541.9721,0.3137,144,60,14,3428,,C4,,,,,,,,n277_5C4e,3428,,gutim,277,
277,1542.3642,0.3137,144,88,14,3429,,E6,,,,,,,,n277_5E6e,3429,,gutim,277,
,,,,,,,,,,,,,,,,,,278,,,
278,1543.5407,0.1569,144,97,20,3430,,C#7,,,,,,,,n278_1Cs7s,3430,,gutim,278,
278,1543.5407,0.1569,144,50,20,3430,,D3,,,,,,,,n278_5D3s,3430,,gutim,278,
278,1543.7368,0.1569,144,72,20,3431,,C5,,,,,,,,n278_1C5s,3431,,gutim,278,
278,1543.7368,0.1569,144,76,20,3431,,E5,,,,,,,,n278_1E5s,3431,,gutim,278,
278,1543.7368,0.1569,144,32,20,3431,,Ab1,,,,,,,,n278_5Ab1s,3431,,gutim,278,
278,1545.5015,0.1176,144,59,24,3432,,B3,,,,,,,,n278_1B3t_0,3432,,gutim,278,
278,1545.5015,0.1176,144,72,24,3432,,C5,,,,,,,,n278_1C5t,3432,,gutim,278,
278,1545.5015,0.1176,144,27,24,3432,,Eb1,,,,,,,,n278_5Eb1t_0,3432,,gutim,278,
278,1545.5015,0.1176,144,30,24,3432,,Gb1,,,,,,,,n278_5Gb1t_0,3432,,gutim,278,
278,1545.6485,0.1176,144,55,24,3433,,G3,,,,,,,,n278_1G3t,3433,,gutim,278,
278,1545.6485,0.1176,144,59,24,3433,,B3,,,,,,,,n278_1B3t_1,3433,,gutim,278,
278,1545.6485,0.1176,144,27,24,3433,,Eb1,,,,,,,,n278_5Eb1t_1,3433,,gutim,278,
278,1545.6485,0.1176,144,30,24,3433,,Gb1,,,,,,,,n278_5Gb1t_1,3433,,gutim,278,
278,1546.6779,0.2819,144,47,11,3434,,B2,,,,,,,,n278_1B2s,3434,,gutim,278,
278,1547.0303,0.1887,144,70,11,3435,,Bb4,,,,,,,,n278_1Bb4s,3435,,gutim,278,
278,1547.2662,0.1569,144,88,11,3436,,E6,,,,,,,,n278_1E6s,3436,,gutim,278,
278,1547.4623,0.1569,144,59,11,3437,,B3,,,,,,,,n278_1B3s,3437,,gutim,278,
278,1547.6583,0.1569,144,82,11,3438,,Bb5,,,,,,,,n278_1Bb5s,3438,,gutim,278,
278,1547.8544,0.0784,144,42,11,3439,,F#2,,,,,,,,n278_5Fs2t_0,3439,,gutim,278,
278,1547.8544,0.0784,144,59,11,3439,,B3,,,,,,,,n278_5B3t_0,3439,,gutim,278,
278,1547.9525,0.0784,144,62,11,3440,,D4,,,,,,,,n278_5D4t_0,3440,,gutim,278,
278,1548.0505,0.0784,144,42,11,3441,,F#2,,,,,,,,n278_5Fs2t_1,3441,,gutim,278,
278,1548.1485,0.1176,144,59,11,3442,,B3,,,,,,,,n278_5B3t_1,3442,,gutim,278,
278,1548.1485,0.1176,144,62,11,3442,,D4,,,,,,,,n278_5D4t_1,3442,,gutim,278,
278,1548.1485,0.1176,144,70,11,3442,,Bb4,,,,,,,,n278_5Bb4t,3442,,gutim,278,
278,1548.2956,0.1176,144,42,11,3443,,F#2,,,,,,,,n278_5Fs2t_2,3443,,gutim,278,
,,,,,,,,,,,,,,,,,,284,,,
284,1578.4426,0.06,144,53,8,3444,,F3,g,,,,,,,ng284_5F3e,3444,,gutim,284,
,,,,,,,7206,,,,,,,,,,,,gutim,,
284,1578.5176,0.2794,144,51,11,3445,,D#3,,,,,,,,n284_1Ds3s,3445,,gutim,284,
284,1578.5176,0.2353,144,52,11,3445,,E3,,,,,,,,n284_1E3s,3445,,gutim,284,
284,1578.5176,0.2353,144,63,11,3445,,D#4,,,,,,,,n284_1Ds4s,3445,,gutim,284,
284,1578.5176,0.1397,144,43,14,3445,,G2,,,,,,,,n284_5G2t_0,3445,,gutim,284,
284,1578.6647,0.0931,144,63,9,3446,,D#4,,,,,,,,n284_5Ds4t,3446,,gutim,284,
284,1578.7627,0.0931,144,52,9,3447,,E3,,,,,,,,n284_5E3t_0,3447,,gutim,284,
284,1578.8118,0.2794,144,56,12,3448,,G#3,,,,,,,,n284_1Gs3s,3448,,gutim,284,
284,1578.8608,0.0931,144,53,9,3449,,F3,,,,,,,,n284_5F3t_0,3449,,gutim,284,
284,1578.9588,0.0931,144,52,9,3450,,E3,,,,,,,,n284_5E3t_1,3450,,gutim,284,
284,1579.0569,0.0931,144,53,10,3451,,F3,,,,,,,,n284_5F3t_1,3451,,gutim,284,
284,1579.1059,0.5588,144,33,14,3452,,A1,,,,,,,,n284_1A1e,3452,,gutim,284,
284,1579.1549,0.0931,144,52,10,3453,,E3,,,,,,,,n284_5E3t_2,3453,,gutim,284,
284,1579.2529,0.1397,144,53,10,3454,,F3,,,,,,,,n284_5F3t_2,3454,,gutim,284,
284,1579.4,0.1397,144,52,10,3455,,E3,,,,,,,,n284_5E3t_3,3455,,gutim,284,
284,1579.5471,0.1397,144,43,11,3456,,G2,,,,,,,,n284_5G2t_1,3456,,gutim,284,
284,1579.6941,0.0931,144,75,11,3457,,D#5,,,,,,,,n284_5Ds5t_0,3457,,gutim,284,
284,1579.7922,0.0931,144,52,11,3458,,E3,,,,,,,,n284_5E3t_4,3458,,gutim,284,
284,1579.8902,0.0931,144,47,12,3459,,B2,,,,,,,,n284_5B2t_0,3459,,gutim,284,
284,1579.9882,0.1397,144,75,12,3460,,D#5,,,,,,,,n284_5Ds5t_1,3460,,gutim,284,
284,1580.1353,0.0931,144,47,12,3461,,B2,,,,,,,,n284_5B2t_1,3461,,gutim,284,
284,1580.2333,0.1397,144,65,12,3462,,F4,,,,,,,,n284_5F4t,3462,,gutim,284,
284,1580.3804,0.1397,144,52,13,3463,,E3,,,,,,,,n284_5E3t_5,3463,,gutim,284,
284,1580.5275,0.1397,144,31,13,3464,,G1,,,,,,,,n284_5G1t,3464,,gutim,284,
284,1580.6745,0.0931,144,87,14,3465,,D#6,,,,,,,,n284_5Ds6t,3465,,gutim,284,
284,1580.7725,0.0931,144,40,14,3466,,E2,,,,,,,,n284_5E2t,3466,,gutim,284,
284,1580.8706,1.1176,144,35,14,3467,,B1,,,,,,,,n284_5B1q,3467,,gutim,284,
284,1581.1647,0.2353,144,62,22,3468,,D4,,,,,,,,n284_1D4s_0,3468,,gutim,284,
284,1581.1647,0.2353,144,84,22,3468,,C6,,,,,,,,n284_1C6s_0,3468,,gutim,284,
284,1581.4588,0.3529,144,62,22,3469,,D4,,,,,,,,n284_1D4s_1,3469,,gutim,284,
284,1581.4588,0.3529,144,84,22,3469,,C6,,,,,,,,n284_1C6s_1,3469,,gutim,284,
284,1581.4588,0.3529,144,88,22,3469,,E6,,,,,,,,n284_1E6s,3469,,gutim,284,
284,1582.0471,0.9412,144,62,8,3470,,D4,,,,,,,,n284_1D4q,3470,,gutim,284,
284,1582.0471,0.9412,144,84,8,3470,,C6,,,,,,,,n284_1C6q,3470,,gutim,284,
284,1582.0471,0.9412,144,88,8,3470,,E6,,,,,,,,n284_1E6q,3470,,gutim,284,
284,1582.6353,0.1397,144,52,5,3471,,E3,,,,,,,,n284_5E3t_6,3471,,gutim,284,
284,1582.7824,0.0931,144,60,6,3472,,C4,,,,,,,,n284_5C4t_0,3472,,gutim,284,
284,1582.8804,0.1397,144,52,6,3473,,E3,,,,,,,,n284_5E3t_7,3473,,gutim,284,
284,1582.9985,0.06,144,60,11,3474,,C4,g,,,,,,,ng284_1C4e,3474,,gutim,284,
284,1583.0275,0.0931,144,60,7,3475,,C4,,,,,,,,n284_5C4t_1,3475,,gutim,284,
284,1583.0735,0.06,144,40,11,3476,,E2,g,,,,,,,ng284_1E2e,3476,,gutim,284,
284,1583.1255,0.0931,144,56,8,3477,,Ab3,,,,,,,,n284_5Ab3t,3477,,gutim,284,
284,1583.1485,0.06,144,49,11,3478,,C#3,g,,,,,,,ng284_1Cs3e,3478,,gutim,284,
284,1583.2235,0.0931,144,32,11,3479,,G#1,,,,,,,,n284_1Gs1t,3479,,gutim,284,
284,1583.2235,4.2353,144,25,8,3479,,C#1,,,,,,,,n284_5Cs1q,3479,,gutim,284,
284,1583.3216,0.3725,144,58,10,3480,,A#3,,,,,,,,n284_1As3e,3480,,gutim,284,
284,1583.7137,0.0931,144,61,8,3481,,Db4,,,,,,,,n284_1Db4t_0,3481,,gutim,284,
284,1583.8118,0.0931,144,70,8,3482,,Bb4,,,,,,,,n284_1Bb4t,3482,,gutim,284,
284,1583.9098,0.0931,144,72,7,3483,,C5,,,,,,,,n284_1C5t,3483,,gutim,284,
284,1584.0078,0.0931,144,61,6,3484,,Db4,,,,,,,,n284_1Db4t_1,3484,,gutim,284,
284,1584.1059,0.0931,144,84,6,3485,,C6,,,,,,,,n284_1C6t,3485,,gutim,284,
284,1584.2039,0.0466,144,61,5,3486,,Db4,,,,,,,,n284_1Db4x,3486,,gutim,284,
284,1584.2529,0.1397,144,52,5,3487,,E3,,,,,,,,n284_1E3t,3487,,gutim,284,
,,,,,,,,,,,,,,,,,,285,,,
285,1588.5176,0.0931,144,25,11,3488,,C#1,,,,,,,,n285_5Cs1t_0,3488,,gutim,285,
285,1588.6157,1.3039,144,35,12,3489,,B1,,,,,,,,n285_5B1t_0,3489,,gutim,285,
285,1589.9882,0.0931,144,25,12,3490,,C#1,,,,,,,,n285_5Cs1t_1,3490,,gutim,285,
285,1590.0863,0.0931,144,35,14,3491,,B1,,,,,,,,n285_5B1t_1,3491,,gutim,285,
285,1590.1843,0.0931,144,79,17,3492,,G5,,,,,,,,n285_5G5t,3492,,gutim,285,
,,,,,,,,,,,,,,,,,,286,,,
286,1590.2824,0.0712,144,63,8,3493,,Eb4,g,,,,,,,ng286_5Eb4e,3493,,gutim,286,
,,,,,,,7209,,,,,,,,,,,,gutim,,
286,1590.3574,0.06,144,93,5,3494,,A6,g,,,,,,,ng286_2A6e,3494,,gutim,286,
286,1590.3574,0.0712,144,52,14,3494,,E3,g,,,,,,,ng286_5E3e,3494,,gutim,286,
286,1590.4324,2.6078,144,75,22,3495,,Eb5,,,,,,,,n286_2Eb5h_0,3495,,gutim,286,
286,1590.4324,1.1176,144,44,14,3495,,Ab2,,,,,,,,n286_5Ab2q,3495,,gutim,286,
286,1590.4324,1.1176,144,47,14,3495,,B2,,,,,,,,n286_5B2q,3495,,gutim,286,
286,1590.4324,1.1176,144,51,14,3495,,Eb3,,,,,,,,n286_5Eb3q,3495,,gutim,286,
286,1591.6088,0.5588,144,75,17,3496,,Eb5,,,,,,,,n286_1Eb5e,3496,,gutim,286,
286,1592.1971,0.1397,144,62,17,3497,,D4,,,,,,,,n286_1D4t_0,3497,,gutim,286,
286,1592.3441,0.1397,144,24,17,3498,,C1,,,,,,,,n286_1C1t_0,3498,,gutim,286,
286,1592.3931,0.1863,144,48,5,3499,,C3,,,,,,,,n286_5C3s,3499,,gutim,286,
286,1592.5892,0.1863,144,40,5,3500,,E2,,,,,,,,n286_5E2s,3500,,gutim,286,
286,1592.7853,0.0931,144,48,5,3501,,C3,,,,,,,,n286_5C3t,3501,,gutim,286,
286,1592.8833,0.0931,144,40,5,3502,,E2,,,,,,,,n286_5E2t,3502,,gutim,286,
286,1593.1775,0.3725,144,75,14,3503,,Eb5,,,,,,,,n286_2Eb5e,3503,,gutim,286,
286,1593.5696,2.9804,144,75,14,3504,,Eb5,,,,,,,,n286_2Eb5h_1,3504,,gutim,286,
286,1593.5696,2.6078,144,37,14,3504,,Db2,,,,,,,,n286_5Db2e_0,3504,,gutim,286,
286,1596.2397,0.06,144,45,9,3505,,A2,g,,,,,,,ng286_1A2e,3505,,gutim,286,
286,1596.3147,1.4118,144,71,9,3506,,B4,,,,,,,,n286_1B4q,3506,,gutim,286,
286,1596.3147,0.3137,144,37,9,3506,,Db2,,,,,,,,n286_5Db2e_1,3506,,gutim,286,
286,1596.7069,1.2549,144,75,8,3507,,Eb5,,,,,,,,n286_2Eb5h_3,3507,,gutim,286,
286,1596.7069,1.2549,144,85,8,3507,,Db6,,,,,,,,n286_2Db6h,3507,,gutim,286,
286,1596.7069,1.4902,144,37,8,3507,,Db2,,,,,,,,n286_5Db2h,3507,,gutim,286,
286,1596.7069,1.4902,144,47,8,3507,,B2,,,,,,,,n286_5B2h_0,3507,,gutim,286,
286,1598.0794,0.0931,144,42,6,3508,,Gb2,,,,,,,,n286_1Gb2t_0,3508,,gutim,286,
286,1598.1775,0.0931,144,29,5,3509,,F1,,,,,,,,n286_1F1t_0,3509,,gutim,286,
286,1598.2755,0.0931,144,42,5,3510,,Gb2,,,,,,,,n286_1Gb2t_1,3510,,gutim,286,
286,1598.2755,1.4902,144,36,5,3510,,C2,,,,,,,,n286_5C2h,3510,,gutim,286,
286,1598.2755,1.4902,144,47,5,3510,,B2,,,,,,,,n286_5B2h_1,3510,,gutim,286,
286,1598.3735,0.0931,144,29,5,3511,,F1,,,,,,,,n286_1F1t_1,3511,,gutim,286,
286,1598.4716,0.1569,144,103,5,3512,,G7,,,,,,,,n286_2G7s,3512,,gutim,286,
286,1599.2559,0.1121,144,34,11,3513,,Bb1,,,,,,,,n286_1Bb1t,3513,,gutim,286,
286,1599.3738,0.1121,144,66,9,3514,,Gb4,,,,,,,,n286_1Gb4t,3514,,gutim,286,
286,1599.4918,0.1121,144,75,6,3515,,Eb5,,,,,,,,n286_1Eb5t,3515,,gutim,286,
286,1599.6097,0.1121,144,62,4,3516,,D4,,,,,,,,n286_1D4t_1,3516,,gutim,286,
286,1599.7277,0.1106,144,24,14,3517,,C1,,,,,,,,n286_1C1t_1,3517,,gutim,286,
,,,,,,,7210,,,,,,,,,,,,gutim,,
,,,,,,,,,,,,,,,,,,288,,,
288,1610.4324,0.1176,144,66,8,3518,,F#4,,,,,,,,n288_1Fs4t,3518,,gutim,288,
288,1610.5794,5.4118,144,53,8,3519,,F3,,,,,,,,n288_1F3e_0,3519,,gutim,288,
288,1611.6088,0.2353,144,43,11,3520,,G2,,,,,,,,n288_5G2s,3520,,gutim,288,
288,1611.9029,0.7059,144,43,14,3521,,G2,,,,,,,,n288_5G2e,3521,,gutim,288,
288,1611.9029,0.7059,144,53,14,3521,,F3,,,,,,,,n288_5F3e,3521,,gutim,288,
288,1613.7368,0.06,144,53,8,3522,,F3,g,,,,,,,ng288_5F3e,3522,,gutim,288,
288,1613.8118,0.06,144,42,8,3523,,F#2,g,,,,,,,ng288_5Fs2e,3523,,gutim,288,
288,1613.8868,0.06,144,64,8,3524,,E4,g,,,,,,,ng288_5E4e,3524,,gutim,288,
288,1613.9618,0.2794,144,36,7,3525,,C2,,,,,,,,n288_5C2s_0,3525,,gutim,288,
288,1614.2559,0.8382,144,36,7,3526,,C2,,,,,,,,n288_5C2s_1,3526,,gutim,288,
288,1614.2559,0.8382,144,44,7,3526,,Ab2,,,,,,,,n288_5Ab2s,3526,,gutim,288,
288,1617.3441,0.1176,144,53,5,3527,,F3,,,,,,,,n288_1F3t,3527,,gutim,288,
,,,,,,,,,,,,,,,,,,289,,,
289,1617.4912,0.9412,144,28,5,3528,,E1,,,,,,,,n289_1E1q,3528,,gutim,289,
289,1617.4912,0.9412,144,53,5,3528,,F3,,,,,,,,n289_1F3q,3528,,gutim,289,
289,1617.4912,0.0931,144,64,4,3528,,E4,,,,,,,,n289_5E4t,3528,,gutim,289,
289,1617.5892,0.0931,144,24,3,3529,,C1,,,,,,,,n289_5C1t_0,3529,,gutim,289,
289,1617.6873,0.0931,144,52,3,3530,,E3,,,,,,,,n289_5E3t_0,3530,,gutim,289,
289,1617.7853,0.0931,144,41,3,3531,,F2,,,,,,,,n289_5F2t_0,3531,,gutim,289,
289,1617.8833,0.0931,144,24,3,3532,,C1,,,,,,,,n289_5C1t_1,3532,,gutim,289,
289,1617.9814,0.0931,144,32,3,3533,,Ab1,,,,,,,,n289_5Ab1t_0,3533,,gutim,289,
289,1617.9814,0.0931,144,41,3,3533,,F2,,,,,,,,n289_5F2t_1,3533,,gutim,289,
289,1617.9814,0.0931,144,52,3,3533,,E3,,,,,,,,n289_5E3t_1,3533,,gutim,289,
289,1618.0794,0.0931,144,30,2,3534,,Gb1,,,,,,,,n289_5Gb1t_0,3534,,gutim,289,
289,1618.1775,3.8186,144,41,2,3535,,F2,,,,,,,,n289_5F2t_2,3535,,gutim,289,
289,1618.1775,3.8186,144,52,2,3535,,E3,,,,,,,,n289_5E3t_2,3535,,gutim,289,
289,1618.2755,3.7255,144,24,2,3536,,C1,,,,,,,,n289_5C1s,3536,,gutim,289,
289,1618.2755,3.7255,144,30,2,3536,,Gb1,,,,,,,,n289_5Gb1s,3536,,gutim,289,
289,1618.5696,3.4461,144,32,14,3537,,Ab1,,,,,,,,n289_5Ab1t_1,3537,,gutim,289,
,,,,,,,7212,,,,,,,,,,,,gutim,,
,,,,,,,,,,,,,,,,,,290,,,
290,1624.9882,0.0712,144,80,5,3538,,G#5,g,,,,,,,ng290_1Gs5e,3538,,gutim,290,
290,1625.0632,0.0712,144,75,14,3539,,D#5,g,,,,,,,ng290_1Ds5e,3539,,gutim,290,
290,1625.1382,0.5588,144,71,14,3540,,B4,,,,,,,,n290_1B4e,3540,,gutim,290,
290,1625.7265,0.2794,144,86,8,3541,,D6,,,,,,,,n290_1D6s,3541,,gutim,290,
290,1626.0206,0.2794,144,103,8,3542,,G7,,,,,,,,n290_1G7s_0,3542,,gutim,290,
290,1626.2397,0.06,144,98,5,3543,,D7,g,,,,,,,ng290_1D7e,3543,,gutim,290,
290,1626.3147,0.1397,144,92,5,3544,,G#6,,,,,,,,n290_1Gs6t_0,3544,,gutim,290,
290,1626.4618,0.1397,144,52,5,3545,,E3,,,,,,,,n290_1E3t,3545,,gutim,290,
290,1626.7069,0.0931,144,94,8,3546,,A#6,,,,,,,,n290_1As6t,3546,,gutim,290,
290,1626.8049,0.0931,144,92,8,3547,,G#6,,,,,,,,n290_1Gs6t_1,3547,,gutim,290,
290,1626.9029,0.0553,144,78,8,3548,,F#5,,,,,,,,n290_1Fs5x_0,3548,,gutim,290,
290,1626.9612,0.0553,144,92,9,3549,,G#6,,,,,,,,n290_1Gs6x_0,3549,,gutim,290,
290,1627.0194,0.0553,144,78,9,3550,,F#5,,,,,,,,n290_1Fs5x_1,3550,,gutim,290,
290,1627.0776,0.0553,144,92,9,3551,,G#6,,,,,,,,n290_1Gs6x_1,3551,,gutim,290,
290,1627.1358,0.0582,144,78,9,3552,,F#5,,,,,,,,n290_1Fs5x_2,3552,,gutim,290,
290,1627.1971,0.5588,144,86,9,3553,,D6,,,,,,,,n290_1D6e,3553,,gutim,290,
290,1627.7853,0.2794,144,103,10,3554,,G7,,,,,,,,n290_1G7s_1,3554,,gutim,290,
,,,,,,,,,,,,,,,,,,291,,,
291,1628.6676,0.5588,144,78,12,3555,,F#5,,,,,,,,n291_1Fs5e,3555,,gutim,291,
291,1628.6676,0.4706,144,86,12,3555,,D6,,,,,,,,n291_1D6e,3555,,gutim,291,
291,1628.6676,0.4706,144,92,12,3555,,G#6,,,,,,,,n291_1Gs6e,3555,,gutim,291,
291,1628.6676,0.4706,144,94,12,3555,,A#6,,,,,,,,n291_1As6e,3555,,gutim,291,
291,1628.6676,0.4706,144,103,12,3555,,G7,,,,,,,,n291_1G7e,3555,,gutim,291,
291,1629.3539,0.0626,144,80,5,3556,,G#5,,,,,,,,n291_1Gs5x_0,3556,,gutim,291,
291,1629.4198,0.0626,144,75,5,3557,,D#5,,,,,,,,n291_1Ds5x_0,3557,,gutim,291,
291,1629.4857,0.0626,144,71,5,3558,,B4,,,,,,,,n291_1B4x_0,3558,,gutim,291,
291,1629.5515,0.0931,144,75,5,3559,,D#5,,,,,,,,n291_1Ds5x_1,3559,,gutim,291,
291,1629.6496,0.0931,144,80,5,3560,,G#5,,,,,,,,n291_1Gs5x_1,3560,,gutim,291,
291,1629.7476,0.0931,144,71,5,3561,,B4,,,,,,,,n291_1B4x_1,3561,,gutim,291,
291,1629.8456,0.0931,144,55,5,3562,,G3,,,,,,,,n291_1G3t,3562,,gutim,291,
291,1629.9437,0.4642,144,45,5,3563,,A2,,,,,,,,n291_1A2t,3563,,gutim,291,
291,1630.4324,0.0931,144,63,5,3564,,D#4,,,,,,,,n291_5Ds4t,3564,,gutim,291,
291,1630.5304,0.0931,144,68,5,3565,,G#4,,,,,,,,n291_5Gs4t,3565,,gutim,291,
291,1630.6284,0.0931,144,59,5,3566,,B3,,,,,,,,n291_5B3t,3566,,gutim,291,
291,1630.7265,0.0931,144,21,5,3567,,A0,,,,,,,,n291_5A0t_0,3567,,gutim,291,
291,1630.8245,0.0931,144,31,5,3568,,G1,,,,,,,,n291_5G1t,3568,,gutim,291,
291,1630.9225,0.0931,144,21,5,3569,,A0,,,,,,,,n291_5A0t_1,3569,,gutim,291,
291,1631.0206,0.2794,144,60,14,3570,,C4,,,,,,,,n291_1C4s,3570,,gutim,291,
291,1631.0206,0.0931,144,47,5,3570,,B2,,,,,,,,n291_5B2t,3570,,gutim,291,
291,1631.1186,0.0931,144,56,5,3571,,G#3,,,,,,,,n291_5Gs3t,3571,,gutim,291,
291,1631.2167,0.0931,144,21,5,3572,,A0,,,,,,,,n291_5A0t_2,3572,,gutim,291,
291,1631.3147,0.2794,144,49,14,3573,,Db3,,,,,,,,n291_1Db3s,3573,,gutim,291,
291,1631.3147,0.0931,144,43,5,3573,,G2,,,,,,,,n291_5G2t,3573,,gutim,291,
,,,,,,,7214,,,,,,,,,,,,gutim,,
291,1631.6088,6.1176,144,68,17,3574,,Ab4,,,,,,,,n291_1Ab4h,3574,,gutim,291,
,,,,,,,,,,,,,,,,,,292,,,
292,1637.2662,0.0712,144,44,11,3575,,G#2,g,,,,,,,ng292_5Gs2e,3575,,gutim,292,
292,1637.3412,0.0712,144,39,11,3576,,D#2,g,,,,,,,ng292_5Ds2e,3576,,gutim,292,
292,1637.4162,0.0712,144,21,11,3577,,A0,g,,,,,,,ng292_5A0e,3577,,gutim,292,
292,1637.4912,0.1863,144,35,11,3578,,B1,,,,,,,,n292_5B1s_0,3578,,gutim,292,
292,1637.6873,0.6275,144,31,11,3579,,G1,,,,,,,,n292_5G1q,3579,,gutim,292,
292,1637.6873,0.6275,144,35,11,3579,,B1,,,,,,,,n292_5B1q,3579,,gutim,292,
292,1638.4716,0.0784,144,21,22,3580,,A0,,,,,,,,n292_5A0s,3580,,gutim,292,
292,1638.4716,0.1569,144,31,22,3580,,G1,,,,,,,,n292_5G1s,3580,,gutim,292,
292,1638.4716,0.1569,144,35,22,3580,,B1,,,,,,,,n292_5B1s_1,3580,,gutim,292,
292,1638.4716,0.1569,144,39,22,3580,,D#2,,,,,,,,n292_5Ds2s,3580,,gutim,292,
292,1638.4716,0.1569,144,44,22,3580,,G#2,,,,,,,,n292_5Gs2s,3580,,gutim,292,
292,1639.2559,0.5588,144,78,8,3581,,F#5,,,,,,,,n292_1Fs5e,3581,,gutim,292,
292,1639.2559,0.4706,144,86,8,3581,,D6,,,,,,,,n292_1D6e,3581,,gutim,292,
292,1639.2559,0.4706,144,92,8,3581,,G#6,,,,,,,,n292_1Gs6e,3581,,gutim,292,
292,1639.2559,0.4706,144,94,8,3581,,A#6,,,,,,,,n292_1As6e,3581,,gutim,292,
292,1639.2559,0.4706,144,103,8,3581,,G7,,,,,,,,n292_1G7e,3581,,gutim,292,
,,,,,,,,,,,,,,,,,,293,,,
293,1639.8441,0.0931,144,28,8,3582,,E1,,,,,,,,n293_5E1t_0,3582,,gutim,293,
293,1639.9422,0.0931,144,74,8,3583,,D5,,,,,,,,n293_5D5t_0,3583,,gutim,293,
293,1640.0402,0.0931,144,37,8,3584,,C#2,,,,,,,,n293_5Cs2t_0,3584,,gutim,293,
293,1640.1382,0.0931,144,60,8,3585,,C4,,,,,,,,n293_5C4t_0,3585,,gutim,293,
293,1640.2363,0.0931,144,37,8,3586,,C#2,,,,,,,,n293_5Cs2t_1,3586,,gutim,293,
293,1640.3343,0.0931,144,74,8,3587,,D5,,,,,,,,n293_5D5t_1,3587,,gutim,293,
293,1640.4034,0.06,144,80,8,3588,,Ab5,g,,,,,,,ng293_1Ab5e,3588,,gutim,293,
293,1640.4324,0.0931,144,60,8,3589,,C4,,,,,,,,n293_5C4t_1,3589,,gutim,293,
293,1640.4784,0.06,144,86,8,3590,,D6,g,,,,,,,ng293_1D6e,3590,,gutim,293,
293,1640.5304,0.0931,144,37,8,3591,,C#2,,,,,,,,n293_5Cs2t_2,3591,,gutim,293,
293,1640.5534,0.06,144,52,8,3592,,E3,g,,,,,,,ng293_1E3e,3592,,gutim,293,
293,1640.6284,0.1863,144,72,8,3593,,C5,,,,,,,,n293_1C5s,3593,,gutim,293,
293,1640.8245,0.1863,144,61,8,3594,,C#4,,,,,,,,n293_1Cs4s,3594,,gutim,293,
293,1640.9456,0.06,144,74,8,3595,,D5,g,,,,,,,ng293_1D5e,3595,,gutim,293,
293,1641.0206,0.1397,144,68,8,3596,,Ab4,,,,,,,,n293_1Ab4t_0,3596,,gutim,293,
293,1641.1676,0.0931,144,40,8,3597,,E2,,,,,,,,n293_1E2t_0,3597,,gutim,293,
293,1641.2657,0.0931,144,49,8,3598,,C#3,,,,,,,,n293_1Cs3t_0,3598,,gutim,293,
293,1641.3637,0.1397,144,60,8,3599,,C4,,,,,,,,n293_1C4t,3599,,gutim,293,
293,1641.5108,0.0931,144,49,8,3600,,C#3,,,,,,,,n293_1Cs3t_1,3600,,gutim,293,
293,1641.6088,0.1397,144,68,8,3601,,Ab4,,,,,,,,n293_1Ab4t_1,3601,,gutim,293,
293,1641.7559,0.1397,144,40,8,3602,,E2,,,,,,,,n293_1E2t_1,3602,,gutim,293,
293,1641.9029,0.2794,144,74,8,3603,,D5,,,,,,,,n293_1D5s,3603,,gutim,293,
293,1642.1971,0.3137,144,43,5,3604,,G2,,,,,,,,n293_5G2e,3604,,gutim,293,
293,1642.5892,0.6275,144,43,5,3605,,G2,,,,,,,,n293_5G2q,3605,,gutim,293,
293,1642.5892,0.6275,144,47,5,3605,,B2,,,,,,,,n293_5B2q,3605,,gutim,293,
293,1643.3735,0.0931,144,92,5,3606,,Ab6,,,,,,,,n293_1Ab6t_0,3606,,gutim,293,
293,1643.4716,0.0931,144,98,5,3607,,D7,,,,,,,,n293_1D7t_0,3607,,gutim,293,
293,1643.5696,0.0931,144,61,6,3608,,C#4,,,,,,,,n293_1Cs4t_0,3608,,gutim,293,
293,1643.6676,0.0931,144,52,6,3609,,E3,,,,,,,,n293_1E3t_0,3609,,gutim,293,
293,1643.7657,0.0931,144,84,7,3610,,C6,,,,,,,,n293_1C6t_0,3610,,gutim,293,
293,1643.7657,0.0931,144,98,7,3610,,D7,,,,,,,,n293_1D7t_1,3610,,gutim,293,
293,1643.8637,0.1397,144,92,7,3611,,Ab6,,,,,,,,n293_1Ab6t_1,3611,,gutim,293,
293,1644.0108,0.1397,144,52,8,3612,,E3,,,,,,,,n293_1E3t_1,3612,,gutim,293,
293,1644.0108,0.1397,144,61,8,3612,,C#4,,,,,,,,n293_1Cs4t_1,3612,,gutim,293,
293,1644.1578,0.0931,144,84,9,3613,,C6,,,,,,,,n293_1C6t_1,3613,,gutim,293,
293,1644.1578,0.0931,144,92,9,3613,,Ab6,,,,,,,,n293_1Ab6t_2,3613,,gutim,293,
293,1644.2559,0.1397,144,98,9,3614,,D7,,,,,,,,n293_1D7t_2,3614,,gutim,293,
293,1644.4029,0.1397,144,84,9,3615,,C6,,,,,,,,n293_1C6t_2,3615,,gutim,293,
293,1644.55,0.0931,144,37,8,3616,,C#2,,,,,,,,n293_5Cs2t_3,3616,,gutim,293,
293,1644.648,0.0931,144,28,8,3617,,E1,,,,,,,,n293_5E1t_1,3617,,gutim,293,
293,1644.7461,0.1863,144,48,8,3618,,C3,,,,,,,,n293_5C3s_0,3618,,gutim,293,
293,1644.7461,0.1863,144,56,8,3618,,Ab3,,,,,,,,n293_5Ab3s_0,3618,,gutim,293,
293,1644.7461,0.1863,144,62,8,3618,,D4,,,,,,,,n293_5D4s_0,3618,,gutim,293,
293,1644.9422,0.2794,144,28,8,3619,,E1,,,,,,,,n293_5E1s_0,3619,,gutim,293,
293,1644.9422,0.2794,144,37,8,3619,,C#2,,,,,,,,n293_5Cs2s_0,3619,,gutim,293,
293,1645.2363,0.098,144,28,20,3620,,E1,,,,,,,,n293_5E1s_1,3620,,gutim,293,
293,1645.2363,0.1569,144,37,20,3620,,C#2,,,,,,,,n293_5Cs2s_1,3620,,gutim,293,
293,1645.2363,0.1569,144,48,20,3620,,C3,,,,,,,,n293_5C3s_1,3620,,gutim,293,
293,1645.2363,0.1569,144,56,20,3620,,Ab3,,,,,,,,n293_5Ab3s_1,3620,,gutim,293,
293,1645.2363,0.1569,144,62,20,3620,,D4,,,,,,,,n293_5D4s_1,3620,,gutim,293,
,,,,,,,7217,,,,,,,,,,,,gutim,,
,,,,,,,,,,,,,,,,,,294,,,
294,1645.7265,1.8824,144,80,22,3621,,Ab5,,,,,,,,n294_5Ab5h,3621,,gutim,294,
294,1649.8441,0.1121,144,78,5,3622,,F#5,,,,,,,,n294_1Fs5t,3622,,gutim,294,
294,1649.9621,0.1121,144,86,5,3623,,D6,,,,,,,,n294_1D6t,3623,,gutim,294,
294,1650.08,0.1121,144,94,5,3624,,Bb6,,,,,,,,n294_1Bb6t_0,3624,,gutim,294,
294,1650.198,0.1121,144,103,5,3625,,G7,,,,,,,,n294_1G7t_0,3625,,gutim,294,
294,1650.3159,0.1121,144,92,5,3626,,Ab6,,,,,,,,n294_1Ab6t,3626,,gutim,294,
294,1650.4339,0.1674,144,94,6,3627,,Bb6,,,,,,,,n294_1Bb6t_1,3627,,gutim,294,
294,1650.61,0.1121,144,66,6,3628,,F#4,,,,,,,,n294_1Fs4t_0,3628,,gutim,294,
294,1650.728,0.1121,144,74,6,3629,,D5,,,,,,,,n294_1D5t_0,3629,,gutim,294,
294,1650.846,0.1674,144,66,6,3630,,F#4,,,,,,,,n294_1Fs4t_1,3630,,gutim,294,
294,1651.0221,0.1397,144,80,6,3631,,Ab5,,,,,,,,n294_1Ab5t_0,3631,,gutim,294,
294,1651.1692,0.0931,144,74,6,3632,,D5,,,,,,,,n294_1D5t_1,3632,,gutim,294,
294,1651.2672,0.0931,144,82,7,3633,,Bb5,,,,,,,,n294_1Bb5t,3633,,gutim,294,
294,1651.3653,0.0931,144,103,7,3634,,G7,,,,,,,,n294_1G7t_1,3634,,gutim,294,
294,1651.4633,0.1397,144,74,7,3635,,D5,,,,,,,,n294_1D5t_2,3635,,gutim,294,
294,1651.6104,0.1121,144,103,7,3636,,G7,,,,,,,,n294_1G7t_2,3636,,gutim,294,
294,1651.7283,0.1121,144,80,7,3637,,Ab5,,,,,,,,n294_1Ab5t_1,3637,,gutim,294,
294,1651.8463,0.1121,144,66,7,3638,,F#4,,,,,,,,n294_1Fs4t_2,3638,,gutim,294,
294,1651.9642,0.1121,144,74,7,3639,,D5,,,,,,,,n294_1D5t_3,3639,,gutim,294,
294,1652.0822,0.1674,144,66,7,3640,,F#4,,,,,,,,n294_1Fs4t_3,3640,,gutim,294,
294,1652.2583,0.1674,144,80,8,3641,,Ab5,,,,,,,,n294_1Ab5t_2,3641,,gutim,294,
294,1652.4345,0.1674,144,74,8,3642,,D5,,,,,,,,n294_1D5t_4,3642,,gutim,294,
294,1652.6107,0.1674,144,103,8,3643,,G7,,,,,,,,n294_1G7t_3,3643,,gutim,294,
294,1652.7868,0.1121,144,80,8,3644,,Ab5,,,,,,,,n294_1Ab5t_3,3644,,gutim,294,
294,1652.9048,0.1121,144,94,8,3645,,Bb6,,,,,,,,n294_1Bb6t_2,3645,,gutim,294,
294,1653.0227,0.1121,144,54,8,3646,,F#3,,,,,,,,n294_1Fs3t,3646,,gutim,294,
294,1653.1407,0.1121,144,74,8,3647,,D5,,,,,,,,n294_1D5t_5,3647,,gutim,294,
294,1653.2586,0.1674,144,80,9,3648,,Ab5,,,,,,,,n294_1Ab5t_4,3648,,gutim,294,
294,1653.4348,0.1674,144,74,9,3649,,D5,,,,,,,,n294_1D5t_6,3649,,gutim,294,
294,1653.611,0.3333,144,103,9,3650,,G7,,,,,,,,n294_1G7s,3650,,gutim,294,
,,,,,,,7219,,,,,,,,,,,,gutim,,
,,,,,,,,,,,,,,,,,,295,,,
295,1654.6143,0.1042,144,77,8,3651,,F5,,,,,,,,n295_5F5t,3651,,gutim,295,
295,1654.7445,0.1042,144,44,8,3652,,Ab2,,,,,,,,n295_5Ab2t,3652,,gutim,295,
295,1654.8748,0.1042,144,48,8,3653,,C3,,,,,,,,n295_5C3t,3653,,gutim,295,
295,1655.005,0.1066,144,89,8,3654,,F6,,,,,,,,n295_5F6t,3654,,gutim,295,
295,1656.3147,0.3725,144,71,8,3655,,B4,,,,,,,,n295_1B4e,3655,,gutim,295,
295,1656.3147,0.6275,144,63,20,3655,,Eb4,,,,,,,,n295_5Eb4q,3655,,gutim,295,
295,1656.7069,0.3725,144,86,8,3656,,D6,,,,,,,,n295_1D6e_0,3656,,gutim,295,
295,1657.099,0.3137,144,86,24,3657,,D6,,,,,,,,n295_1D6e_1,3657,,gutim,295,
295,1657.099,0.1569,144,70,24,3657,,Bb4,,,,,,,,n295_5Bb4s_0,3657,,gutim,295,
295,1657.2951,0.1569,144,42,24,3658,,F#2,,,,,,,,n295_5Fs2s,3658,,gutim,295,
295,1657.2951,0.1569,144,48,24,3658,,C3,,,,,,,,n295_5C3s,3658,,gutim,295,
295,1657.2951,0.1569,144,55,24,3658,,G3,,,,,,,,n295_5G3s_0,3658,,gutim,295,
295,1657.4912,0.4706,144,63,17,3659,,Eb4,,,,,,,,n295_5Eb4e,3659,,gutim,295,
295,1658.0794,0.1569,144,63,17,3660,,Eb4,,,,,,,,n295_5Eb4s_0,3660,,gutim,295,
295,1658.2755,0.2353,144,83,16,3661,,B5,,,,,,,,n295_5B5s,3661,,gutim,295,
295,1658.5696,0.0784,144,88,14,3662,,E6,,,,,,,,n295_5E6t_0,3662,,gutim,295,
295,1658.6676,0.0784,144,45,13,3663,,A2,,,,,,,,n295_5A2t_0,3663,,gutim,295,
295,1658.7657,0.0784,144,88,13,3664,,E6,,,,,,,,n295_5E6t_1,3664,,gutim,295,
295,1658.8637,0.0784,144,45,12,3665,,A2,,,,,,,,n295_5A2t_1,3665,,gutim,295,
295,1658.9618,0.0784,144,88,12,3666,,E6,,,,,,,,n295_5E6t_2,3666,,gutim,295,
295,1659.0598,0.1569,144,45,11,3667,,A2,,,,,,,,n295_1A2s,3667,,gutim,295,
295,1659.0598,0.1569,144,88,11,3667,,E6,,,,,,,,n295_5E6s,3667,,gutim,295,
295,1659.2559,0.0784,144,79,20,3668,,G5,,,,,,,,n295_1G5t_0,3668,,gutim,295,
295,1659.2559,0.0784,144,93,14,3668,,A6,,,,,,,,n295_1A6t,3668,,gutim,295,
295,1659.2559,0.2353,144,55,24,3668,,G3,,,,,,,,n295_5G3s_1,3668,,gutim,295,
295,1659.3539,0.0784,144,82,20,3669,,Bb5,,,,,,,,n295_1Bb5t_0,3669,,gutim,295,
295,1659.452,0.0784,144,54,20,3670,,F#3,,,,,,,,n295_1Fs3t_0,3670,,gutim,295,
295,1659.55,0.1176,144,79,20,3671,,G5,,,,,,,,n295_1G5t_1,3671,,gutim,295,
295,1659.55,0.0784,144,46,14,3671,,Bb2,,,,,,,,n295_5Bb2t,3671,,gutim,295,
295,1659.648,0.1569,144,45,11,3672,,A2,,,,,,,,n295_5A2s,3672,,gutim,295,
295,1659.648,0.1569,144,55,11,3672,,G3,,,,,,,,n295_5G3s_2,3672,,gutim,295,
295,1659.648,0.1569,144,63,11,3672,,Eb4,,,,,,,,n295_5Eb4s_1,3672,,gutim,295,
295,1659.648,0.1569,144,70,11,3672,,Bb4,,,,,,,,n295_5Bb4s_1,3672,,gutim,295,
295,1659.648,0.1569,144,76,11,3672,,E5,,,,,,,,n295_5E5s,3672,,gutim,295,
295,1659.6971,0.1176,144,54,18,3673,,F#3,,,,,,,,n295_1Fs3t_1,3673,,gutim,295,
295,1659.8441,0.0931,144,82,15,3674,,Bb5,,,,,,,,n295_1Bb5t_1,3674,,gutim,295,
295,1659.8441,0.3137,144,85,17,3674,,C#6,,,,,,,,n295_5Cs6e,3674,,gutim,295,
295,1659.9422,0.0931,144,54,14,3675,,F#3,,,,,,,,n295_1Fs3t_2,3675,,gutim,295,
295,1660.0402,0.0931,144,60,13,3676,,C4,,,,,,,,n295_1C4t_0,3676,,gutim,295,
295,1660.1382,0.0931,144,86,11,3677,,D6,,,,,,,,n295_1D6t,3677,,gutim,295,
295,1660.2363,0.0931,144,82,9,3678,,Bb5,,,,,,,,n295_1Bb5t_2,3678,,gutim,295,
295,1660.2363,0.1569,144,65,18,3678,,F4,,,,,,,,n295_5F4s,3678,,gutim,295,
295,1660.3343,0.0931,144,54,8,3679,,F#3,,,,,,,,n295_1Fs3t_3,3679,,gutim,295,
295,1660.4324,0.1397,144,79,8,3680,,G5,,,,,,,,n295_1G5t_2,3680,,gutim,295,
295,1660.5794,0.1397,144,82,7,3681,,Bb5,,,,,,,,n295_1Bb5t_3,3681,,gutim,295,
295,1660.7265,0.1397,144,60,7,3682,,C4,,,,,,,,n295_1C4t_1,3682,,gutim,295,
295,1660.7956,0.0712,144,30,17,3683,,F#1,g,,,,,,,ng295_5Fs1e_0,3683,,gutim,295,
295,1660.8706,0.0712,144,43,17,3684,,G2,g,,,,,,,ng295_5G2e,3684,,gutim,295,
295,1660.9456,0.0712,144,30,17,3685,,F#1,g,,,,,,,ng295_5Fs1e_1,3685,,gutim,295,
295,1661.0206,1.4118,144,70,17,3686,,Bb4,,,,,,,,n295_1Bb4q,3686,,gutim,295,
295,1661.0206,1.4118,144,76,11,3686,,E5,,,,,,,,n295_1E5q,3686,,gutim,295,
295,1661.0206,1.6765,144,30,17,3686,,F#1,,,,,,,,n295_5Fs1q,3686,,gutim,295,
295,1661.0206,1.6765,144,32,20,3686,,Ab1,,,,,,,,n295_5Ab1q,3686,,gutim,295,
295,1661.0206,1.6765,144,43,17,3686,,G2,,,,,,,,n295_5G2q,3686,,gutim,295,
,,,,,,,,,,,,,,,,,,296,,,
296,1662.7853,0.4706,144,76,11,3687,,E5,,,,,,,,n296_1E5e_1,3687,,gutim,296,
296,1663.1775,0.0931,144,47,11,3688,,B2,,,,,,,,n296_5B2t_0,3688,,gutim,296,
296,1663.2755,0.0931,144,42,11,3689,,F#2,,,,,,,,n296_5Fs2t_0,3689,,gutim,296,
,,,,,,,7222,,,,,,,,,,,,gutim,,
296,1663.3735,2.1961,144,70,11,3690,,Bb4,,,,,,,,n296_1Bb4q,3690,,gutim,296,
296,1663.3735,2.1961,144,76,14,3690,,E5,,,,,,,,n296_1E5q,3690,,gutim,296,
296,1663.3735,2.1961,144,30,8,3690,,F#1,,,,,,,,n296_5Fs1q,3690,,gutim,296,
296,1663.3735,2.1961,144,43,8,3690,,G2,,,,,,,,n296_5G2q,3690,,gutim,296,
296,1666.1186,0.0784,144,70,14,3691,,Bb4,,,,,,,,n296_1Bb4t_0,3691,,gutim,296,
296,1666.1186,0.0784,144,74,14,3691,,D5,,,,,,,,n296_1D5t_0,3691,,gutim,296,
296,1666.1186,0.0784,144,30,14,3691,,F#1,,,,,,,,n296_5Fs1t,3691,,gutim,296,
296,1666.1186,0.0784,144,43,14,3691,,G2,,,,,,,,n296_5G2t,3691,,gutim,296,
296,1666.2167,0.0784,144,70,20,3692,,Bb4,,,,,,,,n296_1Bb4t_1,3692,,gutim,296,
296,1666.2167,0.0784,144,74,20,3692,,D5,,,,,,,,n296_1D5t_1,3692,,gutim,296,
296,1666.2167,0.0784,144,36,20,3692,,C2,,,,,,,,n296_5C2t,3692,,gutim,296,
296,1666.3147,0.3137,144,70,14,3693,,Bb4,,,,,,,,n296_1Bb4e_1,3693,,gutim,296,
296,1666.3147,0.3137,144,76,14,3693,,E5,,,,,,,,n296_1E5e_2,3693,,gutim,296,
296,1666.3147,0.4706,144,47,14,3693,,B2,,,,,,,,n296_5B2e,3693,,gutim,296,
296,1666.7069,0.7843,144,67,14,3694,,G4,,,,,,,,n296_1G4s,3694,,gutim,296,
296,1666.9029,0.0784,144,70,11,3695,,Bb4,,,,,,,,n296_1Bb4t_2,3695,,gutim,296,
296,1666.9029,0.0784,144,76,11,3695,,E5,,,,,,,,n296_1E5t_0,3695,,gutim,296,
296,1666.9029,0.0931,144,47,11,3695,,B2,,,,,,,,n296_5B2t_1,3695,,gutim,296,
296,1667.001,0.0931,144,42,10,3696,,F#2,,,,,,,,n296_5Fs2t_1,3696,,gutim,296,
296,1667.099,0.0784,144,70,9,3697,,Bb4,,,,,,,,n296_1Bb4t_3,3697,,gutim,296,
296,1667.099,0.0784,144,76,9,3697,,E5,,,,,,,,n296_1E5t_1,3697,,gutim,296,
296,1667.099,0.0931,144,47,9,3697,,B2,,,,,,,,n296_5B2t_2,3697,,gutim,296,
296,1667.1971,0.0784,144,42,8,3698,,F#2,,,,,,,,n296_5Fs2t_2,3698,,gutim,296,
296,1667.1971,0.0784,144,47,8,3698,,B2,,,,,,,,n296_5B2t_3,3698,,gutim,296,
296,1667.1971,0.0784,144,50,8,3698,,D3,,,,,,,,n296_5D3t,3698,,gutim,296,
296,1667.2951,0.4706,144,48,22,3699,,C3,,,,,,,,n296_5C3e,3699,,gutim,296,
296,1667.6873,0.3137,144,54,17,3700,,F#3,,,,,,,,n296_1Fs3e,3700,,gutim,296,
296,1667.6873,0.3137,144,67,17,3700,,G4,,,,,,,,n296_1G4e_1,3700,,gutim,296,
296,1667.8833,0.1569,144,32,22,3701,,Ab1,,,,,,,,n296_5Ab1s,3701,,gutim,296,
296,1667.8833,0.1569,144,48,22,3701,,C3,,,,,,,,n296_5C3s,3701,,gutim,296,
296,1668.4716,6.2745,144,89,22,3702,,F6,,,,,,,,n296_1F6q_0,3702,,gutim,296,
296,1668.4716,6.2745,144,48,22,3702,,C3,,,,,,,,n296_5C3q_0,3702,,gutim,296,
,,,,,,,,,,,,,,,,,,298,,,
298,1676.7069,0.6275,144,82,22,3703,,Bb5,,,,,,,,n298_1Bb5q,3703,,gutim,298,
298,1676.7069,0.6275,144,89,22,3703,,F6,,,,,,,,n298_1F6q,3703,,gutim,298,
298,1676.7069,0.1409,144,53,20,3703,,F3,,,,,,,,n298_5F3t,3703,,gutim,298,
298,1676.7069,0.1409,144,67,20,3703,,G4,,,,,,,,n298_5G4t,3703,,gutim,298,
298,1676.883,0.0944,144,83,18,3704,,B5,,,,,,,,n298_5B5t_0,3704,,gutim,298,
298,1677.001,0.0944,144,60,17,3705,,C4,,,,,,,,n298_5C4t_0,3705,,gutim,298,
298,1677.1189,0.1409,144,98,15,3706,,D7,,,,,,,,n298_5D7t_0,3706,,gutim,298,
298,1677.2951,0.0944,144,60,13,3707,,C4,,,,,,,,n298_5C4t_1,3707,,gutim,298,
298,1677.4131,0.1409,144,83,12,3708,,B5,,,,,,,,n298_5B5t_1,3708,,gutim,298,
298,1677.5892,0.1409,144,98,10,3709,,D7,,,,,,,,n298_5D7t_1,3709,,gutim,298,
298,1677.7654,0.0944,144,60,8,3710,,C4,,,,,,,,n298_5C4t_2,3710,,gutim,298,
298,1677.8833,0.3137,144,89,22,3711,,F6,,,,,,,,n298_5F6e,3711,,gutim,298,
298,1677.8833,0.3137,144,100,22,3711,,E7,,,,,,,,n298_5E7e,3711,,gutim,298,
298,1678.2755,0.0931,144,30,8,3712,,F#1,,,,,,,,n298_5Fs1t_0,3712,,gutim,298,
298,1678.3735,0.0931,144,43,8,3713,,G2,,,,,,,,n298_5G2t,3713,,gutim,298,
298,1678.4716,0.0931,144,30,8,3714,,F#1,,,,,,,,n298_5Fs1t_1,3714,,gutim,298,
298,1678.5696,0.0931,144,36,8,3715,,C2,,,,,,,,n298_5C2t,3715,,gutim,298,
298,1678.6676,0.3725,144,46,8,3716,,Bb2,,,,,,,,n298_5Bb2e,3716,,gutim,298,
298,1679.0598,0.4706,144,58,8,3717,,Bb3,,,,,,,,n298_1Bb3e,3717,,gutim,298,
298,1679.0598,0.4706,144,62,8,3717,,D4,,,,,,,,n298_1D4e,3717,,gutim,298,
298,1679.0598,0.6275,144,30,8,3717,,F#1,,,,,,,,n298_5Fs1q,3717,,gutim,298,
298,1679.0598,0.6275,144,36,8,3717,,C2,,,,,,,,n298_5C2q,3717,,gutim,298,
298,1679.0598,0.6275,144,43,8,3717,,G2,,,,,,,,n298_5G2q,3717,,gutim,298,
298,1679.648,0.0784,144,93,11,3718,,A6,,,,,,,,n298_1A6t,3718,,gutim,298,
298,1679.7461,0.0784,144,46,12,3719,,Bb2,,,,,,,,n298_1Bb2t,3719,,gutim,298,
298,1679.8441,0.1569,144,85,13,3720,,C#6,,,,,,,,n298_1Cs6s,3720,,gutim,298,
298,1679.8441,0.1569,144,93,13,3720,,A6,,,,,,,,n298_1A6s,3720,,gutim,298,
298,1680.0402,0.1569,144,65,14,3721,,F4,,,,,,,,n298_1F4s,3721,,gutim,298,
298,1680.2363,0.1569,144,46,15,3722,,Bb2,,,,,,,,n298_1Bb2s,3722,,gutim,298,
298,1680.4324,0.4706,144,40,17,3723,,E2,,,,,,,,n298_1E2e,3723,,gutim,298,
298,1680.4324,0.9412,144,42,8,3723,,F#2,,,,,,,,n298_5Fs2e_0,3723,,gutim,298,
298,1680.4324,0.9412,144,47,8,3723,,B2,,,,,,,,n298_5B2e_0,3723,,gutim,298,
298,1680.4324,0.9412,144,50,8,3723,,D3,,,,,,,,n298_5D3e_0,3723,,gutim,298,
298,1680.4324,0.9412,144,70,8,3723,,Bb4,,,,,,,,n298_5Bb4e_0,3723,,gutim,298,
298,1680.4324,0.9412,144,76,8,3723,,E5,,,,,,,,n298_5E5e_0,3723,,gutim,298,
298,1681.6088,0.0784,144,70,8,3724,,Bb4,,,,,,,,n298_1Bb4t,3724,,gutim,298,
298,1681.6088,0.0784,144,76,8,3724,,E5,,,,,,,,n298_1E5t,3724,,gutim,298,
298,1681.6088,0.0784,144,42,8,3724,,F#2,,,,,,,,n298_5Fs2t,3724,,gutim,298,
298,1681.6088,0.0784,144,47,8,3724,,B2,,,,,,,,n298_5B2t,3724,,gutim,298,
298,1681.6088,0.0784,144,50,8,3724,,D3,,,,,,,,n298_5D3t,3724,,gutim,298,
298,1681.7069,0.0784,144,69,8,3725,,A4,,,,,,,,n298_1A4t,3725,,gutim,298,
298,1681.7069,0.0784,144,41,8,3725,,F2,,,,,,,,n298_5F2t,3725,,gutim,298,
298,1681.7069,0.0784,144,49,8,3725,,Db3,,,,,,,,n298_5Db3t,3725,,gutim,298,
298,1681.8049,0.1569,144,56,8,3726,,Ab3,,,,,,,,n298_1Ab3s,3726,,gutim,298,
298,1681.8049,0.1569,144,41,8,3726,,F2,,,,,,,,n298_5F2s,3726,,gutim,298,
298,1681.8049,0.1569,144,49,8,3726,,Db3,,,,,,,,n298_5Db3s,3726,,gutim,298,
298,1682.001,0.3922,144,38,8,3727,,D2,,,,,,,,n298_5D2s,3727,,gutim,298,
,,,,,,,,,,,,,,,,,,299,,,
299,1682.4912,0.0784,144,32,14,3728,,Ab1,,,,,,,,n299_5Ab1t,3728,,gutim,299,
299,1682.5892,0.0931,144,77,14,3729,,F5,,,,,,,,n299_5F5t_0,3729,,gutim,299,
299,1682.6873,0.0931,144,48,13,3730,,C3,,,,,,,,n299_5C3t_0,3730,,gutim,299,
299,1682.7853,0.1397,144,44,13,3731,,Ab2,,,,,,,,n299_5Ab2t_0,3731,,gutim,299,
299,1682.9324,0.1397,144,48,12,3732,,C3,,,,,,,,n299_5C3t_1,3732,,gutim,299,
299,1683.0794,0.2353,144,77,11,3733,,F5,,,,,,,,n299_1F5s,3733,,gutim,299,
299,1683.0794,0.0931,144,44,11,3733,,Ab2,,,,,,,,n299_5Ab2t_1,3733,,gutim,299,
299,1683.1775,0.0931,144,48,11,3734,,C3,,,,,,,,n299_5C3t_2,3734,,gutim,299,
299,1683.2755,0.0931,144,88,10,3735,,E6,,,,,,,,n299_5E6t_0,3735,,gutim,299,
299,1683.3735,0.0931,144,48,10,3736,,C3,,,,,,,,n299_5C3t_3,3736,,gutim,299,
299,1683.3735,0.0931,144,58,10,3736,,Bb3,,,,,,,,n299_5Bb3t_0,3736,,gutim,299,
299,1683.4716,0.1397,144,77,9,3737,,F5,,,,,,,,n299_5F5t_1,3737,,gutim,299,
299,1683.4716,0.1397,144,88,9,3737,,E6,,,,,,,,n299_5E6t_1,3737,,gutim,299,
299,1683.6186,0.1397,144,48,9,3738,,C3,,,,,,,,n299_5C3t_4,3738,,gutim,299,
299,1683.6186,0.1397,144,58,9,3738,,Bb3,,,,,,,,n299_5Bb3t_1,3738,,gutim,299,
299,1683.7657,0.1863,144,88,8,3739,,E6,,,,,,,,n299_5E6s,3739,,gutim,299,
299,1684.1578,0.1863,144,41,8,3740,,F2,,,,,,,,n299_5F2s,3740,,gutim,299,
299,1684.1578,0.1863,144,50,8,3740,,D3,,,,,,,,n299_5D3s,3740,,gutim,299,
299,1684.3539,0.1569,144,56,8,3741,,Ab3,,,,,,,,n299_1Ab3s,3741,,gutim,299,
299,1684.3539,0.1569,144,69,8,3741,,A4,,,,,,,,n299_1A4s,3741,,gutim,299,
299,1684.3539,0.1863,144,38,8,3741,,D2,,,,,,,,n299_5D2s_1,3741,,gutim,299,
,,,,,,,7225,,,,,,,,,,,,gutim,,
299,1685.7265,0.1237,144,92,5,3742,,Ab6,,,,,,,,n299_1Ab6t_0,3742,,gutim,299,
299,1685.8567,0.0626,144,96,6,3743,,C7,,,,,,,,n299_1C7x_0,3743,,gutim,299,
299,1685.9225,0.1237,144,102,6,3744,,Gb7,,,,,,,,n299_1Gb7t_0,3744,,gutim,299,
299,1686.0528,0.1237,144,92,7,3745,,Ab6,,,,,,,,n299_1Ab6t_1,3745,,gutim,299,
299,1686.183,0.1237,144,96,8,3746,,C7,,,,,,,,n299_1C7t_0,3746,,gutim,299,
299,1686.3132,0.1237,144,80,9,3747,,Ab5,,,,,,,,n299_1Ab5t_0,3747,,gutim,299,
299,1686.4434,0.0626,144,96,10,3748,,C7,,,,,,,,n299_1C7x_1,3748,,gutim,299,
299,1686.5093,0.1237,144,102,11,3749,,Gb7,,,,,,,,n299_1Gb7t_1,3749,,gutim,299,
299,1686.6395,0.1237,144,80,12,3750,,Ab5,,,,,,,,n299_1Ab5t_1,3750,,gutim,299,
299,1686.7697,0.1237,144,84,12,3751,,C6,,,,,,,,n299_1C6t_0,3751,,gutim,299,
299,1686.8999,0.099,144,68,13,3752,,Ab4,,,,,,,,n299_1Ab4t_0,3752,,gutim,299,
299,1686.8999,0.1237,144,84,13,3752,,C6,,,,,,,,n299_1C6t_1,3752,,gutim,299,
299,1686.8999,0.1237,144,90,13,3752,,Gb6,,,,,,,,n299_1Gb6t,3752,,gutim,299,
299,1687.0301,0.0626,144,96,14,3753,,C7,,,,,,,,n299_1C7x_2,3753,,gutim,299,
299,1687.096,0.1237,144,102,15,3754,,Gb7,,,,,,,,n299_1Gb7t_2,3754,,gutim,299,
299,1687.2262,0.1237,144,80,16,3755,,Ab5,,,,,,,,n299_1Ab5t_2,3755,,gutim,299,
299,1687.3564,0.1237,144,96,17,3756,,C7,,,,,,,,n299_1C7t_1,3756,,gutim,299,
299,1687.4866,0.099,144,68,18,3757,,Ab4,,,,,,,,n299_1Ab4t_1,3757,,gutim,299,
299,1687.4866,0.1237,144,96,18,3757,,C7,,,,,,,,n299_1C7t_2,3757,,gutim,299,
299,1687.4866,0.1237,144,102,18,3757,,Gb7,,,,,,,,n299_1Gb7t_3,3757,,gutim,299,
299,1687.6168,0.0626,144,96,19,3758,,C7,,,,,,,,n299_1C7x_3,3758,,gutim,299,
299,1687.6827,0.1237,144,102,19,3759,,Gb7,,,,,,,,n299_1Gb7t_4,3759,,gutim,299,
299,1687.8129,0.1237,144,68,20,3760,,Ab4,,,,,,,,n299_1Ab4t_2,3760,,gutim,299,
299,1687.9431,0.1295,144,84,20,3761,,C6,,,,,,,,n299_1C6t_2,3761,,gutim,299,
,,,,,,,,,,,,,,,,,,300,,,
300,1688.0794,0.1863,144,74,8,3762,,D5,,,,,,,,n300_1D5t_0,3762,,gutim,300,
300,1688.2755,0.1237,144,103,10,3763,,G7,,,,,,,,n300_1G7t_0,3763,,gutim,300,
300,1688.4057,0.1863,144,80,11,3764,,Ab5,,,,,,,,n300_1Ab5t_0,3764,,gutim,300,
300,1688.6018,0.1863,144,86,13,3765,,D6,,,,,,,,n300_1D6t,3765,,gutim,300,
300,1688.7979,0.1863,144,103,14,3766,,G7,,,,,,,,n300_1G7t_1,3766,,gutim,300,
300,1688.9939,0.1237,144,66,16,3767,,F#4,,,,,,,,n300_1Fs4t_0,3767,,gutim,300,
300,1689.1241,0.1237,144,74,17,3768,,D5,,,,,,,,n300_1D5t_1,3768,,gutim,300,
300,1689.2544,0.099,144,66,19,3769,,F#4,,,,,,,,n300_1Fs4t_1,3769,,gutim,300,
300,1689.2544,0.1237,144,74,19,3769,,D5,,,,,,,,n300_1D5t_2,3769,,gutim,300,
300,1689.2544,0.1237,144,91,19,3769,,G6,,,,,,,,n300_1G6t,3769,,gutim,300,
300,1689.3846,0.1237,144,80,20,3770,,Ab5,,,,,,,,n300_1Ab5t_1,3770,,gutim,300,
300,1689.5148,0.1237,144,74,21,3771,,D5,,,,,,,,n300_1D5t_3,3771,,gutim,300,
300,1689.645,0.6299,144,80,22,3772,,Ab5,,,,,,,,n300_1Ab5e,3772,,gutim,300,
300,1689.645,0.6299,144,91,22,3772,,G6,,,,,,,,n300_1G6e,3772,,gutim,300,
,,,,,,,7228,,,,,,,,,,,,gutim,,
,,,,,,,,,,,,,,,,,,301,,,
301,1698.6676,0.4706,144,36,20,3773,,C2,,,,,,,,n301_5C2e,3773,,gutim,301,
301,1698.6676,0.4706,144,42,20,3773,,F#2,,,,,,,,n301_5Fs2e,3773,,gutim,301,
301,1698.6676,0.4706,144,69,20,3773,,A4,,,,,,,,n301_5A4e,3773,,gutim,301,
301,1699.2559,0.4706,144,24,8,3774,,C1,,,,,,,,n301_5C1e,3774,,gutim,301,
301,1699.2559,0.4706,144,25,8,3774,,Db1,,,,,,,,n301_5Db1e,3774,,gutim,301,
301,1699.2559,0.4706,144,35,8,3774,,B1,,,,,,,,n301_5B1e,3774,,gutim,301,
301,1699.2559,0.4706,144,43,8,3774,,G2,,,,,,,,n301_5G2e,3774,,gutim,301,
,,,,,,,,,,,,,,,,,,302,,,
302,1703.3735,0.1176,144,76,11,3775,,E5,,,,,,,,n302_1E5t,3775,,gutim,302,
302,1703.3735,0.1176,144,37,11,3775,,C#2,,,,,,,,n302_5Cs2t,3775,,gutim,302,
302,1703.3735,0.1176,144,46,11,3775,,A#2,,,,,,,,n302_5As2t,3775,,gutim,302,
302,1703.5206,0.3529,144,76,15,3776,,E5,,,,,,,,n302_1E5s,3776,,gutim,302,
302,1703.5206,0.3529,144,37,13,3776,,C#2,,,,,,,,n302_5Cs2s,3776,,gutim,302,
302,1703.5206,0.3529,144,46,13,3776,,A#2,,,,,,,,n302_5As2s,3776,,gutim,302,
302,1703.9618,0.3529,144,56,20,3777,,G#3,,,,,,,,n302_1Gs3s,3777,,gutim,302,
302,1703.9618,0.4706,144,37,20,3777,,C#2,,,,,,,,n302_5Cs2e,3777,,gutim,302,
302,1703.9618,0.4706,144,46,20,3777,,A#2,,,,,,,,n302_5As2e,3777,,gutim,302,
302,1704.4029,0.1176,144,72,15,3778,,C5,,,,,,,,n302_1C5t,3778,,gutim,302,
302,1704.55,0.2353,144,65,11,3779,,F4,,,,,,,,n302_5F4s,3779,,gutim,302,
302,1704.8441,0.0931,144,31,10,3780,,G1,,,,,,,,n302_5G1t_0,3780,,gutim,302,
302,1704.9422,0.0931,144,40,10,3781,,E2,,,,,,,,n302_5E2t_0,3781,,gutim,302,
302,1705.0402,0.0931,144,31,10,3782,,G1,,,,,,,,n302_5G1t_1,3782,,gutim,302,
302,1705.1382,0.0931,144,40,9,3783,,E2,,,,,,,,n302_5E2t_1,3783,,gutim,302,
302,1705.2363,0.0931,144,31,9,3784,,G1,,,,,,,,n302_5G1t_2,3784,,gutim,302,
302,1705.3343,0.0931,144,40,9,3785,,E2,,,,,,,,n302_5E2t_2,3785,,gutim,302,
302,1705.4324,0.0626,144,31,8,3786,,G1,,,,,,,,n302_5G1t_3,3786,,gutim,302,
302,1705.4982,0.0626,144,40,8,3787,,E2,,,,,,,,n302_5E2t_3,3787,,gutim,302,
302,1705.5641,0.1543,144,31,8,3788,,G1,,,,,,,,n302_5G1t_4,3788,,gutim,302,
302,1705.7265,1.4118,144,31,8,3789,,G1,,,,,,,,n302_5G1q,3789,,gutim,302,
302,1705.7265,1.4118,144,40,8,3789,,E2,,,,,,,,n302_5E2q,3789,,gutim,302,
302,1705.7265,1.4118,144,53,8,3789,,F3,,,,,,,,n302_5F3q,3789,,gutim,302,
,,,,,,,,,,,,,,,,,,303,,,
303,1707.4912,0.1569,144,31,8,3790,,G1,,,,,,,,n303_5G1s,3790,,gutim,303,
303,1707.4912,0.1569,144,40,8,3790,,E2,,,,,,,,n303_5E2s,3790,,gutim,303,
303,1707.4912,0.1569,144,41,8,3790,,F2,,,,,,,,n303_5F2s,3790,,gutim,303,
303,1707.6873,0.1042,144,65,8,3791,,F4,,,,,,,,n303_5F4s,3791,,gutim,303,
303,1707.8175,0.1042,144,43,8,3792,,G2,,,,,,,,n303_5G2s,3792,,gutim,303,
303,1707.9477,0.1042,144,52,8,3793,,E3,,,,,,,,n303_5E3s,3793,,gutim,303,
303,1708.0779,1.8824,144,75,8,3794,,D#5,,,,,,,,n303_5Ds5q_0,3794,,gutim,303,
303,1709.1088,0.0735,144,63,8,3795,,D#4,,,,,,,,n303_1Ds4t,3795,,gutim,303,
303,1709.1088,0.1176,144,80,20,3795,,G#5,,,,,,,,n303_1Gs5t_0,3795,,gutim,303,
303,1709.2559,0.9412,144,59,11,3796,,B3,,,,,,,,n303_1B3q,3796,,gutim,303,
303,1709.2559,0.9412,144,63,11,3796,,D#4,,,,,,,,n303_1Ds4q,3796,,gutim,303,
303,1709.2559,0.9412,144,80,11,3796,,G#5,,,,,,,,n303_1Gs5q,3796,,gutim,303,
303,1710.4324,0.0944,144,92,8,3797,,G#6,,,,,,,,n303_1Gs6t,3797,,gutim,303,
303,1710.5503,0.0553,144,92,8,3798,,G#6,,,,,,,,n303_1Gs6x_0,3798,,gutim,303,
303,1710.6085,0.0553,144,98,8,3799,,D7,,,,,,,,n303_1D7x,3799,,gutim,303,
303,1710.6667,0.0553,144,92,8,3800,,G#6,,,,,,,,n303_1Gs6x_1,3800,,gutim,303,
303,1710.7249,0.0553,144,40,9,3801,,E2,,,,,,,,n303_1E2x,3801,,gutim,303,
303,1710.7831,0.0553,144,80,9,3802,,G#5,,,,,,,,n303_1Gs5x,3802,,gutim,303,
303,1710.8414,0.0553,144,86,9,3803,,D6,,,,,,,,n303_1D6x,3803,,gutim,303,
303,1710.8996,0.0553,144,52,9,3804,,E3,,,,,,,,n303_1E3x,3804,,gutim,303,
303,1710.9578,0.0553,144,61,9,3805,,C#4,,,,,,,,n303_1Cs4x,3805,,gutim,303,
303,1711.016,0.0931,144,72,10,3806,,C5,,,,,,,,n303_1C5t_0,3806,,gutim,303,
303,1711.114,0.0931,144,61,10,3807,,C#4,,,,,,,,n303_1Cs4t,3807,,gutim,303,
303,1711.2121,0.0931,144,80,10,3808,,G#5,,,,,,,,n303_1Gs5t_1,3808,,gutim,303,
303,1711.3101,0.0931,144,52,11,3809,,E3,,,,,,,,n303_1E3t,3809,,gutim,303,
303,1711.4081,0.0931,144,86,11,3810,,D6,,,,,,,,n303_1D6t,3810,,gutim,303,
303,1711.5062,0.0975,144,72,11,3811,,C5,,,,,,,,n303_1C5t_1,3811,,gutim,303,
303,1711.6088,0.0553,144,40,12,3812,,E2,,,,,,,,n303_5E2x,3812,,gutim,303,
303,1711.667,0.0553,144,49,12,3813,,C#3,,,,,,,,n303_5Cs3x,3813,,gutim,303,
303,1711.7252,0.0553,144,60,12,3814,,C4,,,,,,,,n303_5C4x,3814,,gutim,303,
303,1711.7835,0.0553,144,68,12,3815,,G#4,,,,,,,,n303_5Gs4x,3815,,gutim,303,
303,1711.8417,0.0553,144,74,13,3816,,D5,,,,,,,,n303_5D5x,3816,,gutim,303,
303,1711.8999,0.1397,144,68,13,3817,,G#4,,,,,,,,n303_5Gs4t,3817,,gutim,303,
303,1712.0469,0.0931,144,40,13,3818,,E2,,,,,,,,n303_5E2t,3818,,gutim,303,
303,1712.145,0.0931,144,49,14,3819,,C#3,,,,,,,,n303_5Cs3t_0,3819,,gutim,303,
303,1712.243,0.1397,144,60,14,3820,,C4,,,,,,,,n303_5C4t,3820,,gutim,303,
303,1712.3901,0.096,144,49,14,3821,,C#3,,,,,,,,n303_5Cs3t_1,3821,,gutim,303,
,,,,,,,,,,,,,,,,,,304,,,
304,1712.7853,2.8235,144,24,8,3822,,C1,,,,,,,,n304_5C1h,3822,,gutim,304,
304,1712.7853,2.8235,144,25,8,3822,,Db1,,,,,,,,n304_5Db1h,3822,,gutim,304,
304,1712.7853,2.8235,144,35,8,3822,,B1,,,,,,,,n304_5B1h,3822,,gutim,304,
304,1712.7853,2.8235,144,55,8,3822,,G3,,,,,,,,n304_5G3h,3822,,gutim,304,
,,,,,,,7231,,,,,,,,,,,,gutim,,
,,,,,,,,,,,,,,,,,,305,,,
305,1723.3735,0.0931,144,76,11,3823,,E5,,,,,,,,n305_1E5t_0,3823,,gutim,305,
305,1723.4716,0.0931,144,56,11,3824,,G#3,,,,,,,,n305_1Gs3t_0,3824,,gutim,305,
305,1723.5696,0.0931,144,49,11,3825,,C#3,,,,,,,,n305_1Cs3t_0,3825,,gutim,305,
305,1724.2559,0.0931,144,76,11,3826,,E5,,,,,,,,n305_1E5t_1,3826,,gutim,305,
305,1724.3539,0.0931,144,56,11,3827,,G#3,,,,,,,,n305_1Gs3t_1,3827,,gutim,305,
305,1724.452,0.0931,144,84,11,3828,,C6,,,,,,,,n305_1C6t_0,3828,,gutim,305,
305,1724.55,0.0931,144,56,11,3829,,G#3,,,,,,,,n305_1Gs3t_2,3829,,gutim,305,
305,1724.55,0.4706,144,46,11,3829,,Bb2,,,,,,,,n305_5Bb2e,3829,,gutim,305,
305,1724.648,0.0931,144,76,11,3830,,E5,,,,,,,,n305_1E5t_2,3830,,gutim,305,
305,1724.648,0.0931,144,83,11,3830,,B5,,,,,,,,n305_1B5t,3830,,gutim,305,
305,1724.648,0.0931,144,84,11,3830,,C6,,,,,,,,n305_1C6t_1,3830,,gutim,305,
305,1724.7461,0.0931,144,56,11,3831,,G#3,,,,,,,,n305_1Gs3t_3,3831,,gutim,305,
305,1724.8441,0.0931,144,49,11,3832,,C#3,,,,,,,,n305_1Cs3t_1,3832,,gutim,305,
305,1724.8441,0.0931,144,76,11,3832,,E5,,,,,,,,n305_1E5t_3,3832,,gutim,305,
305,1724.8441,0.0931,144,84,11,3832,,C6,,,,,,,,n305_1C6t_2,3832,,gutim,305,
305,1724.9422,0.1863,144,74,11,3833,,D5,,,,,,,,n305_1D5s,3833,,gutim,305,
305,1725.1382,0.2353,144,53,11,3834,,F3,,,,,,,,n305_1F3s,3834,,gutim,305,
305,1725.1382,0.4706,144,40,11,3834,,E2,,,,,,,,n305_5E2e,3834,,gutim,305,
305,1725.4324,0.2353,144,66,11,3835,,F#4,,,,,,,,n305_1Fs4s,3835,,gutim,305,
,,,,,,,,,,,,,,,,,,306,,,
306,1725.7265,0.1569,144,93,12,3836,,A6,,,,,,,,n306_1A6s_0,3836,,gutim,306,
306,1725.7265,0.1569,144,95,12,3836,,B6,,,,,,,,n306_1B6s,3836,,gutim,306,
306,1725.9225,0.1569,144,74,12,3837,,D5,,,,,,,,n306_1D5s_0,3837,,gutim,306,
306,1726.1186,0.1569,144,82,12,3838,,Bb5,,,,,,,,n306_1Bb5s,3838,,gutim,306,
306,1726.3147,0.4706,144,58,13,3839,,Bb3,,,,,,,,n306_5Bb3e,3839,,gutim,306,
306,1726.9029,0.4706,144,40,14,3840,,E2,,,,,,,,n306_5E2e,3840,,gutim,306,
306,1727.4912,0.1176,144,81,15,3841,,A5,,,,,,,,n306_5A5t,3841,,gutim,306,
306,1727.6382,0.1176,144,46,15,3842,,Bb2,,,,,,,,n306_5Bb2t_0,3842,,gutim,306,
306,1727.7853,0.1176,144,28,15,3843,,E1,,,,,,,,n306_5E1t,3843,,gutim,306,
306,1727.9324,0.1176,144,93,15,3844,,A6,,,,,,,,n306_5A6t,3844,,gutim,306,
306,1728.0794,0.1569,144,74,15,3845,,D5,,,,,,,,n306_1D5s_1,3845,,gutim,306,
306,1728.0794,0.1569,144,83,15,3845,,B5,,,,,,,,n306_1B5s_0,3845,,gutim,306,
306,1728.2755,0.1569,144,41,15,3846,,F2,,,,,,,,n306_1F2s,3846,,gutim,306,
306,1728.4716,0.1569,144,66,15,3847,,F#4,,,,,,,,n306_1Fs4s,3847,,gutim,306,
306,1728.6676,0.0944,144,88,5,3848,,E6,,,,,,,,n306_1E6t,3848,,gutim,306,
306,1728.7856,0.0944,144,95,5,3849,,B6,,,,,,,,n306_1B6t,3849,,gutim,306,
306,1728.9036,0.0944,144,79,5,3850,,G5,,,,,,,,n306_1G5t,3850,,gutim,306,
306,1729.0215,0.0944,144,82,5,3851,,Bb5,,,,,,,,n306_1Bb5t,3851,,gutim,306,
306,1729.1395,0.0944,144,99,5,3852,,Eb7,,,,,,,,n306_1Eb7t,3852,,gutim,306,
306,1729.2574,0.3137,144,105,5,3853,,A7,,,,,,,,n306_1A7e,3853,,gutim,306,
306,1729.2559,0.2353,144,28,5,3853,,E1,,,,,,,,n306_5E1s,3853,,gutim,306,
306,1729.55,0.0784,144,46,5,3854,,Bb2,,,,,,,,n306_5Bb2t_1,3854,,gutim,306,
306,1729.6496,0.1556,144,93,5,3855,,A6,,,,,,,,n306_1A6s_1,3855,,gutim,306,
306,1729.648,0.1569,144,40,5,3855,,E2,,,,,,,,n306_5E2s,3855,,gutim,306,
306,1729.648,0.1569,144,46,5,3855,,Bb2,,,,,,,,n306_5Bb2s,3855,,gutim,306,
306,1729.8441,0.9412,144,82,5,3856,,Bb5,,,,,,,,n306_1Bb5e_0,3856,,gutim,306,
306,1731.0206,0.1569,144,74,17,3857,,D5,,,,,,,,n306_1D5s_2,3857,,gutim,306,
306,1731.0206,0.1569,144,83,17,3857,,B5,,,,,,,,n306_1B5s_1,3857,,gutim,306,
306,1731.2167,0.3137,144,82,8,3858,,Bb5,,,,,,,,n306_1Bb5e_2,3858,,gutim,306,
306,1731.2167,0.3137,144,41,14,3858,,F2,,,,,,,,n306_5F2e,3858,,gutim,306,
306,1731.2167,0.3137,144,54,14,3858,,F#3,,,,,,,,n306_5Fs3e,3858,,gutim,306,
,,,,,,,,,,,,,,,,,,307,,,
307,1732.7853,1.4118,144,41,14,3859,,F2,,,,,,,,n307_5F2e_0,3859,,gutim,307,
307,1733.3735,1.4118,144,71,8,3860,,B4,,,,,,,,n307_1B4q,3860,,gutim,307,
307,1733.3735,1.4118,144,81,8,3860,,A5,,,,,,,,n307_1A5q,3860,,gutim,307,
307,1733.3735,0.9412,144,40,8,3860,,E2,,,,,,,,n307_5E2e_0,3860,,gutim,307,
307,1733.3735,0.9412,144,46,8,3860,,Bb2,,,,,,,,n307_5Bb2e_0,3860,,gutim,307,
307,1734.55,0.4706,144,58,8,3861,,Bb3,,,,,,,,n307_5Bb3e,3861,,gutim,307,
307,1735.1382,0.3725,144,93,8,3862,,A6,,,,,,,,n307_1A6s_0,3862,,gutim,307,
307,1735.1382,0.2489,144,40,8,3862,,E2,,,,,,,,n307_5E2s_0,3862,,gutim,307,
307,1735.4002,0.3725,144,46,8,3863,,Bb2,,,,,,,,n307_5Bb2s,3863,,gutim,307,
307,1735.5304,0.1237,144,81,8,3864,,A5,,,,,,,,n307_1A5t,3864,,gutim,307,
307,1735.6606,0.1237,144,93,8,3865,,A6,,,,,,,,n307_1A6t,3865,,gutim,307,
307,1735.7908,0.3725,144,81,8,3866,,A5,,,,,,,,n307_1A5s_0,3866,,gutim,307,
307,1735.7923,0.2489,144,40,8,3866,,E2,,,,,,,,n307_5E2s_1,3866,,gutim,307,
307,1736.0543,0.3137,144,58,8,3867,,Bb3,,,,,,,,n307_5Bb3s,3867,,gutim,307,
307,1736.183,0.1237,144,105,8,3868,,A7,,,,,,,,n307_1A7t_0,3868,,gutim,307,
307,1736.4434,0.2489,144,93,8,3869,,A6,,,,,,,,n307_1A6s_1,3869,,gutim,307,
307,1736.4464,0.3137,144,40,8,3869,,E2,,,,,,,,n307_5E2s_2,3869,,gutim,307,
307,1736.7053,0.1237,144,105,8,3870,,A7,,,,,,,,n307_1A7t_1,3870,,gutim,307,
307,1736.8386,0.1237,144,40,8,3871,,E2,,,,,,,,n307_5E2t_0,3871,,gutim,307,
307,1736.9688,0.1237,144,28,8,3872,,E1,,,,,,,,n307_5E1t_0,3872,,gutim,307,
307,1737.0975,0.315,144,81,8,3873,,A5,,,,,,,,n307_1A5s_1,3873,,gutim,307,
307,1737.099,0.1237,144,40,8,3874,,E2,,,,,,,,n307_5E2t_1,3874,,gutim,307,
307,1737.2292,0.1237,144,28,8,3875,,E1,,,,,,,,n307_5E1t_1,3875,,gutim,307,
307,1737.3594,0.1252,144,40,8,3876,,E2,,,,,,,,n307_5E2t_2,3876,,gutim,307,
,,,,,,,,,,,,,,,,,,308,,,
308,1737.4912,0.4962,144,105,9,3877,,A7,,,,,,,,n308_1A7e,3877,,gutim,308,
308,1737.4912,0.3725,144,46,9,3877,,Bb2,,,,,,,,n308_5Bb2s_0,3877,,gutim,308,
308,1737.8833,0.1237,144,58,9,3878,,Bb3,,,,,,,,n308_5Bb3t,3878,,gutim,308,
308,1738.0135,0.2489,144,93,9,3879,,A6,,,,,,,,n308_1A6s,3879,,gutim,308,
308,1738.0135,0.1237,144,46,9,3879,,Bb2,,,,,,,,n308_5Bb2t,3879,,gutim,308,
308,1738.1438,0.3725,144,58,9,3880,,Bb3,,,,,,,,n308_5Bb3s,3880,,gutim,308,
308,1738.2755,0.3725,144,105,9,3881,,A7,,,,,,,,n308_1A7s,3881,,gutim,308,
308,1738.5359,0.1042,144,40,10,3882,,E2,,,,,,,,n308_5E2t,3882,,gutim,308,
308,1739.0583,0.2096,144,40,10,3883,,E2,,,,,,,,n308_5E2s,3883,,gutim,308,
308,1739.0583,0.2096,144,46,10,3883,,Bb2,,,,,,,,n308_5Bb2s_1,3883,,gutim,308,
308,1739.3202,0.4179,144,28,10,3884,,E1,,,,,,,,n308_5E1e_0,3884,,gutim,308,
308,1739.8426,0.3137,144,28,11,3885,,E1,,,,,,,,n308_5E1e_1,3885,,gutim,308,
308,1740.2363,0.1569,144,71,20,3886,,B4,,,,,,,,n308_1B4s_0,3886,,gutim,308,
308,1740.4324,0.1569,144,50,20,3887,,D3,,,,,,,,n308_1D3s,3887,,gutim,308,
308,1740.4324,0.1569,144,71,20,3887,,B4,,,,,,,,n308_1B4s_1,3887,,gutim,308,
308,1740.6269,0.1569,144,29,11,3888,,F1,,,,,,,,n308_5F1s_0,3888,,gutim,308,
308,1740.7265,0.0784,144,58,21,3889,,Bb3,,,,,,,,n308_1Bb3t_0,3889,,gutim,308,
308,1740.8245,0.0784,144,42,21,3890,,Gb2,,,,,,,,n308_1Gb2t,3890,,gutim,308,
308,1740.823,0.1569,144,29,20,3890,,F1,,,,,,,,n308_5F1s_1,3890,,gutim,308,
308,1740.9225,0.0784,144,58,21,3891,,Bb3,,,,,,,,n308_1Bb3t_1,3891,,gutim,308,
308,1741.3147,0.0784,144,89,22,3892,,F6,,,,,,,,n308_1F6t_0,3892,,gutim,308,
308,1741.4112,1.3333,144,44,21,3893,,Ab2,,,,,,,,n308_5Ab2q,3893,,gutim,308,
308,1741.4112,1.3333,144,48,21,3893,,C3,,,,,,,,n308_5C3q,3893,,gutim,308,
308,1741.4127,1.3333,144,82,21,3894,,Bb5,,,,,,,,n308_1Bb5q,3894,,gutim,308,
308,1741.4127,1.3333,144,89,21,3894,,F6,,,,,,,,n308_1F6q,3894,,gutim,308,
308,1743.0794,0.0784,144,82,11,3895,,Bb5,,,,,,,,n308_1Bb5t,3895,,gutim,308,
308,1743.0794,0.0784,144,89,11,3895,,F6,,,,,,,,n308_1F6t_1,3895,,gutim,308,
308,1743.0779,0.0784,144,44,11,3895,,Ab2,,,,,,,,n308_5Ab2t,3895,,gutim,308,
308,1743.0779,0.0784,144,48,11,3895,,C3,,,,,,,,n308_5C3t,3895,,gutim,308,
308,1743.1775,0.1569,144,100,11,3896,,E7,,,,,,,,n308_1E7s,3896,,gutim,308,
308,1743.1759,0.1581,144,44,11,3896,,Ab2,,,,,,,,n308_5Ab2s_1,3896,,gutim,308,
308,1743.1759,0.1581,144,48,11,3896,,C3,,,,,,,,n308_5C3s_1,3896,,gutim,308,
,,,,,,,,,,,,,,,,,,309,,,
309,1746.7069,3.9216,144,35,5,3897,,B1,,,,,,,,n309_5B1s,3897,,gutim,309,
,,,,,,,,,,,,,,,,,,310,,,
310,1751.0206,0.0944,144,88,5,3898,,E6,,,,,,,,n310_1E6t,3898,,gutim,310,
310,1751.1385,0.0944,144,95,5,3899,,B6,,,,,,,,n310_1B6t,3899,,gutim,310,
310,1751.2565,0.0944,144,79,5,3900,,G5,,,,,,,,n310_1G5t,3900,,gutim,310,
310,1751.3744,0.0944,144,82,5,3901,,Bb5,,,,,,,,n310_1Bb5t_0,3901,,gutim,310,
310,1751.4924,0.0931,144,99,5,3902,,Eb7,,,,,,,,n310_1Eb7t,3902,,gutim,310,
,,,,,,,7234,,,,,,,,,,,,gutim,,
310,1752.1221,0.06,144,83,17,3903,,B5,g,,,,,,,ng310_1B5e,3903,,gutim,310,
310,1752.1971,0.1569,144,53,17,3904,,F3,,,,,,,,n310_1F3s_0,3904,,gutim,310,
310,1752.1971,0.1569,144,73,24,3904,,C#5,,,,,,,,n310_1Cs5s,3904,,gutim,310,
310,1752.1971,0.1569,144,81,24,3904,,A5,,,,,,,,n310_1A5s,3904,,gutim,310,
310,1752.1971,0.7451,144,85,17,3904,,C#6,,,,,,,,n310_1Cs6s_0,3904,,gutim,310,
310,1752.1971,0.4706,144,40,24,3904,,E2,,,,,,,,n310_5E2e,3904,,gutim,310,
310,1752.1971,0.4706,144,41,24,3904,,F2,,,,,,,,n310_5F2e,3904,,gutim,310,
310,1752.1971,0.4706,144,46,24,3904,,Bb2,,,,,,,,n310_5Bb2e,3904,,gutim,310,
310,1752.3931,0.0784,144,83,17,3905,,B5,,,,,,,,n310_1B5t_0,3905,,gutim,310,
310,1752.4912,0.2353,144,53,17,3906,,F3,,,,,,,,n310_1F3t_0,3906,,gutim,310,
310,1752.5892,0.1569,144,65,24,3907,,F4,,,,,,,,n310_1F4s,3907,,gutim,310,
310,1752.7853,0.0784,144,66,17,3908,,F#4,,,,,,,,n310_1Fs4t_0,3908,,gutim,310,
310,1752.8833,0.0784,144,74,17,3909,,D5,,,,,,,,n310_1D5t_0,3909,,gutim,310,
310,1752.9814,0.1176,144,83,17,3910,,B5,,,,,,,,n310_1B5t_1,3910,,gutim,310,
310,1753.1284,0.1176,144,74,11,3911,,D5,,,,,,,,n310_1D5t_1,3911,,gutim,310,
310,1753.2755,0.0931,144,53,11,3912,,F3,,,,,,,,n310_1F3t_1,3912,,gutim,310,
310,1753.3735,0.0931,144,66,11,3913,,F#4,,,,,,,,n310_1Fs4t_1,3913,,gutim,310,
310,1753.4716,0.0931,144,74,11,3914,,D5,,,,,,,,n310_1D5t_2,3914,,gutim,310,
310,1753.5696,0.0931,144,82,11,3915,,Bb5,,,,,,,,n310_1Bb5t_1,3915,,gutim,310,
310,1753.6696,0.06,144,41,8,3916,,F2,g,,,,,,,ng310_1F2e,3916,,gutim,310,
310,1753.7446,0.2353,144,71,8,3917,,B4,,,,,,,,n310_1B4s,3917,,gutim,310,
310,1754.0387,0.2794,144,62,8,3918,,D4,,,,,,,,n310_5D4s_0,3918,,gutim,310,
310,1754.3328,0.1863,144,41,10,3919,,F2,,,,,,,,n310_5F2s_0,3919,,gutim,310,
310,1754.5289,0.2794,144,71,12,3920,,B4,,,,,,,,n310_5B4s,3920,,gutim,310,
310,1754.823,0.2794,144,41,15,3921,,F2,,,,,,,,n310_5F2s_1,3921,,gutim,310,
310,1754.823,0.2794,144,62,15,3921,,D4,,,,,,,,n310_5D4s_1,3921,,gutim,310,
310,1755.1172,0.0931,144,29,17,3922,,F1,,,,,,,,n310_5F1t,3922,,gutim,310,
,,,,,,,,,,,,,,,,,,311,,,
311,1755.8034,0.1569,144,73,24,3923,,C#5,,,,,,,,n311_1Cs5s,3923,,gutim,311,
311,1755.8034,0.1569,144,81,24,3923,,A5,,,,,,,,n311_1A5s,3923,,gutim,311,
311,1755.8034,0.1569,144,85,24,3923,,C#6,,,,,,,,n311_1Cs6s,3923,,gutim,311,
311,1755.8034,0.4706,144,40,24,3923,,E2,,,,,,,,n311_5E2e,3923,,gutim,311,
311,1755.8034,0.4706,144,41,24,3923,,F2,,,,,,,,n311_5F2e_0,3923,,gutim,311,
311,1755.8034,0.4706,144,46,24,3923,,Bb2,,,,,,,,n311_5Bb2e,3923,,gutim,311,
311,1755.9995,0.1569,144,65,24,3924,,F4,,,,,,,,n311_1F4s,3924,,gutim,311,
311,1756.1956,0.0784,144,61,8,3925,,C#4,,,,,,,,n311_1Cs4t,3925,,gutim,311,
311,1756.2936,0.0784,144,33,9,3926,,A1,,,,,,,,n311_1A1t,3926,,gutim,311,
311,1756.3917,0.1397,144,74,10,3927,,D5,,,,,,,,n311_5D5t_0,3927,,gutim,311,
311,1756.5387,0.1397,144,68,11,3928,,G#4,,,,,,,,n311_5Gs4t_0,3928,,gutim,311,
311,1756.6858,0.1397,144,61,12,3929,,C#4,,,,,,,,n311_5Cs4t_0,3929,,gutim,311,
311,1756.8328,0.1397,144,74,13,3930,,D5,,,,,,,,n311_5D5t_1,3930,,gutim,311,
311,1756.9799,0.4706,144,41,24,3931,,F2,,,,,,,,n311_1F2e,3931,,gutim,311,
311,1756.9799,0.4706,144,42,24,3931,,Gb2,,,,,,,,n311_1Gb2e,3931,,gutim,311,
311,1756.9799,0.1397,144,61,14,3931,,C#4,,,,,,,,n311_5Cs4t_1,3931,,gutim,311,
311,1756.9799,0.1397,144,68,14,3931,,G#4,,,,,,,,n311_5Gs4t_1,3931,,gutim,311,
311,1757.127,0.0784,144,45,14,3932,,A2,,,,,,,,n311_5A2t,3932,,gutim,311,
311,1757.225,0.0784,144,61,14,3933,,C#4,,,,,,,,n311_5Cs4t_2,3933,,gutim,311,
311,1757.225,0.0784,144,68,14,3933,,G#4,,,,,,,,n311_5Gs4t_2,3933,,gutim,311,
311,1757.225,0.0784,144,74,14,3933,,D5,,,,,,,,n311_5D5t_2,3933,,gutim,311,
311,1757.323,0.1961,144,33,14,3934,,A1,,,,,,,,n311_5A1t_0,3934,,gutim,311,
311,1757.5681,0.4706,144,41,11,3935,,F2,,,,,,,,n311_5F2e_1,3935,,gutim,311,
,,,,,,,7237,,,,,,,,,,,,gutim,,
,,,,,,,,,,,,,,,,,,313,,,
313,1768.1564,3.7647,144,27,14,3936,,D#1,,,,,,,,n313_6Ds1w,3936,,gutim,313,
313,1768.1564,3.7647,144,52,14,3936,,E3,,,,,,,,n313_6E3w,3936,,gutim,313,
313,1768.1564,3.7647,144,54,14,3936,,F#3,,,,,,,,n313_6Fs3w,3936,,gutim,313,
,,,,,,,7238,,,,,,,,,,,,gutim,,
,,,,,,,,,,,,,,,,,,314,,,
314,1775.2152,0.1121,144,89,2,3937,,F6,,,,,,,,n314_1F6t_0,3937,,gutim,314,
314,1775.2152,2.8235,144,27,5,3937,,D#1,,,,,,,,n314_6Ds1h,3937,,gutim,314,
314,1775.2152,2.8235,144,52,20,3937,,E3,,,,,,,,n314_6E3h,3937,,gutim,314,
314,1775.2152,2.8235,144,54,14,3937,,F#3,,,,,,,,n314_6Fs3h,3937,,gutim,314,
314,1775.3331,0.0742,144,61,2,3938,,C#4,,,,,,,,n314_1Cs4t,3938,,gutim,314,
314,1775.4113,0.0742,144,74,2,3939,,D5,,,,,,,,n314_1D5t,3939,,gutim,314,
314,1775.4894,0.1121,144,73,2,3940,,C#5,,,,,,,,n314_1Cs5t,3940,,gutim,314,
314,1775.6074,0.1121,144,57,2,3941,,A3,,,,,,,,n314_1A3x,3941,,gutim,314,
314,1775.7253,0.0742,144,86,2,3942,,D6,,,,,,,,n314_1D6t_0,3942,,gutim,314,
314,1775.8034,0.0742,144,89,2,3943,,F6,,,,,,,,n314_1F6t_1,3943,,gutim,314,
314,1775.8034,0.0699,144,75,2,3943,,D#5,,,,,,,,n314_5Ds5x,3943,,gutim,314,
314,1775.877,0.0699,144,83,2,3944,,B5,,,,,,,,n314_5B5x_0,3944,,gutim,314,
314,1775.8816,0.0742,144,86,2,3945,,D6,,,,,,,,n314_1D6t_1,3945,,gutim,314,
314,1775.9505,0.0699,144,84,2,3946,,C6,,,,,,,,n314_5C6x,3946,,gutim,314,
314,1775.9597,0.0742,144,92,2,3947,,G#6,,,,,,,,n314_1Gs6t_0,3947,,gutim,314,
314,1776.024,0.0699,144,83,2,3948,,B5,,,,,,,,n314_5B5x_1,3948,,gutim,314,
314,1776.0378,0.1121,144,85,2,3949,,C#6,,,,,,,,n314_1Cs6t,3949,,gutim,314,
314,1776.0975,0.2096,144,79,2,3950,,G5,,,,,,,,n314_5G5t,3950,,gutim,314,
314,1776.1558,0.0742,144,81,2,3951,,A5,,,,,,,,n314_1A5t,3951,,gutim,314,
314,1776.2339,0.0742,144,86,2,3952,,D6,,,,,,,,n314_1D6t_2,3952,,gutim,314,
314,1776.312,0.0742,144,92,2,3953,,G#6,,,,,,,,n314_1Gs6t_1,3953,,gutim,314,
314,1776.3181,0.0699,144,78,2,3954,,F#5,,,,,,,,n314_5Fs5x,3954,,gutim,314,
,,,,,,,,,,,,,,,,,,315,,,
315,1778.7446,2.8235,144,27,14,3955,,D#1,,,,,,,,n315_6Ds1h,3955,,gutim,315,
315,1778.7446,2.8235,144,52,14,3955,,E3,,,,,,,,n315_6E3h,3955,,gutim,315,
315,1778.7446,2.8235,144,54,14,3955,,F#3,,,,,,,,n315_6Fs3h,3955,,gutim,315,
315,1779.9211,0.1397,144,87,2,3956,,D#6,,,,,,,,n315_5Ds6t_0,3956,,gutim,315,
315,1779.9992,0.0742,144,98,2,3957,,D7,,,,,,,,n315_1D7t_0,3957,,gutim,315,
315,1780.0681,0.1397,144,95,2,3958,,B6,,,,,,,,n315_5B6t_0,3958,,gutim,315,
315,1780.0773,0.0742,144,101,2,3959,,F7,,,,,,,,n315_1F7t_0,3959,,gutim,315,
315,1780.1555,0.0742,144,98,2,3960,,D7,,,,,,,,n315_1D7t_1,3960,,gutim,315,
315,1780.2152,0.0931,144,96,2,3961,,C7,,,,,,,,n315_5C7t_0,3961,,gutim,315,
315,1780.2336,0.0742,144,101,2,3962,,F7,,,,,,,,n315_1F7t_1,3962,,gutim,315,
315,1780.3117,0.0742,144,98,2,3963,,D7,,,,,,,,n315_1D7t_2,3963,,gutim,315,
315,1780.3132,0.0931,144,95,2,3964,,B6,,,,,,,,n315_5B6t_1,3964,,gutim,315,
315,1780.3898,0.1121,144,104,2,3965,,G#7,,,,,,,,n315_1Gs7t_0,3965,,gutim,315,
315,1780.4113,0.0931,144,96,2,3966,,C7,,,,,,,,n315_5C7t_1,3966,,gutim,315,
315,1780.5078,0.0742,144,97,2,3967,,C#7,,,,,,,,n315_1Cs7t_0,3967,,gutim,315,
315,1780.5093,0.0931,144,95,2,3967,,B6,,,,,,,,n315_5B6t_2,3967,,gutim,315,
315,1780.5859,0.0742,144,104,2,3968,,G#7,,,,,,,,n315_1Gs7t_1,3968,,gutim,315,
315,1780.6074,0.0931,144,96,2,3969,,C7,,,,,,,,n315_5C7t_2,3969,,gutim,315,
315,1780.664,0.1121,144,97,2,3970,,C#7,,,,,,,,n315_1Cs7t_1,3970,,gutim,315,
315,1780.7054,0.0931,144,95,2,3971,,B6,,,,,,,,n315_5B6t_3,3971,,gutim,315,
315,1780.782,0.1121,144,93,2,3972,,A6,,,,,,,,n315_1A6t,3972,,gutim,315,
315,1780.8034,0.1397,144,91,2,3973,,G6,,,,,,,,n315_5G6t,3973,,gutim,315,
315,1780.8999,0.0742,144,98,2,3974,,D7,,,,,,,,n315_1D7t_3,3974,,gutim,315,
315,1780.9505,0.1397,144,78,2,3975,,F#5,,,,,,,,n315_5Fs5t,3975,,gutim,315,
315,1780.9781,0.1121,144,104,2,3976,,G#7,,,,,,,,n315_1Gs7t_2,3976,,gutim,315,
315,1781.096,0.0742,144,98,2,3977,,D7,,,,,,,,n315_1D7t_4,3977,,gutim,315,
315,1781.0975,0.0931,144,90,2,3978,,F#6,,,,,,,,n315_5Fs6t_0,3978,,gutim,315,
315,1781.1741,0.1484,144,97,2,3979,,C#7,,,,,,,,n315_1Cs7s,3979,,gutim,315,
315,1781.1956,0.0931,144,87,2,3980,,D#6,,,,,,,,n315_5Ds6t_1,3980,,gutim,315,
315,1781.2936,0.0931,144,90,2,3981,,F#6,,,,,,,,n315_5Fs6t_1,3981,,gutim,315,
315,1781.3304,0.0742,144,104,2,3982,,G#7,,,,,,,,n315_1Gs7t_3,3982,,gutim,315,
315,1781.4085,0.1484,144,93,2,3983,,A6,,,,,,,,n315_1A6s,3983,,gutim,315,
,,,,,,,,,,,,,,,,,,316,,,
316,1783.4505,2.8235,144,27,14,3984,,D#1,,,,,,,,n316_6Ds1h,3984,,gutim,316,
316,1783.4505,2.8235,144,52,14,3984,,E3,,,,,,,,n316_6E3h,3984,,gutim,316,
316,1783.4505,2.8235,144,54,14,3984,,F#3,,,,,,,,n316_6Fs3h,3984,,gutim,316,
316,1785.8034,0.0931,144,86,2,3985,,D6,,,,,,,,n316_5D6t_0,3985,,gutim,316,
316,1785.9015,0.0931,144,89,2,3986,,F6,,,,,,,,n316_5F6t_0,3986,,gutim,316,
316,1785.9214,0.1121,144,99,2,3987,,D#7,,,,,,,,n316_1Ds7t,3987,,gutim,316,
316,1785.9995,0.0626,144,86,2,3988,,D6,,,,,,,,n316_5D6t_1,3988,,gutim,316,
316,1786.0393,0.1121,144,107,2,3989,,B7,,,,,,,,n316_1B7t_0,3989,,gutim,316,
316,1786.0654,0.0626,144,89,2,3990,,F6,,,,,,,,n316_5F6t_1,3990,,gutim,316,
316,1786.1313,0.0626,144,86,2,3991,,D6,,,,,,,,n316_5D6t_2,3991,,gutim,316,
316,1786.1573,0.1121,144,108,2,3992,,C8,,,,,,,,n316_1C8t_0,3992,,gutim,316,
316,1786.1971,0.0931,144,89,2,3993,,F6,,,,,,,,n316_5F6t_2,3993,,gutim,316,
316,1786.2752,0.0742,144,107,2,3994,,B7,,,,,,,,n316_1B7t_1,3994,,gutim,316,
316,1786.2952,0.0931,144,92,2,3995,,G#6,,,,,,,,n316_5Gs6t_0,3995,,gutim,316,
316,1786.3534,0.0742,144,108,2,3996,,C8,,,,,,,,n316_1C8t_1,3996,,gutim,316,
316,1786.3932,0.0931,144,85,2,3997,,C#6,,,,,,,,n316_5Cs6t_0,3997,,gutim,316,
316,1786.4315,0.0742,144,107,2,3998,,B7,,,,,,,,n316_1B7t_2,3998,,gutim,316,
316,1786.4912,0.0626,144,92,2,3999,,G#6,,,,,,,,n316_5Gs6t_1,3999,,gutim,316,
316,1786.5096,0.0742,144,108,2,4000,,C8,,,,,,,,n316_1C8t_2,4000,,gutim,316,
316,1786.5571,0.0626,144,85,2,4001,,C#6,,,,,,,,n316_5Cs6t_1,4001,,gutim,316,
316,1786.5877,0.0742,144,107,2,4002,,B7,,,,,,,,n316_1B7t_3,4002,,gutim,316,
316,1786.623,0.1557,144,92,2,4003,,G#6,,,,,,,,n316_5Gs6t_2,4003,,gutim,316,
316,1786.6659,0.0742,144,108,2,4004,,C8,,,,,,,,n316_1C8t_3,4004,,gutim,316,
316,1786.744,0.0742,144,107,2,4005,,B7,,,,,,,,n316_1B7t_4,4005,,gutim,316,
316,1786.7869,0.1863,144,73,2,4006,,C#5,,,,,,,,n316_5Cs5s,4006,,gutim,316,
316,1786.8221,0.1121,144,103,2,4007,,G7,,,,,,,,n316_1G7t_0,4007,,gutim,316,
316,1786.9401,0.1121,144,102,14,4008,,F#7,,,,,,,,n316_1Fs7x,4008,,gutim,316,
316,1786.983,0.0626,144,69,14,4009,,A4,,,,,,,,n316_5A4t,4009,,gutim,316,
316,1787.0442,0.0626,144,101,14,4010,,F7,,,,,,,,n316_5F7t_0,4010,,gutim,316,
316,1787.058,0.0742,144,107,14,4011,,B7,,,,,,,,n316_1B7t_5,4011,,gutim,316,
316,1787.1101,0.0626,144,98,14,4012,,D7,,,,,,,,n316_5D7t,4012,,gutim,316,
316,1787.1362,0.1121,144,103,14,4013,,G7,,,,,,,,n316_1G7t_1,4013,,gutim,316,
316,1787.176,0.0931,144,101,14,4014,,F7,,,,,,,,n316_5F7t_1,4014,,gutim,316,
316,1787.2541,0.1121,144,90,14,4015,,F#6,,,,,,,,n316_1Fs6x,4015,,gutim,316,
316,1787.274,0.0931,144,104,14,4016,,G#7,,,,,,,,n316_5Gs7t_0,4016,,gutim,316,
316,1787.3721,0.0742,144,87,14,4017,,D#6,,,,,,,,n316_1Ds6t,4017,,gutim,316,
316,1787.3721,0.0626,144,85,14,4017,,C#6,,,,,,,,n316_5Cs6t_2,4017,,gutim,316,
316,1787.4379,0.0626,144,104,14,4018,,G#7,,,,,,,,n316_5Gs7t_1,4018,,gutim,316,
316,1787.4502,0.1121,144,95,14,4019,,B6,,,,,,,,n316_1B6t,4019,,gutim,316,
316,1787.5038,0.0626,144,97,14,4020,,C#7,,,,,,,,n316_5Cs7t,4020,,gutim,316,
316,1787.5681,0.1121,144,91,14,4021,,G6,,,,,,,,n316_1G6t,4021,,gutim,316,
,,,,,,,,,,,,,,,,,,317,,,
317,1788.1564,0.0742,144,87,5,4022,,D#6,,,,,,,,n317_1Ds6t_0,4022,,gutim,317,
317,1788.1564,0.9412,144,52,14,4022,,E3,,,,,,,,n317_6E3q,4022,,gutim,317,
317,1788.1564,0.9412,144,54,14,4022,,F#3,,,,,,,,n317_6Fs3q,4022,,gutim,317,
317,1788.1564,0.9412,144,86,14,4022,,D6,,,,,,,,n317_6D6q,4022,,gutim,317,
317,1788.2345,0.0742,144,90,5,4023,,F#6,,,,,,,,n317_1Fs6t_0,4023,,gutim,317,
317,1788.3126,0.1295,144,95,5,4024,,B6,,,,,,,,n317_1B6t_0,4024,,gutim,317,
317,1788.449,0.0931,144,96,5,4025,,C7,,,,,,,,n317_1C7x_0,4025,,gutim,317,
317,1788.4505,0.0931,144,85,5,4025,,C#6,,,,,,,,n317_5Cs6t_0,4025,,gutim,317,
317,1788.547,0.1121,144,91,5,4026,,G6,,,,,,,,n317_1G6t_0,4026,,gutim,317,
317,1788.5485,0.0931,144,92,5,4027,,G#6,,,,,,,,n317_5Gs6t,4027,,gutim,317,
317,1788.6466,0.0931,144,85,5,4028,,C#6,,,,,,,,n317_5Cs6t_1,4028,,gutim,317,
317,1788.665,0.0742,144,90,5,4029,,F#6,,,,,,,,n317_1Fs6t_1,4029,,gutim,317,
317,1788.7431,0.0742,144,96,5,4030,,C7,,,,,,,,n317_1C7t_0,4030,,gutim,317,
317,1788.7446,0.1863,144,69,5,4030,,A4,,,,,,,,n317_5A4s_0,4030,,gutim,317,
317,1788.8212,0.0742,144,87,5,4031,,D#6,,,,,,,,n317_1Ds6t_1,4031,,gutim,317,
317,1788.8993,0.0742,144,96,5,4032,,C7,,,,,,,,n317_1C7t_1,4032,,gutim,317,
317,1788.9407,0.0931,144,89,5,4033,,F6,,,,,,,,n317_5F6t_0,4033,,gutim,317,
317,1788.9775,0.1121,144,91,5,4034,,G6,,,,,,,,n317_1G6t_1,4034,,gutim,317,
317,1789.0387,0.0931,144,74,5,4035,,D5,,,,,,,,n317_5D5t_0,4035,,gutim,317,
317,1789.0954,0.0742,144,90,5,4036,,F#6,,,,,,,,n317_1Fs6t_2,4036,,gutim,317,
317,1789.1368,0.0931,144,89,5,4037,,F6,,,,,,,,n317_5F6t_1,4037,,gutim,317,
317,1789.1735,0.0742,144,96,5,4038,,C7,,,,,,,,n317_1C7t_2,4038,,gutim,317,
317,1789.2348,0.0931,144,74,5,4039,,D5,,,,,,,,n317_5D5t_1,4039,,gutim,317,
317,1789.2517,0.521,144,87,5,4040,,D#6,,,,,,,,n317_1Ds6t_2,4040,,gutim,317,
317,1789.3328,0.9412,144,60,5,4041,,C4,,,,,,,,n317_6C4q_0,4041,,gutim,317,
317,1789.8001,0.0742,144,75,5,4042,,D#5,,,,,,,,n317_1Ds5t,4042,,gutim,317,
317,1789.8782,0.0742,144,95,5,4043,,B6,,,,,,,,n317_1B6t_1,4043,,gutim,317,
317,1789.9563,0.0742,144,108,5,4044,,C8,,,,,,,,n317_1C8t_0,4044,,gutim,317,
317,1790.0344,0.0742,144,95,5,4045,,B6,,,,,,,,n317_1B6t_2,4045,,gutim,317,
317,1790.0681,0.0699,144,98,5,4046,,D7,,,,,,,,n317_5D7x_0,4046,,gutim,317,
317,1790.1126,0.0742,144,108,5,4047,,C8,,,,,,,,n317_1C8t_1,4047,,gutim,317,
317,1790.1417,0.0699,144,101,5,4048,,F7,,,,,,,,n317_5F7x_0,4048,,gutim,317,
317,1790.1907,0.0742,144,95,5,4049,,B6,,,,,,,,n317_1B6t_3,4049,,gutim,317,
317,1790.2152,0.0699,144,98,5,4050,,D7,,,,,,,,n317_5D7x_1,4050,,gutim,317,
317,1790.2688,0.1121,144,91,5,4051,,G6,,,,,,,,n317_1G6t_2,4051,,gutim,317,
317,1790.2887,0.0699,144,101,5,4052,,F7,,,,,,,,n317_5F7x_1,4052,,gutim,317,
317,1790.3623,0.0699,144,98,5,4053,,D7,,,,,,,,n317_5D7x_2,4053,,gutim,317,
317,1790.3868,0.5588,144,96,5,4054,,C7,,,,,,,,n317_1C7t_3,4054,,gutim,317,
317,1790.4358,0.0699,144,104,5,4055,,G#7,,,,,,,,n317_5Gs7x,4055,,gutim,317,
317,1790.8034,0.4191,144,85,5,4056,,C#6,,,,,,,,n317_5Cs6s,4056,,gutim,317,
317,1790.975,0.1121,144,79,5,4057,,G5,,,,,,,,n317_1G5t_0,4057,,gutim,317,
317,1791.093,0.1121,144,66,5,4058,,F#4,,,,,,,,n317_1Fs4t_0,4058,,gutim,317,
317,1791.2109,0.0742,144,83,5,4059,,B5,,,,,,,,n317_1B5t_0,4059,,gutim,317,
317,1791.2446,0.4191,144,69,5,4060,,A4,,,,,,,,n317_5A4s_1,4060,,gutim,317,
317,1791.289,0.0742,144,79,5,4061,,G5,,,,,,,,n317_1G5t_1,4061,,gutim,317,
317,1791.3672,0.0742,144,78,5,4062,,F#5,,,,,,,,n317_1Fs5t,4062,,gutim,317,
317,1791.4453,0.0742,144,83,5,4063,,B5,,,,,,,,n317_1B5t_1,4063,,gutim,317,
317,1791.5234,0.0742,144,96,5,4064,,C7,,,,,,,,n317_1C7t_4,4064,,gutim,317,
317,1791.6015,0.0742,144,83,5,4065,,B5,,,,,,,,n317_1B5t_2,4065,,gutim,317,
317,1791.6797,0.0742,144,79,5,4066,,G5,,,,,,,,n317_1G5t_2,4066,,gutim,317,
317,1791.6858,0.5588,144,73,5,4067,,C#5,,,,,,,,n317_5Cs5e,4067,,gutim,317,
317,1791.7578,0.0742,144,66,5,4068,,F#4,,,,,,,,n317_1Fs4t_1,4068,,gutim,317,
317,1791.8359,0.0742,144,79,5,4069,,G5,,,,,,,,n317_1G5t_3,4069,,gutim,317,
317,1791.914,0.1121,144,66,5,4070,,F#4,,,,,,,,n317_1Fs4t_2,4070,,gutim,317,
317,1792.032,0.0742,144,63,5,4071,,D#4,,,,,,,,n317_1Ds4t,4071,,gutim,317,
317,1792.1101,0.0742,144,71,5,4072,,B4,,,,,,,,n317_1B4t,4072,,gutim,317,
317,1792.1882,0.0742,144,84,5,4073,,C6,,,,,,,,n317_1C6t,4073,,gutim,317,
317,1792.2664,0.1121,144,67,5,4074,,G4,,,,,,,,n317_1G4t,4074,,gutim,317,
317,1792.274,0.2794,144,69,5,4075,,A4,,,,,,,,n317_5A4s_2,4075,,gutim,317,
317,1792.274,0.1863,144,54,8,4075,,F#3,,,,,,,,n317_6Fs3s,4075,,gutim,317,
317,1792.3843,0.454,144,66,5,4076,,F#4,,,,,,,,n317_1Fs4e,4076,,gutim,317,
317,1792.4701,0.1863,144,57,9,4077,,A3,,,,,,,,n317_6A3s,4077,,gutim,317,
317,1792.5681,1.1765,144,45,22,4078,,A2,,,,,,,,n317_5A2s,4078,,gutim,317,
317,1792.6662,0.1863,144,65,11,4079,,F4,,,,,,,,n317_6F4s,4079,,gutim,317,
317,1792.8623,1.9535,144,60,5,4080,,C4,,,,,,,,n317_6C4t,4080,,gutim,317,
317,1792.9603,1.8751,144,76,5,4081,,E5,,,,,,,,n317_6E5s_0,4081,,gutim,317,
,,,,,,,,,,,,,,,,,,318,,,
318,1795.3042,0.06,144,60,14,4082,,C4,g,,,,,,,ng318_5C4e,4082,,gutim,318,
,,,,,,,7240,,,,,,,,,,,,gutim,,
318,1795.3792,1.0909,144,95,20,4083,,B6,,,,,,,,n318_1B6q_0,4083,,gutim,318,
318,1795.3792,1.7273,144,67,14,4083,,G4,,,,,,,,n318_5G4q,4083,,gutim,318,
318,1796.7428,1.0909,144,62,20,4084,,D4,,,,,,,,n318_1D4q,4084,,gutim,318,
318,1796.7428,1.0909,144,95,20,4084,,B6,,,,,,,,n318_1B6q_1,4084,,gutim,318,
318,1797.1974,0.3636,144,52,15,4085,,E3,,,,,,,,n318_5E3e,4085,,gutim,318,
318,1798.1064,0.1364,144,29,15,4086,,F1,,,,,,,,n318_1F1t_0,4086,,gutim,318,
318,1798.1064,0.1364,144,62,15,4086,,D4,,,,,,,,n318_1D4t_0,4086,,gutim,318,
318,1798.2769,0.1364,144,29,15,4087,,F1,,,,,,,,n318_1F1t_1,4087,,gutim,318,
318,1798.2769,0.1364,144,54,15,4087,,F#3,,,,,,,,n318_1Fs3t,4087,,gutim,318,
318,1798.2769,0.1364,144,62,15,4087,,D4,,,,,,,,n318_1D4t_1,4087,,gutim,318,
318,1798.4474,0.8182,144,82,15,4088,,Bb5,,,,,,,,n318_1Bb5e,4088,,gutim,318,
318,1798.4474,0.8182,144,95,15,4088,,B6,,,,,,,,n318_1B6e,4088,,gutim,318,
318,1798.7883,0.0909,144,32,14,4089,,G#1,,,,,,,,n318_5Gs1t_0,4089,,gutim,318,
318,1798.9019,0.0909,144,25,15,4090,,C#1,,,,,,,,n318_5Cs1t_0,4090,,gutim,318,
318,1799.0155,0.1364,144,32,16,4091,,G#1,,,,,,,,n318_5Gs1t_1,4091,,gutim,318,
318,1799.186,0.1364,144,60,17,4092,,C4,,,,,,,,n318_5C4t_0,4092,,gutim,318,
318,1799.3564,0.0909,144,25,18,4093,,C#1,,,,,,,,n318_5Cs1t_1,4093,,gutim,318,
318,1799.3564,0.0909,144,32,18,4093,,G#1,,,,,,,,n318_5Gs1t_2,4093,,gutim,318,
318,1799.3564,0.0909,144,60,18,4093,,C4,,,,,,,,n318_5C4t_1,4093,,gutim,318,
318,1799.6405,0.1364,144,25,20,4094,,C#1,,,,,,,,n318_5Cs1t_2,4094,,gutim,318,
318,1799.6405,0.1364,144,32,20,4094,,G#1,,,,,,,,n318_5Gs1t_3,4094,,gutim,318,
318,1799.6405,0.1364,144,60,20,4094,,C4,,,,,,,,n318_5C4t_2,4094,,gutim,318,
318,1799.9246,0.0909,144,82,11,4095,,Bb5,,,,,,,,n318_1Bb5t,4095,,gutim,318,
318,1799.9246,0.0909,144,95,11,4095,,B6,,,,,,,,n318_1B6t,4095,,gutim,318,
318,1799.9246,0.1818,144,54,11,4095,,F#3,,,,,,,,n318_5Fs3s,4095,,gutim,318,
318,1799.9246,0.1818,144,62,11,4095,,D4,,,,,,,,n318_5D4s,4095,,gutim,318,
318,1800.0383,0.0909,144,91,14,4096,,G6,,,,,,,,n318_1G6t,4096,,gutim,318,
318,1800.1519,0.0909,144,84,15,4097,,C6,,,,,,,,n318_1C6t_0,4097,,gutim,318,
318,1800.2655,0.0909,144,76,16,4098,,E5,,,,,,,,n318_1E5t,4098,,gutim,318,
318,1800.3792,0.0909,144,49,17,4099,,C#3,,,,,,,,n318_1Cs3t_0,4099,,gutim,318,
318,1800.4928,0.0909,144,56,18,4100,,G#3,,,,,,,,n318_1Gs3t,4100,,gutim,318,
318,1800.6064,0.0909,144,84,19,4101,,C6,,,,,,,,n318_1C6t_1,4101,,gutim,318,
318,1800.7201,0.0909,144,49,20,4102,,C#3,,,,,,,,n318_1Cs3t_1,4102,,gutim,318,
318,1800.8201,0.0712,144,72,14,4103,,C5,g,,,,,,,ng318_1C5e,4103,,gutim,318,
318,1800.8951,0.0712,144,79,14,4104,,G5,g,,,,,,,ng318_1G5e,4104,,gutim,318,
318,1800.9701,0.0712,144,37,15,4105,,Db2,g,,,,,,,ng318_1Db2e,4105,,gutim,318,
318,1800.9701,0.06,144,29,15,4105,,F1,g,,,,,,,ng318_5F1e,4105,,gutim,318,
318,1801.0451,0.2159,144,64,11,4106,,E4,,,,,,,,n318_1E4s,4106,,gutim,318,
318,1801.0451,0.2727,144,71,11,4106,,B4,,,,,,,,n318_5B4s,4106,,gutim,318,
318,1801.2724,0.3636,144,44,10,4107,,G#2,,,,,,,,n318_1Gs2e,4107,,gutim,318,
318,1801.2724,0.3636,144,64,10,4107,,E4,,,,,,,,n318_1E4e,4107,,gutim,318,
318,1801.386,0.2727,144,50,10,4108,,D3,,,,,,,,n318_5D3s,4108,,gutim,318,
318,1801.7269,1.0909,144,29,9,4109,,F1,,,,,,,,n318_5F1e_0,4109,,gutim,318,
318,1803.0905,0.1364,144,29,6,4110,,F1,,,,,,,,n318_5F1t,4110,,gutim,318,
318,1803.0905,0.1364,144,38,6,4110,,D2,,,,,,,,n318_5D2t,4110,,gutim,318,
318,1803.0905,0.1364,144,71,6,4110,,B4,,,,,,,,n318_5B4t,4110,,gutim,318,
318,1803.261,0.1364,144,58,6,4111,,Bb3,,,,,,,,n318_5Bb3t_0,4111,,gutim,318,
318,1803.4314,0.1364,144,30,5,4112,,Gb1,,,,,,,,n318_5Gb1t,4112,,gutim,318,
318,1803.6019,0.1364,144,58,5,4113,,Bb3,,,,,,,,n318_5Bb3t_1,4113,,gutim,318,
,,,,,,,,,,,,,,,,,,319,,,
319,1803.7724,0.4318,144,71,14,4114,,B4,,,,,,,,n319_1B4e_0,4114,,gutim,319,
319,1803.7724,0.2159,144,29,14,4114,,F1,,,,,,,,n319_5F1s_0,4114,,gutim,319,
319,1803.7724,0.2159,144,38,14,4114,,D2,,,,,,,,n319_5D2s_0,4114,,gutim,319,
319,1803.9996,0.4318,144,30,8,4115,,Gb1,,,,,,,,n319_5Gb1e_0,4115,,gutim,319,
319,1804.2269,0.2159,144,58,5,4116,,Bb3,,,,,,,,n319_1Bb3s_0,4116,,gutim,319,
319,1804.4542,0.2598,144,40,8,4117,,E2,,,,,,,,n319_5E2s_0,4117,,gutim,319,
319,1804.5909,0.388,144,59,8,4118,,B3,,,,,,,,n319_1B3s,4118,,gutim,319,
319,1804.7276,0.1299,144,31,8,4119,,G1,,,,,,,,n319_5G1t,4119,,gutim,319,
319,1804.8643,0.2581,144,34,8,4120,,Bb1,,,,,,,,n319_5Bb1s,4120,,gutim,319,
319,1804.8643,0.2581,144,40,8,4120,,E2,,,,,,,,n319_5E2s_1,4120,,gutim,319,
319,1804.9993,0.1299,144,75,8,4121,,Eb5,,,,,,,,n319_1Eb5t,4121,,gutim,319,
319,1806.4996,0.0426,144,58,20,4122,,Bb3,,,,,,,,n319_1Bb3t,4122,,gutim,319,
319,1806.4996,0.1364,144,71,20,4122,,B4,,,,,,,,n319_1B4t,4122,,gutim,319,
319,1806.4996,0.0426,144,29,20,4122,,F1,,,,,,,,n319_5F1t,4122,,gutim,319,
319,1806.4996,0.1364,144,30,20,4122,,Gb1,,,,,,,,n319_5Gb1t,4122,,gutim,319,
319,1806.4996,0.1364,144,38,20,4122,,D2,,,,,,,,n319_5D2t,4122,,gutim,319,
319,1806.6701,0.4091,144,58,20,4123,,Bb3,,,,,,,,n319_1Bb3s_1,4123,,gutim,319,
319,1806.6701,0.4091,144,71,20,4123,,B4,,,,,,,,n319_1B4s_0,4123,,gutim,319,
319,1806.6701,0.4091,144,29,20,4123,,F1,,,,,,,,n319_5F1s_1,4123,,gutim,319,
319,1806.6701,0.4091,144,30,20,4123,,Gb1,,,,,,,,n319_5Gb1s_0,4123,,gutim,319,
319,1806.6701,0.4091,144,38,20,4123,,D2,,,,,,,,n319_5D2s_1,4123,,gutim,319,
319,1807.3519,0.6818,144,58,14,4124,,Bb3,,,,,,,,n319_1Bb3s_2,4124,,gutim,319,
319,1807.3519,0.6818,144,71,14,4124,,B4,,,,,,,,n319_1B4s_1,4124,,gutim,319,
319,1807.3519,0.6818,144,29,14,4124,,F1,,,,,,,,n319_5F1s_2,4124,,gutim,319,
319,1807.3519,0.6818,144,30,14,4124,,Gb1,,,,,,,,n319_5Gb1s_1,4124,,gutim,319,
319,1807.3519,0.6818,144,38,14,4124,,D2,,,,,,,,n319_5D2s_2,4124,,gutim,319,
319,1808.3746,0.5455,144,58,8,4125,,Bb3,,,,,,,,n319_1Bb3e,4125,,gutim,319,
319,1808.3746,0.5455,144,71,8,4125,,B4,,,,,,,,n319_1B4e_1,4125,,gutim,319,
319,1808.3746,0.5455,144,29,8,4125,,F1,,,,,,,,n319_5F1e,4125,,gutim,319,
319,1808.3746,0.5455,144,30,8,4125,,Gb1,,,,,,,,n319_5Gb1e_1,4125,,gutim,319,
319,1808.3746,0.5455,144,38,8,4125,,D2,,,,,,,,n319_5D2e,4125,,gutim,319,
319,1809.0564,2.3182,144,46,8,4126,,Bb2,,,,,,,,n319_5Bb2t,4126,,gutim,319,
,,,,,,,7241,,,,,,,,,,,,gutim,,
,,,,,,,,,,,,,,,,,,320,,,
320,1811.9542,0.6548,144,83,8,4127,,B5,,,,,,,,n320_1B5e_0,4127,,gutim,320,
320,1812.7727,0.4361,144,29,8,4128,,F1,,,,,,,,n320_1F1e_0,4128,,gutim,320,
320,1813.3178,0.6548,144,62,8,4129,,D4,,,,,,,,n320_1D4e,4129,,gutim,320,
320,1813.3178,0.6548,144,83,8,4129,,B5,,,,,,,,n320_1B5e_1,4129,,gutim,320,
320,1814.1364,0.4361,144,29,8,4130,,F1,,,,,,,,n320_1F1e_1,4130,,gutim,320,
320,1814.6814,0.6548,144,41,8,4131,,F2,,,,,,,,n320_5F2e,4131,,gutim,320,
320,1814.6814,0.6548,144,62,8,4131,,D4,,,,,,,,n320_5D4e,4131,,gutim,320,
320,1815.7734,0.1299,144,43,8,4132,,G2,,,,,,,,n320_5G2t,4132,,gutim,320,
320,1815.9101,0.1297,144,46,8,4133,,Bb2,,,,,,,,n320_5Bb2t,4133,,gutim,320,
320,1816.0451,0.9412,144,87,8,4134,,Eb6,,,,,,,,n320_1Eb6q,4134,,gutim,320,
320,1816.802,0.0712,144,72,8,4135,,C5,g,,,,,,,ng320_5C5e,4135,,gutim,320,
320,1816.877,0.0712,144,79,8,4136,,G5,g,,,,,,,ng320_5G5e,4136,,gutim,320,
320,1816.952,0.0712,144,37,9,4137,,C#2,g,,,,,,,ng320_5Cs2e,4137,,gutim,320,
320,1817.027,0.1848,144,64,11,4138,,E4,,,,,,,,n320_5E4s,4138,,gutim,320,
320,1817.2216,0.4706,144,44,12,4139,,G#2,,,,,,,,n320_5Gs2e,4139,,gutim,320,
320,1817.2216,0.4706,144,64,12,4139,,E4,,,,,,,,n320_5E4e,4139,,gutim,320,
320,1817.8098,0.1121,144,91,8,4140,,G6,,,,,,,,n320_1G6t_0,4140,,gutim,320,
320,1817.9277,0.1121,144,37,9,4141,,C#2,,,,,,,,n320_1Cs2t,4141,,gutim,320,
320,1818.0457,0.1121,144,76,10,4142,,E5,,,,,,,,n320_1E5t,4142,,gutim,320,
320,1818.1637,0.1674,144,91,10,4143,,G6,,,,,,,,n320_1G6t_1,4143,,gutim,320,
320,1818.3398,0.1674,144,52,12,4144,,E3,,,,,,,,n320_1E3t_0,4144,,gutim,320,
320,1818.516,0.1674,144,44,13,4145,,G#2,,,,,,,,n320_1Gs2t,4145,,gutim,320,
320,1818.6921,0.1121,144,84,14,4146,,C6,,,,,,,,n320_1C6t,4146,,gutim,320,
320,1818.8101,0.1674,144,103,15,4147,,G7,,,,,,,,n320_1G7t,4147,,gutim,320,
320,1818.9863,0.1409,144,52,16,4148,,E3,,,,,,,,n320_1E3t_1,4148,,gutim,320,
320,1818.9863,0.2819,144,91,16,4148,,G6,,,,,,,,n320_5G6s,4148,,gutim,320,
320,1819.1624,0.2819,144,44,18,4149,,G#2,,,,,,,,n320_1Gs2s,4149,,gutim,320,
320,1819.3386,0.1409,144,84,19,4150,,C6,,,,,,,,n320_5C6t,4150,,gutim,320,
320,1819.5148,0.0478,144,37,20,4151,,C#2,,,,,,,,n320_1Cs2x,4151,,gutim,320,
320,1819.5148,0.0478,144,44,20,4151,,G#2,,,,,,,,n320_1Gs2x,4151,,gutim,320,
320,1819.5148,0.0478,144,84,20,4151,,C6,,,,,,,,n320_5C6x,4151,,gutim,320,
,,,,,,,,,,,,,,,,,,321,,,
321,1819.7216,0.1176,144,61,24,4152,,C#4,,,,,,,,n321_1Cs4t,4152,,gutim,321,
321,1819.7216,0.1176,144,86,24,4152,,D6,,,,,,,,n321_1D6t,4152,,gutim,321,
321,1819.8686,1.1765,144,61,24,4153,,C#4,,,,,,,,n321_1Cs4e_0,4153,,gutim,321,
321,1819.8686,1.1765,144,80,24,4153,,G#5,,,,,,,,n321_1Gs5e_0,4153,,gutim,321,
321,1819.8686,1.1765,144,86,24,4153,,D6,,,,,,,,n321_1D6e_0,4153,,gutim,321,
321,1821.3392,1.4118,144,80,24,4154,,G#5,,,,,,,,n321_1Gs5e_2,4154,,gutim,321,
321,1821.3392,1.4118,144,86,24,4154,,D6,,,,,,,,n321_1D6e_2,4154,,gutim,321,
321,1821.3392,0.1176,144,33,22,4154,,A1,,,,,,,,n321_5A1t_0,4154,,gutim,321,
321,1821.4863,0.1176,144,33,22,4155,,A1,,,,,,,,n321_5A1t_1,4155,,gutim,321,
321,1821.4863,0.1176,144,41,22,4155,,F2,,,,,,,,n321_5F2t,4155,,gutim,321,
321,1822.5157,0.0944,144,79,20,4156,,G5,,,,,,,,n321_5G5t_0,4156,,gutim,321,
321,1822.6336,0.0944,144,25,19,4157,,C#1,,,,,,,,n321_5Cs1t,4157,,gutim,321,
321,1822.7516,0.0944,144,64,18,4158,,E4,,,,,,,,n321_5E4t,4158,,gutim,321,
321,1822.8695,0.1409,144,79,17,4159,,G5,,,,,,,,n321_5G5t_1,4159,,gutim,321,
321,1823.0457,0.1409,144,40,16,4160,,E2,,,,,,,,n321_5E2t_0,4160,,gutim,321,
321,1823.2219,0.1409,144,32,15,4161,,G#1,,,,,,,,n321_5Gs1t_0,4161,,gutim,321,
321,1823.398,0.0944,144,72,13,4162,,C5,,,,,,,,n321_5C5t_0,4162,,gutim,321,
321,1823.516,0.1409,144,91,12,4163,,G6,,,,,,,,n321_5G6t,4163,,gutim,321,
321,1823.6921,0.4706,144,79,11,4164,,G5,,,,,,,,n321_1G5e,4164,,gutim,321,
321,1823.6921,0.1409,144,40,11,4164,,E2,,,,,,,,n321_5E2t_1,4164,,gutim,321,
321,1823.8683,0.1409,144,32,11,4165,,G#1,,,,,,,,n321_5Gs1t_1,4165,,gutim,321,
321,1824.0445,0.1409,144,72,11,4166,,C5,,,,,,,,n321_5C5t_1,4166,,gutim,321,
321,1824.2206,0.0478,144,25,11,4167,,C#1,,,,,,,,n321_5Cs1x,4167,,gutim,321,
321,1824.2206,0.0478,144,32,11,4167,,G#1,,,,,,,,n321_5Gs1x,4167,,gutim,321,
321,1824.2206,0.0478,144,72,11,4167,,C5,,,,,,,,n321_5C5x,4167,,gutim,321,
321,1825.4569,0.2819,144,62,11,4168,,D4,,,,,,,,n321_1D4s_0,4168,,gutim,321,
321,1825.4569,0.2819,144,71,11,4168,,B4,,,,,,,,n321_1B4s_0,4168,,gutim,321,
321,1825.4569,0.2819,144,29,11,4168,,F1,,,,,,,,n321_5F1s_0,4168,,gutim,321,
321,1825.8092,0.1887,144,62,10,4169,,D4,,,,,,,,n321_1D4s_1,4169,,gutim,321,
321,1825.8092,0.1887,144,71,10,4169,,B4,,,,,,,,n321_1B4s_1,4169,,gutim,321,
321,1825.8092,0.1887,144,29,10,4169,,F1,,,,,,,,n321_5F1s_1,4169,,gutim,321,
321,1826.0451,0.1887,144,62,9,4170,,D4,,,,,,,,n321_1D4s_2,4170,,gutim,321,
321,1826.0451,0.1887,144,71,9,4170,,B4,,,,,,,,n321_1B4s_2,4170,,gutim,321,
321,1826.0451,0.3762,144,29,9,4170,,F1,,,,,,,,n321_5F1e,4170,,gutim,321,
321,1826.0451,0.3762,144,42,9,4170,,F#2,,,,,,,,n321_5Fs2e,4170,,gutim,321,
321,1826.281,0.1887,144,62,8,4171,,D4,,,,,,,,n321_1D4s_3,4171,,gutim,321,
321,1826.281,0.1887,144,70,8,4171,,A#4,,,,,,,,n321_1As4s,4171,,gutim,321,
321,1826.281,0.1887,144,71,8,4171,,B4,,,,,,,,n321_1B4s_3,4171,,gutim,321,
321,1826.5169,0.0291,144,62,7,4172,,D4,,,,,,,,n321_1D4t,4172,,gutim,321,
321,1826.5169,0.0931,144,70,7,4172,,A#4,,,,,,,,n321_1As4t,4172,,gutim,321,
321,1826.5169,0.0931,144,71,7,4172,,B4,,,,,,,,n321_1B4t,4172,,gutim,321,
321,1826.5154,0.0295,144,29,7,4172,,F1,,,,,,,,n321_5F1t,4172,,gutim,321,
321,1826.5154,0.0944,144,42,7,4172,,F#2,,,,,,,,n321_5Fs2t,4172,,gutim,321,
,,,,,,,,,,,,,,,,,,322,,,
322,1827.3395,0.3762,144,72,14,4173,,C5,,,,,,,,n322_1C5e,4173,,gutim,322,
322,1827.3395,0.3762,144,79,14,4173,,G5,,,,,,,,n322_1G5e,4173,,gutim,322,
322,1827.3395,0.3762,144,25,14,4173,,C#1,,,,,,,,n322_5Cs1e,4173,,gutim,322,
322,1827.3395,0.3762,144,32,14,4173,,G#1,,,,,,,,n322_5Gs1e,4173,,gutim,322,
322,1827.3395,0.3762,144,40,14,4173,,E2,,,,,,,,n322_5E2e,4173,,gutim,322,
322,1827.8098,0.1121,144,61,8,4174,,C#4,,,,,,,,n322_1Cs4t,4174,,gutim,322,
322,1827.9277,0.1121,144,33,8,4175,,A1,,,,,,,,n322_1A1t,4175,,gutim,322,
322,1828.0457,0.1121,144,74,8,4176,,D5,,,,,,,,n322_1D5t,4176,,gutim,322,
322,1828.1637,0.1121,144,41,8,4177,,F2,,,,,,,,n322_1F2t,4177,,gutim,322,
322,1828.2816,0.1106,144,68,8,4178,,Ab4,,,,,,,,n322_1Ab4t,4178,,gutim,322,
322,1828.398,0.1042,144,61,8,4179,,C#4,,,,,,,,n322_5Cs4t_0,4179,,gutim,322,
322,1828.398,0.1042,144,74,8,4179,,D5,,,,,,,,n322_5D5t_0,4179,,gutim,322,
322,1828.5282,0.1042,144,33,8,4180,,A1,,,,,,,,n322_5A1t_0,4180,,gutim,322,
322,1828.6584,0.1569,144,61,8,4181,,C#4,,,,,,,,n322_5Cs4t_1,4181,,gutim,322,
322,1828.8545,0.1042,144,68,8,4182,,Ab4,,,,,,,,n322_5Ab4t_0,4182,,gutim,322,
322,1828.8545,0.1042,144,74,8,4182,,D5,,,,,,,,n322_5D5t_1,4182,,gutim,322,
322,1828.9847,0.1042,144,41,8,4183,,F2,,,,,,,,n322_5F2t_0,4183,,gutim,322,
322,1829.1149,0.1042,144,68,8,4184,,Ab4,,,,,,,,n322_5Ab4t_1,4184,,gutim,322,
322,1829.2451,0.1569,144,74,8,4185,,D5,,,,,,,,n322_5D5t_2,4185,,gutim,322,
322,1829.4412,0.1042,144,68,8,4186,,Ab4,,,,,,,,n322_5Ab4t_2,4186,,gutim,322,
322,1829.5714,0.1042,144,33,8,4187,,A1,,,,,,,,n322_5A1t_1,4187,,gutim,322,
322,1829.7016,0.1042,144,61,8,4188,,C#4,,,,,,,,n322_5Cs4t_2,4188,,gutim,322,
322,1829.7016,0.1042,144,68,8,4188,,G#4,,,,,,,,n322_5Gs4t,4188,,gutim,322,
322,1829.7016,0.1042,144,74,8,4188,,D5,,,,,,,,n322_5D5t_3,4188,,gutim,322,
322,1829.8319,0.1569,144,21,8,4189,,A0,,,,,,,,n322_5A0t,4189,,gutim,322,
322,1830.0279,0.1042,144,29,8,4190,,F1,,,,,,,,n322_5F1t,4190,,gutim,322,
322,1830.1627,0.2096,144,56,8,4191,,Ab3,,,,,,,,n322_1Ab3t,4191,,gutim,322,
322,1830.1627,0.2096,144,62,8,4191,,D4,,,,,,,,n322_1D4t,4191,,gutim,322,
322,1830.3833,0.2096,144,21,8,4192,,A0,,,,,,,,n322_1A0t,4192,,gutim,322,
322,1830.6039,0.1397,144,29,8,4193,,F1,,,,,,,,n322_1F1t,4193,,gutim,322,
322,1830.751,0.1863,144,49,8,4194,,C#3,,,,,,,,n322_1Cs3s_0,4194,,gutim,322,
322,1830.947,0.1863,144,62,8,4195,,D4,,,,,,,,n322_1D4s_0,4195,,gutim,322,
322,1831.1431,0.1863,144,56,8,4196,,Ab3,,,,,,,,n322_1Ab3s_0,4196,,gutim,322,
322,1831.3392,0.0735,144,49,24,4197,,C#3,,,,,,,,n322_1Cs3s_1,4197,,gutim,322,
322,1831.3392,0.2353,144,56,24,4197,,Ab3,,,,,,,,n322_1Ab3s_1,4197,,gutim,322,
322,1831.3392,0.2353,144,62,24,4197,,D4,,,,,,,,n322_1D4s_1,4197,,gutim,322,
322,1831.3392,0.049,144,21,24,4197,,A0,,,,,,,,n322_5A0s_0,4197,,gutim,322,
322,1831.5353,0.049,144,21,24,4198,,A0,,,,,,,,n322_5A0s_1,4198,,gutim,322,
322,1831.5353,0.1569,144,29,24,4198,,F1,,,,,,,,n322_5F1s,4198,,gutim,322,
322,1831.9274,0.1237,144,85,8,4199,,C#6,,,,,,,,n322_5Cs6t,4199,,gutim,322,
322,1832.0576,0.1237,144,52,8,4200,,E3,,,,,,,,n322_5E3t_0,4200,,gutim,322,
322,1832.1879,0.1863,144,45,9,4201,,A2,,,,,,,,n322_5A2t_0,4201,,gutim,322,
322,1832.3839,0.1237,144,52,10,4202,,E3,,,,,,,,n322_5E3t_1,4202,,gutim,322,
322,1832.5141,0.1237,144,45,10,4203,,A2,,,,,,,,n322_5A2t_1,4203,,gutim,322,
322,1832.6444,0.1237,144,70,11,4204,,Bb4,,,,,,,,n322_5Bb4t,4204,,gutim,322,
322,1832.7746,0.1863,144,41,11,4205,,F2,,,,,,,,n322_5F2t_1,4205,,gutim,322,
322,1832.9706,0.1237,144,82,12,4206,,Bb5,,,,,,,,n322_5Bb5t,4206,,gutim,322,
322,1833.1008,0.1397,144,45,12,4207,,A2,,,,,,,,n322_5A2t_2,4207,,gutim,322,
322,1833.2479,0.0931,144,52,13,4208,,E3,,,,,,,,n322_5E3t_2,4208,,gutim,322,
322,1833.3459,0.1397,144,41,13,4209,,F2,,,,,,,,n322_5F2t_2,4209,,gutim,322,
322,1833.493,0.0931,144,58,14,4210,,Bb3,,,,,,,,n322_5Bb3t,4210,,gutim,322,
322,1833.591,0.096,144,41,14,4211,,F2,,,,,,,,n322_5F2t_3,4211,,gutim,322,
,,,,,,,,,,,,,,,,,,323,,,
323,1833.6921,0.0712,144,40,14,4212,,E2,g,,,,,,,ng323_5E2e,4212,,gutim,323,
323,1833.7671,0.2794,144,73,11,4213,,Db5,,,,,,,,n323_1Db5s,4213,,gutim,323,
323,1834.0613,0.2794,144,33,11,4214,,A1,,,,,,,,n323_1A1s,4214,,gutim,323,
323,1834.3554,0.2794,144,40,11,4215,,E2,,,,,,,,n323_1E2s,4215,,gutim,323,
323,1834.6495,0.2794,144,85,11,4216,,Db6,,,,,,,,n323_1Db6s_0,4216,,gutim,323,
323,1834.9436,0.2241,144,33,8,4217,,A1,,,,,,,,n323_5A1s_0,4217,,gutim,323,
323,1834.9436,0.2241,144,41,8,4217,,F2,,,,,,,,n323_5F2s_0,4217,,gutim,323,
323,1835.1795,0.1887,144,95,8,4218,,B6,,,,,,,,n323_1B6s_0,4218,,gutim,323,
323,1835.1795,0.1887,144,29,8,4218,,F1,,,,,,,,n323_5F1s_0,4218,,gutim,323,
323,1835.4154,0.1887,144,95,8,4219,,B6,,,,,,,,n323_1B6s_1,4219,,gutim,323,
323,1835.4154,0.1887,144,29,8,4219,,F1,,,,,,,,n323_5F1s_1,4219,,gutim,323,
323,1835.4154,0.1887,144,42,8,4219,,Gb2,,,,,,,,n323_5Gb2s_0,4219,,gutim,323,
323,1835.6513,0.1887,144,95,8,4220,,B6,,,,,,,,n323_1B6s_2,4220,,gutim,323,
323,1835.6513,0.1887,144,42,8,4220,,Gb2,,,,,,,,n323_5Gb2s_1,4220,,gutim,323,
323,1835.6513,0.1887,144,50,8,4220,,D3,,,,,,,,n323_5D3s_0,4220,,gutim,323,
323,1835.8872,0.1863,144,82,8,4221,,Bb5,,,,,,,,n323_1Bb5s,4221,,gutim,323,
323,1835.8872,0.1863,144,95,8,4221,,B6,,,,,,,,n323_1B6s_3,4221,,gutim,323,
323,1835.8872,0.1863,144,41,8,4221,,F2,,,,,,,,n323_5F2s_1,4221,,gutim,323,
323,1835.8872,0.1863,144,42,8,4221,,Gb2,,,,,,,,n323_5Gb2s_2,4221,,gutim,323,
323,1835.8872,0.1863,144,50,8,4221,,D3,,,,,,,,n323_5D3s_1,4221,,gutim,323,
323,1837.0024,0.3137,144,73,11,4222,,Db5,,,,,,,,n323_1Db5e,4222,,gutim,323,
323,1837.0024,0.1569,144,33,11,4222,,A1,,,,,,,,n323_5A1s_1,4222,,gutim,323,
323,1837.1985,0.1569,144,33,12,4223,,A1,,,,,,,,n323_5A1s_2,4223,,gutim,323,
323,1837.1985,0.1569,144,40,12,4223,,E2,,,,,,,,n323_5E2s_0,4223,,gutim,323,
323,1837.3946,0.1569,144,85,14,4224,,Db6,,,,,,,,n323_1Db6s_1,4224,,gutim,323,
323,1837.3946,0.1569,144,33,14,4224,,A1,,,,,,,,n323_5A1s_3,4224,,gutim,323,
323,1837.3946,0.1569,144,40,14,4224,,E2,,,,,,,,n323_5E2s_1,4224,,gutim,323,
323,1837.5907,0.1569,144,29,15,4225,,F1,,,,,,,,n323_5F1s_2,4225,,gutim,323,
323,1837.7868,0.0784,144,58,16,4226,,Bb3,,,,,,,,n323_5Bb3t,4226,,gutim,323,
323,1837.8848,0.4706,144,29,17,4227,,F1,,,,,,,,n323_5F1e,4227,,gutim,323,
323,1837.8848,0.4706,144,33,17,4227,,A1,,,,,,,,n323_5A1e,4227,,gutim,323,
323,1837.8848,0.4706,144,40,17,4227,,E2,,,,,,,,n323_5E2e,4227,,gutim,323,
323,1837.8848,0.4706,144,58,17,4227,,Bb3,,,,,,,,n323_5Bb3e,4227,,gutim,323,
,,,,,,,7246,,,,,,,,,,,,gutim,,
,,,,,,,,,,,,,,,,,,325,,,
325,1844.3554,0.1121,144,62,8,4228,,D4,,,,,,,,n325_5D4t_0,4228,,gutim,325,
325,1844.4703,0.1121,144,65,10,4229,,F4,,,,,,,,n325_5F4t_0,4229,,gutim,325,
325,1844.5882,0.1121,144,62,12,4230,,D4,,,,,,,,n325_5D4t_1,4230,,gutim,325,
325,1844.7062,0.2241,144,49,14,4231,,C#3,,,,,,,,n325_5Cs3s,4231,,gutim,325,
325,1844.9421,0.1121,144,45,18,4232,,A2,,,,,,,,n325_5A2t_0,4232,,gutim,325,
325,1845.06,0.1121,144,80,20,4233,,G#5,,,,,,,,n325_5Gs5t,4233,,gutim,325,
325,1845.178,0.1121,144,45,22,4234,,A2,,,,,,,,n325_5A2t_1,4234,,gutim,325,
325,1845.2959,0.0742,144,65,24,4235,,F4,,,,,,,,n325_5F4t_1,4235,,gutim,325,
325,1845.3741,0.0742,144,61,24,4236,,C#4,,,,,,,,n325_5Cs4t,4236,,gutim,325,
325,1845.4522,0.0742,144,62,24,4237,,D4,,,,,,,,n325_5D4t_2,4237,,gutim,325,
325,1845.5522,0.0712,144,60,5,4238,,C4,g,,,,,,,ng325_5C4e,4238,,gutim,325,
325,1845.6272,0.0712,144,81,5,4239,,A5,g,,,,,,,ng325_5A5e,4239,,gutim,325,
325,1845.6272,0.06,144,56,20,4239,,Ab3,g,,,,,,,ng325_6Ab3e,4239,,gutim,325,
325,1845.7022,1.1176,144,48,20,4240,,C3,,,,,,,,n325_5C3q,4240,,gutim,325,
325,1845.7022,1.1176,144,75,8,4240,,Eb5,,,,,,,,n325_5Eb5q,4240,,gutim,325,
325,1845.7022,1.1176,144,81,8,4240,,A5,,,,,,,,n325_5A5q,4240,,gutim,325,
325,1845.7022,0.1397,144,68,24,4240,,G#4,,,,,,,,n325_6Gs4t,4240,,gutim,325,
325,1845.8493,0.1397,144,57,24,4241,,A3,,,,,,,,n325_6A3t,4241,,gutim,325,
325,1845.9963,0.8382,144,65,24,4242,,F4,,,,,,,,n325_6F4e,4242,,gutim,325,
325,1846.1709,0.1121,144,98,2,4243,,D7,,,,,,,,n325_1D7t_0,4243,,gutim,325,
325,1846.2889,0.0742,144,87,2,4244,,Eb6,,,,,,,,n325_1Eb6t_0,4244,,gutim,325,
325,1846.367,0.0742,144,90,2,4245,,Gb6,,,,,,,,n325_1Gb6t_0,4245,,gutim,325,
325,1846.4451,0.0742,144,87,2,4246,,Eb6,,,,,,,,n325_1Eb6t_1,4246,,gutim,325,
325,1846.5233,0.1121,144,90,2,4247,,Gb6,,,,,,,,n325_1Gb6t_1,4247,,gutim,325,
325,1846.6412,0.1121,144,106,2,4248,,Bb7,,,,,,,,n325_1Bb7t_0,4248,,gutim,325,
325,1846.7592,0.1121,144,80,2,4249,,Ab5,,,,,,,,n325_1Ab5t_0,4249,,gutim,325,
325,1846.8771,0.1121,144,87,2,4250,,Eb6,,,,,,,,n325_1Eb6t_2,4250,,gutim,325,
325,1846.8787,0.4706,144,92,22,4251,,Ab6,,,,,,,,n325_5Ab6e,4251,,gutim,325,
325,1846.9951,0.1121,144,90,2,4252,,Gb6,,,,,,,,n325_1Gb6t_2,4252,,gutim,325,
325,1847.113,0.1121,144,106,2,4253,,Bb7,,,,,,,,n325_1Bb7t_1,4253,,gutim,325,
325,1847.231,0.1121,144,80,2,4254,,Ab5,,,,,,,,n325_1Ab5t_1,4254,,gutim,325,
325,1847.3489,0.0742,144,98,2,4255,,D7,,,,,,,,n325_1D7t_1,4255,,gutim,325,
325,1847.4271,0.0742,144,90,2,4256,,Gb6,,,,,,,,n325_1Gb6t_3,4256,,gutim,325,
325,1847.4669,0.1397,144,92,20,4257,,Ab6,,,,,,,,n325_5Ab6t_0,4257,,gutim,325,
325,1847.5052,0.0742,144,75,2,4258,,Eb5,,,,,,,,n325_1Eb5t_0,4258,,gutim,325,
325,1847.5833,0.0742,144,78,2,4259,,Gb5,,,,,,,,n325_1Gb5t,4259,,gutim,325,
325,1847.614,0.1397,144,100,19,4260,,E7,,,,,,,,n325_5E7t,4260,,gutim,325,
325,1847.6614,0.0742,144,75,2,4261,,Eb5,,,,,,,,n325_1Eb5t_1,4261,,gutim,325,
325,1847.7396,0.0742,144,68,2,4262,,Ab4,,,,,,,,n325_1Ab4t,4262,,gutim,325,
325,1847.761,0.1397,144,82,17,4263,,Bb5,,,,,,,,n325_5Bb5t,4263,,gutim,325,
325,1847.8177,0.1121,144,86,2,4264,,D6,,,,,,,,n325_1D6t,4264,,gutim,325,
325,1847.9081,0.1397,144,92,16,4265,,Ab6,,,,,,,,n325_5Ab6t_1,4265,,gutim,325,
325,1847.9356,0.1135,144,75,2,4266,,Eb5,,,,,,,,n325_1Eb5t_2,4266,,gutim,325,
,,,,,,,,,,,,,,,,,,326,,,
326,1848.0551,0.1121,144,78,2,4267,,Gb5,,,,,,,,n326_1Gb5t,4267,,gutim,326,
326,1848.0551,0.2794,144,100,14,4267,,E7,,,,,,,,n326_5E7s,4267,,gutim,326,
326,1848.17,0.1121,144,106,2,4268,,Bb7,,,,,,,,n326_1Bb7t_0,4268,,gutim,326,
326,1848.288,0.1121,144,68,2,4269,,Ab4,,,,,,,,n326_1Ab4t,4269,,gutim,326,
326,1848.4059,0.0742,144,98,2,4270,,D7,,,,,,,,n326_1D7t,4270,,gutim,326,
326,1848.4841,0.0742,144,75,2,4271,,Eb5,,,,,,,,n326_1Eb5t_0,4271,,gutim,326,
326,1848.5622,0.0742,144,90,2,4272,,Gb6,,,,,,,,n326_1Gb6t,4272,,gutim,326,
326,1848.6403,0.0742,144,75,2,4273,,Eb5,,,,,,,,n326_1Eb5t_1,4273,,gutim,326,
326,1848.7184,0.0742,144,56,2,4274,,Ab3,,,,,,,,n326_1Ab3t,4274,,gutim,326,
326,1848.7966,0.0742,144,106,2,4275,,Bb7,,,,,,,,n326_1Bb7t_1,4275,,gutim,326,
326,1848.8747,0.3391,144,56,2,4276,,Ab3,,,,,,,,n326_1Ab3s,4276,,gutim,326,
,,,,,,,7247,,,,,,,,,,,,gutim,,
326,1850.114,0.0931,144,50,24,4277,,D3,,,,,,,,n326_5D3t_0,4277,,gutim,326,
326,1850.212,0.0931,144,37,23,4278,,C#2,,,,,,,,n326_5Cs2t,4278,,gutim,326,
326,1850.31,0.0931,144,33,21,4279,,A1,,,,,,,,n326_5A1t_0,4279,,gutim,326,
326,1850.4081,0.0931,144,56,20,4280,,Ab3,,,,,,,,n326_5Ab3t_0,4280,,gutim,326,
326,1850.4081,0.9412,144,32,20,4280,,G#1,,,,,,,,n326_6Gs1q,4280,,gutim,326,
326,1850.5061,0.0931,144,33,18,4281,,A1,,,,,,,,n326_5A1t_1,4281,,gutim,326,
326,1850.6042,0.0931,144,56,17,4282,,Ab3,,,,,,,,n326_5Ab3t_1,4282,,gutim,326,
326,1850.7022,0.0931,144,50,15,4283,,D3,,,,,,,,n326_5D3t_1,4283,,gutim,326,
326,1850.8002,0.1863,144,37,14,4284,,C#2,,,,,,,,n326_5Cs2s,4284,,gutim,326,
326,1850.9963,0.0931,144,33,11,4285,,A1,,,,,,,,n326_5A1t_2,4285,,gutim,326,
326,1851.0944,0.0931,144,56,9,4286,,Ab3,,,,,,,,n326_5Ab3t_2,4286,,gutim,326,
326,1851.1924,0.0931,144,33,8,4287,,A1,,,,,,,,n326_5A1t_3,4287,,gutim,326,
326,1851.2904,0.1863,144,56,8,4288,,Ab3,,,,,,,,n326_5Ab3s,4288,,gutim,326,
,,,,,,,,,,,,,,,,,,327,,,
327,1851.5845,0.06,144,38,14,4289,,D2,g,,,,,,,ng327_5D2e_0,4289,,gutim,327,
327,1851.6595,0.06,144,41,14,4290,,F2,g,,,,,,,ng327_5F2e,4290,,gutim,327,
327,1851.7345,0.06,144,38,14,4291,,D2,g,,,,,,,ng327_5D2e_1,4291,,gutim,327,
327,1851.8095,0.3762,144,25,17,4292,,C#1,,,,,,,,n327_5Cs1e,4292,,gutim,327,
327,1852.2017,0.0931,144,62,14,4293,,D4,,,,,,,,n327_2D4t_0,4293,,gutim,327,
327,1852.2783,0.2819,144,44,14,4294,,G#2,,,,,,,,n327_5Gs2s,4294,,gutim,327,
327,1852.2997,0.0931,144,70,14,4295,,Bb4,,,,,,,,n327_2Bb4t,4295,,gutim,327,
327,1852.3978,0.0931,144,62,14,4296,,D4,,,,,,,,n327_2D4t_1,4296,,gutim,327,
327,1852.4958,0.0931,144,66,14,4297,,F#4,,,,,,,,n327_2Fs4t,4297,,gutim,327,
327,1852.5939,0.3137,144,68,14,4298,,Ab4,,,,,,,,n327_1Ab4e,4298,,gutim,327,
327,1852.5939,0.0931,144,62,14,4298,,D4,,,,,,,,n327_2D4t_2,4298,,gutim,327,
327,1852.6306,0.0944,144,21,14,4299,,A0,,,,,,,,n327_5A0t_0,4299,,gutim,327,
327,1852.6919,0.2794,144,65,14,4300,,F4,,,,,,,,n327_2F4s,4300,,gutim,327,
327,1852.7486,0.3775,144,29,14,4301,,F1,,,,,,,,n327_5F1s_0,4301,,gutim,327,
327,1852.986,0.5588,144,36,14,4302,,C2,,,,,,,,n327_2C2e,4302,,gutim,327,
327,1853.3383,0.1121,144,26,14,4303,,D1,,,,,,,,n327_5D1t_0,4303,,gutim,327,
327,1853.4563,0.1121,144,29,14,4304,,F1,,,,,,,,n327_5F1t_0,4304,,gutim,327,
327,1853.5743,0.5588,144,80,14,4305,,Ab5,,,,,,,,n327_2Ab5e,4305,,gutim,327,
327,1853.5743,0.2241,144,26,14,4305,,D1,,,,,,,,n327_5D1s_0,4305,,gutim,327,
327,1853.8102,0.1121,144,29,14,4306,,F1,,,,,,,,n327_5F1t_1,4306,,gutim,327,
327,1853.9281,0.1121,144,26,14,4307,,D1,,,,,,,,n327_5D1t_1,4307,,gutim,327,
327,1854.0461,0.1121,144,32,14,4308,,G#1,,,,,,,,n327_5Gs1t_0,4308,,gutim,327,
327,1854.164,0.1121,144,26,14,4309,,D1,,,,,,,,n327_5D1t_2,4309,,gutim,327,
327,1854.2774,0.1121,144,25,14,4310,,C#1,,,,,,,,n327_5Cs1t_0,4310,,gutim,327,
327,1854.3953,0.1121,144,26,14,4311,,D1,,,,,,,,n327_5D1t_3,4311,,gutim,327,
327,1854.5133,0.1121,144,32,14,4312,,G#1,,,,,,,,n327_5Gs1t_1,4312,,gutim,327,
327,1854.6312,0.1121,144,25,14,4313,,C#1,,,,,,,,n327_5Cs1t_1,4313,,gutim,327,
327,1854.7492,0.3347,144,21,14,4314,,A0,,,,,,,,n327_5A0s,4314,,gutim,327,
327,1855.1015,0.2831,144,29,14,4315,,F1,,,,,,,,n327_5F1s_2,4315,,gutim,327,
327,1855.4554,0.1887,144,26,14,4316,,D1,,,,,,,,n327_5D1s_1,4316,,gutim,327,
327,1855.6913,0.0944,144,32,14,4317,,G#1,,,,,,,,n327_5Gs1t_2,4317,,gutim,327,
327,1855.8092,0.1887,144,25,14,4318,,C#1,,,,,,,,n327_5Cs1s,4318,,gutim,327,
327,1856.0451,0.0944,144,26,14,4319,,D1,,,,,,,,n327_5D1t_4,4319,,gutim,327,
327,1856.1631,0.0944,144,32,14,4320,,G#1,,,,,,,,n327_5Gs1t_3,4320,,gutim,327,
327,1856.2811,0.0944,144,25,14,4321,,C#1,,,,,,,,n327_5Cs1t_2,4321,,gutim,327,
327,1856.399,0.0931,144,21,14,4322,,A0,,,,,,,,n327_5A0t_1,4322,,gutim,327,
,,,,,,,7250,,,,,,,,,,,,gutim,,
,,,,,,,,,,,,,,,,,,328,,,
328,1856.5154,2.1961,144,84,22,4323,,C6,,,,,,,,n328_1C6h,4323,,gutim,328,
328,1856.5154,1.2549,144,63,14,4323,,Eb4,,,,,,,,n328_5Eb4h,4323,,gutim,328,
328,1856.5154,1.2549,144,67,14,4323,,G4,,,,,,,,n328_5G4h,4323,,gutim,328,
328,1858.0841,0.1569,144,63,18,4324,,Eb4,,,,,,,,n328_5Eb4s,4324,,gutim,328,
328,1858.0841,0.1569,144,67,18,4324,,G4,,,,,,,,n328_5G4s,4324,,gutim,328,
328,1858.0841,0.1569,144,97,18,4324,,C#7,,,,,,,,n328_5Cs7s,4324,,gutim,328,
328,1858.0841,0.1569,144,105,18,4324,,A7,,,,,,,,n328_5A7s,4324,,gutim,328,
328,1858.2801,0.4706,144,63,19,4325,,Eb4,,,,,,,,n328_5Eb4e,4325,,gutim,328,
328,1858.2801,0.4706,144,66,19,4325,,F#4,,,,,,,,n328_5Fs4e,4325,,gutim,328,
328,1858.2801,0.4706,144,67,19,4325,,G4,,,,,,,,n328_5G4e,4325,,gutim,328,
328,1858.2801,0.4706,144,87,19,4325,,Eb6,,,,,,,,n328_5Eb6e,4325,,gutim,328,
328,1858.8684,1.8824,144,35,22,4326,,B1,,,,,,,,n328_5B1q_0,4326,,gutim,328,
328,1858.8684,1.8824,144,37,22,4326,,C#2,,,,,,,,n328_5Cs2q_0,4326,,gutim,328,
328,1858.8684,1.8824,144,50,22,4326,,D3,,,,,,,,n328_5D3q_0,4326,,gutim,328,
328,1858.8684,1.8824,144,69,22,4326,,A4,,,,,,,,n328_5A4q_0,4326,,gutim,328,
328,1859.2605,0.9412,144,61,22,4327,,Db4,,,,,,,,n328_1Db4q_0,4327,,gutim,328,
328,1859.2605,0.9412,144,84,22,4327,,C6,,,,,,,,n328_1C6q_0,4327,,gutim,328,
328,1860.437,0.1237,144,84,11,4328,,C6,,,,,,,,n328_1C6t,4328,,gutim,328,
328,1860.5672,0.1237,144,52,12,4329,,E3,,,,,,,,n328_1E3t,4329,,gutim,328,
328,1860.5672,0.1237,144,61,12,4329,,Db4,,,,,,,,n328_1Db4t,4329,,gutim,328,
328,1860.6974,0.1237,144,44,14,4330,,Ab2,,,,,,,,n328_1Ab2t,4330,,gutim,328,
328,1860.8276,0.374,144,82,15,4331,,Bb5,,,,,,,,n328_1Bb5s,4331,,gutim,328,
328,1861.2213,0.1176,144,35,22,4332,,B1,,,,,,,,n328_5B1t,4332,,gutim,328,
328,1861.2213,0.1176,144,37,22,4332,,C#2,,,,,,,,n328_5Cs2t,4332,,gutim,328,
328,1861.2213,0.1176,144,50,22,4332,,D3,,,,,,,,n328_5D3t,4332,,gutim,328,
328,1861.2213,0.1176,144,69,22,4332,,A4,,,,,,,,n328_5A4t,4332,,gutim,328,
328,1861.3684,0.8235,144,101,22,4333,,F7,,,,,,,,n328_1F7e,4333,,gutim,328,
328,1861.3684,0.4706,144,50,22,4333,,D3,,,,,,,,n328_5D3e,4333,,gutim,328,
328,1862.1037,0.2353,144,45,22,4334,,A2,,,,,,,,n328_5A2s,4334,,gutim,328,
328,1862.3978,0.3725,144,60,22,4335,,C4,,,,,,,,n328_1C4e,4335,,gutim,328,
328,1862.3978,0.3725,144,69,22,4335,,A4,,,,,,,,n328_1A4e,4335,,gutim,328,
328,1862.3978,0.3725,144,90,22,4335,,F#6,,,,,,,,n328_1Fs6e,4335,,gutim,328,
328,1862.7899,0.7451,144,61,22,4336,,Db4,,,,,,,,n328_1Db4q_1,4336,,gutim,328,
328,1862.7899,0.7451,144,84,22,4336,,C6,,,,,,,,n328_1C6q_1,4336,,gutim,328,
328,1863.3782,0.1569,144,49,22,4337,,C#3,,,,,,,,n328_5Cs3s,4337,,gutim,328,
328,1863.3782,0.1569,144,62,22,4337,,D4,,,,,,,,n328_5D4s,4337,,gutim,328,
,,,,,,,,,,,,,,,,,,329,,,
329,1863.5743,0.4706,144,97,22,4338,,C#7,,,,,,,,n329_1Cs7e,4338,,gutim,329,
329,1863.5743,0.4706,144,58,22,4338,,Bb3,,,,,,,,n329_5Bb3e,4338,,gutim,329,
329,1864.1625,0.1176,144,50,22,4339,,D3,,,,,,,,n329_5D3t_0,4339,,gutim,329,
329,1864.3095,0.3529,144,101,22,4340,,F7,,,,,,,,n329_1F7s,4340,,gutim,329,
329,1864.3095,0.3529,144,50,22,4340,,D3,,,,,,,,n329_5D3s_0,4340,,gutim,329,
329,1864.7507,0.1176,144,60,22,4341,,C4,,,,,,,,n329_5C4t_0,4341,,gutim,329,
329,1864.7507,0.1176,144,69,22,4341,,A4,,,,,,,,n329_5A4t_0,4341,,gutim,329,
329,1864.8978,0.3529,144,40,22,4342,,E2,,,,,,,,n329_5E2s,4342,,gutim,329,
329,1865.339,0.4706,144,40,22,4343,,E2,,,,,,,,n329_5E2e_0,4343,,gutim,329,
329,1865.339,0.4706,144,44,22,4343,,G#2,,,,,,,,n329_5Gs2e_0,4343,,gutim,329,
329,1865.339,0.4706,144,60,22,4343,,C4,,,,,,,,n329_5C4e,4343,,gutim,329,
329,1865.339,0.4706,144,69,22,4343,,A4,,,,,,,,n329_5A4e,4343,,gutim,329,
329,1865.535,0.3137,144,61,22,4344,,Db4,,,,,,,,n329_1Db4e,4344,,gutim,329,
329,1865.535,0.3137,144,84,22,4344,,C6,,,,,,,,n329_1C6e,4344,,gutim,329,
329,1865.9272,0.1176,144,40,22,4345,,E2,,,,,,,,n329_5E2t_0,4345,,gutim,329,
329,1865.9272,0.1176,144,44,22,4345,,G#2,,,,,,,,n329_5Gs2t_0,4345,,gutim,329,
329,1865.9272,0.1176,144,60,22,4345,,C4,,,,,,,,n329_5C4t_1,4345,,gutim,329,
329,1865.9272,0.1176,144,69,22,4345,,A4,,,,,,,,n329_5A4t_1,4345,,gutim,329,
329,1866.0743,0.2353,144,90,22,4346,,F#6,,,,,,,,n329_1Fs6s_0,4346,,gutim,329,
329,1866.0743,0.1176,144,37,22,4346,,C#2,,,,,,,,n329_5Cs2t_0,4346,,gutim,329,
329,1866.0743,0.1176,144,50,22,4346,,D3,,,,,,,,n329_5D3t_1,4346,,gutim,329,
329,1866.2213,0.1176,144,35,22,4347,,B1,,,,,,,,n329_5B1t_0,4347,,gutim,329,
329,1866.3684,0.1176,144,101,22,4348,,F7,,,,,,,,n329_1F7t_0,4348,,gutim,329,
329,1866.3684,0.4706,144,50,22,4348,,D3,,,,,,,,n329_5D3t_2,4348,,gutim,329,
329,1866.9566,0.1176,144,101,22,4349,,F7,,,,,,,,n329_1F7t_1,4349,,gutim,329,
329,1866.9566,0.1176,144,35,22,4349,,B1,,,,,,,,n329_5B1t_1,4349,,gutim,329,
329,1866.9566,0.1176,144,37,22,4349,,C#2,,,,,,,,n329_5Cs2t_1,4349,,gutim,329,
329,1866.9566,0.1176,144,50,22,4349,,D3,,,,,,,,n329_5D3t_3,4349,,gutim,329,
329,1867.1037,0.8235,144,34,22,4350,,Bb1,,,,,,,,n329_5Bb1e_0,4350,,gutim,329,
329,1867.4958,0.1569,144,61,22,4351,,Db4,,,,,,,,n329_1Db4s,4351,,gutim,329,
329,1867.4958,0.1569,144,84,22,4351,,C6,,,,,,,,n329_1C6s_0,4351,,gutim,329,
329,1867.6919,0.3529,144,60,22,4352,,C4,,,,,,,,n329_1C4s,4352,,gutim,329,
329,1867.6919,0.3529,144,69,22,4352,,A4,,,,,,,,n329_1A4s,4352,,gutim,329,
329,1867.6919,0.3529,144,90,22,4352,,F#6,,,,,,,,n329_1Fs6s_1,4352,,gutim,329,
329,1868.1331,0.1176,144,60,22,4353,,C4,,,,,,,,n329_1C4t_0,4353,,gutim,329,
329,1868.1331,0.1176,144,69,22,4353,,A4,,,,,,,,n329_1A4t_0,4353,,gutim,329,
329,1868.1331,0.1176,144,40,22,4353,,E2,,,,,,,,n329_5E2t_1,4353,,gutim,329,
329,1868.1331,0.1176,144,44,22,4353,,G#2,,,,,,,,n329_5Gs2t_1,4353,,gutim,329,
329,1868.2801,0.3137,144,34,22,4354,,Bb1,,,,,,,,n329_5Bb1e_1,4354,,gutim,329,
329,1868.6723,0.1569,144,81,22,4355,,A5,,,,,,,,n329_1A5s,4355,,gutim,329,
329,1868.6723,0.1569,144,49,22,4355,,C#3,,,,,,,,n329_5Cs3s,4355,,gutim,329,
329,1868.6723,0.1569,144,62,22,4355,,D4,,,,,,,,n329_5D4s,4355,,gutim,329,
329,1868.8684,0.1176,144,60,22,4356,,C4,,,,,,,,n329_1C4t_1,4356,,gutim,329,
329,1868.8684,0.1176,144,69,22,4356,,A4,,,,,,,,n329_1A4t_1,4356,,gutim,329,
329,1868.8684,0.4706,144,40,22,4356,,E2,,,,,,,,n329_5E2e_1,4356,,gutim,329,
329,1868.8684,0.4706,144,44,22,4356,,G#2,,,,,,,,n329_5Gs2e_1,4356,,gutim,329,
329,1869.0154,0.3529,144,90,22,4357,,F#6,,,,,,,,n329_1Fs6s_2,4357,,gutim,329,
329,1869.8488,0.1569,144,63,14,4358,,Eb4,,,,,,,,n329_1Eb4s,4358,,gutim,329,
329,1869.8488,0.1569,144,67,14,4358,,G4,,,,,,,,n329_1G4s,4358,,gutim,329,
329,1869.8488,0.1569,144,84,14,4358,,C6,,,,,,,,n329_1C6s_1,4358,,gutim,329,
329,1869.8488,0.1569,144,93,14,4358,,A6,,,,,,,,n329_1A6s,4358,,gutim,329,
329,1870.0448,0.3137,144,63,15,4359,,Eb4,,,,,,,,n329_1Eb4e,4359,,gutim,329,
329,1870.0448,0.3137,144,66,15,4359,,F#4,,,,,,,,n329_1Fs4e,4359,,gutim,329,
329,1870.0448,0.3137,144,67,15,4359,,G4,,,,,,,,n329_1G4e,4359,,gutim,329,
329,1870.0448,0.3137,144,87,15,4359,,Eb6,,,,,,,,n329_1Eb6e,4359,,gutim,329,
329,1870.1429,0.0784,144,69,22,4360,,A4,,,,,,,,n329_5A4t_2,4360,,gutim,329,
329,1870.2409,0.0784,144,37,22,4361,,C#2,,,,,,,,n329_5Cs2t_2,4361,,gutim,329,
329,1870.339,0.0784,144,35,22,4362,,B1,,,,,,,,n329_5B1t_2,4362,,gutim,329,
329,1870.437,0.0784,144,50,22,4363,,D3,,,,,,,,n329_5D3t_4,4363,,gutim,329,
329,1870.535,0.0784,144,101,22,4364,,F7,,,,,,,,n329_1F7t_2,4364,,gutim,329,
329,1870.535,0.0784,144,35,22,4364,,B1,,,,,,,,n329_5B1t_3,4364,,gutim,329,
329,1870.535,0.0784,144,37,22,4364,,C#2,,,,,,,,n329_5Cs2t_3,4364,,gutim,329,
,,,,,,,,,,,,,,,,,,330,,,
330,1870.6331,0.3137,144,90,22,4365,,F#6,,,,,,,,n330_1Fs6e_0,4365,,gutim,330,
330,1870.6331,0.4706,144,40,22,4365,,E2,,,,,,,,n330_5E2e_0,4365,,gutim,330,
330,1870.6331,0.4706,144,44,22,4365,,G#2,,,,,,,,n330_5Gs2e_0,4365,,gutim,330,
330,1871.0252,0.3137,144,61,22,4366,,Db4,,,,,,,,n330_1Db4e,4366,,gutim,330,
330,1871.0252,0.3137,144,84,22,4366,,C6,,,,,,,,n330_1C6e,4366,,gutim,330,
330,1871.2213,0.0368,144,40,22,4367,,E2,,,,,,,,n330_5E2t,4367,,gutim,330,
330,1871.2213,0.1176,144,44,22,4367,,G#2,,,,,,,,n330_5Gs2t,4367,,gutim,330,
330,1871.2213,0.1176,144,60,22,4367,,C4,,,,,,,,n330_5C4t,4367,,gutim,330,
330,1871.2213,0.1176,144,69,22,4367,,A4,,,,,,,,n330_5A4t_0,4367,,gutim,330,
330,1871.3684,0.1176,144,69,22,4368,,A4,,,,,,,,n330_5A4t_1,4368,,gutim,330,
330,1871.5154,0.1176,144,35,22,4369,,B1,,,,,,,,n330_5B1t_0,4369,,gutim,330,
330,1871.6625,0.1176,144,37,22,4370,,C#2,,,,,,,,n330_5Cs2t_0,4370,,gutim,330,
330,1871.6625,0.1176,144,50,22,4370,,D3,,,,,,,,n330_5D3t_0,4370,,gutim,330,
330,1871.8095,0.3529,144,97,22,4371,,C#7,,,,,,,,n330_1Cs7s,4371,,gutim,330,
330,1871.8095,0.3137,144,58,22,4371,,Bb3,,,,,,,,n330_5Bb3e,4371,,gutim,330,
330,1872.2507,0.1176,144,60,22,4372,,C4,,,,,,,,n330_1C4t_0,4372,,gutim,330,
330,1872.2507,0.1176,144,69,22,4372,,A4,,,,,,,,n330_1A4t_0,4372,,gutim,330,
330,1872.2507,0.1176,144,90,22,4372,,F#6,,,,,,,,n330_1Fs6t_0,4372,,gutim,330,
330,1872.3978,0.4706,144,60,22,4373,,C4,,,,,,,,n330_1C4e_0,4373,,gutim,330,
330,1872.3978,0.4706,144,69,22,4373,,A4,,,,,,,,n330_1A4e_0,4373,,gutim,330,
330,1872.3978,0.4706,144,90,22,4373,,F#6,,,,,,,,n330_1Fs6e_1,4373,,gutim,330,
330,1872.3978,0.4706,144,101,22,4373,,F7,,,,,,,,n330_1F7e,4373,,gutim,330,
330,1872.5939,0.1569,144,53,22,4374,,F3,,,,,,,,n330_5F3s_0,4374,,gutim,330,
330,1872.7899,0.1569,144,23,22,4375,,B0,,,,,,,,n330_5B0s,4375,,gutim,330,
330,1872.986,0.6275,144,81,22,4376,,A5,,,,,,,,n330_1A5q,4376,,gutim,330,
330,1872.986,0.3137,144,49,22,4376,,C#3,,,,,,,,n330_5Cs3e_0,4376,,gutim,330,
330,1872.986,0.3137,144,53,22,4376,,F3,,,,,,,,n330_5F3e_0,4376,,gutim,330,
330,1872.986,0.3137,144,62,22,4376,,D4,,,,,,,,n330_5D4e_0,4376,,gutim,330,
330,1873.3782,0.4706,144,23,22,4377,,B0,,,,,,,,n330_5B0e,4377,,gutim,330,
330,1873.9664,0.1569,144,81,22,4378,,A5,,,,,,,,n330_1A5s_0,4378,,gutim,330,
330,1873.9664,0.1569,144,49,22,4378,,C#3,,,,,,,,n330_5Cs3s_0,4378,,gutim,330,
330,1873.9664,0.1569,144,53,22,4378,,F3,,,,,,,,n330_5F3s_1,4378,,gutim,330,
330,1873.9664,0.1569,144,62,22,4378,,D4,,,,,,,,n330_5D4s_0,4378,,gutim,330,
330,1874.1625,0.6275,144,23,22,4379,,B0,,,,,,,,n330_5B0q_0,4379,,gutim,330,
330,1874.7507,0.1176,144,35,22,4380,,B1,,,,,,,,n330_1B1t,4380,,gutim,330,
330,1874.7507,0.1176,144,37,22,4380,,C#2,,,,,,,,n330_1Cs2t,4380,,gutim,330,
330,1874.7507,0.1176,144,50,22,4380,,D3,,,,,,,,n330_1D3t,4380,,gutim,330,
330,1874.7507,0.1176,144,69,22,4380,,A4,,,,,,,,n330_1A4t_1,4380,,gutim,330,
330,1874.8978,0.1176,144,40,22,4381,,E2,,,,,,,,n330_1E2t,4381,,gutim,330,
330,1874.8978,0.1176,144,44,22,4381,,G#2,,,,,,,,n330_1Gs2t,4381,,gutim,330,
330,1874.8978,0.1176,144,60,22,4381,,C4,,,,,,,,n330_1C4t_1,4381,,gutim,330,
330,1874.8978,0.1176,144,69,22,4381,,A4,,,,,,,,n330_1A4t_2,4381,,gutim,330,
330,1875.1429,0.1569,144,81,22,4382,,A5,,,,,,,,n330_1A5s_1,4382,,gutim,330,
330,1875.1429,0.1569,144,49,22,4382,,C#3,,,,,,,,n330_5Cs3s_1,4382,,gutim,330,
330,1875.1429,0.1569,144,53,22,4382,,F3,,,,,,,,n330_5F3s_2,4382,,gutim,330,
330,1875.1429,0.1569,144,62,22,4382,,D4,,,,,,,,n330_5D4s_1,4382,,gutim,330,
330,1875.339,0.3137,144,34,22,4383,,Bb1,,,,,,,,n330_5Bb1e,4383,,gutim,330,
330,1875.339,0.3137,144,49,22,4383,,C#3,,,,,,,,n330_5Cs3e_1,4383,,gutim,330,
330,1875.339,0.3137,144,53,22,4383,,F3,,,,,,,,n330_5F3e_1,4383,,gutim,330,
330,1875.339,0.3137,144,62,22,4383,,D4,,,,,,,,n330_5D4e_1,4383,,gutim,330,
330,1875.7311,0.6275,144,23,22,4384,,B0,,,,,,,,n330_5B0q_1,4384,,gutim,330,
330,1876.0743,0.1176,144,60,22,4385,,C4,,,,,,,,n330_1C4t_2,4385,,gutim,330,
330,1876.0743,0.1176,144,69,22,4385,,A4,,,,,,,,n330_1A4t_3,4385,,gutim,330,
330,1876.0743,0.1176,144,90,22,4385,,F#6,,,,,,,,n330_1Fs6t_1,4385,,gutim,330,
330,1876.2213,0.2353,144,60,22,4386,,C4,,,,,,,,n330_1C4s,4386,,gutim,330,
330,1876.2213,0.2353,144,69,22,4386,,A4,,,,,,,,n330_1A4s,4386,,gutim,330,
330,1876.2213,0.2353,144,90,22,4386,,F#6,,,,,,,,n330_1Fs6s,4386,,gutim,330,
330,1876.2213,0.2353,144,101,22,4386,,F7,,,,,,,,n330_1F7s,4386,,gutim,330,
330,1876.5154,0.3137,144,60,22,4387,,C4,,,,,,,,n330_1C4e_1,4387,,gutim,330,
330,1876.5154,0.3137,144,69,22,4387,,A4,,,,,,,,n330_1A4e_1,4387,,gutim,330,
330,1876.5154,0.4706,144,40,22,4387,,E2,,,,,,,,n330_5E2e_1,4387,,gutim,330,
330,1876.5154,0.4706,144,44,22,4387,,G#2,,,,,,,,n330_5Gs2e_1,4387,,gutim,330,
330,1876.9076,0.6275,144,61,22,4388,,Db4,,,,,,,,n330_1Db4q,4388,,gutim,330,
330,1876.9076,0.6275,144,84,22,4388,,C6,,,,,,,,n330_1C6q,4388,,gutim,330,
330,1877.2507,0.1176,144,69,22,4389,,A4,,,,,,,,n330_5A4t_2,4389,,gutim,330,
330,1877.3978,0.1176,144,35,22,4390,,B1,,,,,,,,n330_5B1t_1,4390,,gutim,330,
330,1877.5448,0.1176,144,37,22,4391,,C#2,,,,,,,,n330_5Cs2t_1,4391,,gutim,330,
330,1877.5448,0.1176,144,50,22,4391,,D3,,,,,,,,n330_5D3t_1,4391,,gutim,330,
,,,,,,,,,,,,,,,,,,331,,,
331,1877.6919,0.3137,144,35,22,4392,,B1,,,,,,,,n331_5B1e,4392,,gutim,331,
331,1877.6919,0.3137,144,37,22,4392,,C#2,,,,,,,,n331_5Cs2e,4392,,gutim,331,
331,1877.6919,0.3137,144,50,22,4392,,D3,,,,,,,,n331_5D3e,4392,,gutim,331,
331,1878.0841,0.6275,144,61,22,4393,,Db4,,,,,,,,n331_1Db4q,4393,,gutim,331,
331,1878.0841,0.6275,144,84,22,4393,,C6,,,,,,,,n331_1C6q,4393,,gutim,331,
331,1878.4762,0.1569,144,53,22,4394,,F3,,,,,,,,n331_5F3s,4394,,gutim,331,
331,1878.6723,0.1569,144,23,22,4395,,B0,,,,,,,,n331_5B0s,4395,,gutim,331,
,,,,,,,7258,,,,,,,,,,,,gutim,,
,,,,,,,,,,,,,,,,,,332,,,
332,1884.7507,0.9412,144,32,14,4396,,Ab1,,,,,,,,n332_5Ab1q,4396,,gutim,332,
332,1884.7507,0.9412,144,42,14,4396,,Gb2,,,,,,,,n332_5Gb2q,4396,,gutim,332,
332,1884.7507,0.9412,144,52,14,4396,,E3,,,,,,,,n332_5E3q,4396,,gutim,332,
332,1885.0448,0.5882,144,29,20,4397,,F1,,,,,,,,n332_1F1s_0,4397,,gutim,332,
332,1885.7801,0.0735,144,81,11,4398,,A5,,,,,,,,n332_1A5t,4398,,gutim,332,
332,1885.9272,0.1863,144,56,11,4399,,G#3,,,,,,,,n332_1Gs3s,4399,,gutim,332,
332,1886.1233,0.1863,144,49,10,4400,,C#3,,,,,,,,n332_1Cs3s,4400,,gutim,332,
332,1886.3194,0.1863,144,69,10,4401,,A4,,,,,,,,n332_1A4s,4401,,gutim,332,
332,1886.5154,0.3725,144,41,9,4402,,F2,,,,,,,,n332_1F2e,4402,,gutim,332,
332,1886.9076,0.1863,144,49,7,4403,,Db3,,,,,,,,n332_1Db3s,4403,,gutim,332,
,,,,,,,,,,,,,,,,,,333,,,
333,1887.2507,0.7059,144,82,14,4404,,Bb5,,,,,,,,n333_1Bb5e,4404,,gutim,333,
333,1887.2478,0.06,144,53,6,4404,,F3,g,,,,,,,ng333_5F3e,4404,,gutim,333,
333,1887.3228,0.06,144,80,5,4405,,Ab5,g,,,,,,,ng333_5Ab5e,4405,,gutim,333,
333,1887.3978,0.2941,144,38,5,4406,,D2,,,,,,,,n333_5D2e,4406,,gutim,333,
333,1888.8684,0.1176,144,29,4,4407,,F1,,,,,,,,n333_5F1t,4407,,gutim,333,
333,1889.4566,0.0931,144,48,2,4408,,C3,,,,,,,,n333_5C3t,4408,,gutim,333,
333,1889.5546,0.0931,144,89,2,4409,,F6,,,,,,,,n333_5F6t,4409,,gutim,333,
333,1889.6527,0.0931,144,100,2,4410,,E7,,,,,,,,n333_5E7t,4410,,gutim,333,
,,,,,,,7260,,,,,,,,,,,,gutim,,
,,,,,,,,,,,,,,,,,,334,,,
334,1900.0448,0.2353,144,59,14,4411,,B3,,,,,,,,n334_5B3s,4411,,gutim,334,
334,1900.339,0.2353,144,68,24,4412,,G#4,,,,,,,,n334_1Gs4s_0,4412,,gutim,334,
334,1900.339,0.2353,144,41,14,4412,,F2,,,,,,,,n334_5F2s,4412,,gutim,334,
334,1900.339,0.2353,144,49,14,4412,,Db3,,,,,,,,n334_5Db3s,4412,,gutim,334,
334,1900.6331,0.3529,144,68,24,4413,,G#4,,,,,,,,n334_1Gs4s_1,4413,,gutim,334,
334,1900.6331,0.3529,144,26,24,4413,,D1,,,,,,,,n334_5D1s,4413,,gutim,334,
334,1901.0743,0.1176,144,68,24,4414,,G#4,,,,,,,,n334_1Gs4t,4414,,gutim,334,
334,1901.0743,0.1176,144,81,24,4414,,A5,,,,,,,,n334_1A5t,4414,,gutim,334,
334,1901.0743,0.1176,144,41,24,4414,,F2,,,,,,,,n334_5F2t,4414,,gutim,334,
334,1901.0743,0.1176,144,49,24,4414,,Db3,,,,,,,,n334_5Db3t,4414,,gutim,334,
,,,,,,,,,,,,,,,,,,335,,,
335,1901.3684,0.0931,144,29,22,4415,,F1,,,,,,,,n335_5F1t_0,4415,,gutim,335,
335,1901.4664,0.0931,144,44,21,4416,,Ab2,,,,,,,,n335_5Ab2t_0,4416,,gutim,335,
335,1901.5644,0.1397,144,37,21,4417,,Db2,,,,,,,,n335_5Db2t_0,4417,,gutim,335,
335,1901.7115,0.0931,144,44,20,4418,,Ab2,,,,,,,,n335_5Ab2t_1,4418,,gutim,335,
335,1901.8095,0.1397,144,29,19,4419,,F1,,,,,,,,n335_5F1t_1,4419,,gutim,335,
335,1901.9566,0.0931,144,37,18,4420,,Db2,,,,,,,,n335_5Db2t_1,4420,,gutim,335,
335,1902.0546,0.0931,144,29,17,4421,,F1,,,,,,,,n335_5F1t_2,4421,,gutim,335,
335,1902.1527,0.0931,144,44,17,4422,,Ab2,,,,,,,,n335_5Ab2t_2,4422,,gutim,335,
335,1902.2507,0.0931,144,37,16,4423,,Db2,,,,,,,,n335_5Db2t_2,4423,,gutim,335,
335,1902.3488,0.0931,144,44,15,4424,,Ab2,,,,,,,,n335_5Ab2t_3,4424,,gutim,335,
335,1902.3488,0.0931,144,57,15,4424,,A3,,,,,,,,n335_5A3t_0,4424,,gutim,335,
335,1902.4468,0.0931,144,26,15,4425,,D1,,,,,,,,n335_5D1t_0,4425,,gutim,335,
335,1902.5448,0.1397,144,29,14,4426,,F1,,,,,,,,n335_5F1t_3,4426,,gutim,335,
335,1902.6919,0.1397,144,37,14,4427,,Db2,,,,,,,,n335_5Db2t_3,4427,,gutim,335,
335,1902.839,0.1397,144,44,14,4428,,Ab2,,,,,,,,n335_5Ab2t_4,4428,,gutim,335,
335,1902.986,0.4706,144,59,11,4429,,B3,,,,,,,,n335_1B3e,4429,,gutim,335,
335,1902.986,0.0368,144,26,20,4429,,D1,,,,,,,,n335_5D1t_1,4429,,gutim,335,
335,1902.986,0.1176,144,29,20,4429,,F1,,,,,,,,n335_5F1t_4,4429,,gutim,335,
335,1902.986,0.1176,144,37,20,4429,,Db2,,,,,,,,n335_5Db2t_4,4429,,gutim,335,
335,1902.986,0.1176,144,44,20,4429,,Ab2,,,,,,,,n335_5Ab2t_5,4429,,gutim,335,
335,1903.1331,0.1176,144,57,20,4430,,A3,,,,,,,,n335_5A3t_1,4430,,gutim,335,
335,1903.2331,0.06,144,56,11,4431,,Ab3,g,,,,,,,ng335_5Ab3e,4431,,gutim,335,
335,1903.3081,0.3137,144,41,11,4432,,F2,,,,,,,,n335_5F2e,4432,,gutim,335,
335,1903.7002,0.0784,144,56,11,4433,,Ab3,,,,,,,,n335_5Ab3t_0,4433,,gutim,335,
335,1903.7983,0.0784,144,41,11,4434,,F2,,,,,,,,n335_5F2t,4434,,gutim,335,
335,1903.8963,0.0784,144,49,11,4435,,Db3,,,,,,,,n335_5Db3t,4435,,gutim,335,
335,1903.9944,0.0784,144,56,11,4436,,Ab3,,,,,,,,n335_5Ab3t_1,4436,,gutim,335,
,,,,,,,,,,,,,,,,,,337,,,
337,1914.1904,3.7647,144,41,14,4437,,F2,,,,,,,,n337_5F2q,4437,,gutim,337,
,,,,,,,7262,,,,,,,,,,,,gutim,,
337,1914.7787,0.4706,144,44,14,4438,,Ab2,,,,,,,,n337_1Ab2e,4438,,gutim,337,
337,1914.7787,0.4706,144,60,14,4438,,C4,,,,,,,,n337_1C4e,4438,,gutim,337,
337,1915.3669,0.0944,144,52,14,4439,,E3,,,,,,,,n337_1E3t,4439,,gutim,337,
337,1915.4849,0.0944,144,71,14,4440,,B4,,,,,,,,n337_1B4t,4440,,gutim,337,
337,1915.6028,0.0944,144,31,14,4441,,G1,,,,,,,,n337_1G1t,4441,,gutim,337,
337,1915.7208,0.0944,144,34,14,4442,,Bb1,,,,,,,,n337_1Bb1t,4442,,gutim,337,
337,1915.7208,0.0944,144,40,14,4442,,E2,,,,,,,,n337_1E2t,4442,,gutim,337,
337,1915.8387,0.0931,144,87,14,4443,,Eb6,,,,,,,,n337_1Eb6t,4443,,gutim,337,
,,,,,,,7265,,,,,,,,,,,,gutim,,
,,,,,,,,,,,,,,,,,,338,,,
338,1922.4257,0.2353,144,26,8,4444,,D1,,,,,,,,n338_5D1s,4444,,gutim,338,
338,1922.4257,0.2353,144,65,8,4444,,F4,,,,,,,,n338_5F4s,4444,,gutim,338,
338,1922.4257,0.2353,144,68,14,4444,,Ab4,,,,,,,,n338_5Ab4s,4444,,gutim,338,
338,1922.7198,1.6471,144,58,14,4445,,Bb3,,,,,,,,n338_5Bb3e,4445,,gutim,338,
338,1922.7198,1.6471,144,65,14,4445,,F4,,,,,,,,n338_5F4e,4445,,gutim,338,
338,1925.1708,0.1237,144,37,14,4446,,C#2,,,,,,,,n338_5Cs2t_0,4446,,gutim,338,
338,1925.301,0.1237,144,50,14,4447,,D3,,,,,,,,n338_5D3t_0,4447,,gutim,338,
338,1925.4312,0.1237,144,44,14,4448,,G#2,,,,,,,,n338_5Gs2t_0,4448,,gutim,338,
338,1925.5614,0.1237,144,21,14,4449,,A0,,,,,,,,n338_5A0t,4449,,gutim,338,
338,1925.5614,0.1237,144,37,14,4449,,C#2,,,,,,,,n338_5Cs2t_1,4449,,gutim,338,
338,1925.5614,0.1237,144,44,14,4449,,G#2,,,,,,,,n338_5Gs2t_1,4449,,gutim,338,
338,1925.5614,0.1237,144,50,14,4449,,D3,,,,,,,,n338_5D3t_1,4449,,gutim,338,
338,1925.6917,0.1237,144,29,14,4450,,F1,,,,,,,,n338_5F1t,4450,,gutim,338,
,,,,,,,7267,,,,,,,,,,,,gutim,,
,,,,,,,,,,,,,,,,,,340,,,
340,1935.3669,1.8824,144,58,8,4451,,Bb3,,,,,,,,n340_1Bb3h,4451,,gutim,340,
340,1935.3669,1.8824,144,65,8,4451,,F4,,,,,,,,n340_1F4h,4451,,gutim,340,
340,1935.3669,1.8824,144,32,14,4451,,Ab1,,,,,,,,n340_5Ab1h,4451,,gutim,340,
340,1935.3669,1.8824,144,36,14,4451,,C2,,,,,,,,n340_5C2h,4451,,gutim,340,
,,,,,,,,,,,,,,,,,,341,,,
341,1937.7198,0.1569,144,58,8,4452,,Bb3,,,,,,,,n341_1Bb3s_0,4452,,gutim,341,
341,1937.7198,0.1569,144,65,8,4452,,F4,,,,,,,,n341_1F4s_0,4452,,gutim,341,
341,1937.7198,0.2353,144,48,8,4452,,C3,,,,,,,,n341_5C3s,4452,,gutim,341,
341,1937.9159,0.3137,144,76,8,4453,,E5,,,,,,,,n341_1E5e,4453,,gutim,341,
341,1938.014,0.2353,144,52,11,4454,,E3,,,,,,,,n341_5E3s,4454,,gutim,341,
341,1938.014,0.2353,144,59,11,4454,,B3,,,,,,,,n341_5B3s,4454,,gutim,341,
341,1938.3081,0.0944,144,52,11,4455,,E3,,,,,,,,n341_5E3t_0,4455,,gutim,341,
341,1938.426,0.0944,144,71,11,4456,,B4,,,,,,,,n341_5B4t,4456,,gutim,341,
341,1938.544,0.0944,144,43,11,4457,,G2,,,,,,,,n341_5G2t,4457,,gutim,341,
341,1938.6619,0.0944,144,46,11,4458,,Bb2,,,,,,,,n341_5Bb2t,4458,,gutim,341,
341,1938.6619,0.0944,144,52,11,4458,,E3,,,,,,,,n341_5E3t_1,4458,,gutim,341,
341,1938.7799,0.0931,144,87,11,4459,,Eb6,,,,,,,,n341_5Eb6t,4459,,gutim,341,
341,1938.8963,3.9118,144,52,14,4460,,E3,,,,,,,,n341_1E3h,4460,,gutim,341,
341,1938.8963,3.2941,144,59,14,4460,,B3,,,,,,,,n341_1B3h,4460,,gutim,341,
341,1938.8963,3.9118,144,32,14,4460,,Ab1,,,,,,,,n341_5Ab1h,4460,,gutim,341,
341,1943.014,0.2353,144,58,8,4461,,Bb3,,,,,,,,n341_1Bb3s_1,4461,,gutim,341,
341,1943.014,0.2353,144,65,8,4461,,F4,,,,,,,,n341_1F4s_1,4461,,gutim,341,
341,1943.014,0.4706,144,32,8,4461,,Ab1,,,,,,,,n341_5Ab1e,4461,,gutim,341,
341,1943.014,0.4706,144,36,8,4461,,C2,,,,,,,,n341_5C2e,4461,,gutim,341,
341,1943.3081,0.2353,144,76,8,4462,,E5,,,,,,,,n341_1E5s,4462,,gutim,341,
,,,,,,,,,,,,,,,,,,342,,,
342,1944.7787,0.9412,144,65,8,4463,,F4,,,,,,,,n342_1F4q,4463,,gutim,342,
342,1944.7787,0.9412,144,76,8,4463,,E5,,,,,,,,n342_1E5q,4463,,gutim,342,
342,1944.7787,0.7059,144,32,8,4463,,Ab1,,,,,,,,n342_5Ab1e,4463,,gutim,342,
342,1944.7787,0.7059,144,36,8,4463,,C2,,,,,,,,n342_5C2e,4463,,gutim,342,
342,1944.7787,0.7059,144,46,8,4463,,Bb2,,,,,,,,n342_5Bb2e,4463,,gutim,342,
342,1945.661,0.2353,144,41,11,4464,,F2,,,,,,,,n342_5F2s,4464,,gutim,342,
342,1945.661,0.2353,144,42,11,4464,,Gb2,,,,,,,,n342_5Gb2s,4464,,gutim,342,
342,1945.9551,3.3529,144,84,11,4465,,C6,,,,,,,,n342_1C6h,4465,,gutim,342,
342,1945.9551,3.3529,144,41,11,4465,,F2,,,,,,,,n342_5F2h,4465,,gutim,342,
342,1945.9551,2.8235,144,42,11,4465,,Gb2,,,,,,,,n342_5Gb2h,4465,,gutim,342,
,,,,,,,7270,,,,,,,,,,,,gutim,,
,,,,,,,,,,,,,,,,,,346,,,
346,1967.1316,2.2353,144,52,11,4466,,E3,,,,,,,,n346_1E3h,4466,,gutim,346,
346,1967.1316,1.8824,144,59,11,4466,,B3,,,,,,,,n346_1B3h,4466,,gutim,346,
346,1967.1316,2.2353,144,32,11,4466,,Ab1,,,,,,,,n346_5Ab1h,4466,,gutim,346,
346,1969.4845,1.8824,144,84,8,4467,,C6,,,,,,,,n346_1C6h,4467,,gutim,346,
346,1969.4845,1.8824,144,41,8,4467,,F2,,,,,,,,n346_5F2h,4467,,gutim,346,
346,1969.4845,1.8824,144,42,8,4467,,Gb2,,,,,,,,n346_5Gb2h,4467,,gutim,346,
346,1971.8375,4.6341,144,52,14,4468,,E3,,,,,,,,n346_1E3w,4468,,gutim,346,
346,1971.8375,3.9024,144,59,14,4468,,B3,,,,,,,,n346_1B3w,4468,,gutim,346,
346,1971.8375,4.6341,144,32,8,4468,,Ab1,,,,,,,,n346_5Ab1w,4468,,gutim,346,
,,,,,,,,,,,,,,,,,,347,,,
347,1976.7155,3.7095,144,52,14,4469,,E3,,,,,,,,n347_1E3h,4469,,gutim,347,
347,1976.7155,3.1238,144,59,14,4469,,B3,,,,,,,,n347_1B3h,4469,,gutim,347,
347,1976.7155,3.7095,144,32,14,4469,,Ab1,,,,,,,,n347_5Ab1h,4469,,gutim,347,
347,1981.8029,0.1365,144,52,14,4470,,E3,,,,,,,,n347_1E3t,4470,,gutim,347,
347,1981.8029,0.1365,144,59,14,4470,,B3,,,,,,,,n347_1B3t,4470,,gutim,347,
347,1981.8029,0.1365,144,32,14,4470,,Ab1,,,,,,,,n347_5Ab1t,4470,,gutim,347,
347,1981.9736,0.8265,144,52,14,4471,,E3,,,,,,,,n347_1E3e,4471,,gutim,347,
347,1981.9736,0.8265,144,59,14,4471,,B3,,,,,,,,n347_1B3e,4471,,gutim,347,
347,1981.9736,0.8265,144,60,14,4471,,C4,,,,,,,,n347_1C4e,4471,,gutim,347,
347,1981.9736,0.8265,144,32,14,4471,,Ab1,,,,,,,,n347_5Ab1e,4471,,gutim,347,
347,1984.7647,2.3292,144,69,14,4472,,A4,,,,,,,,n347_1A4h,4472,,gutim,347,
347,1984.7647,2.3292,144,84,14,4472,,C6,,,,,,,,n347_1C6h,4472,,gutim,347,
347,1984.7647,2.3292,144,29,14,4472,,F1,,,,,,,,n347_5F1h,4472,,gutim,347,
347,1984.7647,2.3292,144,42,14,4472,,Gb2,,,,,,,,n347_5Gb2h,4472,,gutim,347,
,,,,,,,7274,,,,,,,,,,,,gutim,,
,,,,,,,,,,,,,,,,,,348,,,
348,1995.5568,1.3543,144,69,14,4473,,A4,,,,,,,,n348_1A4q,4473,,gutim,348,
348,1995.5568,1.3543,144,84,14,4473,,C6,,,,,,,,n348_1C6q,4473,,gutim,348,
348,1995.5568,1.3543,144,41,14,4473,,F2,,,,,,,,n348_5F2q,4473,,gutim,348,
348,1995.5568,1.3543,144,42,14,4473,,Gb2,,,,,,,,n348_5Gb2q,4473,,gutim,348,
348,1997.2497,13.7143,144,61,14,4474,,C#4,,,,,,,,n348_1Cs4h,4474,,gutim,348,
348,1997.2497,13.7143,144,69,14,4474,,A4,,,,,,,,n348_1A4h,4474,,gutim,348,
348,1997.2497,8.2286,144,29,14,4474,,F1,,,,,,,,n348_5F1h,4474,,gutim,348,
348,1997.2497,13.7143,144,42,14,4474,,Gb2,,,,,,,,n348_5Gb2h,4474,,gutim,348,
