meas,sec,art_dur_sec,status,d0,d1,oloc,section,sci_pitch,grace,even,even_target,dyn,dyn_target,tempo,tempo_target,note_id,loc,bar,src,src_meas,index
,,,,,,,7000,,,,,,,,,,,,gutim,,
,,,,,,,,,,,,,,,,,,1,,,
1,0.0,0.0789,144,45,5,0,,A2,,,,,,,,n1_5A2t_0,0,,gutim,1,
1,0.083,0.0789,144,30,5,1,,F#1,,,,,,,,n1_5Fs1t_0,1,,gutim,1,
1,0.166,0.0789,144,37,5,2,,C#2,,,,,,,,n1_5Cs2t_0,2,,gutim,1,
1,0.249,0.0789,144,45,5,3,,A2,,,,,,,,n1_5A2t_1,3,,gutim,1,
1,0.332,0.0789,144,37,5,4,,C#2,,,,,,,,n1_5Cs2t_1,4,,gutim,1,
1,0.415,0.1586,144,30,5,5,,F#1,,,,,,,,n1_5Fs1s_0,5,,gutim,1,
1,0.582,0.0789,144,45,5,6,,A2,,,,,,,,n1_5A2t_2,6,,gutim,1,
1,0.665,0.0789,144,37,5,7,,C#2,,,,,,,,n1_5Cs2t_2,7,,gutim,1,
1,0.748,0.0789,144,45,5,8,,A2,,,,,,,,n1_5A2t_3,8,,gutim,1,
1,0.8311,0.0789,144,30,5,9,,F#1,,,,,,,,n1_5Fs1t_1,9,,gutim,1,
1,0.9141,0.0789,144,37,5,10,,C#2,,,,,,,,n1_5Cs2t_3,10,,gutim,1,
1,0.9971,0.0789,144,45,5,11,,A2,,,,,,,,n1_5A2t_4,11,,gutim,1,
1,1.0801,0.0789,144,37,5,12,,C#2,,,,,,,,n1_5Cs2t_4,12,,gutim,1,
1,1.1631,0.1586,144,30,5,13,,F#1,,,,,,,,n1_5Fs1s_1,13,,gutim,1,
1,1.3301,0.0789,144,45,5,14,,A2,,,,,,,,n1_5A2t_5,14,,gutim,1,
1,1.4131,0.0789,144,37,5,15,,C#2,,,,,,,,n1_5Cs2t_5,15,,gutim,1,
1,1.4961,0.0789,144,45,5,16,,A2,,,,,,,,n1_5A2t_6,16,,gutim,1,
1,1.5791,0.0789,144,30,5,17,,F#1,,,,,,,,n1_5Fs1t_2,17,,gutim,1,
1,1.6621,0.0789,144,37,5,18,,C#2,,,,,,,,n1_5Cs2t_6,18,,gutim,1,
1,1.7451,0.0789,144,45,5,19,,A2,,,,,,,,n1_5A2t_7,19,,gutim,1,
1,1.8281,0.0789,144,37,6,20,,C#2,,,,,,,,n1_5Cs2t_7,20,,gutim,1,
1,1.9111,0.1586,144,30,6,21,,F#1,,,,,,,,n1_5Fs1s_2,21,,gutim,1,
1,2.0781,0.0789,144,45,6,22,,A2,,,,,,,,n1_5A2t_8,22,,gutim,1,
1,2.1611,0.0789,144,37,6,23,,C#2,,,,,,,,n1_5Cs2t_8,23,,gutim,1,
1,2.2441,0.0789,144,45,6,24,,A2,,,,,,,,n1_5A2t_9,24,,gutim,1,
1,2.3271,0.0789,144,30,6,25,,F#1,,,,,,,,n1_5Fs1t_3,25,,gutim,1,
1,2.4102,0.0789,144,37,6,26,,C#2,,,,,,,,n1_5Cs2t_9,26,,gutim,1,
1,2.4932,0.0789,144,45,7,27,,A2,,,,,,,,n1_5A2t_10,27,,gutim,1,
1,2.5762,0.0789,144,37,7,28,,C#2,,,,,,,,n1_5Cs2t_10,28,,gutim,1,
1,2.6592,0.1586,144,30,7,29,,F#1,,,,,,,,n1_5Fs1s_3,29,,gutim,1,
1,2.8262,0.0789,144,45,7,30,,A2,,,,,,,,n1_5A2t_11,30,,gutim,1,
1,2.9092,0.0789,144,37,7,31,,C#2,,,,,,,,n1_5Cs2t_11,31,,gutim,1,
1,2.9922,0.0789,144,45,7,32,,A2,,,,,,,,n1_5A2t_12,32,,gutim,1,
1,3.0752,0.0789,144,30,7,33,,F#1,,,,,,,,n1_5Fs1t_4,33,,gutim,1,
1,3.1582,0.0789,144,37,8,34,,C#2,,,,,,,,n1_5Cs2t_12,34,,gutim,1,
1,3.2412,0.0789,144,45,8,35,,A2,,,,,,,,n1_5A2t_13,35,,gutim,1,
1,3.3242,0.0789,144,37,8,36,,C#2,,,,,,,,n1_5Cs2t_13,36,,gutim,1,
1,3.4072,0.1586,144,30,8,37,,F#1,,,,,,,,n1_5Fs1s_4,37,,gutim,1,
1,3.5742,0.0789,144,45,8,38,,A2,,,,,,,,n1_5A2t_14,38,,gutim,1,
1,3.6572,0.0789,144,37,8,39,,C#2,,,,,,,,n1_5Cs2t_14,39,,gutim,1,
1,3.7402,0.0789,144,45,8,40,,A2,,,,,,,,n1_5A2t_15,40,,gutim,1,
1,3.8232,0.0789,144,30,9,41,,F#1,,,,,,,,n1_5Fs1t_5,41,,gutim,1,
1,3.9062,0.0789,144,37,9,42,,C#2,,,,,,,,n1_5Cs2t_15,42,,gutim,1,
1,3.9893,0.0789,144,45,9,43,,A2,,,,,,,,n1_5A2t_16,43,,gutim,1,
1,4.0723,0.0789,144,37,9,44,,C#2,,,,,,,,n1_5Cs2t_16,44,,gutim,1,
1,4.1553,0.1586,144,30,9,45,,F#1,,,,,,,,n1_5Fs1s_5,45,,gutim,1,
1,4.3223,0.1586,144,37,9,46,,C#2,,,,,,,,n1_5Cs2s,46,,gutim,1,
,,,,,,,,,,,,,,,,,,2,,,
2,4.5,0.0789,144,45,5,47,,A2,,,,,,,,n2_5A2t_0,47,,gutim,2,
2,4.583,0.0789,144,30,5,48,,F#1,,,,,,,,n2_5Fs1t_0,48,,gutim,2,
2,4.666,0.0789,144,37,5,49,,C#2,,,,,,,,n2_5Cs2t_0,49,,gutim,2,
2,4.749,0.0789,144,45,5,50,,A2,,,,,,,,n2_5A2t_1,50,,gutim,2,
2,4.832,0.0789,144,37,5,51,,C#2,,,,,,,,n2_5Cs2t_1,51,,gutim,2,
2,4.915,0.1586,144,30,5,52,,F#1,,,,,,,,n2_5Fs1s_0,52,,gutim,2,
2,5.082,0.0789,144,45,5,53,,A2,,,,,,,,n2_5A2t_2,53,,gutim,2,
2,5.165,0.0789,144,37,5,54,,C#2,,,,,,,,n2_5Cs2t_2,54,,gutim,2,
2,5.248,0.0789,144,45,5,55,,A2,,,,,,,,n2_5A2t_3,55,,gutim,2,
2,5.3311,0.0789,144,30,5,56,,F#1,,,,,,,,n2_5Fs1t_1,56,,gutim,2,
2,5.4141,0.0789,144,37,5,57,,C#2,,,,,,,,n2_5Cs2t_3,57,,gutim,2,
2,5.4971,0.0789,144,45,5,58,,A2,,,,,,,,n2_5A2t_4,58,,gutim,2,
2,5.5801,0.0789,144,37,5,59,,C#2,,,,,,,,n2_5Cs2t_4,59,,gutim,2,
2,5.6631,0.1586,144,30,5,60,,F#1,,,,,,,,n2_5Fs1s_1,60,,gutim,2,
2,5.8301,0.0789,144,45,5,61,,A2,,,,,,,,n2_5A2t_5,61,,gutim,2,
2,5.9131,0.0789,144,37,5,62,,C#2,,,,,,,,n2_5Cs2t_5,62,,gutim,2,
2,5.9961,0.0789,144,45,5,63,,A2,,,,,,,,n2_5A2t_6,63,,gutim,2,
2,6.0791,0.0789,144,30,5,64,,F#1,,,,,,,,n2_5Fs1t_2,64,,gutim,2,
2,6.1621,0.0789,144,37,5,65,,C#2,,,,,,,,n2_5Cs2t_6,65,,gutim,2,
2,6.2451,0.0789,144,45,5,66,,A2,,,,,,,,n2_5A2t_7,66,,gutim,2,
2,6.3281,0.0789,144,37,5,67,,C#2,,,,,,,,n2_5Cs2t_7,67,,gutim,2,
2,6.4111,0.1586,144,30,5,68,,F#1,,,,,,,,n2_5Fs1s_2,68,,gutim,2,
2,6.5781,0.0789,144,45,5,69,,A2,,,,,,,,n2_5A2t_8,69,,gutim,2,
2,6.6611,0.0789,144,37,5,70,,C#2,,,,,,,,n2_5Cs2t_8,70,,gutim,2,
2,6.7441,0.0789,144,45,5,71,,A2,,,,,,,,n2_5A2t_9,71,,gutim,2,
2,6.8271,0.0789,144,30,5,72,,F#1,,,,,,,,n2_5Fs1t_3,72,,gutim,2,
2,6.9102,0.0789,144,37,5,73,,C#2,,,,,,,,n2_5Cs2t_9,73,,gutim,2,
2,6.9932,0.0789,144,45,5,74,,A2,,,,,,,,n2_5A2t_10,74,,gutim,2,
2,7.0762,0.0789,144,37,5,75,,C#2,,,,,,,,n2_5Cs2t_10,75,,gutim,2,
2,7.1592,0.1586,144,30,5,76,,F#1,,,,,,,,n2_5Fs1s_3,76,,gutim,2,
2,7.3262,0.0789,144,45,5,77,,A2,,,,,,,,n2_5A2t_11,77,,gutim,2,
2,7.4092,0.0789,144,37,5,78,,C#2,,,,,,,,n2_5Cs2t_11,78,,gutim,2,
2,7.4922,0.0789,144,45,5,79,,A2,,,,,,,,n2_5A2t_12,79,,gutim,2,
2,7.5752,0.0789,144,30,5,80,,F#1,,,,,,,,n2_5Fs1t_4,80,,gutim,2,
2,7.6582,0.0789,144,37,5,81,,C#2,,,,,,,,n2_5Cs2t_12,81,,gutim,2,
2,7.7412,0.0789,144,45,5,82,,A2,,,,,,,,n2_5A2t_13,82,,gutim,2,
2,7.8242,0.0789,144,37,5,83,,C#2,,,,,,,,n2_5Cs2t_13,83,,gutim,2,
2,7.9072,0.1586,144,30,5,84,,F#1,,,,,,,,n2_5Fs1s_4,84,,gutim,2,
2,8.0742,0.0789,144,45,5,85,,A2,,,,,,,,n2_5A2t_14,85,,gutim,2,
2,8.1572,0.0789,144,37,5,86,,C#2,,,,,,,,n2_5Cs2t_14,86,,gutim,2,
,,,,,,,,,,,,,,,,,,3,,,
3,8.25,0.0789,144,45,5,87,,A2,,,,,,,,n3_5A2t_0,87,,gutim,3,
3,8.333,0.0789,144,30,5,88,,F#1,,,,,,,,n3_5Fs1t_0,88,,gutim,3,
3,8.416,0.0789,144,37,5,89,,C#2,,,,,,,,n3_5Cs2t_0,89,,gutim,3,
3,8.499,0.0789,144,45,5,90,,A2,,,,,,,,n3_5A2t_1,90,,gutim,3,
3,8.582,0.0789,144,37,5,91,,C#2,,,,,,,,n3_5Cs2t_1,91,,gutim,3,
3,8.665,0.1586,144,30,5,92,,F#1,,,,,,,,n3_5Fs1s_0,92,,gutim,3,
3,8.832,0.0789,144,45,5,93,,A2,,,,,,,,n3_5A2t_2,93,,gutim,3,
3,8.915,0.0789,144,37,5,94,,C#2,,,,,,,,n3_5Cs2t_2,94,,gutim,3,
3,8.998,0.0789,144,45,14,95,,A2,,,,,,,,n3_5A2t_3,95,,gutim,3,
3,9.0811,0.0789,144,30,14,96,,F#1,,,,,,,,n3_5Fs1t_1,96,,gutim,3,
3,9.1641,0.0789,144,37,5,97,,C#2,,,,,,,,n3_5Cs2t_3,97,,gutim,3,
3,9.2471,0.0789,144,45,5,98,,A2,,,,,,,,n3_5A2t_4,98,,gutim,3,
3,9.3301,0.0789,144,37,5,99,,C#2,,,,,,,,n3_5Cs2t_4,99,,gutim,3,
3,9.4131,0.1586,144,30,5,100,,F#1,,,,,,,,n3_5Fs1s_1,100,,gutim,3,
3,9.5801,0.0789,144,45,6,101,,A2,,,,,,,,n3_5A2t_5,101,,gutim,3,
3,9.6631,0.0789,144,37,6,102,,C#2,,,,,,,,n3_5Cs2t_5,102,,gutim,3,
3,9.7461,0.0789,144,45,6,103,,A2,,,,,,,,n3_5A2t_6,103,,gutim,3,
3,9.8291,0.0789,144,30,6,104,,F#1,,,,,,,,n3_5Fs1t_2,104,,gutim,3,
3,9.9121,0.0789,144,37,6,105,,C#2,,,,,,,,n3_5Cs2t_6,105,,gutim,3,
3,9.9951,0.0789,144,45,6,106,,A2,,,,,,,,n3_5A2t_7,106,,gutim,3,
3,10.0781,0.0789,144,37,7,107,,C#2,,,,,,,,n3_5Cs2t_7,107,,gutim,3,
3,10.1611,0.1586,144,30,7,108,,F#1,,,,,,,,n3_5Fs1s_2,108,,gutim,3,
3,10.3281,0.0789,144,45,7,109,,A2,,,,,,,,n3_5A2t_8,109,,gutim,3,
3,10.4111,0.0789,144,37,7,110,,C#2,,,,,,,,n3_5Cs2t_8,110,,gutim,3,
3,10.4941,0.0789,144,45,7,111,,A2,,,,,,,,n3_5A2t_9,111,,gutim,3,
3,10.5771,0.0789,144,30,7,112,,F#1,,,,,,,,n3_5Fs1t_3,112,,gutim,3,
3,10.6602,0.0789,144,37,8,113,,C#2,,,,,,,,n3_5Cs2t_9,113,,gutim,3,
3,10.7432,0.0789,144,45,8,114,,A2,,,,,,,,n3_5A2t_10,114,,gutim,3,
3,10.8262,0.0789,144,37,8,115,,C#2,,,,,,,,n3_5Cs2t_10,115,,gutim,3,
3,10.9092,0.1586,144,30,8,116,,F#1,,,,,,,,n3_5Fs1s_3,116,,gutim,3,
3,11.0762,0.0789,144,45,8,117,,A2,,,,,,,,n3_5A2t_11,117,,gutim,3,
3,11.1592,0.0789,144,37,8,118,,C#2,,,,,,,,n3_5Cs2t_11,118,,gutim,3,
3,11.2422,0.0789,144,45,9,119,,A2,,,,,,,,n3_5A2t_12,119,,gutim,3,
3,11.3252,0.0789,144,30,9,120,,F#1,,,,,,,,n3_5Fs1t_4,120,,gutim,3,
3,11.4082,0.0789,144,37,9,121,,C#2,,,,,,,,n3_5Cs2t_12,121,,gutim,3,
3,11.4912,0.0789,144,45,9,122,,A2,,,,,,,,n3_5A2t_13,122,,gutim,3,
3,11.5742,0.0789,144,37,9,123,,C#2,,,,,,,,n3_5Cs2t_13,123,,gutim,3,
3,11.6572,0.1586,144,30,9,124,,F#1,,,,,,,,n3_5Fs1s_4,124,,gutim,3,
3,11.8242,0.0789,144,45,5,125,,A2,,,,,,,,n3_5A2t_14,125,,gutim,3,
3,11.9072,0.0789,144,37,14,126,,C#2,,,,,,,,n3_5Cs2t_14,126,,gutim,3,
,,,,,,,,,,,,,,,,,,4,,,
4,12.0,0.0712,144,65,14,127,,F4,g,,,,,,,ng4_5F4e,127,,gutim,4,
4,12.075,1.425,144,75,14,128,,Eb5,,,,,,,,n4_1Eb5h,128,,gutim,4,
4,12.075,0.2848,144,24,14,128,,C1,,,,,,,,n4_5C1e,128,,gutim,4,
4,12.075,0.2848,144,34,14,128,,Bb1,,,,,,,,n4_5Bb1e_0,128,,gutim,4,
4,12.3748,0.1429,144,24,14,129,,C1,,,,,,,,n4_5C1s_0,129,,gutim,4,
4,12.3748,0.1429,144,34,14,129,,Bb1,,,,,,,,n4_5Bb1s_0,129,,gutim,4,
4,12.5252,0.1429,144,34,14,130,,Bb1,,,,,,,,n4_5Bb1s_1,130,,gutim,4,
4,12.6756,0.2857,144,24,14,131,,C1,,,,,,,,n4_5C1s_1,131,,gutim,4,
4,12.9764,0.1429,144,34,14,132,,Bb1,,,,,,,,n4_5Bb1s_2,132,,gutim,4,
4,13.1268,0.1429,144,24,14,133,,C1,,,,,,,,n4_5C1s_3,133,,gutim,4,
4,13.2771,0.2848,144,34,14,134,,Bb1,,,,,,,,n4_5Bb1e_1,134,,gutim,4,
4,13.577,0.1429,144,24,14,135,,C1,,,,,,,,n4_5C1s_4,135,,gutim,4,
4,13.7273,0.1429,144,34,14,136,,Bb1,,,,,,,,n4_5Bb1s_3,136,,gutim,4,
4,13.8777,0.1429,144,24,14,137,,C1,,,,,,,,n4_5C1s_5,137,,gutim,4,
4,14.0281,0.4277,144,34,14,138,,Bb1,,,,,,,,n4_5Bb1e_2,138,,gutim,4,
4,14.4783,0.1429,144,24,14,139,,C1,,,,,,,,n4_5C1s_6,139,,gutim,4,
4,14.6287,0.4277,144,34,14,140,,Bb1,,,,,,,,n4_5Bb1e_3,140,,gutim,4,
4,15.075,3.6,144,24,14,141,,C1,,,,,,,,n4_1C1h,141,,gutim,4,
4,15.0789,0.0789,144,45,14,142,,A2,,,,,,,,n4_5A2t_0,142,,gutim,4,
4,15.1619,0.0789,144,30,5,143,,F#1,,,,,,,,n4_5Fs1t_0,143,,gutim,4,
4,15.2449,0.0789,144,37,5,144,,C#2,,,,,,,,n4_5Cs2t_0,144,,gutim,4,
4,15.3279,0.0789,144,45,5,145,,A2,,,,,,,,n4_5A2t_1,145,,gutim,4,
4,15.4109,0.0789,144,37,5,146,,C#2,,,,,,,,n4_5Cs2t_1,146,,gutim,4,
4,15.4939,0.1586,144,30,5,147,,F#1,,,,,,,,n4_5Fs1s_0,147,,gutim,4,
4,15.6609,0.0789,144,45,5,148,,A2,,,,,,,,n4_5A2t_2,148,,gutim,4,
4,15.7439,0.0789,144,37,5,149,,C#2,,,,,,,,n4_5Cs2t_2,149,,gutim,4,
4,15.827,0.0789,144,45,5,150,,A2,,,,,,,,n4_5A2t_3,150,,gutim,4,
4,15.91,0.0789,144,30,5,151,,F#1,,,,,,,,n4_5Fs1t_1,151,,gutim,4,
4,15.993,0.0789,144,37,5,152,,C#2,,,,,,,,n4_5Cs2t_3,152,,gutim,4,
4,16.076,0.0789,144,45,5,153,,A2,,,,,,,,n4_5A2t_4,153,,gutim,4,
4,16.159,0.0789,144,37,5,154,,C#2,,,,,,,,n4_5Cs2t_4,154,,gutim,4,
4,16.242,0.1586,144,30,5,155,,F#1,,,,,,,,n4_5Fs1s_1,155,,gutim,4,
4,16.409,0.0789,144,45,5,156,,A2,,,,,,,,n4_5A2t_5,156,,gutim,4,
4,16.492,0.0789,144,37,5,157,,C#2,,,,,,,,n4_5Cs2t_5,157,,gutim,4,
,,,,,,,,,,,,,,,,,,5,,,
5,16.575,0.0789,144,45,5,158,,A2,,,,,,,,n5_5A2t_0,158,,gutim,5,
5,16.658,0.0789,144,30,5,159,,F#1,,,,,,,,n5_5Fs1t_0,159,,gutim,5,
5,16.741,0.0789,144,37,5,160,,C#2,,,,,,,,n5_5Cs2t_0,160,,gutim,5,
5,16.824,0.0789,144,45,5,161,,A2,,,,,,,,n5_5A2t_1,161,,gutim,5,
5,16.907,0.0789,144,37,5,162,,C#2,,,,,,,,n5_5Cs2t_1,162,,gutim,5,
5,16.99,0.1586,144,30,5,163,,F#1,,,,,,,,n5_5Fs1s_0,163,,gutim,5,
5,17.157,0.0789,144,45,5,164,,A2,,,,,,,,n5_5A2t_2,164,,gutim,5,
5,17.24,0.0789,144,37,5,165,,C#2,,,,,,,,n5_5Cs2t_2,165,,gutim,5,
5,17.323,0.0789,144,45,5,166,,A2,,,,,,,,n5_5A2t_3,166,,gutim,5,
5,17.4061,0.0789,144,30,5,167,,F#1,,,,,,,,n5_5Fs1t_1,167,,gutim,5,
5,17.4891,0.0789,144,37,5,168,,C#2,,,,,,,,n5_5Cs2t_3,168,,gutim,5,
5,17.5721,0.0789,144,45,5,169,,A2,,,,,,,,n5_5A2t_4,169,,gutim,5,
5,17.6551,0.0789,144,37,5,170,,C#2,,,,,,,,n5_5Cs2t_4,170,,gutim,5,
5,17.7381,0.1586,144,30,5,171,,F#1,,,,,,,,n5_5Fs1s_1,171,,gutim,5,
5,17.9051,0.0789,144,45,5,172,,A2,,,,,,,,n5_5A2t_5,172,,gutim,5,
5,17.9881,0.0789,144,37,14,173,,C#2,,,,,,,,n5_5Cs2t_5,173,,gutim,5,
5,18.0711,0.0789,144,45,14,174,,A2,,,,,,,,n5_5A2t_6,174,,gutim,5,
5,18.1541,0.0789,144,30,14,175,,F#1,,,,,,,,n5_5Fs1t_2,175,,gutim,5,
5,18.2371,0.0789,144,37,14,176,,C#2,,,,,,,,n5_5Cs2t_6,176,,gutim,5,
5,18.3201,0.0789,144,45,14,177,,A2,,,,,,,,n5_5A2t_7,177,,gutim,5,
5,18.4031,0.0789,144,37,14,178,,C#2,,,,,,,,n5_5Cs2t_7,178,,gutim,5,
5,18.4861,0.1586,144,30,14,179,,F#1,,,,,,,,n5_5Fs1s_2,179,,gutim,5,
5,18.6531,0.0789,144,45,14,180,,A2,,,,,,,,n5_5A2t_8,180,,gutim,5,
5,18.7361,0.0789,144,37,14,181,,C#2,,,,,,,,n5_5Cs2t_8,181,,gutim,5,
5,18.8191,0.0789,144,45,14,182,,A2,,,,,,,,n5_5A2t_9,182,,gutim,5,
5,18.9021,0.0789,144,30,14,183,,F#1,,,,,,,,n5_5Fs1t_3,183,,gutim,5,
5,18.9852,0.0789,144,37,14,184,,C#2,,,,,,,,n5_5Cs2t_9,184,,gutim,5,
5,19.0682,0.0789,144,45,14,185,,A2,,,,,,,,n5_5A2t_10,185,,gutim,5,
5,19.1512,0.0789,144,37,14,186,,C#2,,,,,,,,n5_5Cs2t_10,186,,gutim,5,
5,19.2342,0.1586,144,30,14,187,,F#1,,,,,,,,n5_5Fs1s_3,187,,gutim,5,
5,19.4012,0.0789,144,45,14,188,,A2,,,,,,,,n5_5A2t_11,188,,gutim,5,
5,19.4842,0.0789,144,37,14,189,,C#2,,,,,,,,n5_5Cs2t_11,189,,gutim,5,
5,19.575,2.4,144,73,14,190,,C#5,,,,,,,,n5_1Cs5h,190,,gutim,5,
5,19.7342,0.0789,144,37,14,191,,C#2,,,,,,,,n5_5Cs2t_12,191,,gutim,5,
5,19.8172,0.0789,144,45,14,192,,A2,,,,,,,,n5_5A2t_12,192,,gutim,5,
5,19.9002,0.0789,144,37,14,193,,C#2,,,,,,,,n5_5Cs2t_13,193,,gutim,5,
5,19.9832,0.1586,144,30,14,194,,F#1,,,,,,,,n5_5Fs1s_4,194,,gutim,5,
5,20.1502,0.0789,144,45,14,195,,A2,,,,,,,,n5_5A2t_13,195,,gutim,5,
5,20.2332,0.0789,144,37,14,196,,C#2,,,,,,,,n5_5Cs2t_14,196,,gutim,5,
5,20.3162,0.0789,144,45,14,197,,A2,,,,,,,,n5_5A2t_14,197,,gutim,5,
5,20.3992,0.0789,144,30,14,198,,F#1,,,,,,,,n5_5Fs1t_4,198,,gutim,5,
5,20.4822,0.0789,144,37,14,199,,C#2,,,,,,,,n5_5Cs2t_15,199,,gutim,5,
5,20.5652,0.0789,144,45,14,200,,A2,,,,,,,,n5_5A2t_15,200,,gutim,5,
5,20.6482,0.0789,144,37,14,201,,C#2,,,,,,,,n5_5Cs2t_16,201,,gutim,5,
5,20.7312,0.1586,144,30,14,202,,F#1,,,,,,,,n5_5Fs1s_5,202,,gutim,5,
5,20.8982,0.0789,144,45,14,203,,A2,,,,,,,,n5_5A2t_16,203,,gutim,5,
5,20.9812,0.0789,144,37,14,204,,C#2,,,,,,,,n5_5Cs2t_17,204,,gutim,5,
,,,,,,,,,,,,,,,,,,6,,,
6,21.075,0.0789,144,45,14,205,,A2,,,,,,,,n6_5A2t_0,205,,gutim,6,
6,21.158,0.0789,144,30,14,206,,F#1,,,,,,,,n6_5Fs1t_0,206,,gutim,6,
6,21.241,0.0789,144,37,14,207,,C#2,,,,,,,,n6_5Cs2t_0,207,,gutim,6,
6,21.324,0.0789,144,45,14,208,,A2,,,,,,,,n6_5A2t_1,208,,gutim,6,
6,21.407,0.0789,144,37,14,209,,C#2,,,,,,,,n6_5Cs2t_1,209,,gutim,6,
6,21.49,0.1586,144,30,14,210,,F#1,,,,,,,,n6_5Fs1s_0,210,,gutim,6,
6,21.657,0.0789,144,45,14,211,,A2,,,,,,,,n6_5A2t_2,211,,gutim,6,
6,21.74,0.0789,144,37,14,212,,C#2,,,,,,,,n6_5Cs2t_2,212,,gutim,6,
6,21.823,0.0789,144,45,14,213,,A2,,,,,,,,n6_5A2t_3,213,,gutim,6,
6,21.9061,0.0789,144,30,14,214,,F#1,,,,,,,,n6_5Fs1t_1,214,,gutim,6,
6,21.9891,0.0789,144,37,14,215,,C#2,,,,,,,,n6_5Cs2t_3,215,,gutim,6,
6,22.0721,0.0789,144,45,14,216,,A2,,,,,,,,n6_5A2t_4,216,,gutim,6,
6,22.1551,0.0789,144,37,14,217,,C#2,,,,,,,,n6_5Cs2t_4,217,,gutim,6,
6,22.2381,0.3164,144,30,14,218,,F#1,,,,,,,,n6_5Fs1e,218,,gutim,6,
6,22.5711,0.0789,144,45,14,219,,A2,,,,,,,,n6_5A2t_5,219,,gutim,6,
6,22.575,2.4,144,24,14,220,,C1,,,,,,,,n6_1C1w,220,,gutim,6,
6,22.6541,0.0789,144,30,14,221,,F#1,,,,,,,,n6_5Fs1t_2,221,,gutim,6,
6,22.7371,0.0789,144,37,14,222,,C#2,,,,,,,,n6_5Cs2t_5,222,,gutim,6,
6,22.8201,0.0789,144,45,14,223,,A2,,,,,,,,n6_5A2t_6,223,,gutim,6,
6,22.9031,0.0789,144,37,14,224,,C#2,,,,,,,,n6_5Cs2t_6,224,,gutim,6,
6,22.9861,0.1586,144,30,14,225,,F#1,,,,,,,,n6_5Fs1s_1,225,,gutim,6,
6,23.1531,0.0789,144,45,14,226,,A2,,,,,,,,n6_5A2t_7,226,,gutim,6,
6,23.2361,0.0789,144,37,14,227,,C#2,,,,,,,,n6_5Cs2t_7,227,,gutim,6,
6,23.3191,0.0789,144,45,14,228,,A2,,,,,,,,n6_5A2t_8,228,,gutim,6,
6,23.4021,0.0789,144,30,14,229,,F#1,,,,,,,,n6_5Fs1t_3,229,,gutim,6,
6,23.4852,0.0789,144,37,14,230,,C#2,,,,,,,,n6_5Cs2t_8,230,,gutim,6,
6,23.5682,0.0789,144,45,14,231,,A2,,,,,,,,n6_5A2t_9,231,,gutim,6,
6,23.6512,0.0789,144,37,14,232,,C#2,,,,,,,,n6_5Cs2t_9,232,,gutim,6,
6,23.7342,0.1586,144,30,14,233,,F#1,,,,,,,,n6_5Fs1s_2,233,,gutim,6,
6,23.9012,0.0789,144,45,14,234,,A2,,,,,,,,n6_5A2t_10,234,,gutim,6,
6,23.9842,0.0789,144,37,14,235,,C#2,,,,,,,,n6_5Cs2t_10,235,,gutim,6,
6,24.0672,0.0789,144,45,14,236,,A2,,,,,,,,n6_5A2t_11,236,,gutim,6,
6,24.1502,0.0789,144,30,14,237,,F#1,,,,,,,,n6_5Fs1t_4,237,,gutim,6,
6,24.2332,0.0789,144,37,14,238,,C#2,,,,,,,,n6_5Cs2t_11,238,,gutim,6,
6,24.3162,0.0789,144,45,14,239,,A2,,,,,,,,n6_5A2t_12,239,,gutim,6,
6,24.3992,0.0789,144,37,14,240,,C#2,,,,,,,,n6_5Cs2t_12,240,,gutim,6,
6,24.4822,0.1586,144,30,14,241,,F#1,,,,,,,,n6_5Fs1s_3,241,,gutim,6,
6,24.6492,0.0789,144,45,14,242,,A2,,,,,,,,n6_5A2t_13,242,,gutim,6,
6,24.7322,0.0789,144,37,14,243,,C#2,,,,,,,,n6_5Cs2t_13,243,,gutim,6,
6,24.8152,0.0789,144,45,14,244,,A2,,,,,,,,n6_5A2t_14,244,,gutim,6,
6,24.8982,0.0789,144,30,14,245,,F#1,,,,,,,,n6_5Fs1t_5,245,,gutim,6,
6,24.9812,0.0789,144,37,14,246,,C#2,,,,,,,,n6_5Cs2t_14,246,,gutim,6,
6,25.0643,0.0789,144,45,14,247,,A2,,,,,,,,n6_5A2t_15,247,,gutim,6,
6,25.1473,0.0789,144,37,14,248,,C#2,,,,,,,,n6_5Cs2t_15,248,,gutim,6,
6,25.2303,0.1586,144,30,14,249,,F#1,,,,,,,,n6_5Fs1s_4,249,,gutim,6,
6,25.3973,0.0789,144,45,14,250,,A2,,,,,,,,n6_5A2t_16,250,,gutim,6,
6,25.4803,0.0789,144,37,14,251,,C#2,,,,,,,,n6_5Cs2t_16,251,,gutim,6,
,,,,,,,7003,,,,,,,,,,,,gutim,,
,,,,,,,,,,,,,,,,,,10,,,
10,42.825,0.0789,144,69,5,252,,A4,,,,,,,,n10_5A4t_0,252,,gutim,10,
10,42.908,0.0789,144,24,5,253,,C1,,,,,,,,n10_5C1t_0,253,,gutim,10,
10,42.991,0.0789,144,30,5,254,,F#1,,,,,,,,n10_5Fs1t,254,,gutim,10,
10,43.074,0.0789,144,69,5,255,,A4,,,,,,,,n10_5A4t_1,255,,gutim,10,
10,43.157,0.0789,144,24,5,256,,C1,,,,,,,,n10_5C1t_1,256,,gutim,10,
10,43.24,0.1586,144,30,5,257,,F#1,,,,,,,,n10_5Fs1s,257,,gutim,10,
10,43.407,0.0789,144,69,5,258,,A4,,,,,,,,n10_5A4t_2,258,,gutim,10,
10,43.49,0.0807,144,37,5,259,,C#2,,,,,,,,n10_5Cs2t,259,,gutim,10,
,,,,,,,,,,,,,,,,,,11,,,
11,43.575,0.0789,144,69,5,260,,A4,,,,,,,,n11_5A4t_0,260,,gutim,11,
11,43.658,0.0789,144,24,5,261,,C1,,,,,,,,n11_5C1t_0,261,,gutim,11,
11,43.741,0.0789,144,30,5,262,,F#1,,,,,,,,n11_5Fs1t_0,262,,gutim,11,
11,43.824,0.0789,144,69,5,263,,A4,,,,,,,,n11_5A4t_1,263,,gutim,11,
11,43.907,0.0789,144,24,5,264,,C1,,,,,,,,n11_5C1t_1,264,,gutim,11,
11,43.99,0.1586,144,30,5,265,,F#1,,,,,,,,n11_5Fs1s_0,265,,gutim,11,
11,44.157,0.0789,144,69,5,266,,A4,,,,,,,,n11_5A4t_2,266,,gutim,11,
11,44.24,0.0789,144,37,5,267,,C#2,,,,,,,,n11_5Cs2t_0,267,,gutim,11,
11,44.323,0.0789,144,69,5,268,,A4,,,,,,,,n11_5A4t_3,268,,gutim,11,
11,44.4061,0.0789,144,24,5,269,,C1,,,,,,,,n11_5C1t_2,269,,gutim,11,
11,44.4891,0.0789,144,30,5,270,,F#1,,,,,,,,n11_5Fs1t_1,270,,gutim,11,
11,44.5721,0.0789,144,69,5,271,,A4,,,,,,,,n11_5A4t_4,271,,gutim,11,
11,44.6551,0.0789,144,24,5,272,,C1,,,,,,,,n11_5C1t_3,272,,gutim,11,
11,44.7381,0.1586,144,30,5,273,,F#1,,,,,,,,n11_5Fs1s_1,273,,gutim,11,
11,44.9051,0.0789,144,69,5,274,,A4,,,,,,,,n11_5A4t_5,274,,gutim,11,
11,44.9881,0.0789,144,37,5,275,,C#2,,,,,,,,n11_5Cs2t_1,275,,gutim,11,
11,45.0711,0.0789,144,69,5,276,,A4,,,,,,,,n11_5A4t_6,276,,gutim,11,
11,45.1541,0.0789,144,24,5,277,,C1,,,,,,,,n11_5C1t_4,277,,gutim,11,
11,45.2371,0.0789,144,30,5,278,,F#1,,,,,,,,n11_5Fs1t_2,278,,gutim,11,
11,45.3201,0.0789,144,69,5,279,,A4,,,,,,,,n11_5A4t_7,279,,gutim,11,
11,45.4031,0.0789,144,24,5,280,,C1,,,,,,,,n11_5C1t_5,280,,gutim,11,
11,45.4861,0.1586,144,30,5,281,,F#1,,,,,,,,n11_5Fs1s_2,281,,gutim,11,
11,45.6531,0.0789,144,69,5,282,,A4,,,,,,,,n11_5A4t_8,282,,gutim,11,
11,45.7361,0.0789,144,37,5,283,,C#2,,,,,,,,n11_5Cs2t_2,283,,gutim,11,
11,45.8191,0.0789,144,69,5,284,,A4,,,,,,,,n11_5A4t_9,284,,gutim,11,
11,45.9021,0.0789,144,24,5,285,,C1,,,,,,,,n11_5C1t_6,285,,gutim,11,
11,45.9852,0.0789,144,30,5,286,,F#1,,,,,,,,n11_5Fs1t_3,286,,gutim,11,
11,46.0682,0.0789,144,69,5,287,,A4,,,,,,,,n11_5A4t_10,287,,gutim,11,
11,46.1512,0.0789,144,24,5,288,,C1,,,,,,,,n11_5C1t_7,288,,gutim,11,
11,46.2342,0.1586,144,30,5,289,,F#1,,,,,,,,n11_5Fs1s_3,289,,gutim,11,
11,46.4012,0.0789,144,69,5,290,,A4,,,,,,,,n11_5A4t_11,290,,gutim,11,
11,46.4842,0.0789,144,37,5,291,,C#2,,,,,,,,n11_5Cs2t_3,291,,gutim,11,
11,46.5672,0.0789,144,69,5,292,,A4,,,,,,,,n11_5A4t_12,292,,gutim,11,
11,46.575,2.4,144,76,11,293,,E5,,,,,,,,n11_1E5h,293,,gutim,11,
11,46.6502,0.0789,144,36,5,294,,C2,,,,,,,,n11_5C2t_0,294,,gutim,11,
11,46.7332,0.0789,144,42,5,295,,F#2,,,,,,,,n11_5Fs2t_0,295,,gutim,11,
11,46.8162,0.0789,144,69,5,296,,A4,,,,,,,,n11_5A4t_13,296,,gutim,11,
11,46.8992,0.0789,144,36,5,297,,C2,,,,,,,,n11_5C2t_1,297,,gutim,11,
11,46.9822,0.1586,144,42,5,298,,F#2,,,,,,,,n11_5Fs2s_0,298,,gutim,11,
11,47.1492,0.0789,144,69,5,299,,A4,,,,,,,,n11_5A4t_14,299,,gutim,11,
11,47.2322,0.0789,144,36,5,300,,C2,,,,,,,,n11_5C2t_2,300,,gutim,11,
11,47.3152,0.0789,144,69,5,301,,A4,,,,,,,,n11_5A4t_15,301,,gutim,11,
11,47.3982,0.0789,144,36,5,302,,C2,,,,,,,,n11_5C2t_3,302,,gutim,11,
11,47.4813,0.0789,144,42,5,303,,F#2,,,,,,,,n11_5Fs2t_1,303,,gutim,11,
11,47.5643,0.0789,144,69,5,304,,A4,,,,,,,,n11_5A4t_16,304,,gutim,11,
11,47.6473,0.0789,144,36,5,305,,C2,,,,,,,,n11_5C2t_4,305,,gutim,11,
11,47.7303,0.1586,144,42,5,306,,F#2,,,,,,,,n11_5Fs2s_1,306,,gutim,11,
11,47.8973,0.0789,144,69,5,307,,A4,,,,,,,,n11_5A4t_17,307,,gutim,11,
11,47.9803,0.0789,144,36,5,308,,C2,,,,,,,,n11_5C2t_5,308,,gutim,11,
,,,,,,,,,,,,,,,,,,12,,,
12,48.075,0.0789,144,69,5,309,,A4,,,,,,,,n12_5A4t_0,309,,gutim,12,
12,48.158,0.0789,144,36,5,310,,C2,,,,,,,,n12_5C2t_0,310,,gutim,12,
12,48.241,0.0789,144,42,5,311,,F#2,,,,,,,,n12_5Fs2t_0,311,,gutim,12,
12,48.324,0.0789,144,69,5,312,,A4,,,,,,,,n12_5A4t_1,312,,gutim,12,
12,48.407,0.0789,144,36,5,313,,C2,,,,,,,,n12_5C2t_1,313,,gutim,12,
12,48.49,0.1586,144,42,5,314,,F#2,,,,,,,,n12_5Fs2s_0,314,,gutim,12,
12,48.657,0.0789,144,69,5,315,,A4,,,,,,,,n12_5A4t_2,315,,gutim,12,
12,48.74,0.0789,144,36,5,316,,C2,,,,,,,,n12_5C2t_2,316,,gutim,12,
12,48.823,0.0789,144,69,5,317,,A4,,,,,,,,n12_5A4t_3,317,,gutim,12,
12,48.9061,0.0789,144,36,5,318,,C2,,,,,,,,n12_5C2t_3,318,,gutim,12,
12,48.9891,0.0789,144,42,5,319,,F#2,,,,,,,,n12_5Fs2t_1,319,,gutim,12,
12,49.0721,0.0789,144,69,5,320,,A4,,,,,,,,n12_5A4t_4,320,,gutim,12,
12,49.1551,0.0789,144,36,5,321,,C2,,,,,,,,n12_5C2t_4,321,,gutim,12,
12,49.2381,0.1586,144,42,5,322,,F#2,,,,,,,,n12_5Fs2s_1,322,,gutim,12,
12,49.4051,0.0789,144,69,5,323,,A4,,,,,,,,n12_5A4t_5,323,,gutim,12,
12,49.4881,0.0789,144,36,5,324,,C2,,,,,,,,n12_5C2t_5,324,,gutim,12,
12,49.5711,0.0789,144,69,14,325,,A4,,,,,,,,n12_5A4t_6,325,,gutim,12,
12,49.6541,0.0789,144,36,14,326,,C2,,,,,,,,n12_5C2t_6,326,,gutim,12,
12,49.7371,0.0789,144,42,13,327,,F#2,,,,,,,,n12_5Fs2t_2,327,,gutim,12,
12,49.8201,0.3164,144,76,13,328,,E5,,,,,,,,n12_5E5e_0,328,,gutim,12,
12,50.1531,0.0789,144,69,12,329,,A4,,,,,,,,n12_5A4t_7,329,,gutim,12,
12,50.2361,0.0789,144,36,12,330,,C2,,,,,,,,n12_5C2t_7,330,,gutim,12,
12,50.4861,0.0789,144,42,11,331,,F#2,,,,,,,,n12_5Fs2t_3,331,,gutim,12,
12,50.5691,0.3164,144,76,11,332,,E5,,,,,,,,n12_5E5e_1,332,,gutim,12,
12,50.9021,0.1586,144,68,9,333,,G#4,,,,,,,,n12_5Gs4s,333,,gutim,12,
12,51.1521,0.0789,144,36,9,334,,C2,,,,,,,,n12_5C2t_8,334,,gutim,12,
12,51.2352,0.0789,144,42,8,335,,F#2,,,,,,,,n12_5Fs2t_4,335,,gutim,12,
12,51.3182,0.3164,144,76,8,336,,E5,,,,,,,,n12_5E5e_2,336,,gutim,12,
12,51.6512,0.0789,144,68,8,337,,G#4,,,,,,,,n12_5Gs4t,337,,gutim,12,
12,51.7342,0.0789,144,69,8,338,,A4,,,,,,,,n12_5A4t_8,338,,gutim,12,
12,52.2,0.0714,144,33,5,339,,A1,,,,,,,,n12_5A1t_0,339,,gutim,12,
12,52.2752,0.0714,144,79,5,340,,G5,,,,,,,,n12_5G5t,340,,gutim,12,
12,52.3504,0.0714,144,33,5,341,,A1,,,,,,,,n12_5A1t_1,341,,gutim,12,
12,52.4256,0.1419,144,79,6,342,,G5,,,,,,,,n12_5G5s,342,,gutim,12,
,,,,,,,,,,,,,,,,,,13,,,
13,52.575,0.0714,144,34,6,343,,Bb1,,,,,,,,n13_5Bb1t_0,343,,gutim,13,
13,52.6502,0.0714,144,33,6,344,,A1,,,,,,,,n13_5A1t_0,344,,gutim,13,
13,52.7254,0.0714,144,34,6,345,,Bb1,,,,,,,,n13_5Bb1t_1,345,,gutim,13,
13,52.742,0.1586,144,79,6,346,,G5,,,,,,,,n13_1G5s_0,346,,gutim,13,
13,52.8006,0.1429,144,33,6,347,,A1,,,,,,,,n13_5A1s_0,347,,gutim,13,
13,52.909,0.1586,144,73,7,348,,Db5,,,,,,,,n13_1Db5s_0,348,,gutim,13,
13,52.951,0.0714,144,34,7,349,,Bb1,,,,,,,,n13_5Bb1t_2,349,,gutim,13,
13,53.0262,0.0714,144,33,7,350,,A1,,,,,,,,n13_5A1t_1,350,,gutim,13,
13,53.076,0.2375,144,79,7,351,,G5,,,,,,,,n13_1G5s_1,351,,gutim,13,
13,53.1014,0.0714,144,34,7,352,,Bb1,,,,,,,,n13_5Bb1t_3,352,,gutim,13,
13,53.1766,0.1429,144,33,7,353,,A1,,,,,,,,n13_5A1s_1,353,,gutim,13,
13,53.326,0.1586,144,73,8,354,,Db5,,,,,,,,n13_1Db5s_1,354,,gutim,13,
13,53.327,0.0714,144,34,8,354,,Bb1,,,,,,,,n13_5Bb1t_4,354,,gutim,13,
13,53.4021,0.0714,144,33,8,355,,A1,,,,,,,,n13_5A1t_2,355,,gutim,13,
13,53.4773,0.0714,144,34,8,356,,Bb1,,,,,,,,n13_5Bb1t_5,356,,gutim,13,
13,53.493,0.1586,144,79,8,357,,G5,,,,,,,,n13_1G5s_2,357,,gutim,13,
13,53.5525,0.1429,144,33,8,358,,A1,,,,,,,,n13_5A1s_2,358,,gutim,13,
13,53.66,0.1586,144,73,9,359,,Db5,,,,,,,,n13_1Db5s_2,359,,gutim,13,
13,53.7029,0.0714,144,34,9,360,,Bb1,,,,,,,,n13_5Bb1t_6,360,,gutim,13,
13,53.7781,0.0714,144,33,9,361,,A1,,,,,,,,n13_5A1t_3,361,,gutim,13,
13,53.827,0.2375,144,79,9,362,,G5,,,,,,,,n13_1G5s_3,362,,gutim,13,
13,53.8533,0.0714,144,34,9,363,,Bb1,,,,,,,,n13_5Bb1t_7,363,,gutim,13,
13,53.9285,0.1429,144,33,9,364,,A1,,,,,,,,n13_5A1s_3,364,,gutim,13,
13,54.077,0.1586,144,73,14,365,,Db5,,,,,,,,n13_1Db5s_3,365,,gutim,13,
13,54.0789,0.0714,144,34,14,366,,Bb1,,,,,,,,n13_5Bb1t_8,366,,gutim,13,
13,54.1541,0.0714,144,33,14,367,,A1,,,,,,,,n13_5A1t_4,367,,gutim,13,
13,54.2293,0.0714,144,34,14,368,,Bb1,,,,,,,,n13_5Bb1t_9,368,,gutim,13,
13,54.2439,0.1586,144,79,14,369,,G5,,,,,,,,n13_1G5s_4,369,,gutim,13,
13,54.3045,0.1429,144,33,14,370,,A1,,,,,,,,n13_5A1s_4,370,,gutim,13,
13,54.4109,0.1586,144,73,14,371,,Db5,,,,,,,,n13_1Db5s_4,371,,gutim,13,
13,54.4549,0.0714,144,34,14,372,,Bb1,,,,,,,,n13_5Bb1t_10,372,,gutim,13,
13,54.5301,0.0714,144,33,14,373,,A1,,,,,,,,n13_5A1t_5,373,,gutim,13,
13,54.5779,0.2375,144,79,14,374,,G5,,,,,,,,n13_1G5s_5,374,,gutim,13,
13,54.6053,0.0714,144,34,14,375,,Bb1,,,,,,,,n13_5Bb1t_11,375,,gutim,13,
13,54.6805,0.1429,144,33,14,376,,A1,,,,,,,,n13_5A1s_5,376,,gutim,13,
13,54.8279,0.1586,144,73,14,377,,Db5,,,,,,,,n13_1Db5s_5,377,,gutim,13,
13,54.8309,0.0714,144,34,14,377,,Bb1,,,,,,,,n13_5Bb1t_12,377,,gutim,13,
13,54.9061,0.0714,144,33,14,378,,A1,,,,,,,,n13_5A1t_6,378,,gutim,13,
13,54.9813,0.0714,144,34,14,379,,Bb1,,,,,,,,n13_5Bb1t_13,379,,gutim,13,
13,54.9949,0.1586,144,79,14,380,,G5,,,,,,,,n13_1G5s_6,380,,gutim,13,
13,55.0564,0.1429,144,33,14,381,,A1,,,,,,,,n13_5A1s_6,381,,gutim,13,
13,55.1619,0.1586,144,73,14,382,,Db5,,,,,,,,n13_1Db5s_6,382,,gutim,13,
13,55.2068,0.0714,144,34,14,383,,Bb1,,,,,,,,n13_5Bb1t_14,383,,gutim,13,
13,55.282,0.0714,144,33,14,384,,A1,,,,,,,,n13_5A1t_7,384,,gutim,13,
13,55.3289,0.2338,144,79,14,385,,G5,,,,,,,,n13_1G5s_7,385,,gutim,13,
13,55.3572,0.0714,144,34,14,386,,Bb1,,,,,,,,n13_5Bb1t_15,386,,gutim,13,
13,55.4324,0.1429,144,33,14,387,,A1,,,,,,,,n13_5A1s_7,387,,gutim,13,
,,,,,,,7009,,,,,,,,,,,,gutim,,
,,,,,,,,,,,,,,,,,,18,,,
18,74.7694,0.1481,144,59,8,388,,B3,,,,,,,,n18_1B3e,388,,gutim,18,
18,74.7694,1.6296,144,46,14,388,,Bb2,,,,,,,,n18_5Bb2h,388,,gutim,18,
18,74.7694,1.6296,144,52,14,388,,E3,,,,,,,,n18_5E3h,388,,gutim,18,
18,75.1398,0.1481,144,89,8,389,,F6,,,,,,,,n18_1F6e,389,,gutim,18,
18,75.1398,0.1481,144,106,8,389,,Bb7,,,,,,,,n18_1Bb7e,389,,gutim,18,
18,75.325,0.1481,144,78,8,390,,F#5,,,,,,,,n18_1Fs5e_0,390,,gutim,18,
18,75.5102,0.1481,144,47,8,391,,B2,,,,,,,,n18_1B2e,391,,gutim,18,
18,75.6954,0.0741,144,63,14,392,,Eb4,,,,,,,,n18_1Eb4s,392,,gutim,18,
18,75.6954,0.1481,144,68,14,392,,Ab4,,,,,,,,n18_1Ab4s_0,392,,gutim,18,
18,75.788,0.0741,144,65,15,393,,F4,,,,,,,,n18_1F4s,393,,gutim,18,
18,75.8806,0.1481,144,37,17,394,,C#2,,,,,,,,n18_1Cs2e,394,,gutim,18,
18,75.8806,0.1481,144,45,17,394,,A2,,,,,,,,n18_1A2e,394,,gutim,18,
18,75.8806,0.1481,144,48,17,394,,C3,,,,,,,,n18_1C3e,394,,gutim,18,
18,76.0657,0.0741,144,35,8,395,,B1,,,,,,,,n18_1B1s,395,,gutim,18,
18,76.1583,0.0741,144,50,9,396,,D3,,,,,,,,n18_1D3s,396,,gutim,18,
18,76.2509,0.4444,144,69,11,397,,A4,,,,,,,,n18_1A4e,397,,gutim,18,
18,76.8065,0.0741,144,69,8,398,,A4,,,,,,,,n18_1A4s_0,398,,gutim,18,
18,76.8065,0.5185,144,73,8,398,,C#5,,,,,,,,n18_1Cs5s_0,398,,gutim,18,
18,76.8065,0.5185,144,49,14,398,,C#3,,,,,,,,n18_5Cs3e_0,398,,gutim,18,
18,76.8991,0.0741,144,54,8,399,,F#3,,,,,,,,n18_1Fs3s,399,,gutim,18,
18,76.9917,0.0741,144,68,7,400,,G#4,,,,,,,,n18_1Gs4s_0,400,,gutim,18,
18,76.9917,0.1481,144,50,14,400,,D3,,,,,,,,n18_5D3e,400,,gutim,18,
18,77.1769,0.0741,144,69,5,401,,A4,,,,,,,,n18_1A4s_1,401,,gutim,18,
18,77.2694,0.1481,144,76,9,402,,E5,,,,,,,,n18_1E5e,402,,gutim,18,
18,77.2694,0.1481,144,78,9,402,,F#5,,,,,,,,n18_1Fs5e_1,402,,gutim,18,
18,77.4546,0.2963,144,68,5,403,,G#4,,,,,,,,n18_1Gs4s_1,403,,gutim,18,
18,77.4546,0.0741,144,101,17,403,,F7,,,,,,,,n18_1F7s,403,,gutim,18,
18,77.4546,0.6296,144,53,14,403,,F3,,,,,,,,n18_5F3s,403,,gutim,18,
,,,,,,,,,,,,,,,,,,19,,,
19,77.825,0.3333,144,38,14,404,,D2,,,,,,,,n19_5D2e,404,,gutim,19,
,,,,,,,,,,,,,,,,,,20,,,
20,78.2417,3.0476,144,62,14,405,,D4,,,,,,,,n20_1D4w,405,,gutim,20,
20,78.2417,3.0476,144,76,14,405,,E5,,,,,,,,n20_1E5w,405,,gutim,20,
20,78.2417,3.0476,144,35,14,405,,B1,,,,,,,,n20_6B1w,405,,gutim,20,
20,78.2417,3.0476,144,47,14,405,,B2,,,,,,,,n20_6B2w,405,,gutim,20,
20,78.2417,3.0476,144,48,14,405,,C3,,,,,,,,n20_6C3w,405,,gutim,20,
,,,,,,,,,,,,,,,,,,21,,,
21,86.206,1.2,144,62,5,406,,D4,,,,,,,,n21_1D4h,406,,gutim,21,
21,86.206,1.2,144,76,11,406,,E5,,,,,,,,n21_1E5h,406,,gutim,21,
21,86.206,1.2,144,35,8,406,,B1,,,,,,,,n21_5B1h,406,,gutim,21,
21,86.206,1.2,144,47,8,406,,B2,,,,,,,,n21_5B2h,406,,gutim,21,
21,86.206,1.2,144,48,8,406,,C3,,,,,,,,n21_5C3h,406,,gutim,21,
21,86.5058,0.4805,144,33,17,407,,A1,,,,,,,,n21_6A1e,407,,gutim,21,
21,87.1063,0.4797,144,86,14,408,,D6,,,,,,,,n21_2D6q,408,,gutim,21,
21,87.1063,0.4797,144,91,20,408,,G6,,,,,,,,n21_2G6q,408,,gutim,21,
21,87.1063,0.4797,144,24,8,408,,C1,,,,,,,,n21_6C1q,408,,gutim,21,
21,87.556,0.06,144,57,8,409,,A3,g,,,,,,,ng21_5A3e,409,,gutim,21,
21,87.631,0.06,144,50,11,410,,D3,g,,,,,,,ng21_5D3e,410,,gutim,21,
21,87.706,0.8,144,37,20,411,,Db2,,,,,,,,n21_5Db2q,411,,gutim,21,
21,87.706,3.6,144,34,24,411,,Bb1,,,,,,,,n21_6Bb1w,411,,gutim,21,
21,88.456,0.2,144,34,14,412,,Bb1,,,,,,,,n21_5Bb1e,412,,gutim,21,
21,88.456,0.2,144,46,14,412,,Bb2,,,,,,,,n21_5Bb2e,412,,gutim,21,
21,88.706,0.2,144,94,17,413,,Bb6,,,,,,,,n21_2Bb6e,413,,gutim,21,
21,88.706,0.2,144,35,15,413,,B1,,,,,,,,n21_5B1e,413,,gutim,21,
21,88.956,0.5,144,89,16,414,,F6,,,,,,,,n21_2F6e_0,414,,gutim,21,
21,89.581,2.1,144,69,14,415,,A4,,,,,,,,n21_2A4e,415,,gutim,21,
21,90.706,1.2,144,56,14,416,,Ab3,,,,,,,,n21_5Ab3h,416,,gutim,21,
,,,,,,,,,,,,,,,,,,22,,,
22,92.206,1.2,144,69,14,417,,A4,,,,,,,,n22_2A4h,417,,gutim,22,
22,92.206,0.6,144,56,11,417,,Ab3,,,,,,,,n22_5Ab3q,417,,gutim,22,
22,92.206,9.6,144,34,14,417,,Bb1,,,,,,,,n22_6Bb1b,417,,gutim,22,
22,92.956,1.425,144,76,11,418,,E5,,,,,,,,n22_1E5h,418,,gutim,22,
22,92.956,0.7125,144,66,11,418,,F#4,,,,,,,,n22_5Fs4q,418,,gutim,22,
22,93.706,3.6,144,25,17,419,,C#1,,,,,,,,n22_2Cs1w,419,,gutim,22,
22,93.706,0.7125,144,35,17,419,,B1,,,,,,,,n22_5B1q,419,,gutim,22,
22,94.456,0.3562,144,26,17,420,,D1,,,,,,,,n22_1D1e,420,,gutim,22,
22,94.456,0.6,144,54,10,420,,F#3,,,,,,,,n22_5Fs3q,420,,gutim,22,
22,94.831,0.3,144,82,8,421,,Bb5,,,,,,,,n22_1Bb5e,421,,gutim,22,
22,96.331,0.9,144,81,8,422,,A5,,,,,,,,n22_1A5q,422,,gutim,22,
22,97.306,0.0712,144,66,7,423,,F#4,g,,,,,,,ng22_1Fs4e_0,423,,gutim,22,
22,97.306,0.0712,144,78,7,423,,F#5,g,,,,,,,ng22_1Fs5e,423,,gutim,22,
22,97.381,0.0712,144,68,7,424,,G#4,g,,,,,,,ng22_1Gs4e,424,,gutim,22,
22,97.456,1.5,144,47,11,425,,B2,,,,,,,,n22_5B2q,425,,gutim,22,
,,,,,,,,,,,,,,,,,,23,,,
23,99.331,0.9,144,94,4,426,,Bb6,,,,,,,,n23_1Bb6q,426,,gutim,23,
23,101.206,2.4,144,73,14,427,,C#5,,,,,,,,n23_2Cs5w,427,,gutim,23,
23,101.206,0.8,144,58,14,427,,A#3,,,,,,,,n23_5As3q,427,,gutim,23,
23,101.456,0.4,144,76,14,428,,E5,,,,,,,,n23_1E5q,428,,gutim,23,
23,102.206,0.4,144,97,14,429,,C#7,,,,,,,,n23_1Cs7q,429,,gutim,23,
23,102.206,0.4,144,30,14,429,,F#1,,,,,,,,n23_5Fs1q,429,,gutim,23,
23,103.206,0.8,144,55,14,430,,G3,,,,,,,,n23_5G3h,430,,gutim,23,
,,,,,,,,,,,,,,,,,,24,,,
24,104.206,0.6,144,46,14,431,,Bb2,,,,,,,,n24_5Bb2e_0,431,,gutim,24,
24,104.206,1.5,144,32,14,431,,G#1,,,,,,,,n24_6Gs1h,431,,gutim,24,
24,104.206,1.5,144,42,14,431,,F#2,,,,,,,,n24_6Fs2h,431,,gutim,24,
24,104.581,0.1875,144,38,14,432,,D2,,,,,,,,n24_1D2e,432,,gutim,24,
24,104.581,0.6,144,50,14,432,,D3,,,,,,,,n24_5D3e_0,432,,gutim,24,
24,104.956,0.6,144,30,14,433,,F#1,,,,,,,,n24_1Fs1q,433,,gutim,24,
24,105.706,1.2,144,64,14,434,,E4,,,,,,,,n24_1E4h,434,,gutim,24,
24,106.081,0.1875,144,49,14,435,,C#3,,,,,,,,n24_6Cs3e,435,,gutim,24,
24,106.456,0.3,144,66,14,436,,F#4,,,,,,,,n24_2Fs4e_0,436,,gutim,24,
24,106.456,0.6,144,43,14,436,,G2,,,,,,,,n24_6G2q,436,,gutim,24,
24,106.831,0.15,144,75,14,437,,Eb5,,,,,,,,n24_2Eb5s,437,,gutim,24,
24,107.0185,0.15,144,101,14,438,,F7,,,,,,,,n24_2F7s,438,,gutim,24,
24,107.206,0.2,144,98,14,439,,D7,,,,,,,,n24_2D7e,439,,gutim,24,
24,107.456,0.3,144,66,14,440,,F#4,,,,,,,,n24_2Fs4e_1,440,,gutim,24,
24,107.831,0.2,144,47,14,441,,B2,,,,,,,,n24_6B2s_0,441,,gutim,24,
24,108.081,0.2,144,56,14,442,,G#3,,,,,,,,n24_6Gs3e,442,,gutim,24,
24,108.331,0.2,144,38,14,443,,D2,,,,,,,,n24_6D2e,443,,gutim,24,
24,108.581,0.1,144,82,14,444,,Bb5,,,,,,,,n24_6Bb5s,444,,gutim,24,
,,,,,,,7014,,,,,,,,,,,,gutim,,
,,,,,,,,,,,,,,,,,,25,,,
25,110.3726,1.7778,144,66,11,445,,F#4,,,,,,,,n25_1Fs4w,445,,gutim,25,
25,110.3726,1.7778,144,92,11,445,,G#6,,,,,,,,n25_1Gs6w,445,,gutim,25,
25,110.3726,1.7778,144,100,11,445,,E7,,,,,,,,n25_1E7w,445,,gutim,25,
25,110.3726,1.7778,144,64,14,445,,E4,,,,,,,,n25_5E4w,445,,gutim,25,
25,110.3726,1.7778,144,70,14,445,,Bb4,,,,,,,,n25_5Bb4w,445,,gutim,25,
25,113.1504,0.1586,144,93,8,446,,A6,,,,,,,,n25_5A6s,446,,gutim,25,
25,113.3174,0.0789,144,85,7,447,,C#6,,,,,,,,n25_5Cs6t_0,447,,gutim,25,
25,113.4004,0.0789,144,86,7,448,,D6,,,,,,,,n25_5D6t_0,448,,gutim,25,
25,113.4834,0.0789,144,83,7,449,,B5,,,,,,,,n25_5B5t_0,449,,gutim,25,
25,113.5664,0.0789,144,86,6,450,,D6,,,,,,,,n25_5D6t_1,450,,gutim,25,
25,113.6494,0.0789,144,83,6,451,,B5,,,,,,,,n25_5B5t_1,451,,gutim,25,
25,113.7324,0.0789,144,86,5,452,,D6,,,,,,,,n25_5D6t_2,452,,gutim,25,
25,113.8154,0.0789,144,101,5,453,,F7,,,,,,,,n25_5F7t,453,,gutim,25,
25,113.9004,0.2848,144,69,14,454,,A4,,,,,,,,n25_1A4e,454,,gutim,25,
25,113.9004,0.2398,144,75,14,454,,Eb5,,,,,,,,n25_1Eb5e,454,,gutim,25,
25,114.1484,0.0789,144,85,5,455,,C#6,,,,,,,,n25_5Cs6t_1,455,,gutim,25,
25,114.2002,0.1429,144,101,5,456,,F7,,,,,,,,n25_1F7s_0,456,,gutim,25,
25,114.2315,0.0789,144,86,5,457,,D6,,,,,,,,n25_5D6t_3,457,,gutim,25,
25,114.3145,0.0789,144,83,5,458,,B5,,,,,,,,n25_5B5t_2,458,,gutim,25,
25,114.3506,0.1429,144,93,5,459,,A6,,,,,,,,n25_1A6s,459,,gutim,25,
25,114.3975,0.0789,144,85,5,460,,C#6,,,,,,,,n25_5Cs6t_2,460,,gutim,25,
25,114.4805,0.0789,144,83,5,461,,B5,,,,,,,,n25_5B5t_3,461,,gutim,25,
25,114.501,0.1419,144,101,5,462,,F7,,,,,,,,n25_1F7s_1,462,,gutim,25,
25,114.5635,0.0826,144,86,5,463,,D6,,,,,,,,n25_5D6t_4,463,,gutim,25,
,,,,,,,,,,,,,,,,,,26,,,
26,114.6504,0.0789,144,85,5,464,,C#6,,,,,,,,n26_5Cs6t_0,464,,gutim,26,
26,114.7334,0.0789,144,86,5,465,,D6,,,,,,,,n26_5D6t_0,465,,gutim,26,
26,114.7998,0.1429,144,93,5,466,,A6,,,,,,,,n26_1A6s_0,466,,gutim,26,
26,114.8164,0.0789,144,83,5,467,,B5,,,,,,,,n26_5B5t_0,467,,gutim,26,
26,114.8994,0.0789,144,85,5,468,,C#6,,,,,,,,n26_5Cs6t_1,468,,gutim,26,
26,114.9502,0.1429,144,101,5,469,,F7,,,,,,,,n26_1F7s_0,469,,gutim,26,
26,114.9824,0.0789,144,83,5,470,,B5,,,,,,,,n26_5B5t_1,470,,gutim,26,
26,115.0654,0.0789,144,86,5,471,,D6,,,,,,,,n26_5D6t_1,471,,gutim,26,
26,115.1006,0.1429,144,93,5,472,,A6,,,,,,,,n26_1A6s_1,472,,gutim,26,
26,115.1484,0.0789,144,85,5,473,,C#6,,,,,,,,n26_5Cs6t_2,473,,gutim,26,
26,115.2315,0.0789,144,83,5,474,,B5,,,,,,,,n26_5B5t_2,474,,gutim,26,
26,115.251,0.1419,144,101,5,475,,F7,,,,,,,,n26_1F7s_1,475,,gutim,26,
26,115.3145,0.0816,144,86,5,476,,D6,,,,,,,,n26_5D6t_2,476,,gutim,26,
,,,,,,,7015,,,,,,,,,,,,gutim,,
26,115.4004,0.6051,144,66,8,477,,F#4,,,,,,,,n26_1Fs4q,477,,gutim,26,
26,115.4004,0.6051,144,92,8,477,,G#6,,,,,,,,n26_1Gs6q,477,,gutim,26,
26,115.4004,0.6051,144,101,8,477,,F7,,,,,,,,n26_1F7q,477,,gutim,26,
26,115.4004,0.6051,144,64,14,477,,E4,,,,,,,,n26_5E4q_0,477,,gutim,26,
26,115.4004,0.6051,144,70,14,477,,Bb4,,,,,,,,n26_5Bb4q_0,477,,gutim,26,
26,115.5883,0.1073,144,93,8,478,,A6,,,,,,,,n26_2A6t,478,,gutim,26,
26,115.7012,0.072,144,85,8,479,,C#6,,,,,,,,n26_2Cs6t,479,,gutim,26,
26,115.777,0.0721,144,86,8,480,,D6,,,,,,,,n26_2D6t_0,480,,gutim,26,
26,115.8529,0.1079,144,83,8,481,,B5,,,,,,,,n26_2B5t,481,,gutim,26,
26,115.9664,0.1082,144,86,8,482,,D6,,,,,,,,n26_2D6t_1,482,,gutim,26,
26,116.0803,0.0726,144,101,8,483,,F7,,,,,,,,n26_2F7t,483,,gutim,26,
26,116.1567,0.1086,144,73,8,484,,C#5,,,,,,,,n26_1Cs5t_0,484,,gutim,26,
26,116.1567,0.7308,144,69,14,484,,A4,,,,,,,,n26_5A4q,484,,gutim,26,
26,116.1567,0.6154,144,75,14,484,,Eb5,,,,,,,,n26_5Eb5q,484,,gutim,26,
26,116.2701,0.1089,144,71,8,485,,B4,,,,,,,,n26_1B4t_0,485,,gutim,26,
26,116.3847,0.1092,144,86,8,486,,D6,,,,,,,,n26_1D6t,486,,gutim,26,
26,116.4997,0.0733,144,101,9,487,,F7,,,,,,,,n26_1F7t_0,487,,gutim,26,
26,116.5768,0.1097,144,93,9,488,,A6,,,,,,,,n26_1A6t,488,,gutim,26,
26,116.6922,0.1099,144,73,9,489,,C#5,,,,,,,,n26_1Cs5t_1,489,,gutim,26,
26,116.8079,0.0738,144,71,9,490,,B4,,,,,,,,n26_1B4t_1,490,,gutim,26,
26,116.8856,0.1104,144,81,10,491,,A5,,,,,,,,n26_1A5x,491,,gutim,26,
26,117.0018,0.1107,144,61,10,492,,C#4,,,,,,,,n26_1Cs4t,492,,gutim,26,
26,117.1183,0.111,144,59,10,493,,B3,,,,,,,,n26_1B3t_0,493,,gutim,26,
26,117.2351,0.0745,144,74,10,494,,D5,,,,,,,,n26_1D5t_0,494,,gutim,26,
26,117.3135,0.1115,144,59,10,495,,B3,,,,,,,,n26_1B3t_1,495,,gutim,26,
26,117.4309,0.1118,144,74,11,496,,D5,,,,,,,,n26_1D5t_1,496,,gutim,26,
26,117.5485,0.075,144,101,11,497,,F7,,,,,,,,n26_1F7t_1,497,,gutim,26,
26,117.6275,0.1504,144,69,11,498,,A4,,,,,,,,n26_1A4t_0,498,,gutim,26,
26,117.7858,0.1126,144,49,8,499,,C#3,,,,,,,,n26_1Cs3t,499,,gutim,26,
26,117.9043,0.1129,144,62,8,500,,D4,,,,,,,,n26_1D4t,500,,gutim,26,
26,118.0232,0.1517,144,47,8,501,,B2,,,,,,,,n26_1B2s,501,,gutim,26,
26,118.1829,0.1523,144,62,8,502,,D4,,,,,,,,n26_1D4s,502,,gutim,26,
26,118.3432,0.1528,144,89,8,503,,F6,,,,,,,,n26_1F6s,503,,gutim,26,
26,118.504,0.1274,144,69,14,504,,A4,,,,,,,,n26_1A4s,504,,gutim,26,
26,118.504,0.1274,144,75,14,504,,Eb5,,,,,,,,n26_1Eb5s,504,,gutim,26,
26,118.6382,0.1278,144,54,14,505,,Gb3,,,,,,,,n26_1Gb3s,505,,gutim,26,
26,118.7727,0.1282,144,77,14,506,,F5,,,,,,,,n26_1F5s,506,,gutim,26,
26,118.9076,0.2575,144,61,14,507,,Db4,,,,,,,,n26_1Db4e,507,,gutim,26,
26,119.1787,0.0646,144,69,17,508,,A4,,,,,,,,n26_1A4t_2,508,,gutim,26,
26,119.1787,0.0646,144,75,17,508,,Eb5,,,,,,,,n26_1Eb5t_0,508,,gutim,26,
26,119.1787,0.0646,144,77,17,508,,F5,,,,,,,,n26_1F5t_0,508,,gutim,26,
26,119.2467,0.0647,144,54,18,509,,Gb3,,,,,,,,n26_1Gb3t_0,509,,gutim,26,
26,119.3148,0.0648,144,69,19,510,,A4,,,,,,,,n26_1A4t_3,510,,gutim,26,
26,119.3148,0.0648,144,75,19,510,,Eb5,,,,,,,,n26_1Eb5t_1,510,,gutim,26,
26,119.3148,0.0648,144,77,19,510,,F5,,,,,,,,n26_1F5t_1,510,,gutim,26,
26,119.3831,0.0649,144,61,19,511,,Db4,,,,,,,,n26_1Db4t_0,511,,gutim,26,
26,119.4514,0.0976,144,69,20,512,,A4,,,,,,,,n26_1A4t_4,512,,gutim,26,
26,119.4514,0.0976,144,75,20,512,,Eb5,,,,,,,,n26_1Eb5t_2,512,,gutim,26,
26,119.4514,0.0976,144,77,20,512,,F5,,,,,,,,n26_1F5t_2,512,,gutim,26,
26,119.5541,0.0978,144,61,20,513,,Db4,,,,,,,,n26_1Db4t_1,513,,gutim,26,
26,119.657,0.0653,144,54,20,514,,Gb3,,,,,,,,n26_1Gb3t_1,514,,gutim,26,
26,120.1416,0.6729,144,64,14,515,,E4,,,,,,,,n26_5E4q_1,515,,gutim,26,
26,120.1416,0.6729,144,70,14,515,,Bb4,,,,,,,,n26_5Bb4q_1,515,,gutim,26,
26,120.1416,0.6729,144,84,14,515,,C6,,,,,,,,n26_5C6q,515,,gutim,26,
,,,,,,,,,,,,,,,,,,27,,,
27,121.1955,0.0854,144,75,20,516,,Eb5,,,,,,,,n27_1Eb5t_0,516,,gutim,27,
27,121.3023,0.0856,144,57,20,517,,A3,,,,,,,,n27_1A3t_0,517,,gutim,27,
27,121.4093,0.0572,144,42,20,518,,Gb2,,,,,,,,n27_1Gb2t_0,518,,gutim,27,
27,121.4808,0.0573,144,57,20,519,,A3,,,,,,,,n27_1A3t_1,519,,gutim,27,
27,121.4808,0.0573,144,75,20,519,,Eb5,,,,,,,,n27_1Eb5t_1,519,,gutim,27,
27,121.4808,0.0573,144,77,20,519,,F5,,,,,,,,n27_1F5t,519,,gutim,27,
27,121.5524,0.0574,144,42,20,520,,Gb2,,,,,,,,n27_1Gb2t_1,520,,gutim,27,
27,121.6241,0.0862,144,49,20,521,,Db3,,,,,,,,n27_1Db3t,521,,gutim,27,
27,121.7319,0.0864,144,42,20,522,,Gb2,,,,,,,,n27_1Gb2t_2,522,,gutim,27,
27,121.8399,0.2315,144,64,17,523,,E4,,,,,,,,n27_1E4e,523,,gutim,27,
27,121.8399,0.2315,144,70,17,523,,Bb4,,,,,,,,n27_1Bb4e,523,,gutim,27,
27,121.8399,0.2315,144,84,17,523,,C6,,,,,,,,n27_1C6e,523,,gutim,27,
27,122.1293,0.3501,144,56,18,524,,G#3,,,,,,,,n27_1Gs3e,524,,gutim,27,
27,122.5669,2.2999,144,64,20,525,,E4,,,,,,,,n27_1E4s,525,,gutim,27,
27,122.5669,2.2999,144,70,20,525,,Bb4,,,,,,,,n27_1Bb4s,525,,gutim,27,
27,122.5669,2.2999,144,84,20,525,,C6,,,,,,,,n27_1C6s,525,,gutim,27,
27,122.5669,2.2999,144,97,20,525,,Db7,,,,,,,,n27_1Db7s,525,,gutim,27,
27,122.9349,0.1263,144,69,14,526,,A4,,,,,,,,n27_5A4t_0,526,,gutim,27,
27,123.0678,0.0848,144,49,14,527,,C#3,,,,,,,,n27_5Cs3t,527,,gutim,27,
27,123.1571,0.085,144,50,13,528,,D3,,,,,,,,n27_5D3t_0,528,,gutim,27,
27,123.2465,0.1272,144,47,13,529,,B2,,,,,,,,n27_5B2t,529,,gutim,27,
27,123.3804,0.1276,144,50,13,530,,D3,,,,,,,,n27_5D3t_1,530,,gutim,27,
27,123.5147,0.0856,144,77,13,531,,F5,,,,,,,,n27_5F5t,531,,gutim,27,
27,123.6049,0.1282,144,37,12,532,,C#2,,,,,,,,n27_5Cs2t_0,532,,gutim,27,
27,123.6049,0.1282,144,69,12,532,,A4,,,,,,,,n27_5A4t_1,532,,gutim,27,
27,123.7398,0.1286,144,35,12,533,,B1,,,,,,,,n27_5B1t_0,533,,gutim,27,
27,123.8752,0.129,144,50,12,534,,D3,,,,,,,,n27_5D3t_2,534,,gutim,27,
27,124.011,0.0866,144,35,11,535,,B1,,,,,,,,n27_5B1t_1,535,,gutim,27,
27,124.011,0.0866,144,37,11,535,,C#2,,,,,,,,n27_5Cs2t_1,535,,gutim,27,
27,124.011,0.0866,144,65,11,535,,F4,,,,,,,,n27_5F4t,535,,gutim,27,
27,124.1021,0.1296,144,57,11,536,,A3,,,,,,,,n27_5A3t,536,,gutim,27,
27,124.2386,0.13,144,37,11,537,,C#2,,,,,,,,n27_5Cs2t_2,537,,gutim,27,
27,124.3755,0.0873,144,35,11,538,,B1,,,,,,,,n27_5B1t_2,538,,gutim,27,
27,124.4674,0.1307,144,45,10,539,,A2,,,,,,,,n27_5A2x,539,,gutim,27,
27,124.605,0.1311,144,25,10,540,,C#1,,,,,,,,n27_5Cs1t_0,540,,gutim,27,
27,124.743,0.1315,144,23,10,541,,B0,,,,,,,,n27_5B0t_0,541,,gutim,27,
27,124.8814,0.0883,144,38,9,542,,D2,,,,,,,,n27_5D2t_0,542,,gutim,27,
27,124.9743,0.1322,144,23,9,543,,B0,,,,,,,,n27_5B0t_1,543,,gutim,27,
27,125.1135,0.1326,144,38,9,544,,D2,,,,,,,,n27_5D2t_1,544,,gutim,27,
27,125.253,0.089,144,53,9,545,,F3,,,,,,,,n27_5F3t,545,,gutim,27,
27,125.3467,0.1786,144,33,8,546,,A1,,,,,,,,n27_5A1t_0,546,,gutim,27,
27,125.5347,0.1338,144,25,8,547,,C#1,,,,,,,,n27_5Cs1t_1,547,,gutim,27,
27,125.6756,0.1343,144,26,8,548,,D1,,,,,,,,n27_5D1t,548,,gutim,27,
27,125.817,0.1805,144,23,8,549,,B0,,,,,,,,n27_5B0s_0,549,,gutim,27,
27,126.0069,0.1812,144,26,8,550,,D1,,,,,,,,n27_5D1s_0,550,,gutim,27,
27,126.1977,0.182,144,41,8,551,,F2,,,,,,,,n27_5F2s_0,551,,gutim,27,
27,126.3893,0.2733,144,23,8,552,,B0,,,,,,,,n27_5B0s_1,552,,gutim,27,
27,126.3893,0.2733,144,25,8,552,,C#1,,,,,,,,n27_5Cs1s,552,,gutim,27,
27,126.3893,0.2733,144,33,8,552,,A1,,,,,,,,n27_5A1s,552,,gutim,27,
27,126.6769,0.184,144,26,8,553,,D1,,,,,,,,n27_5D1s_1,553,,gutim,27,
27,126.8705,0.1847,144,41,8,554,,F2,,,,,,,,n27_5F2s_1,554,,gutim,27,
27,127.1131,0.1157,144,34,14,555,,Bb1,,,,,,,,n27_1Bb1t_0,555,,gutim,27,
27,127.2349,0.116,144,41,13,556,,F2,,,,,,,,n27_1F2t,556,,gutim,27,
27,127.357,0.3499,144,61,12,557,,Db4,,,,,,,,n27_1Db4s,557,,gutim,27,
27,127.7254,0.1173,144,34,10,558,,Bb1,,,,,,,,n27_1Bb1t_1,558,,gutim,27,
27,127.7254,0.1173,144,53,10,558,,F3,,,,,,,,n27_1F3t,558,,gutim,27,
27,127.8488,0.1176,144,61,9,559,,Db4,,,,,,,,n27_1Db4t,559,,gutim,27,
27,127.9726,0.3548,144,34,8,560,,Bb1,,,,,,,,n27_1Bb1s,560,,gutim,27,
,,,,,,,,,,,,,,,,,,28,,,
28,128.3461,3.2,144,73,8,561,,Db5,,,,,,,,n28_1Db5w,561,,gutim,28,
,,,,,,,7017,,,,,,,,,,,,gutim,,
,,,,,,,,,,,,,,,,,,30,,,
30,138.7032,1.1281,144,75,14,562,,Eb5,,,,,,,,n30_1Eb5h,562,,gutim,30,
30,138.7032,0.6667,144,81,14,562,,A5,,,,,,,,n30_2A5h,562,,gutim,30,
30,138.7032,0.1562,144,68,5,562,,Ab4,,,,,,,,n30_5Ab4e,562,,gutim,30,
30,139.0157,0.1562,144,50,6,563,,D3,,,,,,,,n30_5D3e,563,,gutim,30,
30,139.3282,0.5938,144,78,8,564,,F#5,,,,,,,,n30_5Fs5q,564,,gutim,30,
30,139.4064,0.0625,144,33,22,565,,A1,,,,,,,,n30_6A1t_0,565,,gutim,30,
30,139.4845,0.25,144,67,22,566,,G4,,,,,,,,n30_6G4e,566,,gutim,30,
30,139.5366,0.3333,144,62,14,567,,D4,,,,,,,,n30_2D4q,567,,gutim,30,
30,139.797,0.0625,144,33,8,568,,A1,,,,,,,,n30_6A1t_1,568,,gutim,30,
30,139.8751,0.0625,144,67,8,569,,G4,,,,,,,,n30_6G4t,569,,gutim,30,
30,139.9532,0.5938,144,77,14,570,,F5,,,,,,,,n30_1F5q,570,,gutim,30,
30,139.9532,0.0521,144,47,8,570,,B2,,,,,,,,n30_2B2s,570,,gutim,30,
30,139.9532,1.1875,144,40,8,570,,E2,,,,,,,,n30_5E2h,570,,gutim,30,
30,139.9532,1.0,144,34,8,570,,Bb1,,,,,,,,n30_6Bb1h,570,,gutim,30,
30,140.0574,0.0521,144,94,11,571,,Bb6,,,,,,,,n30_2Bb6s,571,,gutim,30,
30,140.3699,0.1667,144,101,8,572,,F7,,,,,,,,n30_2F7e,572,,gutim,30,
30,140.5782,0.2969,144,75,7,573,,Eb5,,,,,,,,n30_1Eb5e,573,,gutim,30,
30,140.5782,0.5,144,78,5,573,,F#5,,,,,,,,n30_2Fs5q,573,,gutim,30,
30,141.0532,0.06,144,59,7,574,,B3,g,,,,,,,ng30_1B3e,574,,gutim,30,
30,141.1282,0.06,144,68,7,575,,G#4,g,,,,,,,ng30_1Gs4e,575,,gutim,30,
,,,,,,,,,,,,,,,,,,31,,,
31,147.9381,0.6,144,69,8,576,,A4,,,,,,,,n31_1A4q,576,,gutim,31,
31,147.9381,0.6,144,82,8,576,,Bb5,,,,,,,,n31_1Bb5q_0,576,,gutim,31,
31,147.9381,0.1187,144,37,8,576,,C#2,,,,,,,,n31_5Cs2s_0,576,,gutim,31,
31,147.9381,0.4203,144,24,8,576,,C1,,,,,,,,n31_6C1e,576,,gutim,31,
31,148.0631,0.1187,144,35,8,577,,B1,,,,,,,,n31_5B1s_0,577,,gutim,31,
31,148.1881,0.1187,144,37,8,578,,C#2,,,,,,,,n31_5Cs2s_1,578,,gutim,31,
31,148.3131,0.1187,144,35,8,579,,B1,,,,,,,,n31_5B1s_1,579,,gutim,31,
31,148.4381,0.2,144,57,8,580,,A3,,,,,,,,n31_5A3e,580,,gutim,31,
31,148.4625,0.0602,144,88,8,581,,E6,,,,,,,,n31_6E6t_0,581,,gutim,31,
31,148.5377,0.0602,144,24,8,582,,C1,,,,,,,,n31_6C1t,582,,gutim,31,
31,148.6129,0.4203,144,88,8,583,,E6,,,,,,,,n31_6E6t_1,583,,gutim,31,
31,148.6881,0.6,144,82,8,584,,Bb5,,,,,,,,n31_1Bb5q_1,584,,gutim,31,
31,149.1383,0.0714,144,81,8,585,,A5,,,,,,,,n31_6A5t_0,585,,gutim,31,
31,149.2134,0.0714,144,54,8,586,,F#3,,,,,,,,n31_6Fs3t,586,,gutim,31,
31,149.2886,0.1429,144,80,8,587,,G#5,,,,,,,,n31_6Gs5s,587,,gutim,31,
31,149.4381,0.6,144,38,8,588,,D2,,,,,,,,n31_1D2q,588,,gutim,31,
31,149.4381,0.6,144,25,8,588,,C#1,,,,,,,,n31_5Cs1q,588,,gutim,31,
31,149.4381,0.0714,144,81,8,588,,A5,,,,,,,,n31_6A5t_1,588,,gutim,31,
31,149.5133,0.0714,144,80,8,589,,G#5,,,,,,,,n31_6Gs5t,589,,gutim,31,
31,149.5884,0.0714,144,36,8,590,,C2,,,,,,,,n31_6C2t_0,590,,gutim,31,
31,149.6636,0.0714,144,69,8,591,,A4,,,,,,,,n31_6A4t_0,591,,gutim,31,
31,149.7388,0.2134,144,76,8,592,,E5,,,,,,,,n31_6E5s,592,,gutim,31,
31,149.9634,0.0714,144,68,8,593,,G#4,,,,,,,,n31_6Gs4t_0,593,,gutim,31,
31,150.0386,0.0714,144,76,8,594,,E5,,,,,,,,n31_6E5t_0,594,,gutim,31,
31,150.1138,0.0714,144,68,8,595,,G#4,,,,,,,,n31_6Gs4t_1,595,,gutim,31,
31,150.1881,0.15,144,38,8,596,,D2,,,,,,,,n31_5D2s,596,,gutim,31,
31,150.1881,0.0714,144,76,8,596,,E5,,,,,,,,n31_6E5t_1,596,,gutim,31,
31,150.2633,0.0714,144,68,8,597,,G#4,,,,,,,,n31_6Gs4t_2,597,,gutim,31,
31,150.3384,0.0714,144,42,8,598,,F#2,,,,,,,,n31_6Fs2t_0,598,,gutim,31,
31,150.4107,0.0714,144,69,8,599,,A4,,,,,,,,n31_6A4t_1,599,,gutim,31,
31,150.4381,0.4,144,77,8,600,,F5,,,,,,,,n31_1F5q,600,,gutim,31,
31,150.4859,0.0714,144,68,8,601,,G#4,,,,,,,,n31_6Gs4t_3,601,,gutim,31,
31,150.5631,0.0891,144,66,8,602,,F#4,,,,,,,,n31_5Fs4t,602,,gutim,31,
31,150.5631,0.0714,144,69,8,602,,A4,,,,,,,,n31_6A4t_2,602,,gutim,31,
31,150.6383,0.0714,144,76,8,603,,E5,,,,,,,,n31_6E5t_2,603,,gutim,31,
31,150.6568,0.0891,144,56,8,604,,G#3,,,,,,,,n31_5Gs3t,604,,gutim,31,
31,150.7125,0.0714,144,68,8,605,,G#4,,,,,,,,n31_6Gs4t_4,605,,gutim,31,
31,150.7506,0.075,144,26,8,606,,D1,,,,,,,,n31_5D1t,606,,gutim,31,
31,150.7857,0.0714,144,42,8,607,,F#2,,,,,,,,n31_6Fs2t_1,607,,gutim,31,
31,150.8619,0.0724,144,57,8,608,,A3,,,,,,,,n31_6A3t,608,,gutim,31,
31,150.9381,0.15,144,62,14,609,,D4,,,,,,,,n31_5D4s,609,,gutim,31,
31,150.9381,0.6,144,24,8,609,,C1,,,,,,,,n31_6C1q,609,,gutim,31,
31,150.9381,0.6,144,52,17,609,,E3,,,,,,,,n31_6E3q,609,,gutim,31,
31,150.9381,0.6,144,59,11,609,,B3,,,,,,,,n31_6B3q,609,,gutim,31,
31,151.1256,0.45,144,36,14,610,,C2,,,,,,,,n31_5C2e,610,,gutim,31,
31,151.2379,0.2398,144,45,14,611,,A2,,,,,,,,n31_1A2e,611,,gutim,31,
31,151.5377,0.1203,144,45,14,612,,A2,,,,,,,,n31_1A2s,612,,gutim,31,
31,151.5377,0.1203,144,79,14,612,,G5,,,,,,,,n31_1G5s,612,,gutim,31,
31,151.6881,0.15,144,46,14,613,,Bb2,,,,,,,,n31_5Bb2s_0,613,,gutim,31,
31,151.8756,0.1,144,73,14,614,,Db5,,,,,,,,n31_5Db5s_0,614,,gutim,31,
31,152.0006,0.1,144,46,14,615,,Bb2,,,,,,,,n31_5Bb2s_1,615,,gutim,31,
31,152.0006,0.1,144,53,14,615,,F3,,,,,,,,n31_5F3s,615,,gutim,31,
31,152.0006,0.1,144,73,14,615,,Db5,,,,,,,,n31_5Db5s_1,615,,gutim,31,
31,152.1256,0.15,144,33,14,616,,A1,,,,,,,,n31_5A1s,616,,gutim,31,
31,152.2256,0.0712,144,81,14,617,,A5,g,,,,,,,ng31_5A5e,617,,gutim,31,
31,152.3006,0.0712,144,74,14,618,,D5,g,,,,,,,ng31_5D5e,618,,gutim,31,
31,152.3756,0.1187,144,79,14,619,,G5,,,,,,,,n31_5G5s,619,,gutim,31,
31,152.5006,0.0891,144,37,14,620,,C#2,,,,,,,,n31_1Cs2t,620,,gutim,31,
31,152.5006,1.2,144,34,14,620,,Bb1,,,,,,,,n31_5Bb1q,620,,gutim,31,
31,152.5943,0.0891,144,35,14,621,,B1,,,,,,,,n31_1B1t,621,,gutim,31,
31,152.6881,0.0891,144,74,14,622,,D5,,,,,,,,n31_1D5t,622,,gutim,31,
31,152.7818,0.0891,144,89,14,623,,F6,,,,,,,,n31_1F6t,623,,gutim,31,
31,153.0631,0.0891,144,62,14,624,,D4,,,,,,,,n31_6D4t,624,,gutim,31,
31,153.1568,0.0445,144,36,14,625,,C2,,,,,,,,n31_6C2t_1,625,,gutim,31,
,,,,,,,,,,,,,,,,,,32,,,
32,153.2506,0.225,144,59,14,626,,B3,,,,,,,,n32_1B3s,626,,gutim,32,
32,153.2506,0.6,144,24,14,626,,C1,,,,,,,,n32_6C1q,626,,gutim,32,
32,153.2506,0.6,144,46,14,626,,Bb2,,,,,,,,n32_6Bb2q,626,,gutim,32,
32,153.2506,0.6,144,52,14,626,,E3,,,,,,,,n32_6E3q,626,,gutim,32,
32,153.5318,0.375,144,82,14,627,,Bb5,,,,,,,,n32_1Bb5t_0,627,,gutim,32,
32,154.0006,0.0891,144,49,14,628,,C#3,,,,,,,,n32_1Cs3t,628,,gutim,32,
32,154.0943,0.0891,144,47,14,629,,B2,,,,,,,,n32_1B2t,629,,gutim,32,
32,154.1881,0.0891,144,74,14,630,,D5,,,,,,,,n32_1D5t,630,,gutim,32,
32,154.2818,0.0891,144,89,14,631,,F6,,,,,,,,n32_1F6t,631,,gutim,32,
32,154.3756,1.0687,144,69,14,632,,A4,,,,,,,,n32_1A4e,632,,gutim,32,
32,154.5006,0.1187,144,52,14,633,,E3,,,,,,,,n32_5E3s,633,,gutim,32,
32,154.6256,0.1187,144,62,14,634,,D4,,,,,,,,n32_5D4s,634,,gutim,32,
32,154.7506,0.15,144,34,14,635,,Bb1,,,,,,,,n32_6Bb1s,635,,gutim,32,
32,154.9381,0.15,144,52,14,636,,E3,,,,,,,,n32_6E3s,636,,gutim,32,
32,155.0631,0.15,144,24,14,637,,C1,,,,,,,,n32_5C1s,637,,gutim,32,
32,155.1256,0.15,144,62,14,638,,D4,,,,,,,,n32_6D4s,638,,gutim,32,
32,155.2506,0.1,144,64,14,639,,E4,,,,,,,,n32_5E4s_0,639,,gutim,32,
32,155.3756,0.1,144,42,14,640,,F#2,,,,,,,,n32_5Fs2s,640,,gutim,32,
32,155.5006,1.2,144,68,14,641,,G#4,,,,,,,,n32_1Gs4h,641,,gutim,32,
32,155.5006,0.15,144,64,14,641,,E4,,,,,,,,n32_5E4s_1,641,,gutim,32,
32,155.6881,0.0891,144,56,14,642,,G#3,,,,,,,,n32_5Gs3t_0,642,,gutim,32,
32,155.7818,0.0891,144,57,14,643,,A3,,,,,,,,n32_5A3t_0,643,,gutim,32,
32,155.8756,0.0891,144,56,14,644,,G#3,,,,,,,,n32_5Gs3t_1,644,,gutim,32,
32,155.9693,0.0891,144,57,14,645,,A3,,,,,,,,n32_5A3t_1,645,,gutim,32,
32,156.0631,0.0594,144,24,14,646,,C1,,,,,,,,n32_5C1t,646,,gutim,32,
32,156.1256,0.1187,144,30,14,647,,F#1,,,,,,,,n32_5Fs1s,647,,gutim,32,
32,157.3756,0.3,144,34,14,648,,Bb1,,,,,,,,n32_5Bb1e,648,,gutim,32,
32,157.3756,0.3,144,52,14,648,,E3,,,,,,,,n32_5E3e,648,,gutim,32,
32,157.3756,0.3,144,62,14,648,,D4,,,,,,,,n32_5D4e,648,,gutim,32,
32,157.3756,0.3,144,64,14,648,,E4,,,,,,,,n32_5E4e,648,,gutim,32,
32,157.3756,0.3,144,24,14,648,,C1,,,,,,,,n32_6C1e,648,,gutim,32,
32,157.3756,0.3,144,30,14,648,,F#1,,,,,,,,n32_6Fs1e,648,,gutim,32,
32,157.3756,0.3,144,56,14,648,,G#3,,,,,,,,n32_6Gs3e,648,,gutim,32,
32,157.3756,0.3,144,57,14,648,,A3,,,,,,,,n32_6A3e,648,,gutim,32,
32,157.7506,0.3,144,68,14,649,,G#4,,,,,,,,n32_1Gs4e,649,,gutim,32,
32,157.7506,0.3,144,78,14,649,,F#5,,,,,,,,n32_1Fs5e,649,,gutim,32,
32,158.1256,0.2,144,59,14,650,,B3,,,,,,,,n32_1B3e,650,,gutim,32,
32,158.3756,0.05,144,50,14,651,,D3,,,,,,,,n32_1D3t_0,651,,gutim,32,
32,158.4381,0.05,144,82,14,652,,Bb5,,,,,,,,n32_1Bb5t_1,652,,gutim,32,
32,158.5006,0.05,144,59,14,653,,B3,,,,,,,,n32_1B3t_0,653,,gutim,32,
32,158.5631,0.05,144,82,14,654,,Bb5,,,,,,,,n32_1Bb5t_2,654,,gutim,32,
32,158.6256,0.075,144,59,14,655,,B3,,,,,,,,n32_1B3t_1,655,,gutim,32,
32,158.7193,0.075,144,94,14,656,,Bb6,,,,,,,,n32_1Bb6t,656,,gutim,32,
32,158.8131,0.05,144,50,14,657,,D3,,,,,,,,n32_1D3t_1,657,,gutim,32,
,,,,,,,7021,,,,,,,,,,,,gutim,,
,,,,,,,,,,,,,,,,,,35,,,
35,173.268,0.75,144,60,11,658,,C4,,,,,,,,n35_6C4e_0,658,,gutim,35,
35,173.893,0.2,144,78,8,659,,F#5,,,,,,,,n35_1Fs5e,659,,gutim,35,
35,173.893,0.2375,144,42,5,659,,F#2,,,,,,,,n35_5Fs2e,659,,gutim,35,
35,174.143,0.2,144,87,9,660,,D#6,,,,,,,,n35_1Ds6e,660,,gutim,35,
35,174.143,0.2375,144,36,5,660,,C2,,,,,,,,n35_5C2e_0,660,,gutim,35,
35,174.2055,0.45,144,40,5,661,,E2,,,,,,,,n35_6E2s,661,,gutim,35,
35,174.393,0.3,144,36,14,662,,C2,,,,,,,,n35_6C2e,662,,gutim,35,
35,174.643,0.4,144,69,9,663,,A4,,,,,,,,n35_1A4q,663,,gutim,35,
35,174.893,0.2375,144,62,14,664,,D4,,,,,,,,n35_5D4e,664,,gutim,35,
35,175.143,0.2,144,64,9,665,,E4,,,,,,,,n35_1E4e,665,,gutim,35,
35,175.143,0.2375,144,66,17,665,,F#4,,,,,,,,n35_5Fs4e,665,,gutim,35,
35,175.143,0.2375,144,69,17,665,,A4,,,,,,,,n35_5A4e,665,,gutim,35,
35,175.393,0.2375,144,36,20,666,,C2,,,,,,,,n35_5C2e_1,666,,gutim,35,
35,175.743,0.0712,144,34,20,667,,Bb1,g,,,,,,,ng35_5Bb1e,667,,gutim,35,
35,175.818,0.0712,144,24,20,668,,C1,g,,,,,,,ng35_5C1e,668,,gutim,35,
35,175.893,0.375,144,68,9,669,,G#4,,,,,,,,n35_1Gs4q,669,,gutim,35,
35,175.893,1.425,144,54,20,669,,F#3,,,,,,,,n35_5Fs3h,669,,gutim,35,
35,176.643,0.15,144,30,5,670,,F#1,,,,,,,,n35_6Fs1s_0,670,,gutim,35,
35,176.643,0.15,144,36,5,670,,C2,,,,,,,,n35_6C2s,670,,gutim,35,
35,177.2055,0.225,144,30,5,671,,F#1,,,,,,,,n35_6Fs1s_1,671,,gutim,35,
,,,,,,,,,,,,,,,,,,36,,,
36,177.393,1.2,144,52,8,672,,E3,,,,,,,,n36_1E3h,672,,gutim,36,
36,177.393,0.75,144,42,6,672,,F#2,,,,,,,,n36_5Fs2q,672,,gutim,36,
36,177.4868,0.225,144,55,8,673,,G3,,,,,,,,n36_6G3s,673,,gutim,36,
36,177.768,0.45,144,76,8,674,,E5,,,,,,,,n36_6E5e,674,,gutim,36,
36,178.3305,0.75,144,64,5,675,,E4,,,,,,,,n36_5E4e_0,675,,gutim,36,
36,178.3305,0.45,144,98,2,675,,D7,,,,,,,,n36_6D7e,675,,gutim,36,
36,178.893,1.5,144,88,2,676,,E6,,,,,,,,n36_1E6h,676,,gutim,36,
36,179.268,1.0687,144,69,6,677,,A4,,,,,,,,n36_5A4e,677,,gutim,36,
36,180.393,0.3562,144,68,5,678,,G#4,,,,,,,,n36_5Gs4e,678,,gutim,36,
,,,,,,,7023,,,,,,,,,,,,gutim,,
36,181.743,0.06,144,54,14,679,,F#3,g,,,,,,,ng36_5Fs3e_0,679,,gutim,36,
36,181.743,0.06,144,62,5,679,,D4,g,,,,,,,ng36_5D4e,679,,gutim,36,
36,181.818,0.06,144,78,5,680,,F#5,g,,,,,,,ng36_1Fs5e,680,,gutim,36,
36,181.818,0.06,144,84,5,680,,C6,g,,,,,,,ng36_1C6e,680,,gutim,36,
36,181.818,0.06,144,48,14,680,,C3,g,,,,,,,ng36_6C3e,680,,gutim,36,
36,181.818,0.06,144,53,14,680,,E#3,g,,,,,,,ng36_5Es3e,680,,gutim,36,
36,181.818,0.06,144,54,5,680,,F#3,g,,,,,,,ng36_5Fs3e_1,680,,gutim,36,
,,,,,,,,,,,,,,,,,,37,,,
37,181.893,2.4,144,48,17,681,,C3,,,,,,,,n37_2C3w,681,,gutim,37,
37,181.893,0.2848,144,49,17,681,,C#3,,,,,,,,n37_5Cs3e,681,,gutim,37,
37,181.893,0.2848,144,52,17,681,,E3,,,,,,,,n37_5E3e,681,,gutim,37,
37,181.893,0.0752,144,44,17,681,,G#2,,,,,,,,n37_6Gs2s,681,,gutim,37,
37,181.9663,0.0714,144,60,20,682,,C4,,,,,,,,n37_1C4t,682,,gutim,37,
37,182.0414,0.1429,144,69,20,683,,A4,,,,,,,,n37_1A4s,683,,gutim,37,
37,182.1938,0.2848,144,44,20,684,,G#2,,,,,,,,n37_5Gs2e,684,,gutim,37,
37,182.1938,0.0752,144,40,20,684,,E2,,,,,,,,n37_6E2s,684,,gutim,37,
37,182.4926,0.1447,144,61,20,685,,C#4,,,,,,,,n37_5Cs4s,685,,gutim,37,
37,182.642,0.0714,144,70,11,686,,Bb4,,,,,,,,n37_1Bb4t,686,,gutim,37,
37,182.645,0.3,144,69,11,687,,A4,,,,,,,,n37_5A4e,687,,gutim,37,
37,182.7172,0.0714,144,61,12,688,,Db4,,,,,,,,n37_1Db4t,688,,gutim,37,
37,182.7924,0.2848,144,72,14,689,,C5,,,,,,,,n37_1C5e,689,,gutim,37,
37,183.0922,0.2857,144,70,20,690,,Bb4,,,,,,,,n37_1Bb4e,690,,gutim,37,
37,183.395,0.6,144,52,17,691,,E3,,,,,,,,n37_5E3q,691,,gutim,37,
37,183.395,0.3,144,35,8,691,,B1,,,,,,,,n37_6B1e,691,,gutim,37,
37,184.145,4.2,144,37,20,692,,C#2,,,,,,,,n37_5Cs2q,692,,gutim,37,
37,184.145,1.2,144,32,11,692,,G#1,,,,,,,,n37_6Gs1h,692,,gutim,37,
37,184.893,0.7,144,84,11,693,,C6,,,,,,,,n37_1C6q,693,,gutim,37,
37,184.895,3.6,144,48,20,693,,C3,,,,,,,,n37_5C3h,693,,gutim,37,
37,184.993,0.06,144,84,11,694,,C6,g,,,,,,,ng37_1C6e,694,,gutim,37,
37,185.068,0.06,144,58,15,695,,Bb3,g,,,,,,,ng37_1Bb3e,695,,gutim,37,
37,185.143,0.06,144,32,20,696,,Ab1,g,,,,,,,ng37_1Ab1e,696,,gutim,37,
37,185.218,0.06,144,97,20,697,,C#7,g,,,,,,,ng37_1Cs7e,697,,gutim,37,
37,185.768,0.7,144,61,14,698,,C#4,,,,,,,,n37_1Cs4s,698,,gutim,37,
,,,,,,,,,,,,,,,,,,38,,,
38,186.643,0.7,144,52,15,699,,E3,,,,,,,,n38_1E3q,699,,gutim,38,
38,187.518,0.7,144,82,14,700,,Bb5,,,,,,,,n38_1Bb5e,700,,gutim,38,
38,187.518,2.3,144,44,20,700,,G#2,,,,,,,,n38_6Gs2e_0,700,,gutim,38,
38,187.893,0.8,144,37,11,701,,C#2,,,,,,,,n38_2Cs2q,701,,gutim,38,
38,188.393,0.8,144,32,11,702,,G#1,,,,,,,,n38_1Gs1e,702,,gutim,38,
38,188.893,0.4,144,69,14,703,,A4,,,,,,,,n38_2A4q,703,,gutim,38,
38,189.393,1.2,144,49,17,704,,C#3,,,,,,,,n38_1Cs3h,704,,gutim,38,
38,189.393,2.4,144,35,17,704,,B1,,,,,,,,n38_5B1h,704,,gutim,38,
38,189.893,1.6,144,50,17,705,,D3,,,,,,,,n38_2D3e,705,,gutim,38,
38,190.393,0.4,144,90,22,706,,F#6,,,,,,,,n38_6Fs6q,706,,gutim,38,
,,,,,,,,,,,,,,,,,,39,,,
39,191.143,0.4,144,72,20,707,,C5,,,,,,,,n39_1C5q,707,,gutim,39,
39,191.893,0.4,144,23,20,708,,B0,,,,,,,,n39_2B0q,708,,gutim,39,
,,,,,,,,,,,,,,,,,,41,,,
41,200.493,0.06,144,29,14,709,,F1,g,,,,,,,ng41_5F1e,709,,gutim,41,
41,200.568,0.06,144,81,14,710,,A5,g,,,,,,,ng41_1A5e,710,,gutim,41,
41,200.568,0.06,144,48,14,710,,C3,g,,,,,,,ng41_5C3e,710,,gutim,41,
41,200.643,2.4,144,76,14,711,,E5,,,,,,,,n41_1E5w,711,,gutim,41,
41,200.643,3.9187,144,55,14,711,,G3,,,,,,,,n41_2G3w,711,,gutim,41,
41,200.643,2.6125,144,62,14,711,,D4,,,,,,,,n41_5D4h,711,,gutim,41,
41,200.643,2.4,144,51,14,711,,Eb3,,,,,,,,n41_6Eb3w,711,,gutim,41,
,,,,,,,7027,,,,,,,,,,,,gutim,,
41,203.393,4.5125,144,49,20,712,,C#3,,,,,,,,n41_5Cs3e,712,,gutim,41,
41,203.643,3.0,144,80,14,713,,G#5,,,,,,,,n41_1Gs5q,713,,gutim,41,
41,203.643,3.6,144,34,14,713,,Bb1,,,,,,,,n41_6Bb1q,713,,gutim,41,
,,,,,,,,,,,,,,,,,,42,,,
42,204.768,7.4812,144,59,11,714,,B3,,,,,,,,n42_2B3e,714,,gutim,42,
42,205.893,0.6,144,78,5,715,,F#5,,,,,,,,n42_1Fs5q,715,,gutim,42,
42,208.143,2.4,144,81,2,716,,A5,,,,,,,,n42_1A5q,716,,gutim,42,
42,208.143,5.4,144,58,20,716,,A#3,,,,,,,,n42_2As3q,716,,gutim,42,
42,208.143,5.4,144,59,14,716,,B3,,,,,,,,n42_2B3q,716,,gutim,42,
42,208.143,5.4,144,69,22,716,,A4,,,,,,,,n42_2A4q,716,,gutim,42,
,,,,,,,,,,,,,,,,,,43,,,
43,212.643,2.4,144,48,11,717,,C3,,,,,,,,n43_6C3q,717,,gutim,43,
43,212.643,2.4,144,56,5,717,,Ab3,,,,,,,,n43_6Ab3q,717,,gutim,43,
,,,,,,,,,,,,,,,,,,44,,,
44,213.893,0.5,144,44,20,718,,Ab2,,,,,,,,n44_5Ab2e_0,718,,gutim,44,
44,214.518,10.4576,144,81,22,719,,A5,,,,,,,,n44_1A5e,719,,gutim,44,
44,214.518,0.4,144,70,17,719,,Bb4,,,,,,,,n44_5Bb4e,719,,gutim,44,
44,215.018,0.1,144,84,18,720,,C6,,,,,,,,n44_5C6s,720,,gutim,44,
44,215.143,0.1,144,52,19,721,,E3,,,,,,,,n44_5E3s,721,,gutim,44,
44,215.268,0.1,144,61,20,722,,C#4,,,,,,,,n44_5Cs4s,722,,gutim,44,
44,215.393,0.1,144,82,21,723,,Bb5,,,,,,,,n44_5Bb5s,723,,gutim,44,
44,215.518,0.1,144,32,22,724,,Ab1,,,,,,,,n44_5Ab1s,724,,gutim,44,
44,215.643,1.2,144,76,11,725,,E5,,,,,,,,n44_2E5h,725,,gutim,44,
44,215.643,1.4,144,84,22,725,,C6,,,,,,,,n44_2C6h,725,,gutim,44,
44,216.643,0.2,144,85,5,726,,C#6,,,,,,,,n44_5Cs6e,726,,gutim,44,
44,216.643,0.2,144,93,5,726,,A6,,,,,,,,n44_5A6e,726,,gutim,44,
44,216.893,0.2,144,42,5,727,,F#2,,,,,,,,n44_5Fs2e,727,,gutim,44,
44,216.893,0.2,144,75,5,727,,D#5,,,,,,,,n44_5Ds5e,727,,gutim,44,
44,217.143,7.8727,144,50,24,728,,D3,,,,,,,,n44_6D3q,728,,gutim,44,
44,217.393,7.6727,144,61,24,729,,C#4,,,,,,,,n44_2Cs4q,729,,gutim,44,
44,217.393,0.2,144,46,5,729,,Bb2,,,,,,,,n44_5Bb2e,729,,gutim,44,
,,,,,,,,,,,,,,,,,,45,,,
45,219.7112,5.8182,144,60,22,730,,C4,,,,,,,,n45_5C4q,730,,gutim,45,
45,220.6203,5.8182,144,97,24,731,,C#7,,,,,,,,n45_2Cs7h,731,,gutim,45,
,,,,,,,,,,,,,,,,,,46,,,
46,227.59,12.9697,144,53,20,732,,F3,,,,,,,,n46_1F3e,732,,gutim,46,
,,,,,,,,,,,,,,,,,,47,,,
47,233.3476,0.7273,144,101,22,733,,F7,,,,,,,,n47_2F7q,733,,gutim,47,
47,233.3476,1.4545,144,40,20,733,,E2,,,,,,,,n47_6E2q,733,,gutim,47,
,,,,,,,,,,,,,,,,,,48,,,
48,234.5597,0.4848,144,52,20,734,,E3,,,,,,,,n48_5E3s,734,,gutim,48,
48,234.7112,0.3636,144,42,20,735,,F#2,,,,,,,,n48_5Fs2e,735,,gutim,48,
48,235.1657,0.3636,144,69,14,736,,A4,,,,,,,,n48_2A4e,736,,gutim,48,
48,235.1657,12.3636,144,52,20,736,,E3,,,,,,,,n48_5E3w,736,,gutim,48,
48,236.9839,6.9091,144,47,8,737,,B2,,,,,,,,n48_6B2h,737,,gutim,48,
48,238.8021,5.4545,144,53,14,738,,F3,,,,,,,,n48_1F3q,738,,gutim,48,
,,,,,,,,,,,,,,,,,,50,,,
50,245.1657,0.3636,144,42,8,739,,F#2,,,,,,,,n50_2Fs2e,739,,gutim,50,
50,245.4703,0.06,144,94,8,740,,A#6,g,,,,,,,ng50_1As6e,740,,gutim,50,
50,245.4703,0.06,144,23,5,740,,B0,g,,,,,,,ng50_6B0e,740,,gutim,50,
50,245.5453,0.06,144,68,7,741,,G#4,g,,,,,,,ng50_1Gs4e,741,,gutim,50,
50,245.5453,0.06,144,52,14,741,,E3,g,,,,,,,ng50_6E3e,741,,gutim,50,
50,245.6203,0.3636,144,64,17,742,,E4,,,,,,,,n50_1E4e,742,,gutim,50,
50,245.9248,0.06,144,90,11,743,,F#6,g,,,,,,,ng50_1Fs6e,743,,gutim,50,
50,245.9998,0.06,144,40,11,744,,E2,g,,,,,,,ng50_1E2e,744,,gutim,50,
50,246.0748,0.3636,144,68,14,745,,G#4,,,,,,,,n50_1Gs4e,745,,gutim,50,
50,246.0748,4.3636,144,78,11,745,,F#5,,,,,,,,n50_1Fs5e_0,745,,gutim,50,
50,247.893,2.9091,144,66,20,746,,F#4,,,,,,,,n50_6Fs4h,746,,gutim,50,
,,,,,,,,,,,,,,,,,,51,,,
51,252.2135,0.06,144,62,14,747,,D4,g,,,,,,,ng51_5D4e,747,,gutim,51,
51,252.2885,0.06,144,81,11,748,,A5,g,,,,,,,ng51_5A5e,748,,gutim,51,
51,252.3635,0.06,144,23,8,749,,B0,g,,,,,,,ng51_5B0e,749,,gutim,51,
51,252.4385,0.7273,144,49,5,750,,C#3,,,,,,,,n51_5Cs3q,750,,gutim,51,
,,,,,,,7031,,,,,,,,,,,,gutim,,
,,,,,,,,,,,,,,,,,,52,,,
52,257.4385,0.3888,144,67,8,751,,G4,,,,,,,,n52_1G4e,751,,gutim,52,
52,257.4385,0.0547,144,96,8,751,,C7,,,,,,,,n52_2C7t,751,,gutim,52,
52,257.4385,0.0547,144,105,8,751,,A7,,,,,,,,n52_2A7t,751,,gutim,52,
52,257.4385,1.4545,144,63,14,751,,D#4,,,,,,,,n52_5Ds4h,751,,gutim,52,
52,257.5068,0.1634,144,100,9,752,,E7,,,,,,,,n52_2E7s,752,,gutim,52,
52,257.711,0.5187,144,56,11,753,,G#3,,,,,,,,n52_2Gs3e,753,,gutim,52,
52,257.846,0.3888,144,71,11,754,,B4,,,,,,,,n52_1B4e,754,,gutim,52,
52,258.257,0.4368,144,93,8,755,,A6,,,,,,,,n52_1A6q,755,,gutim,52,
52,258.257,0.5178,144,74,11,755,,D5,,,,,,,,n52_2D5q,755,,gutim,52,
52,258.8021,0.1299,144,61,8,756,,C#4,,,,,,,,n52_2Cs4s,756,,gutim,52,
52,258.9388,0.1094,144,74,8,757,,D5,,,,,,,,n52_2D5s,757,,gutim,52,
52,259.0755,0.4368,144,84,11,758,,C6,,,,,,,,n52_2C6e,758,,gutim,52,
52,259.0747,0.4368,144,48,11,758,,C3,,,,,,,,n52_6C3e,758,,gutim,52,
52,259.2566,0.1818,144,97,17,759,,C#7,,,,,,,,n52_5Cs7e,759,,gutim,52,
52,259.6215,0.4354,144,75,11,760,,Eb5,,,,,,,,n52_2Eb5q,760,,gutim,52,
52,259.6206,0.5178,144,49,11,760,,Db3,,,,,,,,n52_6Db3q,760,,gutim,52,
52,259.9407,0.0712,144,55,11,761,,G3,g,,,,,,,ng52_6G3e,761,,gutim,52,
52,260.0157,0.0712,144,48,11,762,,C3,g,,,,,,,ng52_6C3e,762,,gutim,52,
52,260.0907,0.0712,144,59,11,763,,B3,g,,,,,,,ng52_6B3e,763,,gutim,52,
52,260.1657,1.4545,144,88,11,764,,E6,,,,,,,,n52_2E6q,764,,gutim,52,
52,260.1657,1.4545,144,93,11,764,,A6,,,,,,,,n52_2A6q,764,,gutim,52,
52,260.4688,1.4394,144,41,20,765,,F2,,,,,,,,n52_6F2q,765,,gutim,52,
,,,,,,,,,,,,,,,,,,53,,,
53,261.9839,1.7273,144,44,8,766,,Ab2,,,,,,,,n53_6Ab2h,766,,gutim,53,
53,261.9839,1.7273,144,54,8,766,,Gb3,,,,,,,,n53_6Gb3h,766,,gutim,53,
,,,,,,,,,,,,,,,,,,56,,,
56,280.9248,0.06,144,80,14,767,,Ab5,g,,,,,,,ng56_5Ab5e,767,,gutim,56,
56,280.9998,0.06,144,48,14,768,,C3,g,,,,,,,ng56_5C3e,768,,gutim,56,
,,,,,,,7035,,,,,,,,,,,,gutim,,
56,281.7589,0.06,144,84,8,769,,C6,g,,,,,,,ng56_1C6e,769,,gutim,56,
56,281.8339,0.06,144,52,14,770,,E3,g,,,,,,,ng56_1E3e,770,,gutim,56,
56,281.9089,0.06,144,77,14,771,,F5,g,,,,,,,ng56_1F5e,771,,gutim,56,
56,281.9089,0.06,144,105,24,771,,A7,g,,,,,,,ng56_2A7e,771,,gutim,56,
56,281.9089,0.06,144,63,14,771,,Eb4,g,,,,,,,ng56_5Eb4e,771,,gutim,56,
56,281.9839,0.2424,144,59,14,772,,B3,,,,,,,,n56_5B3e,772,,gutim,56,
56,281.9839,2.9091,144,43,14,772,,G2,,,,,,,,n56_6G2q,772,,gutim,56,
56,282.287,0.4848,144,43,11,773,,G2,,,,,,,,n56_5G2q,773,,gutim,56,
56,282.5876,0.0805,144,62,11,774,,D4,,,,,,,,n56_1D4t,774,,gutim,56,
56,282.6882,0.0805,144,88,12,775,,E6,,,,,,,,n56_1E6t,775,,gutim,56,
56,282.7888,0.0833,144,49,14,776,,C#3,,,,,,,,n56_1Cs3t,776,,gutim,56,
,,,,,,,,,,,,,,,,,,57,,,
57,283.121,0.06,144,96,14,777,,C7,g,,,,,,,ng57_1C7e,777,,gutim,57,
57,283.196,0.4848,144,100,14,778,,E7,,,,,,,,n57_1E7q,778,,gutim,57,
57,283.8021,2.1818,144,84,22,779,,C6,,,,,,,,n57_1C6h,779,,gutim,57,
57,286.8363,0.5108,144,29,24,780,,F1,,,,,,,,n57_5F1q,780,,gutim,57,
57,287.4747,0.5395,144,51,24,781,,Eb3,,,,,,,,n57_5Eb3q,781,,gutim,57,
57,288.1491,0.5716,144,85,22,782,,Db6,,,,,,,,n57_2Db6q,782,,gutim,57,
57,288.1491,0.5716,144,56,17,782,,Ab3,,,,,,,,n57_5Ab3q,782,,gutim,57,
57,288.8636,0.6078,144,61,14,783,,Db4,,,,,,,,n57_2Db4q,783,,gutim,57,
57,288.8636,2.1764,144,32,22,783,,Ab1,,,,,,,,n57_5Ab1q,783,,gutim,57,
57,288.8636,0.6078,144,42,11,783,,Gb2,,,,,,,,n57_5Gb2q,783,,gutim,57,
,,,,,,,,,,,,,,,,,,58,,,
58,289.6233,3.7647,144,87,20,784,,D#6,,,,,,,,n58_1Ds6w,784,,gutim,58,
58,289.6233,3.7647,144,88,20,784,,E6,,,,,,,,n58_1E6w,784,,gutim,58,
58,289.6233,0.0784,144,88,20,784,,E6,,,,,,,,n58_2E6t,784,,gutim,58,
58,289.6233,3.7647,144,36,20,784,,C2,,,,,,,,n58_6C2w,784,,gutim,58,
58,289.7214,0.0784,144,62,20,785,,D4,,,,,,,,n58_2D4t,785,,gutim,58,
58,289.8194,0.0784,144,41,20,786,,F2,,,,,,,,n58_2F2t,786,,gutim,58,
58,289.8194,0.0784,144,49,20,786,,Db3,,,,,,,,n58_2Db3t,786,,gutim,58,
58,289.9174,3.5294,144,84,22,787,,C6,,,,,,,,n58_2C6e,787,,gutim,58,
58,289.9174,3.5294,144,85,20,787,,Db6,,,,,,,,n58_2Db6e,787,,gutim,58,
58,291.5841,1.7255,144,82,14,788,,Bb5,,,,,,,,n58_5Bb5e,788,,gutim,58,
58,293.741,0.1176,144,84,20,789,,C6,,,,,,,,n58_5C6t,789,,gutim,58,
58,293.888,0.1176,144,52,14,790,,E3,,,,,,,,n58_5E3t,790,,gutim,58,
58,294.0351,0.1176,144,82,8,791,,Bb5,,,,,,,,n58_5Bb5t,791,,gutim,58,
58,294.3292,0.1569,144,84,22,792,,C6,,,,,,,,n58_1C6s,792,,gutim,58,
58,294.3292,3.7647,144,75,22,792,,Eb5,,,,,,,,n58_2Eb5w,792,,gutim,58,
58,294.3292,0.1569,144,35,8,792,,B1,,,,,,,,n58_5B1s,792,,gutim,58,
58,294.3292,0.1569,144,36,8,792,,C2,,,,,,,,n58_6C2s,792,,gutim,58,
58,294.5253,0.1569,144,61,23,793,,C#4,,,,,,,,n58_1Cs4s,793,,gutim,58,
58,294.5253,0.1569,144,64,23,793,,E4,,,,,,,,n58_1E4s,793,,gutim,58,
58,294.7214,0.1569,144,69,17,794,,A4,,,,,,,,n58_1A4s,794,,gutim,58,
58,294.7214,0.1569,144,82,17,794,,Bb5,,,,,,,,n58_1Bb5s,794,,gutim,58,
58,294.9174,0.2941,144,68,17,795,,G#4,,,,,,,,n58_1Gs4e,795,,gutim,58,
58,294.9174,1.4118,144,52,11,795,,E3,,,,,,,,n58_6E3e,795,,gutim,58,
58,295.1135,2.6667,144,53,11,796,,F3,,,,,,,,n58_5F3e_0,796,,gutim,58,
58,295.7998,2.5882,144,62,22,797,,D4,,,,,,,,n58_1D4e,797,,gutim,58,
58,296.9763,0.8235,144,43,11,798,,G2,,,,,,,,n58_6G2e,798,,gutim,58,
58,298.0057,2.7059,144,21,5,799,,A0,,,,,,,,n58_6A0e,799,,gutim,58,
,,,,,,,7038,,,,,,,,,,,,gutim,,
,,,,,,,,,,,,,,,,,,59,,,
59,301.388,0.9412,144,84,8,800,,C6,,,,,,,,n59_1C6q,800,,gutim,59,
59,301.388,5.4118,144,37,14,800,,C#2,,,,,,,,n59_5Cs2h_0,800,,gutim,59,
59,302.4145,0.0712,144,86,14,801,,D6,g,,,,,,,ng59_1D6e,801,,gutim,59,
59,302.4895,0.0712,144,77,14,802,,F5,g,,,,,,,ng59_1F5e,802,,gutim,59,
59,302.5645,0.1863,144,73,14,803,,C#5,,,,,,,,n59_1Cs5s,803,,gutim,59,
59,302.7606,0.1397,144,73,8,804,,C#5,,,,,,,,n59_1Cs5t,804,,gutim,59,
59,302.9076,0.0931,144,64,9,805,,E4,,,,,,,,n59_1E4t_0,805,,gutim,59,
59,303.0057,0.0931,144,82,10,806,,Bb5,,,,,,,,n59_1Bb5t_0,806,,gutim,59,
59,303.1037,0.0931,144,56,11,807,,Ab3,,,,,,,,n59_1Ab3t_0,807,,gutim,59,
59,303.2018,0.1397,144,64,12,808,,E4,,,,,,,,n59_1E4t_1,808,,gutim,59,
59,303.3488,0.0931,144,56,13,809,,Ab3,,,,,,,,n59_1Ab3t_1,809,,gutim,59,
59,303.4469,0.0931,144,82,14,810,,Bb5,,,,,,,,n59_1Bb5t_1,810,,gutim,59,
59,303.591,0.06,144,98,17,811,,D7,g,,,,,,,ng59_1D7e,811,,gutim,59,
59,303.666,0.06,144,89,17,812,,F6,g,,,,,,,ng59_1F6e,812,,gutim,59,
59,303.741,0.5588,144,85,18,813,,C#6,,,,,,,,n59_1Cs6e,813,,gutim,59,
59,304.3292,0.1397,144,105,21,814,,A7,,,,,,,,n59_1A7t,814,,gutim,59,
59,304.4763,0.1397,144,47,22,815,,B2,,,,,,,,n59_1B2t,815,,gutim,59,
59,304.6233,0.0931,144,102,22,816,,F#7,,,,,,,,n59_1Fs7t_0,816,,gutim,59,
59,304.7214,0.0931,144,32,22,817,,G#1,,,,,,,,n59_1Gs1t,817,,gutim,59,
59,304.8194,0.0931,144,102,22,818,,F#7,,,,,,,,n59_1Fs7t_1,818,,gutim,59,
59,304.9174,0.0931,144,36,22,819,,C2,,,,,,,,n59_1C2t_0,819,,gutim,59,
59,305.0155,0.0931,144,93,22,820,,A6,,,,,,,,n59_1A6t_0,820,,gutim,59,
59,305.1135,0.0931,144,36,22,821,,C2,,,,,,,,n59_1C2t_1,821,,gutim,59,
59,305.2116,0.2794,144,28,22,822,,E1,,,,,,,,n59_1E1s,822,,gutim,59,
59,305.5057,0.5588,144,44,22,823,,G#2,,,,,,,,n59_1Gs2e,823,,gutim,59,
59,306.0939,0.5588,144,73,11,824,,C#5,,,,,,,,n59_1Cs5e,824,,gutim,59,
59,306.6821,0.3725,144,93,14,825,,A6,,,,,,,,n59_1A6e,825,,gutim,59,
59,307.0743,0.1863,144,61,16,826,,C#4,,,,,,,,n59_1Cs4s,826,,gutim,59,
59,307.2704,0.0931,144,93,17,827,,A6,,,,,,,,n59_1A6t_1,827,,gutim,59,
59,307.3684,0.1397,144,74,17,828,,D5,,,,,,,,n59_1D5t_0,828,,gutim,59,
59,307.5155,0.1397,144,61,18,829,,C#4,,,,,,,,n59_1Cs4t,829,,gutim,59,
59,307.6625,0.0931,144,81,19,830,,A5,,,,,,,,n59_1A5t_0,830,,gutim,59,
59,307.7606,0.0931,144,74,19,831,,D5,,,,,,,,n59_1D5t_1,831,,gutim,59,
59,307.8586,0.0931,144,59,20,832,,B3,,,,,,,,n59_1B3t,832,,gutim,59,
59,307.8586,0.0931,144,81,20,832,,A5,,,,,,,,n59_1A5t_1,832,,gutim,59,
59,307.9567,0.0931,144,65,20,833,,F4,,,,,,,,n59_1F4t,833,,gutim,59,
59,307.9567,0.0931,144,74,20,833,,D5,,,,,,,,n59_1D5t_2,833,,gutim,59,
59,308.0547,0.3725,144,59,20,834,,B3,,,,,,,,n59_1B3e,834,,gutim,59,
59,308.1527,0.1176,144,69,22,835,,A4,,,,,,,,n59_5A4t,835,,gutim,59,
59,308.2998,0.1176,144,37,22,836,,C#2,,,,,,,,n59_5Cs2t,836,,gutim,59,
,,,,,,,,,,,,,,,,,,60,,,
60,308.4469,1.8824,144,35,22,837,,B1,,,,,,,,n60_5B1h,837,,gutim,60,
60,308.4469,1.8824,144,37,22,837,,C#2,,,,,,,,n60_5Cs2h,837,,gutim,60,
60,308.4469,1.8824,144,69,22,837,,A4,,,,,,,,n60_5A4h,837,,gutim,60,
60,308.6429,0.0931,144,73,11,838,,C#5,,,,,,,,n60_1Cs5t_0,838,,gutim,60,
60,308.741,0.0931,144,64,11,839,,E4,,,,,,,,n60_1E4t_0,839,,gutim,60,
60,308.839,0.0931,144,56,13,840,,Ab3,,,,,,,,n60_1Ab3t_0,840,,gutim,60,
60,308.9371,0.0931,144,82,15,841,,Bb5,,,,,,,,n60_1Bb5t_0,841,,gutim,60,
60,309.0351,0.1397,144,56,17,842,,Ab3,,,,,,,,n60_1Ab3t_1,842,,gutim,60,
60,309.0351,0.1397,144,64,17,842,,E4,,,,,,,,n60_1E4t_1,842,,gutim,60,
60,309.1821,0.1397,144,73,17,843,,C#5,,,,,,,,n60_1Cs5t_1,843,,gutim,60,
60,309.1821,0.1397,144,82,17,843,,Bb5,,,,,,,,n60_1Bb5t_1,843,,gutim,60,
60,309.7704,0.1176,144,44,22,844,,G#2,,,,,,,,n60_1Gs2t,844,,gutim,60,
60,309.9174,0.2353,144,90,22,845,,F#6,,,,,,,,n60_1Fs6s,845,,gutim,60,
60,310.2116,0.3137,144,81,11,846,,A5,,,,,,,,n60_1A5e,846,,gutim,60,
60,310.6037,0.1569,144,61,14,847,,C#4,,,,,,,,n60_1Cs4s,847,,gutim,60,
60,310.7998,0.0931,144,81,15,848,,A5,,,,,,,,n60_1A5t_0,848,,gutim,60,
60,310.8978,0.1397,144,74,16,849,,D5,,,,,,,,n60_1D5t_0,849,,gutim,60,
60,311.0449,0.1397,144,49,16,850,,C#3,,,,,,,,n60_1Cs3t,850,,gutim,60,
60,311.192,0.0931,144,81,17,851,,A5,,,,,,,,n60_1A5t_1,851,,gutim,60,
60,311.29,0.0931,144,74,18,852,,D5,,,,,,,,n60_1D5t_1,852,,gutim,60,
60,311.388,0.0931,144,47,19,853,,B2,,,,,,,,n60_1B2t,853,,gutim,60,
60,311.388,0.0931,144,81,19,853,,A5,,,,,,,,n60_1A5t_2,853,,gutim,60,
60,311.4861,0.0931,144,65,19,854,,F4,,,,,,,,n60_1F4t_0,854,,gutim,60,
60,311.5841,0.1863,144,47,20,855,,B2,,,,,,,,n60_1B2s_0,855,,gutim,60,
60,311.7802,0.2794,144,65,20,856,,F4,,,,,,,,n60_1F4s,856,,gutim,60,
60,312.0743,0.1863,144,47,13,857,,B2,,,,,,,,n60_1B2s_1,857,,gutim,60,
60,312.2704,0.2794,144,53,8,858,,F3,,,,,,,,n60_1F3s,858,,gutim,60,
60,312.5645,0.9412,144,35,22,859,,B1,,,,,,,,n60_5B1e_0,859,,gutim,60,
60,312.5645,0.9412,144,37,22,859,,C#2,,,,,,,,n60_5Cs2e_0,859,,gutim,60,
60,312.5645,0.9412,144,69,22,859,,A4,,,,,,,,n60_5A4e_0,859,,gutim,60,
60,313.2508,0.1397,144,85,11,860,,Db6,,,,,,,,n60_1Db6t_0,860,,gutim,60,
60,313.3978,0.1397,144,96,12,861,,C7,,,,,,,,n60_1C7t_0,861,,gutim,60,
60,313.5449,0.0931,144,85,13,862,,Db6,,,,,,,,n60_1Db6t_1,862,,gutim,60,
60,313.6429,0.1397,144,96,13,863,,C7,,,,,,,,n60_1C7t_1,863,,gutim,60,
60,313.79,0.1397,144,85,14,864,,Db6,,,,,,,,n60_1Db6t_2,864,,gutim,60,
60,313.9371,0.3725,144,64,15,865,,E4,,,,,,,,n60_1E4e,865,,gutim,60,
,,,,,,,,,,,,,,,,,,61,,,
61,314.3292,0.0699,144,49,11,866,,C#3,,,,,,,,n61_1Cs3x_0,866,,gutim,61,
61,314.4027,0.1048,144,62,12,867,,D4,,,,,,,,n61_1D4x_0,867,,gutim,61,
61,314.513,0.0699,144,49,13,868,,C#3,,,,,,,,n61_1Cs3x_1,868,,gutim,61,
61,314.5866,0.0699,144,62,14,869,,D4,,,,,,,,n61_1D4x_1,869,,gutim,61,
61,314.6601,0.0699,144,49,15,870,,C#3,,,,,,,,n61_1Cs3x_2,870,,gutim,61,
61,314.6601,0.0699,144,53,15,870,,F3,,,,,,,,n61_1F3x_0,870,,gutim,61,
61,314.7336,0.1048,144,69,16,871,,A4,,,,,,,,n61_1A4x,871,,gutim,61,
61,314.8439,0.0699,144,53,17,872,,F3,,,,,,,,n61_1F3x_1,872,,gutim,61,
61,314.9174,0.0699,144,81,18,873,,A5,,,,,,,,n61_1A5x_0,873,,gutim,61,
61,314.991,0.0699,144,47,19,874,,B2,,,,,,,,n61_1B2x_0,874,,gutim,61,
61,314.991,0.0699,144,49,19,874,,C#3,,,,,,,,n61_1Cs3x_3,874,,gutim,61,
61,315.0645,0.1048,144,81,19,875,,A5,,,,,,,,n61_1A5x_1,875,,gutim,61,
61,315.1748,0.1048,144,47,21,876,,B2,,,,,,,,n61_1B2x_1,876,,gutim,61,
61,315.1748,0.1048,144,49,21,876,,C#3,,,,,,,,n61_1Cs3x_4,876,,gutim,61,
61,315.1748,0.1048,144,53,21,876,,F3,,,,,,,,n61_1F3x_2,876,,gutim,61,
61,315.2851,0.2096,144,35,22,877,,B1,,,,,,,,n61_1B1t,877,,gutim,61,
61,315.3557,0.06,144,41,11,878,,F2,g,,,,,,,ng61_5F2e,878,,gutim,61,
61,315.4307,0.06,144,60,11,879,,C4,g,,,,,,,ng61_1C4e,879,,gutim,61,
61,315.4307,0.06,144,93,11,879,,A6,g,,,,,,,ng61_5A6e,879,,gutim,61,
61,315.5057,0.1674,144,88,8,880,,E6,,,,,,,,n61_1E6t,880,,gutim,61,
61,315.5057,1.8824,144,63,11,880,,Eb4,,,,,,,,n61_5Eb4h,880,,gutim,61,
61,315.5057,1.8824,144,67,11,880,,G4,,,,,,,,n61_5G4h,880,,gutim,61,
61,315.5057,3.451,144,62,22,880,,D4,,,,,,,,n61_6D4h,880,,gutim,61,
61,315.6818,0.1674,144,92,9,881,,G#6,,,,,,,,n61_1Gs6t,881,,gutim,61,
61,315.858,0.1121,144,93,11,882,,A6,,,,,,,,n61_1A6t,882,,gutim,61,
61,315.976,0.3347,144,88,11,883,,E6,,,,,,,,n61_1E6s,883,,gutim,61,
61,316.3283,0.3362,144,92,10,884,,G#6,,,,,,,,n61_1Gs6s,884,,gutim,61,
61,316.6821,0.9412,144,48,8,885,,C3,,,,,,,,n61_1C3q,885,,gutim,61,
61,316.6821,0.9412,144,88,8,885,,E6,,,,,,,,n61_1E6q,885,,gutim,61,
61,316.6821,0.9412,144,92,8,885,,G#6,,,,,,,,n61_1Gs6q,885,,gutim,61,
61,319.0351,1.8824,144,34,14,886,,Bb1,,,,,,,,n61_5Bb1h_0,886,,gutim,61,
61,319.8194,0.1569,144,49,14,887,,C#3,,,,,,,,n61_6Cs3e,887,,gutim,61,
61,319.8194,0.3137,144,62,14,887,,D4,,,,,,,,n61_6D4e,887,,gutim,61,
61,321.388,2.8235,144,34,14,888,,Bb1,,,,,,,,n61_5Bb1h_1,888,,gutim,61,
,,,,,,,7040,,,,,,,,,,,,gutim,,
61,321.5552,0.0712,144,41,11,889,,F2,g,,,,,,,ng61_6F2e,889,,gutim,61,
61,321.6302,0.0712,144,93,11,890,,A6,g,,,,,,,ng61_6A6e,890,,gutim,61,
61,321.7052,0.0712,144,60,11,891,,C4,g,,,,,,,ng61_6C4e,891,,gutim,61,
61,321.7802,0.7451,144,63,11,892,,Eb4,,,,,,,,n61_6Eb4q,892,,gutim,61,
61,321.7802,0.7451,144,67,11,892,,G4,,,,,,,,n61_6G4q,892,,gutim,61,
61,323.741,0.9412,144,54,11,893,,F#3,,,,,,,,n61_6Fs3q,893,,gutim,61,
61,324.2113,0.565,144,48,11,894,,C3,,,,,,,,n61_1C3e,894,,gutim,61,
61,324.2113,0.565,144,88,11,894,,E6,,,,,,,,n61_1E6e,894,,gutim,61,
61,324.2113,0.565,144,92,11,894,,G#6,,,,,,,,n61_1Gs6e,894,,gutim,61,
,,,,,,,,,,,,,,,,,,62,,,
62,324.9174,1.3418,144,88,14,895,,E6,,,,,,,,n62_1E6q_0,895,,gutim,62,
62,324.9174,1.1299,144,92,14,895,,G#6,,,,,,,,n62_1Gs6q_0,895,,gutim,62,
62,324.9174,1.1299,144,93,14,895,,A6,,,,,,,,n62_1A6q_0,895,,gutim,62,
62,326.3298,0.7525,144,88,10,896,,E6,,,,,,,,n62_1E6q_1,896,,gutim,62,
62,326.3298,0.7525,144,92,10,896,,G#6,,,,,,,,n62_1Gs6q_1,896,,gutim,62,
62,326.3298,0.7525,144,93,10,896,,A6,,,,,,,,n62_1A6q_1,896,,gutim,62,
62,326.9763,0.2794,144,44,22,897,,G#2,,,,,,,,n62_5Gs2s_0,897,,gutim,62,
62,327.2704,1.4118,144,69,8,898,,A4,,,,,,,,n62_1A4q,898,,gutim,62,
62,327.2704,1.4118,144,90,8,898,,F#6,,,,,,,,n62_1Fs6q,898,,gutim,62,
62,327.2704,0.5588,144,58,22,898,,Bb3,,,,,,,,n62_5Bb3e,898,,gutim,62,
62,327.8586,0.0699,144,62,20,899,,D4,,,,,,,,n62_5D4x_0,899,,gutim,62,
62,327.9321,0.0699,144,47,21,900,,B2,,,,,,,,n62_5B2x_0,900,,gutim,62,
62,327.9321,0.0699,144,49,21,900,,C#3,,,,,,,,n62_5Cs3x_0,900,,gutim,62,
62,328.0057,0.1048,144,81,21,901,,A5,,,,,,,,n62_5A5x_0,901,,gutim,62,
62,328.116,0.1048,144,47,22,902,,B2,,,,,,,,n62_5B2x_1,902,,gutim,62,
62,328.116,0.1048,144,49,22,902,,C#3,,,,,,,,n62_5Cs3x_1,902,,gutim,62,
62,328.116,0.1048,144,53,22,902,,F3,,,,,,,,n62_5F3x_0,902,,gutim,62,
62,328.2263,0.2096,144,35,23,903,,B1,,,,,,,,n62_5B1t_0,903,,gutim,62,
62,328.4469,0.4706,144,49,24,904,,C#3,,,,,,,,n62_5Cs3e_0,904,,gutim,62,
62,328.4469,0.4706,144,62,24,904,,D4,,,,,,,,n62_5D4e_0,904,,gutim,62,
62,329.0351,0.2353,144,90,22,905,,F#6,,,,,,,,n62_1Fs6s_0,905,,gutim,62,
62,329.0351,0.4706,144,44,22,905,,G#2,,,,,,,,n62_5Gs2e,905,,gutim,62,
62,329.3292,0.2353,144,69,22,906,,A4,,,,,,,,n62_1A4s_0,906,,gutim,62,
62,330.2116,0.0699,144,53,20,907,,F3,,,,,,,,n62_5F3x_1,907,,gutim,62,
62,330.2116,0.0699,144,69,20,907,,A4,,,,,,,,n62_5A4x,907,,gutim,62,
62,330.2851,0.0699,144,49,20,908,,C#3,,,,,,,,n62_5Cs3x_2,908,,gutim,62,
62,330.2851,0.0699,144,62,20,908,,D4,,,,,,,,n62_5D4x_1,908,,gutim,62,
62,330.3586,0.1048,144,81,21,909,,A5,,,,,,,,n62_5A5x_1,909,,gutim,62,
62,330.4689,0.1048,144,47,21,910,,B2,,,,,,,,n62_5B2x_2,910,,gutim,62,
62,330.4689,0.1048,144,49,21,910,,C#3,,,,,,,,n62_5Cs3x_3,910,,gutim,62,
62,330.4689,0.1048,144,53,21,910,,F3,,,,,,,,n62_5F3x_2,910,,gutim,62,
62,330.5792,0.2096,144,35,21,911,,B1,,,,,,,,n62_5B1t_1,911,,gutim,62,
62,330.7998,0.7059,144,49,22,912,,C#3,,,,,,,,n62_5Cs3e_1,912,,gutim,62,
62,330.7998,0.7059,144,62,22,912,,D4,,,,,,,,n62_5D4e_1,912,,gutim,62,
62,331.388,0.2353,144,90,22,913,,F#6,,,,,,,,n62_1Fs6s_1,913,,gutim,62,
62,331.6821,0.2353,144,69,22,914,,A4,,,,,,,,n62_1A4s_1,914,,gutim,62,
62,331.6821,0.2353,144,44,22,914,,G#2,,,,,,,,n62_5Gs2s_1,914,,gutim,62,
62,331.9763,2.8235,144,58,22,915,,Bb3,,,,,,,,n62_5Bb3h,915,,gutim,62,
,,,,,,,,,,,,,,,,,,63,,,
63,336.6071,0.06,144,77,14,916,,F5,g,,,,,,,ng63_2F5e,916,,gutim,63,
63,336.6071,0.06,144,36,14,916,,C2,g,,,,,,,ng63_5C2e,916,,gutim,63,
63,336.6821,1.1429,144,63,14,917,,Eb4,,,,,,,,n63_2Eb4h,917,,gutim,63,
63,336.6821,1.1429,144,62,14,917,,D4,,,,,,,,n63_5D4h,917,,gutim,63,
63,336.6821,0.8571,144,75,14,917,,Eb5,,,,,,,,n63_5Eb5h,917,,gutim,63,
63,336.6821,0.8571,144,28,14,917,,E1,,,,,,,,n63_6E1h,917,,gutim,63,
63,336.6821,0.8571,144,31,14,917,,G1,,,,,,,,n63_6G1h,917,,gutim,63,
63,337.7536,0.2143,144,62,14,918,,D4,,,,,,,,n63_1D4e,918,,gutim,63,
63,338.0214,1.0714,144,88,14,919,,E6,,,,,,,,n63_1E6e,919,,gutim,63,
63,338.1107,1.1429,144,80,14,920,,Ab5,,,,,,,,n63_2Ab5e_0,920,,gutim,63,
63,338.1107,0.5714,144,48,14,920,,C3,,,,,,,,n63_6C3e,920,,gutim,63,
63,338.825,0.5714,144,75,14,921,,Eb5,,,,,,,,n63_2Eb5q,921,,gutim,63,
63,338.825,0.0536,144,61,14,921,,Db4,,,,,,,,n63_5Db4t,921,,gutim,63,
63,338.825,0.4286,144,37,14,921,,Db2,,,,,,,,n63_6Db2q,921,,gutim,63,
63,338.892,0.1071,144,32,14,922,,Ab1,,,,,,,,n63_5Ab1s,922,,gutim,63,
63,339.0929,0.1071,144,82,14,923,,Bb5,,,,,,,,n63_1Bb5s,923,,gutim,63,
63,339.2268,0.1071,144,84,14,924,,C6,,,,,,,,n63_1C6s,924,,gutim,63,
63,339.2268,0.1071,144,56,14,924,,Ab3,,,,,,,,n63_5Ab3s,924,,gutim,63,
63,339.3607,0.1429,144,48,14,925,,C3,,,,,,,,n63_5C3e,925,,gutim,63,
63,339.3607,0.1429,144,52,14,925,,E3,,,,,,,,n63_5E3e,925,,gutim,63,
63,339.5393,0.5714,144,21,14,926,,A0,,,,,,,,n63_5A0q_0,926,,gutim,63,
63,339.5393,0.5714,144,32,14,926,,G#1,,,,,,,,n63_5Gs1q_0,926,,gutim,63,
63,339.5393,0.5714,144,40,14,926,,E2,,,,,,,,n63_5E2q_0,926,,gutim,63,
63,339.5393,0.5714,144,47,14,926,,B2,,,,,,,,n63_5B2q_0,926,,gutim,63,
63,340.2536,0.5714,144,103,14,927,,G7,,,,,,,,n63_2G7h,927,,gutim,63,
63,340.2536,0.5714,144,35,14,927,,B1,,,,,,,,n63_5B1h,927,,gutim,63,
,,,,,,,7042,,,,,,,,,,,,gutim,,
,,,,,,,,,,,,,,,,,,64,,,
64,340.9679,0.06,144,105,17,928,,A7,g,,,,,,,ng64_2A7e,928,,gutim,64,
64,341.0429,0.8571,144,75,14,929,,Eb5,,,,,,,,n64_1Eb5h,929,,gutim,64,
64,341.0429,0.8571,144,63,14,929,,Eb4,,,,,,,,n64_2Eb4h,929,,gutim,64,
64,341.8464,0.5,144,62,17,930,,D4,,,,,,,,n64_5D4e,930,,gutim,64,
64,341.8464,0.2143,144,60,5,930,,C4,,,,,,,,n64_6C4e,930,,gutim,64,
64,342.4714,1.1429,144,37,17,931,,Db2,,,,,,,,n64_5Db2e_0,931,,gutim,64,
64,343.7214,0.1429,144,24,8,932,,C1,,,,,,,,n64_6C1e,932,,gutim,64,
64,343.9,1.7857,144,85,8,933,,C#6,,,,,,,,n64_1Cs6q,933,,gutim,64,
64,343.9,0.2857,144,59,11,933,,B3,,,,,,,,n64_5B3q,933,,gutim,64,
64,343.9,0.5714,144,47,20,933,,B2,,,,,,,,n64_6B2q_0,933,,gutim,64,
64,344.6143,0.2857,144,36,22,934,,C2,,,,,,,,n64_6C2q,934,,gutim,64,
64,344.9714,0.2857,144,103,22,935,,G7,,,,,,,,n64_6G7q,935,,gutim,64,
,,,,,,,,,,,,,,,,,,65,,,
65,345.3286,1.9286,144,55,20,936,,G3,,,,,,,,n65_2G3w,936,,gutim,65,
65,345.3286,0.0636,144,48,14,936,,C3,,,,,,,,n65_5C3t,936,,gutim,65,
65,345.3286,0.2143,144,43,8,936,,G2,,,,,,,,n65_6G2e,936,,gutim,65,
65,345.3955,0.4453,144,49,14,937,,Db3,,,,,,,,n65_5Db3e,937,,gutim,65,
65,346.1321,1.7143,144,42,11,938,,F#2,,,,,,,,n65_5Fs2e_0,938,,gutim,65,
65,346.1321,1.7143,144,54,11,938,,F#3,,,,,,,,n65_5Fs3e_0,938,,gutim,65,
65,346.1321,1.0714,144,25,17,938,,C#1,,,,,,,,n65_6Cs1e,938,,gutim,65,
65,347.4714,0.2143,144,75,11,939,,D#5,,,,,,,,n65_1Ds5e,939,,gutim,65,
65,347.4714,0.2143,144,46,17,939,,A#2,,,,,,,,n65_6As2e,939,,gutim,65,
65,347.7393,0.4286,144,37,8,940,,C#2,,,,,,,,n65_1Cs2e_0,940,,gutim,65,
65,348.275,0.5089,144,41,5,941,,F2,,,,,,,,n65_5F2e_0,941,,gutim,65,
65,348.275,0.4286,144,36,5,941,,C2,,,,,,,,n65_6C2e_0,941,,gutim,65,
,,,,,,,7046,,,,,,,,,,,,gutim,,
,,,,,,,,,,,,,,,,,,70,,,
70,373.3457,0.9412,144,58,22,942,,Bb3,,,,,,,,n70_5Bb3q,942,,gutim,70,
70,374.5222,0.9412,144,35,22,943,,B1,,,,,,,,n70_5B1q,943,,gutim,70,
70,374.5222,0.9412,144,37,22,943,,C#2,,,,,,,,n70_5Cs2q,943,,gutim,70,
70,374.5222,0.9412,144,69,22,943,,A4,,,,,,,,n70_5A4q,943,,gutim,70,
70,375.6987,0.3137,144,68,8,944,,Ab4,,,,,,,,n70_1Ab4e,944,,gutim,70,
70,375.6987,0.2353,144,48,11,944,,C3,,,,,,,,n70_5C3s,944,,gutim,70,
70,375.9928,0.7059,144,64,11,945,,E4,,,,,,,,n70_5E4e_0,945,,gutim,70,
70,376.0908,0.3137,144,84,9,946,,C6,,,,,,,,n70_1C6e,946,,gutim,70,
70,376.483,0.1569,144,58,9,947,,Bb3,,,,,,,,n70_1Bb3s_0,947,,gutim,70,
70,376.6791,0.1569,144,68,10,948,,Ab4,,,,,,,,n70_1Ab4s_0,948,,gutim,70,
70,376.8752,0.2353,144,58,10,949,,Bb3,,,,,,,,n70_1Bb3s_1,949,,gutim,70,
70,376.8752,0.2353,144,84,10,949,,C6,,,,,,,,n70_1C6s,949,,gutim,70,
70,377.1693,0.1569,144,68,11,950,,Ab4,,,,,,,,n70_1Ab4s_1,950,,gutim,70,
70,377.2673,0.3137,144,64,11,951,,E4,,,,,,,,n70_5E4e_1,951,,gutim,70,
70,377.3654,0.2353,144,58,11,952,,Bb3,,,,,,,,n70_1Bb3s_2,952,,gutim,70,
70,377.3654,0.2353,144,68,11,952,,Ab4,,,,,,,,n70_1Ab4s_2,952,,gutim,70,
70,377.6595,0.1569,144,68,12,953,,Ab4,,,,,,,,n70_1Ab4s_3,953,,gutim,70,
70,377.6595,0.3137,144,44,11,953,,G#2,,,,,,,,n70_5Gs2e,953,,gutim,70,
70,377.8556,0.1569,144,58,12,954,,Bb3,,,,,,,,n70_1Bb3s_3,954,,gutim,70,
70,377.8556,0.1569,144,68,12,954,,Ab4,,,,,,,,n70_1Ab4s_4,954,,gutim,70,
70,377.8556,0.1569,144,96,12,954,,C7,,,,,,,,n70_1C7s,954,,gutim,70,
70,378.0516,0.0699,144,108,8,955,,C8,,,,,,,,n70_1C8x,955,,gutim,70,
70,378.1252,0.0699,144,64,8,956,,E4,,,,,,,,n70_1E4x_0,956,,gutim,70,
70,378.1987,0.0699,144,73,9,957,,Db5,,,,,,,,n70_1Db5x_0,957,,gutim,70,
70,378.2722,0.0699,144,64,9,958,,E4,,,,,,,,n70_1E4x_1,958,,gutim,70,
70,378.3457,0.1048,144,73,10,959,,Db5,,,,,,,,n70_1Db5x_1,959,,gutim,70,
70,378.456,0.1048,144,64,10,960,,E4,,,,,,,,n70_1E4x_2,960,,gutim,70,
70,378.5663,0.0699,144,73,11,961,,Db5,,,,,,,,n70_1Db5x_2,961,,gutim,70,
70,378.6399,0.1048,144,96,11,962,,C7,,,,,,,,n70_1C7x_0,962,,gutim,70,
70,378.7502,0.1048,144,86,12,963,,D6,,,,,,,,n70_1D6x,963,,gutim,70,
70,378.8359,0.3137,144,81,12,964,,A5,,,,,,,,n70_5A5e,964,,gutim,70,
70,378.8605,0.0699,144,64,13,965,,E4,,,,,,,,n70_1E4x_3,965,,gutim,70,
70,378.934,0.0699,144,73,13,966,,Db5,,,,,,,,n70_1Db5x_3,966,,gutim,70,
70,379.0075,0.0699,144,94,13,967,,Bb6,,,,,,,,n70_1Bb6x_0,967,,gutim,70,
70,379.081,0.0699,144,96,14,968,,C7,,,,,,,,n70_1C7x_1,968,,gutim,70,
70,379.1546,0.0699,144,64,14,969,,E4,,,,,,,,n70_1E4x_4,969,,gutim,70,
70,379.2281,0.0699,144,94,15,970,,Bb6,,,,,,,,n70_1Bb6x_1,970,,gutim,70,
70,379.3016,0.1048,144,56,15,971,,Ab3,,,,,,,,n70_1Ab3x,971,,gutim,70,
70,379.3016,0.1048,144,64,15,971,,E4,,,,,,,,n70_1E4x_5,971,,gutim,70,
70,379.4119,0.0699,144,82,16,972,,Bb5,,,,,,,,n70_1Bb5x_0,972,,gutim,70,
70,379.4855,0.0882,144,44,16,973,,Ab2,,,,,,,,n70_1Ab2x_0,973,,gutim,70,
70,379.5957,0.0588,144,82,17,974,,Bb5,,,,,,,,n70_1Bb5x_1,974,,gutim,70,
70,379.5957,0.0588,144,84,17,974,,C6,,,,,,,,n70_1C6x_0,974,,gutim,70,
70,379.6693,0.0882,144,44,17,975,,Ab2,,,,,,,,n70_1Ab2x_1,975,,gutim,70,
70,379.6693,0.0882,144,52,17,975,,E3,,,,,,,,n70_1E3x_0,975,,gutim,70,
70,379.7796,0.0882,144,82,18,976,,Bb5,,,,,,,,n70_1Bb5x_2,976,,gutim,70,
70,379.7796,0.0882,144,84,18,976,,C6,,,,,,,,n70_1C6x_1,976,,gutim,70,
70,379.8899,0.0588,144,32,18,977,,Ab1,,,,,,,,n70_1Ab1x_0,977,,gutim,70,
70,379.9634,0.0882,144,61,19,978,,Db4,,,,,,,,n70_1Db4x_0,978,,gutim,70,
70,380.0737,0.0882,144,52,14,979,,E3,,,,,,,,n70_1E3x_1,979,,gutim,70,
70,380.0737,0.0882,144,61,14,979,,Db4,,,,,,,,n70_1Db4x_1,979,,gutim,70,
70,380.184,0.0882,144,32,14,980,,Ab1,,,,,,,,n70_1Ab1x_1,980,,gutim,70,
70,380.2943,0.0882,144,44,14,981,,Ab2,,,,,,,,n70_1Ab2x_2,981,,gutim,70,
70,380.2943,0.0882,144,82,14,981,,Bb5,,,,,,,,n70_1Bb5x_3,981,,gutim,70,
,,,,,,,7051,,,,,,,,,,,,gutim,,
,,,,,,,,,,,,,,,,,,78,,,
78,430.9928,3.7647,144,65,11,982,,F4,,,,,,,,n78_1F4w,982,,gutim,78,
78,430.9928,3.7647,144,80,2,982,,G#5,,,,,,,,n78_1Gs5w,982,,gutim,78,
78,430.9928,6.5882,144,63,14,982,,D#4,,,,,,,,n78_2Ds4w,982,,gutim,78,
78,430.9928,0.4706,144,64,14,982,,E4,,,,,,,,n78_5E4e,982,,gutim,78,
78,430.9928,3.7647,144,56,14,982,,G#3,,,,,,,,n78_6Gs3w,982,,gutim,78,
78,431.581,6.1176,144,54,17,983,,F#3,,,,,,,,n78_5Fs3e,983,,gutim,78,
,,,,,,,,,,,,,,,,,,79,,,
79,439.1531,0.06,144,74,8,984,,D5,g,,,,,,,ng79_1D5e,984,,gutim,79,
79,439.2281,2.8235,144,80,20,985,,G#5,,,,,,,,n79_1Gs5q,985,,gutim,79,
79,439.2281,0.9412,144,56,8,985,,G#3,,,,,,,,n79_5Gs3q,985,,gutim,79,
79,439.8163,0.4706,144,81,19,986,,A5,,,,,,,,n79_2A5e,986,,gutim,79,
79,440.4046,2.8235,144,93,22,987,,A6,,,,,,,,n79_2A6h,987,,gutim,79,
79,440.4046,2.8235,144,42,22,987,,F#2,,,,,,,,n79_5Fs2h,987,,gutim,79,
79,442.7575,2.8235,144,87,22,988,,D#6,,,,,,,,n79_1Ds6q,988,,gutim,79,
,,,,,,,,,,,,,,,,,,80,,,
80,443.934,3.7647,144,93,14,989,,A6,,,,,,,,n80_2A6w,989,,gutim,80,
80,443.934,3.7647,144,42,14,989,,F#2,,,,,,,,n80_5Fs2w,989,,gutim,80,
80,446.2119,0.06,144,62,5,990,,D4,g,,,,,,,ng80_1D4e,990,,gutim,80,
80,446.2869,1.8824,144,81,5,991,,A5,,,,,,,,n80_1A5h,991,,gutim,80,
80,448.6399,7.5294,144,69,24,992,,A4,,,,,,,,n80_2A4h,992,,gutim,80,
80,450.4046,6.1176,144,25,17,993,,C#1,,,,,,,,n80_5Cs1e,993,,gutim,80,
,,,,,,,,,,,,,,,,,,81,,,
81,453.1957,0.0712,144,49,5,994,,C#3,g,,,,,,,ng81_1Cs3e,994,,gutim,81,
81,453.2707,0.0712,144,84,5,995,,C6,g,,,,,,,ng81_1C6e,995,,gutim,81,
81,453.3457,4.4706,144,75,20,996,,D#5,,,,,,,,n81_1Ds5w,996,,gutim,81,
81,453.3457,4.4706,144,88,5,996,,E6,,,,,,,,n81_1E6w,996,,gutim,81,
81,455.6987,1.8824,144,35,20,997,,B1,,,,,,,,n81_6B1h,997,,gutim,81,
,,,,,,,7055,,,,,,,,,,,,gutim,,
,,,,,,,,,,,,,,,,,,82,,,
82,463.934,0.9412,144,69,8,998,,A4,,,,,,,,n82_1A4q,998,,gutim,82,
82,463.934,0.9412,144,82,8,998,,Bb5,,,,,,,,n82_1Bb5q,998,,gutim,82,
82,463.934,0.1863,144,37,14,998,,C#2,,,,,,,,n82_5Cs2s_0,998,,gutim,82,
82,463.934,0.6593,144,24,14,998,,C1,,,,,,,,n82_6C1e,998,,gutim,82,
82,464.1301,0.1863,144,35,8,999,,B1,,,,,,,,n82_5B1s_0,999,,gutim,82,
82,464.3261,0.1863,144,37,8,1000,,C#2,,,,,,,,n82_5Cs2s_1,1000,,gutim,82,
82,464.5222,0.1863,144,35,8,1001,,B1,,,,,,,,n82_5B1s_1,1001,,gutim,82,
82,464.7183,0.3137,144,57,8,1002,,A3,,,,,,,,n82_5A3e,1002,,gutim,82,
82,464.7566,0.0944,144,88,8,1003,,E6,,,,,,,,n82_6E6t_0,1003,,gutim,82,
82,464.8745,0.0944,144,24,8,1004,,C1,,,,,,,,n82_6C1t,1004,,gutim,82,
82,464.9925,0.6593,144,88,8,1005,,E6,,,,,,,,n82_6E6t_1,1005,,gutim,82,
,,,,,,,,,,,,,,,,,,83,,,
83,465.1105,0.9412,144,82,8,1006,,Bb5,,,,,,,,n83_1Bb5q,1006,,gutim,83,
83,465.8166,0.1121,144,81,8,1007,,A5,,,,,,,,n83_6A5t_0,1007,,gutim,83,
83,465.9346,0.1121,144,54,8,1008,,F#3,,,,,,,,n83_6Fs3t,1008,,gutim,83,
83,466.0526,0.2241,144,80,8,1009,,G#5,,,,,,,,n83_6Gs5s,1009,,gutim,83,
83,466.2869,0.9412,144,38,8,1010,,D2,,,,,,,,n83_1D2q,1010,,gutim,83,
83,466.2869,0.9412,144,25,8,1010,,C#1,,,,,,,,n83_5Cs1q,1010,,gutim,83,
83,466.2869,0.1121,144,81,8,1010,,A5,,,,,,,,n83_6A5t_1,1010,,gutim,83,
83,466.4049,0.1121,144,80,8,1011,,G#5,,,,,,,,n83_6Gs5t,1011,,gutim,83,
83,466.5228,0.1121,144,36,8,1012,,C2,,,,,,,,n83_6C2t_0,1012,,gutim,83,
83,466.6408,0.1121,144,69,8,1013,,A4,,,,,,,,n83_6A4t_0,1013,,gutim,83,
83,466.7587,0.3347,144,76,8,1014,,E5,,,,,,,,n83_6E5s,1014,,gutim,83,
83,467.1111,0.1121,144,68,8,1015,,G#4,,,,,,,,n83_6Gs4t_0,1015,,gutim,83,
83,467.229,0.1121,144,76,8,1016,,E5,,,,,,,,n83_6E5t_0,1016,,gutim,83,
83,467.347,0.1121,144,68,8,1017,,G#4,,,,,,,,n83_6Gs4t_1,1017,,gutim,83,
83,467.4634,0.2353,144,38,8,1018,,D2,,,,,,,,n83_5D2s,1018,,gutim,83,
83,467.4634,0.1121,144,76,8,1018,,E5,,,,,,,,n83_6E5t_1,1018,,gutim,83,
83,467.5813,0.1121,144,68,8,1019,,G#4,,,,,,,,n83_6Gs4t_2,1019,,gutim,83,
83,467.6993,0.1121,144,42,8,1020,,F#2,,,,,,,,n83_6Fs2t_0,1020,,gutim,83,
83,467.8127,0.1121,144,69,8,1021,,A4,,,,,,,,n83_6A4t_1,1021,,gutim,83,
83,467.8556,0.6275,144,77,8,1022,,F5,,,,,,,,n83_1F5q,1022,,gutim,83,
83,467.9306,0.1121,144,68,8,1023,,G#4,,,,,,,,n83_6Gs4t_3,1023,,gutim,83,
83,468.0516,0.1397,144,66,8,1024,,F#4,,,,,,,,n83_5Fs4t,1024,,gutim,83,
83,468.0516,0.1121,144,69,8,1024,,A4,,,,,,,,n83_6A4t_2,1024,,gutim,83,
83,468.1696,0.1121,144,76,8,1025,,E5,,,,,,,,n83_6E5t_2,1025,,gutim,83,
83,468.1987,0.1397,144,56,8,1026,,G#3,,,,,,,,n83_5Gs3t,1026,,gutim,83,
83,468.286,0.1121,144,68,8,1027,,G#4,,,,,,,,n83_6Gs4t_4,1027,,gutim,83,
83,468.3457,0.1176,144,26,14,1028,,D1,,,,,,,,n83_5D1t,1028,,gutim,83,
83,468.4009,0.1121,144,42,14,1029,,F#2,,,,,,,,n83_6Fs2t_1,1029,,gutim,83,
83,468.5204,0.1135,144,57,14,1030,,A3,,,,,,,,n83_6A3t,1030,,gutim,83,
,,,,,,,7056,,,,,,,,,,,,gutim,,
83,468.6399,0.2353,144,62,8,1031,,D4,,,,,,,,n83_5D4s,1031,,gutim,83,
83,468.6399,0.9412,144,24,14,1031,,C1,,,,,,,,n83_6C1q,1031,,gutim,83,
83,468.6399,0.9412,144,52,14,1031,,E3,,,,,,,,n83_6E3q,1031,,gutim,83,
83,468.6399,0.9412,144,59,14,1031,,B3,,,,,,,,n83_6B3q,1031,,gutim,83,
83,468.934,0.7059,144,36,11,1032,,C2,,,,,,,,n83_5C2e,1032,,gutim,83,
83,469.1086,0.3762,144,45,11,1033,,A2,,,,,,,,n83_1A2e,1033,,gutim,83,
83,469.5789,0.19,144,45,14,1034,,A2,,,,,,,,n83_1A2s,1034,,gutim,83,
83,469.5789,0.19,144,79,14,1034,,G5,,,,,,,,n83_1G5s,1034,,gutim,83,
83,469.8163,0.2353,144,46,15,1035,,Bb2,,,,,,,,n83_5Bb2s_0,1035,,gutim,83,
83,470.1105,0.1569,144,73,17,1036,,Db5,,,,,,,,n83_5Db5s_0,1036,,gutim,83,
83,470.3065,0.1569,144,46,18,1037,,Bb2,,,,,,,,n83_5Bb2s_1,1037,,gutim,83,
83,470.3065,0.1569,144,53,18,1037,,F3,,,,,,,,n83_5F3s,1037,,gutim,83,
83,470.3065,0.1569,144,73,18,1037,,Db5,,,,,,,,n83_5Db5s_1,1037,,gutim,83,
83,470.5026,0.2353,144,33,19,1038,,A1,,,,,,,,n83_5A1s,1038,,gutim,83,
83,470.6467,0.0712,144,81,21,1039,,A5,g,,,,,,,ng83_5A5e,1039,,gutim,83,
83,470.7217,0.0712,144,74,21,1040,,D5,g,,,,,,,ng83_5D5e,1040,,gutim,83,
83,470.7967,0.1863,144,79,22,1041,,G5,,,,,,,,n83_5G5s,1041,,gutim,83,
83,470.9928,0.1397,144,37,11,1042,,C#2,,,,,,,,n83_1Cs2t,1042,,gutim,83,
83,470.9928,1.8824,144,34,22,1042,,Bb1,,,,,,,,n83_5Bb1q,1042,,gutim,83,
83,471.1399,0.1397,144,35,11,1043,,B1,,,,,,,,n83_1B1t,1043,,gutim,83,
83,471.2869,0.1397,144,74,11,1044,,D5,,,,,,,,n83_1D5t,1044,,gutim,83,
83,471.434,0.1397,144,89,11,1045,,F6,,,,,,,,n83_1F6t,1045,,gutim,83,
83,471.8752,0.1397,144,62,22,1046,,D4,,,,,,,,n83_6D4t,1046,,gutim,83,
83,472.0222,0.0699,144,36,22,1047,,C2,,,,,,,,n83_6C2t_1,1047,,gutim,83,
,,,,,,,,,,,,,,,,,,84,,,
84,472.1693,0.3529,144,59,17,1048,,B3,,,,,,,,n84_1B3s,1048,,gutim,84,
84,472.1693,0.9412,144,24,8,1048,,C1,,,,,,,,n84_6C1q,1048,,gutim,84,
84,472.1693,0.9412,144,46,8,1048,,Bb2,,,,,,,,n84_6Bb2q,1048,,gutim,84,
84,472.1693,0.9412,144,52,8,1048,,E3,,,,,,,,n84_6E3q,1048,,gutim,84,
84,472.6105,0.5882,144,82,17,1049,,Bb5,,,,,,,,n84_1Bb5t,1049,,gutim,84,
84,473.3457,0.1397,144,49,11,1050,,C#3,,,,,,,,n84_1Cs3t,1050,,gutim,84,
84,473.4928,0.1397,144,47,12,1051,,B2,,,,,,,,n84_1B2t,1051,,gutim,84,
84,473.6399,0.1397,144,74,14,1052,,D5,,,,,,,,n84_1D5t,1052,,gutim,84,
84,473.7869,0.1397,144,89,16,1053,,F6,,,,,,,,n84_1F6t,1053,,gutim,84,
84,473.934,1.6765,144,69,17,1054,,A4,,,,,,,,n84_1A4e,1054,,gutim,84,
84,474.1301,0.1863,144,52,11,1055,,E3,,,,,,,,n84_5E3s,1055,,gutim,84,
84,474.3261,0.1863,144,62,13,1056,,D4,,,,,,,,n84_5D4s,1056,,gutim,84,
84,474.5222,0.2353,144,34,15,1057,,Bb1,,,,,,,,n84_6Bb1s,1057,,gutim,84,
84,474.8163,0.2353,144,52,17,1058,,E3,,,,,,,,n84_6E3s,1058,,gutim,84,
84,475.0124,0.2353,144,24,8,1059,,C1,,,,,,,,n84_5C1s,1059,,gutim,84,
84,475.1105,0.2353,144,62,20,1060,,D4,,,,,,,,n84_6D4s,1060,,gutim,84,
84,475.3065,0.1569,144,64,11,1061,,E4,,,,,,,,n84_5E4s_0,1061,,gutim,84,
84,475.5026,0.1569,144,42,12,1062,,F#2,,,,,,,,n84_5Fs2s,1062,,gutim,84,
84,475.6987,1.8824,144,68,20,1063,,G#4,,,,,,,,n84_1Gs4h,1063,,gutim,84,
84,475.6987,0.2353,144,64,14,1063,,E4,,,,,,,,n84_5E4s_1,1063,,gutim,84,
84,475.9928,0.1397,144,56,11,1064,,G#3,,,,,,,,n84_5Gs3t_0,1064,,gutim,84,
84,476.1399,0.1397,144,57,10,1065,,A3,,,,,,,,n84_5A3t_0,1065,,gutim,84,
84,476.2869,0.1397,144,56,9,1066,,G#3,,,,,,,,n84_5Gs3t_1,1066,,gutim,84,
84,476.434,0.1397,144,57,7,1067,,A3,,,,,,,,n84_5A3t_1,1067,,gutim,84,
84,476.581,0.0931,144,24,6,1068,,C1,,,,,,,,n84_5C1t,1068,,gutim,84,
84,476.6791,0.1863,144,30,5,1069,,F#1,,,,,,,,n84_5Fs1s,1069,,gutim,84,
84,478.6399,0.4706,144,34,11,1070,,Bb1,,,,,,,,n84_5Bb1e,1070,,gutim,84,
84,478.6399,0.4706,144,52,11,1070,,E3,,,,,,,,n84_5E3e,1070,,gutim,84,
84,478.6399,0.4706,144,62,11,1070,,D4,,,,,,,,n84_5D4e,1070,,gutim,84,
84,478.6399,0.4706,144,64,11,1070,,E4,,,,,,,,n84_5E4e,1070,,gutim,84,
84,478.6399,0.4706,144,24,8,1070,,C1,,,,,,,,n84_6C1e,1070,,gutim,84,
84,478.6399,0.4706,144,30,8,1070,,F#1,,,,,,,,n84_6Fs1e,1070,,gutim,84,
84,478.6399,0.4706,144,56,8,1070,,G#3,,,,,,,,n84_6Gs3e,1070,,gutim,84,
84,478.6399,0.4706,144,57,8,1070,,A3,,,,,,,,n84_6A3e,1070,,gutim,84,
,,,,,,,,,,,,,,,,,,85,,,
85,479.2281,0.4706,144,68,17,1071,,G#4,,,,,,,,n85_1Gs4e,1071,,gutim,85,
85,479.2281,0.4706,144,78,17,1071,,F#5,,,,,,,,n85_1Fs5e,1071,,gutim,85,
85,479.8163,0.3137,144,59,11,1072,,B3,,,,,,,,n85_1B3e,1072,,gutim,85,
85,480.2085,0.0784,144,50,10,1073,,D3,,,,,,,,n85_1D3t_0,1073,,gutim,85,
85,480.3065,0.0784,144,82,9,1074,,Bb5,,,,,,,,n85_1Bb5t_0,1074,,gutim,85,
85,480.4046,0.0784,144,59,9,1075,,B3,,,,,,,,n85_1B3t_0,1075,,gutim,85,
85,480.5026,0.0784,144,82,8,1076,,Bb5,,,,,,,,n85_1Bb5t_1,1076,,gutim,85,
85,480.6007,0.1176,144,59,14,1077,,B3,,,,,,,,n85_1B3t_1,1077,,gutim,85,
85,480.7477,0.1176,144,94,14,1078,,Bb6,,,,,,,,n85_1Bb6t,1078,,gutim,85,
85,480.8948,0.0784,144,50,14,1079,,D3,,,,,,,,n85_1D3t_1,1079,,gutim,85,
,,,,,,,7058,,,,,,,,,,,,gutim,,
,,,,,,,,,,,,,,,,,,87,,,
87,488.225,0.8235,144,84,24,1080,,C6,,,,,,,,n87_1C6e,1080,,gutim,87,
87,488.225,0.8235,144,97,24,1080,,Db7,,,,,,,,n87_1Db7e,1080,,gutim,87,
87,488.225,0.1176,144,52,14,1080,,E3,,,,,,,,n87_5E3t,1080,,gutim,87,
87,488.225,0.1176,144,58,14,1080,,Bb3,,,,,,,,n87_5Bb3t,1080,,gutim,87,
87,488.372,0.3529,144,32,24,1081,,Ab1,,,,,,,,n87_5Ab1s_0,1081,,gutim,87,
87,488.8132,0.3529,144,32,24,1082,,Ab1,,,,,,,,n87_5Ab1s_1,1082,,gutim,87,
87,488.8132,0.3529,144,52,24,1082,,E3,,,,,,,,n87_5E3s,1082,,gutim,87,
87,488.8132,0.3529,144,58,24,1082,,Bb3,,,,,,,,n87_5Bb3s_0,1082,,gutim,87,
87,489.2544,0.1176,144,84,24,1083,,C6,,,,,,,,n87_1C6t_0,1083,,gutim,87,
87,489.2544,0.1176,144,97,24,1083,,Db7,,,,,,,,n87_1Db7t_0,1083,,gutim,87,
87,489.2544,0.1176,144,32,24,1083,,Ab1,,,,,,,,n87_5Ab1t_0,1083,,gutim,87,
87,489.2544,0.1176,144,40,24,1083,,E2,,,,,,,,n87_5E2t_0,1083,,gutim,87,
87,489.4014,0.1176,144,84,23,1084,,C6,,,,,,,,n87_1C6t_1,1084,,gutim,87,
87,489.4014,0.1176,144,97,23,1084,,Db7,,,,,,,,n87_1Db7t_1,1084,,gutim,87,
87,489.4014,0.1176,144,32,23,1084,,Ab1,,,,,,,,n87_5Ab1t_1,1084,,gutim,87,
87,489.4014,0.1176,144,40,23,1084,,E2,,,,,,,,n87_5E2t_1,1084,,gutim,87,
87,489.5485,0.3529,144,72,22,1085,,C5,,,,,,,,n87_1C5s_0,1085,,gutim,87,
87,489.5485,0.3529,144,58,22,1085,,Bb3,,,,,,,,n87_5Bb3s_1,1085,,gutim,87,
87,489.9897,0.2353,144,58,18,1086,,Bb3,,,,,,,,n87_1Bb3s,1086,,gutim,87,
87,489.9897,0.2353,144,72,18,1086,,C5,,,,,,,,n87_1C5s_1,1086,,gutim,87,
87,489.9897,0.5882,144,32,18,1086,,Ab1,,,,,,,,n87_5Ab1e,1086,,gutim,87,
87,489.9897,0.5882,144,40,18,1086,,E2,,,,,,,,n87_5E2e,1086,,gutim,87,
87,490.2838,0.3529,144,72,16,1087,,C5,,,,,,,,n87_1C5s_2,1087,,gutim,87,
87,490.2838,0.3529,144,85,16,1087,,Db6,,,,,,,,n87_1Db6s_0,1087,,gutim,87,
87,490.725,0.3529,144,72,13,1088,,C5,,,,,,,,n87_1C5s_3,1088,,gutim,87,
87,490.725,0.3529,144,85,13,1088,,Db6,,,,,,,,n87_1Db6s_1,1088,,gutim,87,
87,490.725,0.1176,144,32,13,1088,,Ab1,,,,,,,,n87_5Ab1t_3,1088,,gutim,87,
87,490.725,0.1176,144,40,13,1088,,E2,,,,,,,,n87_5E2t_3,1088,,gutim,87,
87,490.872,0.2353,144,32,11,1089,,Ab1,,,,,,,,n87_5Ab1s_2,1089,,gutim,87,
87,490.872,0.2353,144,40,11,1089,,E2,,,,,,,,n87_5E2s_0,1089,,gutim,87,
87,490.872,0.2353,144,46,11,1089,,Bb2,,,,,,,,n87_5Bb2s_0,1089,,gutim,87,
87,491.1661,0.1176,144,60,14,1090,,C4,,,,,,,,n87_1C4t,1090,,gutim,87,
87,491.1661,0.1176,144,73,14,1090,,Db5,,,,,,,,n87_1Db5t,1090,,gutim,87,
87,491.1661,0.1176,144,32,9,1090,,Ab1,,,,,,,,n87_5Ab1t_4,1090,,gutim,87,
87,491.1661,0.1176,144,40,9,1090,,E2,,,,,,,,n87_5E2t_4,1090,,gutim,87,
87,491.1661,0.1176,144,46,14,1090,,Bb2,,,,,,,,n87_5Bb2t,1090,,gutim,87,
87,491.3132,0.3529,144,60,14,1091,,C4,,,,,,,,n87_1C4s,1091,,gutim,87,
87,491.3132,0.3529,144,73,14,1091,,Db5,,,,,,,,n87_1Db5s,1091,,gutim,87,
87,491.3132,0.3529,144,32,14,1091,,Ab1,,,,,,,,n87_5Ab1s_3,1091,,gutim,87,
87,491.3132,0.3529,144,40,14,1091,,E2,,,,,,,,n87_5E2s_1,1091,,gutim,87,
87,491.3132,0.3529,144,46,14,1091,,Bb2,,,,,,,,n87_5Bb2s_1,1091,,gutim,87,
,,,,,,,7059,,,,,,,,,,,,gutim,,
,,,,,,,,,,,,,,,,,,88,,,
88,491.9504,0.1569,144,105,22,1092,,A7,,,,,,,,n88_1A7s,1092,,gutim,88,
88,492.1465,0.6275,144,105,22,1093,,A7,,,,,,,,n88_1A7q,1093,,gutim,88,
88,492.1465,0.3762,144,29,22,1093,,F1,,,,,,,,n88_5F1e_0,1093,,gutim,88,
88,492.6168,0.2512,144,29,22,1094,,F1,,,,,,,,n88_5F1e_1,1094,,gutim,88,
88,492.9308,0.2512,144,29,22,1095,,F1,,,,,,,,n88_5F1e_2,1095,,gutim,88,
88,492.9308,0.2512,144,51,22,1095,,Eb3,,,,,,,,n88_5Eb3e_0,1095,,gutim,88,
88,493.2449,0.3762,144,51,22,1096,,Eb3,,,,,,,,n88_5Eb3e_1,1096,,gutim,88,
88,493.7151,1.1176,144,85,22,1097,,Db6,,,,,,,,n88_1Db6e,1097,,gutim,88,
88,493.7151,0.0784,144,51,14,1097,,Eb3,,,,,,,,n88_5Eb3t,1097,,gutim,88,
88,493.7151,0.0784,144,56,14,1097,,Ab3,,,,,,,,n88_5Ab3t,1097,,gutim,88,
88,493.8132,0.2353,144,51,15,1098,,Eb3,,,,,,,,n88_5Eb3s,1098,,gutim,88,
88,493.8132,0.2353,144,56,15,1098,,Ab3,,,,,,,,n88_5Ab3s,1098,,gutim,88,
88,493.8132,0.2353,144,61,15,1098,,Db4,,,,,,,,n88_5Db4s,1098,,gutim,88,
88,494.1073,0.3725,144,51,17,1099,,Eb3,,,,,,,,n88_5Eb3e_2,1099,,gutim,88,
88,494.1073,0.3137,144,56,17,1099,,Ab3,,,,,,,,n88_5Ab3e,1099,,gutim,88,
88,494.1073,0.3137,144,61,17,1099,,Db4,,,,,,,,n88_5Db4e,1099,,gutim,88,
88,494.4995,0.3137,144,32,20,1100,,Ab1,,,,,,,,n88_5Ab1e,1100,,gutim,88,
88,494.8916,0.1863,144,82,22,1101,,Bb5,,,,,,,,n88_1Bb5s,1101,,gutim,88,
88,494.8916,0.1863,144,32,20,1101,,Ab1,,,,,,,,n88_5Ab1s,1101,,gutim,88,
88,495.0877,0.1863,144,85,22,1102,,Db6,,,,,,,,n88_1Db6s,1102,,gutim,88,
88,495.0877,0.1863,144,42,18,1102,,Gb2,,,,,,,,n88_5Gb2s,1102,,gutim,88,
88,495.1877,0.0712,144,93,14,1103,,A6,g,,,,,,,ng88_1A6e,1103,,gutim,88,
88,495.1877,0.0712,144,96,14,1103,,C7,g,,,,,,,ng88_1C7e_0,1103,,gutim,88,
88,495.2627,0.0712,144,100,15,1104,,E7,g,,,,,,,ng88_1E7e,1104,,gutim,88,
88,495.2627,0.0712,144,63,12,1104,,Eb4,g,,,,,,,ng88_5Eb4e_0,1104,,gutim,88,
88,495.3377,0.0712,144,96,17,1105,,C7,g,,,,,,,ng88_1C7e_1,1105,,gutim,88,
88,495.3377,0.0712,144,53,11,1105,,F3,g,,,,,,,ng88_5F3e_0,1105,,gutim,88,
88,495.4127,0.0712,144,74,18,1106,,D5,g,,,,,,,ng88_1D5e,1106,,gutim,88,
88,495.4127,0.0712,144,63,10,1106,,Eb4,g,,,,,,,ng88_5Eb4e_1,1106,,gutim,88,
88,495.4877,0.0712,144,73,20,1107,,Db5,g,,,,,,,ng88_1Db5e_0,1107,,gutim,88,
88,495.4877,0.0712,144,53,10,1107,,F3,g,,,,,,,ng88_5F3e_1,1107,,gutim,88,
88,495.5627,0.0712,144,68,21,1108,,Ab4,g,,,,,,,ng88_1Ab4e_0,1108,,gutim,88,
88,495.5627,0.0712,144,63,9,1108,,Eb4,g,,,,,,,ng88_5Eb4e_2,1108,,gutim,88,
88,495.6377,0.0712,144,73,22,1109,,Db5,g,,,,,,,ng88_1Db5e_1,1109,,gutim,88,
88,495.6377,0.0712,144,53,9,1109,,F3,g,,,,,,,ng88_5F3e_2,1109,,gutim,88,
88,495.7127,0.0712,144,54,8,1110,,Gb3,g,,,,,,,ng88_5Gb3e,1110,,gutim,88,
88,495.7877,0.7451,144,84,22,1111,,C6,,,,,,,,n88_1C6q,1111,,gutim,88,
88,495.7877,0.7451,144,85,11,1111,,Db6,,,,,,,,n88_1Db6q_1,1111,,gutim,88,
88,495.7877,0.7451,144,87,11,1111,,Eb6,,,,,,,,n88_1Eb6q,1111,,gutim,88,
88,495.7877,0.7451,144,88,11,1111,,Fb6,,,,,,,,n88_1Fb6q,1111,,gutim,88,
88,495.7877,1.1176,144,48,8,1111,,C3,,,,,,,,n88_5C3q,1111,,gutim,88,
88,496.572,0.3137,144,54,17,1112,,Gb3,,,,,,,,n88_1Gb3e,1112,,gutim,88,
88,497.0156,0.0712,144,97,22,1113,,C#7,g,,,,,,,ng88_1Cs7e_0,1113,,gutim,88,
88,497.0906,0.0712,144,108,21,1114,,C8,g,,,,,,,ng88_1C8e_0,1114,,gutim,88,
88,497.1656,0.0712,144,97,20,1115,,C#7,g,,,,,,,ng88_1Cs7e_1,1115,,gutim,88,
88,497.2406,0.0712,144,108,20,1116,,C8,g,,,,,,,ng88_1C8e_1,1116,,gutim,88,
88,497.3156,0.0712,144,97,19,1117,,C#7,g,,,,,,,ng88_1Cs7e_2,1117,,gutim,88,
88,497.3906,0.0712,144,88,18,1118,,E6,g,,,,,,,ng88_1E6e,1118,,gutim,88,
88,497.4656,0.0712,144,106,17,1119,,Bb7,g,,,,,,,ng88_1Bb7e,1119,,gutim,88,
88,497.5406,0.0712,144,76,16,1120,,E5,g,,,,,,,ng88_1E5e_0,1120,,gutim,88,
88,497.6156,0.0712,144,96,16,1121,,C7,g,,,,,,,ng88_1C7e_2,1121,,gutim,88,
88,497.6906,0.0712,144,76,15,1122,,E5,g,,,,,,,ng88_1E5e_1,1122,,gutim,88,
88,497.7656,0.0712,144,94,14,1123,,Bb6,g,,,,,,,ng88_1Bb6e_0,1123,,gutim,88,
88,497.8406,0.0712,144,68,13,1124,,Ab4,g,,,,,,,ng88_1Ab4e_1,1124,,gutim,88,
88,497.9156,0.0712,144,76,13,1125,,E5,g,,,,,,,ng88_1E5e_2,1125,,gutim,88,
88,497.9906,0.0712,144,94,12,1126,,Bb6,g,,,,,,,ng88_1Bb6e_1,1126,,gutim,88,
88,498.0656,0.0712,144,64,11,1127,,E4,g,,,,,,,ng88_1E4e,1127,,gutim,88,
88,498.1406,1.1176,144,71,11,1128,,B4,,,,,,,,n88_1B4q,1128,,gutim,88,
88,498.1406,0.9412,144,56,8,1128,,Ab3,,,,,,,,n88_5Ab3q,1128,,gutim,88,
,,,,,,,,,,,,,,,,,,89,,,
89,499.3171,0.0712,144,85,7,1129,,C#6,g,,,,,,,ng89_1Cs6e,1129,,gutim,89,
89,499.3921,0.0712,144,108,7,1130,,C8,g,,,,,,,ng89_1C8e_0,1130,,gutim,89,
89,499.4671,0.0712,144,97,6,1131,,C#7,g,,,,,,,ng89_1Cs7e,1131,,gutim,89,
89,499.5421,0.0712,144,76,6,1132,,E5,g,,,,,,,ng89_1E5e_0,1132,,gutim,89,
89,499.6171,0.0712,144,106,6,1133,,Bb7,g,,,,,,,ng89_1Bb7e,1133,,gutim,89,
89,499.6921,0.0712,144,76,6,1134,,E5,g,,,,,,,ng89_1E5e_1,1134,,gutim,89,
89,499.7671,0.0712,144,108,5,1135,,C8,g,,,,,,,ng89_1C8e_1,1135,,gutim,89,
89,499.8421,0.0712,144,68,5,1136,,Ab4,g,,,,,,,ng89_1Ab4e,1136,,gutim,89,
89,499.9171,0.0931,144,37,8,1137,,C#2,,,,,,,,n89_5Cs2t_0,1137,,gutim,89,
89,500.0151,0.0931,144,57,8,1138,,A3,,,,,,,,n89_5A3t_0,1138,,gutim,89,
89,500.1132,0.0931,144,50,8,1139,,D3,,,,,,,,n89_5D3t_0,1139,,gutim,89,
89,500.2112,0.0931,144,37,8,1140,,C#2,,,,,,,,n89_5Cs2t_1,1140,,gutim,89,
89,500.3093,0.0931,144,57,8,1141,,A3,,,,,,,,n89_5A3t_1,1141,,gutim,89,
89,500.4073,0.0931,144,50,8,1142,,D3,,,,,,,,n89_5D3t_1,1142,,gutim,89,
89,500.5053,0.0931,144,57,8,1143,,A3,,,,,,,,n89_5A3t_2,1143,,gutim,89,
89,500.6034,0.3725,144,50,8,1144,,D3,,,,,,,,n89_5D3e_0,1144,,gutim,89,
89,500.7995,0.1397,144,34,20,1145,,Bb1,,,,,,,,n89_1Bb1t_0,1145,,gutim,89,
89,500.9465,0.1176,144,34,21,1146,,Bb1,,,,,,,,n89_1Bb1t_1,1146,,gutim,89,
89,500.9465,0.1176,144,66,21,1146,,Gb4,,,,,,,,n89_1Gb4t,1146,,gutim,89,
89,501.0936,0.9412,144,75,22,1147,,Eb5,,,,,,,,n89_1Eb5q,1147,,gutim,89,
89,501.0936,0.0944,144,72,22,1147,,C5,,,,,,,,n89_2C5t,1147,,gutim,89,
89,501.0936,0.1176,144,34,22,1147,,Bb1,,,,,,,,n89_5Bb1t,1147,,gutim,89,
89,501.0936,0.1176,144,66,22,1147,,Gb4,,,,,,,,n89_5Gb4t,1147,,gutim,89,
89,501.3295,0.1121,144,61,14,1148,,Db4,,,,,,,,n89_2Db4t_0,1148,,gutim,89,
89,501.4474,0.1121,144,70,13,1149,,Bb4,,,,,,,,n89_2Bb4t,1149,,gutim,89,
89,501.5654,0.1121,144,61,12,1150,,Db4,,,,,,,,n89_2Db4t_1,1150,,gutim,89,
89,501.6818,0.0931,144,57,8,1151,,A3,,,,,,,,n89_5A3t_3,1151,,gutim,89,
89,501.6833,0.3347,144,52,11,1152,,E3,,,,,,,,n89_2E3s,1152,,gutim,89,
89,501.7799,0.0931,144,50,8,1153,,D3,,,,,,,,n89_5D3t_2,1153,,gutim,89,
89,501.8779,0.1863,144,41,8,1154,,F2,,,,,,,,n89_5F2s_0,1154,,gutim,89,
89,502.0357,0.2227,144,44,8,1155,,G#2,,,,,,,,n89_2Gs2s,1155,,gutim,89,
89,502.074,0.1863,144,35,8,1156,,B1,,,,,,,,n89_5B1s,1156,,gutim,89,
89,502.27,0.6275,144,35,8,1157,,B1,,,,,,,,n89_5B1q_0,1157,,gutim,89,
89,502.27,0.6275,144,41,8,1157,,F2,,,,,,,,n89_5F2q_0,1157,,gutim,89,
89,502.27,0.6275,144,50,8,1157,,D3,,,,,,,,n89_5D3q_0,1157,,gutim,89,
89,502.27,0.6275,144,57,8,1157,,A3,,,,,,,,n89_5A3q_0,1157,,gutim,89,
89,502.4171,0.1176,144,84,22,1158,,C6,,,,,,,,n89_1C6t,1158,,gutim,89,
89,502.5642,0.2353,144,62,22,1159,,D4,,,,,,,,n89_1D4s,1159,,gutim,89,
89,502.5642,0.2353,144,84,22,1159,,C6,,,,,,,,n89_1C6s,1159,,gutim,89,
89,503.0544,0.9412,144,35,8,1160,,B1,,,,,,,,n89_5B1e,1160,,gutim,89,
89,503.0544,0.9412,144,41,8,1160,,F2,,,,,,,,n89_5F2e_0,1160,,gutim,89,
89,503.0544,0.9412,144,50,8,1160,,D3,,,,,,,,n89_5D3e_1,1160,,gutim,89,
89,503.0544,0.9412,144,57,8,1160,,A3,,,,,,,,n89_5A3e,1160,,gutim,89,
89,503.1202,0.0626,144,63,8,1161,,D#4,,,,,,,,n89_1Ds4x_0,1161,,gutim,89,
89,503.1861,0.0626,144,59,9,1162,,B3,,,,,,,,n89_1B3x,1162,,gutim,89,
89,503.252,0.0626,144,68,10,1163,,G#4,,,,,,,,n89_1Gs4x_0,1163,,gutim,89,
89,503.3178,0.0626,144,63,12,1164,,D#4,,,,,,,,n89_1Ds4x_1,1164,,gutim,89,
89,503.3837,0.0626,144,68,13,1165,,G#4,,,,,,,,n89_1Gs4x_1,1165,,gutim,89,
89,503.4496,0.0931,144,63,14,1166,,D#4,,,,,,,,n89_1Ds4t,1166,,gutim,89,
89,503.5446,0.0931,144,68,16,1167,,G#4,,,,,,,,n89_1Gs4t,1167,,gutim,89,
89,503.6426,0.0931,144,59,17,1168,,B3,,,,,,,,n89_1B3t,1168,,gutim,89,
89,503.7406,0.0931,144,31,19,1169,,G1,,,,,,,,n89_1G1t_0,1169,,gutim,89,
89,503.8387,0.1863,144,21,21,1170,,A0,,,,,,,,n89_1A0s_0,1170,,gutim,89,
89,504.2308,0.3137,144,23,20,1171,,B0,,,,,,,,n89_5B0e,1171,,gutim,89,
89,504.2308,0.3137,144,37,20,1171,,C#2,,,,,,,,n89_5Cs2e,1171,,gutim,89,
89,504.2308,0.3137,144,41,20,1171,,F2,,,,,,,,n89_5F2e_1,1171,,gutim,89,
89,504.2308,0.3137,144,50,20,1171,,D3,,,,,,,,n89_5D3e_2,1171,,gutim,89,
89,504.3289,0.0931,144,31,22,1172,,G1,,,,,,,,n89_1G1t_1,1172,,gutim,89,
89,504.4269,0.7451,144,21,22,1173,,A0,,,,,,,,n89_1A0s_1,1173,,gutim,89,
89,505.0151,0.0784,144,23,24,1174,,B0,,,,,,,,n89_5B0s,1174,,gutim,89,
89,505.0151,0.1569,144,37,24,1174,,C#2,,,,,,,,n89_5Cs2s,1174,,gutim,89,
89,505.0151,0.1569,144,41,24,1174,,F2,,,,,,,,n89_5F2s_1,1174,,gutim,89,
89,505.0151,0.1569,144,50,24,1174,,D3,,,,,,,,n89_5D3s,1174,,gutim,89,
,,,,,,,7063,,,,,,,,,,,,gutim,,
,,,,,,,,,,,,,,,,,,90,,,
90,505.7995,3.7647,144,23,14,1175,,B0,,,,,,,,n90_5B0w,1175,,gutim,90,
90,505.7995,3.7647,144,37,14,1175,,C#2,,,,,,,,n90_5Cs2w,1175,,gutim,90,
90,505.7995,3.7647,144,41,14,1175,,F2,,,,,,,,n90_5F2w,1175,,gutim,90,
90,505.7995,3.7647,144,50,14,1175,,D3,,,,,,,,n90_5D3w,1175,,gutim,90,
,,,,,,,7064,,,,,,,,,,,,gutim,,
,,,,,,,,,,,,,,,,,,91,,,
91,515.2112,0.5588,144,43,17,1176,,G2,,,,,,,,n91_5G2e,1176,,gutim,91,
91,515.7995,0.1176,144,86,5,1177,,D6,,,,,,,,n91_1D6t,1177,,gutim,91,
91,515.7995,0.2794,144,21,10,1177,,A0,,,,,,,,n91_5A0s,1177,,gutim,91,
91,515.9465,0.1176,144,40,5,1178,,E2,,,,,,,,n91_1E2t,1178,,gutim,91,
91,516.0936,0.1176,144,49,5,1179,,C#3,,,,,,,,n91_1Cs3t,1179,,gutim,91,
91,516.3877,3.7647,144,80,11,1180,,G#5,,,,,,,,n91_1Gs5w,1180,,gutim,91,
91,516.3877,0.0931,144,82,5,1180,,A#5,,,,,,,,n91_2As5t,1180,,gutim,91,
91,516.3877,3.7647,144,45,24,1180,,A2,,,,,,,,n91_6A2w,1180,,gutim,91,
91,516.3877,3.7647,144,48,14,1180,,C3,,,,,,,,n91_6C3w,1180,,gutim,91,
91,516.4857,0.0931,144,68,6,1181,,G#4,,,,,,,,n91_2Gs4t,1181,,gutim,91,
91,516.5838,0.0931,144,42,8,1182,,F#2,,,,,,,,n91_2Fs2t,1182,,gutim,91,
91,516.6818,0.8382,144,50,8,1183,,D3,,,,,,,,n91_2D3e,1183,,gutim,91,
91,517.4892,0.0712,144,91,2,1184,,G6,g,,,,,,,ng91_2G6e,1184,,gutim,91,
91,517.5642,0.5588,144,80,14,1185,,G#5,,,,,,,,n91_2Gs5e,1185,,gutim,91,
91,518.1524,0.5588,144,21,15,1186,,A0,,,,,,,,n91_2A0e,1186,,gutim,91,
91,518.7406,0.5588,144,43,14,1187,,G2,,,,,,,,n91_2G2e,1187,,gutim,91,
91,519.2539,0.06,144,63,13,1188,,D#4,g,,,,,,,ng91_2Ds4e,1188,,gutim,91,
91,519.3289,3.9908,144,59,13,1189,,B3,,,,,,,,n91_2B3q,1189,,gutim,91,
91,520.5053,2.8641,144,40,5,1190,,E2,,,,,,,,n91_5E2e,1190,,gutim,91,
91,523.5297,0.1418,144,43,8,1191,,G2,,,,,,,,n91_2G2s,1191,,gutim,91,
91,523.6789,0.1318,144,33,7,1192,,A1,,,,,,,,n91_2A1s,1192,,gutim,91,
,,,,,,,,,,,,,,,,,,92,,,
92,523.8176,0.1272,144,51,5,1193,,Eb3,,,,,,,,n92_2Eb3s,1193,,gutim,92,
92,524.0855,0.1272,144,72,5,1194,,C5,,,,,,,,n92_2C5s,1194,,gutim,92,
92,524.2194,0.0636,144,49,5,1195,,Db3,,,,,,,,n92_2Db3s,1195,,gutim,92,
,,,,,,,7065,,,,,,,,,,,,gutim,,
92,524.3533,3.0536,144,80,14,1196,,Ab5,,,,,,,,n92_1Ab5w,1196,,gutim,92,
92,524.3533,1.7812,144,68,5,1196,,Ab4,,,,,,,,n92_5Ab4h,1196,,gutim,92,
92,526.2283,0.0848,144,59,5,1197,,B3,,,,,,,,n92_5B3s,1197,,gutim,92,
92,526.3176,0.0714,144,45,5,1198,,A2,,,,,,,,n92_5A2s,1198,,gutim,92,
92,526.4069,0.0424,144,63,5,1199,,D#4,,,,,,,,n92_5Ds4t,1199,,gutim,92,
92,526.4515,0.0424,144,21,4,1200,,A0,,,,,,,,n92_5A0t,1200,,gutim,92,
92,526.4962,1.0179,144,47,2,1201,,B2,,,,,,,,n92_5B2h,1201,,gutim,92,
92,527.5676,0.0563,144,40,11,1202,,E2,,,,,,,,n92_1E2t,1202,,gutim,92,
92,527.6269,0.0563,144,74,11,1203,,D5,,,,,,,,n92_1D5t,1203,,gutim,92,
92,527.6862,0.0296,144,49,11,1204,,C#3,,,,,,,,n92_1Cs3t,1204,,gutim,92,
92,527.7455,0.0296,144,60,11,1205,,C4,,,,,,,,n92_1C4t,1205,,gutim,92,
92,527.8048,0.0296,144,86,14,1206,,D6,,,,,,,,n92_1D6t,1206,,gutim,92,
92,527.8641,0.0296,144,52,14,1207,,E3,,,,,,,,n92_1E3t,1207,,gutim,92,
92,527.9234,0.0848,144,72,14,1208,,C5,,,,,,,,n92_1C5t,1208,,gutim,92,
92,528.0126,0.0848,144,61,14,1209,,C#4,,,,,,,,n92_1Cs4t,1209,,gutim,92,
92,528.1019,0.2857,144,92,17,1210,,G#6,,,,,,,,n92_1Gs6q,1210,,gutim,92,
92,528.4605,0.2857,144,52,17,1211,,E3,,,,,,,,n92_1E3e,1211,,gutim,92,
,,,,,,,,,,,,,,,,,,93,,,
93,528.639,1.5268,144,43,5,1212,,G2,,,,,,,,n93_6G2h,1212,,gutim,93,
93,528.8176,0.2857,144,61,17,1213,,C#4,,,,,,,,n93_1Cs4q,1213,,gutim,93,
93,529.1747,0.2857,144,80,20,1214,,G#5,,,,,,,,n93_1Gs5q_0,1214,,gutim,93,
93,529.5319,0.2857,144,86,20,1215,,D6,,,,,,,,n93_1D6q,1215,,gutim,93,
93,529.889,0.1429,144,49,20,1216,,C#3,,,,,,,,n93_1Cs3e,1216,,gutim,93,
93,530.0676,0.0714,144,40,20,1217,,E2,,,,,,,,n93_1E2s,1217,,gutim,93,
93,530.1569,0.0714,144,72,20,1218,,C5,,,,,,,,n93_1C5s,1218,,gutim,93,
93,530.2462,5.7,144,80,20,1219,,G#5,,,,,,,,n93_1Gs5q_1,1219,,gutim,93,
93,530.2462,0.2545,144,47,5,1219,,B2,,,,,,,,n93_6B2e,1219,,gutim,93,
93,530.7819,6.8571,144,32,8,1220,,Ab1,,,,,,,,n93_6Ab1w,1220,,gutim,93,
,,,,,,,,,,,,,,,,,,94,,,
94,534.3533,0.0563,144,69,2,1221,,A4,,,,,,,,n94_2A4t,1221,,gutim,94,
94,534.4126,0.0563,144,63,2,1222,,Eb4,,,,,,,,n94_2Eb4t,1222,,gutim,94,
94,534.4719,0.057,144,36,2,1223,,C2,,,,,,,,n94_2C2t,1223,,gutim,94,
,,,,,,,,,,,,,,,,,,95,,,
95,537.2105,1.7143,144,31,2,1224,,G1,,,,,,,,n95_5G1w,1224,,gutim,95,
95,537.5962,0.0712,144,82,8,1225,,Bb5,g,,,,,,,ng95_1Bb5e,1225,,gutim,95,
95,537.6712,0.0712,144,103,8,1226,,G7,g,,,,,,,ng95_1G7e,1226,,gutim,95,
95,537.7462,1.0179,144,40,5,1227,,E2,,,,,,,,n95_1E2h,1227,,gutim,95,
95,538.8176,1.0179,144,86,20,1228,,D6,,,,,,,,n95_1D6h,1228,,gutim,95,
95,539.889,0.2545,144,72,17,1229,,C5,,,,,,,,n95_1C5e,1229,,gutim,95,
95,540.1569,0.0848,144,49,16,1230,,C#3,,,,,,,,n95_1Cs3s,1230,,gutim,95,
95,540.3355,0.0848,144,61,14,1231,,C#4,,,,,,,,n95_1Cs4s,1231,,gutim,95,
95,540.4247,1.0179,144,92,14,1232,,G#6,,,,,,,,n95_1Gs6h,1232,,gutim,95,
95,540.9605,4.7143,144,62,5,1233,,D4,,,,,,,,n95_5D4q,1233,,gutim,95,
,,,,,,,,,,,,,,,,,,96,,,
96,541.4962,4.0714,144,85,24,1234,,C#6,,,,,,,,n96_1Cs6b,1234,,gutim,96,
,,,,,,,,,,,,,,,,,,97,,,
97,546.8533,5.0893,144,54,14,1235,,F#3,,,,,,,,n97_1Fs3w,1235,,gutim,97,
97,546.8533,1.2723,144,49,8,1235,,C#3,,,,,,,,n97_5Cs3h,1235,,gutim,97,
97,548.1926,1.2723,144,53,5,1236,,F3,,,,,,,,n97_5F3e,1236,,gutim,97,
,,,,,,,,,,,,,,,,,,98,,,
98,552.2105,1.2723,144,65,5,1237,,F4,,,,,,,,n98_1F4h,1237,,gutim,98,
98,553.5497,0.6362,144,43,2,1238,,G2,,,,,,,,n98_1G2e_0,1238,,gutim,98,
,,,,,,,7067,,,,,,,,,,,,gutim,,
,,,,,,,,,,,,,,,,,,104,,,
104,592.9247,0.0712,144,85,7,1239,,C#6,g,,,,,,,ng104_1Cs6e,1239,,gutim,104,
104,592.9997,0.0712,144,108,7,1240,,C8,g,,,,,,,ng104_1C8e_0,1240,,gutim,104,
104,593.0747,0.0712,144,97,6,1241,,C#7,g,,,,,,,ng104_1Cs7e,1241,,gutim,104,
104,593.1497,0.0712,144,76,14,1242,,E5,g,,,,,,,ng104_1E5e_0,1242,,gutim,104,
104,593.2247,0.0712,144,106,6,1243,,Bb7,g,,,,,,,ng104_1Bb7e,1243,,gutim,104,
104,593.2997,0.0712,144,76,14,1244,,E5,g,,,,,,,ng104_1E5e_1,1244,,gutim,104,
104,593.3747,0.0712,144,108,5,1245,,C8,g,,,,,,,ng104_1C8e_1,1245,,gutim,104,
104,593.4497,0.0712,144,68,14,1246,,Ab4,g,,,,,,,ng104_1Ab4e,1246,,gutim,104,
104,593.5247,0.0848,144,37,14,1247,,C#2,,,,,,,,n104_5Cs2t_0,1247,,gutim,104,
104,593.614,0.0848,144,57,8,1248,,A3,,,,,,,,n104_5A3t_0,1248,,gutim,104,
104,593.7033,0.0848,144,50,8,1249,,D3,,,,,,,,n104_5D3t_0,1249,,gutim,104,
104,593.7926,0.0848,144,37,8,1250,,C#2,,,,,,,,n104_5Cs2t_1,1250,,gutim,104,
104,593.8819,0.0848,144,57,8,1251,,A3,,,,,,,,n104_5A3t_1,1251,,gutim,104,
104,593.9712,0.0848,144,50,8,1252,,D3,,,,,,,,n104_5D3t_1,1252,,gutim,104,
104,594.0605,0.0848,144,57,8,1253,,A3,,,,,,,,n104_5A3t_2,1253,,gutim,104,
104,594.1497,0.3393,144,50,8,1254,,D3,,,,,,,,n104_5D3e_0,1254,,gutim,104,
104,594.3283,0.1272,144,34,20,1255,,Bb1,,,,,,,,n104_1Bb1t_0,1255,,gutim,104,
104,594.4622,0.1071,144,34,21,1256,,Bb1,,,,,,,,n104_1Bb1t_1,1256,,gutim,104,
104,594.4622,0.1071,144,66,21,1256,,Gb4,,,,,,,,n104_1Gb4t,1256,,gutim,104,
104,594.5962,0.8571,144,75,22,1257,,Eb5,,,,,,,,n104_1Eb5q,1257,,gutim,104,
104,594.5962,0.0859,144,72,22,1257,,C5,,,,,,,,n104_2C5t,1257,,gutim,104,
104,594.5962,0.1071,144,34,22,1257,,Bb1,,,,,,,,n104_5Bb1t,1257,,gutim,104,
104,594.5962,0.1071,144,66,22,1257,,Gb4,,,,,,,,n104_5Gb4t,1257,,gutim,104,
104,594.811,0.1021,144,61,14,1258,,Db4,,,,,,,,n104_2Db4t_0,1258,,gutim,104,
104,594.9184,0.1021,144,70,13,1259,,Bb4,,,,,,,,n104_2Bb4t,1259,,gutim,104,
104,595.0259,0.1021,144,61,12,1260,,Db4,,,,,,,,n104_2Db4t_1,1260,,gutim,104,
104,595.1319,0.0848,144,57,8,1261,,A3,,,,,,,,n104_5A3t_3,1261,,gutim,104,
104,595.1333,0.3048,144,52,11,1262,,E3,,,,,,,,n104_2E3s,1262,,gutim,104,
104,595.2212,0.0848,144,50,8,1263,,D3,,,,,,,,n104_5D3t_2,1263,,gutim,104,
104,595.3105,0.1696,144,41,8,1264,,F2,,,,,,,,n104_5F2s_0,1264,,gutim,104,
104,595.4542,0.2028,144,44,8,1265,,G#2,,,,,,,,n104_2Gs2s,1265,,gutim,104,
104,595.489,0.1696,144,35,8,1266,,B1,,,,,,,,n104_5B1s,1266,,gutim,104,
104,595.6676,0.5714,144,35,8,1267,,B1,,,,,,,,n104_5B1q_0,1267,,gutim,104,
104,595.6676,0.5714,144,41,8,1267,,F2,,,,,,,,n104_5F2q_0,1267,,gutim,104,
104,595.6676,0.5714,144,50,8,1267,,D3,,,,,,,,n104_5D3q_0,1267,,gutim,104,
104,595.6676,0.5714,144,57,8,1267,,A3,,,,,,,,n104_5A3q_0,1267,,gutim,104,
104,595.8015,0.1071,144,84,22,1268,,C6,,,,,,,,n104_1C6t,1268,,gutim,104,
104,595.9355,0.2143,144,62,22,1269,,D4,,,,,,,,n104_1D4s,1269,,gutim,104,
104,595.9355,0.2143,144,84,22,1269,,C6,,,,,,,,n104_1C6s,1269,,gutim,104,
104,596.3819,0.8571,144,35,8,1270,,B1,,,,,,,,n104_5B1e,1270,,gutim,104,
104,596.3819,0.8571,144,41,8,1270,,F2,,,,,,,,n104_5F2e_0,1270,,gutim,104,
104,596.3819,0.8571,144,50,8,1270,,D3,,,,,,,,n104_5D3e_1,1270,,gutim,104,
104,596.3819,0.8571,144,57,8,1270,,A3,,,,,,,,n104_5A3e,1270,,gutim,104,
104,596.4419,0.057,144,63,8,1271,,D#4,,,,,,,,n104_1Ds4x_0,1271,,gutim,104,
104,596.5019,0.057,144,59,9,1272,,B3,,,,,,,,n104_1B3x,1272,,gutim,104,
104,596.5619,0.057,144,68,10,1273,,G#4,,,,,,,,n104_1Gs4x_0,1273,,gutim,104,
104,596.6218,0.057,144,63,12,1274,,D#4,,,,,,,,n104_1Ds4x_1,1274,,gutim,104,
104,596.6818,0.057,144,68,13,1275,,G#4,,,,,,,,n104_1Gs4x_1,1275,,gutim,104,
104,596.7418,0.0848,144,63,14,1276,,D#4,,,,,,,,n104_1Ds4t,1276,,gutim,104,
104,596.8283,0.0848,144,68,16,1277,,G#4,,,,,,,,n104_1Gs4t,1277,,gutim,104,
104,596.9176,0.0848,144,59,17,1278,,B3,,,,,,,,n104_1B3t,1278,,gutim,104,
104,597.0069,0.0848,144,31,19,1279,,G1,,,,,,,,n104_1G1t_0,1279,,gutim,104,
104,597.0962,0.1696,144,21,21,1280,,A0,,,,,,,,n104_1A0s_0,1280,,gutim,104,
104,597.4533,0.2857,144,23,20,1281,,B0,,,,,,,,n104_5B0e,1281,,gutim,104,
104,597.4533,0.2857,144,37,20,1281,,C#2,,,,,,,,n104_5Cs2e,1281,,gutim,104,
104,597.4533,0.2857,144,41,20,1281,,F2,,,,,,,,n104_5F2e_1,1281,,gutim,104,
104,597.4533,0.2857,144,50,20,1281,,D3,,,,,,,,n104_5D3e_2,1281,,gutim,104,
104,597.5426,0.0848,144,31,22,1282,,G1,,,,,,,,n104_1G1t_1,1282,,gutim,104,
104,597.6319,0.6786,144,21,14,1283,,A0,,,,,,,,n104_1A0s_1,1283,,gutim,104,
104,598.1676,0.0714,144,23,14,1284,,B0,,,,,,,,n104_5B0s,1284,,gutim,104,
104,598.1676,0.1429,144,37,14,1284,,C#2,,,,,,,,n104_5Cs2s,1284,,gutim,104,
104,598.1676,0.1429,144,41,14,1284,,F2,,,,,,,,n104_5F2s_1,1284,,gutim,104,
104,598.1676,0.1429,144,50,14,1284,,D3,,,,,,,,n104_5D3s,1284,,gutim,104,
,,,,,,,7068,,,,,,,,,,,,gutim,,
104,598.8819,1.2857,144,23,14,1285,,B0,,,,,,,,n104_5B0h,1285,,gutim,104,
104,598.8819,1.2857,144,37,14,1285,,C#2,,,,,,,,n104_5Cs2h,1285,,gutim,104,
104,598.8819,1.2857,144,41,14,1285,,F2,,,,,,,,n104_5F2h,1285,,gutim,104,
104,598.8819,1.2857,144,50,14,1285,,D3,,,,,,,,n104_5D3h,1285,,gutim,104,
,,,,,,,7070,,,,,,,,,,,,gutim,,
,,,,,,,,,,,,,,,,,,108,,,
108,617.8774,0.0781,144,55,20,1286,,G3,,,,,,,,n108_5G3t_0,1286,,gutim,108,
108,618.0337,0.0781,144,55,8,1287,,G3,,,,,,,,n108_5G3t_1,1287,,gutim,108,
108,618.0337,0.125,144,59,8,1287,,B3,,,,,,,,n108_5B3t_0,1287,,gutim,108,
108,618.1899,2.125,144,55,8,1288,,G3,,,,,,,,n108_5G3t_2,1288,,gutim,108,
108,618.1899,2.125,144,59,8,1288,,B3,,,,,,,,n108_5B3t_1,1288,,gutim,108,
108,620.2212,0.0742,144,102,5,1289,,Gb7,,,,,,,,n108_2Gb7x,1289,,gutim,108,
108,620.2993,0.0742,144,76,6,1290,,E5,,,,,,,,n108_2E5x,1290,,gutim,108,
108,620.3774,0.0742,144,89,7,1291,,F6,,,,,,,,n108_2F6x,1291,,gutim,108,
108,620.4555,0.0742,144,84,8,1292,,C6,,,,,,,,n108_2C6x_0,1292,,gutim,108,
108,620.5337,0.0742,144,80,9,1293,,Ab5,,,,,,,,n108_2Ab5x,1293,,gutim,108,
108,620.6118,0.1113,144,64,10,1294,,E4,,,,,,,,n108_2E4x,1294,,gutim,108,
108,620.729,0.1113,144,84,11,1295,,C6,,,,,,,,n108_2C6x_1,1295,,gutim,108,
108,620.8462,1.0,144,48,8,1296,,C3,,,,,,,,n108_5C3q,1296,,gutim,108,
108,620.8462,1.0,144,55,8,1296,,G3,,,,,,,,n108_5G3q,1296,,gutim,108,
108,620.8462,1.0,144,59,8,1296,,B3,,,,,,,,n108_5B3q,1296,,gutim,108,
108,621.3462,0.0712,144,38,17,1297,,D2,g,,,,,,,ng108_6D2e_0,1297,,gutim,108,
108,621.4212,0.0712,144,48,16,1298,,C3,g,,,,,,,ng108_6C3e_0,1298,,gutim,108,
108,621.4962,0.0712,144,38,14,1299,,D2,g,,,,,,,ng108_6D2e_1,1299,,gutim,108,
108,621.5712,0.0712,144,52,13,1300,,E3,g,,,,,,,ng108_6E3e_0,1300,,gutim,108,
108,621.6462,0.0712,144,37,12,1301,,Db2,g,,,,,,,ng108_6Db2e_0,1301,,gutim,108,
108,621.7212,0.057,144,33,10,1302,,A1,g,,,,,,,ng108_6A1e_0,1302,,gutim,108,
108,621.7212,0.0712,144,38,10,1302,,D2,g,,,,,,,ng108_6D2e_2,1302,,gutim,108,
108,621.7212,0.0712,144,48,10,1302,,C3,g,,,,,,,ng108_6C3e_1,1302,,gutim,108,
108,621.7212,0.0712,144,52,10,1302,,E3,g,,,,,,,ng108_6E3e_1,1302,,gutim,108,
108,621.7962,0.0712,144,37,9,1303,,Db2,g,,,,,,,ng108_6Db2e_1,1303,,gutim,108,
108,621.8712,0.0712,144,64,8,1304,,E4,g,,,,,,,ng108_6E4e,1304,,gutim,108,
108,621.9462,0.0712,144,33,6,1305,,A1,g,,,,,,,ng108_6A1e_1,1305,,gutim,108,
108,622.0212,0.0712,144,37,5,1306,,Db2,g,,,,,,,ng108_6Db2e_2,1306,,gutim,108,
108,622.0962,0.4453,144,68,11,1307,,Ab4,,,,,,,,n108_2Ab4s,1307,,gutim,108,
108,622.5649,0.2969,144,62,11,1308,,D4,,,,,,,,n108_2D4s,1308,,gutim,108,
108,622.8774,0.4453,144,49,11,1309,,C#3,,,,,,,,n108_2Cs3s,1309,,gutim,108,
108,623.0337,0.1484,144,37,5,1310,,Db2,,,,,,,,n108_6Db2t_0,1310,,gutim,108,
108,623.1899,0.125,144,37,8,1311,,Db2,,,,,,,,n108_6Db2t_1,1311,,gutim,108,
,,,,,,,,,,,,,,,,,,109,,,
109,623.3462,0.1484,144,100,8,1312,,E7,,,,,,,,n109_1E7t,1312,,gutim,109,
109,623.3462,0.5,144,37,11,1312,,Db2,,,,,,,,n109_5Db2e,1312,,gutim,109,
109,623.3462,0.5,144,52,11,1312,,E3,,,,,,,,n109_5E3e,1312,,gutim,109,
109,623.5024,0.1484,144,68,9,1313,,Ab4,,,,,,,,n109_1Ab4t_0,1313,,gutim,109,
109,623.6587,0.2227,144,58,10,1314,,Bb3,,,,,,,,n109_1Bb3t_0,1314,,gutim,109,
109,623.893,0.2227,144,96,11,1315,,C7,,,,,,,,n109_1C7t_0,1315,,gutim,109,
109,623.9712,0.25,144,76,8,1316,,E5,,,,,,,,n109_5E5s,1316,,gutim,109,
109,624.1274,0.1484,144,68,12,1317,,Ab4,,,,,,,,n109_1Ab4t_1,1317,,gutim,109,
109,624.2837,0.1484,144,58,13,1318,,Bb3,,,,,,,,n109_1Bb3t_1,1318,,gutim,109,
109,624.2837,0.25,144,88,8,1318,,E6,,,,,,,,n109_5E6s,1318,,gutim,109,
109,624.4399,0.1484,144,96,14,1319,,C7,,,,,,,,n109_1C7t_1,1319,,gutim,109,
109,624.5962,0.099,144,64,5,1320,,E4,,,,,,,,n109_1E4t_0,1320,,gutim,109,
109,624.5962,0.1042,144,44,11,1320,,G#2,,,,,,,,n109_5Gs2s,1320,,gutim,109,
109,624.5962,0.6667,144,53,11,1320,,F3,,,,,,,,n109_5F3s,1320,,gutim,109,
109,624.7003,0.099,144,78,5,1321,,F#5,,,,,,,,n109_1Fs5t,1321,,gutim,109,
109,624.8045,0.099,144,72,6,1322,,C5,,,,,,,,n109_1C5t_0,1322,,gutim,109,
109,624.9087,0.1484,144,64,6,1323,,E4,,,,,,,,n109_1E4t_1,1323,,gutim,109,
109,625.0649,0.1484,144,72,7,1324,,C5,,,,,,,,n109_1C5t_1,1324,,gutim,109,
109,625.2212,0.1979,144,78,8,1325,,F#5,,,,,,,,n109_1Fs5s,1325,,gutim,109,
109,625.4295,1.0,144,76,8,1326,,E5,,,,,,,,n109_1E5e_0,1326,,gutim,109,
109,625.4295,1.0,144,80,8,1326,,G#5,,,,,,,,n109_1Gs5e_0,1326,,gutim,109,
109,625.4295,0.3333,144,48,11,1326,,C3,,,,,,,,n109_5C3e_0,1326,,gutim,109,
109,625.8462,0.1484,144,37,11,1327,,C#2,,,,,,,,n109_5Cs2t_0,1327,,gutim,109,
109,626.0024,0.1484,144,45,11,1328,,A2,,,,,,,,n109_5A2t,1328,,gutim,109,
109,626.1587,0.099,144,35,11,1329,,B1,,,,,,,,n109_5B1t_0,1329,,gutim,109,
109,626.2628,0.099,144,41,11,1330,,F2,,,,,,,,n109_5F2t,1330,,gutim,109,
109,626.367,0.099,144,35,11,1331,,B1,,,,,,,,n109_5B1t_1,1331,,gutim,109,
109,626.367,0.099,144,37,11,1331,,C#2,,,,,,,,n109_5Cs2t_1,1331,,gutim,109,
109,626.4712,0.1979,144,41,11,1332,,F2,,,,,,,,n109_5F2s,1332,,gutim,109,
109,626.6795,0.2083,144,76,17,1333,,E5,,,,,,,,n109_1E5e_1,1333,,gutim,109,
109,626.6795,0.3333,144,80,17,1333,,G#5,,,,,,,,n109_1Gs5e_1,1333,,gutim,109,
109,626.6795,0.3333,144,81,17,1333,,A5,,,,,,,,n109_1A5e,1333,,gutim,109,
109,626.6795,0.2083,144,48,17,1333,,C3,,,,,,,,n109_5C3e_1,1333,,gutim,109,
109,626.6795,0.3333,144,54,17,1333,,F#3,,,,,,,,n109_5Fs3e,1333,,gutim,109,
109,627.0962,1.0,144,58,8,1334,,Bb3,,,,,,,,n109_1Bb3q,1334,,gutim,109,
109,627.0962,1.0,144,68,8,1334,,Ab4,,,,,,,,n109_1Ab4q,1334,,gutim,109,
109,627.0962,1.0,144,96,8,1334,,C7,,,,,,,,n109_1C7q,1334,,gutim,109,
109,627.0962,1.0,144,100,8,1334,,E7,,,,,,,,n109_1E7q,1334,,gutim,109,
109,627.5128,0.099,144,42,8,1335,,F#2,,,,,,,,n109_5Fs2t_0,1335,,gutim,109,
109,627.617,0.099,144,80,9,1336,,G#5,,,,,,,,n109_5Gs5t,1336,,gutim,109,
109,627.7212,0.099,144,81,11,1337,,A5,,,,,,,,n109_5A5t,1337,,gutim,109,
109,627.8253,0.099,144,36,12,1338,,C2,,,,,,,,n109_5C2t,1338,,gutim,109,
109,627.9295,0.099,144,64,14,1339,,E4,,,,,,,,n109_5E4t,1339,,gutim,109,
109,628.0337,0.099,144,42,16,1340,,F#2,,,,,,,,n109_5Fs2t_1,1340,,gutim,109,
109,628.1378,0.1979,144,68,17,1341,,G#4,,,,,,,,n109_5Gs4s,1341,,gutim,109,
109,628.3462,0.1484,144,88,8,1342,,E6,,,,,,,,n109_1E6t,1342,,gutim,109,
109,628.5024,0.1484,144,56,9,1343,,Ab3,,,,,,,,n109_1Ab3t_0,1343,,gutim,109,
109,628.6587,0.2227,144,46,10,1344,,Bb2,,,,,,,,n109_1Bb2t_0,1344,,gutim,109,
109,628.893,0.2227,144,84,11,1345,,C6,,,,,,,,n109_1C6t_0,1345,,gutim,109,
109,629.1274,0.1484,144,56,12,1346,,Ab3,,,,,,,,n109_1Ab3t_1,1346,,gutim,109,
109,629.2837,0.1484,144,46,13,1347,,Bb2,,,,,,,,n109_1Bb2t_1,1347,,gutim,109,
109,629.4399,0.1484,144,84,14,1348,,C6,,,,,,,,n109_1C6t_1,1348,,gutim,109,
,,,,,,,,,,,,,,,,,,110,,,
110,629.5962,1.0,144,69,17,1349,,A4,,,,,,,,n110_1A4q,1349,,gutim,110,
110,629.5962,0.125,144,25,17,1349,,C#1,,,,,,,,n110_5Cs1t_0,1349,,gutim,110,
110,629.7524,0.125,144,57,16,1350,,A3,,,,,,,,n110_5A3t,1350,,gutim,110,
110,629.9087,0.0833,144,23,14,1351,,B0,,,,,,,,n110_5B0t_0,1351,,gutim,110,
110,630.0128,0.0833,144,41,13,1352,,F2,,,,,,,,n110_5F2t,1352,,gutim,110,
110,630.117,0.0833,144,23,13,1353,,B0,,,,,,,,n110_5B0t_1,1353,,gutim,110,
110,630.117,0.0833,144,25,13,1353,,C#1,,,,,,,,n110_5Cs1t_1,1353,,gutim,110,
110,630.2212,0.0833,144,29,12,1354,,F1,,,,,,,,n110_5F1t_0,1354,,gutim,110,
110,630.3253,0.0833,144,23,11,1355,,B0,,,,,,,,n110_5B0t_2,1355,,gutim,110,
110,630.4295,0.0833,144,45,10,1356,,A2,,,,,,,,n110_5A2t,1356,,gutim,110,
110,630.5337,0.0833,144,29,9,1357,,F1,,,,,,,,n110_5F1t_1,1357,,gutim,110,
110,630.6378,1.8333,144,23,8,1358,,B0,,,,,,,,n110_5B0s,1358,,gutim,110,
110,632.9295,0.3958,144,23,11,1359,,B0,,,,,,,,n110_5B0e,1359,,gutim,110,
110,632.9295,0.3333,144,25,11,1359,,C#1,,,,,,,,n110_5Cs1e,1359,,gutim,110,
110,632.9295,0.3333,144,29,11,1359,,F1,,,,,,,,n110_5F1e,1359,,gutim,110,
110,632.9295,0.3333,144,45,11,1359,,A2,,,,,,,,n110_5A2e,1359,,gutim,110,
110,633.0337,0.099,144,64,5,1360,,E4,,,,,,,,n110_1E4t_0,1360,,gutim,110,
110,633.1378,0.099,144,78,5,1361,,F#5,,,,,,,,n110_1Fs5t,1361,,gutim,110,
110,633.242,0.099,144,72,5,1362,,C5,,,,,,,,n110_1C5t,1362,,gutim,110,
110,633.3462,0.1778,144,92,8,1363,,Ab6,,,,,,,,n110_1Ab6t_0,1363,,gutim,110,
110,633.3462,1.0,144,63,11,1363,,Eb4,,,,,,,,n110_5Eb4q,1363,,gutim,110,
110,633.3462,1.0,144,77,11,1363,,F5,,,,,,,,n110_5F5q,1363,,gutim,110,
110,633.5317,0.1191,144,76,9,1364,,E5,,,,,,,,n110_1E5t,1364,,gutim,110,
110,633.657,0.1778,144,92,9,1365,,Ab6,,,,,,,,n110_1Ab6t_1,1365,,gutim,110,
110,633.8442,0.1191,144,64,10,1366,,E4,,,,,,,,n110_1E4t_1,1366,,gutim,110,
110,633.9695,0.0588,144,84,10,1367,,C6,,,,,,,,n110_1C6x_0,1367,,gutim,110,
110,634.0314,0.0588,144,98,10,1368,,D7,,,,,,,,n110_1D7x_0,1368,,gutim,110,
110,634.0932,0.0588,144,84,10,1369,,C6,,,,,,,,n110_1C6x_1,1369,,gutim,110,
110,634.1551,0.0588,144,98,11,1370,,D7,,,,,,,,n110_1D7x_1,1370,,gutim,110,
110,634.2169,0.0588,144,84,11,1371,,C6,,,,,,,,n110_1C6x_2,1371,,gutim,110,
110,634.2788,0.0588,144,73,11,1372,,Db5,,,,,,,,n110_1Db5x,1372,,gutim,110,
110,634.3406,0.1191,144,92,11,1373,,Ab6,,,,,,,,n110_1Ab6t_2,1373,,gutim,110,
110,634.466,0.1191,144,64,12,1374,,E4,,,,,,,,n110_1E4t_2,1374,,gutim,110,
110,634.5913,0.1191,144,98,12,1375,,D7,,,,,,,,n110_1D7t_0,1375,,gutim,110,
110,634.7182,0.1191,144,84,12,1376,,C6,,,,,,,,n110_1C6t,1376,,gutim,110,
110,634.8436,0.1191,144,98,12,1377,,D7,,,,,,,,n110_1D7t_1,1377,,gutim,110,
110,634.9689,0.2397,144,84,12,1378,,C6,,,,,,,,n110_1C6s,1378,,gutim,110,
110,635.2212,0.25,144,64,22,1379,,E4,,,,,,,,n110_1E4e,1379,,gutim,110,
110,635.2212,0.5,144,68,22,1379,,G#4,,,,,,,,n110_1Gs4e,1379,,gutim,110,
110,635.2212,0.5,144,69,22,1379,,A4,,,,,,,,n110_1A4e,1379,,gutim,110,
110,635.2212,0.25,144,56,14,1379,,Ab3,,,,,,,,n110_2Ab3e,1379,,gutim,110,
110,635.2212,0.5,144,60,14,1379,,C4,,,,,,,,n110_2C4e,1379,,gutim,110,
110,635.2212,0.25,144,24,22,1379,,C1,,,,,,,,n110_5C1e,1379,,gutim,110,
110,635.2212,0.5,144,30,22,1379,,Gb1,,,,,,,,n110_5Gb1e,1379,,gutim,110,
110,635.2212,0.25,144,23,8,1379,,B0,,,,,,,,n110_6B0e,1379,,gutim,110,
110,635.2212,0.5,144,25,8,1379,,Db1,,,,,,,,n110_6Db1e,1379,,gutim,110,
110,635.2212,0.5,144,29,8,1379,,F1,,,,,,,,n110_6F1e,1379,,gutim,110,
,,,,,,,7074,,,,,,,,,,,,gutim,,
,,,,,,,,,,,,,,,,,,116,,,
116,666.2033,0.4286,144,36,20,1380,,C2,,,,,,,,n116_5C2e,1380,,gutim,116,
116,666.2033,0.4286,144,42,20,1380,,F#2,,,,,,,,n116_5Fs2e,1380,,gutim,116,
116,666.2033,0.4286,144,69,20,1380,,A4,,,,,,,,n116_5A4e,1380,,gutim,116,
116,666.739,0.4286,144,24,8,1381,,C1,,,,,,,,n116_5C1e,1381,,gutim,116,
116,666.739,0.4286,144,25,8,1381,,Db1,,,,,,,,n116_5Db1e,1381,,gutim,116,
116,666.739,0.4286,144,35,8,1381,,B1,,,,,,,,n116_5B1e,1381,,gutim,116,
116,666.739,0.4286,144,43,8,1381,,G2,,,,,,,,n116_5G2e,1381,,gutim,116,
116,669.4176,0.1071,144,76,11,1382,,E5,,,,,,,,n116_1E5t,1382,,gutim,116,
116,669.4176,0.1071,144,37,11,1382,,C#2,,,,,,,,n116_5Cs2t,1382,,gutim,116,
116,669.4176,0.1071,144,46,11,1382,,A#2,,,,,,,,n116_5As2t,1382,,gutim,116,
116,669.5515,0.3214,144,76,15,1383,,E5,,,,,,,,n116_1E5s,1383,,gutim,116,
116,669.5515,0.3214,144,37,13,1383,,C#2,,,,,,,,n116_5Cs2s,1383,,gutim,116,
116,669.5515,0.3214,144,46,13,1383,,A#2,,,,,,,,n116_5As2s,1383,,gutim,116,
116,669.9533,0.3214,144,56,20,1384,,G#3,,,,,,,,n116_1Gs3s,1384,,gutim,116,
116,669.9533,0.4286,144,37,20,1384,,C#2,,,,,,,,n116_5Cs2e,1384,,gutim,116,
116,669.9533,0.4286,144,46,20,1384,,A#2,,,,,,,,n116_5As2e,1384,,gutim,116,
116,670.3551,0.1071,144,72,15,1385,,C5,,,,,,,,n116_1C5t,1385,,gutim,116,
116,670.489,0.2143,144,65,11,1386,,F4,,,,,,,,n116_5F4s,1386,,gutim,116,
116,670.7569,0.0848,144,31,10,1387,,G1,,,,,,,,n116_5G1t_0,1387,,gutim,116,
116,670.8462,0.0848,144,40,10,1388,,E2,,,,,,,,n116_5E2t_0,1388,,gutim,116,
116,670.9355,0.0848,144,31,10,1389,,G1,,,,,,,,n116_5G1t_1,1389,,gutim,116,
116,671.0247,0.0848,144,40,9,1390,,E2,,,,,,,,n116_5E2t_1,1390,,gutim,116,
116,671.114,0.0848,144,31,9,1391,,G1,,,,,,,,n116_5G1t_2,1391,,gutim,116,
116,671.2033,0.0848,144,40,9,1392,,E2,,,,,,,,n116_5E2t_2,1392,,gutim,116,
116,671.2926,0.057,144,31,8,1393,,G1,,,,,,,,n116_5G1t_3,1393,,gutim,116,
116,671.3526,0.057,144,40,8,1394,,E2,,,,,,,,n116_5E2t_3,1394,,gutim,116,
116,671.4126,0.1405,144,31,8,1395,,G1,,,,,,,,n116_5G1t_4,1395,,gutim,116,
,,,,,,,,,,,,,,,,,,117,,,
117,671.5605,1.2857,144,31,8,1396,,G1,,,,,,,,n117_5G1q,1396,,gutim,117,
117,671.5605,1.2857,144,40,8,1396,,E2,,,,,,,,n117_5E2q,1396,,gutim,117,
117,671.5605,1.2857,144,53,8,1396,,F3,,,,,,,,n117_5F3q,1396,,gutim,117,
117,673.1676,0.1429,144,31,8,1397,,G1,,,,,,,,n117_5G1s,1397,,gutim,117,
117,673.1676,0.1429,144,40,8,1397,,E2,,,,,,,,n117_5E2s,1397,,gutim,117,
117,673.1676,0.1429,144,41,8,1397,,F2,,,,,,,,n117_5F2s,1397,,gutim,117,
117,673.3462,0.0949,144,65,8,1398,,F4,,,,,,,,n117_5F4s,1398,,gutim,117,
117,673.4648,0.0949,144,43,8,1399,,G2,,,,,,,,n117_5G2s,1399,,gutim,117,
117,673.5833,0.0949,144,52,8,1400,,E3,,,,,,,,n117_5E3s,1400,,gutim,117,
117,673.7019,1.7143,144,75,8,1401,,D#5,,,,,,,,n117_5Ds5q_0,1401,,gutim,117,
117,674.6408,0.0335,144,63,8,1402,,D#4,,,,,,,,n117_1Ds4t,1402,,gutim,117,
117,674.6408,0.1071,144,80,20,1402,,G#5,,,,,,,,n117_1Gs5t_0,1402,,gutim,117,
117,674.7747,0.8571,144,59,11,1403,,B3,,,,,,,,n117_1B3q,1403,,gutim,117,
117,674.7747,0.8571,144,63,11,1403,,D#4,,,,,,,,n117_1Ds4q,1403,,gutim,117,
117,674.7747,0.8571,144,80,11,1403,,G#5,,,,,,,,n117_1Gs5q,1403,,gutim,117,
117,675.8462,0.0859,144,92,8,1404,,G#6,,,,,,,,n117_1Gs6t,1404,,gutim,117,
117,675.9536,0.0504,144,92,8,1405,,G#6,,,,,,,,n117_1Gs6x_0,1405,,gutim,117,
117,676.0066,0.0504,144,98,8,1406,,D7,,,,,,,,n117_1D7x,1406,,gutim,117,
117,676.0596,0.0504,144,92,8,1407,,G#6,,,,,,,,n117_1Gs6x_1,1407,,gutim,117,
117,676.1126,0.0504,144,40,9,1408,,E2,,,,,,,,n117_1E2x,1408,,gutim,117,
117,676.1656,0.0504,144,80,9,1409,,G#5,,,,,,,,n117_1Gs5x,1409,,gutim,117,
117,676.2187,0.0504,144,86,9,1410,,D6,,,,,,,,n117_1D6x,1410,,gutim,117,
117,676.2717,0.0504,144,52,9,1411,,E3,,,,,,,,n117_1E3x,1411,,gutim,117,
117,676.3247,0.0504,144,61,9,1412,,C#4,,,,,,,,n117_1Cs4x,1412,,gutim,117,
117,676.3777,0.0848,144,72,10,1413,,C5,,,,,,,,n117_1C5t_0,1413,,gutim,117,
117,676.467,0.0848,144,61,10,1414,,C#4,,,,,,,,n117_1Cs4t,1414,,gutim,117,
117,676.5563,0.0848,144,80,10,1415,,G#5,,,,,,,,n117_1Gs5t_1,1415,,gutim,117,
117,676.6456,0.0848,144,52,11,1416,,E3,,,,,,,,n117_1E3t,1416,,gutim,117,
117,676.7348,0.0848,144,86,11,1417,,D6,,,,,,,,n117_1D6t,1417,,gutim,117,
117,676.8241,0.0888,144,72,11,1418,,C5,,,,,,,,n117_1C5t_1,1418,,gutim,117,
,,,,,,,,,,,,,,,,,,118,,,
118,676.9176,0.0504,144,40,12,1419,,E2,,,,,,,,n118_5E2x,1419,,gutim,118,
118,676.9706,0.0504,144,49,12,1420,,C#3,,,,,,,,n118_5Cs3x,1420,,gutim,118,
118,677.0236,0.0504,144,60,12,1421,,C4,,,,,,,,n118_5C4x,1421,,gutim,118,
118,677.0766,0.0504,144,68,12,1422,,G#4,,,,,,,,n118_5Gs4x,1422,,gutim,118,
118,677.1297,0.0504,144,74,13,1423,,D5,,,,,,,,n118_5D5x,1423,,gutim,118,
118,677.1827,0.1272,144,68,13,1424,,G#4,,,,,,,,n118_5Gs4t,1424,,gutim,118,
118,677.3166,0.0848,144,40,13,1425,,E2,,,,,,,,n118_5E2t,1425,,gutim,118,
118,677.4059,0.0848,144,49,14,1426,,C#3,,,,,,,,n118_5Cs3t_0,1426,,gutim,118,
118,677.4952,0.1272,144,60,14,1427,,C4,,,,,,,,n118_5C4t,1427,,gutim,118,
118,677.6291,0.0875,144,49,14,1428,,C#3,,,,,,,,n118_5Cs3t_1,1428,,gutim,118,
118,677.989,1.7143,144,24,8,1429,,C1,,,,,,,,n118_5C1h,1429,,gutim,118,
118,677.989,1.7143,144,25,8,1429,,Db1,,,,,,,,n118_5Db1h,1429,,gutim,118,
118,677.989,1.7143,144,35,8,1429,,B1,,,,,,,,n118_5B1h,1429,,gutim,118,
118,677.989,1.7143,144,55,8,1429,,G3,,,,,,,,n118_5G3h,1429,,gutim,118,
118,680.1319,0.0335,144,64,24,1430,,E4,,,,,,,,n118_1E4t,1430,,gutim,118,
118,680.1319,0.1071,144,69,24,1430,,A4,,,,,,,,n118_1A4t,1430,,gutim,118,
118,680.1319,0.0335,144,36,24,1430,,C2,,,,,,,,n118_5C2t,1430,,gutim,118,
118,680.1319,0.1071,144,42,24,1430,,F#2,,,,,,,,n118_5Fs2t,1430,,gutim,118,
118,680.2658,0.3817,144,64,8,1431,,E4,,,,,,,,n118_1E4s,1431,,gutim,118,
118,680.2658,0.3214,144,68,8,1431,,G#4,,,,,,,,n118_1Gs4s,1431,,gutim,118,
118,680.2658,0.3214,144,69,8,1431,,A4,,,,,,,,n118_1A4s,1431,,gutim,118,
118,680.2658,0.3817,144,36,8,1431,,C2,,,,,,,,n118_5C2s,1431,,gutim,118,
118,680.2658,0.3214,144,42,8,1431,,F#2,,,,,,,,n118_5Fs2s,1431,,gutim,118,
,,,,,,,,,,,,,,,,,,119,,,
119,682.9712,0.0712,144,25,8,1432,,C#1,g,,,,,,,ng119_5Cs1e_0,1432,,gutim,119,
119,683.0462,0.0712,144,38,8,1433,,D2,g,,,,,,,ng119_5D2e_0,1433,,gutim,119,
119,683.1212,0.0712,144,25,8,1434,,C#1,g,,,,,,,ng119_5Cs1e_1,1434,,gutim,119,
119,683.1962,0.0712,144,38,8,1435,,D2,g,,,,,,,ng119_5D2e_1,1435,,gutim,119,
119,683.2712,0.06,144,78,8,1436,,F#5,g,,,,,,,ng119_1Fs5e,1436,,gutim,119,
119,683.2712,0.0712,144,25,8,1436,,C#1,g,,,,,,,ng119_5Cs1e_2,1436,,gutim,119,
119,683.3462,1.0179,144,29,8,1437,,F1,,,,,,,,n119_5F1q,1437,,gutim,119,
119,683.3462,1.0179,144,45,8,1437,,A2,,,,,,,,n119_5A2q,1437,,gutim,119,
119,683.3462,1.0179,144,52,8,1437,,E3,,,,,,,,n119_5E3q,1437,,gutim,119,
119,683.4355,0.0848,144,72,14,1438,,C5,,,,,,,,n119_1C5t,1438,,gutim,119,
119,683.5247,0.0848,144,56,14,1439,,Ab3,,,,,,,,n119_1Ab3t_0,1439,,gutim,119,
119,683.614,0.0848,144,77,14,1440,,F5,,,,,,,,n119_1F5t_0,1440,,gutim,119,
119,683.7033,0.0848,144,56,14,1441,,Ab3,,,,,,,,n119_1Ab3t_1,1441,,gutim,119,
119,683.7926,0.0848,144,77,14,1442,,F5,,,,,,,,n119_1F5t_1,1442,,gutim,119,
119,684.4176,3.0536,144,64,5,1443,,E4,,,,,,,,n119_1E4h,1443,,gutim,119,
119,684.4176,2.5714,144,68,5,1443,,G#4,,,,,,,,n119_1Gs4h,1443,,gutim,119,
119,684.4176,2.5714,144,69,5,1443,,A4,,,,,,,,n119_1A4h,1443,,gutim,119,
119,684.4176,3.0536,144,42,5,1443,,F#2,,,,,,,,n119_5Fs2h,1443,,gutim,119,
119,684.4176,0.1071,144,29,8,1443,,F1,,,,,,,,n119_6F1t,1443,,gutim,119,
119,684.5515,0.75,144,23,8,1444,,B0,,,,,,,,n119_6B0e,1444,,gutim,119,
119,684.5515,0.75,144,29,8,1444,,F1,,,,,,,,n119_6F1e,1444,,gutim,119,
,,,,,,,,,,,,,,,,,,120,,,
120,687.6319,1.7143,144,64,8,1445,,E4,,,,,,,,n120_1E4h,1445,,gutim,120,
120,687.6319,1.7143,144,68,8,1445,,G#4,,,,,,,,n120_1Gs4h,1445,,gutim,120,
120,687.6319,1.7143,144,23,8,1445,,B0,,,,,,,,n120_5B0q_0,1445,,gutim,120,
120,687.6319,1.7143,144,29,8,1445,,F1,,,,,,,,n120_5F1q_0,1445,,gutim,120,
120,687.6319,1.7143,144,36,8,1445,,C2,,,,,,,,n120_5C2q_0,1445,,gutim,120,
120,689.7747,0.1071,144,29,5,1446,,F1,,,,,,,,n120_5F1t,1446,,gutim,120,
120,689.9087,3.3214,144,23,5,1447,,B0,,,,,,,,n120_5B0e,1447,,gutim,120,
,,,,,,,7082,,,,,,,,,,,,gutim,,
,,,,,,,,,,,,,,,,,,125,,,
125,716.0247,0.0335,144,64,24,1448,,E4,,,,,,,,n125_1E4t,1448,,gutim,125,
125,716.0247,0.1071,144,69,24,1448,,A4,,,,,,,,n125_1A4t,1448,,gutim,125,
125,716.0247,0.0335,144,36,14,1448,,C2,,,,,,,,n125_5C2t,1448,,gutim,125,
125,716.0247,0.1071,144,42,14,1448,,F#2,,,,,,,,n125_5Fs2t,1448,,gutim,125,
125,716.1587,0.3817,144,64,8,1449,,E4,,,,,,,,n125_1E4s,1449,,gutim,125,
125,716.1587,0.3214,144,68,8,1449,,G#4,,,,,,,,n125_1Gs4s,1449,,gutim,125,
125,716.1587,0.3214,144,69,8,1449,,A4,,,,,,,,n125_1A4s,1449,,gutim,125,
125,716.1587,0.3817,144,36,8,1449,,C2,,,,,,,,n125_5C2s,1449,,gutim,125,
125,716.1587,0.3214,144,42,8,1449,,F#2,,,,,,,,n125_5Fs2s,1449,,gutim,125,
,,,,,,,,,,,,,,,,,,126,,,
126,718.864,0.0712,144,25,8,1450,,C#1,g,,,,,,,ng126_5Cs1e_0,1450,,gutim,126,
126,718.939,0.0712,144,38,8,1451,,D2,g,,,,,,,ng126_5D2e_0,1451,,gutim,126,
126,719.014,0.0712,144,25,8,1452,,C#1,g,,,,,,,ng126_5Cs1e_1,1452,,gutim,126,
126,719.089,0.0712,144,38,8,1453,,D2,g,,,,,,,ng126_5D2e_1,1453,,gutim,126,
126,719.164,0.06,144,78,8,1454,,F#5,g,,,,,,,ng126_1Fs5e,1454,,gutim,126,
126,719.164,0.0712,144,25,8,1454,,C#1,g,,,,,,,ng126_5Cs1e_2,1454,,gutim,126,
126,719.239,1.0179,144,29,8,1455,,F1,,,,,,,,n126_5F1q_0,1455,,gutim,126,
126,719.239,1.0179,144,45,8,1455,,A2,,,,,,,,n126_5A2q,1455,,gutim,126,
126,719.239,1.0179,144,52,8,1455,,E3,,,,,,,,n126_5E3q,1455,,gutim,126,
126,719.3283,0.0848,144,72,14,1456,,C5,,,,,,,,n126_1C5t,1456,,gutim,126,
126,719.4176,0.0848,144,56,14,1457,,Ab3,,,,,,,,n126_1Ab3t_0,1457,,gutim,126,
126,719.5069,0.0848,144,77,14,1458,,F5,,,,,,,,n126_1F5t_0,1458,,gutim,126,
126,719.5962,0.0848,144,56,14,1459,,Ab3,,,,,,,,n126_1Ab3t_1,1459,,gutim,126,
126,719.6855,0.0848,144,77,14,1460,,F5,,,,,,,,n126_1F5t_1,1460,,gutim,126,
126,720.3105,3.0536,144,64,5,1461,,E4,,,,,,,,n126_1E4h_0,1461,,gutim,126,
126,720.3105,2.5714,144,68,5,1461,,G#4,,,,,,,,n126_1Gs4h_0,1461,,gutim,126,
126,720.3105,2.5714,144,69,5,1461,,A4,,,,,,,,n126_1A4h,1461,,gutim,126,
126,720.3105,3.0536,144,42,5,1461,,F#2,,,,,,,,n126_5Fs2h,1461,,gutim,126,
126,720.3105,0.1071,144,29,8,1461,,F1,,,,,,,,n126_6F1t,1461,,gutim,126,
126,720.4444,0.75,144,23,8,1462,,B0,,,,,,,,n126_6B0e,1462,,gutim,126,
126,720.4444,0.75,144,29,8,1462,,F1,,,,,,,,n126_6F1e,1462,,gutim,126,
126,723.5247,1.7143,144,64,14,1463,,E4,,,,,,,,n126_1E4h_1,1463,,gutim,126,
126,723.5247,1.7143,144,68,14,1463,,G#4,,,,,,,,n126_1Gs4h_1,1463,,gutim,126,
126,723.5247,1.7143,144,23,14,1463,,B0,,,,,,,,n126_5B0q_0,1463,,gutim,126,
126,723.5247,1.7143,144,29,14,1463,,F1,,,,,,,,n126_5F1q_1,1463,,gutim,126,
126,723.5247,1.7143,144,36,14,1463,,C2,,,,,,,,n126_5C2q_0,1463,,gutim,126,
,,,,,,,,,,,,,,,,,,127,,,
127,725.6676,0.1071,144,29,14,1464,,F1,,,,,,,,n127_5F1t,1464,,gutim,127,
127,725.8015,3.3214,144,23,14,1465,,B0,,,,,,,,n127_5B0e,1465,,gutim,127,
,,,,,,,7084,,,,,,,,,,,,gutim,,
127,733.1676,0.1127,144,64,5,1466,,E4,,,,,,,,n127_5E4s,1466,,gutim,127,
127,733.2862,0.057,144,56,8,1467,,G#3,,,,,,,,n127_5Gs3t_0,1467,,gutim,127,
127,733.3462,0.057,144,64,10,1468,,E4,,,,,,,,n127_5E4t,1468,,gutim,127,
127,733.4062,0.057,144,56,11,1469,,G#3,,,,,,,,n127_5Gs3t_1,1469,,gutim,127,
127,733.4662,0.057,144,37,13,1470,,C#2,,,,,,,,n127_5Cs2t,1470,,gutim,127,
127,733.5261,0.057,144,60,14,1471,,C4,,,,,,,,n127_5C4t_0,1471,,gutim,127,
127,733.5861,0.057,144,56,16,1472,,Ab3,,,,,,,,n127_5Ab3t,1472,,gutim,127,
127,733.6461,0.057,144,37,18,1473,,Db2,,,,,,,,n127_5Db2t,1473,,gutim,127,
127,733.7061,0.057,144,46,19,1474,,Bb2,,,,,,,,n127_5Bb2t_0,1474,,gutim,127,
127,733.7661,0.057,144,60,21,1475,,C4,,,,,,,,n127_5C4t_1,1475,,gutim,127,
127,733.8261,0.057,144,46,22,1476,,Bb2,,,,,,,,n127_5Bb2t_1,1476,,gutim,127,
127,733.8861,0.2545,144,25,24,1477,,Db1,,,,,,,,n127_5Db1s,1477,,gutim,127,
127,734.1539,0.0681,144,25,24,1478,,Db1,,,,,,,,n127_5Db1t,1478,,gutim,127,
,,,,,,,,,,,,,,,,,,128,,,
128,734.239,1.0,144,25,23,1479,,Db1,,,,,,,,n128_5Db1q_0,1479,,gutim,128,
128,734.239,1.0,144,34,23,1479,,Bb1,,,,,,,,n128_5Bb1q_0,1479,,gutim,128,
128,735.489,0.1429,144,25,13,1480,,Db1,,,,,,,,n128_5Db1s,1480,,gutim,128,
128,735.489,0.1429,144,34,13,1480,,Bb1,,,,,,,,n128_5Bb1s,1480,,gutim,128,
128,735.6676,0.5,144,76,11,1481,,E5,,,,,,,,n128_2E5e,1481,,gutim,128,
128,735.6676,0.5714,144,25,11,1481,,Db1,,,,,,,,n128_5Db1q_1,1481,,gutim,128,
128,735.6676,0.5714,144,34,11,1481,,Bb1,,,,,,,,n128_5Bb1q_1,1481,,gutim,128,
128,736.2926,0.0714,144,76,6,1482,,E5,,,,,,,,n128_2E5t_1,1482,,gutim,128,
128,736.3819,0.0714,144,56,5,1483,,Ab3,,,,,,,,n128_2Ab3t,1483,,gutim,128,
128,736.3819,0.5714,144,25,5,1483,,Db1,,,,,,,,n128_5Db1q_2,1483,,gutim,128,
128,736.3819,0.5714,144,34,5,1483,,Bb1,,,,,,,,n128_5Bb1q_2,1483,,gutim,128,
128,736.4712,0.5,144,72,5,1484,,C5,,,,,,,,n128_2C5s,1484,,gutim,128,
,,,,,,,,,,,,,,,,,,129,,,
129,740.6676,0.2143,144,59,11,1485,,B3,,,,,,,,n129_1B3s,1485,,gutim,129,
129,740.6676,0.2143,144,80,11,1485,,G#5,,,,,,,,n129_1Gs5s,1485,,gutim,129,
129,740.6676,0.2143,144,43,20,1485,,G2,,,,,,,,n129_5G2s,1485,,gutim,129,
129,740.9355,0.2143,144,21,20,1486,,A0,,,,,,,,n129_5A0s_0,1486,,gutim,129,
129,741.1283,0.0712,144,98,11,1487,,D7,g,,,,,,,ng129_1D7e,1487,,gutim,129,
129,741.2033,0.5089,144,92,11,1488,,G#6,,,,,,,,n129_1Gs6e,1488,,gutim,129,
129,741.2033,0.1021,144,51,17,1488,,D#3,,,,,,,,n129_5Ds3t_0,1488,,gutim,129,
129,741.3107,0.1021,144,47,17,1489,,B2,,,,,,,,n129_5B2t_0,1489,,gutim,129,
129,741.4182,0.1021,144,56,16,1490,,G#3,,,,,,,,n129_5Gs3t_0,1490,,gutim,129,
129,741.514,0.0712,144,94,8,1491,,A#6,g,,,,,,,ng129_1As6e,1491,,gutim,129,
129,741.5256,0.1021,144,51,16,1492,,D#3,,,,,,,,n129_5Ds3t_1,1492,,gutim,129,
129,741.589,0.0712,144,92,8,1493,,G#6,g,,,,,,,ng129_1Gs6e,1493,,gutim,129,
129,741.633,0.1021,144,56,15,1494,,G#3,,,,,,,,n129_5Gs3t_1,1494,,gutim,129,
129,741.664,0.0712,144,78,8,1495,,F#5,g,,,,,,,ng129_1Fs5e,1495,,gutim,129,
129,741.739,1.5268,144,86,8,1496,,D6,,,,,,,,n129_1D6q,1496,,gutim,129,
129,741.7404,0.1524,144,51,15,1496,,D#3,,,,,,,,n129_5Ds3t_2,1496,,gutim,129,
129,741.739,1.2857,144,45,20,1496,,A2,,,,,,,,n129_6A2q,1496,,gutim,129,
129,741.8981,0.1524,144,56,14,1497,,G#3,,,,,,,,n129_5Gs3t_2,1497,,gutim,129,
129,742.0585,0.1021,144,47,13,1498,,B2,,,,,,,,n129_5B2t_1,1498,,gutim,129,
129,742.1659,0.1021,144,56,13,1499,,G#3,,,,,,,,n129_5Gs3t_3,1499,,gutim,129,
129,742.2734,0.1127,144,33,12,1500,,A1,,,,,,,,n129_5A1t_0,1500,,gutim,129,
129,742.3919,0.1127,144,43,12,1501,,G2,,,,,,,,n129_5G2t_0,1501,,gutim,129,
129,742.5105,0.1127,144,33,11,1502,,A1,,,,,,,,n129_5A1t_1,1502,,gutim,129,
129,742.6291,0.1696,144,43,11,1503,,G2,,,,,,,,n129_5G2t_1,1503,,gutim,129,
129,742.8077,0.1021,144,33,10,1504,,A1,,,,,,,,n129_5A1t_2,1504,,gutim,129,
129,742.9151,0.1021,144,43,9,1505,,G2,,,,,,,,n129_5G2t_2,1505,,gutim,129,
129,743.0225,0.1021,144,47,9,1506,,B2,,,,,,,,n129_5B2t_2,1506,,gutim,129,
129,743.1299,0.1021,144,56,8,1507,,G#3,,,,,,,,n129_5Gs3t_4,1507,,gutim,129,
129,743.2374,0.1021,144,33,8,1508,,A1,,,,,,,,n129_5A1t_3,1508,,gutim,129,
129,743.3448,0.1524,144,43,7,1509,,G2,,,,,,,,n129_5G2t_3,1509,,gutim,129,
129,743.5052,0.1021,144,21,7,1510,,A0,,,,,,,,n129_5A0t,1510,,gutim,129,
129,743.6126,0.1021,144,31,6,1511,,G1,,,,,,,,n129_5G1t,1511,,gutim,129,
129,743.7201,0.1524,144,39,6,1512,,D#2,,,,,,,,n129_5Ds2t,1512,,gutim,129,
129,743.8805,0.1524,144,44,5,1513,,G#2,,,,,,,,n129_5Gs2t,1513,,gutim,129,
129,744.0409,0.1524,144,35,5,1514,,B1,,,,,,,,n129_5B1t,1514,,gutim,129,
129,744.2014,0.2054,144,21,5,1515,,A0,,,,,,,,n129_5A0s_1,1515,,gutim,129,
,,,,,,,7087,,,,,,,,,,,,gutim,,
,,,,,,,,,,,,,,,,,,131,,,
131,753.8355,0.06,144,84,8,1516,,C6,g,,,,,,,ng131_1C6e,1516,,gutim,131,
131,753.8355,0.06,144,80,14,1516,,Ab5,g,,,,,,,ng131_5Ab5e,1516,,gutim,131,
131,753.9105,0.06,144,52,14,1517,,E3,g,,,,,,,ng131_1E3e,1517,,gutim,131,
131,753.9105,0.06,144,48,14,1517,,C3,g,,,,,,,ng131_5C3e,1517,,gutim,131,
131,753.9855,0.06,144,77,14,1518,,F5,g,,,,,,,ng131_1F5e,1518,,gutim,131,
131,753.9855,0.06,144,105,24,1518,,A7,g,,,,,,,ng131_2A7e,1518,,gutim,131,
131,753.9855,0.06,144,63,14,1518,,Eb4,g,,,,,,,ng131_5Eb4e,1518,,gutim,131,
131,754.0605,0.1429,144,59,14,1519,,B3,,,,,,,,n131_5B3e,1519,,gutim,131,
131,754.0605,5.5714,144,43,14,1519,,G2,,,,,,,,n131_6G2q,1519,,gutim,131,
131,754.239,0.2857,144,43,11,1520,,G2,,,,,,,,n131_5G2q,1520,,gutim,131,
131,754.4162,0.0474,144,62,11,1521,,D4,,,,,,,,n131_1D4t,1521,,gutim,131,
131,754.4755,0.0474,144,88,12,1522,,E6,,,,,,,,n131_1E6t,1522,,gutim,131,
131,754.5348,0.0491,144,49,14,1523,,C#3,,,,,,,,n131_1Cs3t,1523,,gutim,131,
,,,,,,,,,,,,,,,,,,132,,,
132,755.3855,0.06,144,96,14,1524,,C7,g,,,,,,,ng132_1C7e,1524,,gutim,132,
132,755.4605,0.2857,144,100,14,1525,,E7,,,,,,,,n132_1E7e,1525,,gutim,132,
132,755.8176,4.0714,144,84,22,1526,,C6,,,,,,,,n132_1C6w,1526,,gutim,132,
132,757.6033,0.2857,144,29,24,1527,,F1,,,,,,,,n132_5F1e,1527,,gutim,132,
132,757.9605,0.2857,144,51,24,1528,,Eb3,,,,,,,,n132_5Eb3e,1528,,gutim,132,
132,758.3176,0.2857,144,85,22,1529,,Db6,,,,,,,,n132_2Db6e,1529,,gutim,132,
132,758.3176,0.2857,144,56,17,1529,,Ab3,,,,,,,,n132_5Ab3e,1529,,gutim,132,
132,758.6747,0.2857,144,61,14,1530,,Db4,,,,,,,,n132_2Db4e,1530,,gutim,132,
132,758.6747,2.7143,144,32,22,1530,,Ab1,,,,,,,,n132_5Ab1e,1530,,gutim,132,
132,758.6747,0.2857,144,42,11,1530,,Gb2,,,,,,,,n132_5Gb2e,1530,,gutim,132,
,,,,,,,,,,,,,,,,,,133,,,
133,761.1747,1.7143,144,87,20,1531,,D#6,,,,,,,,n133_1Ds6w,1531,,gutim,133,
133,761.1747,1.7143,144,88,20,1531,,E6,,,,,,,,n133_1E6w,1531,,gutim,133,
133,761.1747,0.0357,144,88,20,1531,,E6,,,,,,,,n133_2E6t,1531,,gutim,133,
133,761.1747,1.7143,144,36,20,1531,,C2,,,,,,,,n133_6C2w,1531,,gutim,133,
133,761.2194,0.0357,144,62,20,1532,,D4,,,,,,,,n133_2D4t,1532,,gutim,133,
133,761.264,0.0357,144,41,20,1533,,F2,,,,,,,,n133_2F2t,1533,,gutim,133,
133,761.264,0.0357,144,49,20,1533,,Db3,,,,,,,,n133_2Db3t,1533,,gutim,133,
133,761.3087,1.6071,144,84,22,1534,,C6,,,,,,,,n133_2C6e,1534,,gutim,133,
133,761.3087,1.6071,144,85,20,1534,,Db6,,,,,,,,n133_2Db6e,1534,,gutim,133,
133,762.0676,0.7857,144,82,14,1535,,Bb5,,,,,,,,n133_5Bb5e,1535,,gutim,133,
133,763.0497,0.0536,144,84,20,1536,,C6,,,,,,,,n133_5C6t,1536,,gutim,133,
133,763.1167,0.0536,144,52,14,1537,,E3,,,,,,,,n133_5E3t,1537,,gutim,133,
133,763.1837,0.0536,144,82,8,1538,,Bb5,,,,,,,,n133_5Bb5t,1538,,gutim,133,
133,763.3176,0.0714,144,84,22,1539,,C6,,,,,,,,n133_1C6s,1539,,gutim,133,
133,763.3176,1.9286,144,75,22,1539,,Eb5,,,,,,,,n133_2Eb5w,1539,,gutim,133,
133,763.3176,0.0714,144,35,8,1539,,B1,,,,,,,,n133_5B1s,1539,,gutim,133,
133,763.3176,0.0714,144,36,8,1539,,C2,,,,,,,,n133_6C2s,1539,,gutim,133,
133,763.4069,0.0714,144,61,23,1540,,C#4,,,,,,,,n133_1Cs4s,1540,,gutim,133,
133,763.4069,0.0714,144,64,23,1540,,E4,,,,,,,,n133_1E4s,1540,,gutim,133,
133,763.4962,0.0714,144,69,17,1541,,A4,,,,,,,,n133_1A4s,1541,,gutim,133,
133,763.4962,0.0714,144,82,17,1541,,Bb5,,,,,,,,n133_1Bb5s,1541,,gutim,133,
133,763.5855,0.1339,144,68,17,1542,,G#4,,,,,,,,n133_1Gs4e,1542,,gutim,133,
133,763.5855,0.6429,144,52,11,1542,,E3,,,,,,,,n133_6E3e,1542,,gutim,133,
133,763.6747,1.2143,144,53,11,1543,,F3,,,,,,,,n133_5F3e_0,1543,,gutim,133,
133,763.9872,0.9643,144,62,22,1544,,D4,,,,,,,,n133_1D4e,1544,,gutim,133,
133,764.523,0.375,144,43,11,1545,,G2,,,,,,,,n133_6G2e,1545,,gutim,133,
133,764.9917,0.1607,144,21,5,1546,,A0,,,,,,,,n133_6A0s,1546,,gutim,133,
,,,,,,,7089,,,,,,,,,,,,gutim,,
133,765.1926,3.0,144,82,17,1547,,Bb5,,,,,,,,n133_1Bb5e,1547,,gutim,133,
,,,,,,,7093,,,,,,,,,,,,gutim,,
,,,,,,,,,,,,,,,,,,138,,,
138,790.9069,3.8571,144,62,14,1548,,D4,,,,,,,,n138_1D4q,1548,,gutim,138,
138,791.0855,3.7143,144,29,14,1549,,F1,,,,,,,,n138_5F1q,1549,,gutim,138,
,,,,,,,,,,,,,,,,,,139,,,
139,798.9426,1.7143,144,68,11,1550,,Ab4,,,,,,,,n139_1Ab4q,1550,,gutim,139,
139,798.9426,2.1429,144,62,8,1550,,D4,,,,,,,,n139_2D4q,1550,,gutim,139,
139,798.9426,2.1429,144,84,8,1550,,C6,,,,,,,,n139_2C6q,1550,,gutim,139,
139,798.9426,2.1429,144,88,8,1550,,E6,,,,,,,,n139_2E6q,1550,,gutim,139,
139,798.9426,1.7143,144,64,8,1550,,E4,,,,,,,,n139_6E4q,1550,,gutim,139,
139,798.9426,1.7143,144,69,8,1550,,A4,,,,,,,,n139_6A4q,1550,,gutim,139,
,,,,,,,,,,,,,,,,,,140,,,
140,802.1569,0.4286,144,77,14,1551,,F5,,,,,,,,n140_1F5e,1551,,gutim,140,
140,802.1569,0.4286,144,31,14,1551,,G1,,,,,,,,n140_6G1e,1551,,gutim,140,
140,802.1569,0.4286,144,40,14,1551,,E2,,,,,,,,n140_6E2e,1551,,gutim,140,
140,802.8712,0.0848,144,52,14,1552,,E3,,,,,,,,n140_2E3t_0,1552,,gutim,140,
140,802.9605,0.0848,144,60,14,1553,,C4,,,,,,,,n140_2C4t_0,1553,,gutim,140,
140,803.0497,0.0848,144,52,14,1554,,E3,,,,,,,,n140_2E3t_1,1554,,gutim,140,
140,803.139,0.0848,144,60,14,1555,,C4,,,,,,,,n140_2C4t_1,1555,,gutim,140,
140,803.2283,0.0848,144,52,14,1556,,E3,,,,,,,,n140_2E3t_2,1556,,gutim,140,
140,803.2283,0.0848,144,60,14,1556,,C4,,,,,,,,n140_2C4t_2,1556,,gutim,140,
140,803.2283,0.0848,144,90,14,1556,,Gb6,,,,,,,,n140_2Gb6t_0,1556,,gutim,140,
140,803.3176,0.1696,144,65,14,1557,,F4,,,,,,,,n140_2F4s,1557,,gutim,140,
140,803.5855,0.0848,144,90,14,1558,,Gb6,,,,,,,,n140_2Gb6t_1,1558,,gutim,140,
140,803.6747,0.0848,144,77,14,1559,,F5,,,,,,,,n140_2F5t,1559,,gutim,140,
,,,,,,,7096,,,,,,,,,,,,gutim,,
,,,,,,,,,,,,,,,,,,142,,,
142,819.7694,0.06,144,28,14,1560,,E1,g,,,,,,,ng142_5E1e,1560,,gutim,142,
142,819.7694,0.06,144,48,14,1560,,C3,g,,,,,,,ng142_5C3e,1560,,gutim,142,
,,,,,,,,,,,,,,,,,,143,,,
143,819.9194,0.8889,144,68,11,1561,,G#4,,,,,,,,n143_1Gs4q,1561,,gutim,143,
143,819.9194,0.8889,144,87,11,1561,,D#6,,,,,,,,n143_1Ds6q,1561,,gutim,143,
143,820.8056,0.0712,144,64,5,1562,,E4,g,,,,,,,ng143_6E4e,1562,,gutim,143,
143,820.8806,0.0712,144,58,5,1563,,Bb3,g,,,,,,,ng143_6Bb3e,1563,,gutim,143,
143,820.9556,0.0712,144,50,5,1564,,D3,g,,,,,,,ng143_6D3e,1564,,gutim,143,
143,820.9556,0.0712,144,52,5,1564,,E3,g,,,,,,,ng143_6E3e,1564,,gutim,143,
143,821.0306,1.7778,144,61,11,1565,,C#4,,,,,,,,n143_1Cs4h,1565,,gutim,143,
143,821.0306,1.7778,144,66,8,1565,,F#4,,,,,,,,n143_1Fs4h,1565,,gutim,143,
143,821.0306,2.1111,144,24,22,1565,,C1,,,,,,,,n143_6C1h,1565,,gutim,143,
143,821.0306,2.1111,144,25,8,1565,,Db1,,,,,,,,n143_6Db1h,1565,,gutim,143,
143,821.0306,2.1111,144,28,8,1565,,E1,,,,,,,,n143_6E1h,1565,,gutim,143,
143,821.4733,0.5336,144,39,5,1566,,Eb2,,,,,,,,n143_5Eb2e,1566,,gutim,143,
143,822.1402,0.088,144,32,5,1567,,Ab1,,,,,,,,n143_5Ab1t_0,1567,,gutim,143,
143,822.2328,0.088,144,41,6,1568,,F2,,,,,,,,n143_5F2t_0,1568,,gutim,143,
143,822.3254,0.088,144,30,7,1569,,Gb1,,,,,,,,n143_5Gb1t_0,1569,,gutim,143,
143,822.418,0.088,144,32,7,1570,,Ab1,,,,,,,,n143_5Ab1t_1,1570,,gutim,143,
143,822.5106,0.088,144,41,8,1571,,F2,,,,,,,,n143_5F2t_1,1571,,gutim,143,
143,822.6032,0.088,144,30,9,1572,,Gb1,,,,,,,,n143_5Gb1t_1,1572,,gutim,143,
143,822.6958,0.0756,144,53,10,1573,,F3,,,,,,,,n143_5F3x_0,1573,,gutim,143,
143,822.7753,0.1512,144,64,11,1574,,E4,,,,,,,,n143_5E4t,1574,,gutim,143,
143,822.9345,0.0756,144,53,12,1575,,F3,,,,,,,,n143_5F3x_1,1575,,gutim,143,
143,823.0141,0.0756,144,64,13,1576,,E4,,,,,,,,n143_5E4x,1576,,gutim,143,
143,823.0936,0.0756,144,53,13,1577,,F3,,,,,,,,n143_5F3x_2,1577,,gutim,143,
143,823.1732,0.0756,144,42,14,1578,,Gb2,,,,,,,,n143_5Gb2x,1578,,gutim,143,
143,823.2528,0.8889,144,61,8,1579,,C#4,,,,,,,,n143_1Cs4q,1579,,gutim,143,
143,823.2528,1.0556,144,28,22,1579,,E1,,,,,,,,n143_5E1q,1579,,gutim,143,
143,823.2528,0.8889,144,25,8,1579,,Db1,,,,,,,,n143_6Db1q,1579,,gutim,143,
143,823.2528,0.8889,144,36,14,1579,,C2,,,,,,,,n143_6C2q,1579,,gutim,143,
143,823.6969,0.0891,144,50,7,1580,,D3,,,,,,,,n143_2D3t,1580,,gutim,143,
143,823.8083,0.0891,144,78,7,1581,,F#5,,,,,,,,n143_2Fs5t,1581,,gutim,143,
143,823.9197,0.0891,144,76,7,1582,,E5,,,,,,,,n143_2E5t,1582,,gutim,143,
143,824.0311,0.0891,144,39,7,1583,,Eb2,,,,,,,,n143_2Eb2t,1583,,gutim,143,
143,824.1425,0.1771,144,58,7,1584,,Bb3,,,,,,,,n143_2Bb3s,1584,,gutim,143,
143,824.3639,0.0893,144,78,6,1585,,F#5,,,,,,,,n143_1Fs5t_0,1585,,gutim,143,
143,824.3639,1.0756,144,44,6,1585,,Ab2,,,,,,,,n143_5Ab2q,1585,,gutim,143,
143,824.4726,0.0896,144,64,6,1586,,E4,,,,,,,,n143_1E4t_0,1586,,gutim,143,
143,824.5846,0.0899,144,50,6,1587,,D3,,,,,,,,n143_1D3t,1587,,gutim,143,
143,824.697,0.0903,144,78,6,1588,,F#5,,,,,,,,n143_1Fs5t_1,1588,,gutim,143,
143,824.8099,0.0906,144,64,6,1589,,E4,,,,,,,,n143_1E4t_1,1589,,gutim,143,
143,824.9232,0.1823,144,39,6,1590,,Eb2,,,,,,,,n143_1Eb2s,1590,,gutim,143,
143,825.151,0.0917,144,58,5,1591,,Bb3,,,,,,,,n143_1Bb3t,1591,,gutim,143,
143,825.2656,0.092,144,64,5,1592,,E4,,,,,,,,n143_1E4t_2,1592,,gutim,143,
143,825.3806,0.0924,144,27,5,1593,,Eb1,,,,,,,,n143_1Eb1t,1593,,gutim,143,
,,,,,,,,,,,,,,,,,,144,,,
144,825.4961,0.06,144,28,14,1594,,E1,g,,,,,,,ng144_5E1e,1594,,gutim,144,
144,825.5711,0.1858,144,64,17,1595,,E4,,,,,,,,n144_2E4s,1595,,gutim,144,
144,825.5711,2.9425,144,28,24,1595,,E1,,,,,,,,n144_5E1h,1595,,gutim,144,
144,825.5711,2.9425,144,48,24,1595,,C3,,,,,,,,n144_5C3h,1595,,gutim,144,
144,825.8034,0.1873,144,41,20,1596,,F2,,,,,,,,n144_2F2s,1596,,gutim,144,
144,825.861,0.0937,144,24,22,1597,,C1,,,,,,,,n144_6C1s,1597,,gutim,144,
144,825.861,0.2341,144,30,22,1597,,Gb1,,,,,,,,n144_6Gb1s,1597,,gutim,144,
144,825.861,0.2341,144,32,22,1597,,Ab1,,,,,,,,n144_6Ab1s,1597,,gutim,144,
144,825.861,0.2341,144,53,22,1597,,F3,,,,,,,,n144_6F3s,1597,,gutim,144,
144,825.861,0.2341,144,64,22,1597,,E4,,,,,,,,n144_6E4s,1597,,gutim,144,
144,825.9582,0.3137,144,50,8,1598,,D3,,,,,,,,n144_1D3e,1598,,gutim,144,
144,826.0344,0.5707,144,36,22,1599,,C2,,,,,,,,n144_2C2e,1599,,gutim,144,
144,826.3504,0.3179,144,91,20,1600,,G6,,,,,,,,n144_1G6e,1600,,gutim,144,
144,826.7477,0.0952,144,82,20,1601,,Bb5,,,,,,,,n144_1Bb5t,1601,,gutim,144,
144,826.7477,2.0012,144,70,8,1601,,Bb4,,,,,,,,n144_2Bb4h,1601,,gutim,144,
144,826.8479,0.0955,144,42,19,1602,,F#2,,,,,,,,n144_1Fs2t,1602,,gutim,144,
144,826.9484,0.0958,144,62,18,1603,,D4,,,,,,,,n144_1D4t_0,1603,,gutim,144,
144,827.0492,0.0961,144,68,16,1604,,Ab4,,,,,,,,n144_1Ab4t_0,1604,,gutim,144,
144,827.1504,0.0964,144,62,15,1605,,D4,,,,,,,,n144_1D4t_1,1605,,gutim,144,
144,827.2519,0.0968,144,68,14,1606,,Ab4,,,,,,,,n144_1Ab4t_1,1606,,gutim,144,
144,827.3538,0.0971,144,62,13,1607,,D4,,,,,,,,n144_1D4t_2,1607,,gutim,144,
144,827.456,0.0974,144,68,12,1608,,Ab4,,,,,,,,n144_1Ab4t_2,1608,,gutim,144,
144,827.5586,0.0978,144,91,10,1609,,G6,,,,,,,,n144_1G6t,1609,,gutim,144,
144,827.6615,0.0981,144,68,9,1610,,Ab4,,,,,,,,n144_1Ab4t_3,1610,,gutim,144,
144,827.7648,0.1972,144,91,14,1611,,G6,,,,,,,,n144_1G6s,1611,,gutim,144,
,,,,,,,7099,,,,,,,,,,,,gutim,,
144,829.9816,0.06,144,30,14,1612,,F#1,g,,,,,,,ng144_5Fs1e,1612,,gutim,144,
144,830.0425,0.2158,144,44,14,1613,,G#2,,,,,,,,n144_6Gs2s,1613,,gutim,144,
144,830.0566,0.06,144,70,18,1614,,A#4,g,,,,,,,ng144_5As4e,1614,,gutim,144,
144,830.1316,0.3609,144,50,20,1615,,D3,,,,,,,,n144_5D3e,1615,,gutim,144,
144,830.2316,0.06,144,64,11,1616,,E4,g,,,,,,,ng144_5E4e,1616,,gutim,144,
144,830.307,0.2206,144,42,11,1617,,F#2,,,,,,,,n144_6Fs2s,1617,,gutim,144,
144,830.3066,0.06,144,36,13,1617,,C2,g,,,,,,,ng144_5C2e,1617,,gutim,144,
144,830.3816,0.06,144,53,15,1618,,F3,g,,,,,,,ng144_5F3e,1618,,gutim,144,
144,830.4566,0.06,144,34,16,1619,,A#1,g,,,,,,,ng144_5As1e,1619,,gutim,144,
144,830.4566,0.06,144,42,16,1619,,F#2,g,,,,,,,ng144_5Fs2e,1619,,gutim,144,
144,830.5316,0.06,144,44,18,1620,,G#2,g,,,,,,,ng144_5Gs2e,1620,,gutim,144,
144,830.5316,0.06,144,48,20,1620,,C3,g,,,,,,,ng144_5C3e,1620,,gutim,144,
144,830.632,0.06,144,50,17,1621,,D3,g,,,,,,,ng144_1D3e,1621,,gutim,144,
144,830.707,0.06,144,76,20,1622,,E5,g,,,,,,,ng144_1E5e,1622,,gutim,144,
144,830.782,1.7486,144,70,24,1623,,Bb4,,,,,,,,n144_1Bb4e_0,1623,,gutim,144,
144,830.782,1.7486,144,76,24,1623,,E5,,,,,,,,n144_1E5e_0,1623,,gutim,144,
144,830.782,1.7457,144,62,11,1623,,D4,,,,,,,,n144_2D4q,1623,,gutim,144,
144,830.782,1.7457,144,35,11,1623,,B1,,,,,,,,n144_5B1q,1623,,gutim,144,
144,830.782,1.7457,144,42,22,1623,,F#2,,,,,,,,n144_5Fs2q,1623,,gutim,144,
144,831.597,1.0938,144,77,20,1624,,F5,,,,,,,,n144_1F5e,1624,,gutim,144,
144,831.7964,0.06,144,75,8,1625,,D#5,g,,,,,,,ng144_1Ds5e,1625,,gutim,144,
,,,,,,,,,,,,,,,,,,145,,,
145,832.1527,0.6548,144,71,8,1626,,B4,,,,,,,,n145_6B4e,1626,,gutim,145,
145,832.9642,2.1847,144,70,14,1627,,Bb4,,,,,,,,n145_1Bb4e_1,1627,,gutim,145,
145,832.9642,2.1847,144,77,20,1627,,F5,,,,,,,,n145_1F5e_1,1627,,gutim,145,
145,832.9642,2.1847,144,62,8,1627,,D4,,,,,,,,n145_2D4e_1,1627,,gutim,145,
145,832.9713,0.4389,144,35,8,1628,,B1,,,,,,,,n145_5B1e_1,1628,,gutim,145,
145,832.9713,0.4389,144,42,8,1628,,F#2,,,,,,,,n145_5Fs2e_1,1628,,gutim,145,
145,832.9713,0.1094,144,77,20,1628,,F5,,,,,,,,n145_6F5t,1628,,gutim,145,
145,833.108,0.054,144,33,17,1629,,A1,,,,,,,,n145_6A1x,1629,,gutim,145,
145,833.1755,0.1094,144,31,15,1630,,G1,,,,,,,,n145_6G1t_0,1630,,gutim,145,
145,833.3122,0.054,144,77,13,1631,,F5,,,,,,,,n145_6F5x,1631,,gutim,145,
145,833.3797,0.1122,144,31,11,1632,,G1,,,,,,,,n145_6G1t_1,1632,,gutim,145,
145,833.5199,1.7457,144,35,5,1633,,B1,,,,,,,,n145_5B1q,1633,,gutim,145,
145,833.5199,1.7457,144,42,5,1633,,F#2,,,,,,,,n145_5Fs2q,1633,,gutim,145,
145,833.5199,1.3097,144,31,5,1633,,G1,,,,,,,,n145_6G1q,1633,,gutim,145,
145,835.157,0.4361,144,53,22,1634,,F3,,,,,,,,n145_6F3e,1634,,gutim,145,
145,835.695,0.4389,144,70,5,1635,,Bb4,,,,,,,,n145_1Bb4e_3,1635,,gutim,145,
145,835.695,0.4389,144,77,5,1635,,F5,,,,,,,,n145_1F5e_3,1635,,gutim,145,
145,835.7021,0.4351,144,35,5,1636,,B1,,,,,,,,n145_5B1e_3,1636,,gutim,145,
145,835.7021,0.4351,144,42,5,1636,,F#2,,,,,,,,n145_5Fs2e_3,1636,,gutim,145,
145,836.2436,0.9146,144,90,24,1637,,Gb6,,,,,,,,n145_1Gb6e_0,1637,,gutim,145,
145,836.5229,0.2291,144,62,8,1638,,D4,,,,,,,,n145_5D4s,1638,,gutim,145,
145,836.8093,0.0459,144,42,8,1639,,F#2,,,,,,,,n145_5Fs2x_0,1639,,gutim,145,
145,836.8576,0.0938,144,47,8,1640,,B2,,,,,,,,n145_5B2t_0,1640,,gutim,145,
145,836.9563,0.0467,144,42,8,1641,,F#2,,,,,,,,n145_5Fs2x_1,1641,,gutim,145,
145,837.0055,0.0955,144,47,7,1642,,B2,,,,,,,,n145_5B2t_1,1642,,gutim,145,
145,837.106,0.0475,144,42,7,1643,,F#2,,,,,,,,n145_5Fs2x_2,1643,,gutim,145,
145,837.156,0.0478,144,47,7,1644,,B2,,,,,,,,n145_5B2x,1644,,gutim,145,
145,837.2064,1.0345,144,65,17,1645,,F4,,,,,,,,n145_1F4q,1645,,gutim,145,
145,837.4136,0.0493,144,42,6,1646,,F#2,,,,,,,,n145_5Fs2x_3,1646,,gutim,145,
145,837.4655,0.1009,144,47,6,1647,,B2,,,,,,,,n145_5B2t_2,1647,,gutim,145,
145,837.5718,0.0503,144,42,6,1648,,F#2,,,,,,,,n145_5Fs2x_4,1648,,gutim,145,
145,837.6247,0.2072,144,47,6,1649,,B2,,,,,,,,n145_5B2s_0,1649,,gutim,145,
145,837.8428,0.052,144,42,5,1650,,F#2,,,,,,,,n145_5Fs2x_5,1650,,gutim,145,
145,837.8975,0.1064,144,47,5,1651,,B2,,,,,,,,n145_5B2t_3,1651,,gutim,145,
145,838.0094,0.053,144,42,5,1652,,F#2,,,,,,,,n145_5Fs2x_6,1652,,gutim,145,
145,838.0652,0.2243,144,47,5,1653,,B2,,,,,,,,n145_5B2s_1,1653,,gutim,145,
,,,,,,,,,,,,,,,,,,146,,,
146,838.2893,0.4821,144,32,8,1654,,Ab1,,,,,,,,n146_6Ab1e,1654,,gutim,146,
146,838.5242,0.0564,144,42,8,1655,,F#2,,,,,,,,n146_5Fs2x_0,1655,,gutim,146,
146,838.5836,0.1156,144,47,8,1656,,B2,,,,,,,,n146_5B2t_0,1656,,gutim,146,
146,838.7052,0.0577,144,42,8,1657,,F#2,,,,,,,,n146_5Fs2x_1,1657,,gutim,146,
146,838.7659,0.1197,144,47,8,1658,,B2,,,,,,,,n146_5B2t_1,1658,,gutim,146,
146,838.8919,0.0833,144,40,14,1659,,E2,,,,,,,,n146_1E2x,1659,,gutim,146,
146,838.8919,0.5,144,36,22,1659,,C2,,,,,,,,n146_5C2e,1659,,gutim,146,
146,838.9961,0.0833,144,78,10,1660,,Gb5,,,,,,,,n146_1Gb5x_0,1660,,gutim,146,
146,839.1002,0.056,144,48,8,1661,,C3,,,,,,,,n146_1C3x_0,1661,,gutim,146,
146,839.1702,0.056,144,78,8,1662,,Gb5,,,,,,,,n146_1Gb5x_1,1662,,gutim,146,
146,839.2402,0.056,144,44,7,1663,,Ab2,,,,,,,,n146_1Ab2x,1663,,gutim,146,
146,839.2402,0.056,144,48,7,1663,,C3,,,,,,,,n146_1C3x_1,1663,,gutim,146,
146,839.3102,0.056,144,65,6,1664,,F4,,,,,,,,n146_1F4x,1664,,gutim,146,
146,839.3102,0.056,144,78,6,1664,,Gb5,,,,,,,,n146_1Gb5x_2,1664,,gutim,146,
146,839.3802,0.1094,144,44,5,1665,,Ab2,,,,,,,,n146_1Ab2t,1665,,gutim,146,
,,,,,,,7101,,,,,,,,,,,,gutim,,
,,,,,,,,,,,,,,,,,,149,,,
149,851.4877,0.0712,144,53,8,1666,,F3,g,,,,,,,ng149_6F3e,1666,,gutim,149,
149,851.5627,0.0712,144,48,9,1667,,C3,g,,,,,,,ng149_6C3e,1667,,gutim,149,
149,851.6377,0.0712,144,42,11,1668,,Gb2,g,,,,,,,ng149_6Gb2e,1668,,gutim,149,
149,851.7127,0.0712,144,36,20,1669,,C2,g,,,,,,,ng149_6C2e,1669,,gutim,149,
149,851.7877,1.9,144,23,22,1670,,B0,,,,,,,,n149_6B0h,1670,,gutim,149,
149,851.7877,2.375,144,32,22,1670,,G#1,,,,,,,,n149_6Gs1h,1670,,gutim,149,
149,852.8814,0.125,144,32,14,1671,,G#1,,,,,,,,n149_5Gs1t,1671,,gutim,149,
149,852.8877,0.06,144,66,17,1672,,Gb4,g,,,,,,,ng149_1Gb4e,1672,,gutim,149,
149,852.9627,0.06,144,65,22,1673,,F4,g,,,,,,,ng149_1F4e,1673,,gutim,149,
149,853.0377,1.0,144,76,20,1674,,E5,,,,,,,,n149_1E5q,1674,,gutim,149,
149,853.871,0.0521,144,82,20,1675,,Bb5,,,,,,,,n149_5Bb5t,1675,,gutim,149,
149,853.9752,0.0833,144,24,20,1676,,C1,,,,,,,,n149_5C1t,1676,,gutim,149,
149,854.0793,1.1667,144,41,20,1677,,F2,,,,,,,,n149_5F2s,1677,,gutim,149,
149,854.2877,1.0,144,50,20,1678,,D3,,,,,,,,n149_6D3q,1678,,gutim,149,
149,854.2877,1.0,144,60,11,1678,,C4,,,,,,,,n149_6C4q,1678,,gutim,149,
149,854.7043,0.6667,144,64,17,1679,,E4,,,,,,,,n149_2E4q,1679,,gutim,149,
149,855.746,0.8333,144,32,11,1680,,G#1,,,,,,,,n149_5Gs1e_0,1680,,gutim,149,
,,,,,,,,,,,,,,,,,,151,,,
151,862.0698,0.0712,144,48,14,1681,,C3,g,,,,,,,ng151_5C3e,1681,,gutim,151,
,,,,,,,7104,,,,,,,,,,,,gutim,,
151,862.1448,0.0789,144,85,5,1682,,C#6,,,,,,,,n151_1Cs6t_0,1682,,gutim,151,
151,862.1448,1.425,144,60,14,1682,,C4,,,,,,,,n151_5C4h_0,1682,,gutim,151,
151,862.2278,0.0789,144,66,5,1683,,F#4,,,,,,,,n151_1Fs4t_0,1683,,gutim,151,
151,862.3108,0.0789,144,57,5,1684,,A3,,,,,,,,n151_1A3t_0,1684,,gutim,151,
151,862.3938,0.0789,144,85,5,1685,,C#6,,,,,,,,n151_1Cs6t_1,1685,,gutim,151,
151,862.4768,0.0789,144,66,5,1686,,F#4,,,,,,,,n151_1Fs4t_1,1686,,gutim,151,
151,862.5598,0.1586,144,57,5,1687,,A3,,,,,,,,n151_1A3s_0,1687,,gutim,151,
151,862.7268,0.0789,144,85,5,1688,,C#6,,,,,,,,n151_1Cs6t_2,1688,,gutim,151,
151,862.8098,0.0789,144,66,5,1689,,F#4,,,,,,,,n151_1Fs4t_2,1689,,gutim,151,
151,862.8928,0.0789,144,85,5,1690,,C#6,,,,,,,,n151_1Cs6t_3,1690,,gutim,151,
151,862.9759,0.0789,144,66,5,1691,,F#4,,,,,,,,n151_1Fs4t_3,1691,,gutim,151,
151,863.0589,0.0789,144,57,5,1692,,A3,,,,,,,,n151_1A3t_1,1692,,gutim,151,
151,863.1419,0.0789,144,85,5,1693,,C#6,,,,,,,,n151_1Cs6t_4,1693,,gutim,151,
151,863.2249,0.0789,144,66,5,1694,,F#4,,,,,,,,n151_1Fs4t_4,1694,,gutim,151,
151,863.3079,0.1586,144,57,5,1695,,A3,,,,,,,,n151_1A3s_1,1695,,gutim,151,
151,863.4749,0.0789,144,85,5,1696,,C#6,,,,,,,,n151_1Cs6t_5,1696,,gutim,151,
151,863.5579,0.0789,144,66,5,1697,,F#4,,,,,,,,n151_1Fs4t_5,1697,,gutim,151,
151,863.6409,0.0789,144,85,5,1698,,C#6,,,,,,,,n151_1Cs6t_6,1698,,gutim,151,
151,863.6448,1.425,144,60,8,1699,,C4,,,,,,,,n151_5C4h_1,1699,,gutim,151,
151,863.6448,1.2,144,65,8,1699,,F4,,,,,,,,n151_5F4h,1699,,gutim,151,
151,863.7239,0.0789,144,66,5,1700,,F#4,,,,,,,,n151_1Fs4t_6,1700,,gutim,151,
151,863.8069,0.0789,144,57,5,1701,,A3,,,,,,,,n151_1A3t_2,1701,,gutim,151,
151,863.8899,0.0789,144,85,5,1702,,C#6,,,,,,,,n151_1Cs6t_7,1702,,gutim,151,
151,863.9729,0.0789,144,66,5,1703,,F#4,,,,,,,,n151_1Fs4t_7,1703,,gutim,151,
151,864.0559,0.1586,144,57,5,1704,,A3,,,,,,,,n151_1A3s_2,1704,,gutim,151,
151,864.2229,0.0789,144,85,5,1705,,C#6,,,,,,,,n151_1Cs6t_8,1705,,gutim,151,
151,864.3059,0.0789,144,66,5,1706,,F#4,,,,,,,,n151_1Fs4t_8,1706,,gutim,151,
151,864.3889,0.0789,144,85,5,1707,,C#6,,,,,,,,n151_1Cs6t_9,1707,,gutim,151,
151,864.4719,0.0789,144,66,5,1708,,F#4,,,,,,,,n151_1Fs4t_9,1708,,gutim,151,
151,864.555,0.0789,144,57,5,1709,,A3,,,,,,,,n151_1A3t_3,1709,,gutim,151,
151,864.638,0.0789,144,85,5,1710,,C#6,,,,,,,,n151_1Cs6t_10,1710,,gutim,151,
151,864.721,0.0789,144,66,5,1711,,F#4,,,,,,,,n151_1Fs4t_10,1711,,gutim,151,
151,864.804,0.1586,144,57,5,1712,,A3,,,,,,,,n151_1A3s_3,1712,,gutim,151,
151,864.971,0.0789,144,85,5,1713,,C#6,,,,,,,,n151_1Cs6t_11,1713,,gutim,151,
151,865.054,0.0789,144,66,5,1714,,F#4,,,,,,,,n151_1Fs4t_11,1714,,gutim,151,
151,865.137,0.0789,144,85,14,1715,,C#6,,,,,,,,n151_1Cs6t_12,1715,,gutim,151,
151,865.1448,0.475,144,60,11,1716,,C4,,,,,,,,n151_5C4q,1716,,gutim,151,
151,865.1448,0.4,144,65,11,1716,,F4,,,,,,,,n151_5F4q,1716,,gutim,151,
151,865.22,0.0789,144,66,5,1717,,F#4,,,,,,,,n151_1Fs4t_12,1717,,gutim,151,
151,865.303,0.0789,144,57,5,1718,,A3,,,,,,,,n151_1A3t_4,1718,,gutim,151,
151,865.386,0.0789,144,85,5,1719,,C#6,,,,,,,,n151_1Cs6t_13,1719,,gutim,151,
151,865.469,0.0789,144,66,5,1720,,F#4,,,,,,,,n151_1Fs4t_13,1720,,gutim,151,
151,865.552,0.1586,144,57,5,1721,,A3,,,,,,,,n151_1A3s_4,1721,,gutim,151,
151,865.6448,0.6,144,56,12,1722,,Ab3,,,,,,,,n151_5Ab3e_0,1722,,gutim,151,
151,865.719,0.0789,144,85,5,1723,,C#6,,,,,,,,n151_1Cs6t_14,1723,,gutim,151,
151,865.802,0.0789,144,66,5,1724,,F#4,,,,,,,,n151_1Fs4t_14,1724,,gutim,151,
151,865.885,0.0789,144,85,5,1725,,C#6,,,,,,,,n151_1Cs6t_15,1725,,gutim,151,
151,865.968,0.0789,144,66,5,1726,,F#4,,,,,,,,n151_1Fs4t_15,1726,,gutim,151,
151,866.051,0.0789,144,57,5,1727,,A3,,,,,,,,n151_1A3t_5,1727,,gutim,151,
151,866.1341,0.3164,144,77,5,1728,,F5,,,,,,,,n151_1F5e,1728,,gutim,151,
151,866.3948,0.1,144,56,17,1729,,Ab3,,,,,,,,n151_5Ab3e_1,1729,,gutim,151,
151,866.3948,0.2,144,60,17,1729,,C4,,,,,,,,n151_5C4e,1729,,gutim,151,
151,866.3948,0.2,144,65,17,1729,,F4,,,,,,,,n151_5F4e,1729,,gutim,151,
151,866.4671,0.1586,144,55,5,1730,,G3,,,,,,,,n151_1G3s,1730,,gutim,151,
,,,,,,,,,,,,,,,,,,152,,,
152,866.6448,0.079,144,54,5,1731,,F#3,,,,,,,,n152_1Fs3t_0,1731,,gutim,152,
152,866.7279,0.0792,144,62,5,1732,,D4,,,,,,,,n152_1D4t_0,1732,,gutim,152,
152,866.8112,0.0794,144,82,6,1733,,Bb5,,,,,,,,n152_1Bb5t_0,1733,,gutim,152,
152,866.8948,0.0796,144,54,6,1734,,F#3,,,,,,,,n152_1Fs3t_1,1734,,gutim,152,
152,866.9785,0.0798,144,62,7,1735,,D4,,,,,,,,n152_1D4t_1,1735,,gutim,152,
152,867.0625,0.08,144,82,8,1736,,Bb5,,,,,,,,n152_1Bb5t_1,1736,,gutim,152,
152,867.1467,0.0802,144,80,8,1737,,Ab5,,,,,,,,n152_1Ab5t_0,1737,,gutim,152,
152,867.2311,0.0643,144,54,9,1738,,F#3,,,,,,,,n152_1Fs3t_2,1738,,gutim,152,
152,867.2311,0.0804,144,62,9,1738,,D4,,,,,,,,n152_1D4t_2,1738,,gutim,152,
152,867.3157,0.0806,144,68,13,1739,,Ab4,,,,,,,,n152_1Ab4t_0,1739,,gutim,152,
152,867.4005,0.068,144,54,17,1740,,F#3,,,,,,,,n152_1Fs3t_3,1740,,gutim,152,
152,867.4005,0.068,144,62,17,1740,,D4,,,,,,,,n152_1D4t_3,1740,,gutim,152,
152,867.4856,0.081,144,82,8,1741,,Bb5,,,,,,,,n152_1Bb5t_2,1741,,gutim,152,
152,867.5709,0.0812,144,68,9,1742,,Ab4,,,,,,,,n152_1Ab4t_1,1742,,gutim,152,
152,867.6564,0.0814,144,50,9,1743,,D3,,,,,,,,n152_1D3t_0,1743,,gutim,152,
152,867.7421,0.123,144,42,10,1744,,F#2,,,,,,,,n152_1Fs2t_0,1744,,gutim,152,
152,867.8716,0.1235,144,68,11,1745,,Ab4,,,,,,,,n152_1Ab4t_2,1745,,gutim,152,
152,868.0016,0.0693,144,42,20,1746,,F#2,,,,,,,,n152_1Fs2t_1,1746,,gutim,152,
152,868.0016,0.0693,144,50,20,1746,,D3,,,,,,,,n152_1D3t_1,1746,,gutim,152,
152,868.0883,0.0825,144,82,11,1747,,Bb5,,,,,,,,n152_1Bb5t_3,1747,,gutim,152,
152,868.1751,0.0827,144,80,12,1748,,Ab5,,,,,,,,n152_1Ab5t_1,1748,,gutim,152,
152,868.1803,1.9579,144,73,14,1749,,C#5,,,,,,,,n152_5Cs5q,1749,,gutim,152,
152,868.2622,0.083,144,91,12,1750,,G6,,,,,,,,n152_1G6t_0,1750,,gutim,152,
152,868.3496,0.0832,144,62,13,1751,,D4,,,,,,,,n152_1D4t_4,1751,,gutim,152,
152,868.4371,0.1257,144,80,13,1752,,Ab5,,,,,,,,n152_1Ab5t_2,1752,,gutim,152,
152,868.5694,0.1262,144,74,14,1753,,D5,,,,,,,,n152_1D5t,1753,,gutim,152,
152,868.7023,0.0841,144,80,15,1754,,Ab5,,,,,,,,n152_1Ab5t_3,1754,,gutim,152,
152,868.7023,0.0708,144,91,15,1754,,G6,,,,,,,,n152_1G6t_1,1754,,gutim,152,
152,868.7908,0.0843,144,50,11,1755,,D3,,,,,,,,n152_1D3t_2,1755,,gutim,152,
152,868.8795,0.0845,144,42,12,1756,,F#2,,,,,,,,n152_1Fs2t_2,1756,,gutim,152,
152,868.9685,0.0848,144,50,12,1757,,D3,,,,,,,,n152_1D3t_3,1757,,gutim,152,
152,868.9759,1.3214,144,74,12,1758,,D5,,,,,,,,n152_5D5h,1758,,gutim,152,
152,869.1473,0.0852,144,82,14,1759,,Bb5,,,,,,,,n152_1Bb5t_4,1759,,gutim,152,
152,869.237,0.0855,144,68,14,1760,,Ab4,,,,,,,,n152_1Ab4t_3,1760,,gutim,152,
152,869.327,0.1292,144,82,15,1761,,Bb5,,,,,,,,n152_1Bb5t_5,1761,,gutim,152,
152,869.4629,0.1297,144,30,16,1762,,F#1,,,,,,,,n152_1Fs1t,1762,,gutim,152,
152,869.5994,0.0864,144,80,17,1763,,Ab5,,,,,,,,n152_1Ab5t_4,1763,,gutim,152,
152,869.6904,0.0867,144,94,18,1764,,Bb6,,,,,,,,n152_1Bb6t,1764,,gutim,152,
152,869.7816,0.0869,144,80,19,1765,,Ab5,,,,,,,,n152_1Ab5t_5,1765,,gutim,152,
152,869.8731,0.0872,144,103,19,1766,,G7,,,,,,,,n152_1G7t_0,1766,,gutim,152,
152,869.9649,0.0736,144,54,20,1767,,F#3,,,,,,,,n152_1Fs3t_4,1767,,gutim,152,
152,869.9649,0.0736,144,62,20,1767,,D4,,,,,,,,n152_1D4t_5,1767,,gutim,152,
152,870.0569,0.1321,144,68,11,1768,,Ab4,,,,,,,,n152_1Ab4t_4,1768,,gutim,152,
152,870.1959,0.1326,144,62,12,1769,,D4,,,,,,,,n152_1D4t_6,1769,,gutim,152,
152,870.3355,0.0884,144,103,12,1770,,G7,,,,,,,,n152_1G7t_1,1770,,gutim,152,
152,870.4286,0.0886,144,82,13,1771,,Bb5,,,,,,,,n152_1Bb5t_6,1771,,gutim,152,
152,870.5219,0.0889,144,68,13,1772,,Ab4,,,,,,,,n152_1Ab4t_5,1772,,gutim,152,
152,870.5526,0.06,144,40,11,1773,,E2,g,,,,,,,ng152_5E2e,1773,,gutim,152,
152,870.6155,0.1344,144,42,13,1774,,F#2,,,,,,,,n152_1Fs2t_3,1774,,gutim,152,
152,870.6276,0.341,144,78,11,1775,,F#5,,,,,,,,n152_5Fs5e,1775,,gutim,152,
152,870.7569,0.1349,144,80,15,1776,,Ab5,,,,,,,,n152_1Ab5t_6,1776,,gutim,152,
152,870.8989,0.0899,144,42,16,1777,,F#2,,,,,,,,n152_1Fs2t_4,1777,,gutim,152,
152,870.8989,0.0899,144,50,16,1777,,D3,,,,,,,,n152_1D3t_4,1777,,gutim,152,
152,870.9936,0.0902,144,80,16,1778,,Ab5,,,,,,,,n152_1Ab5t_7,1778,,gutim,152,
152,870.9936,0.0902,144,82,16,1778,,Bb5,,,,,,,,n152_1Bb5t_7,1778,,gutim,152,
152,871.0539,0.1147,144,65,14,1779,,F4,,,,,,,,n152_5F4s,1779,,gutim,152,
152,871.0539,0.1147,144,78,14,1779,,F#5,,,,,,,,n152_5Fs5s_0,1779,,gutim,152,
152,871.0886,0.1822,144,91,17,1780,,G6,,,,,,,,n152_1G6s,1780,,gutim,152,
152,871.1972,0.0576,144,36,22,1781,,C2,,,,,,,,n152_5C2s_0,1781,,gutim,152,
152,871.1972,0.1152,144,41,22,1781,,F2,,,,,,,,n152_5F2s_0,1781,,gutim,152,
152,871.1972,0.1152,144,78,20,1781,,F#5,,,,,,,,n152_5Fs5s_1,1781,,gutim,152,
152,871.3412,0.1157,144,32,11,1782,,Ab1,,,,,,,,n152_5Ab1s,1782,,gutim,152,
152,871.3412,0.1157,144,36,11,1782,,C2,,,,,,,,n152_5C2s_1,1782,,gutim,152,
152,871.3412,0.1157,144,41,11,1782,,F2,,,,,,,,n152_5F2s_1,1782,,gutim,152,
152,871.3412,0.1157,144,66,11,1782,,F#4,,,,,,,,n152_5Fs4s,1782,,gutim,152,
152,871.4734,0.2474,144,74,8,1783,,D5,,,,,,,,n152_1D5s_0,1783,,gutim,152,
152,871.7338,0.0828,144,42,9,1784,,F#2,,,,,,,,n152_1Fs2t_5,1784,,gutim,152,
152,871.821,0.1656,144,34,10,1785,,A#1,,,,,,,,n152_1As1s,1785,,gutim,152,
152,871.9953,0.1656,144,74,11,1786,,D5,,,,,,,,n152_1D5s_1,1786,,gutim,152,
152,872.1697,0.1656,144,42,12,1787,,F#2,,,,,,,,n152_1Fs2s,1787,,gutim,152,
152,872.3554,0.1495,144,86,13,1788,,D6,,,,,,,,n152_5D6t,1788,,gutim,152,
152,872.5422,0.0996,144,42,14,1789,,F#2,,,,,,,,n152_5Fs2t,1789,,gutim,152,
152,872.6668,0.0996,144,34,15,1790,,A#1,,,,,,,,n152_5As1t,1790,,gutim,152,
152,872.7913,0.0697,144,47,16,1791,,B2,,,,,,,,n152_5B2t_0,1791,,gutim,152,
152,872.8785,0.0697,144,48,16,1792,,C3,,,,,,,,n152_5C3t,1792,,gutim,152,
152,872.9657,0.0697,144,47,17,1793,,B2,,,,,,,,n152_5B2t_1,1793,,gutim,152,
152,873.0528,0.1377,144,42,17,1794,,F#2,,,,,,,,n152_5Fs2s,1794,,gutim,152,
,,,,,,,,,,,,,,,,,,153,,,
153,873.6597,0.0592,144,48,8,1795,,C3,,,,,,,,n153_5C3x_0,1795,,gutim,153,
153,873.722,0.0592,144,47,8,1796,,B2,,,,,,,,n153_5B2x_0,1796,,gutim,153,
153,873.7843,0.0592,144,48,9,1797,,C3,,,,,,,,n153_5C3x_1,1797,,gutim,153,
153,873.8466,0.0592,144,47,9,1798,,B2,,,,,,,,n153_5B2x_1,1798,,gutim,153,
153,873.9088,0.0592,144,48,10,1799,,C3,,,,,,,,n153_5C3x_2,1799,,gutim,153,
153,873.9711,0.0592,144,47,11,1800,,B2,,,,,,,,n153_5B2x_2,1800,,gutim,153,
153,874.0334,0.0581,144,48,11,1801,,C3,,,,,,,,n153_5C3x_3,1801,,gutim,153,
153,874.0945,0.8261,144,30,11,1802,,F#1,,,,,,,,n153_5Fs1q_0,1802,,gutim,153,
153,874.5293,0.3924,144,32,11,1803,,Ab1,,,,,,,,n153_1Ab1e,1803,,gutim,153,
153,874.5293,0.413,144,36,11,1803,,C2,,,,,,,,n153_1C2e,1803,,gutim,153,
153,874.5293,0.413,144,41,11,1803,,F2,,,,,,,,n153_1F2e,1803,,gutim,153,
153,874.5293,0.413,144,54,11,1803,,F#3,,,,,,,,n153_1Fs3e,1803,,gutim,153,
153,874.9641,0.3478,144,28,14,1804,,E1,,,,,,,,n153_5E1e,1804,,gutim,153,
153,874.9641,0.3478,144,30,14,1804,,F#1,,,,,,,,n153_5Fs1e,1804,,gutim,153,
,,,,,,,7106,,,,,,,,,,,,gutim,,
153,875.3989,0.0828,144,30,18,1805,,F#1,,,,,,,,n153_5Fs1t_0,1805,,gutim,153,
153,875.486,0.0828,144,35,19,1806,,B1,,,,,,,,n153_5B1t_0,1806,,gutim,153,
153,875.5732,0.1237,144,36,20,1807,,C2,,,,,,,,n153_5C2t_0,1807,,gutim,153,
153,875.6836,0.0712,144,88,14,1808,,E6,g,,,,,,,ng153_1E6e,1808,,gutim,153,
153,875.7034,0.1237,144,35,21,1809,,B1,,,,,,,,n153_5B1t_1,1809,,gutim,153,
153,875.7586,0.0712,144,82,17,1810,,Bb5,g,,,,,,,ng153_1Bb5e,1810,,gutim,153,
153,875.8336,0.1033,144,90,20,1811,,F#6,,,,,,,,n153_1Fs6t,1811,,gutim,153,
153,875.8336,0.2083,144,22,22,1811,,Bb0,,,,,,,,n153_5Bb0s,1811,,gutim,153,
153,875.9423,0.2609,144,27,20,1812,,Eb1,,,,,,,,n153_1Eb1s,1812,,gutim,153,
153,876.0941,0.2083,144,98,22,1813,,D7,,,,,,,,n153_5D7s,1813,,gutim,153,
153,876.3545,0.2083,144,30,22,1814,,F#1,,,,,,,,n153_5Fs1s,1814,,gutim,153,
153,876.6149,0.0828,144,22,22,1815,,Bb0,,,,,,,,n153_5Bb0t,1815,,gutim,153,
153,876.7021,0.0828,144,30,20,1816,,F#1,,,,,,,,n153_5Fs1t_1,1816,,gutim,153,
153,876.7893,0.1656,144,36,17,1817,,C2,,,,,,,,n153_5C2s,1817,,gutim,153,
153,876.9636,0.0828,144,35,13,1818,,B1,,,,,,,,n153_5B1t_2,1818,,gutim,153,
153,877.0508,0.0828,144,36,10,1819,,C2,,,,,,,,n153_5C2t_1,1819,,gutim,153,
153,877.138,0.413,144,35,8,1820,,B1,,,,,,,,n153_5B1t_3,1820,,gutim,153,
153,877.5728,1.3913,144,90,14,1821,,F#6,,,,,,,,n153_1Fs6h,1821,,gutim,153,
153,877.5728,1.3913,144,22,14,1821,,A#0,,,,,,,,n153_5As0h,1821,,gutim,153,
153,877.5728,1.3913,144,27,14,1821,,D#1,,,,,,,,n153_5Ds1h,1821,,gutim,153,
153,877.5728,1.3913,144,28,14,1821,,E1,,,,,,,,n153_5E1h,1821,,gutim,153,
153,877.5728,1.3913,144,30,14,1821,,F#1,,,,,,,,n153_5Fs1h,1821,,gutim,153,
153,877.5728,1.3913,144,35,14,1821,,B1,,,,,,,,n153_5B1h,1821,,gutim,153,
153,877.5728,1.3913,144,36,14,1821,,C2,,,,,,,,n153_5C2h,1821,,gutim,153,
153,879.3119,2.087,144,22,5,1822,,A#0,,,,,,,,n153_5As0q,1822,,gutim,153,
153,879.3119,2.087,144,27,5,1822,,D#1,,,,,,,,n153_5Ds1q,1822,,gutim,153,
153,879.3119,2.087,144,28,5,1822,,E1,,,,,,,,n153_5E1q,1822,,gutim,153,
153,879.3119,2.087,144,30,5,1822,,F#1,,,,,,,,n153_5Fs1q_1,1822,,gutim,153,
153,879.3119,2.087,144,35,5,1822,,B1,,,,,,,,n153_5B1q,1822,,gutim,153,
153,879.3119,2.087,144,36,5,1822,,C2,,,,,,,,n153_5C2q,1822,,gutim,153,
,,,,,,,,,,,,,,,,,,154,,,
154,881.9206,3.4783,144,90,20,1823,,F#6,,,,,,,,n154_1Fs6w,1823,,gutim,154,
154,881.9206,0.087,144,22,24,1823,,A#0,,,,,,,,n154_5As0s,1823,,gutim,154,
154,881.9206,0.1739,144,27,24,1823,,D#1,,,,,,,,n154_5Ds1s,1823,,gutim,154,
154,881.9206,0.1739,144,28,24,1823,,E1,,,,,,,,n154_5E1s,1823,,gutim,154,
154,881.9206,0.1739,144,30,24,1823,,F#1,,,,,,,,n154_5Fs1s,1823,,gutim,154,
154,881.9206,0.1739,144,35,24,1823,,B1,,,,,,,,n154_5B1s,1823,,gutim,154,
154,881.9206,0.1739,144,36,24,1823,,C2,,,,,,,,n154_5C2s,1823,,gutim,154,
,,,,,,,7108,,,,,,,,,,,,gutim,,
,,,,,,,,,,,,,,,,,,155,,,
155,892.3554,5.5652,144,62,7,1824,,D4,,,,,,,,n155_1D4h,1824,,gutim,155,
155,892.3554,5.5652,144,76,7,1824,,E5,,,,,,,,n155_1E5h,1824,,gutim,155,
,,,,,,,,,,,,,,,,,,156,,,
156,895.3989,0.3478,144,102,22,1825,,F#7,,,,,,,,n156_5Fs7e,1825,,gutim,156,
,,,,,,,,,,,,,,,,,,157,,,
157,897.5728,2.7826,144,46,5,1826,,Bb2,,,,,,,,n157_5Bb2w,1826,,gutim,157,
157,897.5728,2.7826,144,57,5,1826,,A3,,,,,,,,n157_5A3w,1826,,gutim,157,
157,897.5728,0.1739,144,27,14,1826,,Eb1,,,,,,,,n157_6Eb1s,1826,,gutim,157,
157,897.5728,0.1739,144,32,14,1826,,Ab1,,,,,,,,n157_6Ab1s,1826,,gutim,157,
157,898.0076,1.2391,144,50,20,1827,,D3,,,,,,,,n157_6D3e,1827,,gutim,157,
157,899.3119,0.6957,144,98,5,1828,,D7,,,,,,,,n157_1D7q,1828,,gutim,157,
157,899.3119,0.6957,144,103,5,1828,,G7,,,,,,,,n157_1G7q,1828,,gutim,157,
157,899.3119,0.2065,144,44,5,1828,,Ab2,,,,,,,,n157_6Ab2s,1828,,gutim,157,
157,899.7467,0.3478,144,48,5,1829,,C3,,,,,,,,n157_6C3e,1829,,gutim,157,
157,899.9565,0.06,144,68,14,1830,,Ab4,g,,,,,,,ng157_2Ab4e_0,1830,,gutim,157,
157,900.0315,0.06,144,68,8,1831,,Ab4,g,,,,,,,ng157_2Ab4e_1,1831,,gutim,157,
157,900.1065,0.06,144,74,7,1832,,D5,g,,,,,,,ng157_2D5e,1832,,gutim,157,
157,900.1815,0.1739,144,48,5,1833,,C3,,,,,,,,n157_6C3s,1833,,gutim,157,
157,900.2815,0.0712,144,84,5,1834,,C6,g,,,,,,,ng157_6C6e,1834,,gutim,157,
157,900.3989,0.2065,144,95,5,1835,,B6,,,,,,,,n157_6B6s,1835,,gutim,157,
157,900.751,0.06,144,53,5,1836,,F3,g,,,,,,,ng157_5F3e_0,1836,,gutim,157,
157,900.826,0.06,144,42,5,1837,,F#2,g,,,,,,,ng157_5Fs2e_0,1837,,gutim,157,
157,900.901,0.06,144,47,5,1838,,B2,g,,,,,,,ng157_5B2e,1838,,gutim,157,
157,900.901,0.06,144,53,5,1838,,F3,g,,,,,,,ng157_5F3e_1,1838,,gutim,157,
157,900.976,0.06,144,32,14,1839,,G#1,g,,,,,,,ng157_5Gs1e,1839,,gutim,157,
157,900.976,0.06,144,42,14,1839,,F#2,g,,,,,,,ng157_5Fs2e_1,1839,,gutim,157,
157,901.051,0.1377,144,44,5,1840,,Ab2,,,,,,,,n157_5Ab2s,1840,,gutim,157,
157,901.051,1.3913,144,32,5,1840,,G#1,,,,,,,,n157_6Gs1h,1840,,gutim,157,
157,901.051,1.3913,144,42,5,1840,,F#2,,,,,,,,n157_6Fs2h,1840,,gutim,157,
157,901.196,0.0688,144,48,5,1841,,C3,,,,,,,,n157_5C3s,1841,,gutim,157,
157,901.3409,0.0725,144,42,5,1842,,Gb2,,,,,,,,n157_5Gb2s,1842,,gutim,157,
157,901.4858,0.06,144,65,14,1843,,F4,g,,,,,,,ng157_5F4e,1843,,gutim,157,
157,901.5608,0.06,144,30,5,1844,,F#1,g,,,,,,,ng157_5Fs1e,1844,,gutim,157,
157,901.9206,0.6957,144,50,14,1845,,D3,,,,,,,,n157_1D3q,1845,,gutim,157,
157,901.9206,0.3478,144,48,5,1845,,C3,,,,,,,,n157_5C3e,1845,,gutim,157,
,,,,,,,,,,,,,,,,,,158,,,
158,907.8576,0.06,144,45,14,1846,,A2,g,,,,,,,ng158_6A2e,1846,,gutim,158,
158,907.9326,0.06,144,25,14,1847,,C#1,g,,,,,,,ng158_6Cs1e,1847,,gutim,158,
158,907.9326,0.06,144,58,14,1847,,Bb3,g,,,,,,,ng158_6Bb3e,1847,,gutim,158,
158,907.9326,0.06,144,72,14,1847,,C5,g,,,,,,,ng158_6C5e,1847,,gutim,158,
,,,,,,,,,,,,,,,,,,159,,,
159,908.1576,0.413,144,74,14,1848,,D5,,,,,,,,n159_1D5e,1848,,gutim,159,
159,908.1576,1.1572,144,62,14,1848,,D4,,,,,,,,n159_2D4h,1848,,gutim,159,
159,908.1576,0.0688,144,61,14,1848,,Db4,,,,,,,,n159_5Db4t,1848,,gutim,159,
159,908.23,0.0688,144,32,14,1849,,Ab1,,,,,,,,n159_5Ab1t,1849,,gutim,159,
159,908.3025,0.7336,144,27,14,1850,,Eb1,,,,,,,,n159_5Eb1s,1850,,gutim,159,
159,908.8097,0.6355,144,69,14,1851,,A4,,,,,,,,n159_1A4s,1851,,gutim,159,
159,909.2194,0.3077,144,83,14,1852,,B5,,,,,,,,n159_5B5q,1852,,gutim,159,
159,909.2194,0.1538,144,91,14,1852,,G6,,,,,,,,n159_6G6e,1852,,gutim,159,
159,909.4117,0.1538,144,70,14,1853,,Bb4,,,,,,,,n159_6Bb4e,1853,,gutim,159,
159,909.604,0.4615,144,46,14,1854,,Bb2,,,,,,,,n159_5Bb2q,1854,,gutim,159,
159,909.604,0.3077,144,43,14,1854,,G2,,,,,,,,n159_6G2q,1854,,gutim,159,
159,909.7483,0.1154,144,55,14,1855,,G3,,,,,,,,n159_2G3s,1855,,gutim,159,
159,909.8925,0.0769,144,102,14,1856,,F#7,,,,,,,,n159_2Fs7s,1856,,gutim,159,
159,909.9887,0.0769,144,27,14,1857,,Eb1,,,,,,,,n159_2Eb1s,1857,,gutim,159,
159,910.0848,0.0769,144,88,14,1858,,E6,,,,,,,,n159_2E6s,1858,,gutim,159,
,,,,,,,7112,,,,,,,,,,,,gutim,,
,,,,,,,,,,,,,,,,,,160,,,
160,916.2651,0.1377,144,83,17,1859,,B5,,,,,,,,n160_1B5s,1859,,gutim,160,
160,916.2651,0.2319,144,78,14,1859,,F#5,,,,,,,,n160_2Fs5e,1859,,gutim,160,
160,916.2651,0.2319,144,48,14,1859,,C3,,,,,,,,n160_6C3e,1859,,gutim,160,
160,916.4101,0.1377,144,73,10,1860,,C#5,,,,,,,,n160_1Cs5s,1860,,gutim,160,
160,916.555,1.2754,144,56,14,1861,,Ab3,,,,,,,,n160_5Ab3e,1861,,gutim,160,
160,916.555,0.1159,144,55,5,1861,,G3,,,,,,,,n160_6G3s,1861,,gutim,160,
160,916.6999,0.1159,144,86,8,1862,,D6,,,,,,,,n160_2D6s,1862,,gutim,160,
160,916.8448,0.3478,144,83,17,1863,,B5,,,,,,,,n160_1B5e,1863,,gutim,160,
160,916.8448,11.1304,144,64,17,1863,,E4,,,,,,,,n160_2E4h,1863,,gutim,160,
160,916.8448,0.1739,144,34,5,1863,,Bb1,,,,,,,,n160_6Bb1s,1863,,gutim,160,
160,917.0622,0.1739,144,86,5,1864,,D6,,,,,,,,n160_6D6s,1864,,gutim,160,
160,917.2796,0.1739,144,48,5,1865,,C3,,,,,,,,n160_6C3s,1865,,gutim,160,
160,918.584,1.3913,144,72,5,1866,,C5,,,,,,,,n160_1C5q,1866,,gutim,160,
160,918.584,0.2319,144,39,14,1866,,Eb2,,,,,,,,n160_5Eb2e,1866,,gutim,160,
160,918.8738,0.2319,144,81,5,1867,,A5,,,,,,,,n160_5A5e,1867,,gutim,160,
160,918.8738,0.2319,144,95,14,1867,,B6,,,,,,,,n160_5B6e,1867,,gutim,160,
160,919.1637,0.2319,144,44,14,1868,,Ab2,,,,,,,,n160_5Ab2s_0,1868,,gutim,160,
160,919.3086,0.8116,144,43,8,1869,,G2,,,,,,,,n160_5G2s,1869,,gutim,160,
,,,,,,,,,,,,,,,,,,161,,,
161,920.0981,0.06,144,88,8,1870,,E6,g,,,,,,,ng161_1E6e,1870,,gutim,161,
161,920.1731,0.06,144,101,14,1871,,F7,g,,,,,,,ng161_1F7e,1871,,gutim,161,
161,920.2481,0.06,144,70,8,1872,,Bb4,g,,,,,,,ng161_1Bb4e,1872,,gutim,161,
161,920.2481,0.06,144,73,8,1872,,Db5,g,,,,,,,ng161_1Db5e,1872,,gutim,161,
161,920.2481,0.06,144,93,8,1872,,A6,g,,,,,,,ng161_1A6e,1872,,gutim,161,
161,920.3231,0.2319,144,95,8,1873,,B6,,,,,,,,n161_1B6e,1873,,gutim,161,
161,920.3231,2.087,144,49,14,1873,,C#3,,,,,,,,n161_5Cs3h,1873,,gutim,161,
161,920.3231,6.2609,144,45,14,1873,,A2,,,,,,,,n161_6A2w,1873,,gutim,161,
161,920.3231,6.2609,144,56,14,1873,,G#3,,,,,,,,n161_6Gs3w,1873,,gutim,161,
161,920.613,1.5072,144,76,8,1874,,E5,,,,,,,,n161_1E5q_0,1874,,gutim,161,
161,922.8568,0.06,144,43,8,1875,,G2,g,,,,,,,ng161_5G2e,1875,,gutim,161,
161,922.9318,0.6957,144,62,5,1876,,D4,,,,,,,,n161_1D4q,1876,,gutim,161,
161,922.9318,2.7826,144,53,5,1876,,F3,,,,,,,,n161_5F3q,1876,,gutim,161,
161,923.7264,0.06,144,37,11,1877,,C#2,g,,,,,,,ng161_5Cs2e,1877,,gutim,161,
,,,,,,,,,,,,,,,,,,162,,,
162,925.5405,2.087,144,69,11,1878,,A4,,,,,,,,n162_1A4h,1878,,gutim,162,
162,925.5405,2.087,144,74,5,1878,,D5,,,,,,,,n162_1D5h,1878,,gutim,162,
162,927.9992,0.0712,144,27,5,1879,,D#1,g,,,,,,,ng162_5Ds1e,1879,,gutim,162,
162,928.0742,0.0712,144,25,5,1880,,C#1,g,,,,,,,ng162_5Cs1e,1880,,gutim,162,
162,928.0742,0.0712,144,47,5,1880,,B2,g,,,,,,,ng162_5B2e,1880,,gutim,162,
162,928.1492,3.3043,144,46,5,1881,,Bb2,,,,,,,,n162_5Bb2h_0,1881,,gutim,162,
162,928.584,0.3478,144,101,20,1882,,F7,,,,,,,,n162_1F7e,1882,,gutim,162,
162,928.684,0.06,144,94,14,1883,,Bb6,g,,,,,,,ng162_1Bb6e,1883,,gutim,162,
162,928.759,0.06,144,32,14,1884,,Ab1,g,,,,,,,ng162_1Ab1e,1884,,gutim,162,
162,929.8883,0.3478,144,77,8,1885,,F5,,,,,,,,n162_1F5e,1885,,gutim,162,
162,929.8883,2.7826,144,64,14,1885,,E4,,,,,,,,n162_2E4h,1885,,gutim,162,
162,929.8883,1.0435,144,43,8,1885,,G2,,,,,,,,n162_6G2q,1885,,gutim,162,
162,931.1927,1.0435,144,65,5,1886,,F4,,,,,,,,n162_6F4e,1886,,gutim,162,
,,,,,,,,,,,,,,,,,,163,,,
163,931.6275,4.1739,144,81,17,1887,,A5,,,,,,,,n163_1A5q_0,1887,,gutim,163,
163,931.6275,0.6957,144,23,17,1887,,B0,,,,,,,,n163_6B0q,1887,,gutim,163,
163,932.2072,3.7101,144,73,17,1888,,Db5,,,,,,,,n163_5Db5h,1888,,gutim,163,
163,932.497,0.6957,144,94,17,1889,,Bb6,,,,,,,,n163_1Bb6q,1889,,gutim,163,
163,932.497,0.6957,144,25,17,1889,,Db1,,,,,,,,n163_6Db1q,1889,,gutim,163,
163,933.3666,2.7826,144,55,20,1890,,G3,,,,,,,,n163_6G3w,1890,,gutim,163,
163,933.3666,2.7826,144,62,20,1890,,D4,,,,,,,,n163_6D4w,1890,,gutim,163,
163,933.8014,0.8261,144,66,17,1891,,Gb4,,,,,,,,n163_2Gb4e_0,1891,,gutim,163,
163,934.6709,2.0652,144,65,17,1892,,F4,,,,,,,,n163_2F4e,1892,,gutim,163,
,,,,,,,7116,,,,,,,,,,,,gutim,,
,,,,,,,,,,,,,,,,,,165,,,
165,945.2144,0.2857,144,42,14,1893,,F#2,,,,,,,,n165_5Fs2e_0,1893,,gutim,165,
165,945.5716,0.4286,144,42,24,1894,,F#2,,,,,,,,n165_5Fs2e_1,1894,,gutim,165,
165,945.5716,0.4286,144,48,24,1894,,C3,,,,,,,,n165_5C3e,1894,,gutim,165,
165,946.1073,0.0714,144,42,24,1895,,F#2,,,,,,,,n165_5Fs2s,1895,,gutim,165,
165,946.1073,0.1429,144,47,24,1895,,B2,,,,,,,,n165_5B2s,1895,,gutim,165,
165,946.1073,0.1429,144,48,24,1895,,C3,,,,,,,,n165_5C3s,1895,,gutim,165,
,,,,,,,7118,,,,,,,,,,,,gutim,,
,,,,,,,,,,,,,,,,,,167,,,
167,962.7517,0.088,144,62,24,1896,,D4,,,,,,,,n167_5D4t,1896,,gutim,167,
167,962.8443,0.088,144,22,24,1897,,Bb0,,,,,,,,n167_5Bb0t_0,1897,,gutim,167,
167,962.9369,0.088,144,30,24,1898,,F#1,,,,,,,,n167_5Fs1t_0,1898,,gutim,167,
167,963.0295,0.088,144,35,24,1899,,B1,,,,,,,,n167_5B1t_0,1899,,gutim,167,
167,963.1221,0.1759,144,36,24,1900,,C2,,,,,,,,n167_5C2s,1900,,gutim,167,
167,963.3073,0.1168,144,30,20,1901,,F#1,,,,,,,,n167_5Fs1t_1,1901,,gutim,167,
167,963.4303,0.1168,144,35,20,1902,,B1,,,,,,,,n167_5B1t_1,1902,,gutim,167,
167,963.5532,0.1759,144,36,20,1903,,C2,,,,,,,,n167_5C2t_0,1903,,gutim,167,
167,963.7384,0.1168,144,35,18,1904,,B1,,,,,,,,n167_5B1t_2,1904,,gutim,167,
167,963.8614,0.1759,144,36,16,1905,,C2,,,,,,,,n167_5C2t_1,1905,,gutim,167,
167,964.0466,0.1168,144,35,14,1906,,B1,,,,,,,,n167_5B1t_3,1906,,gutim,167,
167,964.1695,0.1168,144,74,12,1907,,D5,,,,,,,,n167_5D5t,1907,,gutim,167,
167,964.2925,0.1168,144,22,11,1908,,Bb0,,,,,,,,n167_5Bb0t_1,1908,,gutim,167,
167,964.4155,0.1759,144,30,9,1909,,F#1,,,,,,,,n167_5Fs1t_2,1909,,gutim,167,
167,964.6007,0.1168,144,36,7,1910,,C2,,,,,,,,n167_5C2t_2,1910,,gutim,167,
167,964.7237,0.1168,144,35,5,1911,,B1,,,,,,,,n167_5B1t_4,1911,,gutim,167,
167,964.8466,0.1209,144,36,5,1912,,C2,,,,,,,,n167_5C2t_3,1912,,gutim,167,
167,964.9739,0.8889,144,86,5,1913,,D6,,,,,,,,n167_1D6q,1913,,gutim,167,
167,966.0851,1.7778,144,94,14,1914,,Bb6,,,,,,,,n167_1Bb6h,1914,,gutim,167,
,,,,,,,7120,,,,,,,,,,,,gutim,,
167,967.1962,1.1852,144,32,8,1915,,Ab1,,,,,,,,n167_5Ab1q,1915,,gutim,167,
167,967.1962,1.1852,144,42,8,1915,,Gb2,,,,,,,,n167_5Gb2q,1915,,gutim,167,
167,967.1962,1.7778,144,44,24,1915,,Ab2,,,,,,,,n167_6Ab2h,1915,,gutim,167,
167,968.3073,0.8889,144,88,20,1916,,E6,,,,,,,,n167_1E6t,1916,,gutim,167,
167,968.4462,0.7778,144,62,20,1917,,D4,,,,,,,,n167_1D4e,1917,,gutim,167,
167,968.6777,0.1759,144,48,5,1918,,C3,,,,,,,,n167_5C3s_0,1918,,gutim,167,
167,968.8628,0.088,144,52,5,1919,,E3,,,,,,,,n167_5E3t_0,1919,,gutim,167,
167,968.9554,0.088,144,61,6,1920,,C#4,,,,,,,,n167_5Cs4t,1920,,gutim,167,
167,969.048,0.088,144,38,6,1921,,D2,,,,,,,,n167_5D2t,1921,,gutim,167,
167,969.1406,0.088,144,32,7,1922,,Ab1,,,,,,,,n167_5Ab1t,1922,,gutim,167,
167,969.2332,0.088,144,48,7,1923,,C3,,,,,,,,n167_5C3t,1923,,gutim,167,
167,969.3258,0.088,144,52,8,1924,,E3,,,,,,,,n167_5E3t_1,1924,,gutim,167,
167,969.4184,0.1481,144,32,11,1925,,Ab1,,,,,,,,n167_5Ab1s,1925,,gutim,167,
167,969.4184,0.2963,144,38,11,1925,,D2,,,,,,,,n167_5D2s,1925,,gutim,167,
167,969.4184,0.2963,144,48,11,1925,,C3,,,,,,,,n167_5C3s_1,1925,,gutim,167,
167,969.4184,0.2963,144,61,11,1925,,C#4,,,,,,,,n167_5Cs4s,1925,,gutim,167,
167,969.7873,0.0591,144,97,5,1926,,C#7,,,,,,,,n167_5Cs7x,1926,,gutim,167,
167,969.8495,0.0591,144,68,5,1927,,G#4,,,,,,,,n167_5Gs4x_0,1927,,gutim,167,
167,969.9117,0.0591,144,74,6,1928,,D5,,,,,,,,n167_5D5x_0,1928,,gutim,167,
167,969.9739,0.0591,144,68,6,1929,,G#4,,,,,,,,n167_5Gs4x_1,1929,,gutim,167,
167,970.0362,0.0591,144,74,6,1930,,D5,,,,,,,,n167_5D5x_1,1930,,gutim,167,
167,970.0984,0.0591,144,68,7,1931,,G#4,,,,,,,,n167_5Gs4x_2,1931,,gutim,167,
167,970.1606,0.235,144,84,7,1932,,C6,,,,,,,,n167_5C6s,1932,,gutim,167,
167,970.408,0.1155,144,88,9,1933,,E6,,,,,,,,n167_5E6t,1933,,gutim,167,
,,,,,,,,,,,,,,,,,,168,,,
168,970.5295,0.0741,144,56,9,1934,,G#3,,,,,,,,n168_1Gs3t,1934,,gutim,168,
168,970.6221,0.0741,144,85,10,1935,,C#6,,,,,,,,n168_1Cs6t_0,1935,,gutim,168,
168,970.7147,0.0741,144,72,10,1936,,C5,,,,,,,,n168_1C5t_0,1936,,gutim,168,
168,970.8073,0.0741,144,62,11,1937,,D4,,,,,,,,n168_1D4t,1937,,gutim,168,
168,970.8999,0.1111,144,85,11,1938,,C#6,,,,,,,,n168_1Cs6t_1,1938,,gutim,168,
168,971.0388,0.1111,144,50,12,1939,,D3,,,,,,,,n168_1D3t_0,1939,,gutim,168,
168,971.1777,0.0741,144,44,13,1940,,G#2,,,,,,,,n168_1Gs2t_0,1940,,gutim,168,
168,971.2702,0.0741,144,85,13,1941,,C#6,,,,,,,,n168_1Cs6t_2,1941,,gutim,168,
168,971.3628,0.0741,144,72,14,1942,,C5,,,,,,,,n168_1C5t_1,1942,,gutim,168,
168,971.4554,0.0741,144,50,14,1943,,D3,,,,,,,,n168_1D3t_1,1943,,gutim,168,
168,971.548,0.037,144,44,20,1944,,G#2,,,,,,,,n168_1Gs2t_1,1944,,gutim,168,
168,971.548,0.0741,144,50,20,1944,,D3,,,,,,,,n168_1D3t_2,1944,,gutim,168,
168,971.548,0.0741,144,72,20,1944,,C5,,,,,,,,n168_1C5t_2,1944,,gutim,168,
168,971.548,0.0741,144,76,20,1944,,E5,,,,,,,,n168_1E5t,1944,,gutim,168,
168,971.548,0.0741,144,85,20,1944,,C#6,,,,,,,,n168_1Cs6t_3,1944,,gutim,168,
168,971.648,0.06,144,73,14,1945,,C#5,g,,,,,,,ng168_1Cs5e,1945,,gutim,168,
168,971.723,0.2963,144,66,14,1946,,F#4,,,,,,,,n168_1Fs4e_0,1946,,gutim,168,
168,971.723,0.2963,144,76,8,1946,,E5,,,,,,,,n168_1E5e_0,1946,,gutim,168,
168,971.723,1.0556,144,32,8,1946,,G#1,,,,,,,,n168_5Gs1q,1946,,gutim,168,
168,972.0934,0.4444,144,66,20,1947,,F#4,,,,,,,,n168_1Fs4e_1,1947,,gutim,168,
168,972.0934,0.4444,144,76,11,1947,,E5,,,,,,,,n168_1E5e_1,1947,,gutim,168,
168,972.0934,0.4444,144,94,20,1947,,A#6,,,,,,,,n168_1As6e,1947,,gutim,168,
168,972.6489,0.1481,144,62,11,1948,,D4,,,,,,,,n168_1D4s,1948,,gutim,168,
168,972.6489,0.1481,144,66,11,1948,,F#4,,,,,,,,n168_1Fs4s,1948,,gutim,168,
168,972.6489,0.1481,144,76,11,1948,,E5,,,,,,,,n168_1E5s,1948,,gutim,168,
168,972.8341,0.1759,144,53,5,1949,,F3,,,,,,,,n168_5F3t_0,1949,,gutim,168,
168,973.0193,0.1168,144,31,4,1950,,G1,,,,,,,,n168_5G1t_0,1950,,gutim,168,
168,973.1423,0.1168,144,33,4,1951,,A1,,,,,,,,n168_5A1t_0,1951,,gutim,168,
168,973.2653,0.1168,144,31,4,1952,,G1,,,,,,,,n168_5G1t_1,1952,,gutim,168,
168,973.3882,0.1168,144,33,3,1953,,A1,,,,,,,,n168_5A1t_1,1953,,gutim,168,
168,973.5112,0.1168,144,31,3,1954,,G1,,,,,,,,n168_5G1t_2,1954,,gutim,168,
168,973.6342,0.1759,144,53,3,1955,,F3,,,,,,,,n168_5F3t_1,1955,,gutim,168,
168,973.8194,0.1196,144,31,2,1956,,G1,,,,,,,,n168_5G1t_3,1956,,gutim,168,
168,973.8194,0.1196,144,53,2,1956,,F3,,,,,,,,n168_5F3t_2,1956,,gutim,168,
,,,,,,,7123,,,,,,,,,,,,gutim,,
,,,,,,,,,,,,,,,,,,169,,,
169,980.7129,0.0805,144,61,10,1957,,C#4,,,,,,,,n169_5Cs4t,1957,,gutim,169,
169,980.8135,0.0805,144,33,10,1958,,A1,,,,,,,,n169_5A1t,1958,,gutim,169,
169,980.9142,0.0805,144,42,10,1959,,F#2,,,,,,,,n169_5Fs2t,1959,,gutim,169,
169,981.0148,0.2831,144,33,10,1960,,A1,,,,,,,,n169_5A1s,1960,,gutim,169,
169,981.1675,0.0956,144,75,11,1961,,D#5,,,,,,,,n169_1Ds5t_0,1961,,gutim,169,
169,981.2681,0.0956,144,71,11,1962,,B4,,,,,,,,n169_1B4t_0,1962,,gutim,169,
169,981.3687,0.1439,144,75,10,1963,,D#5,,,,,,,,n169_1Ds5t_1,1963,,gutim,169,
169,981.3687,0.1439,144,59,11,1963,,B3,,,,,,,,n169_5B3t,1963,,gutim,169,
169,981.5202,0.0956,144,71,9,1964,,B4,,,,,,,,n169_1B4t_1,1964,,gutim,169,
169,981.5202,0.0956,144,55,10,1964,,G3,,,,,,,,n169_5G3t_0,1964,,gutim,169,
169,981.6208,0.0956,144,75,9,1965,,D#5,,,,,,,,n169_1Ds5t_2,1965,,gutim,169,
169,981.7214,0.1923,144,71,8,1966,,B4,,,,,,,,n169_1B4s_0,1966,,gutim,169,
169,981.8232,0.1619,144,55,8,1967,,G3,,,,,,,,n169_5G3s_0,1967,,gutim,169,
169,981.9239,0.0956,144,75,7,1968,,D#5,,,,,,,,n169_1Ds5t_3,1968,,gutim,169,
169,982.0245,0.0956,144,71,7,1969,,B4,,,,,,,,n169_1B4t_2,1969,,gutim,169,
169,982.0257,0.1619,144,55,14,1969,,G3,,,,,,,,n169_5G3s_1,1969,,gutim,169,
169,982.1251,0.0956,144,80,14,1970,,G#5,,,,,,,,n169_1Gs5t_0,1970,,gutim,169,
169,982.2257,0.1439,144,75,13,1971,,D#5,,,,,,,,n169_1Ds5t_4,1971,,gutim,169,
169,982.2281,0.2424,144,55,14,1972,,G3,,,,,,,,n169_5G3s_2,1972,,gutim,169,
169,982.3772,0.1439,144,71,12,1973,,B4,,,,,,,,n169_1B4t_3,1973,,gutim,169,
169,982.3772,0.1439,144,80,12,1973,,G#5,,,,,,,,n169_1Gs5t_1,1973,,gutim,169,
169,982.5287,0.1212,144,71,11,1974,,B4,,,,,,,,n169_1B4t_4,1974,,gutim,169,
169,982.5287,0.1212,144,75,11,1974,,D#5,,,,,,,,n169_1Ds5t_5,1974,,gutim,169,
169,982.6826,0.1923,144,55,13,1975,,G3,,,,,,,,n169_5G3s_3,1975,,gutim,169,
169,982.7809,0.1923,144,71,17,1976,,B4,,,,,,,,n169_1B4s_1,1976,,gutim,169,
169,982.7809,0.1619,144,75,17,1976,,D#5,,,,,,,,n169_1Ds5s_0,1976,,gutim,169,
169,982.7809,0.1619,144,80,17,1976,,G#5,,,,,,,,n169_1Gs5s,1976,,gutim,169,
169,982.885,0.0956,144,45,17,1977,,A2,,,,,,,,n169_5A2t_0,1977,,gutim,169,
169,982.9856,0.1439,144,55,16,1978,,G3,,,,,,,,n169_5G3t_1,1978,,gutim,169,
169,983.1348,0.1619,144,71,11,1979,,B4,,,,,,,,n169_1B4s_2,1979,,gutim,169,
169,983.1348,0.1619,144,75,11,1979,,D#5,,,,,,,,n169_1Ds5s_1,1979,,gutim,169,
169,983.1372,0.0956,144,45,14,1979,,A2,,,,,,,,n169_5A2t_1,1979,,gutim,169,
169,983.2378,0.1923,144,55,13,1980,,G3,,,,,,,,n169_5G3s_4,1980,,gutim,169,
169,983.3372,0.0805,144,92,7,1981,,G#6,,,,,,,,n169_1Gs6t,1981,,gutim,169,
169,983.4378,0.1212,144,63,11,1982,,D#4,,,,,,,,n169_1Ds4t,1982,,gutim,169,
169,983.5893,0.1212,144,80,10,1983,,G#5,,,,,,,,n169_1Gs5t_2,1983,,gutim,169,
169,983.7409,0.1212,144,59,8,1984,,B3,,,,,,,,n169_1B3t,1984,,gutim,169,
169,983.8947,0.0618,144,43,14,1985,,G2,,,,,,,,n169_5G2x_0,1985,,gutim,169,
169,983.9598,0.0618,144,51,17,1986,,D#3,,,,,,,,n169_5Ds3x,1986,,gutim,169,
169,984.0249,0.0618,144,47,19,1987,,B2,,,,,,,,n169_5B2x,1987,,gutim,169,
169,984.0901,0.0618,144,68,22,1988,,G#4,,,,,,,,n169_5Gs4x,1988,,gutim,169,
169,984.0901,0.0618,144,71,22,1988,,B4,,,,,,,,n169_5B4x,1988,,gutim,169,
169,984.0901,0.0618,144,75,22,1988,,D#5,,,,,,,,n169_5Ds5x,1988,,gutim,169,
169,984.0901,0.0618,144,80,22,1988,,G#5,,,,,,,,n169_5Gs5x,1988,,gutim,169,
169,984.1552,0.0618,144,33,22,1989,,A1,,,,,,,,n169_5A1x,1989,,gutim,169,
169,984.1552,0.0618,144,43,22,1989,,G2,,,,,,,,n169_5G2x_1,1989,,gutim,169,
169,984.2203,0.0618,144,63,22,1990,,D#4,,,,,,,,n169_5Ds4x,1990,,gutim,169,
169,984.2854,0.0607,144,59,21,1991,,B3,,,,,,,,n169_5B3x,1991,,gutim,169,
,,,,,,,,,,,,,,,,,,170,,,
170,984.3493,0.1212,144,43,19,1992,,G2,,,,,,,,n170_5G2t_0,1992,,gutim,170,
170,984.5008,0.0805,144,33,16,1993,,A1,,,,,,,,n170_5A1t,1993,,gutim,170,
170,984.6014,0.1212,144,43,13,1994,,G2,,,,,,,,n170_5G2t_1,1994,,gutim,170,
170,984.6014,0.1212,144,59,13,1994,,B3,,,,,,,,n170_5B3t,1994,,gutim,170,
170,984.6014,0.1212,144,63,13,1994,,D#4,,,,,,,,n170_5Ds4t,1994,,gutim,170,
170,984.7529,0.0805,144,21,10,1995,,A0,,,,,,,,n170_5A0t,1995,,gutim,170,
170,984.8535,0.0805,144,55,7,1996,,G3,,,,,,,,n170_5G3t,1996,,gutim,170,
170,984.8535,0.0805,144,68,7,1996,,G#4,,,,,,,,n170_5Gs4t,1996,,gutim,170,
170,984.9542,5.3343,144,21,14,1997,,A0,,,,,,,,n170_5A0s,1997,,gutim,170,
170,988.8947,0.1818,144,33,14,1998,,A1,,,,,,,,n170_1A1s,1998,,gutim,170,
170,988.8947,0.1818,144,42,14,1998,,F#2,,,,,,,,n170_1Fs2s,1998,,gutim,170,
170,988.8947,0.1818,144,53,14,1998,,F3,,,,,,,,n170_1F3s,1998,,gutim,170,
170,988.8947,0.1818,144,61,14,1998,,C#4,,,,,,,,n170_1Cs4s,1998,,gutim,170,
170,989.122,0.9091,144,31,14,1999,,G1,,,,,,,,n170_1G1e_0,1999,,gutim,170,
170,989.122,0.9091,144,33,14,1999,,A1,,,,,,,,n170_1A1e_0,1999,,gutim,170,
170,989.122,0.5455,144,42,14,1999,,F#2,,,,,,,,n170_1Fs2e,1999,,gutim,170,
170,989.122,0.5455,144,53,14,1999,,F3,,,,,,,,n170_1F3e,1999,,gutim,170,
170,989.122,0.5455,144,61,14,1999,,C#4,,,,,,,,n170_1Cs4e,1999,,gutim,170,
170,989.8038,0.3636,144,28,14,2000,,E1,,,,,,,,n170_1E1e,2000,,gutim,170,
170,990.1834,0.06,144,66,14,2001,,F#4,g,,,,,,,ng170_1Fs4e,2001,,gutim,170,
170,990.2584,0.3636,144,48,14,2002,,C3,,,,,,,,n170_1C3e,2002,,gutim,170,
170,991.169,0.06,144,30,14,2003,,Gb1,g,,,,,,,ng170_1Gb1e,2003,,gutim,170,
170,991.244,0.06,144,70,14,2004,,Bb4,g,,,,,,,ng170_1Bb4e,2004,,gutim,170,
170,991.319,0.2424,144,50,14,2005,,D3,,,,,,,,n170_1D3e,2005,,gutim,170,
,,,,,,,,,,,,,,,,,,171,,,
171,991.622,0.0805,144,30,14,2006,,Gb1,,,,,,,,n171_1Gb1t,2006,,gutim,171,
171,991.7226,0.1212,144,70,14,2007,,Bb4,,,,,,,,n171_1Bb4t,2007,,gutim,171,
171,991.8741,0.0805,144,42,14,2008,,Gb2,,,,,,,,n171_1Gb2t,2008,,gutim,171,
171,991.8741,0.0805,144,50,14,2008,,D3,,,,,,,,n171_1D3t_0,2008,,gutim,171,
171,991.9748,0.1212,144,58,14,2009,,Bb3,,,,,,,,n171_1Bb3t_0,2009,,gutim,171,
171,992.1263,0.1212,144,50,14,2010,,D3,,,,,,,,n171_1D3t_1,2010,,gutim,171,
171,992.2778,0.0805,144,50,14,2011,,D3,,,,,,,,n171_1D3t_2,2011,,gutim,171,
171,992.2778,0.0805,144,79,14,2011,,G5,,,,,,,,n171_1G5t,2011,,gutim,171,
171,992.3784,0.1212,144,56,14,2012,,Ab3,,,,,,,,n171_1Ab3t_0,2012,,gutim,171,
171,992.5299,0.1212,144,50,14,2013,,D3,,,,,,,,n171_1D3t_3,2013,,gutim,171,
171,992.5299,0.1212,144,58,14,2013,,Bb3,,,,,,,,n171_1Bb3t_1,2013,,gutim,171,
171,992.6814,0.0805,144,91,14,2014,,G6,,,,,,,,n171_1G6t,2014,,gutim,171,
171,992.782,0.1212,144,50,14,2015,,D3,,,,,,,,n171_1D3t_4,2015,,gutim,171,
171,992.782,0.1212,144,56,14,2015,,Ab3,,,,,,,,n171_1Ab3t_1,2015,,gutim,171,
171,992.782,0.1212,144,58,14,2015,,Bb3,,,,,,,,n171_1Bb3t_2,2015,,gutim,171,
171,992.9336,0.1619,144,103,14,2016,,G7,,,,,,,,n171_1G7s,2016,,gutim,171,
171,994.7288,0.0712,144,60,14,2017,,C4,g,,,,,,,ng171_5C4e,2017,,gutim,171,
,,,,,,,7126,,,,,,,,,,,,gutim,,
171,994.8038,0.0407,144,97,14,2018,,C#7,,,,,,,,n171_1Cs7x_0,2018,,gutim,171,
171,994.8038,0.8636,144,72,14,2018,,C5,,,,,,,,n171_5C5e_0,2018,,gutim,171,
171,994.8547,0.0407,144,78,14,2019,,F#5,,,,,,,,n171_1Fs5x_0,2019,,gutim,171,
171,994.9056,0.0407,144,69,14,2020,,A4,,,,,,,,n171_1A4x_0,2020,,gutim,171,
171,994.9565,0.0407,144,97,14,2021,,C#7,,,,,,,,n171_1Cs7x_1,2021,,gutim,171,
171,995.0074,0.0407,144,78,14,2022,,F#5,,,,,,,,n171_1Fs5x_1,2022,,gutim,171,
171,995.0583,0.0805,144,69,14,2023,,A4,,,,,,,,n171_1A4t_0,2023,,gutim,171,
171,995.1589,0.0407,144,97,14,2024,,C#7,,,,,,,,n171_1Cs7x_2,2024,,gutim,171,
171,995.2098,0.0407,144,78,14,2025,,F#5,,,,,,,,n171_1Fs5x_2,2025,,gutim,171,
171,995.2607,0.0407,144,97,14,2026,,C#7,,,,,,,,n171_1Cs7x_3,2026,,gutim,171,
171,995.3116,0.0407,144,78,14,2027,,F#5,,,,,,,,n171_1Fs5x_3,2027,,gutim,171,
171,995.3625,0.0407,144,69,14,2028,,A4,,,,,,,,n171_1A4x_1,2028,,gutim,171,
171,995.4134,0.0407,144,97,14,2029,,C#7,,,,,,,,n171_1Cs7x_4,2029,,gutim,171,
171,995.4643,0.0407,144,78,14,2030,,F#5,,,,,,,,n171_1Fs5x_4,2030,,gutim,171,
171,995.5152,0.0805,144,69,14,2031,,A4,,,,,,,,n171_1A4t_1,2031,,gutim,171,
171,995.6159,0.0407,144,97,14,2032,,C#7,,,,,,,,n171_1Cs7x_5,2032,,gutim,171,
171,995.6668,0.0407,144,78,14,2033,,F#5,,,,,,,,n171_1Fs5x_5,2033,,gutim,171,
171,995.7129,0.3636,144,72,14,2034,,C5,,,,,,,,n171_5C5e_2,2034,,gutim,171,
171,995.7129,0.3636,144,77,14,2034,,F5,,,,,,,,n171_5F5e,2034,,gutim,171,
171,995.7177,0.0407,144,97,14,2035,,C#7,,,,,,,,n171_1Cs7x_6,2035,,gutim,171,
171,995.7686,0.0407,144,78,14,2036,,F#5,,,,,,,,n171_1Fs5x_6,2036,,gutim,171,
171,995.8195,0.0407,144,69,14,2037,,A4,,,,,,,,n171_1A4x_2,2037,,gutim,171,
171,995.8704,0.0407,144,97,14,2038,,C#7,,,,,,,,n171_1Cs7x_7,2038,,gutim,171,
171,995.9213,0.0407,144,78,14,2039,,F#5,,,,,,,,n171_1Fs5x_7,2039,,gutim,171,
171,995.9722,0.0805,144,69,14,2040,,A4,,,,,,,,n171_1A4t_2,2040,,gutim,171,
171,996.0728,0.0407,144,97,14,2041,,C#7,,,,,,,,n171_1Cs7x_8,2041,,gutim,171,
171,996.1237,0.0407,144,78,14,2042,,F#5,,,,,,,,n171_1Fs5x_8,2042,,gutim,171,
171,996.1746,0.0407,144,97,14,2043,,C#7,,,,,,,,n171_1Cs7x_9,2043,,gutim,171,
171,996.2255,0.0407,144,78,14,2044,,F#5,,,,,,,,n171_1Fs5x_9,2044,,gutim,171,
171,996.2764,0.0407,144,69,14,2045,,A4,,,,,,,,n171_1A4x_3,2045,,gutim,171,
171,996.3273,0.0407,144,97,14,2046,,C#7,,,,,,,,n171_1Cs7x_10,2046,,gutim,171,
171,996.3782,0.0407,144,78,14,2047,,F#5,,,,,,,,n171_1Fs5x_10,2047,,gutim,171,
171,996.4291,0.0805,144,69,14,2048,,A4,,,,,,,,n171_1A4t_3,2048,,gutim,171,
171,996.5297,0.0407,144,97,14,2049,,C#7,,,,,,,,n171_1Cs7x_11,2049,,gutim,171,
171,996.5806,0.0407,144,78,14,2050,,F#5,,,,,,,,n171_1Fs5x_11,2050,,gutim,171,
171,996.6315,0.0407,144,97,14,2051,,C#7,,,,,,,,n171_1Cs7x_12,2051,,gutim,171,
171,996.6824,0.0407,144,78,14,2052,,F#5,,,,,,,,n171_1Fs5x_12,2052,,gutim,171,
171,996.7333,0.0407,144,69,14,2053,,A4,,,,,,,,n171_1A4x_4,2053,,gutim,171,
171,996.7842,0.0407,144,97,14,2054,,C#7,,,,,,,,n171_1Cs7x_13,2054,,gutim,171,
171,996.8351,0.0407,144,78,14,2055,,F#5,,,,,,,,n171_1Fs5x_13,2055,,gutim,171,
171,996.886,0.0805,144,69,14,2056,,A4,,,,,,,,n171_1A4t_4,2056,,gutim,171,
171,996.9866,0.0407,144,97,14,2057,,C#7,,,,,,,,n171_1Cs7x_14,2057,,gutim,171,
171,997.0375,0.0407,144,78,14,2058,,F#5,,,,,,,,n171_1Fs5x_14,2058,,gutim,171,
171,997.0884,0.0407,144,97,14,2059,,C#7,,,,,,,,n171_1Cs7x_15,2059,,gutim,171,
171,997.1393,0.0407,144,78,14,2060,,F#5,,,,,,,,n171_1Fs5x_15,2060,,gutim,171,
171,997.1902,0.0407,144,69,14,2061,,A4,,,,,,,,n171_1A4x_5,2061,,gutim,171,
171,997.2411,0.0407,144,97,14,2062,,C#7,,,,,,,,n171_1Cs7x_16,2062,,gutim,171,
171,997.292,0.0407,144,78,14,2063,,F#5,,,,,,,,n171_1Fs5x_16,2063,,gutim,171,
171,997.3429,0.0805,144,69,14,2064,,A4,,,,,,,,n171_1A4t_5,2064,,gutim,171,
171,997.4435,0.0407,144,97,14,2065,,C#7,,,,,,,,n171_1Cs7x_17,2065,,gutim,171,
171,997.4944,0.0407,144,78,14,2066,,F#5,,,,,,,,n171_1Fs5x_17,2066,,gutim,171,
,,,,,,,,,,,,,,,,,,172,,,
172,998.8947,0.0407,144,97,14,2067,,C#7,,,,,,,,n172_1Cs7x_0,2067,,gutim,172,
172,998.9456,0.0407,144,78,14,2068,,F#5,,,,,,,,n172_1Fs5x_0,2068,,gutim,172,
172,998.9965,0.0407,144,69,14,2069,,A4,,,,,,,,n172_1A4x_0,2069,,gutim,172,
172,999.0474,0.0407,144,97,14,2070,,C#7,,,,,,,,n172_1Cs7x_1,2070,,gutim,172,
172,999.0983,0.0407,144,78,14,2071,,F#5,,,,,,,,n172_1Fs5x_1,2071,,gutim,172,
172,999.1492,0.0805,144,69,14,2072,,A4,,,,,,,,n172_1A4t_0,2072,,gutim,172,
172,999.2499,0.0407,144,97,14,2073,,C#7,,,,,,,,n172_1Cs7x_2,2073,,gutim,172,
172,999.3008,0.0407,144,78,14,2074,,F#5,,,,,,,,n172_1Fs5x_2,2074,,gutim,172,
172,999.3517,0.0407,144,97,14,2075,,C#7,,,,,,,,n172_1Cs7x_3,2075,,gutim,172,
172,999.4026,0.0407,144,78,14,2076,,F#5,,,,,,,,n172_1Fs5x_3,2076,,gutim,172,
172,999.4535,0.0407,144,69,14,2077,,A4,,,,,,,,n172_1A4x_1,2077,,gutim,172,
172,999.5044,0.0407,144,97,14,2078,,C#7,,,,,,,,n172_1Cs7x_4,2078,,gutim,172,
172,999.5552,0.0407,144,78,14,2079,,F#5,,,,,,,,n172_1Fs5x_4,2079,,gutim,172,
172,999.6061,0.0805,144,69,14,2080,,A4,,,,,,,,n172_1A4t_1,2080,,gutim,172,
172,999.7068,0.0407,144,97,14,2081,,C#7,,,,,,,,n172_1Cs7x_5,2081,,gutim,172,
172,999.7577,0.0369,144,78,14,2082,,F#5,,,,,,,,n172_1Fs5x_5,2082,,gutim,172,
,,,,,,,7128,,,,,,,,,,,,gutim,,
,,,,,,,,,,,,,,,,,,175,,,
175,1013.6117,0.0427,144,97,14,2083,,C#7,,,,,,,,n175_1Cs7x_0,2083,,gutim,175,
175,1013.6117,0.3016,144,72,14,2083,,C5,,,,,,,,n175_5C5e,2083,,gutim,175,
175,1013.6117,0.254,144,77,14,2083,,F5,,,,,,,,n175_5F5e,2083,,gutim,175,
175,1013.665,0.0427,144,77,14,2084,,F5,,,,,,,,n175_1F5x_0,2084,,gutim,175,
175,1013.7183,0.0427,144,69,14,2085,,A4,,,,,,,,n175_1A4x_0,2085,,gutim,175,
175,1013.7717,0.0427,144,97,14,2086,,C#7,,,,,,,,n175_1Cs7x_1,2086,,gutim,175,
175,1013.825,0.0427,144,77,14,2087,,F5,,,,,,,,n175_1F5x_1,2087,,gutim,175,
175,1013.8783,0.0843,144,69,14,2088,,A4,,,,,,,,n175_1A4t,2088,,gutim,175,
175,1013.9291,0.381,144,68,14,2089,,Ab4,,,,,,,,n175_5Ab4e,2089,,gutim,175,
175,1013.9837,0.0427,144,97,14,2090,,C#7,,,,,,,,n175_1Cs7x_2,2090,,gutim,175,
175,1014.037,0.0427,144,77,14,2091,,F5,,,,,,,,n175_1F5x_2,2091,,gutim,175,
175,1014.0904,0.0427,144,97,14,2092,,C#7,,,,,,,,n175_1Cs7x_3,2092,,gutim,175,
175,1014.1437,0.0427,144,77,14,2093,,F5,,,,,,,,n175_1F5x_3,2093,,gutim,175,
175,1014.197,0.0427,144,69,14,2094,,A4,,,,,,,,n175_1A4x_1,2094,,gutim,175,
175,1014.2503,0.1696,144,89,14,2095,,F6,,,,,,,,n175_1F6s,2095,,gutim,175,
175,1014.4053,0.0635,144,68,14,2096,,Ab4,,,,,,,,n175_5Ab4s,2096,,gutim,175,
175,1014.4053,0.127,144,72,14,2096,,C5,,,,,,,,n175_5C5s,2096,,gutim,175,
175,1014.4053,0.127,144,77,14,2096,,F5,,,,,,,,n175_5F5s,2096,,gutim,175,
175,1014.4624,0.0813,144,67,14,2097,,G4,,,,,,,,n175_1G4t,2097,,gutim,175,
,,,,,,,,,,,,,,,,,,176,,,
176,1014.5641,0.0428,144,66,14,2098,,F#4,,,,,,,,n176_1Fs4x_0,2098,,gutim,176,
176,1014.6176,0.0431,144,74,14,2099,,D5,,,,,,,,n176_1D5x_0,2099,,gutim,176,
176,1014.6714,0.0434,144,94,14,2100,,Bb6,,,,,,,,n176_1Bb6x_0,2100,,gutim,176,
176,1014.7257,0.0437,144,66,14,2101,,F#4,,,,,,,,n176_1Fs4x_1,2101,,gutim,176,
176,1014.7803,0.044,144,74,14,2102,,D5,,,,,,,,n176_1D5x_1,2102,,gutim,176,
176,1014.8352,0.0443,144,94,14,2103,,Bb6,,,,,,,,n176_1Bb6x_1,2103,,gutim,176,
176,1014.8906,0.0446,144,92,14,2104,,Ab6,,,,,,,,n176_1Ab6x_0,2104,,gutim,176,
176,1014.9463,0.0449,144,66,14,2105,,F#4,,,,,,,,n176_1Fs4x_2,2105,,gutim,176,
176,1014.9463,0.0449,144,74,14,2105,,D5,,,,,,,,n176_1D5x_2,2105,,gutim,176,
176,1015.0025,0.0452,144,80,14,2106,,Ab5,,,,,,,,n176_1Ab5x_0,2106,,gutim,176,
176,1015.059,0.0455,144,66,14,2107,,F#4,,,,,,,,n176_1Fs4x_3,2107,,gutim,176,
176,1015.059,0.0455,144,74,14,2107,,D5,,,,,,,,n176_1D5x_3,2107,,gutim,176,
176,1015.1159,0.0459,144,94,14,2108,,Bb6,,,,,,,,n176_1Bb6x_2,2108,,gutim,176,
176,1015.1732,0.0462,144,80,14,2109,,Ab5,,,,,,,,n176_1Ab5x_1,2109,,gutim,176,
176,1015.231,0.0465,144,62,14,2110,,D4,,,,,,,,n176_1D4x_0,2110,,gutim,176,
176,1015.2892,0.0699,144,54,14,2111,,F#3,,,,,,,,n176_1Fs3x_0,2111,,gutim,176,
176,1015.3765,0.0707,144,80,14,2112,,Ab5,,,,,,,,n176_1Ab5x_2,2112,,gutim,176,
176,1015.4649,0.0479,144,54,14,2113,,F#3,,,,,,,,n176_1Fs3x_1,2113,,gutim,176,
176,1015.4649,0.0479,144,62,14,2113,,D4,,,,,,,,n176_1D4x_1,2113,,gutim,176,
176,1015.5248,0.0483,144,94,14,2114,,Bb6,,,,,,,,n176_1Bb6x_3,2114,,gutim,176,
176,1015.5851,0.0487,144,85,14,2115,,C#6,,,,,,,,n176_1Cs6x,2115,,gutim,176,
176,1015.5851,0.0487,144,92,14,2115,,Ab6,,,,,,,,n176_1Ab6x_1,2115,,gutim,176,
176,1015.6459,0.049,144,103,14,2116,,G7,,,,,,,,n176_1G7x_0,2116,,gutim,176,
176,1015.7072,0.0494,144,74,14,2117,,D5,,,,,,,,n176_1D5x_4,2117,,gutim,176,
176,1015.769,0.0742,144,92,14,2118,,Ab6,,,,,,,,n176_1Ab6x_2,2118,,gutim,176,
176,1015.8618,0.0751,144,86,14,2119,,D6,,,,,,,,n176_1D6x,2119,,gutim,176,
176,1015.9557,0.051,144,92,14,2120,,Ab6,,,,,,,,n176_1Ab6x_3,2120,,gutim,176,
176,1015.9557,0.051,144,103,14,2120,,G7,,,,,,,,n176_1G7x_1,2120,,gutim,176,
176,1016.0194,0.0514,144,62,14,2121,,D4,,,,,,,,n176_1D4x_2,2121,,gutim,176,
176,1016.0836,0.0518,144,54,14,2122,,F#3,,,,,,,,n176_1Fs3x_2,2122,,gutim,176,
176,1016.1483,0.0522,144,62,14,2123,,D4,,,,,,,,n176_1D4x_3,2123,,gutim,176,
176,1016.2794,0.0531,144,94,14,2124,,Bb6,,,,,,,,n176_1Bb6x_4,2124,,gutim,176,
176,1016.3457,0.0535,144,80,14,2125,,Ab5,,,,,,,,n176_1Ab5x_3,2125,,gutim,176,
176,1016.4127,0.0805,144,94,14,2126,,Bb6,,,,,,,,n176_1Bb6x_5,2126,,gutim,176,
176,1016.5133,0.0815,144,42,14,2127,,F#2,,,,,,,,n176_1Fs2x,2127,,gutim,176,
176,1016.6152,0.0554,144,92,14,2128,,Ab6,,,,,,,,n176_1Ab6x_4,2128,,gutim,176,
176,1016.6645,0.06,144,52,14,2129,,E3,g,,,,,,,ng176_5E3e,2129,,gutim,176,
176,1016.6844,0.0558,144,106,14,2130,,Bb7,,,,,,,,n176_1Bb7x,2130,,gutim,176,
176,1016.7395,0.25,144,90,14,2131,,F#6,,,,,,,,n176_5Fs6s_0,2131,,gutim,176,
176,1016.7542,0.0833,144,54,14,2132,,F#3,,,,,,,,n176_1Fs3x_3,2132,,gutim,176,
176,1016.8584,0.0833,144,92,14,2133,,Ab6,,,,,,,,n176_1Ab6x_5,2133,,gutim,176,
176,1016.9625,0.056,144,54,14,2134,,F#3,,,,,,,,n176_1Fs3x_4,2134,,gutim,176,
176,1016.9625,0.056,144,62,14,2134,,D4,,,,,,,,n176_1D4x_4,2134,,gutim,176,
176,1017.0325,0.056,144,92,14,2135,,Ab6,,,,,,,,n176_1Ab6x_6,2135,,gutim,176,
176,1017.0325,0.056,144,94,14,2135,,Bb6,,,,,,,,n176_1Bb6x_6,2135,,gutim,176,
176,1017.052,0.0833,144,77,14,2136,,F5,,,,,,,,n176_5F5t,2136,,gutim,176,
176,1017.052,0.0833,144,90,14,2136,,F#6,,,,,,,,n176_5Fs6t,2136,,gutim,176,
176,1017.1025,0.1107,144,103,14,2137,,G7,,,,,,,,n176_1G7t,2137,,gutim,176,
176,1017.1562,0.1667,144,48,14,2138,,C3,,,,,,,,n176_5C3s,2138,,gutim,176,
176,1017.1562,0.1667,144,53,14,2138,,F3,,,,,,,,n176_5F3s,2138,,gutim,176,
176,1017.1562,0.1667,144,90,14,2138,,F#6,,,,,,,,n176_5Fs6s_1,2138,,gutim,176,
176,1017.2408,0.1079,144,44,14,2139,,Ab2,,,,,,,,n176_1Ab2t,2139,,gutim,176,
176,1017.2408,0.1079,144,48,14,2139,,C3,,,,,,,,n176_1C3t,2139,,gutim,176,
176,1017.2408,0.1079,144,53,14,2139,,F3,,,,,,,,n176_1F3t_0,2139,,gutim,176,
176,1017.2408,0.1079,144,78,14,2139,,F#5,,,,,,,,n176_1Fs5t,2139,,gutim,176,
176,1017.3757,0.1141,144,86,14,2140,,D6,,,,,,,,n176_1D6t_0,2140,,gutim,176,
176,1017.5183,0.0377,144,54,14,2141,,F#3,,,,,,,,n176_1Fs3x_5,2141,,gutim,176,
176,1017.5654,0.0764,144,46,14,2142,,A#2,,,,,,,,n176_1As2t,2142,,gutim,176,
176,1017.6609,0.0764,144,86,14,2143,,D6,,,,,,,,n176_1D6t_1,2143,,gutim,176,
176,1017.7564,0.0764,144,53,14,2144,,F3,,,,,,,,n176_1F3t_1,2144,,gutim,176,
176,1017.8519,0.0813,144,98,14,2145,,D7,,,,,,,,n176_1D7x,2145,,gutim,176,
176,1017.9536,0.0546,144,53,14,2146,,F3,,,,,,,,n176_1F3x,2146,,gutim,176,
176,1018.0218,0.0546,144,46,14,2147,,A#2,,,,,,,,n176_1As2x,2147,,gutim,176,
176,1018.09,0.0377,144,59,14,2148,,B3,,,,,,,,n176_1B3x_0,2148,,gutim,176,
176,1018.1371,0.0377,144,60,14,2149,,C4,,,,,,,,n176_1C4x,2149,,gutim,176,
176,1018.1842,0.0377,144,59,14,2150,,B3,,,,,,,,n176_1B3x_1,2150,,gutim,176,
176,1018.2314,0.0764,144,53,14,2151,,F3,,,,,,,,n176_1F3t_2,2151,,gutim,176,
176,1018.3268,0.0268,144,60,14,2152,,C4,,,,,,,,n176_1C4?_0,2152,,gutim,176,
176,1018.3603,0.0268,144,59,14,2153,,B3,,,,,,,,n176_1B3?_0,2153,,gutim,176,
176,1018.3938,0.0268,144,60,14,2154,,C4,,,,,,,,n176_1C4?_1,2154,,gutim,176,
176,1018.4273,0.0268,144,59,14,2155,,B3,,,,,,,,n176_1B3?_1,2155,,gutim,176,
176,1018.4608,0.0268,144,60,14,2156,,C4,,,,,,,,n176_1C4?_2,2156,,gutim,176,
176,1018.4943,0.0268,144,59,14,2157,,B3,,,,,,,,n176_1B3?_2,2157,,gutim,176,
176,1018.5277,0.0218,144,60,14,2158,,C4,,,,,,,,n176_1C4?_3,2158,,gutim,176,
176,1018.7931,0.7619,144,30,14,2159,,F#1,,,,,,,,n176_5Fs1q,2159,,gutim,176,
,,,,,,,,,,,,,,,,,,177,,,
177,1019.7455,0.7619,144,30,14,2160,,F#1,,,,,,,,n177_5Fs1q_0,2160,,gutim,177,
177,1020.2217,0.4524,144,32,14,2161,,Ab1,,,,,,,,n177_1Ab1e,2161,,gutim,177,
177,1020.2217,0.381,144,36,14,2161,,C2,,,,,,,,n177_1C2e,2161,,gutim,177,
177,1020.2217,0.381,144,41,14,2161,,F2,,,,,,,,n177_1F2e,2161,,gutim,177,
177,1020.2217,0.381,144,54,14,2161,,F#3,,,,,,,,n177_1Fs3e,2161,,gutim,177,
,,,,,,,7129,,,,,,,,,,,,gutim,,
177,1020.6979,0.381,144,28,5,2162,,E1,,,,,,,,n177_5E1e,2162,,gutim,177,
177,1020.6979,0.381,144,30,14,2162,,F#1,,,,,,,,n177_5Fs1e,2162,,gutim,177,
177,1021.1741,0.0907,144,30,18,2163,,F#1,,,,,,,,n177_5Fs1t_0,2163,,gutim,177,
177,1021.2695,0.0907,144,35,19,2164,,B1,,,,,,,,n177_5B1t_0,2164,,gutim,177,
177,1021.365,0.1355,144,36,20,2165,,C2,,,,,,,,n177_5C2t_0,2165,,gutim,177,
177,1021.5003,0.0712,144,88,14,2166,,E6,g,,,,,,,ng177_1E6e,2166,,gutim,177,
177,1021.5076,0.1355,144,35,21,2167,,B1,,,,,,,,n177_5B1t_1,2167,,gutim,177,
177,1021.5753,0.0712,144,82,17,2168,,Bb5,g,,,,,,,ng177_1Bb5e,2168,,gutim,177,
177,1021.6503,0.1131,144,90,20,2169,,F#6,,,,,,,,n177_1Fs6t,2169,,gutim,177,
177,1021.6503,0.2282,144,22,22,2169,,Bb0,,,,,,,,n177_5Bb0s,2169,,gutim,177,
177,1021.7693,0.2857,144,27,20,2170,,Eb1,,,,,,,,n177_1Eb1s,2170,,gutim,177,
177,1021.9355,0.2282,144,98,22,2171,,D7,,,,,,,,n177_5D7s,2171,,gutim,177,
177,1022.2207,0.2282,144,30,22,2172,,F#1,,,,,,,,n177_5Fs1s,2172,,gutim,177,
177,1022.5059,0.0907,144,22,22,2173,,Bb0,,,,,,,,n177_5Bb0t,2173,,gutim,177,
177,1022.6014,0.0907,144,30,20,2174,,F#1,,,,,,,,n177_5Fs1t_1,2174,,gutim,177,
177,1022.6969,0.1814,144,36,17,2175,,C2,,,,,,,,n177_5C2s,2175,,gutim,177,
177,1022.8879,0.0907,144,35,13,2176,,B1,,,,,,,,n177_5B1t_2,2176,,gutim,177,
177,1022.9833,0.0907,144,36,10,2177,,C2,,,,,,,,n177_5C2t_1,2177,,gutim,177,
177,1023.0788,0.4524,144,35,8,2178,,B1,,,,,,,,n177_5B1t_3,2178,,gutim,177,
177,1023.555,1.2234,144,90,14,2179,,F#6,,,,,,,,n177_1Fs6q,2179,,gutim,177,
177,1023.555,1.2234,144,22,14,2179,,A#0,,,,,,,,n177_5As0q,2179,,gutim,177,
177,1023.555,1.2234,144,27,14,2179,,D#1,,,,,,,,n177_5Ds1q,2179,,gutim,177,
177,1023.555,1.2234,144,28,14,2179,,E1,,,,,,,,n177_5E1q,2179,,gutim,177,
177,1023.555,1.2234,144,30,14,2179,,F#1,,,,,,,,n177_5Fs1q_1,2179,,gutim,177,
177,1023.555,1.2234,144,35,14,2179,,B1,,,,,,,,n177_5B1q,2179,,gutim,177,
177,1023.555,1.2234,144,36,14,2179,,C2,,,,,,,,n177_5C2q,2179,,gutim,177,
,,,,,,,,,,,,,,,,,,178,,,
178,1025.0843,0.1154,144,53,14,2180,,F3,,,,,,,,n178_2F3s,2180,,gutim,178,
178,1025.2285,0.1154,144,49,14,2181,,Db3,,,,,,,,n178_2Db3s,2181,,gutim,178,
178,1025.2285,0.1154,144,71,14,2181,,B4,,,,,,,,n178_5B4s,2181,,gutim,178,
178,1025.3728,0.1154,144,64,14,2182,,E4,,,,,,,,n178_5E4s,2182,,gutim,178,
178,1025.517,0.1154,144,54,14,2183,,F#3,,,,,,,,n178_5Fs3s,2183,,gutim,178,
178,1025.617,0.06,144,58,14,2184,,Bb3,g,,,,,,,ng178_5Bb3e,2184,,gutim,178,
178,1025.692,0.4615,144,45,14,2185,,A2,,,,,,,,n178_5A2q,2185,,gutim,178,
,,,,,,,7132,,,,,,,,,,,,gutim,,
,,,,,,,,,,,,,,,,,,182,,,
182,1035.4997,0.1538,144,62,17,2186,,D4,,,,,,,,n182_2D4e,2186,,gutim,182,
182,1035.4997,0.0925,144,98,11,2186,,D7,,,,,,,,n182_5D7s,2186,,gutim,182,
182,1035.6146,0.0925,144,34,15,2187,,Bb1,,,,,,,,n182_5Bb1s,2187,,gutim,182,
182,1035.692,0.1538,144,90,17,2188,,F#6,,,,,,,,n182_2Fs6e,2188,,gutim,182,
182,1035.7303,0.0925,144,48,18,2189,,C3,,,,,,,,n182_5C3s,2189,,gutim,182,
182,1035.846,0.0925,144,42,22,2190,,F#2,,,,,,,,n182_5Fs2s,2190,,gutim,182,
182,1035.8843,0.1538,144,70,17,2191,,Bb4,,,,,,,,n182_2Bb4e,2191,,gutim,182,
182,1035.9266,0.06,144,33,8,2192,,A1,g,,,,,,,ng182_1A1e,2192,,gutim,182,
182,1035.9617,0.0919,144,47,22,2193,,B2,,,,,,,,n182_5B2s,2193,,gutim,182,
182,1036.0016,0.06,144,85,8,2194,,C#6,g,,,,,,,ng182_1Cs6e,2194,,gutim,182,
182,1036.1343,0.274,144,80,8,2195,,Ab5,,,,,,,,n182_1Ab5e,2195,,gutim,182,
182,1036.1343,3.2308,144,34,20,2195,,Bb1,,,,,,,,n182_5Bb1h,2195,,gutim,182,
182,1036.1343,3.2308,144,42,8,2195,,Gb2,,,,,,,,n182_5Gb2h,2195,,gutim,182,
182,1036.1343,0.3462,144,39,20,2195,,Eb2,,,,,,,,n182_6Eb2e,2195,,gutim,182,
182,1036.4228,0.1302,144,84,9,2196,,C6,,,,,,,,n182_1C6e,2196,,gutim,182,
182,1036.4862,0.0712,144,64,20,2197,,E4,g,,,,,,,ng182_6E4e,2197,,gutim,182,
182,1036.5612,0.0712,144,36,20,2198,,C2,g,,,,,,,ng182_6C2e,2198,,gutim,182,
182,1036.5612,0.0712,144,62,20,2198,,D4,g,,,,,,,ng182_6D4e,2198,,gutim,182,
182,1036.6362,0.0712,144,42,21,2199,,Gb2,g,,,,,,,ng182_6Gb2e,2199,,gutim,182,
182,1036.6362,0.0712,144,76,21,2199,,E5,g,,,,,,,ng182_6E5e,2199,,gutim,182,
182,1036.7112,0.1538,144,82,14,2200,,Bb5,,,,,,,,n182_1Bb5e,2200,,gutim,182,
182,1036.7112,0.1538,144,90,22,2200,,Gb6,,,,,,,,n182_1Gb6e,2200,,gutim,182,
182,1036.7112,0.0913,144,76,20,2200,,E5,,,,,,,,n182_2E5s,2200,,gutim,182,
182,1036.8074,0.0913,144,65,22,2201,,F4,,,,,,,,n182_2F4s,2201,,gutim,182,
182,1036.9035,0.1538,144,68,22,2202,,Ab4,,,,,,,,n182_1Ab4e,2202,,gutim,182,
182,1036.9035,0.0769,144,54,22,2202,,Gb3,,,,,,,,n182_2Gb3s,2202,,gutim,182,
182,1036.9035,0.1827,144,27,22,2202,,Eb1,,,,,,,,n182_6Eb1e,2202,,gutim,182,
182,1036.9997,0.2308,144,41,22,2203,,F2,,,,,,,,n182_2F2e,2203,,gutim,182,
182,1036.9997,0.2308,144,48,22,2203,,C3,,,,,,,,n182_2C3e,2203,,gutim,182,
182,1037.0959,0.1538,144,103,22,2204,,G7,,,,,,,,n182_1G7e,2204,,gutim,182,
182,1037.0959,0.1538,144,58,22,2204,,Bb3,,,,,,,,n182_6Bb3e,2204,,gutim,182,
,,,,,,,7133,,,,,,,,,,,,gutim,,
,,,,,,,,,,,,,,,,,,185,,,
185,1044.7882,0.0914,144,64,5,2205,,E4,,,,,,,,n185_1E4t,2205,,gutim,185,
185,1044.8843,0.0914,144,78,6,2206,,F#5,,,,,,,,n185_1Fs5t_0,2206,,gutim,185,
185,1044.9805,0.0914,144,72,6,2207,,C5,,,,,,,,n185_1C5t_0,2207,,gutim,185,
185,1045.0767,0.0914,144,78,7,2208,,F#5,,,,,,,,n185_1Fs5t_1,2208,,gutim,185,
185,1045.1729,0.0914,144,72,8,2209,,C5,,,,,,,,n185_1C5t_1,2209,,gutim,185,
185,1045.2692,0.0914,144,78,8,2210,,F#5,,,,,,,,n185_1Fs5t_2,2210,,gutim,185,
185,1045.3654,0.1829,144,77,9,2211,,F5,,,,,,,,n185_1F5s,2211,,gutim,185,
185,1045.558,0.3661,144,68,9,2212,,Ab4,,,,,,,,n185_1Ab4e,2212,,gutim,185,
185,1045.9434,1.3903,144,46,8,2213,,Bb2,,,,,,,,n185_1Bb2e,2213,,gutim,185,
185,1045.9434,1.3903,144,56,8,2213,,Ab3,,,,,,,,n185_1Ab3e,2213,,gutim,185,
185,1045.9434,1.3903,144,60,8,2213,,C4,,,,,,,,n185_1C4e,2213,,gutim,185,
185,1045.9434,1.3903,144,23,8,2213,,B0,,,,,,,,n185_5B0e,2213,,gutim,185,
185,1045.9434,1.3903,144,25,8,2213,,Db1,,,,,,,,n185_5Db1e,2213,,gutim,185,
185,1045.9434,1.3903,144,29,8,2213,,F1,,,,,,,,n185_5F1e,2213,,gutim,185,
,,,,,,,,,,,,,,,,,,186,,,
186,1047.6812,0.4645,144,46,11,2214,,Bb2,,,,,,,,n186_1Bb2e,2214,,gutim,186,
186,1047.6812,0.4645,144,56,11,2214,,Ab3,,,,,,,,n186_1Ab3e,2214,,gutim,186,
186,1047.6812,0.4645,144,60,11,2214,,C4,,,,,,,,n186_1C4e,2214,,gutim,186,
186,1047.6812,0.4645,144,23,5,2214,,B0,,,,,,,,n186_5B0e,2214,,gutim,186,
186,1047.6812,0.4645,144,25,5,2214,,Db1,,,,,,,,n186_5Db1e,2214,,gutim,186,
186,1047.6812,0.4645,144,29,5,2214,,F1,,,,,,,,n186_5F1e,2214,,gutim,186,
186,1048.2619,0.0775,144,48,8,2215,,C3,,,,,,,,n186_5C3t,2215,,gutim,186,
186,1048.3587,0.0775,144,52,8,2216,,E3,,,,,,,,n186_5E3t_0,2216,,gutim,186,
186,1048.4556,0.0775,144,38,7,2217,,D2,,,,,,,,n186_5D2t_0,2217,,gutim,186,
186,1048.5524,0.0775,144,52,7,2218,,E3,,,,,,,,n186_5E3t_1,2218,,gutim,186,
186,1048.6493,0.0775,144,38,6,2219,,D2,,,,,,,,n186_5D2t_1,2219,,gutim,186,
186,1048.7463,0.0775,144,84,14,2220,,C6,,,,,,,,n186_5C6t,2220,,gutim,186,
186,1048.8432,0.8152,144,80,20,2221,,Ab5,,,,,,,,n186_1Ab5e,2221,,gutim,186,
186,1048.8432,0.2327,144,32,5,2221,,Ab1,,,,,,,,n186_5Ab1s_0,2221,,gutim,186,
186,1049.1341,0.699,144,32,4,2222,,Ab1,,,,,,,,n186_5Ab1e,2222,,gutim,186,
186,1049.1341,0.699,144,37,4,2222,,Db2,,,,,,,,n186_5Db2e,2222,,gutim,186,
186,1049.8622,0.0583,144,48,17,2223,,C3,,,,,,,,n186_1C3t,2223,,gutim,186,
186,1049.8622,0.1166,144,55,17,2223,,G3,,,,,,,,n186_1G3t,2223,,gutim,186,
186,1049.8622,0.1166,144,59,17,2223,,B3,,,,,,,,n186_1B3t,2223,,gutim,186,
186,1050.0079,0.1659,144,80,8,2224,,Ab5,,,,,,,,n186_1Ab5t,2224,,gutim,186,
186,1050.0079,0.1659,144,93,17,2224,,A6,,,,,,,,n186_1A6t,2224,,gutim,186,
186,1050.0079,0.1458,144,32,20,2224,,Ab1,,,,,,,,n186_5Ab1s_1,2224,,gutim,186,
186,1050.0079,0.2333,144,37,4,2224,,Db2,,,,,,,,n186_5Db2s,2224,,gutim,186,
186,1050.0079,0.934,144,42,4,2224,,Gb2,,,,,,,,n186_5Gb2s,2224,,gutim,186,
186,1050.1825,0.166,144,40,8,2225,,E2,,,,,,,,n186_1E2t,2225,,gutim,186,
186,1050.3572,0.1112,144,72,9,2226,,C5,,,,,,,,n186_1C5t_0,2226,,gutim,186,
186,1050.4742,0.1112,144,86,10,2227,,D6,,,,,,,,n186_1D6t_0,2227,,gutim,186,
186,1050.5913,0.1112,144,72,10,2228,,C5,,,,,,,,n186_1C5t_1,2228,,gutim,186,
186,1050.7083,0.1112,144,86,11,2229,,D6,,,,,,,,n186_1D6t_1,2229,,gutim,186,
186,1050.8254,0.1113,144,72,11,2230,,C5,,,,,,,,n186_1C5t_2,2230,,gutim,186,
186,1050.9426,0.2212,144,61,12,2231,,Db4,,,,,,,,n186_1Db4s,2231,,gutim,186,
186,1051.1754,0.1169,144,25,5,2232,,C#1,,,,,,,,n186_5Cs1t_0,2232,,gutim,186,
186,1051.3215,0.1169,144,57,5,2233,,A3,,,,,,,,n186_5A3t,2233,,gutim,186,
186,1051.4676,0.078,144,23,5,2234,,B0,,,,,,,,n186_5B0t_0,2234,,gutim,186,
186,1051.5651,0.078,144,41,5,2235,,F2,,,,,,,,n186_5F2t,2235,,gutim,186,
186,1051.6626,0.078,144,23,5,2236,,B0,,,,,,,,n186_5B0t_1,2236,,gutim,186,
186,1051.6626,0.078,144,25,5,2236,,C#1,,,,,,,,n186_5Cs1t_1,2236,,gutim,186,
186,1051.7601,0.078,144,29,5,2237,,F1,,,,,,,,n186_5F1t_0,2237,,gutim,186,
186,1051.8576,0.078,144,23,5,2238,,B0,,,,,,,,n186_5B0t_2,2238,,gutim,186,
186,1051.9552,0.0781,144,45,5,2239,,A2,,,,,,,,n186_5A2t,2239,,gutim,186,
186,1052.0528,0.1171,144,29,5,2240,,F1,,,,,,,,n186_5F1t_1,2240,,gutim,186,
186,1052.1991,0.1171,144,77,11,2241,,F5,,,,,,,,n186_1F5t_0,2241,,gutim,186,
186,1052.1991,0.1171,144,31,11,2241,,G1,,,,,,,,n186_5G1t_0,2241,,gutim,186,
186,1052.1991,0.1171,144,40,11,2241,,E2,,,,,,,,n186_5E2t_0,2241,,gutim,186,
186,1052.3456,0.0586,144,77,20,2242,,F5,,,,,,,,n186_1F5t_1,2242,,gutim,186,
186,1052.3456,0.1172,144,87,20,2242,,Eb6,,,,,,,,n186_1Eb6t,2242,,gutim,186,
186,1052.3456,0.0586,144,31,20,2242,,G1,,,,,,,,n186_5G1t_1,2242,,gutim,186,
186,1052.3456,0.1172,144,40,20,2242,,E2,,,,,,,,n186_5E2t_1,2242,,gutim,186,
186,1052.492,0.8212,144,77,24,2243,,F5,,,,,,,,n186_1F5e,2243,,gutim,186,
186,1052.492,0.8212,144,87,24,2243,,Eb6,,,,,,,,n186_1Eb6e,2243,,gutim,186,
186,1052.492,0.8212,144,31,24,2243,,G1,,,,,,,,n186_5G1e,2243,,gutim,186,
186,1052.492,0.8212,144,35,24,2243,,B1,,,,,,,,n186_5B1e,2243,,gutim,186,
186,1052.492,0.8212,144,40,24,2243,,E2,,,,,,,,n186_5E2e,2243,,gutim,186,
,,,,,,,,,,,,,,,,,,187,,,
187,1053.5186,0.1395,144,25,5,2244,,C#1,,,,,,,,n187_5Cs1t_0,2244,,gutim,187,
187,1053.6654,0.1395,144,57,5,2245,,A3,,,,,,,,n187_5A3t,2245,,gutim,187,
187,1053.8122,0.093,144,23,5,2246,,B0,,,,,,,,n187_5B0t_0,2246,,gutim,187,
187,1053.9102,0.0931,144,41,5,2247,,F2,,,,,,,,n187_5F2t,2247,,gutim,187,
187,1054.0081,0.0931,144,23,5,2248,,B0,,,,,,,,n187_5B0t_1,2248,,gutim,187,
187,1054.0081,0.0931,144,25,5,2248,,C#1,,,,,,,,n187_5Cs1t_1,2248,,gutim,187,
187,1054.1061,0.0931,144,29,5,2249,,F1,,,,,,,,n187_5F1t_0,2249,,gutim,187,
187,1054.2041,0.0931,144,23,5,2250,,B0,,,,,,,,n187_5B0t_2,2250,,gutim,187,
187,1054.3021,0.0931,144,45,5,2251,,A2,,,,,,,,n187_5A2t,2251,,gutim,187,
187,1054.4001,0.0931,144,29,5,2252,,F1,,,,,,,,n187_5F1t_1,2252,,gutim,187,
187,1054.4982,1.306,144,23,5,2253,,B0,,,,,,,,n187_5B0s,2253,,gutim,187,
187,1055.4979,0.0712,144,25,5,2254,,C#1,g,,,,,,,ng187_5Cs1e_0,2254,,gutim,187,
187,1055.5729,0.0712,144,38,5,2255,,D2,g,,,,,,,ng187_5D2e_0,2255,,gutim,187,
187,1055.6479,0.0712,144,25,5,2256,,C#1,g,,,,,,,ng187_5Cs1e_1,2256,,gutim,187,
187,1055.7229,0.0712,144,38,5,2257,,D2,g,,,,,,,ng187_5D2e_1,2257,,gutim,187,
187,1055.7979,0.0712,144,25,5,2258,,C#1,g,,,,,,,ng187_5Cs1e_2,2258,,gutim,187,
187,1055.8729,1.1223,144,45,5,2259,,A2,,,,,,,,n187_5A2q,2259,,gutim,187,
187,1056.4632,0.1681,144,81,8,2260,,A5,,,,,,,,n187_1A5t,2260,,gutim,187,
187,1056.6402,0.1681,144,40,8,2261,,E2,,,,,,,,n187_1E2t,2261,,gutim,187,
187,1056.8172,0.0556,144,72,8,2262,,C5,,,,,,,,n187_1C5x_0,2262,,gutim,187,
187,1056.8757,0.0556,144,86,8,2263,,D6,,,,,,,,n187_1D6x_0,2263,,gutim,187,
187,1056.9342,0.0556,144,72,8,2264,,C5,,,,,,,,n187_1C5x_1,2264,,gutim,187,
187,1056.9927,0.0556,144,86,8,2265,,D6,,,,,,,,n187_1D6x_1,2265,,gutim,187,
187,1057.0512,0.1683,144,72,8,2266,,C5,,,,,,,,n187_1C5t_0,2266,,gutim,187,
187,1057.2283,0.1683,144,61,8,2267,,Db4,,,,,,,,n187_1Db4t_0,2267,,gutim,187,
187,1057.4055,0.1128,144,72,8,2268,,C5,,,,,,,,n187_1C5t_1,2268,,gutim,187,
187,1057.5242,0.1128,144,61,8,2269,,Db4,,,,,,,,n187_1Db4t_1,2269,,gutim,187,
187,1057.8404,0.063,144,98,8,2270,,D7,,,,,,,,n187_1D7t_0,2270,,gutim,187,
187,1057.9067,0.063,144,92,8,2271,,Ab6,,,,,,,,n187_1Ab6t_0,2271,,gutim,187,
187,1057.973,0.063,144,73,8,2272,,Db5,,,,,,,,n187_1Db5t_0,2272,,gutim,187,
187,1058.0394,0.063,144,64,8,2273,,E4,,,,,,,,n187_1E4t_0,2273,,gutim,187,
187,1058.1057,0.1246,144,84,8,2274,,C6,,,,,,,,n187_1C6s,2274,,gutim,187,
187,1058.2369,0.0939,144,92,5,2275,,Ab6,,,,,,,,n187_1Ab6t_1,2275,,gutim,187,
187,1058.3358,0.0939,144,98,5,2276,,D7,,,,,,,,n187_1D7t_1,2276,,gutim,187,
187,1058.4346,0.0939,144,92,5,2277,,Ab6,,,,,,,,n187_1Ab6t_2,2277,,gutim,187,
187,1058.5334,0.0939,144,64,5,2278,,E4,,,,,,,,n187_1E4t_1,2278,,gutim,187,
187,1058.6323,0.0939,144,92,5,2279,,Ab6,,,,,,,,n187_1Ab6t_3,2279,,gutim,187,
187,1058.7312,0.094,144,98,5,2280,,D7,,,,,,,,n187_1D7t_2,2280,,gutim,187,
187,1058.8301,0.141,144,52,5,2281,,E3,,,,,,,,n187_1E3t,2281,,gutim,187,
187,1058.9785,0.094,144,98,5,2282,,D7,,,,,,,,n187_1D7t_3,2282,,gutim,187,
187,1059.0775,0.094,144,73,5,2283,,Db5,,,,,,,,n187_1Db5t_1,2283,,gutim,187,
187,1059.1765,0.1411,144,84,5,2284,,C6,,,,,,,,n187_1C6t_0,2284,,gutim,187,
187,1059.325,0.0941,144,61,5,2285,,Db4,,,,,,,,n187_1Db4t_2,2285,,gutim,187,
187,1059.424,0.1412,144,98,5,2286,,D7,,,,,,,,n187_1D7t_4,2286,,gutim,187,
187,1059.4255,3.8215,144,69,20,2286,,A4,,,,,,,,n187_5A4q,2286,,gutim,187,
187,1059.5726,0.1412,144,84,5,2287,,C6,,,,,,,,n187_1C6t_1,2287,,gutim,187,
187,1059.7212,0.284,144,73,5,2288,,Db5,,,,,,,,n187_1Db5s,2288,,gutim,187,
,,,,,,,,,,,,,,,,,,188,,,
188,1061.1365,0.0712,144,76,17,2289,,E5,g,,,,,,,ng188_1E5e,2289,,gutim,188,
188,1061.2115,1.7028,144,37,17,2290,,C#2,,,,,,,,n188_1Cs2q,2290,,gutim,188,
188,1063.5274,0.0712,144,50,5,2291,,D3,g,,,,,,,ng188_5D3e_0,2291,,gutim,188,
188,1063.6024,0.0712,144,37,5,2292,,C#2,g,,,,,,,ng188_5Cs2e_0,2292,,gutim,188,
188,1063.6774,0.0712,144,50,5,2293,,D3,g,,,,,,,ng188_5D3e_1,2293,,gutim,188,
188,1063.7524,0.0712,144,37,5,2294,,C#2,g,,,,,,,ng188_5Cs2e_1,2294,,gutim,188,
188,1063.8274,0.0712,144,60,5,2295,,C4,g,,,,,,,ng188_5C4e,2295,,gutim,188,
188,1063.9024,0.0712,144,50,5,2296,,D3,g,,,,,,,ng188_5D3e_2,2296,,gutim,188,
188,1063.9774,0.0712,144,37,5,2297,,C#2,g,,,,,,,ng188_5Cs2e_2,2297,,gutim,188,
188,1064.0524,0.0712,144,62,14,2298,,D4,g,,,,,,,ng188_5D4e,2298,,gutim,188,
188,1064.1274,0.0712,144,48,14,2299,,C3,g,,,,,,,ng188_5C3e,2299,,gutim,188,
188,1064.2024,0.48,144,54,20,2300,,F#3,,,,,,,,n188_1Fs3e,2300,,gutim,188,
188,1064.2024,0.48,144,69,20,2300,,A4,,,,,,,,n188_1A4e,2300,,gutim,188,
188,1064.2024,0.1425,144,64,5,2300,,E4,,,,,,,,n188_5E4t,2300,,gutim,188,
188,1064.3524,0.84,144,32,5,2301,,G#1,,,,,,,,n188_5Gs1e,2301,,gutim,188,
188,1064.3524,0.84,144,64,5,2301,,E4,,,,,,,,n188_5E4e,2301,,gutim,188,
188,1064.8024,0.12,144,37,20,2302,,C#2,,,,,,,,n188_1Cs2t,2302,,gutim,188,
188,1064.8024,0.12,144,76,20,2302,,E5,,,,,,,,n188_1E5t,2302,,gutim,188,
188,1064.9524,0.36,144,37,20,2303,,C#2,,,,,,,,n188_1Cs2s,2303,,gutim,188,
188,1064.9524,0.36,144,46,20,2303,,A#2,,,,,,,,n188_1As2s,2303,,gutim,188,
188,1064.9524,0.36,144,76,20,2303,,E5,,,,,,,,n188_1E5s,2303,,gutim,188,
188,1065.4024,0.285,144,77,22,2304,,F5,,,,,,,,n188_5F5s,2304,,gutim,188,
188,1065.7024,0.095,144,31,18,2305,,G1,,,,,,,,n188_5G1t_0,2305,,gutim,188,
188,1065.8024,0.095,144,40,17,2306,,E2,,,,,,,,n188_5E2t_0,2306,,gutim,188,
188,1065.9024,0.095,144,31,15,2307,,G1,,,,,,,,n188_5G1t_1,2307,,gutim,188,
188,1066.0024,0.095,144,40,14,2308,,E2,,,,,,,,n188_5E2t_1,2308,,gutim,188,
188,1066.1024,0.095,144,31,13,2309,,G1,,,,,,,,n188_5G1t_2,2309,,gutim,188,
188,1066.2024,0.095,144,40,11,2310,,E2,,,,,,,,n188_5E2t_2,2310,,gutim,188,
188,1066.3024,0.0638,144,31,10,2311,,G1,,,,,,,,n188_5G1t_3,2311,,gutim,188,
188,1066.3696,0.0638,144,40,9,2312,,E2,,,,,,,,n188_5E2t_3,2312,,gutim,188,
188,1066.4368,0.1573,144,31,8,2313,,G1,,,,,,,,n188_5G1t_4,2313,,gutim,188,
188,1066.6024,1.44,144,31,8,2314,,G1,,,,,,,,n188_5G1q,2314,,gutim,188,
188,1066.6024,1.44,144,40,8,2314,,E2,,,,,,,,n188_5E2q,2314,,gutim,188,
188,1066.6024,1.44,144,65,8,2314,,F4,,,,,,,,n188_5F4q,2314,,gutim,188,
,,,,,,,,,,,,,,,,,,189,,,
189,1068.4024,0.48,144,31,8,2315,,G1,,,,,,,,n189_5G1e_1,2315,,gutim,189,
189,1068.4024,0.48,144,40,8,2315,,E2,,,,,,,,n189_5E2e_1,2315,,gutim,189,
189,1068.4024,0.48,144,53,8,2315,,F3,,,,,,,,n189_5F3e,2315,,gutim,189,
189,1068.8524,0.06,144,42,22,2316,,F#2,,,,,,,,n189_1Fs2t,2316,,gutim,189,
189,1068.8524,0.12,144,69,22,2316,,A4,,,,,,,,n189_1A4t,2316,,gutim,189,
189,1069.0024,0.12,144,36,22,2317,,C2,,,,,,,,n189_1C2s,2317,,gutim,189,
189,1069.0024,0.1425,144,25,8,2317,,Db1,,,,,,,,n189_5Db1t,2317,,gutim,189,
189,1069.0024,0.1425,144,51,8,2317,,Eb3,,,,,,,,n189_5Eb3t,2317,,gutim,189,
189,1069.1524,0.1425,144,35,7,2318,,B1,,,,,,,,n189_5B1t,2318,,gutim,189,
189,1069.3024,0.1425,144,55,6,2319,,G3,,,,,,,,n189_5G3t,2319,,gutim,189,
189,1069.4524,0.12,144,24,5,2320,,C1,,,,,,,,n189_5C1t,2320,,gutim,189,
189,1069.6024,0.095,144,86,5,2321,,D6,,,,,,,,n189_1D6t_0,2321,,gutim,189,
189,1069.7024,0.095,144,80,5,2322,,G#5,,,,,,,,n189_1Gs5t_0,2322,,gutim,189,
189,1069.8024,0.095,144,61,6,2323,,C#4,,,,,,,,n189_1Cs4t_0,2323,,gutim,189,
189,1069.9024,0.095,144,52,6,2324,,E3,,,,,,,,n189_1E3t_0,2324,,gutim,189,
189,1070.0024,0.095,144,72,6,2325,,C5,,,,,,,,n189_1C5t_0,2325,,gutim,189,
189,1070.1024,0.095,144,80,6,2326,,G#5,,,,,,,,n189_1Gs5t_1,2326,,gutim,189,
189,1070.2024,0.095,144,52,7,2327,,E3,,,,,,,,n189_1E3t_1,2327,,gutim,189,
189,1070.3024,0.095,144,72,7,2328,,C5,,,,,,,,n189_1C5t_1,2328,,gutim,189,
189,1070.4024,0.095,144,86,7,2329,,D6,,,,,,,,n189_1D6t_1,2329,,gutim,189,
189,1070.5024,0.095,144,72,8,2330,,C5,,,,,,,,n189_1C5t_2,2330,,gutim,189,
189,1070.6024,0.095,144,61,8,2331,,C#4,,,,,,,,n189_1Cs4t_1,2331,,gutim,189,
189,1070.7024,0.095,144,52,8,2332,,E3,,,,,,,,n189_1E3t_2,2332,,gutim,189,
189,1070.8024,0.095,144,72,8,2333,,C5,,,,,,,,n189_1C5t_3,2333,,gutim,189,
189,1070.9024,0.095,144,86,9,2334,,D6,,,,,,,,n189_1D6t_2,2334,,gutim,189,
189,1071.0024,0.095,144,80,9,2335,,G#5,,,,,,,,n189_1Gs5t_2,2335,,gutim,189,
189,1071.1024,0.1425,144,86,9,2336,,D6,,,,,,,,n189_1D6t_3,2336,,gutim,189,
189,1071.2524,0.1425,144,72,10,2337,,C5,,,,,,,,n189_1C5t_4,2337,,gutim,189,
189,1071.4024,0.095,144,49,10,2338,,C#3,,,,,,,,n189_1Cs3t_0,2338,,gutim,189,
189,1071.5024,0.095,144,40,10,2339,,E2,,,,,,,,n189_1E2t_0,2339,,gutim,189,
189,1071.6024,0.095,144,72,11,2340,,C5,,,,,,,,n189_1C5t_5,2340,,gutim,189,
189,1071.7024,0.1425,144,80,11,2341,,G#5,,,,,,,,n189_1Gs5t_3,2341,,gutim,189,
189,1071.8524,0.1425,144,40,11,2342,,E2,,,,,,,,n189_1E2t_1,2342,,gutim,189,
189,1072.0024,0.1425,144,86,11,2343,,D6,,,,,,,,n189_1D6t_4,2343,,gutim,189,
189,1072.1524,0.1425,144,72,11,2344,,C5,,,,,,,,n189_1C5t_6,2344,,gutim,189,
189,1072.3024,0.095,144,49,11,2345,,C#3,,,,,,,,n189_1Cs3t_1,2345,,gutim,189,
189,1072.4024,0.095,144,40,11,2346,,E2,,,,,,,,n189_1E2t_2,2346,,gutim,189,
189,1072.5024,0.095,144,72,11,2347,,C5,,,,,,,,n189_1C5t_7,2347,,gutim,189,
,,,,,,,7138,,,,,,,,,,,,gutim,,
,,,,,,,,,,,,,,,,,,200,,,
200,1112.9934,0.0738,144,69,5,2348,,A4,,,,,,,,n200_5A4t_0,2348,,gutim,200,
200,1113.0857,0.0738,144,24,5,2349,,C1,,,,,,,,n200_5C1t_0,2349,,gutim,200,
200,1113.1779,0.0738,144,30,5,2350,,F#1,,,,,,,,n200_5Fs1t_0,2350,,gutim,200,
200,1113.2701,0.0738,144,69,5,2351,,A4,,,,,,,,n200_5A4t_1,2351,,gutim,200,
200,1113.3624,0.0738,144,24,5,2352,,C1,,,,,,,,n200_5C1t_1,2352,,gutim,200,
200,1113.4546,0.1484,144,30,5,2353,,F#1,,,,,,,,n200_5Fs1s_0,2353,,gutim,200,
200,1113.6401,0.0738,144,69,5,2354,,A4,,,,,,,,n200_5A4t_2,2354,,gutim,200,
200,1113.7324,0.0738,144,37,5,2355,,C#2,,,,,,,,n200_5Cs2t_0,2355,,gutim,200,
200,1113.8246,0.0738,144,69,5,2356,,A4,,,,,,,,n200_5A4t_3,2356,,gutim,200,
200,1113.9168,0.0738,144,24,5,2357,,C1,,,,,,,,n200_5C1t_2,2357,,gutim,200,
200,1114.0091,0.0738,144,30,5,2358,,F#1,,,,,,,,n200_5Fs1t_1,2358,,gutim,200,
200,1114.1013,0.0738,144,69,5,2359,,A4,,,,,,,,n200_5A4t_4,2359,,gutim,200,
200,1114.1935,0.0738,144,24,5,2360,,C1,,,,,,,,n200_5C1t_3,2360,,gutim,200,
200,1114.2858,0.1484,144,30,5,2361,,F#1,,,,,,,,n200_5Fs1s_1,2361,,gutim,200,
200,1114.4713,0.0738,144,69,5,2362,,A4,,,,,,,,n200_5A4t_5,2362,,gutim,200,
200,1114.5635,0.0773,144,37,5,2363,,C#2,,,,,,,,n200_5Cs2t_1,2363,,gutim,200,
,,,,,,,,,,,,,,,,,,201,,,
201,1114.6601,0.0738,144,69,5,2364,,A4,,,,,,,,n201_5A4t_0,2364,,gutim,201,
201,1114.7523,0.0738,144,24,5,2365,,C1,,,,,,,,n201_5C1t_0,2365,,gutim,201,
201,1114.8446,0.0738,144,30,5,2366,,F#1,,,,,,,,n201_5Fs1t_0,2366,,gutim,201,
201,1114.9368,0.0738,144,69,5,2367,,A4,,,,,,,,n201_5A4t_1,2367,,gutim,201,
201,1115.029,0.0738,144,24,5,2368,,C1,,,,,,,,n201_5C1t_1,2368,,gutim,201,
201,1115.1213,0.1484,144,30,5,2369,,F#1,,,,,,,,n201_5Fs1s_0,2369,,gutim,201,
201,1115.3068,0.0738,144,69,5,2370,,A4,,,,,,,,n201_5A4t_2,2370,,gutim,201,
201,1115.399,0.0738,144,37,5,2371,,C#2,,,,,,,,n201_5Cs2t_0,2371,,gutim,201,
201,1115.4913,0.0738,144,69,5,2372,,A4,,,,,,,,n201_5A4t_3,2372,,gutim,201,
201,1115.5835,0.0738,144,24,5,2373,,C1,,,,,,,,n201_5C1t_2,2373,,gutim,201,
201,1115.6757,0.0738,144,30,5,2374,,F#1,,,,,,,,n201_5Fs1t_1,2374,,gutim,201,
201,1115.768,0.0738,144,69,5,2375,,A4,,,,,,,,n201_5A4t_4,2375,,gutim,201,
201,1115.8602,0.0738,144,24,5,2376,,C1,,,,,,,,n201_5C1t_3,2376,,gutim,201,
201,1115.9524,0.1484,144,30,5,2377,,F#1,,,,,,,,n201_5Fs1s_1,2377,,gutim,201,
201,1116.138,0.0738,144,69,5,2378,,A4,,,,,,,,n201_5A4t_5,2378,,gutim,201,
201,1116.2302,0.0738,144,37,5,2379,,C#2,,,,,,,,n201_5Cs2t_1,2379,,gutim,201,
201,1116.3224,0.0738,144,69,5,2380,,A4,,,,,,,,n201_5A4t_6,2380,,gutim,201,
201,1116.4147,0.0738,144,24,5,2381,,C1,,,,,,,,n201_5C1t_4,2381,,gutim,201,
201,1116.5069,0.0738,144,30,5,2382,,F#1,,,,,,,,n201_5Fs1t_2,2382,,gutim,201,
201,1116.5991,0.0738,144,69,5,2383,,A4,,,,,,,,n201_5A4t_7,2383,,gutim,201,
201,1116.6914,0.0738,144,24,5,2384,,C1,,,,,,,,n201_5C1t_5,2384,,gutim,201,
201,1116.7836,0.1484,144,30,5,2385,,F#1,,,,,,,,n201_5Fs1s_2,2385,,gutim,201,
201,1116.9691,0.0738,144,69,5,2386,,A4,,,,,,,,n201_5A4t_8,2386,,gutim,201,
201,1117.0614,0.0738,144,37,5,2387,,C#2,,,,,,,,n201_5Cs2t_2,2387,,gutim,201,
201,1117.1536,0.0876,144,69,5,2388,,A4,,,,,,,,n201_5A4t_9,2388,,gutim,201,
201,1117.2458,0.0876,144,36,5,2389,,C2,,,,,,,,n201_5C2t_0,2389,,gutim,201,
201,1117.3381,0.0876,144,42,5,2390,,F#2,,,,,,,,n201_5Fs2t_0,2390,,gutim,201,
201,1117.4303,0.0876,144,69,5,2391,,A4,,,,,,,,n201_5A4t_10,2391,,gutim,201,
201,1117.5225,0.0876,144,36,5,2392,,C2,,,,,,,,n201_5C2t_1,2392,,gutim,201,
201,1117.6148,0.1763,144,42,5,2393,,F#2,,,,,,,,n201_5Fs2s_0,2393,,gutim,201,
201,1117.8003,0.0876,144,69,5,2394,,A4,,,,,,,,n201_5A4t_11,2394,,gutim,201,
201,1117.8925,0.0876,144,36,5,2395,,C2,,,,,,,,n201_5C2t_2,2395,,gutim,201,
201,1117.9848,0.0876,144,69,5,2396,,A4,,,,,,,,n201_5A4t_12,2396,,gutim,201,
201,1118.077,0.0876,144,36,5,2397,,C2,,,,,,,,n201_5C2t_3,2397,,gutim,201,
201,1118.1692,0.0876,144,42,5,2398,,F#2,,,,,,,,n201_5Fs2t_1,2398,,gutim,201,
201,1118.2615,0.0876,144,69,5,2399,,A4,,,,,,,,n201_5A4t_13,2399,,gutim,201,
201,1118.3537,0.0876,144,36,5,2400,,C2,,,,,,,,n201_5C2t_4,2400,,gutim,201,
201,1118.4459,0.1763,144,42,5,2401,,F#2,,,,,,,,n201_5Fs2s_1,2401,,gutim,201,
201,1118.6315,0.0876,144,69,5,2402,,A4,,,,,,,,n201_5A4t_14,2402,,gutim,201,
201,1118.7237,0.0876,144,36,5,2403,,C2,,,,,,,,n201_5C2t_5,2403,,gutim,201,
201,1118.8159,0.0876,144,69,5,2404,,A4,,,,,,,,n201_5A4t_15,2404,,gutim,201,
201,1118.9082,0.0876,144,36,5,2405,,C2,,,,,,,,n201_5C2t_6,2405,,gutim,201,
201,1119.0004,0.0876,144,42,5,2406,,F#2,,,,,,,,n201_5Fs2t_2,2406,,gutim,201,
201,1119.0926,0.0876,144,69,5,2407,,A4,,,,,,,,n201_5A4t_16,2407,,gutim,201,
201,1119.1849,0.0876,144,36,5,2408,,C2,,,,,,,,n201_5C2t_7,2408,,gutim,201,
201,1119.2771,0.1763,144,42,5,2409,,F#2,,,,,,,,n201_5Fs2s_2,2409,,gutim,201,
201,1119.4626,0.0876,144,69,5,2410,,A4,,,,,,,,n201_5A4t_17,2410,,gutim,201,
201,1119.5549,0.0876,144,36,5,2411,,C2,,,,,,,,n201_5C2t_8,2411,,gutim,201,
201,1119.6471,0.0876,144,69,5,2412,,A4,,,,,,,,n201_5A4t_18,2412,,gutim,201,
201,1119.7393,0.0876,144,36,5,2413,,C2,,,,,,,,n201_5C2t_9,2413,,gutim,201,
201,1119.8316,0.0876,144,42,5,2414,,F#2,,,,,,,,n201_5Fs2t_3,2414,,gutim,201,
201,1119.9238,0.0876,144,69,5,2415,,A4,,,,,,,,n201_5A4t_19,2415,,gutim,201,
201,1120.016,0.0876,144,36,5,2416,,C2,,,,,,,,n201_5C2t_10,2416,,gutim,201,
201,1120.1082,0.1763,144,42,5,2417,,F#2,,,,,,,,n201_5Fs2s_3,2417,,gutim,201,
201,1120.2938,0.0876,144,69,5,2418,,A4,,,,,,,,n201_5A4t_20,2418,,gutim,201,
201,1120.386,0.0876,144,36,5,2419,,C2,,,,,,,,n201_5C2t_11,2419,,gutim,201,
,,,,,,,7139,,,,,,,,,,,,gutim,,
,,,,,,,,,,,,,,,,,,202,,,
202,1122.1601,4.9286,144,77,14,2420,,F5,,,,,,,,n202_1F5h_0,2420,,gutim,202,
202,1122.1601,1.7143,144,68,14,2420,,Ab4,,,,,,,,n202_2Ab4h_0,2420,,gutim,202,
202,1122.1601,1.7143,144,40,14,2420,,E2,,,,,,,,n202_5E2h,2420,,gutim,202,
202,1122.1601,1.7143,144,64,14,2420,,E4,,,,,,,,n202_6E4h_0,2420,,gutim,202,
202,1122.1601,1.7143,144,69,14,2420,,A4,,,,,,,,n202_6A4h_0,2420,,gutim,202,
202,1124.303,3.4286,144,68,5,2421,,Ab4,,,,,,,,n202_2Ab4w,2421,,gutim,202,
202,1124.303,3.4286,144,50,14,2421,,D3,,,,,,,,n202_5D3w,2421,,gutim,202,
202,1124.303,3.4286,144,64,14,2421,,E4,,,,,,,,n202_6E4w,2421,,gutim,202,
202,1124.303,3.4286,144,69,5,2421,,A4,,,,,,,,n202_6A4w,2421,,gutim,202,
202,1128.3208,0.1339,144,62,14,2422,,D4,,,,,,,,n202_1D4s,2422,,gutim,202,
202,1128.3208,0.2143,144,84,14,2422,,C6,,,,,,,,n202_1C6s,2422,,gutim,202,
202,1128.3208,0.2143,144,88,14,2422,,E6,,,,,,,,n202_1E6s,2422,,gutim,202,
202,1128.5887,1.7143,144,62,14,2423,,D4,,,,,,,,n202_1D4h,2423,,gutim,202,
202,1128.5887,1.7143,144,84,20,2423,,C6,,,,,,,,n202_1C6h,2423,,gutim,202,
202,1128.5887,1.7143,144,88,20,2423,,E6,,,,,,,,n202_1E6h,2423,,gutim,202,
202,1128.5887,1.7143,144,68,8,2423,,Ab4,,,,,,,,n202_2Ab4h_1,2423,,gutim,202,
202,1128.5887,1.7143,144,64,8,2423,,E4,,,,,,,,n202_6E4h_1,2423,,gutim,202,
202,1128.5887,1.7143,144,69,8,2423,,A4,,,,,,,,n202_6A4h_1,2423,,gutim,202,
202,1130.7315,4.2857,144,62,8,2424,,D4,,,,,,,,n202_1D4q,2424,,gutim,202,
202,1130.7315,4.2857,144,84,8,2424,,C6,,,,,,,,n202_1C6q,2424,,gutim,202,
202,1130.7315,4.2857,144,88,8,2424,,E6,,,,,,,,n202_1E6q,2424,,gutim,202,
202,1130.7315,0.8571,144,68,11,2424,,Ab4,,,,,,,,n202_2Ab4q,2424,,gutim,202,
202,1130.7315,4.2857,144,64,8,2424,,E4,,,,,,,,n202_6E4q,2424,,gutim,202,
202,1130.7315,4.2857,144,69,8,2424,,A4,,,,,,,,n202_6A4q,2424,,gutim,202,
202,1131.2673,0.1429,144,44,20,2425,,G#2,,,,,,,,n202_5Gs2s,2425,,gutim,202,
202,1131.4458,2.0,144,44,11,2426,,G#2,,,,,,,,n202_5Gs2e,2426,,gutim,202,
202,1131.4458,2.0,144,49,11,2426,,C#3,,,,,,,,n202_5Cs3e,2426,,gutim,202,
,,,,,,,,,,,,,,,,,,203,,,
203,1133.9458,0.1272,144,37,5,2427,,C#2,,,,,,,,n203_5Cs2t_0,2427,,gutim,203,
203,1134.0798,0.1272,144,57,4,2428,,A3,,,,,,,,n203_5A3t_0,2428,,gutim,203,
203,1134.2137,0.0848,144,35,4,2429,,B1,,,,,,,,n203_5B1t_0,2429,,gutim,203,
203,1134.303,0.0848,144,41,3,2430,,F2,,,,,,,,n203_5F2t_0,2430,,gutim,203,
203,1134.3923,0.0848,144,35,3,2431,,B1,,,,,,,,n203_5B1t_1,2431,,gutim,203,
203,1134.3923,0.0848,144,37,3,2431,,C#2,,,,,,,,n203_5Cs2t_1,2431,,gutim,203,
203,1134.4815,0.0848,144,41,3,2432,,F2,,,,,,,,n203_5F2t_1,2432,,gutim,203,
203,1134.5708,0.0848,144,23,2,2433,,B0,,,,,,,,n203_5B0t_0,2433,,gutim,203,
203,1134.6601,0.0848,144,57,2,2434,,A3,,,,,,,,n203_5A3t_1,2434,,gutim,203,
203,1134.7494,0.0848,144,41,1,2435,,F2,,,,,,,,n203_5F2t_2,2435,,gutim,203,
203,1134.8387,1.1875,144,23,1,2436,,B0,,,,,,,,n203_5B0s_0,2436,,gutim,203,
203,1136.0887,0.1272,144,37,14,2437,,C#2,,,,,,,,n203_5Cs2t_2,2437,,gutim,203,
203,1136.2226,0.1272,144,57,14,2438,,A3,,,,,,,,n203_5A3t_2,2438,,gutim,203,
203,1136.3565,0.0848,144,35,14,2439,,B1,,,,,,,,n203_5B1t_2,2439,,gutim,203,
203,1136.4458,0.0848,144,41,14,2440,,F2,,,,,,,,n203_5F2t_3,2440,,gutim,203,
203,1136.5351,0.0848,144,35,14,2441,,B1,,,,,,,,n203_5B1t_3,2441,,gutim,203,
203,1136.5351,0.0848,144,37,14,2441,,C#2,,,,,,,,n203_5Cs2t_3,2441,,gutim,203,
203,1136.6244,0.0848,144,41,14,2442,,F2,,,,,,,,n203_5F2t_4,2442,,gutim,203,
203,1136.7137,0.0848,144,23,14,2443,,B0,,,,,,,,n203_5B0t_1,2443,,gutim,203,
203,1136.803,0.0848,144,57,14,2444,,A3,,,,,,,,n203_5A3t_3,2444,,gutim,203,
203,1136.8923,0.0848,144,41,14,2445,,F2,,,,,,,,n203_5F2t_5,2445,,gutim,203,
203,1136.9815,4.2411,144,23,14,2446,,B0,,,,,,,,n203_5B0s_1,2446,,gutim,203,
,,,,,,,7142,,,,,,,,,,,,gutim,,
,,,,,,,,,,,,,,,,,,205,,,
205,1145.7595,2.4,144,76,11,2447,,E5,,,,,,,,n205_1E5w,2447,,gutim,205,
205,1145.7595,0.0789,144,69,14,2447,,A4,,,,,,,,n205_5A4t_0,2447,,gutim,205,
205,1145.8415,0.0789,144,36,5,2448,,C2,,,,,,,,n205_5C2t_0,2448,,gutim,205,
205,1145.9245,0.0789,144,42,5,2449,,F#2,,,,,,,,n205_5Fs2t_0,2449,,gutim,205,
205,1146.0075,0.0789,144,69,5,2450,,A4,,,,,,,,n205_5A4t_1,2450,,gutim,205,
205,1146.0905,0.0789,144,36,5,2451,,C2,,,,,,,,n205_5C2t_1,2451,,gutim,205,
205,1146.1735,0.1586,144,42,5,2452,,F#2,,,,,,,,n205_5Fs2s_0,2452,,gutim,205,
205,1146.3405,0.0789,144,69,5,2453,,A4,,,,,,,,n205_5A4t_2,2453,,gutim,205,
205,1146.4235,0.0789,144,36,5,2454,,C2,,,,,,,,n205_5C2t_2,2454,,gutim,205,
205,1146.5065,0.0789,144,69,5,2455,,A4,,,,,,,,n205_5A4t_3,2455,,gutim,205,
205,1146.5896,0.0789,144,36,5,2456,,C2,,,,,,,,n205_5C2t_3,2456,,gutim,205,
205,1146.6726,0.0789,144,42,5,2457,,F#2,,,,,,,,n205_5Fs2t_1,2457,,gutim,205,
205,1146.7556,0.0789,144,69,5,2458,,A4,,,,,,,,n205_5A4t_4,2458,,gutim,205,
205,1146.8386,0.0789,144,36,5,2459,,C2,,,,,,,,n205_5C2t_4,2459,,gutim,205,
205,1146.9216,0.1586,144,42,5,2460,,F#2,,,,,,,,n205_5Fs2s_1,2460,,gutim,205,
205,1147.0886,0.0789,144,69,5,2461,,A4,,,,,,,,n205_5A4t_5,2461,,gutim,205,
205,1147.1716,0.0789,144,36,5,2462,,C2,,,,,,,,n205_5C2t_5,2462,,gutim,205,
205,1147.2546,0.0789,144,69,5,2463,,A4,,,,,,,,n205_5A4t_6,2463,,gutim,205,
205,1147.3376,0.0789,144,36,5,2464,,C2,,,,,,,,n205_5C2t_6,2464,,gutim,205,
205,1147.4206,0.0789,144,42,5,2465,,F#2,,,,,,,,n205_5Fs2t_2,2465,,gutim,205,
205,1147.5036,0.0789,144,69,5,2466,,A4,,,,,,,,n205_5A4t_7,2466,,gutim,205,
205,1147.5866,0.0789,144,36,5,2467,,C2,,,,,,,,n205_5C2t_7,2467,,gutim,205,
205,1147.6696,0.1586,144,42,5,2468,,F#2,,,,,,,,n205_5Fs2s_2,2468,,gutim,205,
205,1147.8366,0.0789,144,69,5,2469,,A4,,,,,,,,n205_5A4t_8,2469,,gutim,205,
205,1147.9196,0.0789,144,36,5,2470,,C2,,,,,,,,n205_5C2t_8,2470,,gutim,205,
205,1148.0026,0.0789,144,69,5,2471,,A4,,,,,,,,n205_5A4t_9,2471,,gutim,205,
205,1148.0856,0.0789,144,36,5,2472,,C2,,,,,,,,n205_5C2t_9,2472,,gutim,205,
205,1148.1687,0.0789,144,42,5,2473,,F#2,,,,,,,,n205_5Fs2t_3,2473,,gutim,205,
205,1148.2517,0.0789,144,69,5,2474,,A4,,,,,,,,n205_5A4t_10,2474,,gutim,205,
205,1148.3347,0.0789,144,36,5,2475,,C2,,,,,,,,n205_5C2t_10,2475,,gutim,205,
205,1148.4177,0.1586,144,42,5,2476,,F#2,,,,,,,,n205_5Fs2s_3,2476,,gutim,205,
205,1148.5847,0.0789,144,69,14,2477,,A4,,,,,,,,n205_5A4t_11,2477,,gutim,205,
205,1148.6677,0.0789,144,36,14,2478,,C2,,,,,,,,n205_5C2t_11,2478,,gutim,205,
,,,,,,,7143,,,,,,,,,,,,gutim,,
205,1148.7595,2.4,144,64,14,2479,,E4,,,,,,,,n205_2E4w,2479,,gutim,205,
205,1148.7595,2.4,144,70,14,2479,,Bb4,,,,,,,,n205_2Bb4w,2479,,gutim,205,
205,1148.7595,2.4,144,58,14,2479,,Bb3,,,,,,,,n205_6Bb3w,2479,,gutim,205,
,,,,,,,,,,,,,,,,,,206,,,
206,1151.7595,2.4,144,64,8,2480,,E4,,,,,,,,n206_1E4h,2480,,gutim,206,
206,1151.7595,2.4,144,70,8,2480,,Bb4,,,,,,,,n206_1Bb4h,2480,,gutim,206,
206,1151.7595,2.4,144,58,14,2480,,Bb3,,,,,,,,n206_5Bb3h,2480,,gutim,206,
206,1154.947,0.075,144,28,8,2481,,E1,,,,,,,,n206_5E1x,2481,,gutim,206,
206,1155.0407,0.075,144,47,10,2482,,B2,,,,,,,,n206_5B2x,2482,,gutim,206,
206,1155.1345,0.05,144,60,11,2483,,C4,,,,,,,,n206_5C4x,2483,,gutim,206,
206,1155.197,0.05,144,40,12,2484,,E2,,,,,,,,n206_5E2x,2484,,gutim,206,
206,1155.2595,0.05,144,53,13,2485,,F3,,,,,,,,n206_5F3x,2485,,gutim,206,
206,1155.322,0.075,144,68,14,2486,,Ab4,,,,,,,,n206_5Ab4x,2486,,gutim,206,
206,1155.4157,0.075,144,41,13,2487,,F2,,,,,,,,n206_5F2x,2487,,gutim,206,
206,1155.7595,5.2,144,58,10,2488,,Bb3,,,,,,,,n206_5Bb3e,2488,,gutim,206,
206,1155.8845,1.2,144,80,11,2489,,Ab5,,,,,,,,n206_1Ab5s,2489,,gutim,206,
,,,,,,,,,,,,,,,,,,207,,,
207,1157.0095,5.4,144,59,14,2490,,B3,,,,,,,,n207_2B3e,2490,,gutim,207,
207,1157.572,0.15,144,47,5,2491,,B2,,,,,,,,n207_6B2t,2491,,gutim,207,
207,1157.7595,0.7125,144,88,5,2492,,E6,,,,,,,,n207_1E6e,2492,,gutim,207,
207,1158.5095,0.7125,144,53,14,2493,,F3,,,,,,,,n207_1F3e,2493,,gutim,207,
207,1158.5095,4.2,144,38,14,2493,,D2,,,,,,,,n207_6D2e,2493,,gutim,207,
,,,,,,,,,,,,,,,,,,208,,,
208,1163.197,0.45,144,76,14,2494,,E5,,,,,,,,n208_1E5s,2494,,gutim,208,
,,,,,,,7146,,,,,,,,,,,,gutim,,
,,,,,,,,,,,,,,,,,,210,,,
210,1178.6095,0.0712,144,86,17,2495,,D6,g,,,,,,,ng210_1D6e,2495,,gutim,210,
210,1178.6845,0.0712,144,49,14,2496,,C#3,g,,,,,,,ng210_1Cs3e,2496,,gutim,210,
210,1178.7595,2.85,144,81,14,2497,,A5,,,,,,,,n210_1A5h,2497,,gutim,210,
210,1178.7595,0.3562,144,74,14,2497,,D5,,,,,,,,n210_5D5s,2497,,gutim,210,
210,1179.1345,0.1187,144,54,5,2498,,F#3,,,,,,,,n210_5Fs3t_0,2498,,gutim,210,
210,1179.2595,0.1187,144,59,5,2499,,B3,,,,,,,,n210_5B3t_0,2499,,gutim,210,
210,1179.3845,0.1187,144,60,5,2500,,C4,,,,,,,,n210_5C4t_0,2500,,gutim,210,
210,1179.5095,0.1187,144,59,5,2501,,B3,,,,,,,,n210_5B3t_1,2501,,gutim,210,
210,1179.6345,0.1187,144,54,5,2502,,F#3,,,,,,,,n210_5Fs3t_1,2502,,gutim,210,
210,1179.7595,0.1187,144,59,5,2503,,B3,,,,,,,,n210_5B3t_2,2503,,gutim,210,
210,1179.8845,0.1187,144,46,5,2504,,Bb2,,,,,,,,n210_5Bb2t,2504,,gutim,210,
210,1180.0095,0.1187,144,60,5,2505,,C4,,,,,,,,n210_5C4t_1,2505,,gutim,210,
210,1180.1345,0.1187,144,59,5,2506,,B3,,,,,,,,n210_5B3t_3,2506,,gutim,210,
210,1180.2595,0.2538,144,34,11,2507,,Bb1,,,,,,,,n210_5Bb1s,2507,,gutim,210,
210,1180.5935,0.3173,144,62,11,2508,,D4,,,,,,,,n210_5D4s,2508,,gutim,210,
210,1180.9274,0.3173,144,42,11,2509,,F#2,,,,,,,,n210_5Fs2s,2509,,gutim,210,
210,1181.2614,0.0946,144,48,8,2510,,C3,,,,,,,,n210_5C3x_0,2510,,gutim,210,
210,1181.361,0.0946,144,46,7,2511,,Bb2,,,,,,,,n210_5Bb2x_0,2511,,gutim,210,
210,1181.4606,0.0946,144,48,7,2512,,C3,,,,,,,,n210_5C3x_1,2512,,gutim,210,
210,1181.5603,0.0946,144,46,6,2513,,Bb2,,,,,,,,n210_5Bb2x_1,2513,,gutim,210,
210,1181.6599,0.0946,144,48,5,2514,,C3,,,,,,,,n210_5C3x_2,2514,,gutim,210,
210,1181.7595,0.2375,144,50,4,2515,,D3,,,,,,,,n210_5D3s,2515,,gutim,210,
210,1182.0095,0.2375,144,22,8,2516,,Bb0,,,,,,,,n210_5Bb0s_0,2516,,gutim,210,
210,1182.2595,0.1187,144,50,7,2517,,D3,,,,,,,,n210_5D3t,2517,,gutim,210,
210,1182.3845,0.3562,144,30,7,2518,,F#1,,,,,,,,n210_5Fs1s,2518,,gutim,210,
210,1182.7595,0.1187,144,47,6,2519,,B2,,,,,,,,n210_5B2t_0,2519,,gutim,210,
210,1182.8845,0.1187,144,48,5,2520,,C3,,,,,,,,n210_5C3t_0,2520,,gutim,210,
210,1183.0095,0.1187,144,47,5,2521,,B2,,,,,,,,n210_5B2t_1,2521,,gutim,210,
210,1183.1345,0.2375,144,22,5,2522,,Bb0,,,,,,,,n210_5Bb0t_0,2522,,gutim,210,
210,1183.3845,0.1187,144,48,4,2523,,C3,,,,,,,,n210_5C3t_1,2523,,gutim,210,
210,1183.5095,0.2375,144,22,4,2524,,Bb0,,,,,,,,n210_5Bb0s_1,2524,,gutim,210,
210,1183.7595,0.2375,144,38,3,2525,,D2,,,,,,,,n210_5D2s,2525,,gutim,210,
210,1184.0095,0.3,144,82,17,2526,,Bb5,,,,,,,,n210_1Bb5s_0,2526,,gutim,210,
210,1184.0095,0.6,144,30,2,2526,,F#1,,,,,,,,n210_5Fs1e,2526,,gutim,210,
210,1184.3845,2.4,144,65,18,2527,,F4,,,,,,,,n210_1F4s,2527,,gutim,210,
210,1184.3845,2.4,144,82,18,2527,,Bb5,,,,,,,,n210_1Bb5s_1,2527,,gutim,210,
210,1184.6845,0.06,144,81,18,2528,,A5,g,,,,,,,ng210_2A5e,2528,,gutim,210,
,,,,,,,,,,,,,,,,,,211,,,
211,1184.7595,2.1,144,55,20,2529,,G3,,,,,,,,n211_1G3q,2529,,gutim,211,
211,1184.7595,2.1,144,81,20,2529,,A5,,,,,,,,n211_2A5t,2529,,gutim,211,
211,1184.947,1.95,144,77,20,2530,,F5,,,,,,,,n211_2F5e_0,2530,,gutim,211,
211,1185.2048,0.1429,144,36,5,2531,,C2,,,,,,,,n211_5C2t_0,2531,,gutim,211,
211,1185.3552,0.1429,144,52,5,2532,,E3,,,,,,,,n211_5E3t_0,2532,,gutim,211,
211,1185.5056,0.0946,144,58,5,2533,,Bb3,,,,,,,,n211_5Bb3t_0,2533,,gutim,211,
211,1185.6052,0.0946,144,52,5,2534,,E3,,,,,,,,n211_5E3t_1,2534,,gutim,211,
211,1185.7048,0.0946,144,58,5,2535,,Bb3,,,,,,,,n211_5Bb3t_1,2535,,gutim,211,
211,1185.8044,0.1429,144,36,5,2536,,C2,,,,,,,,n211_5C2t_1,2536,,gutim,211,
211,1185.9548,0.1429,144,58,6,2537,,Bb3,,,,,,,,n211_5Bb3t_2,2537,,gutim,211,
211,1186.1052,0.1429,144,32,6,2538,,Ab1,,,,,,,,n211_5Ab1t_0,2538,,gutim,211,
211,1186.2556,0.1429,144,41,7,2539,,F2,,,,,,,,n211_5F2t_0,2539,,gutim,211,
211,1186.406,0.0946,144,52,7,2540,,E3,,,,,,,,n211_5E3t_2,2540,,gutim,211,
211,1186.5056,0.0946,144,32,8,2541,,Ab1,,,,,,,,n211_5Ab1t_1,2541,,gutim,211,
211,1186.6052,0.2375,144,41,8,2542,,F2,,,,,,,,n211_5F2t_1,2542,,gutim,211,
211,1186.8552,0.0386,144,32,20,2543,,Ab1,,,,,,,,n211_5Ab1t_2,2543,,gutim,211,
211,1186.8552,0.1234,144,36,20,2543,,C2,,,,,,,,n211_5C2t_2,2543,,gutim,211,
211,1186.8552,0.1234,144,41,20,2543,,F2,,,,,,,,n211_5F2t_3,2543,,gutim,211,
211,1186.8552,0.1234,144,52,20,2543,,E3,,,,,,,,n211_5E3t_3,2543,,gutim,211,
211,1186.8552,0.1234,144,58,20,2543,,Bb3,,,,,,,,n211_5Bb3t_3,2543,,gutim,211,
211,1187.0095,0.1187,144,30,5,2544,,F#1,,,,,,,,n211_6Fs1t,2544,,gutim,211,
211,1187.1345,0.1187,144,36,5,2545,,C2,,,,,,,,n211_6C2t_0,2545,,gutim,211,
211,1187.2595,0.1187,144,35,11,2546,,B1,,,,,,,,n211_6B1t_0,2546,,gutim,211,
211,1187.3845,0.1187,144,36,11,2547,,C2,,,,,,,,n211_6C2t_1,2547,,gutim,211,
211,1187.5095,0.1187,144,35,11,2548,,B1,,,,,,,,n211_6B1t_1,2548,,gutim,211,
211,1187.6095,0.0712,144,70,11,2549,,Bb4,g,,,,,,,ng211_1Bb4e,2549,,gutim,211,
211,1187.6345,11.5187,144,22,11,2550,,Bb0,,,,,,,,n211_6Bb0t,2550,,gutim,211,
211,1187.6845,0.0712,144,65,11,2551,,F4,g,,,,,,,ng211_1F4e,2551,,gutim,211,
211,1187.7595,0.1577,144,35,11,2552,,B1,,,,,,,,n211_5B1t,2552,,gutim,211,
211,1187.9235,0.1577,144,50,11,2553,,D3,,,,,,,,n211_5D3t,2553,,gutim,211,
211,1188.0896,0.1577,144,54,12,2554,,F#3,,,,,,,,n211_5Fs3t,2554,,gutim,211,
211,1188.2556,0.0946,144,35,14,2555,,B1,,,,,,,,n211_5B1x,2555,,gutim,211,
211,1188.3552,0.0946,144,50,15,2556,,D3,,,,,,,,n211_5D3x,2556,,gutim,211,
211,1188.4548,0.0946,144,53,16,2557,,F3,,,,,,,,n211_5F3x_0,2557,,gutim,211,
211,1188.5544,0.0946,144,54,16,2558,,Gb3,,,,,,,,n211_5Gb3x,2558,,gutim,211,
211,1188.654,0.0946,144,53,17,2559,,F3,,,,,,,,n211_5F3x_1,2559,,gutim,211,
211,1188.7536,0.1577,144,58,20,2560,,Bb3,,,,,,,,n211_5Bb3t_4,2560,,gutim,211,
211,1188.8536,0.0712,144,65,20,2561,,F4,g,,,,,,,ng211_5F4e,2561,,gutim,211,
211,1188.8845,0.1781,144,86,20,2562,,D6,,,,,,,,n211_1D6t,2562,,gutim,211,
211,1188.9286,0.1058,144,53,20,2563,,F3,,,,,,,,n211_5F3t_0,2563,,gutim,211,
211,1188.9286,0.1058,144,61,20,2563,,Db4,,,,,,,,n211_5Db4t,2563,,gutim,211,
211,1189.0399,0.1058,144,58,14,2564,,Bb3,,,,,,,,n211_5Bb3t_5,2564,,gutim,211,
211,1189.081,0.0891,144,81,11,2565,,A5,,,,,,,,n211_1A5x,2565,,gutim,211,
211,1189.1513,0.1058,144,53,8,2566,,F3,,,,,,,,n211_5F3t_1,2566,,gutim,211,
211,1189.1747,0.0891,144,49,4,2567,,C#3,,,,,,,,n211_1Cs3x,2567,,gutim,211,
211,1189.2626,0.1187,144,70,8,2568,,Bb4,,,,,,,,n211_5Bb4t_0,2568,,gutim,211,
211,1189.2626,0.1187,144,82,8,2568,,Bb5,,,,,,,,n211_5Bb5t,2568,,gutim,211,
211,1189.2685,0.1781,144,67,15,2569,,G4,,,,,,,,n211_1G4t,2569,,gutim,211,
211,1189.3876,0.1187,144,41,8,2570,,F2,,,,,,,,n211_5F2t_4,2570,,gutim,211,
211,1189.456,1.2469,144,77,20,2571,,F5,,,,,,,,n211_1F5e,2571,,gutim,211,
211,1189.5126,0.1187,144,36,7,2572,,C2,,,,,,,,n211_5C2t_3,2572,,gutim,211,
211,1189.6376,0.1187,144,70,6,2573,,Bb4,,,,,,,,n211_5Bb4t_1,2573,,gutim,211,
211,1189.7626,0.1187,144,41,6,2574,,F2,,,,,,,,n211_5F2t_5,2574,,gutim,211,
211,1189.8876,0.1243,144,36,5,2575,,C2,,,,,,,,n211_5C2t_4,2575,,gutim,211,
211,1190.0185,0.1781,144,58,4,2576,,Bb3,,,,,,,,n211_5Bb3t_6,2576,,gutim,211,
211,1190.206,0.1781,144,41,3,2577,,F2,,,,,,,,n211_5F2t_6,2577,,gutim,211,
211,1190.3935,0.3562,144,36,2,2578,,C2,,,,,,,,n211_5C2s,2578,,gutim,211,
,,,,,,,,,,,,,,,,,,212,,,
212,1196.7685,2.4,144,57,8,2579,,A3,,,,,,,,n212_5A3q_0,2579,,gutim,212,
,,,,,,,7148,,,,,,,,,,,,gutim,,
,,,,,,,,,,,,,,,,,,214,,,
214,1203.23,0.96,144,53,5,2580,,F3,,,,,,,,n214_2F3q,2580,,gutim,214,
214,1203.23,0.96,144,30,5,2580,,F#1,,,,,,,,n214_6Fs1q,2580,,gutim,214,
214,1203.23,0.96,144,35,5,2580,,B1,,,,,,,,n214_6B1q,2580,,gutim,214,
214,1203.83,0.96,144,23,8,2581,,B0,,,,,,,,n214_5B0e_0,2581,,gutim,214,
214,1204.43,0.19,144,62,8,2582,,D4,,,,,,,,n214_1D4t,2582,,gutim,214,
214,1204.6269,0.19,144,77,7,2583,,F5,,,,,,,,n214_1F5t_0,2583,,gutim,214,
214,1204.8269,0.1262,144,94,7,2584,,Bb6,,,,,,,,n214_1Bb6t_0,2584,,gutim,214,
214,1204.9597,0.1262,144,77,6,2585,,F5,,,,,,,,n214_1F5t_1,2585,,gutim,214,
214,1205.0925,0.1262,144,94,6,2586,,Bb6,,,,,,,,n214_1Bb6t_1,2586,,gutim,214,
214,1205.2253,0.1262,144,74,5,2587,,D5,,,,,,,,n214_1D5t,2587,,gutim,214,
214,1205.3581,0.0846,144,94,5,2588,,Bb6,,,,,,,,n214_1Bb6t_2,2588,,gutim,214,
214,1205.4472,0.0846,144,89,4,2589,,F6,,,,,,,,n214_1F6t,2589,,gutim,214,
214,1205.5362,0.0891,144,106,4,2590,,Bb7,,,,,,,,n214_1Bb7t,2590,,gutim,214,
,,,,,,,,,,,,,,,,,,215,,,
215,1208.63,0.12,144,76,14,2591,,E5,,,,,,,,n215_1E5t,2591,,gutim,215,
215,1208.78,0.12,144,32,14,2592,,G#1,,,,,,,,n215_1Gs1t,2592,,gutim,215,
215,1208.88,0.06,144,35,14,2593,,B1,g,,,,,,,ng215_1B1e,2593,,gutim,215,
215,1208.955,0.06,144,66,14,2594,,F#4,g,,,,,,,ng215_1Fs4e,2594,,gutim,215,
215,1209.03,2.3262,144,76,14,2595,,E5,,,,,,,,n215_1E5e,2595,,gutim,215,
215,1209.03,2.3262,144,62,14,2595,,D4,,,,,,,,n215_2D4e,2595,,gutim,215,
215,1209.03,2.3262,144,66,14,2595,,F#4,,,,,,,,n215_2Fs4e,2595,,gutim,215,
215,1209.03,2.3262,144,31,14,2595,,G1,,,,,,,,n215_5G1e,2595,,gutim,215,
215,1209.03,2.3262,144,35,14,2595,,B1,,,,,,,,n215_6B1e,2595,,gutim,215,
,,,,,,,,,,,,,,,,,,219,,,
219,1218.7165,0.1154,144,76,14,2596,,E5,,,,,,,,n219_1E5s,2596,,gutim,219,
219,1218.7165,0.1154,144,35,14,2596,,B1,,,,,,,,n219_5B1s,2596,,gutim,219,
219,1218.7165,0.1154,144,62,14,2596,,D4,,,,,,,,n219_5D4s,2596,,gutim,219,
219,1218.7165,0.1154,144,66,14,2596,,F#4,,,,,,,,n219_5Fs4s,2596,,gutim,219,
219,1218.7165,0.1154,144,32,14,2596,,G#1,,,,,,,,n219_6Gs1s,2596,,gutim,219,
,,,,,,,,,,,,,,,,,,220,,,
220,1218.8608,0.1827,144,102,14,2597,,F#7,,,,,,,,n220_1Fs7e,2597,,gutim,220,
220,1219.0531,0.3077,144,62,14,2598,,D4,,,,,,,,n220_1D4q_0,2598,,gutim,220,
220,1219.0531,0.3077,144,66,14,2598,,F#4,,,,,,,,n220_1Fs4q_0,2598,,gutim,220,
220,1219.0531,0.3077,144,76,14,2598,,E5,,,,,,,,n220_1E5q,2598,,gutim,220,
220,1219.0531,0.3077,144,32,14,2598,,G#1,,,,,,,,n220_5Gs1q_0,2598,,gutim,220,
220,1219.0531,0.3077,144,35,14,2598,,B1,,,,,,,,n220_5B1q_0,2598,,gutim,220,
220,1219.0531,0.7692,144,27,14,2598,,D#1,,,,,,,,n220_6Ds1q_0,2598,,gutim,220,
220,1219.4377,0.4615,144,62,14,2599,,D4,,,,,,,,n220_1D4q_1,2599,,gutim,220,
220,1219.4377,0.4615,144,66,14,2599,,F#4,,,,,,,,n220_1Fs4q_1,2599,,gutim,220,
220,1219.4377,0.4615,144,32,14,2599,,G#1,,,,,,,,n220_5Gs1q_1,2599,,gutim,220,
220,1219.4377,0.4615,144,35,14,2599,,B1,,,,,,,,n220_5B1q_1,2599,,gutim,220,
220,1220.0146,0.9231,144,32,14,2600,,G#1,,,,,,,,n220_5Gs1h,2600,,gutim,220,
220,1220.0146,0.9231,144,35,14,2600,,B1,,,,,,,,n220_5B1h,2600,,gutim,220,
220,1220.0146,0.9231,144,27,14,2600,,D#1,,,,,,,,n220_6Ds1h,2600,,gutim,220,
,,,,,,,,,,,,,,,,,,221,,,
221,1221.1685,1.8462,144,32,14,2601,,G#1,,,,,,,,n221_5Gs1w,2601,,gutim,221,
221,1221.1685,1.8462,144,35,14,2601,,B1,,,,,,,,n221_5B1w,2601,,gutim,221,
221,1221.1685,1.8462,144,27,14,2601,,D#1,,,,,,,,n221_6Ds1w,2601,,gutim,221,
,,,,,,,7151,,,,,,,,,,,,gutim,,
,,,,,,,,,,,,,,,,,,222,,,
222,1223.4761,0.06,144,56,11,2602,,Ab3,g,,,,,,,ng222_1Ab3e,2602,,gutim,222,
222,1223.5511,0.06,144,84,14,2603,,C6,g,,,,,,,ng222_1C6e,2603,,gutim,222,
222,1223.6261,0.4318,144,97,17,2604,,C#7,,,,,,,,n222_1Cs7e,2604,,gutim,222,
222,1223.6261,0.3239,144,41,14,2604,,F2,,,,,,,,n222_5F2s,2604,,gutim,222,
222,1223.9671,0.1619,144,36,4,2605,,C2,,,,,,,,n222_5C2t,2605,,gutim,222,
222,1224.0807,0.108,144,74,14,2606,,D5,,,,,,,,n222_1D5t,2606,,gutim,222,
222,1224.1375,0.1619,144,41,4,2607,,F2,,,,,,,,n222_5F2t,2607,,gutim,222,
222,1224.1943,0.108,144,88,11,2608,,E6,,,,,,,,n222_1E6t_0,2608,,gutim,222,
222,1224.308,0.1619,144,62,11,2609,,D4,,,,,,,,n222_1D4t,2609,,gutim,222,
222,1224.308,0.6153,144,52,4,2609,,E3,,,,,,,,n222_5E3e,2609,,gutim,222,
222,1224.4784,0.1619,144,44,10,2610,,Ab2,,,,,,,,n222_1Ab2t,2610,,gutim,222,
222,1224.6489,0.1619,144,84,8,2611,,C6,,,,,,,,n222_1C6t,2611,,gutim,222,
222,1224.8193,0.1619,144,88,5,2612,,E6,,,,,,,,n222_1E6t_1,2612,,gutim,222,
222,1224.9898,1.2955,144,33,2,2613,,A1,,,,,,,,n222_5A1q,2613,,gutim,222,
222,1226.2034,0.0712,144,32,5,2614,,Ab1,g,,,,,,,ng222_1Ab1e,2614,,gutim,222,
222,1226.2784,0.0712,144,85,5,2615,,Db6,g,,,,,,,ng222_1Db6e,2615,,gutim,222,
222,1226.3534,1.2955,144,72,5,2616,,C5,,,,,,,,n222_1C5q,2616,,gutim,222,
222,1227.7171,0.4318,144,76,10,2617,,E5,,,,,,,,n222_1E5s,2617,,gutim,222,
222,1228.1716,0.1434,144,72,11,2618,,C5,,,,,,,,n222_1C5t,2618,,gutim,222,
222,1228.3225,0.1434,144,76,12,2619,,E5,,,,,,,,n222_1E5t,2619,,gutim,222,
222,1228.4735,0.2884,144,50,12,2620,,D3,,,,,,,,n222_1D3s,2620,,gutim,222,
222,1228.7771,0.1434,144,85,13,2621,,Db6,,,,,,,,n222_1Db6t,2621,,gutim,222,
222,1228.928,0.1451,144,50,14,2622,,D3,,,,,,,,n222_1D3t,2622,,gutim,222,
222,1229.0807,0.1434,144,44,14,2623,,Ab2,,,,,,,,n222_5Ab2t,2623,,gutim,222,
222,1229.2316,0.1434,144,73,14,2624,,Db5,,,,,,,,n222_5Db5t,2624,,gutim,222,
222,1229.3825,0.5752,144,60,15,2625,,C4,,,,,,,,n222_5C4e,2625,,gutim,222,
222,1229.988,0.2884,144,64,18,2626,,E4,,,,,,,,n222_5E4s,2626,,gutim,222,
222,1230.2916,0.1451,144,50,20,2627,,D3,,,,,,,,n222_5D3t,2627,,gutim,222,
,,,,,,,7154,,,,,,,,,,,,gutim,,
,,,,,,,,,,,,,,,,,,223,,,
223,1230.4443,1.0909,144,60,11,2628,,C4,,,,,,,,n223_1C4q,2628,,gutim,223,
223,1230.4443,1.0909,144,64,11,2628,,E4,,,,,,,,n223_1E4q,2628,,gutim,223,
223,1230.4443,1.0909,144,73,11,2628,,Db5,,,,,,,,n223_1Db5q,2628,,gutim,223,
223,1230.4443,0.7273,144,27,20,2628,,Eb1,,,,,,,,n223_5Eb1q,2628,,gutim,223,
223,1230.4443,1.0909,144,32,11,2628,,Ab1,,,,,,,,n223_6Ab1q,2628,,gutim,223,
223,1230.4443,1.0909,144,38,11,2628,,D2,,,,,,,,n223_6D2q,2628,,gutim,223,
223,1231.1261,0.5455,144,56,22,2629,,Ab3,,,,,,,,n223_2Ab3e_0,2629,,gutim,223,
223,1231.3534,0.0909,144,46,21,2630,,Bb2,,,,,,,,n223_5Bb2t_0,2630,,gutim,223,
223,1231.4671,0.0909,144,37,22,2631,,Db2,,,,,,,,n223_5Db2t_0,2631,,gutim,223,
223,1231.5807,0.0909,144,27,23,2632,,Eb1,,,,,,,,n223_5Eb1t_0,2632,,gutim,223,
223,1231.6943,0.0909,144,46,24,2633,,Bb2,,,,,,,,n223_5Bb2t_1,2633,,gutim,223,
223,1231.808,0.1364,144,60,24,2634,,C4,,,,,,,,n223_1C4s,2634,,gutim,223,
223,1231.808,0.2727,144,64,24,2634,,E4,,,,,,,,n223_1E4s,2634,,gutim,223,
223,1231.808,0.2727,144,73,24,2634,,Db5,,,,,,,,n223_1Db5s,2634,,gutim,223,
223,1231.808,0.1364,144,32,24,2634,,Ab1,,,,,,,,n223_6Ab1s,2634,,gutim,223,
223,1231.808,0.2727,144,37,24,2634,,Db2,,,,,,,,n223_6Db2s,2634,,gutim,223,
223,1232.0352,8.0,144,56,17,2635,,Ab3,,,,,,,,n223_2Ab3e_1,2635,,gutim,223,
223,1232.0352,0.0909,144,46,11,2635,,Bb2,,,,,,,,n223_5Bb2t_2,2635,,gutim,223,
223,1232.1489,0.0909,144,37,10,2636,,Db2,,,,,,,,n223_5Db2t_1,2636,,gutim,223,
223,1232.2625,0.0909,144,27,8,2637,,Eb1,,,,,,,,n223_5Eb1t_1,2637,,gutim,223,
223,1232.3761,0.0909,144,46,7,2638,,Bb2,,,,,,,,n223_5Bb2t_3,2638,,gutim,223,
,,,,,,,,,,,,,,,,,,224,,,
224,1239.9898,0.7273,144,66,20,2639,,F#4,,,,,,,,n224_5Fs4q,2639,,gutim,224,
224,1240.8989,1.4545,144,23,22,2640,,B0,,,,,,,,n224_5B0h_0,2640,,gutim,224,
224,1240.8989,1.4545,144,66,22,2640,,F#4,,,,,,,,n224_5Fs4h_0,2640,,gutim,224,
224,1242.0352,2.7273,144,56,11,2641,,Ab3,,,,,,,,n224_2Ab3e,2641,,gutim,224,
224,1242.0352,2.7273,144,72,11,2641,,C5,,,,,,,,n224_2C5e,2641,,gutim,224,
224,1242.7171,2.7273,144,23,24,2642,,B0,,,,,,,,n224_5B0h_1,2642,,gutim,224,
224,1242.7171,2.7273,144,62,24,2642,,D4,,,,,,,,n224_5D4h,2642,,gutim,224,
224,1242.7171,2.7273,144,66,24,2642,,F#4,,,,,,,,n224_5Fs4h_1,2642,,gutim,224,
224,1243.6261,1.4545,144,53,8,2643,,F3,,,,,,,,n224_1F3h,2643,,gutim,224,
,,,,,,,,,,,,,,,,,,225,,,
225,1245.4443,0.9716,144,89,14,2644,,F6,,,,,,,,n225_2F6e,2644,,gutim,225,
225,1245.4443,0.8636,144,53,5,2644,,F3,,,,,,,,n225_6F3q,2644,,gutim,225,
225,1246.1261,0.0909,144,62,24,2645,,D4,,,,,,,,n225_1D4t,2645,,gutim,225,
225,1246.1261,0.0909,144,66,24,2645,,Gb4,,,,,,,,n225_1Gb4t,2645,,gutim,225,
225,1246.2398,0.0909,144,65,24,2646,,F4,,,,,,,,n225_1F4t,2646,,gutim,225,
225,1246.3398,0.0712,144,47,22,2647,,B2,g,,,,,,,ng225_1B2e,2647,,gutim,225,
225,1246.4148,0.0712,144,50,19,2648,,D3,g,,,,,,,ng225_1D3e,2648,,gutim,225,
225,1246.4898,0.0712,144,54,16,2649,,Gb3,g,,,,,,,ng225_1Gb3e,2649,,gutim,225,
225,1246.5648,0.0712,144,53,14,2650,,F3,g,,,,,,,ng225_1F3e,2650,,gutim,225,
225,1246.6398,0.0712,144,70,11,2651,,Bb4,g,,,,,,,ng225_1Bb4e,2651,,gutim,225,
225,1246.7148,0.4318,144,42,10,2652,,Gb2,,,,,,,,n225_1Gb2e,2652,,gutim,225,
225,1246.7148,0.108,144,53,17,2652,,F3,,,,,,,,n225_6F3t_0,2652,,gutim,225,
225,1246.8284,0.1619,144,89,14,2653,,F6,,,,,,,,n225_2F6t,2653,,gutim,225,
225,1246.8284,0.108,144,43,8,2653,,G2,,,,,,,,n225_6G2t_0,2653,,gutim,225,
225,1246.9421,0.108,144,53,7,2654,,F3,,,,,,,,n225_6F3t_1,2654,,gutim,225,
225,1246.9989,0.1619,144,76,15,2655,,E5,,,,,,,,n225_2E5t_0,2655,,gutim,225,
225,1247.0557,0.108,144,43,5,2656,,G2,,,,,,,,n225_6G2t_1,2656,,gutim,225,
225,1247.1693,0.1619,144,76,16,2657,,E5,,,,,,,,n225_2E5t_1,2657,,gutim,225,
225,1247.3398,0.1619,144,70,16,2658,,A#4,,,,,,,,n225_2As4t_0,2658,,gutim,225,
225,1247.5102,0.108,144,73,17,2659,,C#5,,,,,,,,n225_2Cs5t_0,2659,,gutim,225,
225,1247.6239,0.108,144,70,17,2660,,A#4,,,,,,,,n225_2As4t_1,2660,,gutim,225,
225,1247.6239,0.7273,144,44,4,2660,,Ab2,,,,,,,,n225_6Ab2q,2660,,gutim,225,
225,1247.7375,0.108,144,73,18,2661,,C#5,,,,,,,,n225_2Cs5t_1,2661,,gutim,225,
225,1247.8511,0.108,144,76,18,2662,,E5,,,,,,,,n225_2E5t_2,2662,,gutim,225,
225,1247.8511,2.1818,144,45,17,2662,,A2,,,,,,,,n225_5A2e,2662,,gutim,225,
225,1247.8511,2.1818,144,56,17,2662,,Ab3,,,,,,,,n225_5Ab3e,2662,,gutim,225,
225,1247.8511,2.1818,144,72,17,2662,,C5,,,,,,,,n225_5C5e,2662,,gutim,225,
225,1247.9648,0.108,144,73,19,2663,,C#5,,,,,,,,n225_2Cs5t_2,2663,,gutim,225,
225,1248.0784,0.108,144,58,19,2664,,A#3,,,,,,,,n225_2As3t,2664,,gutim,225,
225,1248.1921,1.2955,144,73,20,2665,,C#5,,,,,,,,n225_2Cs5s_0,2665,,gutim,225,
225,1248.533,0.108,144,42,14,2666,,F#2,,,,,,,,n225_6Fs2t_0,2666,,gutim,225,
225,1248.6466,0.3239,144,35,12,2667,,B1,,,,,,,,n225_6B1s,2667,,gutim,225,
225,1248.9875,0.0725,144,42,7,2668,,F#2,,,,,,,,n225_6Fs2t_1,2668,,gutim,225,
225,1249.0639,0.0725,144,23,6,2669,,B0,,,,,,,,n225_6B0t,2669,,gutim,225,
225,1249.1402,0.7186,144,41,5,2670,,F2,,,,,,,,n225_6F2t,2670,,gutim,225,
225,1249.5557,0.108,144,101,11,2671,,F7,,,,,,,,n225_2F7t,2671,,gutim,225,
225,1249.6693,0.108,144,76,13,2672,,E5,,,,,,,,n225_2E5t_3,2672,,gutim,225,
225,1249.783,0.108,144,73,15,2673,,C#5,,,,,,,,n225_2Cs5t_3,2673,,gutim,225,
225,1249.8966,0.108,144,76,16,2674,,E5,,,,,,,,n225_2E5t_4,2674,,gutim,225,
225,1250.0102,0.108,144,58,18,2675,,Bb3,,,,,,,,n225_2Bb3t,2675,,gutim,225,
225,1250.1239,0.108,144,61,20,2676,,Db4,,,,,,,,n225_2Db4t,2676,,gutim,225,
225,1250.5784,0.2727,144,62,22,2677,,D4,,,,,,,,n225_2D4s_0,2677,,gutim,225,
225,1250.5784,0.2727,144,73,22,2677,,C#5,,,,,,,,n225_2Cs5s_1,2677,,gutim,225,
225,1250.5784,0.2727,144,45,22,2677,,A2,,,,,,,,n225_5A2s_0,2677,,gutim,225,
225,1250.5784,0.2727,144,56,22,2677,,Ab3,,,,,,,,n225_5Ab3s_0,2677,,gutim,225,
225,1250.9193,0.2727,144,62,22,2678,,D4,,,,,,,,n225_2D4s_1,2678,,gutim,225,
225,1250.9193,0.2727,144,73,22,2678,,C#5,,,,,,,,n225_2Cs5s_2,2678,,gutim,225,
225,1250.9193,0.2727,144,76,22,2678,,E5,,,,,,,,n225_2E5s,2678,,gutim,225,
225,1250.9193,0.2727,144,45,22,2678,,A2,,,,,,,,n225_5A2s_1,2678,,gutim,225,
225,1250.9193,0.2727,144,56,22,2678,,Ab3,,,,,,,,n225_5Ab3s_1,2678,,gutim,225,
,,,,,,,,,,,,,,,,,,226,,,
226,1251.6352,0.1364,144,85,22,2679,,C#6,,,,,,,,n226_1Cs6t,2679,,gutim,226,
226,1251.6352,0.108,144,68,22,2679,,G#4,,,,,,,,n226_5Gs4t_0,2679,,gutim,226,
226,1251.7489,0.108,144,57,22,2680,,A3,,,,,,,,n226_5A3t,2680,,gutim,226,
226,1251.8057,0.1364,144,70,22,2681,,A#4,,,,,,,,n226_1As4t,2681,,gutim,226,
226,1251.8625,0.0725,144,84,21,2682,,C6,,,,,,,,n226_5C6t_0,2682,,gutim,226,
226,1251.9389,0.0725,144,68,18,2683,,G#4,,,,,,,,n226_5Gs4t_1,2683,,gutim,226,
226,1252.0152,0.0725,144,84,15,2684,,C6,,,,,,,,n226_5C6t_1,2684,,gutim,226,
226,1252.0916,0.108,144,88,12,2685,,E6,,,,,,,,n226_5E6t,2685,,gutim,226,
226,1252.2052,0.054,144,74,8,2686,,D5,,,,,,,,n226_5D5x,2686,,gutim,226,
226,1252.262,0.0523,144,88,8,2687,,E6,,,,,,,,n226_5E6x,2687,,gutim,226,
,,,,,,,7157,,,,,,,,,,,,gutim,,
226,1254.3625,0.081,144,80,8,2688,,Ab5,,,,,,,,n226_1Ab5x_0,2688,,gutim,226,
226,1254.4477,0.081,144,75,8,2689,,Eb5,,,,,,,,n226_1Eb5x_0,2689,,gutim,226,
226,1254.533,0.081,144,80,8,2690,,Ab5,,,,,,,,n226_1Ab5x_1,2690,,gutim,226,
226,1254.6182,0.081,144,75,8,2691,,Eb5,,,,,,,,n226_1Eb5x_1,2691,,gutim,226,
226,1254.7034,0.081,144,80,9,2692,,Ab5,,,,,,,,n226_1Ab5x_2,2692,,gutim,226,
226,1254.7886,0.081,144,75,9,2693,,Eb5,,,,,,,,n226_1Eb5x_2,2693,,gutim,226,
226,1254.8739,0.081,144,71,9,2694,,B4,,,,,,,,n226_1B4x_0,2694,,gutim,226,
226,1254.9591,0.1214,144,75,9,2695,,Eb5,,,,,,,,n226_1Eb5x_3,2695,,gutim,226,
226,1255.0869,0.1214,144,80,9,2696,,Ab5,,,,,,,,n226_1Ab5x_3,2696,,gutim,226,
226,1255.2148,0.1214,144,59,9,2697,,B3,,,,,,,,n226_1B3x,2697,,gutim,226,
226,1255.3426,0.1214,144,63,10,2698,,Eb4,,,,,,,,n226_1Eb4x,2698,,gutim,226,
226,1255.4705,0.1214,144,80,10,2699,,Ab5,,,,,,,,n226_1Ab5x_4,2699,,gutim,226,
226,1255.5983,0.1214,144,47,10,2700,,B2,,,,,,,,n226_1B2x,2700,,gutim,226,
226,1255.7261,0.081,144,80,10,2701,,Ab5,,,,,,,,n226_1Ab5x_5,2701,,gutim,226,
226,1255.7261,0.108,144,33,8,2701,,A1,,,,,,,,n226_5A1t_0,2701,,gutim,226,
226,1255.8114,0.081,144,75,10,2702,,Eb5,,,,,,,,n226_1Eb5x_4,2702,,gutim,226,
226,1255.8398,0.108,144,43,8,2703,,G2,,,,,,,,n226_5G2t_0,2703,,gutim,226,
226,1255.8966,0.081,144,80,10,2704,,Ab5,,,,,,,,n226_1Ab5x_6,2704,,gutim,226,
226,1255.9534,0.108,144,33,8,2705,,A1,,,,,,,,n226_5A1t_1,2705,,gutim,226,
226,1255.9818,0.081,144,75,10,2706,,Eb5,,,,,,,,n226_1Eb5x_5,2706,,gutim,226,
226,1256.0671,0.081,144,80,11,2707,,Ab5,,,,,,,,n226_1Ab5x_7,2707,,gutim,226,
226,1256.0671,0.1619,144,43,9,2707,,G2,,,,,,,,n226_5G2t_1,2707,,gutim,226,
226,1256.1523,0.081,144,75,11,2708,,Eb5,,,,,,,,n226_1Eb5x_6,2708,,gutim,226,
226,1256.2375,0.081,144,71,11,2709,,B4,,,,,,,,n226_1B4x_1,2709,,gutim,226,
226,1256.2375,0.1619,144,33,9,2709,,A1,,,,,,,,n226_5A1t_2,2709,,gutim,226,
226,1256.3227,0.1214,144,75,11,2710,,Eb5,,,,,,,,n226_1Eb5x_7,2710,,gutim,226,
226,1256.3398,0.06,144,58,11,2711,,Bb3,g,,,,,,,ng226_2Bb3e,2711,,gutim,226,
226,1256.408,0.1619,144,43,11,2712,,G2,,,,,,,,n226_5G2t_2,2712,,gutim,226,
226,1256.4148,0.06,144,88,14,2713,,E6,g,,,,,,,ng226_2E6e_0,2713,,gutim,226,
226,1256.4506,0.1214,144,80,11,2714,,Ab5,,,,,,,,n226_1Ab5x_8,2714,,gutim,226,
226,1256.4898,0.06,144,101,16,2715,,F7,g,,,,,,,ng226_2F7e_0,2715,,gutim,226,
226,1256.5648,0.06,144,88,18,2716,,E6,g,,,,,,,ng226_2E6e_1,2716,,gutim,226,
226,1256.5784,0.1214,144,71,11,2717,,B4,,,,,,,,n226_1B4x_2,2717,,gutim,226,
226,1256.5784,0.108,144,33,11,2717,,A1,,,,,,,,n226_5A1t_3,2717,,gutim,226,
226,1256.6398,0.06,144,101,21,2718,,F7,g,,,,,,,ng226_2F7e_1,2718,,gutim,226,
226,1256.6921,0.108,144,43,12,2719,,G2,,,,,,,,n226_5G2t_3,2719,,gutim,226,
226,1256.7063,0.1214,144,75,12,2720,,Eb5,,,,,,,,n226_1Eb5x_8,2720,,gutim,226,
226,1256.8057,0.108,144,33,12,2721,,A1,,,,,,,,n226_5A1t_4,2721,,gutim,226,
226,1256.8341,0.1214,144,80,12,2722,,Ab5,,,,,,,,n226_1Ab5x_9,2722,,gutim,226,
226,1256.9193,0.1619,144,43,14,2723,,G2,,,,,,,,n226_5G2t_4,2723,,gutim,226,
226,1256.9619,0.1214,144,71,12,2724,,B4,,,,,,,,n226_1B4x_3,2724,,gutim,226,
,,,,,,,,,,,,,,,,,,227,,,
227,1258.4534,3.2727,144,63,8,2725,,Eb4,,,,,,,,n227_5Eb4h,2725,,gutim,227,
,,,,,,,7158,,,,,,,,,,,,gutim,,
,,,,,,,,,,,,,,,,,,228,,,
228,1262.5443,0.1633,144,88,12,2726,,E6,,,,,,,,n228_1E6t_0,2726,,gutim,228,
228,1262.7131,0.1633,144,49,13,2727,,C#3,,,,,,,,n228_1Cs3t_0,2727,,gutim,228,
228,1262.885,0.2449,144,49,15,2728,,C#3,,,,,,,,n228_1Cs3t_1,2728,,gutim,228,
228,1262.885,0.2449,144,88,15,2728,,E6,,,,,,,,n228_1E6t_1,2728,,gutim,228,
228,1263.0693,0.06,144,69,14,2729,,A4,g,,,,,,,ng228_5A4e,2729,,gutim,228,
228,1263.1428,0.2449,144,68,17,2730,,G#4,,,,,,,,n228_1Gs4t,2730,,gutim,228,
228,1263.1428,0.2449,144,88,17,2730,,E6,,,,,,,,n228_1E6t_2,2730,,gutim,228,
228,1263.1443,1.14,144,64,14,2730,,E4,,,,,,,,n228_5E4e_0,2730,,gutim,228,
228,1263.4006,0.1633,144,84,8,2731,,C6,,,,,,,,n228_1C6t,2731,,gutim,228,
228,1263.5725,0.1633,144,58,8,2732,,Bb3,,,,,,,,n228_1Bb3t,2732,,gutim,228,
228,1264.3443,0.57,144,68,14,2733,,G#4,,,,,,,,n228_5Gs4e,2733,,gutim,228,
228,1264.9443,5.76,144,77,20,2734,,F5,,,,,,,,n228_1F5h,2734,,gutim,228,
228,1264.9443,2.4,144,58,8,2734,,Bb3,,,,,,,,n228_2Bb3h,2734,,gutim,228,
228,1264.9443,2.4,144,68,8,2734,,Ab4,,,,,,,,n228_2Ab4h,2734,,gutim,228,
228,1264.9443,2.4,144,84,8,2734,,C6,,,,,,,,n228_2C6h,2734,,gutim,228,
228,1264.9443,2.4,144,88,8,2734,,E6,,,,,,,,n228_2E6h,2734,,gutim,228,
228,1264.9443,2.4,144,64,8,2734,,E4,,,,,,,,n228_6E4h,2734,,gutim,228,
228,1264.9443,2.4,144,69,8,2734,,A4,,,,,,,,n228_6A4h,2734,,gutim,228,
,,,,,,,,,,,,,,,,,,229,,,
229,1267.9443,3.36,144,58,11,2735,,Bb3,,,,,,,,n229_2Bb3e_1,2735,,gutim,229,
229,1267.9443,3.36,144,68,11,2735,,Ab4,,,,,,,,n229_2Ab4e_1,2735,,gutim,229,
229,1267.9443,3.36,144,84,11,2735,,C6,,,,,,,,n229_2C6e_1,2735,,gutim,229,
229,1267.9443,3.36,144,88,11,2735,,E6,,,,,,,,n229_2E6e_1,2735,,gutim,229,
229,1267.9443,3.36,144,64,11,2735,,E4,,,,,,,,n229_6E4e_1,2735,,gutim,229,
229,1267.9443,3.36,144,69,11,2735,,A4,,,,,,,,n229_6A4e_1,2735,,gutim,229,
229,1272.1443,1.92,144,77,14,2736,,F5,,,,,,,,n229_1F5h_1,2736,,gutim,229,
229,1272.1443,1.92,144,68,5,2736,,Ab4,,,,,,,,n229_2Ab4h_1,2736,,gutim,229,
229,1272.1443,1.92,144,40,5,2736,,E2,,,,,,,,n229_5E2h,2736,,gutim,229,
229,1272.1443,1.92,144,64,14,2736,,E4,,,,,,,,n229_6E4h_1,2736,,gutim,229,
229,1272.1443,1.92,144,69,5,2736,,A4,,,,,,,,n229_6A4h_1,2736,,gutim,229,
,,,,,,,,,,,,,,,,,,230,,,
230,1274.5443,3.6,144,77,14,2737,,F5,,,,,,,,n230_1F5h,2737,,gutim,230,
230,1274.5443,3.84,144,68,8,2737,,Ab4,,,,,,,,n230_2Ab4w_0,2737,,gutim,230,
230,1274.5443,3.84,144,50,8,2737,,D3,,,,,,,,n230_5D3w,2737,,gutim,230,
230,1274.5443,3.84,144,64,8,2737,,E4,,,,,,,,n230_6E4w_0,2737,,gutim,230,
230,1274.5443,3.84,144,69,8,2737,,A4,,,,,,,,n230_6A4w_0,2737,,gutim,230,
230,1279.0443,0.15,144,62,20,2738,,D4,,,,,,,,n230_1D4s,2738,,gutim,230,
230,1279.0443,0.24,144,84,20,2738,,C6,,,,,,,,n230_1C6s,2738,,gutim,230,
230,1279.0443,0.24,144,88,20,2738,,E6,,,,,,,,n230_1E6s,2738,,gutim,230,
230,1279.3443,3.84,144,62,8,2739,,D4,,,,,,,,n230_1D4w,2739,,gutim,230,
230,1279.3443,3.84,144,84,8,2739,,C6,,,,,,,,n230_1C6w,2739,,gutim,230,
230,1279.3443,3.84,144,88,8,2739,,E6,,,,,,,,n230_1E6w,2739,,gutim,230,
230,1279.3443,3.84,144,68,11,2739,,Ab4,,,,,,,,n230_2Ab4w_1,2739,,gutim,230,
230,1279.3443,3.84,144,64,8,2739,,E4,,,,,,,,n230_6E4w_1,2739,,gutim,230,
230,1279.3443,3.84,144,69,8,2739,,A4,,,,,,,,n230_6A4w_1,2739,,gutim,230,
230,1279.9443,0.16,144,44,20,2740,,G#2,,,,,,,,n230_5Gs2s,2740,,gutim,230,
230,1280.1443,2.24,144,44,11,2741,,G#2,,,,,,,,n230_5Gs2e,2741,,gutim,230,
230,1280.1443,2.24,144,49,11,2741,,C#3,,,,,,,,n230_5Cs3e,2741,,gutim,230,
230,1282.9443,0.1425,144,37,5,2742,,C#2,,,,,,,,n230_5Cs2t_0,2742,,gutim,230,
230,1283.0943,0.1425,144,57,4,2743,,A3,,,,,,,,n230_5A3t_0,2743,,gutim,230,
230,1283.2443,0.095,144,35,4,2744,,B1,,,,,,,,n230_5B1t_0,2744,,gutim,230,
230,1283.3443,0.095,144,41,3,2745,,F2,,,,,,,,n230_5F2t_0,2745,,gutim,230,
230,1283.4443,0.095,144,35,3,2746,,B1,,,,,,,,n230_5B1t_1,2746,,gutim,230,
230,1283.4443,0.095,144,37,3,2746,,C#2,,,,,,,,n230_5Cs2t_1,2746,,gutim,230,
230,1283.5443,0.095,144,41,3,2747,,F2,,,,,,,,n230_5F2t_1,2747,,gutim,230,
230,1283.6443,0.095,144,23,2,2748,,B0,,,,,,,,n230_5B0t,2748,,gutim,230,
230,1283.7443,0.095,144,57,2,2749,,A3,,,,,,,,n230_5A3t_1,2749,,gutim,230,
230,1283.8443,0.095,144,41,1,2750,,F2,,,,,,,,n230_5F2t_2,2750,,gutim,230,
230,1283.9443,0.19,144,23,1,2751,,B0,,,,,,,,n230_5B0s,2751,,gutim,230,
,,,,,,,,,,,,,,,,,,231,,,
231,1284.1443,1.92,144,68,14,2752,,Ab4,,,,,,,,n231_1Ab4h,2752,,gutim,231,
231,1284.1443,1.92,144,62,5,2752,,D4,,,,,,,,n231_2D4h,2752,,gutim,231,
231,1284.1443,1.92,144,84,5,2752,,C6,,,,,,,,n231_2C6h,2752,,gutim,231,
231,1284.1443,1.92,144,88,5,2752,,E6,,,,,,,,n231_2E6h,2752,,gutim,231,
231,1284.1443,1.92,144,64,14,2752,,E4,,,,,,,,n231_6E4h,2752,,gutim,231,
231,1284.1443,1.92,144,69,14,2752,,A4,,,,,,,,n231_6A4h,2752,,gutim,231,
231,1286.5443,0.64,144,77,20,2753,,F5,,,,,,,,n231_2F5q,2753,,gutim,231,
231,1286.5443,0.64,144,31,20,2753,,G1,,,,,,,,n231_5G1q,2753,,gutim,231,
231,1286.5443,0.64,144,40,20,2753,,E2,,,,,,,,n231_5E2q,2753,,gutim,231,
231,1287.3443,0.095,144,52,5,2754,,E3,,,,,,,,n231_2E3t_0,2754,,gutim,231,
231,1287.4443,0.095,144,60,5,2755,,C4,,,,,,,,n231_2C4t_0,2755,,gutim,231,
231,1287.5443,0.095,144,52,6,2756,,E3,,,,,,,,n231_2E3t_1,2756,,gutim,231,
231,1287.6443,0.095,144,60,6,2757,,C4,,,,,,,,n231_2C4t_1,2757,,gutim,231,
231,1287.7443,0.095,144,52,7,2758,,E3,,,,,,,,n231_2E3t_2,2758,,gutim,231,
231,1287.7443,0.095,144,60,7,2758,,C4,,,,,,,,n231_2C4t_2,2758,,gutim,231,
231,1287.7443,0.095,144,90,7,2758,,Gb6,,,,,,,,n231_2Gb6t_0,2758,,gutim,231,
231,1287.8443,0.19,144,65,7,2759,,F4,,,,,,,,n231_2F4s,2759,,gutim,231,
231,1288.1443,0.095,144,90,8,2760,,Gb6,,,,,,,,n231_2Gb6t_1,2760,,gutim,231,
231,1288.2443,0.095,144,77,5,2761,,F5,,,,,,,,n231_2F5t,2761,,gutim,231,
,,,,,,,7165,,,,,,,,,,,,gutim,,
,,,,,,,,,,,,,,,,,,236,,,
236,1315.597,0.0996,144,87,5,2762,,D#6,,,,,,,,n236_1Ds6t_0,2762,,gutim,236,
236,1315.597,1.2632,144,52,14,2762,,E3,,,,,,,,n236_6E3q,2762,,gutim,236,
236,1315.597,1.2632,144,54,14,2762,,F#3,,,,,,,,n236_6Fs3q,2762,,gutim,236,
236,1315.597,1.2632,144,86,14,2762,,D6,,,,,,,,n236_6D6q,2762,,gutim,236,
236,1315.7018,0.0996,144,90,5,2763,,F#6,,,,,,,,n236_1Fs6t_0,2763,,gutim,236,
236,1315.8067,0.1738,144,95,5,2764,,B6,,,,,,,,n236_1B6t_0,2764,,gutim,236,
236,1315.9896,0.125,144,96,5,2765,,C7,,,,,,,,n236_1C7x_0,2765,,gutim,236,
236,1315.9917,0.125,144,85,5,2765,,C#6,,,,,,,,n236_5Cs6t_0,2765,,gutim,236,
236,1316.1212,0.1504,144,91,5,2766,,G6,,,,,,,,n236_1G6x,2766,,gutim,236,
236,1316.1233,0.125,144,92,5,2767,,G#6,,,,,,,,n236_5Gs6t,2767,,gutim,236,
236,1316.2549,0.125,144,85,5,2768,,C#6,,,,,,,,n236_5Cs6t_1,2768,,gutim,236,
236,1316.2795,0.0996,144,90,5,2769,,F#6,,,,,,,,n236_1Fs6t_1,2769,,gutim,236,
236,1316.3844,0.0996,144,96,5,2770,,C7,,,,,,,,n236_1C7t_0,2770,,gutim,236,
236,1316.3864,0.25,144,69,5,2770,,A4,,,,,,,,n236_5A4s,2770,,gutim,236,
236,1316.4892,0.0996,144,87,5,2771,,D#6,,,,,,,,n236_1Ds6t_1,2771,,gutim,236,
236,1316.5941,0.0996,144,96,5,2772,,C7,,,,,,,,n236_1C7t_1,2772,,gutim,236,
236,1316.6496,0.125,144,89,5,2773,,F6,,,,,,,,n236_5F6t_0,2773,,gutim,236,
236,1316.6989,0.1504,144,91,5,2774,,G6,,,,,,,,n236_1G6t_1,2774,,gutim,236,
236,1316.7812,0.125,144,74,5,2775,,D5,,,,,,,,n236_5D5t_0,2775,,gutim,236,
236,1316.8572,0.0996,144,90,5,2776,,F#6,,,,,,,,n236_1Fs6t_2,2776,,gutim,236,
236,1316.9128,0.125,144,89,5,2777,,F6,,,,,,,,n236_5F6t_1,2777,,gutim,236,
236,1316.9621,0.0996,144,96,5,2778,,C7,,,,,,,,n236_1C7t_2,2778,,gutim,236,
236,1317.0443,0.125,144,74,5,2779,,D5,,,,,,,,n236_5D5t_1,2779,,gutim,236,
236,1317.0669,0.6992,144,87,5,2780,,D#6,,,,,,,,n236_1Ds6t_2,2780,,gutim,236,
236,1317.1759,1.2632,144,60,5,2781,,C4,,,,,,,,n236_6C4q,2781,,gutim,236,
236,1317.803,0.0996,144,75,5,2782,,D#5,,,,,,,,n236_1Ds5t,2782,,gutim,236,
236,1317.9078,0.0996,144,95,5,2783,,B6,,,,,,,,n236_1B6t_1,2783,,gutim,236,
236,1318.0127,0.0996,144,108,5,2784,,C8,,,,,,,,n236_1C8t_0,2784,,gutim,236,
236,1318.1175,0.0996,144,95,5,2785,,B6,,,,,,,,n236_1B6t_2,2785,,gutim,236,
236,1318.1628,0.0937,144,98,5,2786,,D7,,,,,,,,n236_5D7x_0,2786,,gutim,236,
236,1318.2224,0.0996,144,108,5,2787,,C8,,,,,,,,n236_1C8t_1,2787,,gutim,236,
236,1318.2614,0.0937,144,101,5,2788,,F7,,,,,,,,n236_5F7x_0,2788,,gutim,236,
236,1318.3272,0.0996,144,95,5,2789,,B6,,,,,,,,n236_1B6t_3,2789,,gutim,236,
236,1318.3601,0.0938,144,98,5,2790,,D7,,,,,,,,n236_5D7x_1,2790,,gutim,236,
236,1318.4321,0.1504,144,91,5,2791,,G6,,,,,,,,n236_1G6t_2,2791,,gutim,236,
236,1318.4588,0.0937,144,101,5,2792,,F7,,,,,,,,n236_5F7x_1,2792,,gutim,236,
236,1318.5575,0.0937,144,98,5,2793,,D7,,,,,,,,n236_5D7x_2,2793,,gutim,236,
236,1318.5904,0.7559,144,96,5,2794,,C7,,,,,,,,n236_1C7t_3,2794,,gutim,236,
236,1318.6562,0.0937,144,104,5,2795,,G#7,,,,,,,,n236_5Gs7x,2795,,gutim,236,
,,,,,,,,,,,,,,,,,,237,,,
237,1319.1496,0.5625,144,85,5,2796,,C#6,,,,,,,,n237_5Cs6s,2796,,gutim,237,
237,1319.386,0.1504,144,79,5,2797,,G5,,,,,,,,n237_1G5t_0,2797,,gutim,237,
237,1319.5443,0.1504,144,66,5,2798,,F#4,,,,,,,,n237_1Fs4t_0,2798,,gutim,237,
237,1319.7026,0.0996,144,83,5,2799,,B5,,,,,,,,n237_1B5t_0,2799,,gutim,237,
237,1319.7417,0.5625,144,69,5,2800,,A4,,,,,,,,n237_5A4s_0,2800,,gutim,237,
237,1319.8075,0.0996,144,79,5,2801,,G5,,,,,,,,n237_1G5t_1,2801,,gutim,237,
237,1319.9123,0.0996,144,78,5,2802,,F#5,,,,,,,,n237_1Fs5t,2802,,gutim,237,
237,1320.0172,0.0996,144,83,5,2803,,B5,,,,,,,,n237_1B5t_1,2803,,gutim,237,
237,1320.122,0.0996,144,96,5,2804,,C7,,,,,,,,n237_1C7t_0,2804,,gutim,237,
237,1320.2269,0.0996,144,83,5,2805,,B5,,,,,,,,n237_1B5t_2,2805,,gutim,237,
237,1320.3317,0.0996,144,79,5,2806,,G5,,,,,,,,n237_1G5t_2,2806,,gutim,237,
237,1320.3338,0.75,144,73,5,2807,,C#5,,,,,,,,n237_5Cs5e,2807,,gutim,237,
237,1320.4366,0.0996,144,66,5,2808,,F#4,,,,,,,,n237_1Fs4t_1,2808,,gutim,237,
237,1320.5415,0.0996,144,79,5,2809,,G5,,,,,,,,n237_1G5t_3,2809,,gutim,237,
237,1320.6463,0.1504,144,66,5,2810,,F#4,,,,,,,,n237_1Fs4t_2,2810,,gutim,237,
237,1320.8046,0.0996,144,63,5,2811,,D#4,,,,,,,,n237_1Ds4t,2811,,gutim,237,
237,1320.9095,0.0996,144,71,5,2812,,B4,,,,,,,,n237_1B4t,2812,,gutim,237,
237,1321.0143,0.0996,144,84,5,2813,,C6,,,,,,,,n237_1C6t,2813,,gutim,237,
237,1321.1192,0.1504,144,67,5,2814,,G4,,,,,,,,n237_1G4t,2814,,gutim,237,
237,1321.1233,0.375,144,69,5,2815,,A4,,,,,,,,n237_5A4s_1,2815,,gutim,237,
237,1321.1233,0.25,144,54,8,2815,,F#3,,,,,,,,n237_6Fs3s,2815,,gutim,237,
237,1321.2775,0.6035,144,66,5,2816,,F#4,,,,,,,,n237_1Fs4e,2816,,gutim,237,
237,1321.3864,0.25,144,57,9,2817,,A3,,,,,,,,n237_6A3s,2817,,gutim,237,
237,1321.518,1.5789,144,45,22,2818,,A2,,,,,,,,n237_5A2s,2818,,gutim,237,
237,1321.6496,0.25,144,65,11,2819,,F4,,,,,,,,n237_6F4s,2819,,gutim,237,
237,1321.9128,2.5263,144,60,5,2820,,C4,,,,,,,,n237_6C4t,2820,,gutim,237,
237,1322.0443,2.4211,144,76,5,2821,,E5,,,,,,,,n237_6E5s_0,2821,,gutim,237,
237,1323.4917,0.166,144,96,2,2822,,C7,,,,,,,,n237_1C7t_1,2822,,gutim,237,
237,1323.6665,0.25,144,87,2,2823,,D#6,,,,,,,,n237_1Ds6t,2823,,gutim,237,
237,1323.9132,0.0996,144,86,2,2824,,D6,,,,,,,,n237_5D6t_0,2824,,gutim,237,
237,1323.9296,0.25,144,95,2,2825,,B6,,,,,,,,n237_1B6t,2825,,gutim,237,
237,1324.018,0.0996,144,89,2,2826,,F6,,,,,,,,n237_5F6t,2826,,gutim,237,
237,1324.1229,0.0996,144,86,2,2827,,D6,,,,,,,,n237_5D6t_1,2827,,gutim,237,
237,1324.1928,0.166,144,96,2,2828,,C7,,,,,,,,n237_1C7t_2,2828,,gutim,237,
237,1324.2277,0.0996,144,92,2,2829,,G#6,,,,,,,,n237_5Gs6t_0,2829,,gutim,237,
237,1324.3326,0.0996,144,85,2,2830,,C#6,,,,,,,,n237_5Cs6t_0,2830,,gutim,237,
237,1324.3675,0.166,144,91,2,2831,,G6,,,,,,,,n237_1G6t_0,2831,,gutim,237,
237,1324.4374,0.1504,144,92,2,2832,,G#6,,,,,,,,n237_5Gs6t_1,2832,,gutim,237,
237,1324.5423,0.166,144,90,2,2833,,F#6,,,,,,,,n237_1Fs6t_0,2833,,gutim,237,
237,1324.5957,0.1504,144,85,2,2834,,C#6,,,,,,,,n237_5Cs6t_1,2834,,gutim,237,
237,1324.717,0.166,144,91,2,2835,,G6,,,,,,,,n237_1G6t_1,2835,,gutim,237,
237,1324.754,0.3008,144,81,2,2836,,A5,,,,,,,,n237_5A5s,2836,,gutim,237,
237,1324.8918,0.1699,144,90,2,2837,,F#6,,,,,,,,n237_1Fs6t_1,2837,,gutim,237,
,,,,,,,7167,,,,,,,,,,,,gutim,,
,,,,,,,,,,,,,,,,,,238,,,
238,1325.0706,0.06,144,86,22,2838,,D6,g,,,,,,,ng238_1D6e,2838,,gutim,238,
238,1325.0706,0.06,144,56,14,2838,,G#3,g,,,,,,,ng238_5Gs3e,2838,,gutim,238,
238,1325.1456,2.1818,144,81,22,2839,,A5,,,,,,,,n238_1A5h,2839,,gutim,238,
238,1325.1456,2.1818,144,86,22,2839,,D6,,,,,,,,n238_1D6h,2839,,gutim,238,
238,1325.1456,0.7776,144,85,14,2839,,C#6,,,,,,,,n238_2Cs6e_0,2839,,gutim,238,
238,1325.1456,0.1299,144,56,5,2839,,G#3,,,,,,,,n238_5Gs3t_0,2839,,gutim,238,
238,1325.2824,0.1299,144,62,6,2840,,D4,,,,,,,,n238_5D4t_0,2840,,gutim,238,
238,1325.4191,0.1299,144,56,7,2841,,G#3,,,,,,,,n238_5Gs3t_1,2841,,gutim,238,
238,1325.5558,0.2598,144,62,7,2842,,D4,,,,,,,,n238_5D4s_0,2842,,gutim,238,
238,1325.8292,0.2598,144,56,9,2843,,G#3,,,,,,,,n238_5Gs3s,2843,,gutim,238,
238,1325.9642,1.1656,144,85,8,2844,,C#6,,,,,,,,n238_2Cs6e_1,2844,,gutim,238,
238,1326.1027,0.1299,144,62,10,2845,,D4,,,,,,,,n238_5D4t_1,2845,,gutim,238,
238,1326.2394,0.1299,144,56,11,2846,,G#3,,,,,,,,n238_5Gs3t_2,2846,,gutim,238,
238,1326.3761,1.0374,144,62,11,2847,,D4,,,,,,,,n238_5D4t_2,2847,,gutim,238,
238,1327.1911,0.6477,144,85,11,2848,,C#6,,,,,,,,n238_2Cs6e_3,2848,,gutim,238,
238,1327.4681,0.1299,144,56,16,2849,,G#3,,,,,,,,n238_5Gs3t_3,2849,,gutim,238,
238,1327.6048,0.2547,144,62,17,2850,,D4,,,,,,,,n238_5D4s_1,2850,,gutim,238,
238,1327.8729,0.1299,144,72,18,2851,,C5,,,,,,,,n238_2C5t,2851,,gutim,238,
238,1328.0096,0.2598,144,76,19,2852,,E5,,,,,,,,n238_2E5s_0,2852,,gutim,238,
238,1328.2831,0.0641,144,85,20,2853,,C#6,,,,,,,,n238_2Cs6x,2853,,gutim,238,
238,1328.3505,0.0641,144,44,21,2854,,G#2,,,,,,,,n238_2Gs2x,2854,,gutim,238,
238,1328.418,0.0641,144,50,21,2855,,D3,,,,,,,,n238_2D3x,2855,,gutim,238,
238,1328.4855,0.0641,144,72,21,2856,,C5,,,,,,,,n238_2C5x,2856,,gutim,238,
238,1328.553,0.388,144,76,22,2857,,E5,,,,,,,,n238_2E5s_1,2857,,gutim,238,
238,1328.8956,1.2273,144,101,20,2858,,F7,,,,,,,,n238_1F7s,2858,,gutim,238,
238,1329.0661,0.1364,144,52,24,2859,,E3,,,,,,,,n238_5E3t_0,2859,,gutim,238,
238,1329.2366,0.1364,144,34,24,2860,,Bb1,,,,,,,,n238_5Bb1t,2860,,gutim,238,
238,1329.2366,0.1364,144,52,24,2860,,E3,,,,,,,,n238_5E3t_1,2860,,gutim,238,
238,1329.407,0.4091,144,34,24,2861,,Bb1,,,,,,,,n238_5Bb1s,2861,,gutim,238,
238,1329.407,0.4091,144,42,24,2861,,Gb2,,,,,,,,n238_5Gb2s,2861,,gutim,238,
238,1329.9184,0.5455,144,42,21,2862,,Gb2,,,,,,,,n238_5Gb2e,2862,,gutim,238,
238,1330.4297,0.1364,144,101,20,2863,,F7,,,,,,,,n238_1F7t,2863,,gutim,238,
,,,,,,,,,,,,,,,,,,239,,,
239,1330.6002,2.5909,144,76,22,2864,,E5,,,,,,,,n239_1E5h,2864,,gutim,239,
239,1330.6002,2.5909,144,101,22,2864,,F7,,,,,,,,n239_1F7h,2864,,gutim,239,
239,1330.6002,0.2884,144,88,5,2864,,E6,,,,,,,,n239_2E6s_0,2864,,gutim,239,
239,1330.9038,0.5752,144,68,5,2865,,G#4,,,,,,,,n239_2Gs4e,2865,,gutim,239,
239,1331.6602,0.1434,144,85,5,2866,,C#6,,,,,,,,n239_2Cs6t_0,2866,,gutim,239,
239,1331.8111,0.1434,144,79,5,2867,,G5,,,,,,,,n239_2G5t_0,2867,,gutim,239,
239,1331.9621,0.1434,144,85,5,2868,,C#6,,,,,,,,n239_2Cs6t_1,2868,,gutim,239,
239,1331.9638,1.9091,144,27,8,2869,,Eb1,,,,,,,,n239_5Eb1q,2869,,gutim,239,
239,1332.113,0.1434,144,79,5,2870,,G5,,,,,,,,n239_2G5t_1,2870,,gutim,239,
239,1332.2639,0.1434,144,85,5,2871,,C#6,,,,,,,,n239_2Cs6t_2,2871,,gutim,239,
239,1332.4148,0.4318,144,88,5,2872,,E6,,,,,,,,n239_2E6s_1,2872,,gutim,239,
239,1332.8694,0.1434,144,67,5,2873,,G4,,,,,,,,n239_2G4t_0,2873,,gutim,239,
239,1333.0203,0.2884,144,88,5,2874,,E6,,,,,,,,n239_2E6s_2,2874,,gutim,239,
239,1333.3275,0.1434,144,85,5,2875,,C#6,,,,,,,,n239_2Cs6t_3,2875,,gutim,239,
239,1333.4784,0.1434,144,67,5,2876,,G4,,,,,,,,n239_2G4t_1,2876,,gutim,239,
239,1333.6293,0.1434,144,88,5,2877,,E6,,,,,,,,n239_2E6t_0,2877,,gutim,239,
239,1333.7802,0.4318,144,72,5,2878,,C5,,,,,,,,n239_2C5s,2878,,gutim,239,
239,1334.0093,1.6193,144,73,20,2879,,C#5,,,,,,,,n239_1Cs5e_0,2879,,gutim,239,
239,1334.233,0.1434,144,67,5,2880,,G4,,,,,,,,n239_2G4t_2,2880,,gutim,239,
239,1334.3502,0.5455,144,46,11,2881,,Bb2,,,,,,,,n239_5Bb2s_0,2881,,gutim,239,
239,1334.3839,0.1434,144,73,5,2882,,C#5,,,,,,,,n239_2Cs5t,2882,,gutim,239,
239,1334.5349,0.1434,144,67,5,2883,,G4,,,,,,,,n239_2G4t_3,2883,,gutim,239,
239,1334.6911,0.8636,144,76,5,2884,,E5,,,,,,,,n239_2E5e,2884,,gutim,239,
239,1335.032,0.1094,144,69,11,2885,,A4,,,,,,,,n239_5A4t,2885,,gutim,239,
239,1335.1687,0.1094,144,41,10,2886,,F2,,,,,,,,n239_5F2t_0,2886,,gutim,239,
239,1335.3054,0.1094,144,81,8,2887,,A5,,,,,,,,n239_5A5t,2887,,gutim,239,
239,1335.4422,0.1094,144,41,7,2888,,F2,,,,,,,,n239_5F2t_1,2888,,gutim,239,
239,1335.5789,1.4716,144,37,5,2889,,Db2,,,,,,,,n239_5Db2t,2889,,gutim,239,
239,1335.6002,0.2884,144,67,5,2890,,G4,,,,,,,,n239_2G4s,2890,,gutim,239,
239,1335.7138,1.6193,144,58,5,2891,,Bb3,,,,,,,,n239_1Bb3s,2891,,gutim,239,
239,1335.9003,0.4352,144,88,11,2892,,E6,,,,,,,,n239_2E6t_1,2892,,gutim,239,
,,,,,,,,,,,,,,,,,,240,,,
240,1336.3584,0.1434,144,55,5,2893,,G3,,,,,,,,n240_2G3t,2893,,gutim,240,
240,1336.5093,0.1434,144,76,5,2894,,E5,,,,,,,,n240_2E5t,2894,,gutim,240,
240,1336.6602,0.4318,144,60,5,2895,,C4,,,,,,,,n240_2C4s,2895,,gutim,240,
240,1337.1148,0.1434,144,56,5,2896,,Ab3,,,,,,,,n240_2Ab3t,2896,,gutim,240,
240,1337.2657,0.1451,144,60,5,2897,,C4,,,,,,,,n240_2C4t,2897,,gutim,240,
240,1337.2684,0.06,144,40,20,2898,,E2,g,,,,,,,ng240_5E2e,2898,,gutim,240,
240,1337.3434,0.06,144,34,20,2899,,Bb1,g,,,,,,,ng240_5Bb1e_0,2899,,gutim,240,
240,1337.4184,0.1434,144,56,5,2900,,Ab3,,,,,,,,n240_1Ab3t_0,2900,,gutim,240,
240,1337.4184,0.108,144,33,20,2900,,A1,,,,,,,,n240_5A1t_0,2900,,gutim,240,
240,1337.532,0.108,144,41,14,2901,,F2,,,,,,,,n240_5F2t_0,2901,,gutim,240,
240,1337.5675,0.1434,144,60,6,2902,,C4,,,,,,,,n240_1C4t,2902,,gutim,240,
240,1337.6456,0.108,144,40,11,2903,,E2,,,,,,,,n240_5E2t,2903,,gutim,240,
240,1337.7184,0.1434,144,56,6,2904,,Ab3,,,,,,,,n240_1Ab3t_1,2904,,gutim,240,
240,1337.7593,0.108,144,34,10,2905,,Bb1,,,,,,,,n240_5Bb1t,2905,,gutim,240,
240,1337.8694,0.086,144,43,7,2906,,G2,,,,,,,,n240_1G2x,2906,,gutim,240,
240,1337.8729,0.108,144,33,8,2907,,A1,,,,,,,,n240_5A1t_1,2907,,gutim,240,
240,1337.9599,0.086,144,73,7,2908,,C#5,,,,,,,,n240_1Cs5x,2908,,gutim,240,
240,1337.9866,0.108,144,41,7,2909,,F2,,,,,,,,n240_5F2t_1,2909,,gutim,240,
240,1338.0505,0.086,144,88,7,2910,,E6,,,,,,,,n240_1E6x,2910,,gutim,240,
240,1338.1002,0.6477,144,37,5,2911,,Db2,,,,,,,,n240_5Db2e,2911,,gutim,240,
240,1338.141,0.086,144,72,8,2912,,C5,,,,,,,,n240_1C5x,2912,,gutim,240,
240,1338.2316,0.086,144,68,8,2913,,Ab4,,,,,,,,n240_1Ab4x,2913,,gutim,240,
240,1338.3221,0.2884,144,72,8,2914,,C5,,,,,,,,n240_1C5s,2914,,gutim,240,
240,1338.6258,0.1434,144,56,9,2915,,Ab3,,,,,,,,n240_1Ab3t_2,2915,,gutim,240,
240,1338.7767,0.1434,144,43,10,2916,,G2,,,,,,,,n240_1G2t,2916,,gutim,240,
240,1338.9312,0.1434,144,56,10,2917,,Ab3,,,,,,,,n240_1Ab3t_3,2917,,gutim,240,
240,1339.0821,0.1434,144,73,11,2918,,C#5,,,,,,,,n240_1Cs5t,2918,,gutim,240,
240,1339.233,0.2884,144,88,11,2919,,E6,,,,,,,,n240_1E6s,2919,,gutim,240,
240,1339.6956,0.057,144,71,11,2920,,B4,g,,,,,,,ng240_5B4e,2920,,gutim,240,
240,1339.7706,0.0712,144,52,11,2921,,E3,g,,,,,,,ng240_5E3e,2921,,gutim,240,
240,1339.8456,0.0712,144,42,11,2922,,F#2,g,,,,,,,ng240_5Fs2e,2922,,gutim,240,
240,1339.9206,0.0712,144,83,11,2923,,B5,g,,,,,,,ng240_5B5e,2923,,gutim,240,
240,1339.9956,0.0712,144,86,20,2924,,D6,g,,,,,,,ng240_5D6e,2924,,gutim,240,
240,1340.0706,0.0712,144,64,20,2925,,E4,g,,,,,,,ng240_1E4e,2925,,gutim,240,
240,1340.0706,0.0712,144,34,11,2925,,Bb1,g,,,,,,,ng240_5Bb1e_1,2925,,gutim,240,
240,1340.1456,0.6477,144,71,20,2926,,B4,,,,,,,,n240_1B4e,2926,,gutim,240,
240,1340.1456,0.8636,144,60,5,2926,,C4,,,,,,,,n240_5C4e,2926,,gutim,240,
240,1340.4525,0.0712,144,90,5,2927,,Gb6,g,,,,,,,ng240_1Gb6e,2927,,gutim,240,
240,1340.5275,0.0712,144,80,5,2928,,Ab5,g,,,,,,,ng240_1Ab5e,2928,,gutim,240,
240,1340.6025,0.0712,144,98,5,2929,,D7,g,,,,,,,ng240_1D7e,2929,,gutim,240,
240,1340.6775,0.0712,144,87,5,2930,,Eb6,g,,,,,,,ng240_1Eb6e,2930,,gutim,240,
240,1340.7525,0.0712,144,106,5,2931,,Bb7,g,,,,,,,ng240_1Bb7e,2931,,gutim,240,
240,1340.8275,0.1855,144,71,14,2932,,B4,,,,,,,,n240_1B4t,2932,,gutim,240,
240,1341.0228,0.1855,144,74,12,2933,,D5,,,,,,,,n240_1D5t,2933,,gutim,240,
240,1341.0547,0.086,144,76,5,2934,,E5,,,,,,,,n240_5E5x,2934,,gutim,240,
240,1341.1453,0.086,144,60,5,2935,,C4,,,,,,,,n240_5C4x_0,2935,,gutim,240,
240,1341.2181,0.0928,144,64,10,2936,,E4,,,,,,,,n240_1E4x,2936,,gutim,240,
240,1341.2358,0.086,144,56,5,2937,,Ab3,,,,,,,,n240_5Ab3x_0,2937,,gutim,240,
240,1341.3157,0.0928,144,71,9,2938,,B4,,,,,,,,n240_1B4x,2938,,gutim,240,
240,1341.3264,0.086,144,60,5,2939,,C4,,,,,,,,n240_5C4x_1,2939,,gutim,240,
240,1341.4134,0.0911,144,74,8,2940,,D5,,,,,,,,n240_1D5x,2940,,gutim,240,
240,1341.417,0.0877,144,56,5,2940,,Ab3,,,,,,,,n240_5Ab3x_1,2940,,gutim,240,
,,,,,,,,,,,,,,,,,,241,,,
241,1341.5093,0.1207,144,73,5,2941,,C#5,,,,,,,,n241_1Cs5t_0,2941,,gutim,241,
241,1341.6584,0.1207,144,67,6,2942,,G4,,,,,,,,n241_1G4t,2942,,gutim,241,
241,1341.7046,0.1562,144,54,8,2943,,Gb3,,,,,,,,n241_6Gb3t_0,2943,,gutim,241,
241,1341.8094,0.1207,144,85,6,2944,,C#6,,,,,,,,n241_1Cs6t,2944,,gutim,241,
241,1341.8999,0.1562,144,46,7,2945,,Bb2,,,,,,,,n241_6Bb2t,2945,,gutim,241,
241,1341.9603,0.2429,144,88,7,2946,,E6,,,,,,,,n241_1E6s,2946,,gutim,241,
241,1342.0952,0.1562,144,54,5,2947,,Gb3,,,,,,,,n241_6Gb3t_1,2947,,gutim,241,
241,1342.2639,0.1207,144,72,8,2948,,C5,,,,,,,,n241_1C5t,2948,,gutim,241,
241,1342.2905,0.4659,144,46,4,2949,,Bb2,,,,,,,,n241_6Bb2s,2949,,gutim,241,
241,1342.4148,0.0724,144,85,9,2950,,C#6,,,,,,,,n241_1Cs6x,2950,,gutim,241,
241,1342.5054,0.0724,144,67,9,2951,,G4,,,,,,,,n241_1G4x,2951,,gutim,241,
241,1342.5959,0.0724,144,100,10,2952,,E7,,,,,,,,n241_1E7x,2952,,gutim,241,
241,1342.6865,0.0724,144,84,10,2953,,C6,,,,,,,,n241_1C6x,2953,,gutim,241,
241,1342.777,0.0724,144,68,11,2954,,G#4,,,,,,,,n241_1Gs4x,2954,,gutim,241,
241,1342.8676,0.1207,144,73,11,2955,,C#5,,,,,,,,n241_1Cs5t_1,2955,,gutim,241,
241,1343.0185,0.1207,144,43,12,2956,,G2,,,,,,,,n241_1G2t,2956,,gutim,241,
241,1343.1694,0.1207,144,88,13,2957,,E6,,,,,,,,n241_1E6t,2957,,gutim,241,
241,1343.3204,0.0724,144,31,13,2958,,G1,,,,,,,,n241_1G1x,2958,,gutim,241,
241,1343.4109,0.0724,144,73,14,2959,,C#5,,,,,,,,n241_1Cs5x,2959,,gutim,241,
241,1343.5015,0.2188,144,76,14,2960,,E5,,,,,,,,n241_1E5t,2960,,gutim,241,
241,1343.5547,0.0928,144,28,22,2961,,E1,,,,,,,,n241_5E1x,2961,,gutim,241,
241,1343.6506,0.0928,144,22,19,2962,,Bb0,,,,,,,,n241_5Bb0x,2962,,gutim,241,
241,1343.7483,0.0928,144,21,16,2963,,A0,,,,,,,,n241_5A0x,2963,,gutim,241,
241,1343.7749,0.086,144,36,14,2964,,C2,,,,,,,,n241_1C2x_0,2964,,gutim,241,
241,1343.8459,0.0928,144,29,14,2965,,F1,,,,,,,,n241_5F1x_0,2965,,gutim,241,
241,1343.8655,0.086,144,40,14,2966,,E2,,,,,,,,n241_1E2x,2966,,gutim,241,
241,1343.9436,0.0928,144,25,11,2967,,Db1,,,,,,,,n241_5Db1x_0,2967,,gutim,241,
241,1343.956,0.086,144,32,14,2968,,Ab1,,,,,,,,n241_1Ab1x_0,2968,,gutim,241,
241,1344.0412,0.0928,144,29,8,2969,,F1,,,,,,,,n241_5F1x_1,2969,,gutim,241,
241,1344.0466,0.086,144,36,14,2970,,C2,,,,,,,,n241_1C2x_1,2970,,gutim,241,
241,1344.1371,0.086,144,32,14,2971,,Ab1,,,,,,,,n241_1Ab1x_1,2971,,gutim,241,
241,1344.1389,0.0928,144,25,5,2972,,Db1,,,,,,,,n241_5Db1x_1,2972,,gutim,241,
,,,,,,,7171,,,,,,,,,,,,gutim,,
,,,,,,,,,,,,,,,,,,243,,,
243,1352.7979,0.06,144,36,14,2973,,C2,g,,,,,,,ng243_5C2e,2973,,gutim,243,
243,1352.8729,0.4318,144,69,8,2974,,A4,,,,,,,,n243_5A4e,2974,,gutim,243,
243,1353.3275,0.4318,144,54,8,2975,,F#3,,,,,,,,n243_5Fs3e,2975,,gutim,243,
243,1353.557,0.06,144,90,8,2976,,F#6,g,,,,,,,ng243_1Fs6e_0,2976,,gutim,243,
243,1353.632,0.06,144,80,8,2977,,G#5,g,,,,,,,ng243_1Gs5e,2977,,gutim,243,
243,1353.707,0.06,144,90,8,2978,,F#6,g,,,,,,,ng243_1Fs6e_1,2978,,gutim,243,
243,1353.782,0.081,144,71,8,2979,,B4,,,,,,,,n243_1B4x_0,2979,,gutim,243,
243,1353.8672,0.1214,144,80,8,2980,,G#5,,,,,,,,n243_1Gs5x_0,2980,,gutim,243,
243,1353.9951,0.1214,144,90,8,2981,,F#6,,,,,,,,n243_1Fs6x_0,2981,,gutim,243,
243,1354.1229,0.081,144,71,9,2982,,B4,,,,,,,,n243_1B4x_1,2982,,gutim,243,
243,1354.2081,0.1214,144,80,11,2983,,G#5,,,,,,,,n243_1Gs5x_1,2983,,gutim,243,
243,1354.336,0.1214,144,90,12,2984,,F#6,,,,,,,,n243_1Fs6x_1,2984,,gutim,243,
243,1354.4638,0.5455,144,59,12,2985,,B3,,,,,,,,n243_1B3e,2985,,gutim,243,
243,1354.4638,0.2159,144,52,14,2985,,E3,,,,,,,,n243_5E3s,2985,,gutim,243,
243,1354.4638,0.2159,144,62,14,2985,,D4,,,,,,,,n243_5D4s_0,2985,,gutim,243,
243,1354.6911,0.108,144,34,16,2986,,Bb1,,,,,,,,n243_5Bb1t,2986,,gutim,243,
243,1354.8047,0.108,144,52,16,2987,,E3,,,,,,,,n243_5E3t,2987,,gutim,243,
243,1354.9184,0.2159,144,62,17,2988,,D4,,,,,,,,n243_5D4s_1,2988,,gutim,243,
243,1355.8275,0.054,144,59,14,2989,,B3,,,,,,,,n243_1B3x,2989,,gutim,243,
243,1355.8843,0.054,144,90,15,2990,,F#6,,,,,,,,n243_1Fs6x_2,2990,,gutim,243,
243,1355.9411,0.081,144,80,16,2991,,G#5,,,,,,,,n243_1Gs5x_2,2991,,gutim,243,
243,1356.0263,0.081,144,90,18,2992,,F#6,,,,,,,,n243_1Fs6x_3,2992,,gutim,243,
243,1356.1116,0.1619,144,59,20,2993,,B3,,,,,,,,n243_1B3t,2993,,gutim,243,
243,1356.282,0.1619,144,94,20,2994,,A#6,,,,,,,,n243_1As6t,2994,,gutim,243,
243,1356.4525,0.054,144,50,20,2995,,D3,,,,,,,,n243_1D3x,2995,,gutim,243,
,,,,,,,7172,,,,,,,,,,,,gutim,,
,,,,,,,,,,,,,,,,,,245,,,
245,1363.782,0.1818,144,50,20,2996,,D3,,,,,,,,n245_1D3s,2996,,gutim,245,
245,1363.782,0.1818,144,59,20,2996,,B3,,,,,,,,n245_1B3s,2996,,gutim,245,
245,1363.782,0.1818,144,80,20,2996,,G#5,,,,,,,,n245_1Gs5s,2996,,gutim,245,
245,1363.782,0.1818,144,90,20,2996,,F#6,,,,,,,,n245_1Fs6s,2996,,gutim,245,
245,1363.782,0.1818,144,94,20,2996,,A#6,,,,,,,,n245_1As6s,2996,,gutim,245,
245,1364.0093,0.1818,144,34,22,2997,,Bb1,,,,,,,,n245_1Bb1s,2997,,gutim,245,
245,1364.0093,0.1818,144,73,22,2997,,Db5,,,,,,,,n245_1Db5s,2997,,gutim,245,
245,1364.0093,0.1364,144,58,20,2997,,Bb3,,,,,,,,n245_5Bb3t,2997,,gutim,245,
245,1364.1797,0.0909,144,85,20,2998,,Db6,,,,,,,,n245_5Db6t,2998,,gutim,245,
245,1364.2366,0.2159,144,76,11,2999,,E5,,,,,,,,n245_1E5s,2999,,gutim,245,
245,1364.2934,0.0455,144,32,20,3000,,Ab1,,,,,,,,n245_5Ab1x,3000,,gutim,245,
245,1364.4638,0.2159,144,68,11,3001,,G#4,,,,,,,,n245_1Gs4s,3001,,gutim,245,
245,1364.6343,0.0455,144,52,17,3002,,E3,,,,,,,,n245_5E3x_0,3002,,gutim,245,
245,1365.3729,0.0455,144,62,17,3003,,D4,,,,,,,,n245_5D4x_0,3003,,gutim,245,
245,1365.4297,0.0455,144,34,22,3004,,Bb1,,,,,,,,n245_5Bb1x_0,3004,,gutim,245,
245,1365.4866,0.0455,144,52,22,3005,,E3,,,,,,,,n245_5E3x_1,3005,,gutim,245,
245,1365.5434,0.0455,144,34,22,3006,,Bb1,,,,,,,,n245_5Bb1x_1,3006,,gutim,245,
245,1365.5434,0.0455,144,62,22,3006,,D4,,,,,,,,n245_5D4x_1,3006,,gutim,245,
245,1365.6002,0.0455,144,30,22,3007,,Gb1,,,,,,,,n245_5Gb1x,3007,,gutim,245,
245,1365.6002,0.0455,144,52,22,3007,,E3,,,,,,,,n245_5E3x_2,3007,,gutim,245,
245,1365.657,0.0455,144,34,22,3008,,Bb1,,,,,,,,n245_5Bb1x_2,3008,,gutim,245,
245,1365.657,0.0455,144,43,22,3008,,G2,,,,,,,,n245_5G2x,3008,,gutim,245,
245,1365.657,0.0455,144,62,22,3008,,D4,,,,,,,,n245_5D4x_2,3008,,gutim,245,
245,1365.9411,2.2727,144,50,22,3009,,D3,,,,,,,,n245_1D3t,3009,,gutim,245,
245,1365.9411,2.2727,144,59,22,3009,,B3,,,,,,,,n245_1B3t,3009,,gutim,245,
245,1365.9411,2.2727,144,80,22,3009,,G#5,,,,,,,,n245_1Gs5t,3009,,gutim,245,
245,1365.9411,2.2727,144,90,22,3009,,F#6,,,,,,,,n245_1Fs6t,3009,,gutim,245,
245,1365.9411,2.2727,144,94,22,3009,,A#6,,,,,,,,n245_1As6t,3009,,gutim,245,
,,,,,,,,,,,,,,,,,,246,,,
246,1368.782,0.054,144,70,11,3010,,A#4,,,,,,,,n246_5As4x,3010,,gutim,246,
246,1368.8388,0.054,144,66,12,3011,,F#4,,,,,,,,n246_5Fs4x,3011,,gutim,246,
246,1368.8956,0.054,144,88,13,3012,,E6,,,,,,,,n246_5E6x_0,3012,,gutim,246,
246,1368.9525,0.081,144,71,14,3013,,B4,,,,,,,,n246_5B4x_0,3013,,gutim,246,
246,1369.0377,0.081,144,88,15,3014,,E6,,,,,,,,n246_5E6x_1,3014,,gutim,246,
246,1369.1229,0.054,144,71,14,3015,,B4,,,,,,,,n246_5B4x_1,3015,,gutim,246,
246,1369.1797,0.054,144,79,17,3016,,G5,,,,,,,,n246_5G5x_0,3016,,gutim,246,
246,1369.2366,0.054,144,98,18,3017,,D7,,,,,,,,n246_5D7x_0,3017,,gutim,246,
246,1369.2934,0.081,144,76,14,3018,,E5,,,,,,,,n246_5E5x,3018,,gutim,246,
246,1369.3786,0.081,144,98,21,3019,,D7,,,,,,,,n246_5D7x_1,3019,,gutim,246,
246,1369.4638,0.054,144,54,22,3020,,F#3,,,,,,,,n246_5Fs3x_0,3020,,gutim,246,
246,1369.5206,0.054,144,88,22,3021,,E6,,,,,,,,n246_5E6x_2,3021,,gutim,246,
246,1369.5775,0.054,144,79,22,3022,,G5,,,,,,,,n246_5G5x_1,3022,,gutim,246,
246,1369.6343,0.081,144,54,22,3023,,F#3,,,,,,,,n246_5Fs3x_1,3023,,gutim,246,
246,1369.7195,0.081,144,79,22,3024,,G5,,,,,,,,n246_5G5x_2,3024,,gutim,246,
246,1370.0604,0.0682,144,69,14,3025,,A4,,,,,,,,n246_1A4x_0,3025,,gutim,246,
246,1370.1456,0.0682,144,54,17,3026,,F#3,,,,,,,,n246_1Fs3x,3026,,gutim,246,
246,1370.1456,0.0682,144,69,17,3026,,A4,,,,,,,,n246_1A4x_1,3026,,gutim,246,
246,1370.2309,0.4773,144,54,20,3027,,F#3,,,,,,,,n246_1Fs3s,3027,,gutim,246,
246,1370.2309,0.4773,144,61,20,3027,,C#4,,,,,,,,n246_1Cs4s,3027,,gutim,246,
246,1370.3161,0.0682,144,69,14,3028,,A4,,,,,,,,n246_5A4x,3028,,gutim,246,
246,1370.4013,0.0682,144,37,14,3029,,C#2,,,,,,,,n246_5Cs2x,3029,,gutim,246,
246,1370.4866,0.2727,144,50,14,3030,,D3,,,,,,,,n246_5D3s,3030,,gutim,246,
246,1370.8275,0.1818,144,47,14,3031,,B2,,,,,,,,n246_5B2s_0,3031,,gutim,246,
246,1371.0547,0.1818,144,94,22,3032,,A#6,,,,,,,,n246_5As6s,3032,,gutim,246,
246,1371.282,1.2727,144,94,14,3033,,A#6,,,,,,,,n246_1As6s,3033,,gutim,246,
246,1371.282,0.1818,144,38,22,3033,,D2,,,,,,,,n246_5D2s,3033,,gutim,246,
246,1371.282,0.1818,144,47,14,3033,,B2,,,,,,,,n246_5B2s_1,3033,,gutim,246,
,,,,,,,7175,,,,,,,,,,,,gutim,,
,,,,,,,,,,,,,,,,,,249,,,
249,1385.5353,0.1071,144,74,8,3034,,D5,,,,,,,,n249_1D5t_0,3034,,gutim,249,
249,1385.6692,0.0714,144,36,8,3035,,C2,,,,,,,,n249_1C2t,3035,,gutim,249,
249,1385.7585,0.1071,144,46,8,3036,,Bb2,,,,,,,,n249_1Bb2t,3036,,gutim,249,
249,1385.8924,0.1071,144,78,8,3037,,F#5,,,,,,,,n249_1Fs5t_0,3037,,gutim,249,
249,1386.0263,0.0714,144,87,8,3038,,D#6,,,,,,,,n249_1Ds6t,3038,,gutim,249,
249,1386.1156,0.1071,144,74,11,3039,,D5,,,,,,,,n249_1D5t_1,3039,,gutim,249,
249,1386.1156,0.1071,144,78,11,3039,,F#5,,,,,,,,n249_1Fs5t_1,3039,,gutim,249,
249,1386.1156,0.1071,144,36,11,3039,,C2,,,,,,,,n249_5C2t,3039,,gutim,249,
249,1386.1156,0.1071,144,46,11,3039,,Bb2,,,,,,,,n249_5Bb2t,3039,,gutim,249,
249,1386.2495,0.1071,144,75,20,3040,,D#5,,,,,,,,n249_1Ds5t_0,3040,,gutim,249,
249,1386.3835,0.0714,144,75,20,3041,,D#5,,,,,,,,n249_1Ds5t_1,3041,,gutim,249,
249,1386.3835,0.0714,144,57,20,3041,,A3,,,,,,,,n249_5A3t_0,3041,,gutim,249,
249,1386.4728,0.9643,144,75,20,3042,,D#5,,,,,,,,n249_1Ds5t_2,3042,,gutim,249,
249,1386.4728,0.9643,144,77,20,3042,,F5,,,,,,,,n249_1F5t,3042,,gutim,249,
249,1386.4728,0.9643,144,57,20,3042,,A3,,,,,,,,n249_5A3t_1,3042,,gutim,249,
,,,,,,,,,,,,,,,,,,250,,,
250,1389.821,0.2857,144,74,11,3043,,D5,,,,,,,,n250_1D5e,3043,,gutim,250,
250,1389.821,0.2857,144,78,11,3043,,F#5,,,,,,,,n250_1Fs5e,3043,,gutim,250,
250,1389.821,0.2857,144,87,11,3043,,D#6,,,,,,,,n250_1Ds6e,3043,,gutim,250,
250,1389.821,0.2857,144,36,11,3043,,C2,,,,,,,,n250_5C2e,3043,,gutim,250,
250,1389.821,0.2857,144,46,11,3043,,Bb2,,,,,,,,n250_5Bb2e,3043,,gutim,250,
250,1390.1781,0.1272,144,66,13,3044,,F#4,,,,,,,,n250_5Fs4t_0,3044,,gutim,250,
250,1390.312,0.0848,144,47,14,3045,,B2,,,,,,,,n250_5B2t_0,3045,,gutim,250,
250,1390.4013,0.1272,144,66,14,3046,,F#4,,,,,,,,n250_5Fs4t_1,3046,,gutim,250,
250,1390.5353,0.0848,144,47,15,3047,,B2,,,,,,,,n250_5B2t_1,3047,,gutim,250,
250,1390.6245,0.1272,144,56,15,3048,,G#3,,,,,,,,n250_5Gs3t,3048,,gutim,250,
250,1390.7585,0.1272,144,78,16,3049,,F#5,,,,,,,,n250_5Fs5t_0,3049,,gutim,250,
250,1390.8924,0.0848,144,35,17,3050,,B1,,,,,,,,n250_5B1t,3050,,gutim,250,
250,1390.9817,0.0848,144,68,17,3051,,G#4,,,,,,,,n250_5Gs4t_0,3051,,gutim,250,
250,1391.071,0.0848,144,26,18,3052,,D1,,,,,,,,n250_5D1t_0,3052,,gutim,250,
250,1391.1603,0.1272,144,82,18,3053,,Bb5,,,,,,,,n250_5Bb5t_0,3053,,gutim,250,
250,1391.2942,0.1272,144,26,19,3054,,D1,,,,,,,,n250_5D1t_1,3054,,gutim,250,
250,1391.4281,0.1272,144,78,20,3055,,F#5,,,,,,,,n250_5Fs5t_1,3055,,gutim,250,
250,1391.562,0.0848,144,47,21,3056,,B2,,,,,,,,n250_5B2t_2,3056,,gutim,250,
250,1391.6513,0.0848,144,68,21,3057,,G#4,,,,,,,,n250_5Gs4t_1,3057,,gutim,250,
250,1391.7406,0.0848,144,38,21,3058,,D2,,,,,,,,n250_5D2t,3058,,gutim,250,
250,1391.8299,0.1272,144,82,22,3059,,Bb5,,,,,,,,n250_5Bb5t_1,3059,,gutim,250,
250,1392.1647,0.1908,144,50,14,3060,,D3,,,,,,,,n250_1D3t_0,3060,,gutim,250,
250,1392.3656,0.1272,144,89,16,3061,,F6,,,,,,,,n250_1F6t_0,3061,,gutim,250,
250,1392.4995,0.1908,144,47,17,3062,,B2,,,,,,,,n250_1B2t,3062,,gutim,250,
250,1392.7004,0.1908,144,50,18,3063,,D3,,,,,,,,n250_1D3t_1,3063,,gutim,250,
250,1392.9013,0.1272,144,89,20,3064,,F6,,,,,,,,n250_1F6t_1,3064,,gutim,250,
250,1393.0353,1.2857,144,68,24,3065,,G#4,,,,,,,,n250_1Gs4q,3065,,gutim,250,
250,1393.571,0.0636,144,42,24,3066,,F#2,,,,,,,,n250_5Fs2x,3066,,gutim,250,
250,1393.6379,0.0636,144,49,24,3067,,C#3,,,,,,,,n250_5Cs3x,3067,,gutim,250,
250,1393.7049,0.75,144,75,24,3068,,D#5,,,,,,,,n250_5Ds5s,3068,,gutim,250,
,,,,,,,,,,,,,,,,,,251,,,
251,1394.1067,0.4286,144,46,24,3069,,Bb2,,,,,,,,n251_2Bb2e,3069,,gutim,251,
,,,,,,,,,,,,,,,,,,252,,,
252,1400.0595,0.057,144,52,11,3070,,E3,,,,,,,,n252_5E3x_0,3070,,gutim,252,
252,1400.1195,0.057,144,58,12,3071,,Bb3,,,,,,,,n252_5Bb3x_0,3071,,gutim,252,
252,1400.1795,0.057,144,52,13,3072,,E3,,,,,,,,n252_5E3x_1,3072,,gutim,252,
252,1400.2395,0.057,144,58,14,3073,,Bb3,,,,,,,,n252_5Bb3x_1,3073,,gutim,252,
252,1400.2995,0.057,144,52,14,3074,,E3,,,,,,,,n252_5E3x_2,3074,,gutim,252,
252,1400.3595,0.057,144,60,15,3075,,C4,,,,,,,,n252_5C4x,3075,,gutim,252,
252,1400.4195,0.048,144,44,16,3076,,Ab2,,,,,,,,n252_5Ab2x,3076,,gutim,252,
252,1400.4795,0.0446,144,97,17,3077,,Db7,,,,,,,,n252_5Db7x,3077,,gutim,252,
252,1401.6067,0.8571,144,24,17,3078,,C1,,,,,,,,n252_5C1q,3078,,gutim,252,
252,1401.8745,0.2143,144,62,14,3079,,D4,,,,,,,,n252_2D4s,3079,,gutim,252,
252,1402.1424,0.4286,144,81,14,3080,,A5,,,,,,,,n252_2A5e,3080,,gutim,252,
252,1403.8835,0.1071,144,62,14,3081,,D4,,,,,,,,n252_1D4t,3081,,gutim,252,
252,1404.0174,0.2143,144,81,14,3082,,A5,,,,,,,,n252_1A5s,3082,,gutim,252,
252,1404.2853,0.4286,144,46,24,3083,,Bb2,,,,,,,,n252_1Bb2e,3083,,gutim,252,
252,1404.2853,0.4286,144,76,24,3083,,E5,,,,,,,,n252_1E5e_0,3083,,gutim,252,
252,1404.821,0.4286,144,76,24,3084,,E5,,,,,,,,n252_1E5e_1,3084,,gutim,252,
252,1404.821,0.4286,144,98,24,3084,,D7,,,,,,,,n252_1D7e,3084,,gutim,252,
252,1405.2228,0.1071,144,56,14,3085,,Ab3,,,,,,,,n252_5Ab3t,3085,,gutim,252,
252,1405.2228,0.1071,144,64,14,3085,,E4,,,,,,,,n252_5E4t,3085,,gutim,252,
252,1405.2228,0.1071,144,70,14,3085,,Bb4,,,,,,,,n252_5Bb4t,3085,,gutim,252,
252,1405.2228,0.1071,144,84,14,3085,,C6,,,,,,,,n252_5C6t,3085,,gutim,252,
252,1405.2228,0.1071,144,97,14,3085,,Db7,,,,,,,,n252_5Db7t,3085,,gutim,252,
252,1405.3567,0.4286,144,68,24,3086,,G#4,,,,,,,,n252_1Gs4e,3086,,gutim,252,
252,1405.3567,0.4286,144,78,24,3086,,F#5,,,,,,,,n252_1Fs5e,3086,,gutim,252,
,,,,,,,7179,,,,,,,,,,,,gutim,,
,,,,,,,,,,,,,,,,,,253,,,
253,1406.9638,0.2857,144,85,20,3087,,C#6,,,,,,,,n253_1Cs6e,3087,,gutim,253,
253,1406.9638,0.2857,144,100,20,3087,,E7,,,,,,,,n253_1E7e,3087,,gutim,253,
253,1406.9638,0.2143,144,31,14,3087,,G1,,,,,,,,n253_5G1s,3087,,gutim,253,
253,1406.9638,0.2143,144,44,14,3087,,Ab2,,,,,,,,n253_5Ab2s,3087,,gutim,253,
253,1407.2317,0.0714,144,60,14,3088,,C4,,,,,,,,n253_5C4t,3088,,gutim,253,
253,1407.321,0.5714,144,97,8,3089,,C#7,,,,,,,,n253_1Cs7q,3089,,gutim,253,
253,1407.321,0.5714,144,50,8,3089,,D3,,,,,,,,n253_5D3s,3089,,gutim,253,
253,1408.1692,0.1071,144,68,11,3090,,Ab4,,,,,,,,n253_5Ab4t,3090,,gutim,253,
253,1408.3031,0.2143,144,28,11,3091,,E1,,,,,,,,n253_5E1s,3091,,gutim,253,
253,1408.571,0.1071,144,51,14,3092,,Eb3,,,,,,,,n253_1Eb3t,3092,,gutim,253,
253,1408.571,0.1071,144,57,14,3092,,A3,,,,,,,,n253_1A3t,3092,,gutim,253,
253,1408.571,0.1071,144,36,14,3092,,C2,,,,,,,,n253_5C2t,3092,,gutim,253,
253,1408.571,0.1071,144,44,14,3092,,Ab2,,,,,,,,n253_5Ab2t,3092,,gutim,253,
253,1408.7049,0.3214,144,76,14,3093,,E5,,,,,,,,n253_1E5s,3093,,gutim,253,
253,1409.1067,1.7143,144,84,14,3094,,C6,,,,,,,,n253_1C6h,3094,,gutim,253,
253,1409.1067,0.1021,144,41,8,3094,,F2,,,,,,,,n253_5F2t_0,3094,,gutim,253,
253,1409.2141,0.1021,144,37,8,3095,,C#2,,,,,,,,n253_5Cs2t_0,3095,,gutim,253,
253,1409.3215,0.1021,144,38,8,3096,,D2,,,,,,,,n253_5D2t_0,3096,,gutim,253,
253,1409.429,0.1021,144,37,8,3097,,C#2,,,,,,,,n253_5Cs2t_1,3097,,gutim,253,
253,1409.5364,0.1021,144,38,8,3098,,D2,,,,,,,,n253_5D2t_1,3098,,gutim,253,
253,1409.6438,0.1021,144,37,8,3099,,C#2,,,,,,,,n253_5Cs2t_2,3099,,gutim,253,
253,1409.7512,0.1524,144,41,8,3100,,F2,,,,,,,,n253_5F2t_1,3100,,gutim,253,
253,1409.9117,0.1524,144,38,8,3101,,D2,,,,,,,,n253_5D2t_2,3101,,gutim,253,
253,1410.0721,0.1021,144,37,8,3102,,C#2,,,,,,,,n253_5Cs2t_3,3102,,gutim,253,
253,1410.1795,0.1021,144,33,8,3103,,A1,,,,,,,,n253_5A1t_0,3103,,gutim,253,
253,1410.1795,0.1021,144,41,8,3103,,F2,,,,,,,,n253_5F2t_2,3103,,gutim,253,
253,1410.2869,0.1524,144,44,8,3104,,G#2,,,,,,,,n253_5Gs2t_0,3104,,gutim,253,
253,1410.4474,0.1021,144,33,8,3105,,A1,,,,,,,,n253_5A1t_1,3105,,gutim,253,
253,1410.4474,0.1021,144,37,8,3105,,C#2,,,,,,,,n253_5Cs2t_4,3105,,gutim,253,
253,1410.4474,0.1021,144,38,8,3105,,D2,,,,,,,,n253_5D2t_3,3105,,gutim,253,
253,1410.5548,0.1021,144,44,8,3106,,G#2,,,,,,,,n253_5Gs2t_1,3106,,gutim,253,
253,1410.6622,0.1524,144,38,8,3107,,D2,,,,,,,,n253_5D2t_4,3107,,gutim,253,
253,1410.8226,0.1524,144,33,8,3108,,A1,,,,,,,,n253_5A1t_2,3108,,gutim,253,
253,1410.8226,0.1524,144,37,8,3108,,C#2,,,,,,,,n253_5Cs2t_5,3108,,gutim,253,
253,1410.8226,0.1524,144,41,8,3108,,F2,,,,,,,,n253_5F2t_3,3108,,gutim,253,
253,1410.9831,0.1524,144,44,8,3109,,G#2,,,,,,,,n253_5Gs2t_2,3109,,gutim,253,
253,1411.1435,0.1007,144,33,8,3110,,A1,,,,,,,,n253_5A1t_3,3110,,gutim,253,
,,,,,,,7181,,,,,,,,,,,,gutim,,
253,1411.2495,0.1071,144,27,17,3111,,D#1,,,,,,,,n253_5Ds1s,3111,,gutim,253,
253,1411.2495,0.2143,144,32,17,3111,,G#1,,,,,,,,n253_5Gs1s,3111,,gutim,253,
253,1411.2495,0.2143,144,37,17,3111,,C#2,,,,,,,,n253_5Cs2s,3111,,gutim,253,
253,1411.2495,0.2143,144,55,17,3111,,G3,,,,,,,,n253_5G3s,3111,,gutim,253,
253,1411.2495,0.2143,144,59,17,3111,,B3,,,,,,,,n253_5B3s,3111,,gutim,253,
253,1411.5174,0.6429,144,39,8,3112,,D#2,,,,,,,,n253_5Ds2e,3112,,gutim,253,
,,,,,,,,,,,,,,,,,,254,,,
254,1412.8567,0.2857,144,84,11,3113,,C6,,,,,,,,n254_1C6e,3113,,gutim,254,
254,1412.8567,0.2857,144,51,8,3113,,Eb3,,,,,,,,n254_5Eb3e,3113,,gutim,254,
254,1413.2138,0.1429,144,36,8,3114,,C2,,,,,,,,n254_5C2s,3114,,gutim,254,
254,1413.3031,0.0714,144,65,11,3115,,F4,,,,,,,,n254_1F4t_0,3115,,gutim,254,
254,1413.3924,0.0714,144,68,13,3116,,Ab4,,,,,,,,n254_1Ab4t_0,3116,,gutim,254,
254,1413.4817,0.0714,144,76,15,3117,,E5,,,,,,,,n254_1E5t_0,3117,,gutim,254,
254,1413.571,0.0357,144,65,17,3118,,F4,,,,,,,,n254_1F4t_1,3118,,gutim,254,
254,1413.571,0.0714,144,68,17,3118,,Ab4,,,,,,,,n254_1Ab4t_1,3118,,gutim,254,
254,1413.571,0.0357,144,36,17,3118,,C2,,,,,,,,n254_5C2t,3118,,gutim,254,
254,1413.571,0.0714,144,46,17,3118,,Bb2,,,,,,,,n254_5Bb2t,3118,,gutim,254,
254,1413.6603,0.0714,144,48,14,3119,,C3,,,,,,,,n254_5C3t_0,3119,,gutim,254,
254,1413.7495,0.0714,144,41,12,3120,,F2,,,,,,,,n254_5F2t,3120,,gutim,254,
254,1413.8388,0.0714,144,35,11,3121,,B1,,,,,,,,n254_5B1t,3121,,gutim,254,
254,1413.9281,0.0848,144,43,11,3122,,G2,,,,,,,,n254_1G2t_0,3122,,gutim,254,
254,1414.0174,0.0848,144,88,11,3123,,E6,,,,,,,,n254_1E6t_0,3123,,gutim,254,
254,1414.1067,0.0848,144,85,11,3124,,Db6,,,,,,,,n254_1Db6t,3124,,gutim,254,
254,1414.196,0.0848,144,88,10,3125,,E6,,,,,,,,n254_1E6t_1,3125,,gutim,254,
254,1414.2853,0.0848,144,73,10,3126,,Db5,,,,,,,,n254_1Db5t,3126,,gutim,254,
254,1414.3745,0.0848,144,76,10,3127,,E5,,,,,,,,n254_1E5t_1,3127,,gutim,254,
254,1414.4638,0.1272,144,55,10,3128,,G3,,,,,,,,n254_1G3t,3128,,gutim,254,
254,1414.4638,0.8571,144,48,17,3128,,C3,,,,,,,,n254_5C3q,3128,,gutim,254,
254,1414.5978,0.1272,144,61,9,3129,,Db4,,,,,,,,n254_1Db4t_0,3129,,gutim,254,
254,1414.7317,0.0848,144,76,9,3130,,E5,,,,,,,,n254_1E5t_2,3130,,gutim,254,
254,1414.821,0.0848,144,61,9,3131,,Db4,,,,,,,,n254_1Db4t_1,3131,,gutim,254,
254,1414.9103,0.0848,144,60,8,3132,,C4,,,,,,,,n254_1C4t_0,3132,,gutim,254,
254,1414.9995,0.1272,144,43,8,3133,,G2,,,,,,,,n254_1G2t_1,3133,,gutim,254,
254,1414.9995,0.1272,144,56,8,3133,,Ab3,,,,,,,,n254_1Ab3t,3133,,gutim,254,
254,1415.1335,0.1272,144,60,8,3134,,C4,,,,,,,,n254_1C4t_1,3134,,gutim,254,
254,1415.2674,0.1272,144,44,7,3135,,Ab2,,,,,,,,n254_1Ab2t,3135,,gutim,254,
254,1415.4013,0.1272,144,72,7,3136,,C5,,,,,,,,n254_1C5t,3136,,gutim,254,
254,1415.4013,0.1272,144,76,7,3136,,E5,,,,,,,,n254_1E5t_3,3136,,gutim,254,
254,1415.5353,0.1071,144,31,7,3137,,G1,,,,,,,,n254_5G1t_0,3137,,gutim,254,
254,1415.6692,0.1071,144,61,6,3138,,Db4,,,,,,,,n254_5Db4t,3138,,gutim,254,
254,1415.8031,0.0848,144,44,6,3139,,Ab2,,,,,,,,n254_5Ab2t_0,3139,,gutim,254,
254,1415.8031,0.0848,144,76,6,3139,,E5,,,,,,,,n254_5E5t,3139,,gutim,254,
254,1415.8924,0.0848,144,48,6,3140,,C3,,,,,,,,n254_5C3t_1,3140,,gutim,254,
254,1415.9817,0.1272,144,44,5,3141,,Ab2,,,,,,,,n254_5Ab2t_1,3141,,gutim,254,
254,1416.1156,0.0848,144,48,5,3142,,C3,,,,,,,,n254_5C3t_2,3142,,gutim,254,
254,1416.2049,0.1272,144,49,5,3143,,Db3,,,,,,,,n254_5Db3t,3143,,gutim,254,
254,1416.3388,0.1272,144,44,5,3144,,Ab2,,,,,,,,n254_5Ab2t_2,3144,,gutim,254,
254,1416.3388,0.1272,144,48,5,3144,,C3,,,,,,,,n254_5C3t_3,3144,,gutim,254,
254,1416.3388,0.1272,144,64,5,3144,,E4,,,,,,,,n254_5E4t,3144,,gutim,254,
254,1416.4728,0.9643,144,31,5,3145,,G1,,,,,,,,n254_5G1t_1,3145,,gutim,254,
254,1416.4728,0.9643,144,32,5,3145,,Ab1,,,,,,,,n254_5Ab1t,3145,,gutim,254,
,,,,,,,,,,,,,,,,,,256,,,
256,1424.1067,3.4286,144,21,14,3146,,A0,,,,,,,,n256_5A0w,3146,,gutim,256,
,,,,,,,7185,,,,,,,,,,,,gutim,,
,,,,,,,,,,,,,,,,,,257,,,
257,1428.3924,3.75,144,65,20,3147,,F4,,,,,,,,n257_1F4w,3147,,gutim,257,
257,1428.3924,3.4286,144,85,20,3147,,Db6,,,,,,,,n257_1Db6w,3147,,gutim,257,
257,1433.0799,0.5357,144,58,21,3148,,Bb3,,,,,,,,n257_1Bb3e,3148,,gutim,257,
257,1433.2138,3.8571,144,64,22,3149,,E4,,,,,,,,n257_5E4e,3149,,gutim,257,
257,1433.6156,0.1071,144,72,11,3150,,C5,,,,,,,,n257_1C5t,3150,,gutim,257,
,,,,,,,,,,,,,,,,,,258,,,
258,1438.3031,0.0357,144,56,17,3151,,G#3,,,,,,,,n258_5Gs3x,3151,,gutim,258,
258,1438.3478,0.3214,144,33,24,3152,,A1,,,,,,,,n258_5A1x,3152,,gutim,258,
258,1438.571,0.4286,144,36,22,3153,,C2,,,,,,,,n258_5C2s,3153,,gutim,258,
258,1438.7495,0.0357,144,96,20,3154,,C7,,,,,,,,n258_1C7x,3154,,gutim,258,
258,1438.7942,0.0357,144,74,13,3155,,D5,,,,,,,,n258_1D5x,3155,,gutim,258,
258,1438.8388,0.2143,144,64,8,3156,,E4,,,,,,,,n258_1E4s,3156,,gutim,258,
,,,,,,,,,,,,,,,,,,259,,,
259,1441.7853,0.8571,144,21,14,3157,,A0,,,,,,,,n259_6A0e_0,3157,,gutim,259,
259,1441.7853,0.8571,144,58,20,3157,,Bb3,,,,,,,,n259_6Bb3e_0,3157,,gutim,259,
259,1442.321,1.0,144,36,14,3158,,C2,,,,,,,,n259_1C2q,3158,,gutim,259,
259,1442.321,0.5357,144,41,8,3158,,F2,,,,,,,,n259_5F2e,3158,,gutim,259,
259,1442.8567,0.4286,144,72,14,3159,,C5,,,,,,,,n259_2C5e,3159,,gutim,259,
259,1442.8567,4.7143,144,21,14,3159,,A0,,,,,,,,n259_6A0t,3159,,gutim,259,
259,1442.8567,0.1071,144,28,20,3159,,E1,,,,,,,,n259_6E1t,3159,,gutim,259,
259,1442.9906,0.3817,144,49,11,3160,,Db3,,,,,,,,n259_5Db3s,3160,,gutim,259,
259,1443.571,3.7143,144,70,22,3161,,Bb4,,,,,,,,n259_1Bb4e_0,3161,,gutim,259,
259,1443.6603,0.6429,144,64,11,3162,,E4,,,,,,,,n259_2E4e,3162,,gutim,259,
259,1443.8531,0.06,144,88,11,3163,,E6,g,,,,,,,ng259_1E6e,3163,,gutim,259,
259,1443.9281,0.4286,144,77,11,3164,,F5,,,,,,,,n259_1F5e,3164,,gutim,259,
,,,,,,,,,,,,,,,,,,260,,,
260,1444.4638,1.7143,144,38,22,3165,,D2,,,,,,,,n260_5D2h,3165,,gutim,260,
260,1446.6067,0.06,144,70,14,3166,,A#4,g,,,,,,,ng260_5As4e,3166,,gutim,260,
260,1447.1424,0.8571,144,71,17,3167,,Cb5,,,,,,,,n260_2Cb5e_0,3167,,gutim,260,
260,1447.6031,0.06,144,42,11,3168,,F#2,g,,,,,,,ng260_5Fs2e,3168,,gutim,260,
,,,,,,,7189,,,,,,,,,,,,gutim,,
,,,,,,,,,,,,,,,,,,261,,,
261,1453.137,0.0784,144,71,14,3169,,B4,,,,,,,,n261_1B4t,3169,,gutim,261,
261,1453.137,0.0784,144,84,14,3169,,C6,,,,,,,,n261_1C6t,3169,,gutim,261,
261,1453.137,0.1176,144,39,14,3169,,Eb2,,,,,,,,n261_5Eb2t,3169,,gutim,261,
261,1453.2351,0.0784,144,67,14,3170,,G4,,,,,,,,n261_1G4t,3170,,gutim,261,
261,1453.3331,0.1569,144,54,14,3171,,Gb3,,,,,,,,n261_1Gb3s,3171,,gutim,261,
261,1453.7253,0.2353,144,76,14,3172,,E5,,,,,,,,n261_1E5s,3172,,gutim,261,
261,1454.0194,0.1569,144,56,14,3173,,G#3,,,,,,,,n261_1Gs3s,3173,,gutim,261,
261,1454.2155,0.0784,144,96,14,3174,,C7,,,,,,,,n261_1C7t_0,3174,,gutim,261,
261,1454.3135,0.0784,144,45,14,3175,,A2,,,,,,,,n261_1A2t_0,3175,,gutim,261,
261,1454.4115,0.0784,144,96,14,3176,,C7,,,,,,,,n261_1C7t_1,3176,,gutim,261,
261,1454.5096,0.0784,144,45,14,3177,,A2,,,,,,,,n261_1A2t_1,3177,,gutim,261,
261,1454.6076,0.1176,144,76,14,3178,,E5,,,,,,,,n261_1E5t,3178,,gutim,261,
261,1454.7547,0.1176,144,56,14,3179,,G#3,,,,,,,,n261_1Gs3t_0,3179,,gutim,261,
261,1454.9017,0.0784,144,45,14,3180,,A2,,,,,,,,n261_1A2t_2,3180,,gutim,261,
261,1454.9998,0.0784,144,86,14,3181,,D6,,,,,,,,n261_1D6t_0,3181,,gutim,261,
261,1455.0978,0.1176,144,96,14,3182,,C7,,,,,,,,n261_1C7t_2,3182,,gutim,261,
261,1455.2449,0.1176,144,86,14,3183,,D6,,,,,,,,n261_1D6t_1,3183,,gutim,261,
,,,,,,,7190,,,,,,,,,,,,gutim,,
261,1455.3919,0.0392,144,45,20,3184,,A2,,,,,,,,n261_1A2t_3,3184,,gutim,261,
261,1455.3919,0.0784,144,56,20,3184,,G#3,,,,,,,,n261_1Gs3t_1,3184,,gutim,261,
261,1455.3919,0.0784,144,86,20,3184,,D6,,,,,,,,n261_1D6t_2,3184,,gutim,261,
261,1455.3919,0.0784,144,96,20,3184,,C7,,,,,,,,n261_1C7t_3,3184,,gutim,261,
261,1455.7841,0.2794,144,39,8,3185,,Eb2,,,,,,,,n261_5Eb2s_0,3185,,gutim,261,
261,1456.0782,0.2794,144,83,14,3186,,B5,,,,,,,,n261_1B5s_0,3186,,gutim,261,
261,1456.0782,0.2794,144,39,8,3186,,Eb2,,,,,,,,n261_5Eb2s_1,3186,,gutim,261,
261,1456.3723,0.2794,144,83,8,3187,,B5,,,,,,,,n261_1B5s_1,3187,,gutim,261,
261,1456.3723,0.2794,144,55,14,3187,,G3,,,,,,,,n261_5G3s,3187,,gutim,261,
261,1456.6664,1.1176,144,83,8,3188,,B5,,,,,,,,n261_1B5q,3188,,gutim,261,
261,1456.6664,1.1176,144,55,8,3188,,G3,,,,,,,,n261_5G3q,3188,,gutim,261,
,,,,,,,,,,,,,,,,,,262,,,
262,1458.4311,0.1237,144,63,20,3189,,Eb4,,,,,,,,n262_1Eb4t_0,3189,,gutim,262,
262,1458.5614,0.1237,144,108,19,3190,,C8,,,,,,,,n262_1C8t,3190,,gutim,262,
262,1458.6916,0.1237,144,75,19,3191,,Eb5,,,,,,,,n262_1Eb5t,3191,,gutim,262,
262,1458.8218,0.1863,144,96,18,3192,,C7,,,,,,,,n262_1C7t_0,3192,,gutim,262,
262,1459.0178,0.1601,144,51,17,3193,,Eb3,,,,,,,,n262_1Eb3t_0,3193,,gutim,262,
262,1459.1864,0.1601,144,96,16,3194,,C7,,,,,,,,n262_1C7t_1,3194,,gutim,262,
262,1459.3549,0.1601,144,95,15,3195,,B6,,,,,,,,n262_1B6t,3195,,gutim,262,
262,1459.5234,0.1601,144,51,14,3196,,Eb3,,,,,,,,n262_1Eb3t_1,3196,,gutim,262,
262,1459.5234,0.1601,144,66,14,3196,,Gb4,,,,,,,,n262_1Gb4t,3196,,gutim,262,
262,1459.6919,0.2401,144,96,13,3197,,C7,,,,,,,,n262_1C7t_2,3197,,gutim,262,
262,1459.9446,0.2401,144,63,12,3198,,Eb4,,,,,,,,n262_1Eb4t_1,3198,,gutim,262,
262,1460.1974,0.1863,144,78,10,3199,,Gb5,,,,,,,,n262_1Gb5t,3199,,gutim,262,
262,1460.1974,0.1863,144,84,10,3199,,C6,,,,,,,,n262_1C6t,3199,,gutim,262,
262,1460.3935,0.1237,144,83,9,3200,,B5,,,,,,,,n262_1B5t,3200,,gutim,262,
262,1460.5237,0.1237,144,39,9,3201,,Eb2,,,,,,,,n262_1Eb2t,3201,,gutim,262,
262,1460.6539,0.1237,144,67,8,3202,,G4,,,,,,,,n262_1G4t,3202,,gutim,262,
262,1460.7841,0.2489,144,79,8,3203,,G5,,,,,,,,n262_1G5s_0,3203,,gutim,262,
262,1460.7841,0.1863,144,71,5,3203,,B4,,,,,,,,n262_5B4s,3203,,gutim,262,
262,1460.9802,0.0931,144,55,5,3204,,G3,,,,,,,,n262_5G3t,3204,,gutim,262,
262,1461.046,0.2489,144,82,9,3205,,Bb5,,,,,,,,n262_1Bb5s_0,3205,,gutim,262,
262,1461.0782,0.4191,144,88,8,3206,,E6,,,,,,,,n262_5E6s_0,3206,,gutim,262,
262,1461.308,0.3725,144,66,9,3207,,F#4,,,,,,,,n262_1Fs4s_0,3207,,gutim,262,
262,1461.5194,0.4191,144,88,9,3208,,E6,,,,,,,,n262_5E6s_1,3208,,gutim,262,
262,1461.7001,0.2474,144,82,10,3209,,Bb5,,,,,,,,n262_1Bb5s_1,3209,,gutim,262,
262,1461.9606,0.4191,144,79,11,3210,,G5,,,,,,,,n262_1G5s_1,3210,,gutim,262,
262,1461.9606,0.4191,144,88,11,3210,,E6,,,,,,,,n262_1E6s,3210,,gutim,262,
262,1461.9606,0.7059,144,47,11,3210,,B2,,,,,,,,n262_5B2e,3210,,gutim,262,
262,1462.4017,0.4191,144,66,12,3211,,F#4,,,,,,,,n262_1Fs4s_1,3211,,gutim,262,
262,1462.4017,0.4191,144,70,12,3211,,Bb4,,,,,,,,n262_1Bb4s,3211,,gutim,262,
262,1462.8429,0.2794,144,82,13,3212,,Bb5,,,,,,,,n262_1Bb5s_2,3212,,gutim,262,
262,1462.8429,0.0931,144,42,11,3212,,F#2,,,,,,,,n262_5Fs2t_0,3212,,gutim,262,
262,1462.9409,0.0931,144,50,11,3213,,D3,,,,,,,,n262_5D3t_0,3213,,gutim,262,
262,1463.039,0.0931,144,42,11,3214,,F#2,,,,,,,,n262_5Fs2t_1,3214,,gutim,262,
262,1463.137,0.2794,144,66,13,3215,,F#4,,,,,,,,n262_1Fs4s_2,3215,,gutim,262,
262,1463.137,0.0931,144,47,10,3215,,B2,,,,,,,,n262_5B2t,3215,,gutim,262,
262,1463.137,0.0931,144,50,10,3215,,D3,,,,,,,,n262_5D3t_1,3215,,gutim,262,
262,1463.2351,0.0931,144,42,10,3216,,F#2,,,,,,,,n262_5Fs2t_2,3216,,gutim,262,
262,1463.3331,0.0931,144,50,8,3217,,D3,,,,,,,,n262_5D3t_2,3217,,gutim,262,
262,1463.4311,1.3971,144,79,14,3218,,G5,,,,,,,,n262_1G5s_2,3218,,gutim,262,
262,1463.4311,1.1765,144,82,14,3218,,Bb5,,,,,,,,n262_1Bb5s_3,3218,,gutim,262,
262,1463.4311,1.1765,144,86,14,3218,,D6,,,,,,,,n262_1D6s,3218,,gutim,262,
262,1463.4311,0.2794,144,42,8,3218,,F#2,,,,,,,,n262_5Fs2s,3218,,gutim,262,
262,1463.7253,0.9412,144,36,14,3219,,C2,,,,,,,,n262_5C2q,3219,,gutim,262,
262,1463.7253,0.9412,144,76,14,3219,,E5,,,,,,,,n262_5E5q,3219,,gutim,262,
,,,,,,,,,,,,,,,,,,263,,,
263,1464.9017,0.4468,144,72,14,3220,,C5,,,,,,,,n263_1C5e,3220,,gutim,263,
263,1464.9017,0.3762,144,79,14,3220,,G5,,,,,,,,n263_1G5e,3220,,gutim,263,
263,1464.9017,0.3762,144,82,14,3220,,Bb5,,,,,,,,n263_1Bb5e,3220,,gutim,263,
263,1464.9017,0.3762,144,86,14,3220,,D6,,,,,,,,n263_1D6e,3220,,gutim,263,
,,,,,,,7194,,,,,,,,,,,,gutim,,
,,,,,,,,,,,,,,,,,,266,,,
266,1484.9017,0.1569,144,97,24,3221,,C#7,,,,,,,,n266_1Cs7s_0,3221,,gutim,266,
266,1485.0978,0.7843,144,97,24,3222,,C#7,,,,,,,,n266_1Cs7s_1,3222,,gutim,266,
266,1485.0978,0.1569,144,50,24,3222,,D3,,,,,,,,n266_5D3s,3222,,gutim,266,
266,1485.2939,0.6275,144,32,24,3223,,G#1,,,,,,,,n266_5Gs1q,3223,,gutim,266,
266,1485.2939,0.6275,144,38,24,3223,,D2,,,,,,,,n266_5D2q,3223,,gutim,266,
266,1487.2547,0.3762,144,70,24,3224,,Bb4,,,,,,,,n266_1Bb4e,3224,,gutim,266,
266,1487.2547,0.3762,144,42,24,3224,,F#2,,,,,,,,n266_5Fs2e_0,3224,,gutim,266,
266,1487.2547,0.3762,144,48,24,3224,,C3,,,,,,,,n266_5C3e_0,3224,,gutim,266,
266,1487.2547,0.3762,144,55,24,3224,,G3,,,,,,,,n266_5G3e_0,3224,,gutim,266,
266,1487.725,0.565,144,86,14,3225,,D6,,,,,,,,n266_1D6e,3225,,gutim,266,
266,1487.725,0.565,144,42,14,3225,,F#2,,,,,,,,n266_5Fs2e_1,3225,,gutim,266,
266,1487.725,0.565,144,48,14,3225,,C3,,,,,,,,n266_5C3e_1,3225,,gutim,266,
266,1487.725,0.565,144,55,14,3225,,G3,,,,,,,,n266_5G3e_1,3225,,gutim,266,
266,1488.4311,1.8824,144,86,24,3226,,D6,,,,,,,,n266_1D6q,3226,,gutim,266,
266,1488.4311,1.8824,144,42,24,3226,,F#2,,,,,,,,n266_5Fs2q,3226,,gutim,266,
266,1488.4311,1.8824,144,48,24,3226,,C3,,,,,,,,n266_5C3q,3226,,gutim,266,
266,1488.4311,1.8824,144,55,24,3226,,G3,,,,,,,,n266_5G3q,3226,,gutim,266,
,,,,,,,,,,,,,,,,,,267,,,
267,1490.7091,0.06,144,62,11,3227,,D4,g,,,,,,,ng267_1D4e,3227,,gutim,267,
267,1490.7841,0.3137,144,52,11,3228,,E3,,,,,,,,n267_1E3e,3228,,gutim,267,
267,1490.9802,0.6275,144,24,11,3229,,C1,,,,,,,,n267_5C1q,3229,,gutim,267,
267,1491.1762,0.4706,144,62,11,3230,,D4,,,,,,,,n267_1D4e,3230,,gutim,267,
267,1491.7645,0.1569,144,52,11,3231,,E3,,,,,,,,n267_1E3s,3231,,gutim,267,
267,1491.7645,0.1569,144,62,11,3231,,D4,,,,,,,,n267_1D4s,3231,,gutim,267,
267,1491.7645,0.1569,144,24,11,3231,,C1,,,,,,,,n267_5C1s,3231,,gutim,267,
267,1492.0908,0.1237,144,69,11,3232,,A4,,,,,,,,n267_1A4t_0,3232,,gutim,267,
267,1492.221,0.1237,144,44,12,3233,,G#2,,,,,,,,n267_1Gs2t_0,3233,,gutim,267,
267,1492.3512,0.1237,144,81,12,3234,,A5,,,,,,,,n267_1A5t_0,3234,,gutim,267,
267,1492.4814,0.1237,144,44,13,3235,,G#2,,,,,,,,n267_1Gs2t_1,3235,,gutim,267,
267,1492.6116,0.1237,144,69,13,3236,,A4,,,,,,,,n267_1A4t_1,3236,,gutim,267,
267,1492.7418,0.1863,144,52,14,3237,,E3,,,,,,,,n267_1E3t,3237,,gutim,267,
267,1492.9379,0.1863,144,36,15,3238,,C2,,,,,,,,n267_1C2t_0,3238,,gutim,267,
267,1493.134,0.1863,144,74,15,3239,,D5,,,,,,,,n267_1D5s,3239,,gutim,267,
267,1493.33,0.1569,144,44,16,3240,,G#2,,,,,,,,n267_1Gs2s,3240,,gutim,267,
267,1493.5261,0.1569,144,93,17,3241,,A6,,,,,,,,n267_1A6s,3241,,gutim,267,
267,1493.5292,0.1569,144,36,17,3242,,C2,,,,,,,,n267_5C2s,3242,,gutim,267,
267,1493.5292,0.1569,144,44,17,3242,,G#2,,,,,,,,n267_5Gs2s,3242,,gutim,267,
267,1493.5292,0.1569,144,52,17,3242,,E3,,,,,,,,n267_5E3s,3242,,gutim,267,
267,1493.9183,0.0784,144,76,8,3243,,E5,,,,,,,,n267_1E5t,3243,,gutim,267,
267,1494.0163,0.0784,144,86,9,3244,,D6,,,,,,,,n267_1D6t,3244,,gutim,267,
267,1494.1144,0.0784,144,93,10,3245,,A6,,,,,,,,n267_1A6t,3245,,gutim,267,
267,1494.2124,0.0784,144,48,11,3246,,C3,,,,,,,,n267_1C3t_0,3246,,gutim,267,
267,1494.3104,0.1569,144,64,12,3247,,E4,,,,,,,,n267_1E4s,3247,,gutim,267,
267,1494.5065,0.0784,144,36,14,3248,,C2,,,,,,,,n267_1C2t_1,3248,,gutim,267,
267,1494.6046,0.0784,144,64,15,3249,,E4,,,,,,,,n267_1E4t,3249,,gutim,267,
267,1494.7026,0.0784,144,74,16,3250,,D5,,,,,,,,n267_1D5t,3250,,gutim,267,
267,1494.8006,0.0784,144,81,17,3251,,A5,,,,,,,,n267_1A5t_1,3251,,gutim,267,
267,1494.8987,0.0784,144,48,19,3252,,C3,,,,,,,,n267_1C3t_1,3252,,gutim,267,
267,1494.9967,0.0784,144,56,20,3253,,Ab3,,,,,,,,n267_1Ab3t,3253,,gutim,267,
267,1495.0978,0.1042,144,74,14,3254,,D5,,,,,,,,n267_5D5t,3254,,gutim,267,
267,1495.228,0.1042,144,32,14,3255,,Ab1,,,,,,,,n267_5Ab1t,3255,,gutim,267,
267,1495.3552,0.1078,144,105,14,3256,,A7,,,,,,,,n267_1A7s,3256,,gutim,267,
267,1495.3582,0.1054,144,24,14,3257,,C1,,,,,,,,n267_5C1t,3257,,gutim,267,
,,,,,,,7195,,,,,,,,,,,,gutim,,
,,,,,,,,,,,,,,,,,,268,,,
268,1499.0194,0.9412,144,64,22,3258,,E4,,,,,,,,n268_5E4q,3258,,gutim,268,
268,1499.4115,0.3725,144,66,14,3259,,F#4,,,,,,,,n268_1Fs4e_0,3259,,gutim,268,
268,1499.4115,0.3725,144,74,14,3259,,D5,,,,,,,,n268_1D5e_0,3259,,gutim,268,
268,1499.8037,0.3725,144,63,14,3260,,D#4,,,,,,,,n268_1Ds4e,3260,,gutim,268,
268,1500.1958,0.3137,144,66,14,3261,,F#4,,,,,,,,n268_1Fs4e_1,3261,,gutim,268,
268,1500.1958,0.3137,144,74,14,3261,,D5,,,,,,,,n268_1D5e_1,3261,,gutim,268,
268,1500.588,0.2353,144,51,14,3262,,Eb3,,,,,,,,n268_1Eb3s,3262,,gutim,268,
268,1500.8821,0.0784,144,82,11,3263,,Bb5,,,,,,,,n268_1Bb5t_0,3263,,gutim,268,
268,1500.9802,0.0784,144,44,11,3264,,Ab2,,,,,,,,n268_1Ab2t,3264,,gutim,268,
268,1501.0782,0.0784,144,82,10,3265,,Bb5,,,,,,,,n268_1Bb5t_1,3265,,gutim,268,
268,1501.1762,0.0784,144,32,9,3266,,Ab1,,,,,,,,n268_1Ab1t,3266,,gutim,268,
268,1501.2743,0.0784,144,94,8,3267,,Bb6,,,,,,,,n268_1Bb6t,3267,,gutim,268,
,,,,,,,,,,,,,,,,,,269,,,
269,1501.3723,0.2819,144,97,24,3268,,C#7,,,,,,,,n269_1Cs7s,3268,,gutim,269,
269,1501.7645,2.5098,144,32,24,3269,,G#1,,,,,,,,n269_5Gs1q,3269,,gutim,269,
269,1501.7645,2.5098,144,50,24,3269,,D3,,,,,,,,n269_5D3q,3269,,gutim,269,
269,1501.8977,0.1121,144,98,11,3270,,D7,,,,,,,,n269_1D7t_0,3270,,gutim,269,
269,1502.0157,0.1121,144,87,11,3271,,D#6,,,,,,,,n269_1Ds6t,3271,,gutim,269,
269,1502.1337,0.1121,144,90,11,3272,,F#6,,,,,,,,n269_1Fs6t_0,3272,,gutim,269,
269,1502.2516,0.1121,144,75,11,3273,,D#5,,,,,,,,n269_1Ds5t_0,3273,,gutim,269,
269,1502.3696,0.1674,144,90,11,3274,,F#6,,,,,,,,n269_1Fs6t_1,3274,,gutim,269,
269,1502.5457,0.1121,144,63,11,3275,,D#4,,,,,,,,n269_1Ds4t_0,3275,,gutim,269,
269,1502.6637,0.1674,144,98,11,3276,,D7,,,,,,,,n269_1D7t_1,3276,,gutim,269,
269,1502.8398,0.1674,144,78,11,3277,,F#5,,,,,,,,n269_1Fs5t_0,3277,,gutim,269,
269,1503.016,0.1121,144,75,11,3278,,D#5,,,,,,,,n269_1Ds5t_1,3278,,gutim,269,
269,1503.134,0.1121,144,78,11,3279,,F#5,,,,,,,,n269_1Fs5t_1,3279,,gutim,269,
269,1503.2519,0.1674,144,63,11,3280,,D#4,,,,,,,,n269_1Ds4t_1,3280,,gutim,269,
269,1503.4281,0.1674,144,56,11,3281,,G#3,,,,,,,,n269_1Gs3t_0,3281,,gutim,269,
269,1503.6042,0.1121,144,106,11,3282,,A#7,,,,,,,,n269_1As7t_0,3282,,gutim,269,
269,1503.7222,0.2401,144,98,11,3283,,D7,,,,,,,,n269_1D7t_2,3283,,gutim,269,
269,1503.975,0.2401,144,78,11,3284,,F#5,,,,,,,,n269_1Fs5t_2,3284,,gutim,269,
269,1504.2277,0.2401,144,75,11,3285,,D#5,,,,,,,,n269_1Ds5t_2,3285,,gutim,269,
269,1504.4805,0.2401,144,56,11,3286,,G#3,,,,,,,,n269_1Gs3t_1,3286,,gutim,269,
269,1504.7332,0.1601,144,106,11,3287,,A#7,,,,,,,,n269_1As7t_1,3287,,gutim,269,
,,,,,,,7197,,,,,,,,,,,,gutim,,
,,,,,,,,,,,,,,,,,,271,,,
271,1513.7253,0.1176,144,32,17,3288,,Ab1,,,,,,,,n271_5Ab1t_0,3288,,gutim,271,
271,1513.8723,0.1176,144,48,19,3289,,C3,,,,,,,,n271_5C3t_0,3289,,gutim,271,
271,1514.0194,0.0784,144,32,20,3290,,Ab1,,,,,,,,n271_5Ab1t_1,3290,,gutim,271,
271,1514.1174,0.0784,144,48,22,3291,,C3,,,,,,,,n271_5C3t_1,3291,,gutim,271,
271,1514.2155,0.0784,144,52,23,3292,,E3,,,,,,,,n271_5E3t_0,3292,,gutim,271,
271,1514.3135,0.0527,144,32,24,3293,,Ab1,,,,,,,,n271_5Ab1x,3293,,gutim,271,
271,1514.3794,0.0527,144,21,24,3294,,A0,,,,,,,,n271_5A0x,3294,,gutim,271,
271,1514.4452,0.0527,144,38,22,3295,,D2,,,,,,,,n271_5D2x,3295,,gutim,271,
271,1514.5111,0.1569,144,32,20,3296,,Ab1,,,,,,,,n271_5Ab1t_2,3296,,gutim,271,
271,1514.7072,0.0527,144,48,13,3297,,C3,,,,,,,,n271_5C3x,3297,,gutim,271,
271,1514.7731,2.9265,144,52,11,3298,,E3,,,,,,,,n271_5E3t_1,3298,,gutim,271,
271,1514.9017,3.2941,144,52,11,3299,,E3,,,,,,,,n271_5E3e,3299,,gutim,271,
271,1517.7679,0.0712,144,74,8,3300,,D5,g,,,,,,,ng271_6D5e,3300,,gutim,271,
271,1517.8429,0.2489,144,97,5,3301,,C#7,,,,,,,,n271_1Cs7s_0,3301,,gutim,271,
271,1517.8429,0.0931,144,76,5,3301,,E5,,,,,,,,n271_2E5t,3301,,gutim,271,
271,1517.8429,2.2353,144,64,8,3301,,E4,,,,,,,,n271_6E4q,3301,,gutim,271,
271,1517.9409,0.0931,144,66,6,3302,,F#4,,,,,,,,n271_2Fs4t,3302,,gutim,271,
271,1518.039,0.0931,144,83,7,3303,,B5,,,,,,,,n271_2B5t_0,3303,,gutim,271,
271,1518.1003,0.2489,144,78,8,3304,,F#5,,,,,,,,n271_1Fs5s_0,3304,,gutim,271,
271,1518.137,0.0931,144,86,8,3305,,D6,,,,,,,,n271_2D6t,3305,,gutim,271,
271,1518.2351,0.0931,144,83,10,3306,,B5,,,,,,,,n271_2B5t_1,3306,,gutim,271,
271,1518.3331,0.0931,144,58,11,3307,,A#3,,,,,,,,n271_2As3t,3307,,gutim,271,
271,1518.3622,0.2489,144,97,11,3308,,C#7,,,,,,,,n271_1Cs7s_1,3308,,gutim,271,
271,1518.4311,0.5588,144,83,12,3309,,B5,,,,,,,,n271_2B5e,3309,,gutim,271,
271,1518.6242,0.748,144,78,14,3310,,F#5,,,,,,,,n271_1Fs5s_1,3310,,gutim,271,
,,,,,,,,,,,,,,,,,,272,,,
272,1519.0194,0.9412,144,52,14,3311,,E3,,,,,,,,n272_5E3q,3311,,gutim,272,
272,1519.4115,0.7451,144,107,5,3312,,B7,,,,,,,,n272_1B7q,3312,,gutim,272,
,,,,,,,7198,,,,,,,,,,,,gutim,,
272,1521.0782,2.2353,144,73,14,3313,,C#5,,,,,,,,n272_1Cs5s,3313,,gutim,272,
272,1523.8723,0.3529,144,30,5,3314,,F#1,,,,,,,,n272_1Fs1s,3314,,gutim,272,
272,1524.1635,0.06,144,79,11,3315,,G5,g,,,,,,,ng272_1G5e,3315,,gutim,272,
272,1524.2385,0.06,144,60,14,3316,,C4,g,,,,,,,ng272_1C4e,3316,,gutim,272,
272,1524.2385,0.06,144,93,14,3316,,A6,g,,,,,,,ng272_1A6e,3316,,gutim,272,
272,1524.3135,0.4706,144,52,17,3317,,E3,,,,,,,,n272_1E3e,3317,,gutim,272,
272,1524.3135,0.4706,144,46,17,3317,,Bb2,,,,,,,,n272_5Bb2e,3317,,gutim,272,
,,,,,,,,,,,,,,,,,,273,,,
273,1524.9017,0.06,144,67,11,3318,,G4,g,,,,,,,ng273_5G4e,3318,,gutim,273,
273,1524.9767,0.06,144,49,11,3319,,Db3,g,,,,,,,ng273_5Db3e,3319,,gutim,273,
273,1525.0517,0.3425,144,29,5,3320,,F1,,,,,,,,n273_1F1s_0,3320,,gutim,273,
273,1525.0517,0.0721,144,26,5,3320,,D1,,,,,,,,n273_2D1s,3320,,gutim,273,
273,1525.0517,0.0577,144,32,14,3320,,Ab1,,,,,,,,n273_5Ab1t,3320,,gutim,273,
273,1525.0517,1.4423,144,46,14,3320,,Bb2,,,,,,,,n273_6Bb2q,3320,,gutim,273,
273,1525.1238,0.0577,144,56,11,3321,,Ab3,,,,,,,,n273_5Ab3t,3321,,gutim,273,
273,1525.196,0.0721,144,25,11,3322,,Db1,,,,,,,,n273_2Db1s,3322,,gutim,273,
273,1525.196,0.5481,144,41,11,3322,,F2,,,,,,,,n273_5F2e,3322,,gutim,273,
273,1525.4123,0.3425,144,54,8,3323,,Gb3,,,,,,,,n273_1Gb3s_0,3323,,gutim,273,
273,1525.7729,0.274,144,95,14,3324,,B6,,,,,,,,n273_1B6e,3324,,gutim,273,
273,1525.7729,0.4111,144,49,14,3324,,Db3,,,,,,,,n273_5Db3e,3324,,gutim,273,
273,1526.1335,0.3425,144,62,11,3325,,D4,,,,,,,,n273_1D4t,3325,,gutim,273,
273,1526.2056,0.4615,144,69,17,3326,,A4,,,,,,,,n273_5A4q,3326,,gutim,273,
273,1526.494,0.3425,144,70,8,3327,,Bb4,,,,,,,,n273_1Bb4e,3327,,gutim,273,
273,1526.7825,0.2308,144,38,8,3328,,D2,,,,,,,,n273_2D2e,3328,,gutim,273,
273,1526.7825,0.0577,144,52,8,3328,,E3,,,,,,,,n273_6E3t,3328,,gutim,273,
273,1526.8546,0.1731,144,71,8,3329,,B4,,,,,,,,n273_6B4s,3329,,gutim,273,
273,1526.9988,0.0685,144,21,8,3330,,A0,,,,,,,,n273_5A0t,3330,,gutim,273,
273,1527.071,0.137,144,31,8,3331,,G1,,,,,,,,n273_5G1s,3331,,gutim,273,
273,1527.2152,0.137,144,34,8,3332,,Bb1,,,,,,,,n273_5Bb1s,3332,,gutim,273,
273,1527.2152,0.1154,144,88,14,3332,,E6,,,,,,,,n273_6E6s,3332,,gutim,273,
,,,,,,,,,,,,,,,,,,274,,,
274,1527.3594,4.7059,144,41,14,3333,,F2,,,,,,,,n274_5F2q,3333,,gutim,274,
274,1527.3594,0.2353,144,87,14,3333,,Eb6,,,,,,,,n274_6Eb6s,3333,,gutim,274,
,,,,,,,7204,,,,,,,,,,,,gutim,,
,,,,,,,,,,,,,,,,,,279,,,
279,1559.7124,0.2353,144,100,24,3334,,E7,,,,,,,,n279_1E7s,3334,,gutim,279,
279,1559.7124,0.1471,144,44,14,3334,,Ab2,,,,,,,,n279_5Ab2s,3334,,gutim,279,
279,1559.7124,0.2353,144,51,14,3334,,Eb3,,,,,,,,n279_5Eb3s,3334,,gutim,279,
279,1560.0065,0.1176,144,69,24,3335,,A4,,,,,,,,n279_1A4t,3335,,gutim,279,
279,1560.0065,0.1176,144,100,24,3335,,E7,,,,,,,,n279_1E7t,3335,,gutim,279,
279,1560.3006,0.0931,144,24,24,3336,,C1,,,,,,,,n279_5C1t_0,3336,,gutim,279,
279,1560.3986,0.0931,144,32,23,3337,,Ab1,,,,,,,,n279_5Ab1t_0,3337,,gutim,279,
279,1560.4967,0.0931,144,39,21,3338,,Eb2,,,,,,,,n279_5Eb2t,3338,,gutim,279,
279,1560.5947,0.1176,144,24,20,3339,,C1,,,,,,,,n279_5C1t_1,3339,,gutim,279,
279,1560.5947,0.1176,144,32,20,3339,,Ab1,,,,,,,,n279_5Ab1t_1,3339,,gutim,279,
279,1560.7418,0.1176,144,51,18,3340,,Eb3,,,,,,,,n279_5Eb3t,3340,,gutim,279,
279,1560.8888,0.1176,144,32,16,3341,,Ab1,,,,,,,,n279_5Ab1t_2,3341,,gutim,279,
279,1561.0359,0.1176,144,57,14,3342,,A3,,,,,,,,n279_5A3t,3342,,gutim,279,
279,1561.183,0.1176,144,64,12,3343,,E4,,,,,,,,n279_5E4t,3343,,gutim,279,
279,1561.33,0.1176,144,45,10,3344,,A2,,,,,,,,n279_5A2t,3344,,gutim,279,
,,,,,,,,,,,,,,,,,,280,,,
280,1562.6535,0.1569,144,24,8,3345,,C1,,,,,,,,n280_5C1s,3345,,gutim,280,
280,1562.6535,0.1569,144,32,8,3345,,Ab1,,,,,,,,n280_5Ab1s,3345,,gutim,280,
280,1562.8496,0.1569,144,76,5,3346,,E5,,,,,,,,n280_5E5s,3346,,gutim,280,
280,1563.0457,0.1569,144,45,5,3347,,A2,,,,,,,,n280_5A2s,3347,,gutim,280,
280,1563.2418,0.0699,144,105,11,3348,,A7,,,,,,,,n280_1A7x_0,3348,,gutim,280,
280,1563.2418,0.4706,144,60,8,3348,,C4,,,,,,,,n280_5C4e,3348,,gutim,280,
280,1563.3153,0.0699,144,70,11,3349,,Bb4,,,,,,,,n280_1Bb4x,3349,,gutim,280,
280,1563.3888,0.0699,144,97,11,3350,,C#7,,,,,,,,n280_1Cs7x_0,3350,,gutim,280,
280,1563.4624,0.0699,144,105,10,3351,,A7,,,,,,,,n280_1A7x_1,3351,,gutim,280,
280,1563.5359,0.0699,144,97,10,3352,,C#7,,,,,,,,n280_1Cs7x_1,3352,,gutim,280,
280,1563.6094,0.0699,144,64,10,3353,,E4,,,,,,,,n280_1E4x,3353,,gutim,280,
280,1563.683,0.0699,144,105,10,3354,,A7,,,,,,,,n280_1A7x_2,3354,,gutim,280,
280,1563.7565,0.0699,144,97,10,3355,,C#7,,,,,,,,n280_1Cs7x_2,3355,,gutim,280,
280,1563.83,0.1121,144,70,9,3356,,Bb4,,,,,,,,n280_1Bb4t,3356,,gutim,280,
280,1563.83,0.4706,144,75,8,3356,,Eb5,,,,,,,,n280_5Eb5e,3356,,gutim,280,
280,1563.948,0.1121,144,64,9,3357,,E4,,,,,,,,n280_1E4t,3357,,gutim,280,
280,1564.0659,0.1121,144,105,9,3358,,A7,,,,,,,,n280_1A7t,3358,,gutim,280,
280,1564.1839,0.1121,144,97,8,3359,,C#7,,,,,,,,n280_1Cs7t,3359,,gutim,280,
280,1564.3018,0.1106,144,77,8,3360,,F5,,,,,,,,n280_1F5t,3360,,gutim,280,
280,1564.3432,0.06,144,46,8,3361,,Bb2,g,,,,,,,ng280_5Bb2e,3361,,gutim,280,
280,1564.3432,0.06,144,49,8,3361,,Db3,g,,,,,,,ng280_5Db3e,3361,,gutim,280,
280,1564.4182,0.9412,144,76,22,3362,,E5,,,,,,,,n280_1E5q,3362,,gutim,280,
280,1564.4182,0.9412,144,81,11,3362,,A5,,,,,,,,n280_1A5q,3362,,gutim,280,
280,1564.4182,0.4706,144,33,8,3362,,A1,,,,,,,,n280_5A1e_0,3362,,gutim,280,
280,1564.4182,0.4706,144,72,8,3362,,C5,,,,,,,,n280_5C5e_0,3362,,gutim,280,
280,1565.0065,0.2941,144,33,8,3363,,A1,,,,,,,,n280_5A1e_1,3363,,gutim,280,
280,1565.0065,0.4706,144,37,8,3363,,C#2,,,,,,,,n280_5Cs2e,3363,,gutim,280,
280,1565.0065,0.4706,144,41,8,3363,,F2,,,,,,,,n280_5F2e,3363,,gutim,280,
280,1565.0065,0.4706,144,72,8,3363,,C5,,,,,,,,n280_5C5e_1,3363,,gutim,280,
,,,,,,,,,,,,,,,,,,281,,,
281,1568.5359,0.7059,144,79,8,3364,,G5,,,,,,,,n281_1G5e,3364,,gutim,281,
281,1568.5359,0.5588,144,86,11,3364,,D6,,,,,,,,n281_5D6e,3364,,gutim,281,
281,1569.1241,0.5588,144,80,11,3365,,G#5,,,,,,,,n281_5Gs5e,3365,,gutim,281,
281,1569.4182,0.2353,144,35,22,3366,,B1,,,,,,,,n281_1B1s,3366,,gutim,281,
281,1569.4182,0.2353,144,76,22,3366,,E5,,,,,,,,n281_1E5s,3366,,gutim,281,
281,1569.7124,1.8824,144,55,20,3367,,G3,,,,,,,,n281_1G3h,3367,,gutim,281,
281,1569.7124,0.1863,144,62,8,3367,,D4,,,,,,,,n281_5D4s_0,3367,,gutim,281,
281,1569.9084,0.1863,144,56,8,3368,,G#3,,,,,,,,n281_5Gs3s_0,3368,,gutim,281,
281,1570.1045,0.1863,144,62,8,3369,,D4,,,,,,,,n281_5D4s_1,3369,,gutim,281,
281,1570.3006,0.2794,144,49,8,3370,,C#3,,,,,,,,n281_5Cs3s,3370,,gutim,281,
281,1570.5947,0.2794,144,56,8,3371,,G#3,,,,,,,,n281_5Gs3s_1,3371,,gutim,281,
281,1570.8888,0.2794,144,21,8,3372,,A0,,,,,,,,n281_5A0s,3372,,gutim,281,
281,1571.183,0.2794,144,29,8,3373,,F1,,,,,,,,n281_5F1s,3373,,gutim,281,
,,,,,,,7205,,,,,,,,,,,,gutim,,
281,1572.0653,0.4706,144,60,11,3374,,C4,,,,,,,,n281_1C4e,3374,,gutim,281,
281,1572.0653,1.1176,144,61,11,3374,,Db4,,,,,,,,n281_5Db4q,3374,,gutim,281,
281,1572.6535,0.3137,144,75,9,3375,,Eb5,,,,,,,,n281_1Eb5e,3375,,gutim,281,
281,1573.0457,1.098,144,93,7,3376,,A6,,,,,,,,n281_1A6s,3376,,gutim,281,
,,,,,,,,,,,,,,,,,,282,,,
282,1574.4182,3.7659,144,60,7,3377,,C4,,,,,,,,n282_1C4e_0,3377,,gutim,282,
282,1574.4182,3.7659,144,68,7,3377,,Ab4,,,,,,,,n282_1Ab4e_0,3377,,gutim,282,
282,1574.4182,3.7659,144,75,7,3377,,Eb5,,,,,,,,n282_1Eb5e_0,3377,,gutim,282,
282,1574.4182,3.7659,144,81,7,3377,,A5,,,,,,,,n282_1A5e_0,3377,,gutim,282,
282,1574.4182,0.9412,144,48,8,3377,,C3,,,,,,,,n282_5C3q,3377,,gutim,282,
282,1574.887,0.5662,144,100,5,3378,,E7,,,,,,,,n282_1E7e,3378,,gutim,282,
282,1576.7712,0.1121,144,26,8,3379,,D1,,,,,,,,n282_5D1t_0,3379,,gutim,282,
282,1576.8891,0.1121,144,32,8,3380,,G#1,,,,,,,,n282_5Gs1t_0,3380,,gutim,282,
282,1577.0071,0.1121,144,29,8,3381,,F1,,,,,,,,n282_5F1t_0,3381,,gutim,282,
282,1577.125,0.1121,144,25,8,3382,,C#1,,,,,,,,n282_5Cs1t_0,3382,,gutim,282,
282,1577.243,0.1121,144,26,8,3383,,D1,,,,,,,,n282_5D1t_1,3383,,gutim,282,
282,1577.361,0.1121,144,32,8,3384,,G#1,,,,,,,,n282_5Gs1t_1,3384,,gutim,282,
282,1577.4789,0.1674,144,29,8,3385,,F1,,,,,,,,n282_5F1t_1,3385,,gutim,282,
282,1577.6551,0.1674,144,26,8,3386,,D1,,,,,,,,n282_5D1t_2,3386,,gutim,282,
282,1577.8312,0.1121,144,25,8,3387,,C#1,,,,,,,,n282_5Cs1t_1,3387,,gutim,282,
282,1577.9492,0.1121,144,21,8,3388,,A0,,,,,,,,n282_5A0t_0,3388,,gutim,282,
282,1578.0671,0.1674,144,25,8,3389,,C#1,,,,,,,,n282_5Cs1t_2,3389,,gutim,282,
282,1578.2433,0.1121,144,32,8,3390,,G#1,,,,,,,,n282_5Gs1t_2,3390,,gutim,282,
282,1578.3613,0.1121,144,29,8,3391,,F1,,,,,,,,n282_5F1t_2,3391,,gutim,282,
282,1578.4792,0.1674,144,38,8,3392,,D2,,,,,,,,n282_5D2t,3392,,gutim,282,
282,1578.6554,0.1674,144,25,8,3393,,C#1,,,,,,,,n282_5Cs1t_3,3393,,gutim,282,
282,1578.8315,0.1674,144,32,8,3394,,G#1,,,,,,,,n282_5Gs1t_3,3394,,gutim,282,
282,1579.0077,0.1106,144,21,8,3395,,A0,,,,,,,,n282_5A0t_1,3395,,gutim,282,
,,,,,,,,,,,,,,,,,,283,,,
283,1580.8888,0.1569,144,73,11,3396,,C#5,,,,,,,,n283_1Cs5s_0,3396,,gutim,283,
283,1580.8888,0.1569,144,81,11,3396,,A5,,,,,,,,n283_1A5s_0,3396,,gutim,283,
283,1581.0849,0.2353,144,53,13,3397,,F3,,,,,,,,n283_1F3s_0,3397,,gutim,283,
283,1581.0849,0.2353,144,73,13,3397,,C#5,,,,,,,,n283_1Cs5s_1,3397,,gutim,283,
283,1581.0849,0.2353,144,81,13,3397,,A5,,,,,,,,n283_1A5s_1,3397,,gutim,283,
283,1581.379,0.0784,144,40,14,3398,,E2,,,,,,,,n283_1E2t,3398,,gutim,283,
283,1581.4771,0.0588,144,73,17,3399,,C#5,,,,,,,,n283_1Cs5t,3399,,gutim,283,
283,1581.4771,0.1176,144,81,17,3399,,A5,,,,,,,,n283_1A5t,3399,,gutim,283,
283,1581.4771,0.2353,144,76,22,3399,,E5,,,,,,,,n283_2E5s,3399,,gutim,283,
283,1581.4771,0.0784,144,40,15,3399,,E2,,,,,,,,n283_5E2s,3399,,gutim,283,
283,1581.4771,0.1569,144,53,14,3399,,F3,,,,,,,,n283_5F3s,3399,,gutim,283,
283,1581.6731,0.3137,144,42,20,3400,,F#2,,,,,,,,n283_5Fs2e,3400,,gutim,283,
283,1581.6731,0.3137,144,55,20,3400,,G3,,,,,,,,n283_5G3e,3400,,gutim,283,
283,1581.7712,0.2353,144,35,22,3401,,B1,,,,,,,,n283_2B1s,3401,,gutim,283,
283,1581.7712,0.2353,144,58,22,3401,,Bb3,,,,,,,,n283_2Bb3s,3401,,gutim,283,
283,1582.0653,0.4706,144,52,8,3402,,E3,,,,,,,,n283_1E3e_0,3402,,gutim,283,
283,1582.0653,0.4706,144,79,8,3402,,G5,,,,,,,,n283_1G5e,3402,,gutim,283,
283,1582.2614,0.1569,144,52,11,3403,,E3,,,,,,,,n283_5E3s,3403,,gutim,283,
283,1582.2614,0.1569,144,59,11,3403,,B3,,,,,,,,n283_5B3s,3403,,gutim,283,
283,1582.2614,0.1569,144,62,11,3403,,D4,,,,,,,,n283_5D4s,3403,,gutim,283,
283,1582.4575,0.3137,144,22,11,3404,,Bb0,,,,,,,,n283_5Bb0e,3404,,gutim,283,
283,1582.6535,0.4706,144,44,11,3405,,G#2,,,,,,,,n283_1Gs2e,3405,,gutim,283,
283,1582.6535,0.4706,144,52,11,3405,,E3,,,,,,,,n283_1E3e_1,3405,,gutim,283,
283,1582.8496,0.3137,144,30,11,3406,,Gb1,,,,,,,,n283_5Gb1e,3406,,gutim,283,
283,1585.0065,0.2794,144,61,8,3407,,C#4,,,,,,,,n283_1Cs4s,3407,,gutim,283,
283,1585.0065,0.9412,144,95,22,3407,,B6,,,,,,,,n283_5B6q,3407,,gutim,283,
283,1585.3006,0.1863,144,74,10,3408,,D5,,,,,,,,n283_1D5s,3408,,gutim,283,
283,1585.4967,0.0931,144,45,11,3409,,A2,,,,,,,,n283_1A2t_0,3409,,gutim,283,
283,1585.5947,0.0931,144,68,12,3410,,G#4,,,,,,,,n283_1Gs4t_0,3410,,gutim,283,
283,1585.6928,0.0931,144,45,12,3411,,A2,,,,,,,,n283_1A2t_1,3411,,gutim,283,
283,1585.7908,0.0931,144,68,13,3412,,G#4,,,,,,,,n283_1Gs4t_1,3412,,gutim,283,
283,1585.8888,0.0931,144,45,13,3413,,A2,,,,,,,,n283_1A2t_2,3413,,gutim,283,
283,1585.9869,0.1863,144,53,14,3414,,F3,,,,,,,,n283_1F3s_1,3414,,gutim,283,
,,,,,,,,,,,,,,,,,,284,,,
284,1586.4771,0.1397,144,86,14,3415,,D6,,,,,,,,n284_1D6t,3415,,gutim,284,
284,1586.6241,0.1397,144,73,14,3416,,C#5,,,,,,,,n284_1Cs5t,3416,,gutim,284,
284,1586.7712,0.1569,144,33,14,3417,,A1,,,,,,,,n284_5A1s,3417,,gutim,284,
284,1586.9673,0.0784,144,41,14,3418,,F2,,,,,,,,n284_5F2t,3418,,gutim,284,
284,1587.0653,0.1569,144,86,14,3419,,D6,,,,,,,,n284_5D6s,3419,,gutim,284,
284,1587.2614,0.0784,144,80,14,3420,,G#5,,,,,,,,n284_5Gs5t,3420,,gutim,284,
284,1587.3614,0.06,144,39,8,3421,,D#2,g,,,,,,,ng284_6Ds2e,3421,,gutim,284,
284,1587.4364,1.4118,144,73,14,3422,,C#5,,,,,,,,n284_1Cs5q,3422,,gutim,284,
284,1587.4364,1.4118,144,79,14,3422,,G5,,,,,,,,n284_1G5q,3422,,gutim,284,
284,1587.4364,1.4118,144,86,14,3422,,D6,,,,,,,,n284_1D6q,3422,,gutim,284,
284,1587.4364,1.4118,144,47,8,3422,,B2,,,,,,,,n284_5B2q_0,3422,,gutim,284,
284,1587.4364,1.4118,144,33,14,3422,,A1,,,,,,,,n284_6A1q,3422,,gutim,284,
284,1587.4364,1.4118,144,41,14,3422,,F2,,,,,,,,n284_6F2q,3422,,gutim,284,
284,1589.2011,0.4706,144,73,20,3423,,C#5,,,,,,,,n284_1Cs5e,3423,,gutim,284,
284,1589.2011,0.4706,144,79,20,3423,,G5,,,,,,,,n284_1G5e,3423,,gutim,284,
284,1589.2011,0.4706,144,86,20,3423,,D6,,,,,,,,n284_1D6e,3423,,gutim,284,
284,1589.2011,0.1176,144,39,20,3423,,D#2,,,,,,,,n284_5Ds2t_0,3423,,gutim,284,
284,1589.2011,0.1176,144,47,20,3423,,B2,,,,,,,,n284_5B2t_0,3423,,gutim,284,
284,1589.2011,0.4706,144,33,20,3423,,A1,,,,,,,,n284_6A1e,3423,,gutim,284,
284,1589.2011,0.4706,144,41,20,3423,,F2,,,,,,,,n284_6F2e,3423,,gutim,284,
284,1589.3481,0.1176,144,43,16,3424,,G2,,,,,,,,n284_5G2t_0,3424,,gutim,284,
284,1589.4952,0.1176,144,60,12,3425,,C4,,,,,,,,n284_5C4t_0,3425,,gutim,284,
284,1589.6423,1.0588,144,39,8,3426,,D#2,,,,,,,,n284_5Ds2t_1,3426,,gutim,284,
284,1589.6423,1.0588,144,42,8,3426,,F#2,,,,,,,,n284_5Fs2t,3426,,gutim,284,
284,1589.6423,1.0588,144,43,8,3426,,G2,,,,,,,,n284_5G2t_1,3426,,gutim,284,
284,1589.6423,1.0588,144,47,8,3426,,B2,,,,,,,,n284_5B2t_1,3426,,gutim,284,
284,1589.6423,1.0588,144,60,8,3426,,C4,,,,,,,,n284_5C4t_1,3426,,gutim,284,
284,1590.3776,0.2353,144,95,8,3427,,B6,,,,,,,,n284_1B6s,3427,,gutim,284,
284,1590.3776,0.2353,144,45,8,3427,,A2,,,,,,,,n284_6A2s,3427,,gutim,284,
284,1590.6717,0.2353,144,73,8,3428,,C#5,,,,,,,,n284_1Cs5s,3428,,gutim,284,
284,1590.6717,0.2353,144,79,8,3428,,G5,,,,,,,,n284_1G5s,3428,,gutim,284,
284,1590.6717,0.2353,144,86,8,3428,,D6,,,,,,,,n284_1D6s,3428,,gutim,284,
284,1590.6717,0.2353,144,41,8,3428,,F2,,,,,,,,n284_6F2s,3428,,gutim,284,
284,1590.9658,0.1863,144,48,8,3429,,C3,,,,,,,,n284_5C3t,3429,,gutim,284,
284,1591.1588,0.1237,144,68,9,3430,,Ab4,,,,,,,,n284_5Ab4t,3430,,gutim,284,
284,1591.289,0.1237,144,65,10,3431,,F4,,,,,,,,n284_5F4t,3431,,gutim,284,
284,1591.4192,0.1281,144,76,11,3432,,E5,,,,,,,,n284_5E5t,3432,,gutim,284,
284,1591.554,0.1863,144,65,12,3433,,F4,,,,,,,,n284_1F4s,3433,,gutim,284,
284,1591.554,0.1863,144,69,12,3433,,A4,,,,,,,,n284_1A4s,3433,,gutim,284,
284,1591.554,0.1863,144,76,12,3433,,E5,,,,,,,,n284_1E5s,3433,,gutim,284,
284,1591.7501,0.1863,144,58,13,3434,,Bb3,,,,,,,,n284_1Bb3s,3434,,gutim,284,
284,1591.9462,0.1863,144,48,14,3435,,C3,,,,,,,,n284_1C3s,3435,,gutim,284,
,,,,,,,7208,,,,,,,,,,,,gutim,,
,,,,,,,,,,,,,,,,,,285,,,
285,1596.8481,4.7059,144,41,14,3436,,F2,,,,,,,,n285_5F2q,3436,,gutim,285,
,,,,,,,,,,,,,,,,,,286,,,
286,1603.0477,0.06,144,29,11,3437,,F1,g,,,,,,,ng286_5F1e,3437,,gutim,286,
286,1603.1227,7.2157,144,82,11,3438,,A#5,,,,,,,,n286_1As5q,3438,,gutim,286,
286,1603.1227,0.6275,144,28,5,3438,,E1,,,,,,,,n286_5E1q,3438,,gutim,286,
,,,,,,,,,,,,,,,,,,287,,,
287,1611.8481,0.2353,144,97,5,3439,,C#7,,,,,,,,n287_2Cs7s,3439,,gutim,287,
287,1611.8481,1.8824,144,41,24,3439,,F2,,,,,,,,n287_5F2s_0,3439,,gutim,287,
287,1611.9952,0.1176,144,54,11,3440,,F#3,,,,,,,,n287_6Fs3t,3440,,gutim,287,
287,1612.1423,0.1176,144,62,10,3441,,D4,,,,,,,,n287_2D4t,3441,,gutim,287,
287,1612.5834,1.5294,144,83,14,3442,,B5,,,,,,,,n287_2B5t,3442,,gutim,287,
287,1613.6129,0.2353,144,45,5,3443,,A2,,,,,,,,n287_6A2s,3443,,gutim,287,
287,1613.907,0.2794,144,86,14,3444,,D6,,,,,,,,n287_1D6s,3444,,gutim,287,
287,1614.2011,0.2794,144,80,14,3445,,G#5,,,,,,,,n287_1Gs5s,3445,,gutim,287,
287,1614.2011,2.1176,144,41,24,3445,,F2,,,,,,,,n287_5F2s_1,3445,,gutim,287,
287,1614.2011,2.1176,144,42,8,3445,,Gb2,,,,,,,,n287_6Gb2s,3445,,gutim,287,
287,1614.2011,0.2353,144,52,8,3445,,E3,,,,,,,,n287_6E3s,3445,,gutim,287,
287,1614.4952,0.8235,144,83,14,3446,,B5,,,,,,,,n287_2B5e_1,3446,,gutim,287,
287,1615.4496,0.06,144,86,17,3447,,D6,g,,,,,,,ng287_2D6e,3447,,gutim,287,
287,1615.5246,0.2353,144,45,17,3448,,A2,,,,,,,,n287_2A2t_0,3448,,gutim,287,
287,1615.5246,0.4706,144,50,17,3448,,D3,,,,,,,,n287_2D3t_0,3448,,gutim,287,
287,1615.8187,0.2353,144,53,18,3449,,F3,,,,,,,,n287_2F3s,3449,,gutim,287,
287,1616.0349,0.06,144,73,20,3450,,C#5,g,,,,,,,ng287_2Cs5e,3450,,gutim,287,
287,1616.1099,0.06,144,57,20,3451,,A3,g,,,,,,,ng287_2A3e,3451,,gutim,287,
287,1616.1849,0.06,144,80,20,3452,,G#5,g,,,,,,,ng287_2Gs5e,3452,,gutim,287,
287,1616.2599,0.4706,144,61,22,3453,,Db4,,,,,,,,n287_6Db4e,3453,,gutim,287,
,,,,,,,,,,,,,,,,,,288,,,
288,1616.8481,0.1176,144,70,8,3454,,Bb4,,,,,,,,n288_1Bb4t_0,3454,,gutim,288,
288,1616.8481,3.5294,144,79,14,3454,,G5,,,,,,,,n288_2G5h,3454,,gutim,288,
288,1616.8481,0.1176,144,42,14,3454,,Gb2,,,,,,,,n288_6Gb2t,3454,,gutim,288,
288,1616.8481,0.1176,144,61,14,3454,,Db4,,,,,,,,n288_6Db4t,3454,,gutim,288,
288,1616.9952,3.1765,144,86,24,3455,,D6,,,,,,,,n288_1D6e_0,3455,,gutim,288,
288,1616.9952,6.4706,144,42,14,3455,,Gb2,,,,,,,,n288_6Gb2e,3455,,gutim,288,
288,1618.4658,0.1176,144,42,20,3456,,F#2,,,,,,,,n288_5Fs2t,3456,,gutim,288,
288,1620.9658,0.2353,144,86,14,3457,,D6,,,,,,,,n288_1D6s,3457,,gutim,288,
288,1620.9658,0.2353,144,93,24,3457,,A6,,,,,,,,n288_1A6s,3457,,gutim,288,
288,1620.9658,0.2353,144,41,22,3457,,F2,,,,,,,,n288_5F2s,3457,,gutim,288,
288,1620.9658,0.2353,144,49,22,3457,,C#3,,,,,,,,n288_5Cs3s,3457,,gutim,288,
288,1621.2599,0.8235,144,85,14,3458,,C#6,,,,,,,,n288_1Cs6s,3458,,gutim,288,
288,1621.2599,0.4706,144,62,22,3458,,D4,,,,,,,,n288_5D4s_0,3458,,gutim,288,
288,1621.2599,0.4706,144,64,22,3458,,E4,,,,,,,,n288_5E4s_0,3458,,gutim,288,
288,1621.2599,0.4706,144,68,14,3458,,G#4,,,,,,,,n288_5Gs4s_0,3458,,gutim,288,
288,1622.2893,0.0735,144,70,14,3459,,Bb4,,,,,,,,n288_1Bb4t_1,3459,,gutim,288,
288,1622.4364,0.0735,144,77,14,3460,,F5,,,,,,,,n288_1F5t,3460,,gutim,288,
,,,,,,,7213,,,,,,,,,,,,gutim,,
,,,,,,,,,,,,,,,,,,291,,,
291,1636.456,0.1961,144,58,22,3461,,Bb3,,,,,,,,n291_1Bb3e_0,3461,,gutim,291,
291,1636.456,0.3137,144,65,22,3461,,F4,,,,,,,,n291_1F4e_0,3461,,gutim,291,
291,1636.456,0.3137,144,70,22,3461,,Bb4,,,,,,,,n291_1Bb4e_0,3461,,gutim,291,
291,1636.456,0.1961,144,36,14,3461,,C2,,,,,,,,n291_5C2e,3461,,gutim,291,
291,1636.456,0.3137,144,42,14,3461,,F#2,,,,,,,,n291_5Fs2e,3461,,gutim,291,
291,1636.8481,0.2794,144,83,8,3462,,B5,,,,,,,,n291_1B5s_0,3462,,gutim,291,
291,1637.1423,0.1863,144,33,10,3463,,A1,,,,,,,,n291_1A1s,3463,,gutim,291,
291,1637.3383,0.0931,144,43,11,3464,,G2,,,,,,,,n291_1G2t_0,3464,,gutim,291,
291,1637.4364,0.2794,144,75,12,3465,,Eb5,,,,,,,,n291_1Eb5s,3465,,gutim,291,
291,1637.7305,0.2794,144,83,13,3466,,B5,,,,,,,,n291_1B5s_1,3466,,gutim,291,
291,1637.7305,0.0735,144,30,22,3466,,F#1,,,,,,,,n291_5Fs1s,3466,,gutim,291,
291,1637.7305,0.2353,144,35,22,3466,,B1,,,,,,,,n291_5B1s,3466,,gutim,291,
291,1637.7305,0.2353,144,38,22,3466,,D2,,,,,,,,n291_5D2s,3466,,gutim,291,
291,1638.0246,0.0931,144,33,15,3467,,A1,,,,,,,,n291_1A1t_0,3467,,gutim,291,
291,1638.1227,0.0931,144,43,16,3468,,G2,,,,,,,,n291_1G2t_1,3468,,gutim,291,
291,1638.2207,0.0931,144,75,16,3469,,Eb5,,,,,,,,n291_1Eb5t_0,3469,,gutim,291,
291,1638.3187,0.0931,144,88,17,3470,,E6,,,,,,,,n291_1E6t_0,3470,,gutim,291,
291,1638.3187,0.0784,144,33,14,3470,,A1,,,,,,,,n291_5A1t,3470,,gutim,291,
291,1638.3187,0.0784,144,43,14,3470,,G2,,,,,,,,n291_5G2t,3470,,gutim,291,
291,1638.4168,0.1397,144,75,17,3471,,Eb5,,,,,,,,n291_1Eb5t_1,3471,,gutim,291,
291,1638.5638,0.1397,144,83,18,3472,,B5,,,,,,,,n291_1B5t,3472,,gutim,291,
291,1638.7109,0.1397,144,33,19,3473,,A1,,,,,,,,n291_1A1t_1,3473,,gutim,291,
291,1638.858,0.1397,144,88,20,3474,,E6,,,,,,,,n291_1E6t_1,3474,,gutim,291,
291,1639.005,0.1569,144,43,20,3475,,G2,,,,,,,,n291_1G2s,3475,,gutim,291,
291,1639.005,0.049,144,36,22,3475,,C2,,,,,,,,n291_5C2s,3475,,gutim,291,
291,1639.005,0.1569,144,42,22,3475,,F#2,,,,,,,,n291_5Fs2s,3475,,gutim,291,
291,1639.005,0.1569,144,59,22,3475,,B3,,,,,,,,n291_5B3s,3475,,gutim,291,
291,1639.005,0.1569,144,65,22,3475,,F4,,,,,,,,n291_5F4s,3475,,gutim,291,
291,1639.005,0.1569,144,70,22,3475,,Bb4,,,,,,,,n291_5Bb4s,3475,,gutim,291,
291,1639.2011,1.6765,144,30,17,3476,,F#1,,,,,,,,n291_5Fs1q,3476,,gutim,291,
291,1639.2011,1.4118,144,35,17,3476,,B1,,,,,,,,n291_5B1q,3476,,gutim,291,
291,1639.2011,1.4118,144,38,17,3476,,D2,,,,,,,,n291_5D2q,3476,,gutim,291,
291,1639.2011,1.4118,144,58,17,3476,,Bb3,,,,,,,,n291_5Bb3q,3476,,gutim,291,
291,1639.9854,0.3725,144,36,22,3477,,C2,,,,,,,,n291_1C2e,3477,,gutim,291,
291,1639.9854,0.3137,144,42,22,3477,,F#2,,,,,,,,n291_1Fs2e,3477,,gutim,291,
291,1639.9854,0.3137,144,58,22,3477,,Bb3,,,,,,,,n291_1Bb3e_1,3477,,gutim,291,
291,1639.9854,0.3137,144,65,22,3477,,F4,,,,,,,,n291_1F4e_1,3477,,gutim,291,
291,1639.9854,0.3137,144,70,22,3477,,Bb4,,,,,,,,n291_1Bb4e_1,3477,,gutim,291,
291,1640.9658,0.9412,144,30,11,3478,,F#1,,,,,,,,n291_5Fs1e,3478,,gutim,291,
291,1640.9658,0.9412,144,35,11,3478,,B1,,,,,,,,n291_5B1e,3478,,gutim,291,
291,1640.9658,0.9412,144,38,11,3478,,D2,,,,,,,,n291_5D2e,3478,,gutim,291,
291,1640.9658,0.9412,144,58,11,3478,,Bb3,,,,,,,,n291_5Bb3e,3478,,gutim,291,
,,,,,,,,,,,,,,,,,,292,,,
292,1642.1423,0.4706,144,30,10,3479,,F#1,,,,,,,,n292_5Fs1e_1,3479,,gutim,292,
292,1642.1423,0.4706,144,35,10,3479,,B1,,,,,,,,n292_5B1e_1,3479,,gutim,292,
292,1642.1423,0.4706,144,38,14,3479,,D2,,,,,,,,n292_5D2e_1,3479,,gutim,292,
292,1642.1423,0.4706,144,58,14,3479,,Bb3,,,,,,,,n292_5Bb3e_1,3479,,gutim,292,
,,,,,,,7215,,,,,,,,,,,,gutim,,
292,1642.7305,0.1237,144,32,8,3480,,Ab1,,,,,,,,n292_5Ab1t_0,3480,,gutim,292,
292,1642.8607,0.1237,144,53,8,3481,,F3,,,,,,,,n292_5F3t_0,3481,,gutim,292,
292,1642.9909,0.1237,144,36,9,3482,,C2,,,,,,,,n292_5C2t_0,3482,,gutim,292,
292,1643.1211,0.1237,144,32,9,3483,,Ab1,,,,,,,,n292_5Ab1t_1,3483,,gutim,292,
292,1643.2513,0.1237,144,53,10,3484,,F3,,,,,,,,n292_5F3t_1,3484,,gutim,292,
292,1643.3815,0.1237,144,36,10,3485,,C2,,,,,,,,n292_5C2t_1,3485,,gutim,292,
292,1643.5118,0.1863,144,32,11,3486,,Ab1,,,,,,,,n292_5Ab1t_2,3486,,gutim,292,
292,1643.7078,0.1863,144,36,11,3487,,C2,,,,,,,,n292_5C2t_2,3487,,gutim,292,
292,1643.9039,0.1237,144,53,12,3488,,F3,,,,,,,,n292_5F3t_2,3488,,gutim,292,
292,1644.0341,0.1237,144,36,12,3489,,C2,,,,,,,,n292_5C2t_3,3489,,gutim,292,
292,1644.1643,0.1237,144,65,13,3490,,F4,,,,,,,,n292_5F4t,3490,,gutim,292,
292,1644.2945,0.1863,144,32,13,3491,,Ab1,,,,,,,,n292_5Ab1t_3,3491,,gutim,292,
292,1644.4906,0.1863,144,36,14,3492,,C2,,,,,,,,n292_5C2t_4,3492,,gutim,292,
292,1644.6867,0.3137,144,65,14,3493,,F4,,,,,,,,n292_5F4s,3493,,gutim,292,
292,1645.0788,0.3137,144,46,14,3494,,Bb2,,,,,,,,n292_5Bb2e,3494,,gutim,292,
292,1645.0834,1.4118,144,51,20,3495,,Eb3,,,,,,,,n292_1Eb3q,3495,,gutim,292,
292,1645.471,0.3137,144,76,14,3496,,E5,,,,,,,,n292_5E5e,3496,,gutim,292,
292,1646.4514,0.0784,144,59,14,3497,,B3,,,,,,,,n292_5B3t_0,3497,,gutim,292,
292,1646.5494,0.0784,144,88,14,3498,,E6,,,,,,,,n292_5E6t,3498,,gutim,292,
292,1646.6475,0.0784,144,47,13,3499,,B2,,,,,,,,n292_5B2t_0,3499,,gutim,292,
292,1646.7455,0.0784,144,100,13,3500,,E7,,,,,,,,n292_5E7t,3500,,gutim,292,
292,1646.8436,0.1176,144,59,12,3501,,B3,,,,,,,,n292_5B3t_1,3501,,gutim,292,
292,1646.9906,0.1176,144,82,12,3502,,A#5,,,,,,,,n292_5As5t,3502,,gutim,292,
292,1647.1377,0.0931,144,42,11,3503,,F#2,,,,,,,,n292_5Fs2t,3503,,gutim,292,
292,1647.1377,0.0931,144,47,11,3503,,B2,,,,,,,,n292_5B2t_1,3503,,gutim,292,
292,1647.2357,0.1906,144,50,11,3504,,D3,,,,,,,,n292_5D3s,3504,,gutim,292,
,,,,,,,,,,,,,,,,,,293,,,
293,1647.4364,0.1397,144,42,10,3505,,F#2,,,,,,,,n293_5Fs2t_0,3505,,gutim,293,
293,1647.5834,0.2794,144,82,10,3506,,A#5,,,,,,,,n293_1As5s,3506,,gutim,293,
293,1647.5834,0.1397,144,47,10,3506,,B2,,,,,,,,n293_5B2t_0,3506,,gutim,293,
293,1647.7305,0.1397,144,42,9,3507,,F#2,,,,,,,,n293_5Fs2t_1,3507,,gutim,293,
293,1647.7305,0.1397,144,50,9,3507,,D3,,,,,,,,n293_5D3t,3507,,gutim,293,
293,1647.8776,0.1397,144,88,9,3508,,E6,,,,,,,,n293_1E6t,3508,,gutim,293,
293,1647.8776,0.1397,144,47,9,3508,,B2,,,,,,,,n293_5B2t_1,3508,,gutim,293,
293,1648.0246,0.1863,144,42,8,3509,,F#2,,,,,,,,n293_5Fs2s_0,3509,,gutim,293,
293,1648.0246,0.1863,144,50,8,3509,,D3,,,,,,,,n293_5D3s_0,3509,,gutim,293,
293,1648.2207,0.3137,144,82,8,3510,,A#5,,,,,,,,n293_1As5e_0,3510,,gutim,293,
293,1648.2207,0.3137,144,88,8,3510,,E6,,,,,,,,n293_1E6e_0,3510,,gutim,293,
293,1648.2207,0.1863,144,47,8,3510,,B2,,,,,,,,n293_5B2s_0,3510,,gutim,293,
293,1648.4168,0.1569,144,42,8,3511,,F#2,,,,,,,,n293_5Fs2s_1,3511,,gutim,293,
293,1648.4168,0.1569,144,47,8,3511,,B2,,,,,,,,n293_5B2s_1,3511,,gutim,293,
293,1648.4168,0.1569,144,50,8,3511,,D3,,,,,,,,n293_5D3s_1,3511,,gutim,293,
293,1649.3972,0.3137,144,82,8,3512,,A#5,,,,,,,,n293_1As5e_1,3512,,gutim,293,
293,1649.3972,0.3137,144,88,8,3512,,E6,,,,,,,,n293_1E6e_1,3512,,gutim,293,
293,1649.3972,0.3137,144,42,8,3512,,F#2,,,,,,,,n293_5Fs2e_0,3512,,gutim,293,
293,1649.3972,0.3137,144,47,8,3512,,B2,,,,,,,,n293_5B2e_0,3512,,gutim,293,
293,1649.3972,0.3137,144,50,8,3512,,D3,,,,,,,,n293_5D3e_0,3512,,gutim,293,
293,1652.5344,0.3137,144,70,8,3513,,A#4,,,,,,,,n293_1As4e,3513,,gutim,293,
293,1652.5344,0.3137,144,76,8,3513,,E5,,,,,,,,n293_1E5e,3513,,gutim,293,
293,1652.5344,0.3137,144,42,8,3513,,F#2,,,,,,,,n293_5Fs2e_1,3513,,gutim,293,
293,1652.5344,0.3137,144,47,8,3513,,B2,,,,,,,,n293_5B2e_1,3513,,gutim,293,
293,1652.5344,0.3137,144,50,8,3513,,D3,,,,,,,,n293_5D3e_1,3513,,gutim,293,
293,1652.9266,0.6275,144,71,20,3514,,B4,,,,,,,,n293_1B4e,3514,,gutim,293,
293,1652.9266,0.6275,144,51,20,3514,,Eb3,,,,,,,,n293_5Eb3e,3514,,gutim,293,
,,,,,,,,,,,,,,,,,,294,,,
294,1653.3187,0.3137,144,58,22,3515,,Bb3,,,,,,,,n294_1Bb3e_0,3515,,gutim,294,
294,1653.3187,0.3137,144,65,22,3515,,F4,,,,,,,,n294_1F4e_0,3515,,gutim,294,
294,1653.3187,0.3137,144,68,22,3515,,G#4,,,,,,,,n294_1Gs4e_0,3515,,gutim,294,
294,1653.3187,0.3137,144,36,22,3515,,C2,,,,,,,,n294_5C2e_0,3515,,gutim,294,
294,1653.7109,0.3137,144,71,20,3516,,B4,,,,,,,,n294_1B4e_1,3516,,gutim,294,
294,1653.7109,0.3137,144,21,20,3516,,A0,,,,,,,,n294_5A0e,3516,,gutim,294,
294,1654.1031,0.0784,144,88,20,3517,,E6,,,,,,,,n294_1E6t,3517,,gutim,294,
294,1654.1031,0.0784,144,21,20,3517,,A0,,,,,,,,n294_5A0t,3517,,gutim,294,
294,1654.2011,0.2353,144,88,20,3518,,E6,,,,,,,,n294_1E6s,3518,,gutim,294,
294,1654.2011,0.2353,144,21,20,3518,,A0,,,,,,,,n294_5A0s_0,3518,,gutim,294,
294,1654.2011,0.2353,144,31,20,3518,,G1,,,,,,,,n294_5G1s,3518,,gutim,294,
294,1654.4952,0.3137,144,58,22,3519,,Bb3,,,,,,,,n294_1Bb3e_1,3519,,gutim,294,
294,1654.4952,0.3137,144,65,22,3519,,F4,,,,,,,,n294_1F4e_1,3519,,gutim,294,
294,1654.4952,0.3137,144,68,22,3519,,G#4,,,,,,,,n294_1Gs4e_1,3519,,gutim,294,
294,1654.4952,0.3137,144,36,22,3519,,C2,,,,,,,,n294_5C2e_1,3519,,gutim,294,
294,1654.8874,0.4706,144,100,22,3520,,E7,,,,,,,,n294_1E7e,3520,,gutim,294,
294,1655.4756,0.1569,144,70,8,3521,,A#4,,,,,,,,n294_1As4s,3521,,gutim,294,
294,1655.4756,0.1569,144,76,8,3521,,E5,,,,,,,,n294_1E5s_0,3521,,gutim,294,
294,1655.4756,0.1569,144,42,8,3521,,F#2,,,,,,,,n294_5Fs2s,3521,,gutim,294,
294,1655.4756,0.1569,144,47,8,3521,,B2,,,,,,,,n294_5B2s,3521,,gutim,294,
294,1655.4756,0.1569,144,50,8,3521,,D3,,,,,,,,n294_5D3s,3521,,gutim,294,
294,1655.6717,0.4706,144,71,8,3522,,B4,,,,,,,,n294_1B4e_2,3522,,gutim,294,
294,1656.2599,0.4706,144,95,22,3523,,B6,,,,,,,,n294_1B6e,3523,,gutim,294,
294,1656.2599,0.4706,144,45,22,3523,,A2,,,,,,,,n294_5A2e,3523,,gutim,294,
294,1656.2599,0.4706,144,53,22,3523,,F3,,,,,,,,n294_5F3e,3523,,gutim,294,
294,1656.6981,0.06,144,51,20,3524,,D#3,g,,,,,,,ng294_5Ds3e,3524,,gutim,294,
294,1656.7731,0.06,144,88,19,3525,,E6,g,,,,,,,ng294_5E6e,3525,,gutim,294,
294,1656.8481,0.2819,144,51,19,3526,,D#3,,,,,,,,n294_5Ds3s_0,3526,,gutim,294,
294,1656.8481,0.2819,144,59,19,3526,,B3,,,,,,,,n294_5B3s,3526,,gutim,294,
294,1657.2005,0.1887,144,51,17,3527,,D#3,,,,,,,,n294_5Ds3s_1,3527,,gutim,294,
294,1657.4364,0.3725,144,71,15,3528,,B4,,,,,,,,n294_1B4e_3,3528,,gutim,294,
294,1657.6325,0.1863,144,33,14,3529,,A1,,,,,,,,n294_5A1s_0,3529,,gutim,294,
294,1657.8285,0.1863,144,76,13,3530,,E5,,,,,,,,n294_1E5s_1,3530,,gutim,294,
294,1657.8285,0.1863,144,21,13,3530,,A0,,,,,,,,n294_5A0s_1,3530,,gutim,294,
294,1658.0246,0.3725,144,71,12,3531,,B4,,,,,,,,n294_1B4e_4,3531,,gutim,294,
294,1658.2207,0.0931,144,33,10,3532,,A1,,,,,,,,n294_5A1t,3532,,gutim,294,
294,1658.3187,0.0931,144,43,10,3533,,G2,,,,,,,,n294_5G2t,3533,,gutim,294,
294,1658.4168,0.1863,144,33,9,3534,,A1,,,,,,,,n294_5A1s_1,3534,,gutim,294,
294,1658.6129,0.1569,144,76,8,3535,,E5,,,,,,,,n294_1E5s_2,3535,,gutim,294,
294,1658.6129,0.1863,144,33,8,3535,,A1,,,,,,,,n294_5A1s_2,3535,,gutim,294,
294,1658.8089,0.1863,144,43,8,3536,,G2,,,,,,,,n294_5G2s,3536,,gutim,294,
,,,,,,,7220,,,,,,,,,,,,gutim,,
,,,,,,,,,,,,,,,,,,295,,,
295,1664.4834,0.0712,144,93,14,3537,,A6,g,,,,,,,ng295_1A6e,3537,,gutim,295,
295,1664.4834,0.0712,144,96,14,3537,,C7,g,,,,,,,ng295_1C7e_0,3537,,gutim,295,
295,1664.5584,0.0712,144,100,15,3538,,E7,g,,,,,,,ng295_1E7e,3538,,gutim,295,
295,1664.5584,0.0712,144,63,14,3538,,Eb4,g,,,,,,,ng295_5Eb4e_0,3538,,gutim,295,
295,1664.6334,0.0712,144,96,17,3539,,C7,g,,,,,,,ng295_1C7e_1,3539,,gutim,295,
295,1664.6334,0.0712,144,53,14,3539,,F3,g,,,,,,,ng295_5F3e_0,3539,,gutim,295,
295,1664.7084,0.0712,144,74,14,3540,,D5,g,,,,,,,ng295_1D5e,3540,,gutim,295,
295,1664.7084,0.0712,144,63,14,3540,,Eb4,g,,,,,,,ng295_5Eb4e_1,3540,,gutim,295,
295,1664.7834,0.0712,144,73,14,3541,,Db5,g,,,,,,,ng295_1Db5e_0,3541,,gutim,295,
295,1664.7834,0.0712,144,53,14,3541,,F3,g,,,,,,,ng295_5F3e_1,3541,,gutim,295,
295,1664.8584,0.0712,144,68,14,3542,,Ab4,g,,,,,,,ng295_1Ab4e_0,3542,,gutim,295,
295,1664.8584,0.0712,144,63,14,3542,,Eb4,g,,,,,,,ng295_5Eb4e_2,3542,,gutim,295,
295,1664.9334,0.0712,144,73,14,3543,,Db5,g,,,,,,,ng295_1Db5e_1,3543,,gutim,295,
295,1664.9334,0.0712,144,53,14,3543,,F3,g,,,,,,,ng295_5F3e_2,3543,,gutim,295,
295,1665.0084,0.0712,144,54,14,3544,,Gb3,g,,,,,,,ng295_5Gb3e,3544,,gutim,295,
295,1665.0834,0.7451,144,84,14,3545,,C6,,,,,,,,n295_1C6q,3545,,gutim,295,
295,1665.0834,0.7451,144,85,14,3545,,Db6,,,,,,,,n295_1Db6q,3545,,gutim,295,
295,1665.0834,0.7451,144,87,14,3545,,Eb6,,,,,,,,n295_1Eb6q,3545,,gutim,295,
295,1665.0834,0.7451,144,88,14,3545,,Fb6,,,,,,,,n295_1Fb6q,3545,,gutim,295,
295,1665.0834,1.1176,144,48,14,3545,,C3,,,,,,,,n295_5C3q,3545,,gutim,295,
295,1665.8678,0.3137,144,54,17,3546,,Gb3,,,,,,,,n295_1Gb3e,3546,,gutim,295,
295,1666.3114,0.0712,144,97,22,3547,,C#7,g,,,,,,,ng295_1Cs7e_0,3547,,gutim,295,
295,1666.3864,0.0712,144,108,21,3548,,C8,g,,,,,,,ng295_1C8e_0,3548,,gutim,295,
295,1666.4614,0.0712,144,97,20,3549,,C#7,g,,,,,,,ng295_1Cs7e_1,3549,,gutim,295,
295,1666.5364,0.0712,144,108,20,3550,,C8,g,,,,,,,ng295_1C8e_1,3550,,gutim,295,
295,1666.6114,0.0712,144,97,19,3551,,C#7,g,,,,,,,ng295_1Cs7e_2,3551,,gutim,295,
295,1666.6864,0.0712,144,88,18,3552,,E6,g,,,,,,,ng295_1E6e,3552,,gutim,295,
295,1666.7614,0.0712,144,106,17,3553,,Bb7,g,,,,,,,ng295_1Bb7e_0,3553,,gutim,295,
295,1666.8364,0.0712,144,76,16,3554,,E5,g,,,,,,,ng295_1E5e_0,3554,,gutim,295,
295,1666.9114,0.0712,144,96,16,3555,,C7,g,,,,,,,ng295_1C7e_2,3555,,gutim,295,
295,1666.9864,0.0712,144,76,15,3556,,E5,g,,,,,,,ng295_1E5e_1,3556,,gutim,295,
295,1667.0614,0.0712,144,94,14,3557,,Bb6,g,,,,,,,ng295_1Bb6e_0,3557,,gutim,295,
295,1667.1364,0.0712,144,68,13,3558,,Ab4,g,,,,,,,ng295_1Ab4e_1,3558,,gutim,295,
295,1667.2114,0.0712,144,76,13,3559,,E5,g,,,,,,,ng295_1E5e_2,3559,,gutim,295,
295,1667.2864,0.0712,144,94,12,3560,,Bb6,g,,,,,,,ng295_1Bb6e_1,3560,,gutim,295,
295,1667.3614,0.0712,144,64,11,3561,,E4,g,,,,,,,ng295_1E4e,3561,,gutim,295,
295,1667.4364,1.1176,144,71,11,3562,,B4,,,,,,,,n295_1B4q,3562,,gutim,295,
295,1667.4364,0.9412,144,56,8,3562,,Ab3,,,,,,,,n295_5Ab3q,3562,,gutim,295,
295,1668.0129,0.06,144,85,7,3563,,C#6,g,,,,,,,ng295_1Cs6e,3563,,gutim,295,
295,1668.0879,0.06,144,108,14,3564,,C8,g,,,,,,,ng295_1C8e_2,3564,,gutim,295,
295,1668.1629,0.06,144,97,6,3565,,C#7,g,,,,,,,ng295_1Cs7e_3,3565,,gutim,295,
295,1668.2379,0.06,144,76,6,3566,,E5,g,,,,,,,ng295_1E5e_3,3566,,gutim,295,
295,1668.3129,0.06,144,106,14,3567,,Bb7,g,,,,,,,ng295_1Bb7e_1,3567,,gutim,295,
295,1668.3879,0.06,144,76,6,3568,,E5,g,,,,,,,ng295_1E5e_4,3568,,gutim,295,
295,1668.4629,0.06,144,108,14,3569,,C8,g,,,,,,,ng295_1C8e_3,3569,,gutim,295,
295,1668.5379,0.06,144,68,5,3570,,Ab4,g,,,,,,,ng295_1Ab4e_2,3570,,gutim,295,
,,,,,,,,,,,,,,,,,,296,,,
296,1669.7893,4.3529,144,58,14,3571,,Bb3,,,,,,,,n296_5Bb3w,3571,,gutim,296,
,,,,,,,7221,,,,,,,,,,,,gutim,,
296,1675.2305,0.3529,144,28,24,3572,,E1,,,,,,,,n296_5E1s,3572,,gutim,296,
296,1675.6717,1.4118,144,105,24,3573,,A7,,,,,,,,n296_2A7q,3573,,gutim,296,
296,1675.6717,6.5882,144,42,14,3573,,Gb2,,,,,,,,n296_5Gb2h,3573,,gutim,296,
296,1677.4364,0.4706,144,97,11,3574,,C#7,,,,,,,,n296_2Cs7e,3574,,gutim,296,
296,1677.7305,0.4706,144,72,11,3575,,C5,,,,,,,,n296_1C5s,3575,,gutim,296,
,,,,,,,,,,,,,,,,,,297,,,
297,1678.3187,0.4706,144,37,11,3576,,C#2,,,,,,,,n297_1Cs2e,3576,,gutim,297,
297,1678.6129,0.2353,144,77,5,3577,,F5,,,,,,,,n297_2F5s,3577,,gutim,297,
297,1679.2011,0.4706,144,95,20,3578,,B6,,,,,,,,n297_1B6e,3578,,gutim,297,
297,1679.2011,0.6275,144,79,14,3578,,G5,,,,,,,,n297_2G5e,3578,,gutim,297,
297,1679.7893,0.4706,144,62,22,3579,,D4,,,,,,,,n297_1D4e,3579,,gutim,297,
297,1679.9854,0.0784,144,52,17,3580,,E3,,,,,,,,n297_2E3t,3580,,gutim,297,
297,1680.0834,0.0784,144,32,14,3581,,G#1,,,,,,,,n297_2Gs1t,3581,,gutim,297,
297,1680.1815,0.0784,144,25,12,3582,,C#1,,,,,,,,n297_2Cs1t,3582,,gutim,297,
297,1680.3776,0.0588,144,29,24,3583,,F1,,,,,,,,n297_2F1x,3583,,gutim,297,
297,1680.4511,0.4118,144,54,24,3584,,Gb3,,,,,,,,n297_1Gb3s,3584,,gutim,297,
297,1680.4511,0.0588,144,60,20,3584,,C4,,,,,,,,n297_2C4x,3584,,gutim,297,
297,1680.5246,0.1765,144,52,20,3585,,E3,,,,,,,,n297_2E3x_0,3585,,gutim,297,
297,1680.5981,0.0588,144,37,20,3586,,C#2,,,,,,,,n297_2Cs2x,3586,,gutim,297,
297,1680.7452,0.1765,144,33,11,3587,,A1,,,,,,,,n297_2A1t,3587,,gutim,297,
297,1680.9658,0.4706,144,82,20,3588,,Bb5,,,,,,,,n297_1Bb5e,3588,,gutim,297,
297,1681.654,0.06,144,79,17,3589,,G5,g,,,,,,,ng297_2G5e,3589,,gutim,297,
297,1681.729,0.06,144,41,17,3590,,F2,g,,,,,,,ng297_2F2e,3590,,gutim,297,
297,1681.729,0.06,144,49,17,3590,,Db3,g,,,,,,,ng297_2Db3e,3590,,gutim,297,
297,1681.804,1.8824,144,64,22,3591,,E4,,,,,,,,n297_2E4h,3591,,gutim,297,
297,1683.607,0.06,144,83,22,3592,,B5,g,,,,,,,ng297_1B5e,3592,,gutim,297,
297,1683.682,0.06,144,50,14,3593,,D3,g,,,,,,,ng297_1D3e,3593,,gutim,297,
297,1683.757,0.06,144,64,11,3594,,E4,g,,,,,,,ng297_1E4e,3594,,gutim,297,
297,1683.757,0.06,144,70,22,3594,,Bb4,g,,,,,,,ng297_1Bb4e,3594,,gutim,297,
297,1683.832,0.06,144,42,14,3595,,F#2,g,,,,,,,ng297_1Fs2e,3595,,gutim,297,
,,,,,,,7226,,,,,,,,,,,,gutim,,
,,,,,,,,,,,,,,,,,,299,,,
299,1694.7452,0.0245,144,41,14,3596,,F2,,,,,,,,n299_5F2t,3596,,gutim,299,
299,1694.7452,0.0784,144,49,14,3596,,Db3,,,,,,,,n299_5Db3t,3596,,gutim,299,
299,1694.8432,0.0245,144,38,17,3597,,D2,,,,,,,,n299_5D2t,3597,,gutim,299,
299,1694.8432,0.0784,144,56,17,3597,,Ab3,,,,,,,,n299_5Ab3t,3597,,gutim,299,
299,1694.8432,0.0784,144,69,17,3597,,A4,,,,,,,,n299_5A4t,3597,,gutim,299,
299,1695.0393,0.2353,144,60,11,3598,,C4,,,,,,,,n299_1C4s,3598,,gutim,299,
299,1695.3334,0.1569,144,79,12,3599,,G5,,,,,,,,n299_1G5s,3599,,gutim,299,
299,1695.5295,0.3137,144,89,8,3600,,F6,,,,,,,,n299_1F6e,3600,,gutim,299,
299,1695.7746,0.1176,144,58,17,3601,,Bb3,,,,,,,,n299_5Bb3t,3601,,gutim,299,
,,,,,,,,,,,,,,,,,,300,,,
300,1695.9217,0.9412,144,89,8,3602,,F6,,,,,,,,n300_1F6q_0,3602,,gutim,300,
300,1695.9217,0.9412,144,93,17,3602,,A6,,,,,,,,n300_1A6q_0,3602,,gutim,300,
300,1695.9217,0.2353,144,44,8,3602,,Ab2,,,,,,,,n300_5Ab2s_0,3602,,gutim,300,
300,1695.9217,0.2353,144,52,8,3602,,E3,,,,,,,,n300_5E3s_0,3602,,gutim,300,
300,1695.9217,0.2353,144,58,17,3602,,Bb3,,,,,,,,n300_5Bb3s_0,3602,,gutim,300,
300,1696.2158,0.2794,144,37,8,3603,,Db2,,,,,,,,n300_5Db2s,3603,,gutim,300,
300,1696.5099,0.5588,144,44,8,3604,,Ab2,,,,,,,,n300_5Ab2e,3604,,gutim,300,
300,1697.0981,0.2684,144,58,17,3605,,Bb3,,,,,,,,n300_1Bb3s,3605,,gutim,300,
300,1697.4336,0.4032,144,93,17,3606,,A6,,,,,,,,n300_1A6s,3606,,gutim,300,
300,1697.9376,0.2684,144,85,17,3607,,Db6,,,,,,,,n300_1Db6s,3607,,gutim,300,
300,1698.2731,0.1042,144,89,8,3608,,F6,,,,,,,,n300_1F6t,3608,,gutim,300,
300,1698.2731,0.1042,144,92,8,3608,,Ab6,,,,,,,,n300_1Ab6t_0,3608,,gutim,300,
300,1698.2746,0.2684,144,44,17,3608,,Ab2,,,,,,,,n300_5Ab2s_1,3608,,gutim,300,
300,1698.2746,0.2684,144,52,17,3608,,E3,,,,,,,,n300_5E3s_1,3608,,gutim,300,
300,1698.4033,0.1042,144,53,8,3609,,F3,,,,,,,,n300_1F3t_0,3609,,gutim,300,
300,1698.5335,0.1042,144,50,9,3610,,D3,,,,,,,,n300_1D3t_0,3610,,gutim,300,
300,1698.6101,0.4032,144,58,17,3611,,Bb3,,,,,,,,n300_5Bb3s_1,3611,,gutim,300,
300,1698.6637,0.1042,144,48,9,3612,,C3,,,,,,,,n300_1C3t,3612,,gutim,300,
300,1698.6637,0.1042,144,61,9,3612,,Db4,,,,,,,,n300_1Db4t_0,3612,,gutim,300,
300,1698.7939,0.1042,144,105,9,3613,,A7,,,,,,,,n300_1A7t,3613,,gutim,300,
300,1698.9241,0.1569,144,53,10,3614,,F3,,,,,,,,n300_1F3t_1,3614,,gutim,300,
300,1699.1141,0.2684,144,52,17,3615,,E3,,,,,,,,n300_5E3s_2,3615,,gutim,300,
300,1699.1202,0.1569,144,61,10,3616,,Db4,,,,,,,,n300_1Db4t_1,3616,,gutim,300,
300,1699.3163,0.1042,144,92,11,3617,,Ab6,,,,,,,,n300_1Ab6t_1,3617,,gutim,300,
300,1699.4465,0.1042,144,53,11,3618,,F3,,,,,,,,n300_1F3t_2,3618,,gutim,300,
300,1699.4465,0.1042,144,61,11,3618,,Db4,,,,,,,,n300_1Db4t_2,3618,,gutim,300,
300,1699.4496,0.2684,144,58,17,3619,,Bb3,,,,,,,,n300_5Bb3s_2,3619,,gutim,300,
300,1699.5767,0.1042,144,50,11,3620,,D3,,,,,,,,n300_1D3t_1,3620,,gutim,300,
300,1699.7069,0.1569,144,80,12,3621,,Ab5,,,,,,,,n300_1Ab5t_0,3621,,gutim,300,
300,1699.785,0.4032,144,93,17,3622,,A6,,,,,,,,n300_5A6s,3622,,gutim,300,
300,1699.903,0.1042,144,50,12,3623,,D3,,,,,,,,n300_1D3t_2,3623,,gutim,300,
300,1700.0332,0.1042,144,53,12,3624,,F3,,,,,,,,n300_1F3t_3,3624,,gutim,300,
300,1700.0332,0.1042,144,61,12,3624,,Db4,,,,,,,,n300_1Db4t_3,3624,,gutim,300,
300,1700.1634,0.1042,144,93,13,3625,,A6,,,,,,,,n300_1A6t_0,3625,,gutim,300,
300,1700.289,0.2684,144,85,17,3626,,C#6,,,,,,,,n300_5Cs6s,3626,,gutim,300,
300,1700.2936,0.1569,144,50,13,3627,,D3,,,,,,,,n300_1D3t_3,3627,,gutim,300,
300,1700.4897,0.1103,144,80,14,3628,,Ab5,,,,,,,,n300_1Ab5t_1,3628,,gutim,300,
300,1700.4897,0.1103,144,93,14,3628,,A6,,,,,,,,n300_1A6t_1,3628,,gutim,300,
300,1700.6245,0.3187,144,40,14,3629,,E2,,,,,,,,n300_5E2s,3629,,gutim,300,
300,1700.6245,0.2684,144,44,14,3629,,Ab2,,,,,,,,n300_5Ab2s_2,3629,,gutim,300,
300,1700.6245,0.2684,144,46,14,3629,,Bb2,,,,,,,,n300_5Bb2s,3629,,gutim,300,
300,1700.6245,0.2684,144,48,14,3629,,C3,,,,,,,,n300_5C3s,3629,,gutim,300,
300,1700.6245,0.2684,144,50,14,3629,,D3,,,,,,,,n300_5D3s,3629,,gutim,300,
300,1700.6276,2.2353,144,80,14,3630,,Ab5,,,,,,,,n300_1Ab5q,3630,,gutim,300,
300,1700.6276,1.8824,144,89,14,3630,,F6,,,,,,,,n300_1F6q_1,3630,,gutim,300,
300,1700.6276,1.8824,144,93,14,3630,,A6,,,,,,,,n300_1A6q_1,3630,,gutim,300,
300,1700.96,0.2684,144,77,17,3631,,F5,,,,,,,,n300_5F5s,3631,,gutim,300,
300,1701.2955,0.4069,144,105,17,3632,,A7,,,,,,,,n300_5A7s,3632,,gutim,300,
,,,,,,,,,,,,,,,,,,301,,,
301,1701.804,0.4032,144,97,17,3633,,C#7,,,,,,,,n301_5Cs7s,3633,,gutim,301,
301,1702.308,0.538,144,77,17,3634,,F5,,,,,,,,n301_5F5e,3634,,gutim,301,
301,1702.9805,0.6275,144,80,17,3635,,Ab5,,,,,,,,n301_1Ab5e_0,3635,,gutim,301,
301,1702.9805,0.6275,144,93,17,3635,,A6,,,,,,,,n301_1A6e,3635,,gutim,301,
301,1702.9805,0.1569,144,40,14,3635,,E2,,,,,,,,n301_5E2s,3635,,gutim,301,
301,1702.9805,0.1569,144,44,14,3635,,Ab2,,,,,,,,n301_5Ab2s_0,3635,,gutim,301,
301,1702.9805,0.1569,144,46,14,3635,,Bb2,,,,,,,,n301_5Bb2s,3635,,gutim,301,
301,1702.9805,0.1569,144,50,14,3635,,D3,,,,,,,,n301_5D3s,3635,,gutim,301,
301,1703.1766,0.1569,144,48,14,3636,,C3,,,,,,,,n301_5C3s_0,3636,,gutim,301,
301,1703.3727,0.1569,144,77,14,3637,,F5,,,,,,,,n301_5F5s,3637,,gutim,301,
301,1703.895,0.2096,144,60,8,3638,,C4,,,,,,,,n301_1C4s,3638,,gutim,301,
301,1704.157,0.1042,144,80,11,3639,,Ab5,,,,,,,,n301_1Ab5t_0,3639,,gutim,301,
301,1704.157,0.3137,144,79,11,3639,,G5,,,,,,,,n301_5G5s_0,3639,,gutim,301,
301,1704.2872,0.1042,144,53,11,3640,,F3,,,,,,,,n301_1F3t,3640,,gutim,301,
301,1704.4174,0.1042,144,50,12,3641,,D3,,,,,,,,n301_1D3t,3641,,gutim,301,
301,1704.5476,0.1042,144,61,12,3642,,Db4,,,,,,,,n301_1Db4t,3642,,gutim,301,
301,1704.5491,0.2096,144,52,12,3642,,E3,,,,,,,,n301_5E3s_0,3642,,gutim,301,
301,1704.6778,0.1042,144,93,12,3643,,A6,,,,,,,,n301_1A6t_0,3643,,gutim,301,
301,1704.808,0.3137,144,41,13,3644,,F2,,,,,,,,n301_1F2s,3644,,gutim,301,
301,1704.808,0.3137,144,49,13,3644,,Db3,,,,,,,,n301_1Db3s,3644,,gutim,301,
301,1704.8111,0.1042,144,37,13,3644,,C#2,,,,,,,,n301_5Cs2t_0,3644,,gutim,301,
301,1704.9413,0.1042,144,44,13,3645,,G#2,,,,,,,,n301_5Gs2t_0,3645,,gutim,301,
301,1705.0715,0.1042,144,37,13,3646,,C#2,,,,,,,,n301_5Cs2t_1,3646,,gutim,301,
301,1705.2002,0.1042,144,80,14,3647,,Ab5,,,,,,,,n301_1Ab5t_1,3647,,gutim,301,
301,1705.2017,0.1042,144,44,14,3647,,G#2,,,,,,,,n301_5Gs2t_1,3647,,gutim,301,
301,1705.3304,0.1042,144,41,14,3648,,F2,,,,,,,,n301_1F2t,3648,,gutim,301,
301,1705.3304,0.1042,144,49,14,3648,,Db3,,,,,,,,n301_1Db3t,3648,,gutim,301,
301,1705.3319,0.1042,144,37,14,3648,,C#2,,,,,,,,n301_5Cs2t_2,3648,,gutim,301,
301,1705.4606,0.1042,144,38,14,3649,,D2,,,,,,,,n301_1D2t,3649,,gutim,301,
301,1705.4621,0.3137,144,44,14,3649,,G#2,,,,,,,,n301_5Gs2s,3649,,gutim,301,
301,1705.5908,0.4179,144,80,15,3650,,Ab5,,,,,,,,n301_1Ab5e_1,3650,,gutim,301,
301,1705.8543,0.2096,144,60,15,3651,,C4,,,,,,,,n301_5C4s_0,3651,,gutim,301,
301,1706.1132,0.2096,144,93,16,3652,,A6,,,,,,,,n301_1A6s,3652,,gutim,301,
301,1706.1162,0.3137,144,79,16,3652,,G5,,,,,,,,n301_5G5s_1,3652,,gutim,301,
301,1706.3751,0.1078,144,80,17,3653,,Ab5,,,,,,,,n301_1Ab5t_2,3653,,gutim,301,
301,1706.3751,0.1078,144,93,17,3653,,A6,,,,,,,,n301_1A6t_1,3653,,gutim,301,
301,1706.5099,1.1176,144,80,17,3654,,Ab5,,,,,,,,n301_1Ab5q_1,3654,,gutim,301,
301,1706.5099,0.9412,144,89,17,3654,,F6,,,,,,,,n301_1F6q_1,3654,,gutim,301,
301,1706.5099,0.9412,144,93,17,3654,,A6,,,,,,,,n301_1A6q_1,3654,,gutim,301,
301,1706.5084,0.3725,144,38,14,3654,,D2,,,,,,,,n301_5D2s_0,3654,,gutim,301,
301,1706.5084,0.3137,144,41,14,3654,,F2,,,,,,,,n301_5F2s_0,3654,,gutim,301,
301,1706.5084,0.3137,144,44,14,3654,,Ab2,,,,,,,,n301_5Ab2s_1,3654,,gutim,301,
301,1706.5084,0.3137,144,48,14,3654,,C3,,,,,,,,n301_5C3s_1,3654,,gutim,301,
301,1706.5084,0.3137,144,52,14,3654,,E3,,,,,,,,n301_5E3s_1,3654,,gutim,301,
301,1706.9005,0.3137,144,44,11,3655,,Ab2,,,,,,,,n301_5Ab2s_2,3655,,gutim,301,
301,1707.2927,0.2096,144,38,11,3656,,D2,,,,,,,,n301_5D2s_1,3656,,gutim,301,
301,1707.5546,0.1042,144,44,11,3657,,Ab2,,,,,,,,n301_5Ab2t,3657,,gutim,301,
301,1707.6864,0.9412,144,100,11,3658,,E7,,,,,,,,n301_1E7q,3658,,gutim,301,
301,1707.6849,0.2096,144,38,11,3658,,D2,,,,,,,,n301_5D2s_2,3658,,gutim,301,
301,1707.6849,0.2096,144,41,11,3658,,F2,,,,,,,,n301_5F2s_1,3658,,gutim,301,
301,1707.6849,0.2096,144,44,11,3658,,Ab2,,,,,,,,n301_5Ab2s_3,3658,,gutim,301,
301,1707.6849,0.2096,144,48,11,3658,,C3,,,,,,,,n301_5C3s_2,3658,,gutim,301,
301,1707.9468,0.2096,144,60,11,3659,,C4,,,,,,,,n301_5C4s_1,3659,,gutim,301,
301,1708.2087,1.8174,144,22,11,3660,,Bb0,,,,,,,,n301_5Bb0s_0,3660,,gutim,301,
,,,,,,,7230,,,,,,,,,,,,gutim,,
,,,,,,,,,,,,,,,,,,304,,,
304,1721.804,0.1237,144,92,5,3661,,Ab6,,,,,,,,n304_1Ab6t_0,3661,,gutim,304,
304,1721.9342,0.0626,144,96,6,3662,,C7,,,,,,,,n304_1C7x_0,3662,,gutim,304,
304,1722.0001,0.1237,144,102,6,3663,,Gb7,,,,,,,,n304_1Gb7t_0,3663,,gutim,304,
304,1722.1303,0.1237,144,92,7,3664,,Ab6,,,,,,,,n304_1Ab6t_1,3664,,gutim,304,
304,1722.2605,0.1237,144,96,8,3665,,C7,,,,,,,,n304_1C7t_0,3665,,gutim,304,
304,1722.3907,0.1237,144,80,9,3666,,Ab5,,,,,,,,n304_1Ab5t_0,3666,,gutim,304,
304,1722.5209,0.0626,144,96,10,3667,,C7,,,,,,,,n304_1C7x_1,3667,,gutim,304,
304,1722.5868,0.1237,144,102,11,3668,,Gb7,,,,,,,,n304_1Gb7t_1,3668,,gutim,304,
304,1722.717,0.1237,144,80,12,3669,,Ab5,,,,,,,,n304_1Ab5t_1,3669,,gutim,304,
304,1722.8472,0.1237,144,84,12,3670,,C6,,,,,,,,n304_1C6t_0,3670,,gutim,304,
304,1722.9774,0.1175,144,68,13,3671,,Ab4,,,,,,,,n304_1Ab4t_0,3671,,gutim,304,
304,1722.9774,0.1237,144,84,13,3671,,C6,,,,,,,,n304_1C6t_1,3671,,gutim,304,
304,1722.9774,0.1237,144,90,13,3671,,Gb6,,,,,,,,n304_1Gb6t,3671,,gutim,304,
304,1723.1076,0.0626,144,96,14,3672,,C7,,,,,,,,n304_1C7x_2,3672,,gutim,304,
304,1723.1735,0.1237,144,102,15,3673,,Gb7,,,,,,,,n304_1Gb7t_2,3673,,gutim,304,
304,1723.3037,0.1237,144,80,16,3674,,Ab5,,,,,,,,n304_1Ab5t_2,3674,,gutim,304,
304,1723.4339,0.1237,144,96,17,3675,,C7,,,,,,,,n304_1C7t_1,3675,,gutim,304,
304,1723.5641,0.1237,144,68,18,3676,,Ab4,,,,,,,,n304_1Ab4t_1,3676,,gutim,304,
304,1723.5641,0.1237,144,96,18,3676,,C7,,,,,,,,n304_1C7t_2,3676,,gutim,304,
304,1723.5641,0.1237,144,102,18,3676,,Gb7,,,,,,,,n304_1Gb7t_3,3676,,gutim,304,
304,1723.6944,0.0626,144,96,19,3677,,C7,,,,,,,,n304_1C7x_3,3677,,gutim,304,
304,1723.7602,0.1237,144,102,19,3678,,Gb7,,,,,,,,n304_1Gb7t_4,3678,,gutim,304,
304,1723.8904,0.1237,144,68,20,3679,,Ab4,,,,,,,,n304_1Ab4t_2,3679,,gutim,304,
304,1724.0206,0.1237,144,84,20,3680,,C6,,,,,,,,n304_1C6t_2,3680,,gutim,304,
304,1724.1508,0.1863,144,74,8,3681,,D5,,,,,,,,n304_1D5t_0,3681,,gutim,304,
304,1724.3469,0.1237,144,103,10,3682,,G7,,,,,,,,n304_1G7t_0,3682,,gutim,304,
304,1724.4771,0.1863,144,80,11,3683,,Ab5,,,,,,,,n304_1Ab5t_3,3683,,gutim,304,
304,1724.6732,0.1863,144,86,13,3684,,D6,,,,,,,,n304_1D6t,3684,,gutim,304,
304,1724.8693,0.1863,144,103,14,3685,,G7,,,,,,,,n304_1G7t_1,3685,,gutim,304,
304,1725.0654,0.1237,144,66,16,3686,,F#4,,,,,,,,n304_1Fs4t_0,3686,,gutim,304,
304,1725.1956,0.1237,144,74,17,3687,,D5,,,,,,,,n304_1D5t_1,3687,,gutim,304,
304,1725.3258,0.1175,144,66,19,3688,,F#4,,,,,,,,n304_1Fs4t_1,3688,,gutim,304,
304,1725.3258,0.1237,144,74,19,3688,,D5,,,,,,,,n304_1D5t_2,3688,,gutim,304,
304,1725.3258,0.1237,144,91,19,3688,,G6,,,,,,,,n304_1G6t,3688,,gutim,304,
304,1725.456,0.1237,144,80,20,3689,,Ab5,,,,,,,,n304_1Ab5t_4,3689,,gutim,304,
304,1725.5862,0.1237,144,74,21,3690,,D5,,,,,,,,n304_1D5t_3,3690,,gutim,304,
304,1725.7164,0.7538,144,80,22,3691,,Ab5,,,,,,,,n304_1Ab5e,3691,,gutim,304,
304,1725.7164,0.6348,144,91,22,3691,,G6,,,,,,,,n304_1G6e,3691,,gutim,304,
304,1725.9217,0.1121,144,44,22,3692,,Ab2,,,,,,,,n304_5Ab2t_0,3692,,gutim,304,
304,1726.0396,0.1121,144,60,22,3693,,C4,,,,,,,,n304_5C4t,3693,,gutim,304,
304,1726.1576,0.1121,144,66,22,3694,,Gb4,,,,,,,,n304_5Gb4t,3694,,gutim,304,
304,1726.2755,0.1121,144,44,22,3695,,Ab2,,,,,,,,n304_5Ab2t_1,3695,,gutim,304,
304,1726.3935,0.1106,144,48,22,3696,,C3,,,,,,,,n304_5C3t,3696,,gutim,304,
,,,,,,,,,,,,,,,,,,305,,,
305,1726.5099,0.1237,144,30,20,3697,,Gb1,,,,,,,,n305_5Gb1t_0,3697,,gutim,305,
305,1726.6401,0.1863,144,46,21,3698,,Bb2,,,,,,,,n305_5Bb2t,3698,,gutim,305,
305,1726.8362,0.1237,144,30,22,3699,,Gb1,,,,,,,,n305_5Gb1t_1,3699,,gutim,305,
305,1726.9664,0.1237,144,38,22,3700,,D2,,,,,,,,n305_5D2t_0,3700,,gutim,305,
305,1727.0966,0.1863,144,44,23,3701,,Ab2,,,,,,,,n305_5Ab2t,3701,,gutim,305,
305,1727.0981,0.4706,144,32,14,3702,,Ab1,,,,,,,,n305_1Ab1e,3702,,gutim,305,
305,1727.0981,0.4706,144,60,22,3702,,C4,,,,,,,,n305_1C4e,3702,,gutim,305,
305,1727.0981,0.4706,144,67,22,3702,,G4,,,,,,,,n305_1G4e,3702,,gutim,305,
305,1727.2927,0.1863,144,38,24,3703,,D2,,,,,,,,n305_5D2t_1,3703,,gutim,305,
305,1727.4888,0.1877,144,79,24,3704,,G5,,,,,,,,n305_5G5t,3704,,gutim,305,
305,1727.6864,1.8824,144,82,14,3705,,Bb5,,,,,,,,n305_1Bb5h,3705,,gutim,305,
305,1727.6864,1.8824,144,56,14,3705,,Ab3,,,,,,,,n305_5Ab3h,3705,,gutim,305,
305,1727.6864,1.8824,144,60,14,3705,,C4,,,,,,,,n305_5C4h,3705,,gutim,305,
305,1727.6864,1.8824,144,66,14,3705,,Gb4,,,,,,,,n305_5Gb4h,3705,,gutim,305,
,,,,,,,7232,,,,,,,,,,,,gutim,,
305,1731.804,0.4706,144,64,11,3706,,E4,,,,,,,,n305_2E4e,3706,,gutim,305,
305,1731.804,10.8235,144,42,14,3706,,Gb2,,,,,,,,n305_5Gb2e,3706,,gutim,305,
305,1731.9511,0.5882,144,80,22,3707,,G#5,,,,,,,,n305_1Gs5s_0,3707,,gutim,305,
305,1732.6864,0.5882,144,33,16,3708,,A1,,,,,,,,n305_1A1s_0,3708,,gutim,305,
305,1733.4217,0.2745,144,41,10,3709,,F2,,,,,,,,n305_1F2t,3709,,gutim,305,
,,,,,,,,,,,,,,,,,,306,,,
306,1733.7648,0.0931,144,74,7,3710,,D5,,,,,,,,n306_1D5s,3710,,gutim,306,
306,1733.9609,0.098,144,29,5,3711,,F1,,,,,,,,n306_1F1s,3711,,gutim,306,
306,1733.9609,0.1569,144,32,5,3711,,Ab1,,,,,,,,n306_1Ab1s,3711,,gutim,306,
306,1736.2158,2.5882,144,54,5,3712,,F#3,,,,,,,,n306_2Fs3q_0,3712,,gutim,306,
,,,,,,,,,,,,,,,,,,307,,,
307,1740.6276,0.1569,144,97,11,3713,,C#7,,,,,,,,n307_1Cs7s,3713,,gutim,307,
307,1740.8236,0.7843,144,33,11,3714,,A1,,,,,,,,n307_1A1e_0,3714,,gutim,307,
307,1741.804,0.1569,144,29,11,3715,,F1,,,,,,,,n307_1F1s,3715,,gutim,307,
307,1742.0001,0.1569,144,70,10,3716,,A#4,,,,,,,,n307_1As4s,3716,,gutim,307,
307,1742.1962,2.5098,144,85,8,3717,,C#6,,,,,,,,n307_1Cs6s_0,3717,,gutim,307,
307,1742.7094,0.06,144,44,14,3718,,Ab2,g,,,,,,,ng307_1Ab2e,3718,,gutim,307,
307,1742.7844,2.0392,144,89,14,3719,,F6,,,,,,,,n307_1F6s,3719,,gutim,307,
307,1742.9805,0.06,144,21,14,3720,,A0,g,,,,,,,ng307_6A0e,3720,,gutim,307,
307,1743.0555,0.06,144,28,14,3721,,E1,g,,,,,,,ng307_6E1e,3721,,gutim,307,
307,1743.1305,0.06,144,58,14,3722,,Bb3,g,,,,,,,ng307_6Bb3e,3722,,gutim,307,
307,1743.2055,0.06,144,40,14,3723,,E2,g,,,,,,,ng307_6E2e,3723,,gutim,307,
307,1743.2805,0.06,144,33,14,3724,,A1,g,,,,,,,ng307_6A1e,3724,,gutim,307,
,,,,,,,7235,,,,,,,,,,,,gutim,,
,,,,,,,,,,,,,,,,,,311,,,
311,1765.9217,0.1569,144,73,17,3725,,C#5,,,,,,,,n311_1Cs5s,3725,,gutim,311,
311,1765.9217,0.1569,144,74,17,3725,,D5,,,,,,,,n311_1D5s,3725,,gutim,311,
311,1765.9217,0.1569,144,81,17,3725,,A5,,,,,,,,n311_1A5s,3725,,gutim,311,
311,1765.9217,0.1569,144,85,17,3725,,C#6,,,,,,,,n311_1Cs6s,3725,,gutim,311,
311,1765.9217,0.4706,144,40,14,3725,,E2,,,,,,,,n311_5E2e,3725,,gutim,311,
311,1765.9217,0.4706,144,46,14,3725,,Bb2,,,,,,,,n311_5Bb2e,3725,,gutim,311,
311,1766.1178,0.3137,144,65,17,3726,,F4,,,,,,,,n311_1F4e,3726,,gutim,311,
311,1766.5099,0.1176,144,73,14,3727,,C#5,,,,,,,,n311_5Cs5t,3727,,gutim,311,
311,1766.657,0.1176,144,57,13,3728,,A3,,,,,,,,n311_5A3t,3728,,gutim,311,
311,1766.804,0.0784,144,53,12,3729,,F3,,,,,,,,n311_5F3t_0,3729,,gutim,311,
311,1766.9021,0.0784,144,64,11,3730,,E4,,,,,,,,n311_5E4t,3730,,gutim,311,
311,1767.0001,0.0784,144,53,10,3731,,F3,,,,,,,,n311_5F3t_1,3731,,gutim,311,
311,1767.2942,0.0784,144,85,11,3732,,C#6,,,,,,,,n311_1Cs6t,3732,,gutim,311,
311,1767.3942,0.06,144,98,12,3733,,D7,g,,,,,,,ng311_1D7e,3733,,gutim,311,
311,1767.4692,0.0784,144,69,13,3734,,A4,,,,,,,,n311_1A4t,3734,,gutim,311,
311,1767.5692,0.06,144,77,13,3735,,F5,g,,,,,,,ng311_1F5e,3735,,gutim,311,
311,1767.6442,0.06,144,92,14,3736,,G#6,g,,,,,,,ng311_1Gs6e,3736,,gutim,311,
311,1767.9153,0.0784,144,73,17,3737,,C#5,,,,,,,,n311_1Cs5t,3737,,gutim,311,
311,1768.0133,0.0784,144,98,17,3738,,D7,,,,,,,,n311_1D7t,3738,,gutim,311,
311,1768.1114,0.0784,144,92,18,3739,,G#6,,,,,,,,n311_1Gs6t_0,3739,,gutim,311,
311,1768.2094,0.0784,144,45,19,3740,,A2,,,,,,,,n311_1A2t,3740,,gutim,311,
311,1768.3075,0.0784,144,53,20,3741,,F3,,,,,,,,n311_1F3t,3741,,gutim,311,
311,1768.4055,0.0784,144,92,20,3742,,G#6,,,,,,,,n311_1Gs6t_1,3742,,gutim,311,
,,,,,,,,,,,,,,,,,,312,,,
312,1769.0918,0.0712,144,50,22,3743,,D3,g,,,,,,,ng312_1D3e_0,3743,,gutim,312,
312,1769.1668,0.0712,144,37,22,3744,,C#2,g,,,,,,,ng312_1Cs2e_0,3744,,gutim,312,
312,1769.2418,0.0712,144,21,23,3745,,A0,g,,,,,,,ng312_1A0e_0,3745,,gutim,312,
312,1769.3168,0.0712,144,37,24,3746,,C#2,g,,,,,,,ng312_1Cs2e_1,3746,,gutim,312,
312,1769.3168,0.0712,144,44,24,3746,,G#2,g,,,,,,,ng312_1Gs2e,3746,,gutim,312,
312,1769.3168,0.0712,144,50,24,3746,,D3,g,,,,,,,ng312_1D3e_1,3746,,gutim,312,
312,1769.3918,0.0712,144,21,24,3747,,A0,g,,,,,,,ng312_1A0e_1,3747,,gutim,312,
312,1769.3918,0.0712,144,29,24,3747,,F1,g,,,,,,,ng312_1F1e,3747,,gutim,312,
312,1769.4668,1.3971,144,61,24,3748,,C#4,,,,,,,,n312_1Cs4e_0,3748,,gutim,312,
312,1770.5682,0.06,144,55,11,3749,,G3,g,,,,,,,ng312_1G3e,3749,,gutim,312,
312,1770.6432,0.1176,144,58,11,3750,,Bb3,,,,,,,,n312_1Bb3t,3750,,gutim,312,
312,1770.6432,0.9412,144,79,11,3750,,G5,,,,,,,,n312_1G5t_0,3750,,gutim,312,
312,1770.7903,0.1176,144,62,11,3751,,D4,,,,,,,,n312_1D4t,3751,,gutim,312,
312,1770.9374,0.7059,144,61,24,3752,,C#4,,,,,,,,n312_1Cs4e_1,3752,,gutim,312,
312,1770.9374,0.7059,144,86,24,3752,,D6,,,,,,,,n312_1D6e,3752,,gutim,312,
312,1771.4276,1.2549,144,35,11,3753,,B1,,,,,,,,n312_5B1e_0,3753,,gutim,312,
312,1771.4276,1.2549,144,46,11,3753,,Bb2,,,,,,,,n312_5Bb2e_0,3753,,gutim,312,
312,1771.8197,0.9412,144,38,11,3754,,D2,,,,,,,,n312_5D2q,3754,,gutim,312,
312,1772.1138,0.0931,144,85,14,3755,,Db6,,,,,,,,n312_1Db6t,3755,,gutim,312,
312,1772.2119,0.0931,144,57,14,3756,,A3,,,,,,,,n312_1A3t,3756,,gutim,312,
312,1772.3099,0.0931,144,53,14,3757,,F3,,,,,,,,n312_1F3t_0,3757,,gutim,312,
312,1772.408,0.0931,144,64,14,3758,,E4,,,,,,,,n312_1E4t_0,3758,,gutim,312,
312,1772.506,0.0931,144,53,14,3759,,F3,,,,,,,,n312_1F3t_1,3759,,gutim,312,
312,1772.604,0.0931,144,64,14,3760,,E4,,,,,,,,n312_1E4t_1,3760,,gutim,312,
312,1772.7021,0.2353,144,70,14,3761,,Bb4,,,,,,,,n312_1Bb4s,3761,,gutim,312,
312,1772.9962,0.1397,144,42,8,3762,,F#2,,,,,,,,n312_1Fs2t,3762,,gutim,312,
312,1772.9962,0.1397,144,55,8,3762,,G3,,,,,,,,n312_1G3t,3762,,gutim,312,
312,1772.9962,0.3137,144,35,8,3762,,B1,,,,,,,,n312_5B1e_1,3762,,gutim,312,
312,1772.9962,0.3137,144,38,8,3762,,D2,,,,,,,,n312_5D2e_0,3762,,gutim,312,
312,1772.9962,0.3137,144,46,8,3762,,Bb2,,,,,,,,n312_5Bb2e_1,3762,,gutim,312,
312,1773.1432,0.1397,144,48,8,3763,,C3,,,,,,,,n312_1C3t,3763,,gutim,312,
312,1773.3883,0.3137,144,64,7,3764,,E4,,,,,,,,n312_5E4e,3764,,gutim,312,
312,1773.7805,0.3137,144,30,5,3765,,F#1,,,,,,,,n312_5Fs1e,3765,,gutim,312,
312,1773.7805,0.3137,144,35,5,3765,,B1,,,,,,,,n312_5B1e_2,3765,,gutim,312,
312,1773.7805,0.3137,144,38,5,3765,,D2,,,,,,,,n312_5D2e_1,3765,,gutim,312,
312,1773.7805,0.3137,144,46,5,3765,,Bb2,,,,,,,,n312_5Bb2e_2,3765,,gutim,312,
312,1773.8785,0.1176,144,54,11,3766,,F#3,,,,,,,,n312_1Fs3t,3766,,gutim,312,
312,1774.0256,0.1176,144,70,11,3767,,A#4,,,,,,,,n312_1As4t,3767,,gutim,312,
312,1774.1727,1.4118,144,79,11,3768,,G5,,,,,,,,n312_1G5q,3768,,gutim,312,
312,1774.6138,0.1176,144,83,11,3769,,B5,,,,,,,,n312_5B5t,3769,,gutim,312,
312,1774.7609,0.1176,144,62,11,3770,,D4,,,,,,,,n312_5D4t_0,3770,,gutim,312,
312,1774.908,0.1176,144,41,11,3771,,F2,,,,,,,,n312_5F2t_0,3771,,gutim,312,
312,1775.055,0.1176,144,41,11,3772,,F2,,,,,,,,n312_5F2t_1,3772,,gutim,312,
312,1775.055,0.1176,144,54,11,3772,,F#3,,,,,,,,n312_5Fs3t,3772,,gutim,312,
312,1775.055,0.1176,144,62,11,3772,,D4,,,,,,,,n312_5D4t_1,3772,,gutim,312,
312,1775.055,0.1176,144,71,11,3772,,B4,,,,,,,,n312_5B4t,3772,,gutim,312,
312,1775.2021,0.1176,144,70,11,3773,,A#4,,,,,,,,n312_5As4t,3773,,gutim,312,
,,,,,,,,,,,,,,,,,,313,,,
313,1775.3491,0.1176,144,42,5,3774,,F#2,,,,,,,,n313_5Fs2t_0,3774,,gutim,313,
313,1775.3491,0.1176,144,55,5,3774,,G3,,,,,,,,n313_5G3t_0,3774,,gutim,313,
313,1775.4962,0.1176,144,58,5,3775,,Bb3,,,,,,,,n313_5Bb3t,3775,,gutim,313,
313,1775.6432,0.1176,144,62,5,3776,,D4,,,,,,,,n313_5D4t,3776,,gutim,313,
313,1775.7903,0.1176,144,42,5,3777,,F#2,,,,,,,,n313_5Fs2t_1,3777,,gutim,313,
313,1775.7903,0.1176,144,48,5,3777,,C3,,,,,,,,n313_5C3t,3777,,gutim,313,
313,1775.7903,0.1176,144,55,5,3777,,G3,,,,,,,,n313_5G3t_1,3777,,gutim,313,
313,1775.9374,0.3529,144,64,5,3778,,E4,,,,,,,,n313_1E4s,3778,,gutim,313,
313,1776.1334,0.3137,144,30,5,3779,,F#1,,,,,,,,n313_5Fs1e,3779,,gutim,313,
313,1776.1334,0.3137,144,35,5,3779,,B1,,,,,,,,n313_5B1e,3779,,gutim,313,
313,1776.1334,0.3137,144,38,5,3779,,D2,,,,,,,,n313_5D2e,3779,,gutim,313,
313,1776.1334,0.3137,144,46,5,3779,,Bb2,,,,,,,,n313_5Bb2e,3779,,gutim,313,
313,1776.1334,0.3137,144,52,5,3779,,E3,,,,,,,,n313_5E3e,3779,,gutim,313,
313,1776.3785,0.1176,144,41,14,3780,,F2,,,,,,,,n313_1F2t,3780,,gutim,313,
,,,,,,,7237,,,,,,,,,,,,gutim,,
313,1776.5256,0.4706,144,41,17,3781,,F2,,,,,,,,n313_1F2e,3781,,gutim,313,
313,1776.5256,0.4706,144,49,17,3781,,Db3,,,,,,,,n313_1Db3e,3781,,gutim,313,
313,1776.5256,0.6275,144,83,11,3781,,B5,,,,,,,,n313_5B5e,3781,,gutim,313,
313,1777.1138,1.4118,144,79,11,3782,,G5,,,,,,,,n313_1G5q,3782,,gutim,313,
313,1777.3099,0.1237,144,42,11,3783,,F#2,,,,,,,,n313_5Fs2t_2,3783,,gutim,313,
313,1777.4401,0.1237,144,50,12,3784,,D3,,,,,,,,n313_5D3t_0,3784,,gutim,313,
313,1777.5703,0.1237,144,42,13,3785,,F#2,,,,,,,,n313_5Fs2t_3,3785,,gutim,313,
313,1777.7005,0.1237,144,83,14,3786,,B5,,,,,,,,n313_5B5t,3786,,gutim,313,
313,1777.8307,0.1237,144,50,14,3787,,D3,,,,,,,,n313_5D3t_1,3787,,gutim,313,
313,1777.961,0.1237,144,42,14,3788,,F#2,,,,,,,,n313_5Fs2t_4,3788,,gutim,313,
313,1778.4833,0.3162,144,30,5,3789,,F#1,,,,,,,,n313_5Fs1s,3789,,gutim,313,
313,1778.4833,0.3162,144,35,5,3789,,B1,,,,,,,,n313_5B1s,3789,,gutim,313,
313,1778.4833,0.3162,144,38,5,3789,,D2,,,,,,,,n313_5D2s,3789,,gutim,313,
313,1778.4833,0.3162,144,46,5,3789,,Bb2,,,,,,,,n313_5Bb2s,3789,,gutim,313,
313,1778.4833,0.3162,144,52,5,3789,,E3,,,,,,,,n313_5E3s,3789,,gutim,313,
313,1778.8785,0.565,144,81,11,3790,,A5,,,,,,,,n313_1A5e,3790,,gutim,313,
313,1779.4668,0.5588,144,42,14,3791,,F#2,,,,,,,,n313_5Fs2e,3791,,gutim,313,
313,1779.4668,0.4706,144,49,17,3791,,Db3,,,,,,,,n313_5Db3e,3791,,gutim,313,
313,1779.4668,0.4706,144,68,17,3791,,Ab4,,,,,,,,n313_5Ab4e,3791,,gutim,313,
313,1779.5847,0.3762,144,73,12,3792,,C#5,,,,,,,,n313_1Cs5e,3792,,gutim,313,
313,1780.055,0.1409,144,81,13,3793,,A5,,,,,,,,n313_1A5t,3793,,gutim,313,
313,1780.2312,0.0944,144,73,13,3794,,C#5,,,,,,,,n313_1Cs5t,3794,,gutim,313,
313,1780.3491,0.0944,144,58,14,3795,,Bb3,,,,,,,,n313_1Bb3t_0,3795,,gutim,313,
313,1780.4671,0.1409,144,93,14,3796,,A6,,,,,,,,n313_1A6t,3796,,gutim,313,
313,1780.6432,0.1569,144,85,14,3797,,C#6,,,,,,,,n313_1Cs6t_0,3797,,gutim,313,
313,1780.8393,0.1042,144,65,14,3798,,F4,,,,,,,,n313_1F4t,3798,,gutim,313,
313,1780.9695,0.1042,144,85,15,3799,,C#6,,,,,,,,n313_1Cs6t_1,3799,,gutim,313,
313,1781.0997,0.1054,144,58,15,3800,,Bb3,,,,,,,,n313_1Bb3t_1,3800,,gutim,313,
,,,,,,,,,,,,,,,,,,314,,,
314,1781.2315,0.1237,144,65,15,3801,,F4,,,,,,,,n314_1F4t,3801,,gutim,314,
314,1781.3617,0.1237,144,52,15,3802,,E3,,,,,,,,n314_1E3t_0,3802,,gutim,314,
314,1781.4919,0.1863,144,58,16,3803,,Bb3,,,,,,,,n314_1Bb3t,3803,,gutim,314,
314,1781.688,0.1237,144,40,16,3804,,E2,,,,,,,,n314_1E2t,3804,,gutim,314,
314,1781.8182,0.1863,144,93,16,3805,,A6,,,,,,,,n314_1A6t,3805,,gutim,314,
314,1782.0143,0.1237,144,85,17,3806,,C#6,,,,,,,,n314_1Cs6t_0,3806,,gutim,314,
314,1782.1445,0.1237,144,70,17,3807,,Bb4,,,,,,,,n314_1Bb4t,3807,,gutim,314,
314,1782.2747,0.1266,144,77,17,3808,,F5,,,,,,,,n314_1F5t,3808,,gutim,314,
314,1782.408,1.8824,144,58,20,3809,,Bb3,,,,,,,,n314_1Bb3h,3809,,gutim,314,
314,1782.8001,0.1237,144,70,11,3810,,Bb4,,,,,,,,n314_5Bb4t_0,3810,,gutim,314,
314,1782.9303,0.1237,144,43,11,3811,,G2,,,,,,,,n314_5G2t,3811,,gutim,314,
314,1783.0605,0.1237,144,70,12,3812,,Bb4,,,,,,,,n314_5Bb4t_1,3812,,gutim,314,
314,1783.1907,0.1863,144,42,12,3813,,Gb2,,,,,,,,n314_5Gb2t_0,3813,,gutim,314,
314,1783.3868,0.1863,144,70,12,3814,,Bb4,,,,,,,,n314_5Bb4t_2,3814,,gutim,314,
314,1783.5829,0.1863,144,83,13,3815,,B5,,,,,,,,n314_5B5s,3815,,gutim,314,
314,1783.779,0.1863,144,50,13,3816,,D3,,,,,,,,n314_5D3s,3816,,gutim,314,
314,1783.975,0.1863,144,41,14,3817,,F2,,,,,,,,n314_5F2s,3817,,gutim,314,
314,1784.1711,0.1121,144,42,14,3818,,Gb2,,,,,,,,n314_5Gb2t_1,3818,,gutim,314,
314,1784.1711,0.1121,144,52,8,3818,,E3,,,,,,,,n314_5E3t,3818,,gutim,314,
314,1784.2891,0.1121,144,85,8,3819,,C#6,,,,,,,,n314_5Cs6t,3819,,gutim,314,
314,1784.407,0.1121,144,70,8,3820,,Bb4,,,,,,,,n314_5Bb4t_3,3820,,gutim,314,
314,1784.525,0.1121,144,45,8,3821,,A2,,,,,,,,n314_5A2t,3821,,gutim,314,
314,1784.6429,0.1121,144,41,8,3822,,F2,,,,,,,,n314_5F2t,3822,,gutim,314,
314,1785.3491,0.1569,144,85,8,3823,,C#6,,,,,,,,n314_1Cs6t_1,3823,,gutim,314,
314,1785.5452,0.1237,144,45,8,3824,,A2,,,,,,,,n314_1A2t,3824,,gutim,314,
314,1785.5452,0.3137,144,30,5,3824,,F#1,,,,,,,,n314_5Fs1e,3824,,gutim,314,
314,1785.5452,0.3137,144,35,5,3824,,B1,,,,,,,,n314_5B1e,3824,,gutim,314,
314,1785.5452,0.3137,144,38,5,3824,,D2,,,,,,,,n314_5D2e,3824,,gutim,314,
314,1785.5452,0.3137,144,46,5,3824,,Bb2,,,,,,,,n314_5Bb2e,3824,,gutim,314,
314,1785.5452,0.3137,144,52,5,3824,,E3,,,,,,,,n314_5E3e,3824,,gutim,314,
314,1785.6754,0.1237,144,41,8,3825,,F2,,,,,,,,n314_1F2t,3825,,gutim,314,
314,1785.8056,0.1252,144,52,8,3826,,E3,,,,,,,,n314_1E3t_1,3826,,gutim,314,
314,1786.5256,0.1863,144,97,8,3827,,C#7,,,,,,,,n314_1Cs7s,3827,,gutim,314,
314,1786.7217,0.1863,144,45,8,3828,,A2,,,,,,,,n314_1A2s,3828,,gutim,314,
314,1786.9178,0.1863,144,52,8,3829,,E3,,,,,,,,n314_1E3s,3829,,gutim,314,
,,,,,,,,,,,,,,,,,,315,,,
315,1787.1138,0.1042,144,41,8,3830,,F2,,,,,,,,n315_1F2t_0,3830,,gutim,315,
315,1787.1138,0.1042,144,45,8,3830,,A2,,,,,,,,n315_1A2t_0,3830,,gutim,315,
315,1787.244,0.1042,144,97,8,3831,,C#7,,,,,,,,n315_1Cs7t,3831,,gutim,315,
315,1787.3743,0.1042,144,82,8,3832,,Bb5,,,,,,,,n315_1Bb5t,3832,,gutim,315,
315,1787.5045,0.1581,144,41,8,3833,,F2,,,,,,,,n315_1F2t_1,3833,,gutim,315,
315,1787.5045,0.1581,144,45,8,3833,,A2,,,,,,,,n315_1A2t_1,3833,,gutim,315,
315,1787.5045,0.1581,144,52,8,3833,,E3,,,,,,,,n315_1E3t,3833,,gutim,315,
315,1787.7021,0.4706,144,82,8,3834,,Bb5,,,,,,,,n315_1Bb5e,3834,,gutim,315,
315,1788.8785,0.1121,144,76,5,3835,,E5,,,,,,,,n315_1E5t_0,3835,,gutim,315,
315,1788.9965,0.1121,144,83,5,3836,,B5,,,,,,,,n315_1B5t,3836,,gutim,315,
315,1789.1144,0.1121,144,67,5,3837,,G4,,,,,,,,n315_1G4t,3837,,gutim,315,
315,1789.2324,0.1121,144,70,5,3838,,Bb4,,,,,,,,n315_1Bb4t,3838,,gutim,315,
315,1789.2324,0.1121,144,76,5,3838,,E5,,,,,,,,n315_1E5t_1,3838,,gutim,315,
315,1789.3504,0.1106,144,99,5,3839,,Eb7,,,,,,,,n315_1Eb7t,3839,,gutim,315,
315,1789.7609,0.3529,144,28,14,3840,,E1,,,,,,,,n315_1E1s_0,3840,,gutim,315,
315,1789.7609,0.3529,144,58,14,3840,,Bb3,,,,,,,,n315_1Bb3s,3840,,gutim,315,
315,1789.8589,0.6275,144,30,8,3841,,F#1,,,,,,,,n315_5Fs1q,3841,,gutim,315,
315,1789.8589,0.6275,144,35,8,3841,,B1,,,,,,,,n315_5B1q,3841,,gutim,315,
315,1789.8589,0.6275,144,38,8,3841,,D2,,,,,,,,n315_5D2q,3841,,gutim,315,
315,1789.8589,0.6275,144,46,8,3841,,Bb2,,,,,,,,n315_5Bb2q,3841,,gutim,315,
315,1789.8589,0.6275,144,52,8,3841,,E3,,,,,,,,n315_5E3q,3841,,gutim,315,
315,1790.2021,0.3529,144,28,17,3842,,E1,,,,,,,,n315_1E1s_1,3842,,gutim,315,
,,,,,,,7238,,,,,,,,,,,,gutim,,
,,,,,,,,,,,,,,,,,,317,,,
317,1796.5256,0.1863,144,97,8,3843,,C#7,,,,,,,,n317_1Cs7s_0,3843,,gutim,317,
317,1796.5256,0.1863,144,105,20,3843,,A7,,,,,,,,n317_1A7s_0,3843,,gutim,317,
317,1796.5256,0.9412,144,28,20,3843,,E1,,,,,,,,n317_5E1q,3843,,gutim,317,
317,1796.7217,0.1863,144,33,8,3844,,A1,,,,,,,,n317_1A1s,3844,,gutim,317,
317,1796.9178,0.1863,144,40,8,3845,,E2,,,,,,,,n317_1E2s,3845,,gutim,317,
317,1797.1138,0.1237,144,29,8,3846,,F1,,,,,,,,n317_1F1t_0,3846,,gutim,317,
317,1797.1138,0.1237,144,33,8,3846,,A1,,,,,,,,n317_1A1t_0,3846,,gutim,317,
317,1797.244,0.1237,144,97,8,3847,,C#7,,,,,,,,n317_1Cs7t_0,3847,,gutim,317,
317,1797.3743,0.1237,144,82,8,3848,,Bb5,,,,,,,,n317_1Bb5t_0,3848,,gutim,317,
317,1797.5045,0.1863,144,29,8,3849,,F1,,,,,,,,n317_1F1t_1,3849,,gutim,317,
317,1797.5045,0.1863,144,33,8,3849,,A1,,,,,,,,n317_1A1t_1,3849,,gutim,317,
317,1797.5045,0.1863,144,40,8,3849,,E2,,,,,,,,n317_1E2t_0,3849,,gutim,317,
317,1797.7005,0.1237,144,95,11,3850,,B6,,,,,,,,n317_1B6t,3850,,gutim,317,
317,1797.8307,0.1237,144,41,11,3851,,F2,,,,,,,,n317_1F2t,3851,,gutim,317,
317,1797.961,0.1237,144,74,11,3852,,D5,,,,,,,,n317_1D5t_0,3852,,gutim,317,
317,1798.0912,0.1863,144,83,11,3853,,B5,,,,,,,,n317_1B5t,3853,,gutim,317,
317,1798.2872,0.1863,144,74,11,3854,,D5,,,,,,,,n317_1D5t_1,3854,,gutim,317,
317,1798.4833,0.1237,144,29,11,3855,,F1,,,,,,,,n317_1F1t_2,3855,,gutim,317,
317,1798.6135,0.1237,144,82,11,3856,,Bb5,,,,,,,,n317_1Bb5t_1,3856,,gutim,317,
317,1798.7437,0.1863,144,42,11,3857,,Gb2,,,,,,,,n317_1Gb2t_0,3857,,gutim,317,
317,1798.9398,0.1237,144,82,11,3858,,Bb5,,,,,,,,n317_1Bb5t_2,3858,,gutim,317,
317,1799.07,0.1863,144,29,11,3859,,F1,,,,,,,,n317_1F1t_3,3859,,gutim,317,
317,1799.2661,0.1863,144,42,11,3860,,Gb2,,,,,,,,n317_1Gb2t_1,3860,,gutim,317,
317,1799.4622,0.1237,144,29,11,3861,,F1,,,,,,,,n317_1F1t_4,3861,,gutim,317,
317,1799.4622,0.1237,144,33,11,3861,,A1,,,,,,,,n317_1A1t_2,3861,,gutim,317,
317,1799.5924,0.1237,144,97,11,3862,,C#7,,,,,,,,n317_1Cs7t_1,3862,,gutim,317,
317,1799.7226,0.1237,144,82,11,3863,,Bb5,,,,,,,,n317_1Bb5t_3,3863,,gutim,317,
317,1799.8528,0.1921,144,29,11,3864,,F1,,,,,,,,n317_1F1t_5,3864,,gutim,317,
317,1799.8528,0.1921,144,33,11,3864,,A1,,,,,,,,n317_1A1t_3,3864,,gutim,317,
317,1799.8528,0.1921,144,40,11,3864,,E2,,,,,,,,n317_1E2t_1,3864,,gutim,317,
317,1800.055,0.4191,144,97,14,3865,,C#7,,,,,,,,n317_1Cs7s_1,3865,,gutim,317,
317,1800.055,0.4191,144,105,14,3865,,A7,,,,,,,,n317_1A7s_1,3865,,gutim,317,
317,1800.055,0.3137,144,28,14,3865,,E1,,,,,,,,n317_5E1e,3865,,gutim,317,
317,1800.4472,0.6275,144,30,8,3866,,F#1,,,,,,,,n317_5Fs1q,3866,,gutim,317,
317,1800.4472,0.6275,144,35,8,3866,,B1,,,,,,,,n317_5B1q,3866,,gutim,317,
317,1800.4472,0.6275,144,38,8,3866,,D2,,,,,,,,n317_5D2q,3866,,gutim,317,
317,1800.4962,0.1397,144,77,14,3867,,F5,,,,,,,,n317_1F5t,3867,,gutim,317,
317,1800.6432,0.2096,144,72,14,3868,,C5,,,,,,,,n317_1C5t_0,3868,,gutim,317,
317,1800.8638,0.1397,144,37,14,3869,,C#2,,,,,,,,n317_1Cs2t_0,3869,,gutim,317,
317,1801.0109,0.2096,144,44,14,3870,,G#2,,,,,,,,n317_1Gs2t,3870,,gutim,317,
317,1801.2315,0.2096,144,72,14,3871,,C5,,,,,,,,n317_1C5t_1,3871,,gutim,317,
317,1801.4521,0.2096,144,37,14,3872,,C#2,,,,,,,,n317_1Cs2t_1,3872,,gutim,317,
317,1801.6727,0.4191,144,91,14,3873,,G6,,,,,,,,n317_1G6s,3873,,gutim,317,
317,1802.1138,0.2353,144,52,14,3874,,E3,,,,,,,,n317_1E3s,3874,,gutim,317,
317,1802.408,1.0124,144,77,14,3875,,F5,,,,,,,,n317_1F5q,3875,,gutim,317,
317,1802.408,1.0124,144,97,14,3875,,C#7,,,,,,,,n317_1Cs7q,3875,,gutim,317,
317,1802.408,1.0124,144,105,14,3875,,A7,,,,,,,,n317_1A7q,3875,,gutim,317,
,,,,,,,7242,,,,,,,,,,,,gutim,,
,,,,,,,,,,,,,,,,,,321,,,
321,1828.2456,3.2941,144,82,14,3876,,Bb5,,,,,,,,n321_1Bb5h,3876,,gutim,321,
321,1828.2456,3.2941,144,86,14,3876,,D6,,,,,,,,n321_1D6h,3876,,gutim,321,
321,1828.2456,3.2941,144,97,14,3876,,C#7,,,,,,,,n321_1Cs7h,3876,,gutim,321,
321,1828.2456,3.2941,144,79,14,3876,,G5,,,,,,,,n321_2G5h,3876,,gutim,321,
321,1828.2456,0.06,144,45,14,3876,,A2,g,,,,,,,ng321_5A2e,3876,,gutim,321,
321,1828.3206,0.06,144,58,14,3877,,Bb3,g,,,,,,,ng321_5Bb3e,3877,,gutim,321,
321,1832.9515,0.06,144,80,8,3878,,Ab5,g,,,,,,,ng321_1Ab5e,3878,,gutim,321,
321,1832.9515,0.06,144,85,20,3878,,Db6,g,,,,,,,ng321_1Db6e,3878,,gutim,321,
321,1832.9515,4.2353,144,32,8,3878,,Ab1,,,,,,,,n321_5Ab1q,3878,,gutim,321,
321,1833.0265,0.06,144,52,20,3879,,E3,g,,,,,,,ng321_1E3e,3879,,gutim,321,
321,1833.0265,0.06,144,61,8,3879,,C#4,g,,,,,,,ng321_1Cs4e,3879,,gutim,321,
321,1833.1015,0.06,144,70,20,3880,,Bb4,g,,,,,,,ng321_1Bb4e,3880,,gutim,321,
,,,,,,,,,,,,,,,,,,322,,,
322,1837.0691,0.6275,144,97,14,3881,,C#7,,,,,,,,n322_1Cs7q,3881,,gutim,322,
322,1838.0495,0.0392,144,33,14,3882,,A1,,,,,,,,n322_1A1x,3882,,gutim,322,
322,1838.0985,0.0392,144,40,20,3883,,E2,,,,,,,,n322_1E2x,3883,,gutim,322,
322,1838.1476,0.0784,144,29,24,3884,,F1,,,,,,,,n322_1F1t,3884,,gutim,322,
322,1838.2456,0.0784,144,70,20,3885,,A#4,,,,,,,,n322_1As4t,3885,,gutim,322,
322,1838.2456,2.8235,144,52,22,3885,,E3,,,,,,,,n322_5E3h,3885,,gutim,322,
322,1838.3436,0.0392,144,82,10,3886,,A#5,,,,,,,,n322_1As5x,3886,,gutim,322,
322,1838.3927,0.8235,144,97,5,3887,,C#7,,,,,,,,n322_1Cs7e,3887,,gutim,322,
,,,,,,,7245,,,,,,,,,,,,gutim,,
,,,,,,,,,,,,,,,,,,323,,,
323,1846.4809,0.7059,144,97,20,3888,,C#7,,,,,,,,n323_1Cs7e,3888,,gutim,323,
323,1847.3632,0.1887,144,83,8,3889,,B5,,,,,,,,n323_1B5s_0,3889,,gutim,323,
323,1847.3632,0.1887,144,41,8,3889,,F2,,,,,,,,n323_5F2s_0,3889,,gutim,323,
323,1847.5992,0.1887,144,83,8,3890,,B5,,,,,,,,n323_1B5s_1,3890,,gutim,323,
323,1847.5992,0.1887,144,42,8,3890,,Gb2,,,,,,,,n323_5Gb2s_0,3890,,gutim,323,
323,1847.5992,0.1887,144,50,8,3890,,D3,,,,,,,,n323_5D3s,3890,,gutim,323,
323,1847.8351,0.1887,144,83,8,3891,,B5,,,,,,,,n323_1B5s_2,3891,,gutim,323,
323,1847.8351,0.1887,144,41,8,3891,,F2,,,,,,,,n323_5F2s_1,3891,,gutim,323,
323,1847.8351,0.1887,144,42,8,3891,,Gb2,,,,,,,,n323_5Gb2s_1,3891,,gutim,323,
323,1848.071,0.1887,144,83,8,3892,,B5,,,,,,,,n323_1B5s_3,3892,,gutim,323,
323,1848.071,0.1887,144,29,8,3892,,F1,,,,,,,,n323_5F1s_0,3892,,gutim,323,
323,1848.071,0.1887,144,42,8,3892,,Gb2,,,,,,,,n323_5Gb2s_2,3892,,gutim,323,
323,1848.3069,0.1863,144,62,8,3893,,D4,,,,,,,,n323_1D4s,3893,,gutim,323,
323,1848.3069,0.1863,144,70,8,3893,,A#4,,,,,,,,n323_1As4s,3893,,gutim,323,
323,1848.3069,0.1863,144,71,8,3893,,B4,,,,,,,,n323_1B4s,3893,,gutim,323,
323,1848.3069,0.1887,144,29,8,3893,,F1,,,,,,,,n323_5F1s_1,3893,,gutim,323,
323,1848.3069,0.1887,144,42,8,3893,,Gb2,,,,,,,,n323_5Gb2s_3,3893,,gutim,323,
323,1848.6408,0.1544,144,32,8,3894,,Ab1,,,,,,,,n323_5Ab1s,3894,,gutim,323,
,,,,,,,,,,,,,,,,,,324,,,
324,1848.8338,0.2794,144,77,8,3895,,F5,,,,,,,,n324_1F5s_0,3895,,gutim,324,
324,1849.128,0.1863,144,70,8,3896,,Bb4,,,,,,,,n324_1Bb4s_0,3896,,gutim,324,
324,1849.324,0.1863,144,77,8,3897,,F5,,,,,,,,n324_1F5s_1,3897,,gutim,324,
324,1849.324,0.1569,144,36,8,3897,,C2,,,,,,,,n324_5C2s,3897,,gutim,324,
324,1849.324,0.1569,144,46,8,3897,,Bb2,,,,,,,,n324_5Bb2s,3897,,gutim,324,
324,1849.5201,0.2794,144,77,8,3898,,F5,,,,,,,,n324_1F5s_2,3898,,gutim,324,
324,1849.8142,0.1863,144,70,8,3899,,Bb4,,,,,,,,n324_1Bb4s_1,3899,,gutim,324,
324,1850.0103,0.0699,144,69,14,3900,,A4,,,,,,,,n324_1A4x,3900,,gutim,324,
324,1850.0794,0.0712,144,97,17,3901,,C#7,g,,,,,,,ng324_5Cs7e,3901,,gutim,324,
324,1850.0838,0.0699,144,76,15,3902,,E5,,,,,,,,n324_1E5x,3902,,gutim,324,
324,1850.1574,0.0699,144,82,16,3903,,Bb5,,,,,,,,n324_1Bb5x,3903,,gutim,324,
324,1850.1544,0.0712,144,64,18,3903,,E4,g,,,,,,,ng324_5E4e,3903,,gutim,324,
324,1850.2309,0.0588,144,65,16,3904,,F4,,,,,,,,n324_1F4x,3904,,gutim,324,
324,1850.2294,0.0712,144,57,19,3904,,A3,g,,,,,,,ng324_5A3e,3904,,gutim,324,
324,1850.3044,0.1176,144,97,20,3905,,Db7,,,,,,,,n324_1Db7t_0,3905,,gutim,324,
324,1850.3044,0.1397,144,53,20,3905,,F3,,,,,,,,n324_5F3t_0,3905,,gutim,324,
324,1850.3044,0.1397,144,57,20,3905,,A3,,,,,,,,n324_5A3t_0,3905,,gutim,324,
324,1850.3044,0.1397,144,64,20,3905,,E4,,,,,,,,n324_5E4t_0,3905,,gutim,324,
324,1850.4515,0.1176,144,94,20,3906,,Bb6,,,,,,,,n324_1Bb6t,3906,,gutim,324,
324,1850.4515,0.1176,144,97,20,3906,,Db7,,,,,,,,n324_1Db7t_1,3906,,gutim,324,
324,1850.4515,0.1176,144,53,20,3906,,F3,,,,,,,,n324_5F3t_1,3906,,gutim,324,
324,1850.4515,0.1176,144,57,20,3906,,A3,,,,,,,,n324_5A3t_1,3906,,gutim,324,
324,1850.4515,0.1176,144,64,20,3906,,E4,,,,,,,,n324_5E4t_1,3906,,gutim,324,
324,1851.1118,0.0712,144,52,20,3907,,E3,g,,,,,,,ng324_1E3e,3907,,gutim,324,
324,1851.1868,0.1397,144,59,20,3908,,B3,,,,,,,,n324_1B3t,3908,,gutim,324,
324,1851.1868,0.1397,144,85,20,3908,,Db6,,,,,,,,n324_1Db6t,3908,,gutim,324,
324,1851.1868,0.1765,144,62,11,3908,,D4,,,,,,,,n324_5D4t,3908,,gutim,324,
324,1851.3338,0.1397,144,45,20,3909,,A2,,,,,,,,n324_1A2t,3909,,gutim,324,
324,1851.4074,0.1397,144,44,11,3910,,G#2,,,,,,,,n324_5Gs2t_0,3910,,gutim,324,
324,1851.4809,0.2794,144,52,20,3911,,E3,,,,,,,,n324_1E3s,3911,,gutim,324,
324,1851.5544,0.2096,144,37,11,3912,,C#2,,,,,,,,n324_5Cs2t_0,3912,,gutim,324,
324,1851.775,0.2096,144,50,11,3913,,D3,,,,,,,,n324_5D3t,3913,,gutim,324,
324,1851.9956,0.1397,144,44,11,3914,,G#2,,,,,,,,n324_5Gs2t_1,3914,,gutim,324,
324,1852.1427,0.2096,144,37,11,3915,,C#2,,,,,,,,n324_5Cs2t_1,3915,,gutim,324,
,,,,,,,,,,,,,,,,,,325,,,
325,1852.3632,0.4706,144,59,20,3916,,B3,,,,,,,,n325_1B3e,3916,,gutim,325,
325,1852.3632,0.5588,144,50,11,3916,,D3,,,,,,,,n325_5D3e,3916,,gutim,325,
325,1852.9515,0.0944,144,40,8,3917,,E2,,,,,,,,n325_1E2t_0,3917,,gutim,325,
325,1853.0694,0.0944,144,71,8,3918,,B4,,,,,,,,n325_1B4t,3918,,gutim,325,
325,1853.1874,0.0944,144,31,8,3919,,G1,,,,,,,,n325_1G1t,3919,,gutim,325,
325,1853.3053,0.0944,144,34,8,3920,,Bb1,,,,,,,,n325_1Bb1t,3920,,gutim,325,
325,1853.3053,0.0944,144,40,8,3920,,E2,,,,,,,,n325_1E2t_1,3920,,gutim,325,
325,1853.4233,0.0931,144,87,8,3921,,Eb6,,,,,,,,n325_1Eb6t,3921,,gutim,325,
325,1854.128,0.4706,144,32,11,3922,,Ab1,,,,,,,,n325_5Ab1e,3922,,gutim,325,
325,1854.7162,0.4706,144,89,8,3923,,F6,,,,,,,,n325_1F6e,3923,,gutim,325,
325,1854.7162,0.4706,144,97,8,3923,,Db7,,,,,,,,n325_1Db7e,3923,,gutim,325,
325,1854.8923,0.0944,144,33,8,3924,,A1,,,,,,,,n325_5A1t,3924,,gutim,325,
325,1855.0103,0.0944,144,82,10,3925,,Bb5,,,,,,,,n325_5Bb5t_0,3925,,gutim,325,
325,1855.1283,0.1409,144,29,12,3926,,F1,,,,,,,,n325_5F1t,3926,,gutim,325,
325,1855.3044,0.4706,144,36,8,3927,,C2,,,,,,,,n325_1C2e,3927,,gutim,325,
325,1855.3044,0.4706,144,46,8,3927,,Bb2,,,,,,,,n325_1Bb2e,3927,,gutim,325,
325,1855.3044,0.0944,144,82,15,3927,,Bb5,,,,,,,,n325_5Bb5t_1,3927,,gutim,325,
325,1855.3044,0.0944,144,89,15,3927,,F6,,,,,,,,n325_5F6t,3927,,gutim,325,
325,1855.4224,0.0944,144,45,16,3928,,A2,,,,,,,,n325_5A2t_0,3928,,gutim,325,
325,1855.4224,0.0944,144,52,16,3928,,E3,,,,,,,,n325_5E3t_0,3928,,gutim,325,
325,1855.5403,0.1409,144,85,18,3929,,Db6,,,,,,,,n325_5Db6t,3929,,gutim,325,
325,1855.7165,0.1409,144,45,21,3930,,A2,,,,,,,,n325_5A2t_1,3930,,gutim,325,
325,1855.7165,0.1409,144,52,21,3930,,E3,,,,,,,,n325_5E3t_1,3930,,gutim,325,
,,,,,,,,,,,,,,,,,,326,,,
326,1855.8927,0.1409,144,29,24,3931,,F1,,,,,,,,n326_5F1t_0,3931,,gutim,326,
326,1855.8927,0.1409,144,33,24,3931,,A1,,,,,,,,n326_5A1t,3931,,gutim,326,
326,1855.8927,0.1409,144,40,24,3931,,E2,,,,,,,,n326_5E2t_0,3931,,gutim,326,
326,1856.0688,0.0944,144,82,24,3932,,Bb5,,,,,,,,n326_5Bb5t,3932,,gutim,326,
326,1856.1868,0.1409,144,29,14,3933,,F1,,,,,,,,n326_5F1t_1,3933,,gutim,326,
326,1856.1868,0.1409,144,40,14,3933,,E2,,,,,,,,n326_5E2t_1,3933,,gutim,326,
326,1856.3629,0.0944,144,70,14,3934,,Bb4,,,,,,,,n326_5Bb4t,3934,,gutim,326,
326,1856.873,0.1569,144,32,8,3935,,Ab1,,,,,,,,n326_5Ab1s,3935,,gutim,326,
326,1857.0691,0.2353,144,89,8,3936,,F6,,,,,,,,n326_1F6s_0,3936,,gutim,326,
326,1857.3632,0.1569,144,89,8,3937,,F6,,,,,,,,n326_1F6s_1,3937,,gutim,326,
326,1857.3632,0.1569,144,36,8,3937,,C2,,,,,,,,n326_5C2s_0,3937,,gutim,326,
326,1857.3632,0.1569,144,46,8,3937,,Bb2,,,,,,,,n326_5Bb2s_0,3937,,gutim,326,
326,1857.5593,0.1569,144,89,8,3938,,F6,,,,,,,,n326_1F6s_2,3938,,gutim,326,
326,1857.5593,0.2353,144,36,8,3938,,C2,,,,,,,,n326_5C2s_1,3938,,gutim,326,
326,1857.5593,0.2353,144,46,8,3938,,Bb2,,,,,,,,n326_5Bb2s_1,3938,,gutim,326,
326,1857.7554,0.2353,144,100,8,3939,,E7,,,,,,,,n326_1E7s,3939,,gutim,326,
326,1858.0495,0.1569,144,82,8,3940,,Bb5,,,,,,,,n326_1Bb5s,3940,,gutim,326,
326,1858.2456,1.2549,144,100,8,3941,,E7,,,,,,,,n326_1E7q,3941,,gutim,326,
,,,,,,,,,,,,,,,,,,327,,,
327,1859.8142,0.1569,144,82,8,3942,,Bb5,,,,,,,,n327_1Bb5s,3942,,gutim,327,
327,1860.0103,0.1121,144,89,14,3943,,F6,,,,,,,,n327_1F6t,3943,,gutim,327,
327,1860.0103,0.1121,144,97,14,3943,,C#7,,,,,,,,n327_1Cs7t_0,3943,,gutim,327,
327,1860.0103,0.1121,144,100,14,3943,,E7,,,,,,,,n327_1E7t,3943,,gutim,327,
327,1860.0103,0.4706,144,32,8,3943,,Ab1,,,,,,,,n327_5Ab1e,3943,,gutim,327,
327,1860.0103,0.4706,144,36,8,3943,,C2,,,,,,,,n327_5C2e,3943,,gutim,327,
327,1860.0103,0.4706,144,46,8,3943,,Bb2,,,,,,,,n327_5Bb2e,3943,,gutim,327,
327,1860.1283,0.1121,144,40,14,3944,,E2,,,,,,,,n327_1E2t_0,3944,,gutim,327,
327,1860.2462,0.1121,144,94,14,3945,,Bb6,,,,,,,,n327_1Bb6t,3945,,gutim,327,
327,1860.3642,0.1121,144,33,14,3946,,A1,,,,,,,,n327_1A1t_0,3946,,gutim,327,
327,1860.4821,0.1121,144,29,14,3947,,F1,,,,,,,,n327_1F1t_0,3947,,gutim,327,
327,1860.5985,1.4118,144,44,8,3948,,Ab2,,,,,,,,n327_5Ab2q,3948,,gutim,327,
327,1860.836,0.1121,144,97,5,3949,,C#7,,,,,,,,n327_1Cs7t_1,3949,,gutim,327,
327,1860.9539,0.1121,144,40,5,3950,,E2,,,,,,,,n327_1E2t_1,3950,,gutim,327,
327,1861.0719,0.1121,144,82,6,3951,,Bb5,,,,,,,,n327_1Bb5t,3951,,gutim,327,
327,1861.1898,0.1121,144,33,6,3952,,A1,,,,,,,,n327_1A1t_1,3952,,gutim,327,
327,1861.3078,0.1674,144,97,6,3953,,C#7,,,,,,,,n327_1Cs7t_2,3953,,gutim,327,
327,1861.484,0.1121,144,40,6,3954,,E2,,,,,,,,n327_1E2t_2,3954,,gutim,327,
327,1861.6019,0.1674,144,33,7,3955,,A1,,,,,,,,n327_1A1t_2,3955,,gutim,327,
327,1861.7781,0.1237,144,40,7,3956,,E2,,,,,,,,n327_1E2t_3,3956,,gutim,327,
327,1861.9083,0.1237,144,85,7,3957,,C#6,,,,,,,,n327_1Cs6t,3957,,gutim,327,
327,1862.0385,0.1863,144,33,8,3958,,A1,,,,,,,,n327_1A1t_3,3958,,gutim,327,
327,1862.2346,0.1237,144,40,8,3959,,E2,,,,,,,,n327_1E2t_4,3959,,gutim,327,
327,1862.3648,0.1237,144,70,8,3960,,Bb4,,,,,,,,n327_1Bb4t,3960,,gutim,327,
327,1862.3632,0.4706,144,37,8,3960,,Db2,,,,,,,,n327_5Db2e,3960,,gutim,327,
327,1862.495,0.1237,144,33,9,3961,,A1,,,,,,,,n327_1A1t_4,3961,,gutim,327,
327,1862.6252,0.1863,144,29,9,3962,,F1,,,,,,,,n327_1F1t_1,3962,,gutim,327,
327,1862.8213,0.1237,144,58,9,3963,,Bb3,,,,,,,,n327_1Bb3t,3963,,gutim,327,
327,1862.9515,0.5588,144,50,8,3964,,D3,,,,,,,,n327_1D3e,3964,,gutim,327,
327,1862.9515,0.5588,144,59,11,3964,,B3,,,,,,,,n327_1B3e,3964,,gutim,327,
327,1862.9515,0.1863,144,33,10,3964,,A1,,,,,,,,n327_5A1t_0,3964,,gutim,327,
327,1863.1476,0.1237,144,40,10,3965,,E2,,,,,,,,n327_5E2t_0,3965,,gutim,327,
327,1863.2778,0.1237,144,33,11,3966,,A1,,,,,,,,n327_5A1t_1,3966,,gutim,327,
327,1863.408,0.1237,144,29,11,3967,,F1,,,,,,,,n327_5F1t_0,3967,,gutim,327,
327,1863.5397,0.5588,144,44,8,3968,,G#2,,,,,,,,n327_1Gs2e,3968,,gutim,327,
327,1863.5382,0.1863,144,33,11,3968,,A1,,,,,,,,n327_5A1t_2,3968,,gutim,327,
327,1863.7343,0.1863,144,40,12,3969,,E2,,,,,,,,n327_5E2t_1,3969,,gutim,327,
327,1863.9303,0.1877,144,29,12,3970,,F1,,,,,,,,n327_5F1t_1,3970,,gutim,327,
,,,,,,,7250,,,,,,,,,,,,gutim,,
,,,,,,,,,,,,,,,,,,328,,,
328,1864.128,0.2353,144,60,22,3971,,C4,,,,,,,,n328_1C4s,3971,,gutim,328,
328,1864.128,0.2353,144,61,22,3971,,Db4,,,,,,,,n328_1Db4s,3971,,gutim,328,
328,1864.128,0.2353,144,69,22,3971,,A4,,,,,,,,n328_1A4s,3971,,gutim,328,
328,1864.128,0.0931,144,35,14,3971,,B1,,,,,,,,n328_5B1t_0,3971,,gutim,328,
328,1864.226,0.0931,144,58,19,3972,,Bb3,,,,,,,,n328_5Bb3t_0,3972,,gutim,328,
328,1864.324,0.0931,144,44,18,3973,,Ab2,,,,,,,,n328_5Ab2t_0,3973,,gutim,328,
328,1864.4221,0.0931,144,58,17,3974,,Bb3,,,,,,,,n328_5Bb3t_1,3974,,gutim,328,
328,1864.5201,0.0931,144,44,17,3975,,Ab2,,,,,,,,n328_5Ab2t_1,3975,,gutim,328,
328,1864.6181,0.0931,144,58,16,3976,,Bb3,,,,,,,,n328_5Bb3t_2,3976,,gutim,328,
328,1864.7162,0.0931,144,44,15,3977,,Ab2,,,,,,,,n328_5Ab2t_2,3977,,gutim,328,
328,1864.8142,0.0931,144,26,14,3978,,D1,,,,,,,,n328_5D1t,3978,,gutim,328,
328,1864.9123,0.0784,144,58,14,3979,,Bb3,,,,,,,,n328_5Bb3t_3,3979,,gutim,328,
328,1865.0103,0.2353,144,26,14,3980,,D1,,,,,,,,n328_5D1s,3980,,gutim,328,
328,1865.0103,0.2353,144,35,14,3980,,B1,,,,,,,,n328_5B1s,3980,,gutim,328,
328,1865.0103,0.2353,144,44,14,3980,,Ab2,,,,,,,,n328_5Ab2s,3980,,gutim,328,
328,1865.6966,0.1569,144,52,22,3981,,E3,,,,,,,,n328_1E3s_0,3981,,gutim,328,
328,1865.6966,0.1569,144,61,22,3981,,C#4,,,,,,,,n328_1Cs4s_0,3981,,gutim,328,
328,1865.6966,0.1569,144,84,22,3981,,C6,,,,,,,,n328_1C6s_0,3981,,gutim,328,
328,1865.8927,0.4706,144,52,22,3982,,E3,,,,,,,,n328_1E3e,3982,,gutim,328,
328,1865.8927,0.4706,144,58,22,3982,,Bb3,,,,,,,,n328_1Bb3e,3982,,gutim,328,
328,1865.8927,0.4706,144,97,22,3982,,C#7,,,,,,,,n328_1Cs7e,3982,,gutim,328,
328,1866.1868,0.1176,144,40,22,3983,,E2,,,,,,,,n328_5E2t_0,3983,,gutim,328,
328,1866.1868,0.1176,144,44,22,3983,,G#2,,,,,,,,n328_5Gs2t_0,3983,,gutim,328,
328,1866.3338,0.1176,144,35,22,3984,,B1,,,,,,,,n328_5B1t_1,3984,,gutim,328,
328,1866.3338,0.1176,144,37,22,3984,,C#2,,,,,,,,n328_5Cs2t_0,3984,,gutim,328,
328,1866.4809,0.3137,144,90,22,3985,,F#6,,,,,,,,n328_1Fs6e,3985,,gutim,328,
328,1866.4809,0.1176,144,37,22,3985,,C#2,,,,,,,,n328_5Cs2t_1,3985,,gutim,328,
328,1866.4809,0.1176,144,50,22,3985,,D3,,,,,,,,n328_5D3t_0,3985,,gutim,328,
328,1866.628,0.1176,144,35,22,3986,,B1,,,,,,,,n328_5B1t_2,3986,,gutim,328,
328,1866.873,0.1569,144,63,17,3987,,Eb4,,,,,,,,n328_1Eb4s,3987,,gutim,328,
328,1866.873,0.1569,144,67,17,3987,,G4,,,,,,,,n328_1G4s,3987,,gutim,328,
328,1866.873,0.1569,144,85,17,3987,,Db6,,,,,,,,n328_1Db6s,3987,,gutim,328,
328,1866.873,0.1569,144,93,17,3987,,A6,,,,,,,,n328_1A6s_0,3987,,gutim,328,
328,1867.0691,0.4706,144,63,18,3988,,Eb4,,,,,,,,n328_1Eb4e,3988,,gutim,328,
328,1867.0691,0.4706,144,66,18,3988,,F#4,,,,,,,,n328_1Fs4e,3988,,gutim,328,
328,1867.0691,0.4706,144,67,18,3988,,G4,,,,,,,,n328_1G4e,3988,,gutim,328,
328,1867.0691,0.4706,144,87,18,3988,,Eb6,,,,,,,,n328_1Eb6e_0,3988,,gutim,328,
328,1867.6574,0.4706,144,26,5,3989,,D1,,,,,,,,n328_5D1e_0,3989,,gutim,328,
328,1867.6574,0.4706,144,35,5,3989,,B1,,,,,,,,n328_5B1e_0,3989,,gutim,328,
328,1867.6574,0.4706,144,44,5,3989,,Ab2,,,,,,,,n328_5Ab2e_0,3989,,gutim,328,
328,1867.6574,0.4706,144,58,5,3989,,Bb3,,,,,,,,n328_5Bb3e_0,3989,,gutim,328,
328,1868.0495,0.4657,144,52,22,3990,,E3,,,,,,,,n328_1E3s_1,3990,,gutim,328,
328,1868.0495,0.4657,144,61,22,3990,,C#4,,,,,,,,n328_1Cs4s_1,3990,,gutim,328,
328,1868.0495,0.1863,144,84,22,3990,,C6,,,,,,,,n328_1C6s_1,3990,,gutim,328,
328,1868.2456,0.2794,144,97,22,3991,,C#7,,,,,,,,n328_1Cs7s,3991,,gutim,328,
328,1868.2456,0.2353,144,52,22,3991,,E3,,,,,,,,n328_5E3s,3991,,gutim,328,
328,1868.2456,0.2353,144,58,22,3991,,Bb3,,,,,,,,n328_5Bb3s,3991,,gutim,328,
328,1868.5397,0.1176,144,35,22,3992,,B1,,,,,,,,n328_5B1t_3,3992,,gutim,328,
328,1868.5397,0.1176,144,37,22,3992,,C#2,,,,,,,,n328_5Cs2t_2,3992,,gutim,328,
328,1868.6868,0.1176,144,101,22,3993,,F7,,,,,,,,n328_1F7t,3993,,gutim,328,
328,1868.6868,0.1176,144,50,22,3993,,D3,,,,,,,,n328_5D3t_1,3993,,gutim,328,
328,1868.8338,0.4706,144,34,22,3994,,Bb1,,,,,,,,n328_5Bb1e,3994,,gutim,328,
328,1869.4221,0.4706,144,26,5,3995,,D1,,,,,,,,n328_5D1e_1,3995,,gutim,328,
328,1869.4221,0.4706,144,35,5,3995,,B1,,,,,,,,n328_5B1e_1,3995,,gutim,328,
328,1869.4221,0.4706,144,44,5,3995,,Ab2,,,,,,,,n328_5Ab2e_1,3995,,gutim,328,
328,1869.4221,0.4706,144,58,5,3995,,Bb3,,,,,,,,n328_5Bb3e_1,3995,,gutim,328,
328,1870.1574,0.1176,144,60,22,3996,,C4,,,,,,,,n328_1C4t_0,3996,,gutim,328,
328,1870.1574,0.1176,144,69,22,3996,,A4,,,,,,,,n328_1A4t_0,3996,,gutim,328,
328,1870.1574,0.1176,144,40,22,3996,,E2,,,,,,,,n328_5E2t_1,3996,,gutim,328,
328,1870.1574,0.1176,144,44,22,3996,,G#2,,,,,,,,n328_5Gs2t_1,3996,,gutim,328,
328,1870.3044,0.0931,144,60,22,3997,,C4,,,,,,,,n328_1C4t_1,3997,,gutim,328,
328,1870.3044,0.0931,144,69,22,3997,,A4,,,,,,,,n328_1A4t_1,3997,,gutim,328,
328,1870.3044,0.0931,144,90,22,3997,,F#6,,,,,,,,n328_1Fs6t_0,3997,,gutim,328,
328,1870.4025,0.1863,144,93,20,3998,,A6,,,,,,,,n328_1A6s_1,3998,,gutim,328,
328,1870.4025,0.1569,144,63,20,3998,,Eb4,,,,,,,,n328_5Eb4s,3998,,gutim,328,
328,1870.4025,0.1569,144,66,20,3998,,F#4,,,,,,,,n328_5Fs4s,3998,,gutim,328,
328,1870.4025,0.1569,144,67,20,3998,,G4,,,,,,,,n328_5G4s,3998,,gutim,328,
328,1870.5985,0.3725,144,87,20,3999,,Eb6,,,,,,,,n328_1Eb6e_1,3999,,gutim,328,
328,1870.5985,0.3137,144,63,20,3999,,Eb4,,,,,,,,n328_5Eb4e,3999,,gutim,328,
328,1870.5985,0.3137,144,66,20,3999,,F#4,,,,,,,,n328_5Fs4e,3999,,gutim,328,
328,1870.5985,0.3137,144,67,20,3999,,G4,,,,,,,,n328_5G4e,3999,,gutim,328,
328,1870.9907,0.0784,144,87,21,4000,,Eb6,,,,,,,,n328_1Eb6t_0,4000,,gutim,328,
328,1870.9907,0.0784,144,90,21,4000,,F#6,,,,,,,,n328_1Fs6t_1,4000,,gutim,328,
328,1870.9907,0.0784,144,60,21,4000,,C4,,,,,,,,n328_5C4t_0,4000,,gutim,328,
328,1870.9907,0.0784,144,63,21,4000,,Eb4,,,,,,,,n328_5Eb4t_0,4000,,gutim,328,
328,1870.9907,0.0784,144,66,21,4000,,F#4,,,,,,,,n328_5Fs4t_0,4000,,gutim,328,
328,1870.9907,0.0784,144,67,21,4000,,G4,,,,,,,,n328_5G4t_0,4000,,gutim,328,
328,1870.9907,0.0784,144,69,21,4000,,A4,,,,,,,,n328_5A4t_0,4000,,gutim,328,
328,1871.0887,0.0784,144,87,21,4001,,Eb6,,,,,,,,n328_1Eb6t_1,4001,,gutim,328,
328,1871.0887,0.0784,144,90,21,4001,,F#6,,,,,,,,n328_1Fs6t_2,4001,,gutim,328,
328,1871.0887,0.0784,144,60,21,4001,,C4,,,,,,,,n328_5C4t_1,4001,,gutim,328,
328,1871.0887,0.0784,144,63,21,4001,,Eb4,,,,,,,,n328_5Eb4t_1,4001,,gutim,328,
328,1871.0887,0.0784,144,66,21,4001,,F#4,,,,,,,,n328_5Fs4t_1,4001,,gutim,328,
328,1871.0887,0.0784,144,67,21,4001,,G4,,,,,,,,n328_5G4t_1,4001,,gutim,328,
328,1871.0887,0.0784,144,69,21,4001,,A4,,,,,,,,n328_5A4t_1,4001,,gutim,328,
,,,,,,,,,,,,,,,,,,329,,,
329,1871.5789,0.1863,144,84,22,4002,,C6,,,,,,,,n329_1C6s,4002,,gutim,329,
329,1871.5789,0.1569,144,52,22,4002,,E3,,,,,,,,n329_5E3s,4002,,gutim,329,
329,1871.5789,0.1569,144,61,22,4002,,C#4,,,,,,,,n329_5Cs4s,4002,,gutim,329,
329,1871.775,0.5588,144,97,22,4003,,C#7,,,,,,,,n329_1Cs7e,4003,,gutim,329,
329,1871.775,0.4706,144,52,22,4003,,E3,,,,,,,,n329_5E3e,4003,,gutim,329,
329,1871.775,0.4706,144,58,22,4003,,Bb3,,,,,,,,n329_5Bb3e_0,4003,,gutim,329,
329,1872.3632,0.1176,144,50,22,4004,,D3,,,,,,,,n329_1D3t_0,4004,,gutim,329,
329,1872.3632,0.1176,144,60,22,4004,,C4,,,,,,,,n329_1C4t_0,4004,,gutim,329,
329,1872.3632,0.1176,144,35,22,4004,,B1,,,,,,,,n329_5B1t_0,4004,,gutim,329,
329,1872.3632,0.1176,144,37,22,4004,,C#2,,,,,,,,n329_5Cs2t_0,4004,,gutim,329,
329,1872.3632,0.1176,144,40,22,4004,,E2,,,,,,,,n329_5E2t_0,4004,,gutim,329,
329,1872.3632,0.1176,144,44,22,4004,,G#2,,,,,,,,n329_5Gs2t_0,4004,,gutim,329,
329,1872.5103,0.1176,144,50,22,4005,,D3,,,,,,,,n329_1D3t_1,4005,,gutim,329,
329,1872.5103,0.1176,144,60,22,4005,,C4,,,,,,,,n329_1C4t_1,4005,,gutim,329,
329,1872.5103,0.1176,144,35,22,4005,,B1,,,,,,,,n329_5B1t_1,4005,,gutim,329,
329,1872.5103,0.1176,144,37,22,4005,,C#2,,,,,,,,n329_5Cs2t_1,4005,,gutim,329,
329,1872.5103,0.1176,144,40,22,4005,,E2,,,,,,,,n329_5E2t_1,4005,,gutim,329,
329,1872.5103,0.1176,144,44,22,4005,,G#2,,,,,,,,n329_5Gs2t_1,4005,,gutim,329,
329,1872.9515,0.4706,144,26,5,4006,,D1,,,,,,,,n329_5D1e_0,4006,,gutim,329,
329,1872.9515,0.4706,144,35,5,4006,,B1,,,,,,,,n329_5B1e_0,4006,,gutim,329,
329,1872.9515,0.4706,144,44,5,4006,,Ab2,,,,,,,,n329_5Ab2e,4006,,gutim,329,
329,1872.9515,0.4706,144,58,5,4006,,Bb3,,,,,,,,n329_5Bb3e_1,4006,,gutim,329,
329,1873.5397,0.3137,144,34,5,4007,,Bb1,,,,,,,,n329_1Bb1e,4007,,gutim,329,
329,1873.5397,0.0931,144,35,5,4007,,B1,,,,,,,,n329_5B1t_2,4007,,gutim,329,
329,1873.5397,0.0931,144,37,5,4007,,C#2,,,,,,,,n329_5Cs2t_2,4007,,gutim,329,
329,1873.6378,0.2794,144,50,5,4008,,D3,,,,,,,,n329_5D3s,4008,,gutim,329,
329,1873.9319,0.0784,144,50,22,4009,,D3,,,,,,,,n329_1D3t_2,4009,,gutim,329,
329,1873.9319,0.0784,144,60,22,4009,,C4,,,,,,,,n329_1C4t_2,4009,,gutim,329,
329,1873.9319,0.0784,144,35,22,4009,,B1,,,,,,,,n329_5B1t_3,4009,,gutim,329,
329,1873.9319,0.0784,144,37,22,4009,,C#2,,,,,,,,n329_5Cs2t_3,4009,,gutim,329,
329,1873.9319,0.0784,144,40,22,4009,,E2,,,,,,,,n329_5E2t_2,4009,,gutim,329,
329,1873.9319,0.0784,144,44,22,4009,,G#2,,,,,,,,n329_5Gs2t_2,4009,,gutim,329,
329,1874.0299,0.0784,144,50,22,4010,,D3,,,,,,,,n329_1D3t_3,4010,,gutim,329,
329,1874.0299,0.0784,144,60,22,4010,,C4,,,,,,,,n329_1C4t_3,4010,,gutim,329,
329,1874.0299,0.0784,144,35,22,4010,,B1,,,,,,,,n329_5B1t_4,4010,,gutim,329,
329,1874.0299,0.0784,144,37,22,4010,,C#2,,,,,,,,n329_5Cs2t_4,4010,,gutim,329,
329,1874.0299,0.0784,144,40,22,4010,,E2,,,,,,,,n329_5E2t_3,4010,,gutim,329,
329,1874.0299,0.0784,144,44,22,4010,,G#2,,,,,,,,n329_5Gs2t_3,4010,,gutim,329,
329,1874.128,0.1121,144,64,11,4011,,E4,,,,,,,,n329_1E4t,4011,,gutim,329,
329,1874.128,0.4706,144,26,5,4011,,D1,,,,,,,,n329_5D1e_1,4011,,gutim,329,
329,1874.128,0.4706,144,35,5,4011,,B1,,,,,,,,n329_5B1e_1,4011,,gutim,329,
329,1874.128,0.4706,144,58,5,4011,,Bb3,,,,,,,,n329_5Bb3e_2,4011,,gutim,329,
329,1874.2459,0.2241,144,54,11,4012,,F#3,,,,,,,,n329_1Fs3s,4012,,gutim,329,
329,1874.4818,0.1121,144,69,11,4013,,A4,,,,,,,,n329_1A4t,4013,,gutim,329,
329,1874.5998,0.1106,144,68,11,4014,,G#4,,,,,,,,n329_1Gs4t,4014,,gutim,329,
,,,,,,,7252,,,,,,,,,,,,gutim,,
329,1874.7162,0.1176,144,35,20,4015,,B1,,,,,,,,n329_1B1t,4015,,gutim,329,
329,1874.7162,0.1176,144,37,20,4015,,C#2,,,,,,,,n329_1Cs2t,4015,,gutim,329,
329,1874.7162,0.1176,144,40,20,4015,,E2,,,,,,,,n329_1E2t,4015,,gutim,329,
329,1874.7162,0.1176,144,44,20,4015,,G#2,,,,,,,,n329_1Gs2t,4015,,gutim,329,
329,1874.7162,0.1176,144,50,20,4015,,D3,,,,,,,,n329_1D3t_4,4015,,gutim,329,
329,1874.7162,0.1176,144,60,20,4015,,C4,,,,,,,,n329_1C4t_4,4015,,gutim,329,
329,1874.8142,0.0931,144,32,20,4016,,G#1,,,,,,,,n329_5Gs1t_0,4016,,gutim,329,
329,1874.9123,0.0931,144,48,19,4017,,C3,,,,,,,,n329_5C3t,4017,,gutim,329,
329,1875.0103,0.0931,144,66,19,4018,,F#4,,,,,,,,n329_5Fs4t_0,4018,,gutim,329,
329,1875.1083,0.1397,144,57,18,4019,,A3,,,,,,,,n329_5A3t,4019,,gutim,329,
329,1875.2554,0.1397,144,66,17,4020,,F#4,,,,,,,,n329_5Fs4t_1,4020,,gutim,329,
329,1875.4025,0.0931,144,28,17,4021,,E1,,,,,,,,n329_5E1t_0,4021,,gutim,329,
329,1875.5005,0.0931,144,32,16,4022,,G#1,,,,,,,,n329_5Gs1t_1,4022,,gutim,329,
329,1875.5985,0.0931,144,28,15,4023,,E1,,,,,,,,n329_5E1t_1,4023,,gutim,329,
329,1875.5985,0.0931,144,36,15,4023,,C2,,,,,,,,n329_5C2t_0,4023,,gutim,329,
329,1875.6966,0.0931,144,66,15,4024,,F#4,,,,,,,,n329_5Fs4t_2,4024,,gutim,329,
329,1875.7946,0.0931,144,28,14,4025,,E1,,,,,,,,n329_5E1t_2,4025,,gutim,329,
329,1875.7946,0.0931,144,36,14,4025,,C2,,,,,,,,n329_5C2t_1,4025,,gutim,329,
329,1875.8927,0.0931,144,32,14,4026,,G#1,,,,,,,,n329_5Gs1t_2,4026,,gutim,329,
329,1875.8927,0.0931,144,45,14,4026,,A2,,,,,,,,n329_5A2t_0,4026,,gutim,329,
329,1875.9907,0.1397,144,54,13,4027,,F#3,,,,,,,,n329_5Fs3t_0,4027,,gutim,329,
329,1876.1378,0.1397,144,45,12,4028,,A2,,,,,,,,n329_5A2t_1,4028,,gutim,329,
329,1876.2848,0.1397,144,28,11,4029,,E1,,,,,,,,n329_5E1t_3,4029,,gutim,329,
329,1876.2848,0.1397,144,32,11,4029,,G#1,,,,,,,,n329_5Gs1t_3,4029,,gutim,329,
329,1876.4319,0.1397,144,36,11,4030,,C2,,,,,,,,n329_5C2t_2,4030,,gutim,329,
329,1876.4319,0.1397,144,54,11,4030,,F#3,,,,,,,,n329_5Fs3t_1,4030,,gutim,329,
329,1876.5789,0.1397,144,28,10,4031,,E1,,,,,,,,n329_5E1t_4,4031,,gutim,329,
329,1876.5789,0.1397,144,32,10,4031,,G#1,,,,,,,,n329_5Gs1t_4,4031,,gutim,329,
329,1876.5789,0.1397,144,45,10,4031,,A2,,,,,,,,n329_5A2t_2,4031,,gutim,329,
329,1876.726,0.1397,144,36,9,4032,,C2,,,,,,,,n329_5C2t_3,4032,,gutim,329,
329,1876.726,0.1397,144,66,9,4032,,F#4,,,,,,,,n329_5Fs4t_3,4032,,gutim,329,
329,1876.873,0.0784,144,28,8,4033,,E1,,,,,,,,n329_5E1t_5,4033,,gutim,329,
329,1876.9711,0.0784,144,45,8,4034,,A2,,,,,,,,n329_5A2t_3,4034,,gutim,329,
329,1877.0691,0.7451,144,78,8,4035,,F#5,,,,,,,,n329_1Fs5q,4035,,gutim,329,
329,1877.0691,0.2353,144,28,8,4035,,E1,,,,,,,,n329_5E1s,4035,,gutim,329,
329,1877.0691,0.2353,144,32,8,4035,,G#1,,,,,,,,n329_5Gs1s,4035,,gutim,329,
329,1877.0691,0.2353,144,36,8,4035,,C2,,,,,,,,n329_5C2s,4035,,gutim,329,
329,1877.5074,0.0712,144,24,11,4036,,C1,g,,,,,,,ng329_5C1e,4036,,gutim,329,
329,1877.5824,0.0712,144,30,11,4037,,F#1,g,,,,,,,ng329_5Fs1e,4037,,gutim,329,
329,1877.6574,0.5588,144,40,11,4038,,E2,,,,,,,,n329_5E2e,4038,,gutim,329,
329,1877.8534,0.0931,144,57,8,4039,,A3,,,,,,,,n329_1A3t,4039,,gutim,329,
329,1877.9515,0.2794,144,44,8,4040,,G#2,,,,,,,,n329_1Gs2s,4040,,gutim,329,
,,,,,,,7253,,,,,,,,,,,,gutim,,
,,,,,,,,,,,,,,,,,,330,,,
330,1878.2456,0.2794,144,78,8,4041,,F#5,,,,,,,,n330_1Fs5s,4041,,gutim,330,
330,1878.5397,0.0931,144,57,8,4042,,A3,,,,,,,,n330_1A3t,4042,,gutim,330,
330,1878.6378,0.1569,144,52,20,4043,,E3,,,,,,,,n330_1E3s,4043,,gutim,330,
330,1878.6378,0.1569,144,61,20,4043,,C#4,,,,,,,,n330_1Cs4s,4043,,gutim,330,
330,1878.6378,0.1569,144,84,20,4043,,C6,,,,,,,,n330_1C6s_0,4043,,gutim,330,
330,1878.8338,0.4706,144,52,11,4044,,E3,,,,,,,,n330_1E3e,4044,,gutim,330,
330,1878.8338,0.4706,144,58,11,4044,,Bb3,,,,,,,,n330_1Bb3e,4044,,gutim,330,
330,1878.8338,0.4706,144,97,11,4044,,C#7,,,,,,,,n330_1Cs7e_0,4044,,gutim,330,
330,1879.0299,0.0626,144,24,11,4045,,C1,,,,,,,,n330_5C1x,4045,,gutim,330,
330,1879.0958,0.0626,144,30,12,4046,,F#1,,,,,,,,n330_5Fs1x,4046,,gutim,330,
330,1879.1617,0.1237,144,52,13,4047,,E3,,,,,,,,n330_5E3t_0,4047,,gutim,330,
330,1879.2919,0.0626,144,56,15,4048,,G#3,,,,,,,,n330_5Gs3x,4048,,gutim,330,
330,1879.3577,0.0626,144,57,15,4049,,A3,,,,,,,,n330_5A3x,4049,,gutim,330,
330,1879.4221,0.4706,144,66,22,4050,,F#4,,,,,,,,n330_1Fs4e,4050,,gutim,330,
330,1879.4236,0.5588,144,34,22,4051,,Bb1,,,,,,,,n330_5Bb1e,4051,,gutim,330,
330,1880.0103,0.5588,144,84,14,4052,,C6,,,,,,,,n330_1C6s_1,4052,,gutim,330,
330,1880.0118,0.5588,144,52,14,4052,,E3,,,,,,,,n330_5E3s,4052,,gutim,330,
330,1880.0118,0.5588,144,58,14,4052,,Bb3,,,,,,,,n330_5Bb3s,4052,,gutim,330,
330,1880.2064,0.3725,144,97,20,4053,,C#7,,,,,,,,n330_1Cs7e_1,4053,,gutim,330,
330,1880.2079,0.3725,144,61,20,4054,,Db4,,,,,,,,n330_5Db4e_0,4054,,gutim,330,
330,1880.6001,0.1237,144,24,11,4055,,C1,,,,,,,,n330_5C1t_0,4055,,gutim,330,
330,1880.7303,0.1237,144,30,12,4056,,F#1,,,,,,,,n330_5Fs1t,4056,,gutim,330,
330,1880.8605,0.1863,144,52,13,4057,,E3,,,,,,,,n330_5E3t_1,4057,,gutim,330,
330,1881.0566,0.1237,144,56,15,4058,,G#3,,,,,,,,n330_5Gs3t,4058,,gutim,330,
330,1881.775,0.9412,144,84,24,4059,,C6,,,,,,,,n330_1C6q,4059,,gutim,330,
330,1881.775,0.9412,144,97,24,4059,,C#7,,,,,,,,n330_1Cs7q,4059,,gutim,330,
330,1881.775,0.4706,144,52,24,4059,,E3,,,,,,,,n330_5E3e_1,4059,,gutim,330,
330,1881.775,0.4706,144,58,24,4059,,Bb3,,,,,,,,n330_5Bb3e_1,4059,,gutim,330,
330,1881.775,0.4706,144,61,24,4059,,Db4,,,,,,,,n330_5Db4e_1,4059,,gutim,330,
330,1882.3632,0.1863,144,24,14,4060,,C1,,,,,,,,n330_5C1t_1,4060,,gutim,330,
330,1882.5593,0.1863,144,52,15,4061,,E3,,,,,,,,n330_5E3t_2,4061,,gutim,330,
330,1882.7554,0.0626,144,68,16,4062,,G#4,,,,,,,,n330_5Gs4x,4062,,gutim,330,
330,1882.8213,0.1237,144,69,16,4063,,A4,,,,,,,,n330_5A4t,4063,,gutim,330,
330,1882.9515,0.1863,144,24,16,4064,,C1,,,,,,,,n330_5C1t_2,4064,,gutim,330,
330,1883.1476,0.1863,144,52,17,4065,,E3,,,,,,,,n330_5E3t_3,4065,,gutim,330,
330,1883.3436,0.7451,144,68,18,4066,,G#4,,,,,,,,n330_5Gs4t,4066,,gutim,330,
330,1884.128,1.8824,144,66,8,4067,,F#4,,,,,,,,n330_1Fs4q,4067,,gutim,330,
330,1884.128,1.8824,144,34,8,4067,,Bb1,,,,,,,,n330_5Bb1q,4067,,gutim,330,
,,,,,,,7258,,,,,,,,,,,,gutim,,
,,,,,,,,,,,,,,,,,,332,,,
332,1892.3632,0.9412,144,97,24,4068,,C#7,,,,,,,,n332_1Cs7q,4068,,gutim,332,
,,,,,,,,,,,,,,,,,,333,,,
333,1895.5005,0.0784,144,33,24,4069,,A1,,,,,,,,n333_5A1t_0,4069,,gutim,333,
333,1895.5985,0.0784,144,40,24,4070,,E2,,,,,,,,n333_5E2t_0,4070,,gutim,333,
333,1895.6966,0.0784,144,29,24,4071,,F1,,,,,,,,n333_5F1t_0,4071,,gutim,333,
333,1895.6966,0.0784,144,33,24,4071,,A1,,,,,,,,n333_5A1t_1,4071,,gutim,333,
333,1895.6966,0.0784,144,40,24,4071,,E2,,,,,,,,n333_5E2t_1,4071,,gutim,333,
333,1895.7946,0.0784,144,70,24,4072,,Bb4,,,,,,,,n333_1Bb4t,4072,,gutim,333,
333,1895.7946,0.0784,144,29,24,4072,,F1,,,,,,,,n333_5F1t_1,4072,,gutim,333,
333,1895.7946,0.0784,144,33,24,4072,,A1,,,,,,,,n333_5A1t_2,4072,,gutim,333,
333,1895.7946,0.0784,144,40,24,4072,,E2,,,,,,,,n333_5E2t_2,4072,,gutim,333,
333,1895.8927,0.2353,144,52,22,4073,,E3,,,,,,,,n333_1E3s,4073,,gutim,333,
333,1895.8927,0.2353,144,59,22,4073,,B3,,,,,,,,n333_1B3s,4073,,gutim,333,
333,1895.9907,0.0931,144,52,14,4074,,E3,,,,,,,,n333_5E3t_0,4074,,gutim,333,
333,1896.0887,0.0931,144,58,13,4075,,Bb3,,,,,,,,n333_5Bb3t,4075,,gutim,333,
333,1896.1868,0.0931,144,61,12,4076,,Db4,,,,,,,,n333_5Db4t,4076,,gutim,333,
333,1896.2848,0.0931,144,45,11,4077,,A2,,,,,,,,n333_5A2t_0,4077,,gutim,333,
333,1896.3829,0.0931,144,41,10,4078,,F2,,,,,,,,n333_5F2t,4078,,gutim,333,
333,1896.4809,0.1397,144,45,8,4079,,A2,,,,,,,,n333_5A2t_1,4079,,gutim,333,
333,1896.628,0.1397,144,52,7,4080,,E3,,,,,,,,n333_5E3t_1,4080,,gutim,333,
333,1896.775,4.9412,144,29,5,4081,,F1,,,,,,,,n333_5F1s,4081,,gutim,333,
,,,,,,,,,,,,,,,,,,334,,,
334,1905.3044,0.0944,144,40,14,4082,,E2,,,,,,,,n334_5E2t_0,4082,,gutim,334,
334,1905.4224,0.0944,144,71,14,4083,,B4,,,,,,,,n334_5B4t,4083,,gutim,334,
334,1905.5403,0.0944,144,31,14,4084,,G1,,,,,,,,n334_5G1t,4084,,gutim,334,
334,1905.6583,0.0944,144,34,14,4085,,Bb1,,,,,,,,n334_5Bb1t,4085,,gutim,334,
334,1905.6583,0.0944,144,40,14,4085,,E2,,,,,,,,n334_5E2t_1,4085,,gutim,334,
334,1905.7762,0.0931,144,87,14,4086,,Eb6,,,,,,,,n334_5Eb6t,4086,,gutim,334,
334,1906.1868,0.2819,144,62,14,4087,,D4,,,,,,,,n334_1D4s_0,4087,,gutim,334,
334,1906.1868,0.2819,144,71,14,4087,,B4,,,,,,,,n334_1B4s_0,4087,,gutim,334,
334,1906.1868,0.2819,144,29,14,4087,,F1,,,,,,,,n334_5F1s_0,4087,,gutim,334,
334,1906.5391,0.1887,144,62,14,4088,,D4,,,,,,,,n334_1D4s_1,4088,,gutim,334,
334,1906.5391,0.1887,144,71,14,4088,,B4,,,,,,,,n334_1B4s_1,4088,,gutim,334,
334,1906.5391,0.1887,144,29,14,4088,,F1,,,,,,,,n334_5F1s_1,4088,,gutim,334,
334,1906.775,0.1887,144,62,14,4089,,D4,,,,,,,,n334_1D4s_2,4089,,gutim,334,
334,1906.775,0.1887,144,71,14,4089,,B4,,,,,,,,n334_1B4s_2,4089,,gutim,334,
334,1906.775,0.3762,144,29,14,4089,,F1,,,,,,,,n334_5F1e,4089,,gutim,334,
334,1906.775,0.3762,144,42,14,4089,,F#2,,,,,,,,n334_5Fs2e,4089,,gutim,334,
334,1907.0109,0.1887,144,62,14,4090,,D4,,,,,,,,n334_1D4s_3,4090,,gutim,334,
334,1907.0109,0.1887,144,70,14,4090,,A#4,,,,,,,,n334_1As4s,4090,,gutim,334,
334,1907.0109,0.1887,144,71,14,4090,,B4,,,,,,,,n334_1B4s_3,4090,,gutim,334,
334,1907.2468,0.0291,144,62,14,4091,,D4,,,,,,,,n334_1D4t,4091,,gutim,334,
334,1907.2468,0.0931,144,70,14,4091,,A#4,,,,,,,,n334_1As4t,4091,,gutim,334,
334,1907.2468,0.0931,144,71,14,4091,,B4,,,,,,,,n334_1B4t,4091,,gutim,334,
334,1907.2453,0.0295,144,29,14,4091,,F1,,,,,,,,n334_5F1t,4091,,gutim,334,
334,1907.2453,0.0944,144,42,14,4091,,F#2,,,,,,,,n334_5Fs2t,4091,,gutim,334,
,,,,,,,7263,,,,,,,,,,,,gutim,,
,,,,,,,,,,,,,,,,,,337,,,
337,1926.4809,0.2353,144,41,8,4092,,F2,,,,,,,,n337_5F2s,4092,,gutim,337,
337,1926.4809,0.2353,144,49,14,4092,,Db3,,,,,,,,n337_5Db3s,4092,,gutim,337,
337,1926.5544,0.0699,144,56,14,4093,,Ab3,,,,,,,,n337_1Ab3x_0,4093,,gutim,337,
337,1926.628,0.0699,144,69,14,4094,,A4,,,,,,,,n337_1A4x,4094,,gutim,337,
337,1926.7015,0.0699,144,38,14,4095,,D2,,,,,,,,n337_1D2x,4095,,gutim,337,
337,1926.7015,0.0699,144,41,14,4095,,F2,,,,,,,,n337_1F2x,4095,,gutim,337,
337,1926.7015,0.0699,144,49,14,4095,,Db3,,,,,,,,n337_1Db3x,4095,,gutim,337,
337,1926.7015,0.0699,144,56,14,4095,,Ab3,,,,,,,,n337_1Ab3x_1,4095,,gutim,337,
337,1926.775,0.8382,144,68,14,4096,,Ab4,,,,,,,,n337_1Ab4e,4096,,gutim,337,
,,,,,,,7266,,,,,,,,,,,,gutim,,
,,,,,,,,,,,,,,,,,,339,,,
339,1933.5397,0.3137,144,44,22,4097,,G#2,,,,,,,,n339_1Gs2e_0,4097,,gutim,339,
339,1933.5397,0.3137,144,50,22,4097,,D3,,,,,,,,n339_1D3e_0,4097,,gutim,339,
339,1933.5397,0.3137,144,21,14,4097,,A0,,,,,,,,n339_5A0e_0,4097,,gutim,339,
339,1933.5397,0.3137,144,29,14,4097,,F1,,,,,,,,n339_5F1e_0,4097,,gutim,339,
339,1933.9319,0.4706,144,44,14,4098,,G#2,,,,,,,,n339_1Gs2e_1,4098,,gutim,339,
339,1933.9319,0.4706,144,50,14,4098,,D3,,,,,,,,n339_1D3e_1,4098,,gutim,339,
339,1933.9319,0.4706,144,21,14,4098,,A0,,,,,,,,n339_5A0e_1,4098,,gutim,339,
339,1933.9319,0.4706,144,29,14,4098,,F1,,,,,,,,n339_5F1e_1,4098,,gutim,339,
339,1934.5201,1.098,144,44,8,4099,,G#2,,,,,,,,n339_1Gs2s,4099,,gutim,339,
339,1934.5201,1.098,144,50,8,4099,,D3,,,,,,,,n339_1D3s,4099,,gutim,339,
339,1934.5201,1.098,144,21,8,4099,,A0,,,,,,,,n339_5A0s,4099,,gutim,339,
339,1934.5201,1.098,144,29,8,4099,,F1,,,,,,,,n339_5F1s,4099,,gutim,339,
339,1935.8927,0.9412,144,68,14,4100,,Ab4,,,,,,,,n339_1Ab4q,4100,,gutim,339,
339,1935.8927,0.9412,144,26,14,4100,,D1,,,,,,,,n339_5D1q,4100,,gutim,339,
339,1935.8927,0.9412,144,41,14,4100,,F2,,,,,,,,n339_5F2q,4100,,gutim,339,
339,1937.6574,0.4706,144,58,14,4101,,Bb3,,,,,,,,n339_1Bb3e,4101,,gutim,339,
339,1937.6574,0.4706,144,65,14,4101,,F4,,,,,,,,n339_1F4e,4101,,gutim,339,
339,1937.6574,0.1863,144,32,14,4101,,Ab1,,,,,,,,n339_5Ab1s,4101,,gutim,339,
339,1937.8534,0.3725,144,36,14,4102,,C2,,,,,,,,n339_5C2e,4102,,gutim,339,
339,1938.8338,0.3529,144,68,14,4103,,Ab4,,,,,,,,n339_1Ab4s,4103,,gutim,339,
339,1938.8338,0.1176,144,26,14,4103,,D1,,,,,,,,n339_5D1t,4103,,gutim,339,
339,1938.8338,0.1176,144,41,14,4103,,F2,,,,,,,,n339_5F2t,4103,,gutim,339,
339,1938.9809,0.1176,144,49,14,4104,,Db3,,,,,,,,n339_5Db3t,4104,,gutim,339,
339,1939.128,0.2353,144,26,14,4105,,D1,,,,,,,,n339_5D1s,4105,,gutim,339,
339,1939.275,0.1176,144,68,14,4106,,Ab4,,,,,,,,n339_1Ab4t,4106,,gutim,339,
,,,,,,,7269,,,,,,,,,,,,gutim,,
,,,,,,,,,,,,,,,,,,344,,,
344,1965.8927,0.4706,144,94,14,4107,,Bb6,,,,,,,,n344_1Bb6e,4107,,gutim,344,
344,1965.8927,1.8824,144,38,14,4107,,D2,,,,,,,,n344_5D2e,4107,,gutim,344,
344,1968.2456,4.2353,144,41,14,4108,,F2,,,,,,,,n344_5F2e,4108,,gutim,344,
,,,,,,,,,,,,,,,,,,345,,,
345,1969.128,4.4706,144,44,14,4109,,Ab2,,,,,,,,n345_1Ab2e,4109,,gutim,345,
,,,,,,,7272,,,,,,,,,,,,gutim,,
,,,,,,,,,,,,,,,,,,347,,,
347,1984.3,4.2065,144,64,14,4110,,E4,,,,,,,,n347_1E4w,4110,,gutim,347,
347,1984.3,4.2065,144,71,14,4110,,B4,,,,,,,,n347_1B4w,4110,,gutim,347,
347,1984.3,4.2065,144,44,14,4110,,Ab2,,,,,,,,n347_5Ab2w,4110,,gutim,347,
347,1990.9393,0.0437,144,52,17,4111,,E3,,,,,,,,n347_1E3t,4111,,gutim,347,
347,1990.9393,0.1397,144,59,17,4111,,B3,,,,,,,,n347_1B3t,4111,,gutim,347,
347,1990.9393,0.1397,144,60,17,4111,,C4,,,,,,,,n347_1C4t,4111,,gutim,347,
347,1990.9393,0.0437,144,25,14,4111,,Db1,,,,,,,,n347_5Db1t,4111,,gutim,347,
347,1990.9393,0.1397,144,32,17,4111,,Ab1,,,,,,,,n347_5Ab1t,4111,,gutim,347,
347,1991.1139,0.9883,144,52,17,4112,,E3,,,,,,,,n347_1E3e,4112,,gutim,347,
347,1991.1139,0.9883,144,59,17,4112,,B3,,,,,,,,n347_1B3e,4112,,gutim,347,
347,1991.1139,0.9883,144,60,17,4112,,C4,,,,,,,,n347_1C4e,4112,,gutim,347,
347,1991.1139,0.9883,144,25,17,4112,,Db1,,,,,,,,n347_5Db1e,4112,,gutim,347,
347,1991.1139,0.9883,144,32,17,4112,,Ab1,,,,,,,,n347_5Ab1e,4112,,gutim,347,
