meas,sec,art_dur_sec,status,d0,d1,oloc,section,sci_pitch,grace,even,even_target,dyn,dyn_target,tempo,tempo_target,note_id,loc,bar,src,src_meas,index
,,,,,,,7002,,,,,,,,,,,,gutim,,
,,,,,,,,,,,,,,,,,,7,,,
7,25.5,3.6,144,88,17,0,,E6,,,,,,,,n7_1E6w,0,,gutim,7,
7,25.5,0.1336,144,24,14,0,,C1,,,,,,,,n7_5C1s,0,,gutim,7,
7,25.667,0.0789,144,37,5,1,,C#2,,,,,,,,n7_5Cs2t_0,1,,gutim,7,
7,25.75,0.0789,144,30,5,2,,F#1,,,,,,,,n7_5Fs1t_0,2,,gutim,7,
7,25.833,0.1586,144,37,5,3,,C#2,,,,,,,,n7_5Cs2s_0,3,,gutim,7,
7,26.0,0.0789,144,30,5,4,,F#1,,,,,,,,n7_5Fs1t_1,4,,gutim,7,
7,26.083,0.0789,144,45,5,5,,A2,,,,,,,,n7_5A2t_0,5,,gutim,7,
7,26.166,0.0789,144,37,5,6,,C#2,,,,,,,,n7_5Cs2t_1,6,,gutim,7,
7,26.249,0.0789,144,45,5,7,,A2,,,,,,,,n7_5A2t_1,7,,gutim,7,
7,26.332,0.0789,144,30,5,8,,F#1,,,,,,,,n7_5Fs1t_2,8,,gutim,7,
7,26.415,0.0789,144,37,5,9,,C#2,,,,,,,,n7_5Cs2t_2,9,,gutim,7,
7,26.498,0.0789,144,30,5,10,,F#1,,,,,,,,n7_5Fs1t_3,10,,gutim,7,
7,26.5811,0.1586,144,37,5,11,,C#2,,,,,,,,n7_5Cs2s_1,11,,gutim,7,
7,26.748,0.0789,144,30,5,12,,F#1,,,,,,,,n7_5Fs1t_4,12,,gutim,7,
7,26.8311,0.0789,144,45,5,13,,A2,,,,,,,,n7_5A2t_2,13,,gutim,7,
7,26.9141,0.0789,144,37,5,14,,C#2,,,,,,,,n7_5Cs2t_3,14,,gutim,7,
7,26.9971,0.0789,144,45,5,15,,A2,,,,,,,,n7_5A2t_3,15,,gutim,7,
7,27.0801,0.0789,144,30,5,16,,F#1,,,,,,,,n7_5Fs1t_5,16,,gutim,7,
7,27.1631,0.0789,144,37,5,17,,C#2,,,,,,,,n7_5Cs2t_4,17,,gutim,7,
7,27.2461,0.0789,144,30,5,18,,F#1,,,,,,,,n7_5Fs1t_6,18,,gutim,7,
7,27.3291,0.1586,144,37,5,19,,C#2,,,,,,,,n7_5Cs2s_2,19,,gutim,7,
7,27.4961,0.0789,144,30,5,20,,F#1,,,,,,,,n7_5Fs1t_7,20,,gutim,7,
7,27.5791,0.0789,144,45,5,21,,A2,,,,,,,,n7_5A2t_4,21,,gutim,7,
7,27.6621,0.0789,144,37,5,22,,C#2,,,,,,,,n7_5Cs2t_5,22,,gutim,7,
7,27.7451,0.0789,144,45,5,23,,A2,,,,,,,,n7_5A2t_5,23,,gutim,7,
7,27.8281,0.0789,144,30,5,24,,F#1,,,,,,,,n7_5Fs1t_8,24,,gutim,7,
7,27.9111,0.0789,144,37,5,25,,C#2,,,,,,,,n7_5Cs2t_6,25,,gutim,7,
7,27.9941,0.0789,144,30,5,26,,F#1,,,,,,,,n7_5Fs1t_9,26,,gutim,7,
7,28.0771,0.1586,144,37,5,27,,C#2,,,,,,,,n7_5Cs2s_3,27,,gutim,7,
7,28.2441,0.0789,144,30,5,28,,F#1,,,,,,,,n7_5Fs1t_10,28,,gutim,7,
7,28.3271,0.0789,144,45,5,29,,A2,,,,,,,,n7_5A2t_6,29,,gutim,7,
7,28.4102,0.0789,144,37,5,30,,C#2,,,,,,,,n7_5Cs2t_7,30,,gutim,7,
7,28.4932,0.0789,144,45,5,31,,A2,,,,,,,,n7_5A2t_7,31,,gutim,7,
7,28.5762,0.0789,144,30,5,32,,F#1,,,,,,,,n7_5Fs1t_11,32,,gutim,7,
7,28.6592,0.0789,144,37,5,33,,C#2,,,,,,,,n7_5Cs2t_8,33,,gutim,7,
7,28.7422,0.0789,144,30,5,34,,F#1,,,,,,,,n7_5Fs1t_12,34,,gutim,7,
7,28.8252,0.1586,144,37,5,35,,C#2,,,,,,,,n7_5Cs2s_4,35,,gutim,7,
7,28.9922,0.0789,144,30,5,36,,F#1,,,,,,,,n7_5Fs1t_13,36,,gutim,7,
7,29.0752,0.0789,144,45,5,37,,A2,,,,,,,,n7_5A2t_8,37,,gutim,7,
7,29.1582,0.0789,144,37,5,38,,C#2,,,,,,,,n7_5Cs2t_9,38,,gutim,7,
7,29.2412,0.0789,144,45,5,39,,A2,,,,,,,,n7_5A2t_9,39,,gutim,7,
7,29.3242,0.0789,144,30,5,40,,F#1,,,,,,,,n7_5Fs1t_14,40,,gutim,7,
7,29.4072,0.0789,144,37,5,41,,C#2,,,,,,,,n7_5Cs2t_10,41,,gutim,7,
7,29.4902,0.0789,144,30,5,42,,F#1,,,,,,,,n7_5Fs1t_15,42,,gutim,7,
7,29.5732,0.1586,144,37,5,43,,C#2,,,,,,,,n7_5Cs2s_5,43,,gutim,7,
7,29.7402,0.0789,144,30,5,44,,F#1,,,,,,,,n7_5Fs1t_16,44,,gutim,7,
7,29.8232,0.0789,144,45,5,45,,A2,,,,,,,,n7_5A2t_10,45,,gutim,7,
7,29.9062,0.0789,144,37,5,46,,C#2,,,,,,,,n7_5Cs2t_11,46,,gutim,7,
,,,,,,,,,,,,,,,,,,8,,,
8,30.0,0.2398,144,24,8,47,,C1,,,,,,,,n8_1C1e,47,,gutim,8,
8,30.0,0.2398,144,34,8,47,,Bb1,,,,,,,,n8_1Bb1e_0,47,,gutim,8,
8,30.0,0.0789,144,45,5,47,,A2,,,,,,,,n8_5A2t_0,47,,gutim,8,
8,30.083,0.0789,144,30,5,48,,F#1,,,,,,,,n8_5Fs1t_0,48,,gutim,8,
8,30.166,0.0789,144,37,5,49,,C#2,,,,,,,,n8_5Cs2t_0,49,,gutim,8,
8,30.249,0.0789,144,30,5,50,,F#1,,,,,,,,n8_5Fs1t_1,50,,gutim,8,
8,30.2998,0.1429,144,24,8,51,,C1,,,,,,,,n8_1C1s_0,51,,gutim,8,
8,30.2998,0.1429,144,34,8,51,,Bb1,,,,,,,,n8_1Bb1s_0,51,,gutim,8,
8,30.332,0.1586,144,37,5,52,,C#2,,,,,,,,n8_5Cs2s_0,52,,gutim,8,
8,30.4502,0.1429,144,34,9,53,,Bb1,,,,,,,,n8_1Bb1s_1,53,,gutim,8,
8,30.499,0.0789,144,30,5,54,,F#1,,,,,,,,n8_5Fs1t_2,54,,gutim,8,
8,30.582,0.0789,144,45,5,55,,A2,,,,,,,,n8_5A2t_1,55,,gutim,8,
8,30.6006,0.2857,144,24,9,56,,C1,,,,,,,,n8_1C1s_1,56,,gutim,8,
8,30.665,0.0789,144,37,5,57,,C#2,,,,,,,,n8_5Cs2t_1,57,,gutim,8,
8,30.748,0.0789,144,45,5,58,,A2,,,,,,,,n8_5A2t_2,58,,gutim,8,
8,30.8311,0.0789,144,30,5,59,,F#1,,,,,,,,n8_5Fs1t_3,59,,gutim,8,
8,30.9014,0.1429,144,34,9,60,,Bb1,,,,,,,,n8_1Bb1s_2,60,,gutim,8,
8,30.9141,0.0789,144,37,5,61,,C#2,,,,,,,,n8_5Cs2t_2,61,,gutim,8,
8,30.9971,0.0789,144,30,5,62,,F#1,,,,,,,,n8_5Fs1t_4,62,,gutim,8,
8,31.0518,0.1429,144,24,10,63,,C1,,,,,,,,n8_1C1s_3,63,,gutim,8,
8,31.0801,0.1586,144,37,5,64,,C#2,,,,,,,,n8_5Cs2s_1,64,,gutim,8,
8,31.2021,0.2848,144,34,10,65,,Bb1,,,,,,,,n8_1Bb1e_1,65,,gutim,8,
8,31.2471,0.0789,144,30,5,66,,F#1,,,,,,,,n8_5Fs1t_5,66,,gutim,8,
8,31.3301,0.0789,144,45,5,67,,A2,,,,,,,,n8_5A2t_3,67,,gutim,8,
8,31.4131,0.0789,144,37,5,68,,C#2,,,,,,,,n8_5Cs2t_3,68,,gutim,8,
8,31.4961,0.0789,144,45,5,69,,A2,,,,,,,,n8_5A2t_4,69,,gutim,8,
8,31.502,0.1429,144,24,10,70,,C1,,,,,,,,n8_1C1s_4,70,,gutim,8,
8,31.5791,0.0789,144,30,5,71,,F#1,,,,,,,,n8_5Fs1t_6,71,,gutim,8,
8,31.6523,0.1429,144,34,11,72,,Bb1,,,,,,,,n8_1Bb1s_3,72,,gutim,8,
8,31.6621,0.0789,144,37,5,73,,C#2,,,,,,,,n8_5Cs2t_4,73,,gutim,8,
8,31.7451,0.0789,144,30,5,74,,F#1,,,,,,,,n8_5Fs1t_7,74,,gutim,8,
8,31.8027,0.1429,144,24,11,75,,C1,,,,,,,,n8_1C1s_5,75,,gutim,8,
8,31.8281,0.1586,144,37,5,76,,C#2,,,,,,,,n8_5Cs2s_2,76,,gutim,8,
8,31.9531,0.4277,144,34,11,77,,Bb1,,,,,,,,n8_1Bb1e_2,77,,gutim,8,
8,31.9951,0.0789,144,30,5,78,,F#1,,,,,,,,n8_5Fs1t_8,78,,gutim,8,
8,32.0781,0.0789,144,45,5,79,,A2,,,,,,,,n8_5A2t_5,79,,gutim,8,
8,32.1611,0.0789,144,37,5,80,,C#2,,,,,,,,n8_5Cs2t_5,80,,gutim,8,
8,32.2441,0.0789,144,45,5,81,,A2,,,,,,,,n8_5A2t_6,81,,gutim,8,
8,32.3271,0.0789,144,30,5,82,,F#1,,,,,,,,n8_5Fs1t_9,82,,gutim,8,
8,32.4033,0.1429,144,24,12,83,,C1,,,,,,,,n8_1C1s_6,83,,gutim,8,
8,32.4102,0.0789,144,37,5,84,,C#2,,,,,,,,n8_5Cs2t_6,84,,gutim,8,
8,32.4932,0.0789,144,30,5,85,,F#1,,,,,,,,n8_5Fs1t_10,85,,gutim,8,
8,32.5537,0.424,144,34,12,86,,Bb1,,,,,,,,n8_1Bb1e_3,86,,gutim,8,
8,32.5762,0.1586,144,37,5,87,,C#2,,,,,,,,n8_5Cs2s_3,87,,gutim,8,
8,32.7432,0.0789,144,30,5,88,,F#1,,,,,,,,n8_5Fs1t_11,88,,gutim,8,
8,32.8262,0.0789,144,45,5,89,,A2,,,,,,,,n8_5A2t_7,89,,gutim,8,
8,32.9092,0.0789,144,37,5,90,,C#2,,,,,,,,n8_5Cs2t_7,90,,gutim,8,
8,32.9922,0.0789,144,45,5,91,,A2,,,,,,,,n8_5A2t_8,91,,gutim,8,
8,33.0752,0.0789,144,30,5,92,,F#1,,,,,,,,n8_5Fs1t_12,92,,gutim,8,
8,33.1582,0.0789,144,37,5,93,,C#2,,,,,,,,n8_5Cs2t_8,93,,gutim,8,
8,33.2412,0.0789,144,30,5,94,,F#1,,,,,,,,n8_5Fs1t_13,94,,gutim,8,
8,33.3242,0.1586,144,37,5,95,,C#2,,,,,,,,n8_5Cs2s_4,95,,gutim,8,
8,33.4912,0.0789,144,30,5,96,,F#1,,,,,,,,n8_5Fs1t_14,96,,gutim,8,
8,33.5742,0.0789,144,45,5,97,,A2,,,,,,,,n8_5A2t_9,97,,gutim,8,
8,33.6572,0.0789,144,37,5,98,,C#2,,,,,,,,n8_5Cs2t_9,98,,gutim,8,
8,33.7402,0.0789,144,45,5,99,,A2,,,,,,,,n8_5A2t_10,99,,gutim,8,
8,33.8232,0.0789,144,30,5,100,,F#1,,,,,,,,n8_5Fs1t_15,100,,gutim,8,
8,33.9062,0.0789,144,37,5,101,,C#2,,,,,,,,n8_5Cs2t_10,101,,gutim,8,
8,33.9893,0.0789,144,30,5,102,,F#1,,,,,,,,n8_5Fs1t_16,102,,gutim,8,
8,34.0723,0.1586,144,37,5,103,,C#2,,,,,,,,n8_5Cs2s_5,103,,gutim,8,
8,34.2393,0.0789,144,30,5,104,,F#1,,,,,,,,n8_5Fs1t_17,104,,gutim,8,
8,34.3223,0.0789,144,45,5,105,,A2,,,,,,,,n8_5A2t_11,105,,gutim,8,
8,34.4053,0.0789,144,37,5,106,,C#2,,,,,,,,n8_5Cs2t_11,106,,gutim,8,
,,,,,,,,,,,,,,,,,,9,,,
9,34.5,0.0789,144,45,5,107,,A2,,,,,,,,n9_5A2t_0,107,,gutim,9,
9,34.583,0.0789,144,30,5,108,,F#1,,,,,,,,n9_5Fs1t_0,108,,gutim,9,
9,34.666,0.0789,144,37,5,109,,C#2,,,,,,,,n9_5Cs2t_0,109,,gutim,9,
9,34.749,0.0789,144,30,5,110,,F#1,,,,,,,,n9_5Fs1t_1,110,,gutim,9,
9,34.832,0.1586,144,37,5,111,,C#2,,,,,,,,n9_5Cs2s_0,111,,gutim,9,
9,34.999,0.0789,144,30,5,112,,F#1,,,,,,,,n9_5Fs1t_2,112,,gutim,9,
9,35.082,0.0789,144,45,5,113,,A2,,,,,,,,n9_5A2t_1,113,,gutim,9,
9,35.165,0.0789,144,37,5,114,,C#2,,,,,,,,n9_5Cs2t_1,114,,gutim,9,
9,35.248,0.0789,144,45,5,115,,A2,,,,,,,,n9_5A2t_2,115,,gutim,9,
9,35.3311,0.0789,144,30,5,116,,F#1,,,,,,,,n9_5Fs1t_3,116,,gutim,9,
9,35.4141,0.0789,144,37,5,117,,C#2,,,,,,,,n9_5Cs2t_2,117,,gutim,9,
9,35.4971,0.0789,144,30,5,118,,F#1,,,,,,,,n9_5Fs1t_4,118,,gutim,9,
9,35.5801,0.1586,144,37,5,119,,C#2,,,,,,,,n9_5Cs2s_1,119,,gutim,9,
9,35.7471,0.0789,144,30,5,120,,F#1,,,,,,,,n9_5Fs1t_5,120,,gutim,9,
9,35.8301,0.0789,144,45,5,121,,A2,,,,,,,,n9_5A2t_3,121,,gutim,9,
9,35.9131,0.0789,144,37,5,122,,C#2,,,,,,,,n9_5Cs2t_3,122,,gutim,9,
9,35.9961,0.0789,144,45,5,123,,A2,,,,,,,,n9_5A2t_4,123,,gutim,9,
9,36.0791,0.0789,144,30,5,124,,F#1,,,,,,,,n9_5Fs1t_6,124,,gutim,9,
9,36.1621,0.0789,144,37,5,125,,C#2,,,,,,,,n9_5Cs2t_4,125,,gutim,9,
9,36.2451,0.0789,144,30,5,126,,F#1,,,,,,,,n9_5Fs1t_7,126,,gutim,9,
9,36.3281,0.1586,144,37,5,127,,C#2,,,,,,,,n9_5Cs2s_2,127,,gutim,9,
9,36.4951,0.0789,144,30,5,128,,F#1,,,,,,,,n9_5Fs1t_8,128,,gutim,9,
9,36.5781,0.0789,144,45,5,129,,A2,,,,,,,,n9_5A2t_5,129,,gutim,9,
9,36.6611,0.0789,144,37,5,130,,C#2,,,,,,,,n9_5Cs2t_5,130,,gutim,9,
9,36.7441,0.0789,144,45,5,131,,A2,,,,,,,,n9_5A2t_6,131,,gutim,9,
9,36.8271,0.0789,144,30,5,132,,F#1,,,,,,,,n9_5Fs1t_9,132,,gutim,9,
9,36.9102,0.0789,144,37,5,133,,C#2,,,,,,,,n9_5Cs2t_6,133,,gutim,9,
9,36.9932,0.0789,144,30,5,134,,F#1,,,,,,,,n9_5Fs1t_10,134,,gutim,9,
9,37.0762,0.1586,144,37,5,135,,C#2,,,,,,,,n9_5Cs2s_3,135,,gutim,9,
9,37.2432,0.0789,144,30,5,136,,F#1,,,,,,,,n9_5Fs1t_11,136,,gutim,9,
9,37.3262,0.0789,144,45,5,137,,A2,,,,,,,,n9_5A2t_7,137,,gutim,9,
9,37.4092,0.0789,144,37,5,138,,C#2,,,,,,,,n9_5Cs2t_7,138,,gutim,9,
9,37.4922,0.0789,144,45,5,139,,A2,,,,,,,,n9_5A2t_8,139,,gutim,9,
9,37.5752,0.0789,144,30,5,140,,F#1,,,,,,,,n9_5Fs1t_12,140,,gutim,9,
9,37.6582,0.0789,144,37,5,141,,C#2,,,,,,,,n9_5Cs2t_8,141,,gutim,9,
9,37.7412,0.0789,144,30,5,142,,F#1,,,,,,,,n9_5Fs1t_13,142,,gutim,9,
9,37.8242,0.1586,144,37,5,143,,C#2,,,,,,,,n9_5Cs2s_4,143,,gutim,9,
9,37.9912,0.0789,144,30,5,144,,F#1,,,,,,,,n9_5Fs1t_14,144,,gutim,9,
9,38.0742,0.0789,144,45,5,145,,A2,,,,,,,,n9_5A2t_9,145,,gutim,9,
9,38.1572,0.0789,144,37,5,146,,C#2,,,,,,,,n9_5Cs2t_9,146,,gutim,9,
9,38.2402,0.0789,144,45,5,147,,A2,,,,,,,,n9_5A2t_10,147,,gutim,9,
9,38.3232,0.0789,144,30,5,148,,F#1,,,,,,,,n9_5Fs1t_15,148,,gutim,9,
9,38.4062,0.0789,144,37,5,149,,C#2,,,,,,,,n9_5Cs2t_10,149,,gutim,9,
9,38.4893,0.0789,144,30,5,150,,F#1,,,,,,,,n9_5Fs1t_16,150,,gutim,9,
9,38.5723,0.1586,144,37,5,151,,C#2,,,,,,,,n9_5Cs2s_5,151,,gutim,9,
9,38.7393,0.0789,144,30,5,152,,F#1,,,,,,,,n9_5Fs1t_17,152,,gutim,9,
9,38.8223,0.0789,144,45,5,153,,A2,,,,,,,,n9_5A2t_11,153,,gutim,9,
9,38.9053,0.0789,144,37,5,154,,C#2,,,,,,,,n9_5Cs2t_11,154,,gutim,9,
,,,,,,,,,,,,,,,,,,10,,,
10,39.0,0.7914,144,80,17,155,,G#5,,,,,,,,n10_1Gs5q,155,,gutim,10,
10,39.0,0.7125,144,88,17,155,,E6,,,,,,,,n10_1E6q,155,,gutim,10,
10,39.0,0.1336,144,24,17,155,,C1,,,,,,,,n10_5C1s,155,,gutim,10,
10,39.167,0.0789,144,37,5,156,,C#2,,,,,,,,n10_5Cs2t_0,156,,gutim,10,
10,39.25,0.0789,144,30,5,157,,F#1,,,,,,,,n10_5Fs1t_0,157,,gutim,10,
10,39.333,0.1586,144,37,5,158,,C#2,,,,,,,,n10_5Cs2s_0,158,,gutim,10,
10,39.5,0.0789,144,30,5,159,,F#1,,,,,,,,n10_5Fs1t_1,159,,gutim,10,
10,39.583,0.0789,144,45,5,160,,A2,,,,,,,,n10_5A2t_0,160,,gutim,10,
10,39.666,0.0789,144,37,5,161,,C#2,,,,,,,,n10_5Cs2t_1,161,,gutim,10,
10,39.749,0.0789,144,45,5,162,,A2,,,,,,,,n10_5A2t_1,162,,gutim,10,
10,39.832,0.0789,144,30,5,163,,F#1,,,,,,,,n10_5Fs1t_2,163,,gutim,10,
10,39.833,0.3164,144,81,14,164,,A5,,,,,,,,n10_1A5e,164,,gutim,10,
10,39.915,0.0789,144,37,5,165,,C#2,,,,,,,,n10_5Cs2t_2,165,,gutim,10,
10,39.998,0.0789,144,30,5,166,,F#1,,,,,,,,n10_5Fs1t_3,166,,gutim,10,
10,40.0811,0.1586,144,37,5,167,,C#2,,,,,,,,n10_5Cs2s_1,167,,gutim,10,
10,40.166,3.1673,144,54,11,168,,F#3,,,,,,,,n10_1Fs3e,168,,gutim,10,
10,40.248,0.0789,144,30,5,169,,F#1,,,,,,,,n10_5Fs1t_4,169,,gutim,10,
10,40.3311,0.0789,144,45,5,170,,A2,,,,,,,,n10_5A2t_2,170,,gutim,10,
10,40.4141,0.0789,144,37,5,171,,C#2,,,,,,,,n10_5Cs2t_3,171,,gutim,10,
10,40.4971,0.0789,144,45,5,172,,A2,,,,,,,,n10_5A2t_3,172,,gutim,10,
10,40.5801,0.0789,144,30,5,173,,F#1,,,,,,,,n10_5Fs1t_5,173,,gutim,10,
10,40.6631,0.0789,144,37,5,174,,C#2,,,,,,,,n10_5Cs2t_4,174,,gutim,10,
10,40.7461,0.0789,144,30,5,175,,F#1,,,,,,,,n10_5Fs1t_6,175,,gutim,10,
10,40.8291,0.1586,144,37,5,176,,C#2,,,,,,,,n10_5Cs2s_2,176,,gutim,10,
10,40.9961,0.0789,144,30,5,177,,F#1,,,,,,,,n10_5Fs1t_7,177,,gutim,10,
10,41.0791,0.0789,144,45,5,178,,A2,,,,,,,,n10_5A2t_4,178,,gutim,10,
10,41.1621,0.0789,144,37,5,179,,C#2,,,,,,,,n10_5Cs2t_5,179,,gutim,10,
10,41.2451,0.0789,144,45,5,180,,A2,,,,,,,,n10_5A2t_5,180,,gutim,10,
10,41.3281,0.0789,144,30,5,181,,F#1,,,,,,,,n10_5Fs1t_8,181,,gutim,10,
10,41.4111,0.0789,144,37,5,182,,C#2,,,,,,,,n10_5Cs2t_6,182,,gutim,10,
10,41.4941,0.0789,144,30,5,183,,F#1,,,,,,,,n10_5Fs1t_9,183,,gutim,10,
10,41.5771,0.1586,144,37,5,184,,C#2,,,,,,,,n10_5Cs2s_3,184,,gutim,10,
10,41.7441,0.0789,144,30,5,185,,F#1,,,,,,,,n10_5Fs1t_10,185,,gutim,10,
10,41.8271,0.0789,144,45,5,186,,A2,,,,,,,,n10_5A2t_6,186,,gutim,10,
10,41.9102,0.0789,144,37,5,187,,C#2,,,,,,,,n10_5Cs2t_7,187,,gutim,10,
10,41.9932,0.0789,144,45,5,188,,A2,,,,,,,,n10_5A2t_7,188,,gutim,10,
10,42.0762,0.0789,144,30,5,189,,F#1,,,,,,,,n10_5Fs1t_11,189,,gutim,10,
10,42.1592,0.0789,144,37,5,190,,C#2,,,,,,,,n10_5Cs2t_8,190,,gutim,10,
10,42.2422,0.0789,144,30,5,191,,F#1,,,,,,,,n10_5Fs1t_12,191,,gutim,10,
10,42.3252,0.1586,144,37,5,192,,C#2,,,,,,,,n10_5Cs2s_4,192,,gutim,10,
10,42.4922,0.0789,144,30,5,193,,F#1,,,,,,,,n10_5Fs1t_13,193,,gutim,10,
10,42.5752,0.0789,144,45,5,194,,A2,,,,,,,,n10_5A2t_8,194,,gutim,10,
10,42.6582,0.0789,144,37,5,195,,C#2,,,,,,,,n10_5Cs2t_9,195,,gutim,10,
,,,,,,,7004,,,,,,,,,,,,gutim,,
,,,,,,,,,,,,,,,,,,13,,,
13,54.0,0.0789,144,69,11,196,,A4,,,,,,,,n13_1A4t,196,,gutim,13,
13,54.083,0.0789,144,36,11,197,,C2,,,,,,,,n13_1C2t_0,197,,gutim,13,
13,54.166,0.0789,144,42,10,198,,F#2,,,,,,,,n13_1Fs2t,198,,gutim,13,
13,54.249,0.3164,144,76,10,199,,E5,,,,,,,,n13_1E5e,199,,gutim,13,
13,54.582,0.3173,144,68,9,200,,G#4,,,,,,,,n13_1Gs4s_0,200,,gutim,13,
13,54.916,0.1586,144,76,7,201,,E5,,,,,,,,n13_1E5s,201,,gutim,13,
13,55.083,0.1586,144,68,6,202,,G#4,,,,,,,,n13_1Gs4s_2,202,,gutim,13,
13,55.25,0.1586,144,69,6,203,,A4,,,,,,,,n13_1A4s_0,203,,gutim,13,
13,55.417,0.0789,144,68,5,204,,G#4,,,,,,,,n13_1Gs4t,204,,gutim,13,
13,55.5,0.0714,144,36,5,205,,C2,,,,,,,,n13_1C2t_1,205,,gutim,13,
13,55.5752,0.0714,144,81,5,206,,A5,,,,,,,,n13_1A5t_0,206,,gutim,13,
13,55.6504,0.0714,144,88,5,207,,E6,,,,,,,,n13_1E6t_0,207,,gutim,13,
13,55.7256,0.0714,144,81,5,208,,A5,,,,,,,,n13_1A5t_1,208,,gutim,13,
13,55.8008,0.1429,144,88,5,209,,E6,,,,,,,,n13_1E6t_1,209,,gutim,13,
13,55.9512,0.0714,144,81,5,210,,A5,,,,,,,,n13_1A5t_2,210,,gutim,13,
13,56.0264,0.1429,144,88,5,211,,E6,,,,,,,,n13_1E6s,211,,gutim,13,
13,56.1768,0.0714,144,54,5,212,,F#3,,,,,,,,n13_1Fs3t_0,212,,gutim,13,
13,56.252,0.0714,144,36,5,213,,C2,,,,,,,,n13_1C2t_2,213,,gutim,13,
13,56.3271,0.0714,144,81,5,214,,A5,,,,,,,,n13_1A5t_3,214,,gutim,13,
13,56.4023,0.0714,144,88,5,215,,E6,,,,,,,,n13_1E6t_3,215,,gutim,13,
13,56.4775,0.0714,144,54,5,216,,F#3,,,,,,,,n13_1Fs3t_1,216,,gutim,13,
13,56.5527,0.1429,144,80,5,217,,G#5,,,,,,,,n13_1Gs5t_0,217,,gutim,13,
13,56.7031,0.0714,144,81,5,218,,A5,,,,,,,,n13_1A5t_4,218,,gutim,13,
13,56.7783,0.0714,144,54,5,219,,F#3,,,,,,,,n13_1Fs3t_2,219,,gutim,13,
13,56.8535,0.1392,144,69,5,220,,A4,,,,,,,,n13_1A4s_1,220,,gutim,13,
,,,,,,,,,,,,,,,,,,14,,,
14,57.0,1.2,144,36,5,221,,C2,,,,,,,,n14_1C2h,221,,gutim,14,
14,57.0,1.2,144,46,11,221,,Bb2,,,,,,,,n14_5Bb2h,221,,gutim,14,
14,58.5,0.05,144,36,20,222,,C2,,,,,,,,n14_5C2t_0,222,,gutim,14,
14,58.5625,0.0594,144,81,19,223,,A5,,,,,,,,n14_5A5t_0,223,,gutim,14,
14,58.625,0.0594,144,88,19,224,,E6,,,,,,,,n14_5E6t_0,224,,gutim,14,
14,58.6875,0.0891,144,24,18,225,,C1,,,,,,,,n14_5C1t,225,,gutim,14,
14,58.7812,0.0891,144,88,18,226,,E6,,,,,,,,n14_5E6t_1,226,,gutim,14,
14,58.875,0.0594,144,48,17,227,,C3,,,,,,,,n14_5C3t_0,227,,gutim,14,
14,58.9375,0.0594,144,81,16,228,,A5,,,,,,,,n14_5A5t_1,228,,gutim,14,
14,59.0,0.0594,144,88,16,229,,E6,,,,,,,,n14_5E6t_2,229,,gutim,14,
14,59.0625,0.0891,144,36,15,230,,C2,,,,,,,,n14_5C2t_1,230,,gutim,14,
14,59.1562,0.0891,144,88,14,231,,E6,,,,,,,,n14_5E6t_3,231,,gutim,14,
14,59.25,0.0594,144,54,13,232,,F#3,,,,,,,,n14_5Fs3t_0,232,,gutim,14,
14,59.3125,0.0594,144,80,13,233,,G#5,,,,,,,,n14_5Gs5t_0,233,,gutim,14,
14,59.375,0.0594,144,81,12,234,,A5,,,,,,,,n14_5A5t_2,234,,gutim,14,
14,59.4375,0.0594,144,54,12,235,,F#3,,,,,,,,n14_5Fs3t_1,235,,gutim,14,
14,59.5,0.0594,144,88,11,236,,E6,,,,,,,,n14_5E6t_4,236,,gutim,14,
14,59.5625,0.0594,144,80,11,237,,G#5,,,,,,,,n14_5Gs5t_1,237,,gutim,14,
14,59.625,0.0594,144,48,10,238,,C3,,,,,,,,n14_5C3t_1,238,,gutim,14,
14,59.6875,0.0594,144,88,10,239,,E6,,,,,,,,n14_5E6t_5,239,,gutim,14,
14,59.75,0.0594,144,54,9,240,,F#3,,,,,,,,n14_5Fs3t_2,240,,gutim,14,
14,59.8125,0.0594,144,80,9,241,,G#5,,,,,,,,n14_5Gs5t_2,241,,gutim,14,
14,59.875,0.0594,144,81,8,242,,A5,,,,,,,,n14_5A5t_3,242,,gutim,14,
14,59.9375,2.1969,144,93,8,243,,A6,,,,,,,,n14_5A6t,243,,gutim,14,
,,,,,,,7007,,,,,,,,,,,,gutim,,
,,,,,,,,,,,,,,,,,,15,,,
15,64.8,0.06,144,52,11,244,,E3,g,,,,,,,ng15_1E3e,244,,gutim,15,
15,64.875,0.06,144,58,12,245,,Bb3,g,,,,,,,ng15_1Bb3e,245,,gutim,15,
15,64.95,0.06,144,84,12,246,,C6,g,,,,,,,ng15_1C6e,246,,gutim,15,
15,65.025,0.06,144,97,13,247,,C#7,g,,,,,,,ng15_1Cs7e,247,,gutim,15,
15,65.1,0.0375,144,44,14,248,,G#2,g,,,,,,,ng15_1Gs2e,248,,gutim,15,
15,65.175,0.06,144,70,14,249,,Bb4,g,,,,,,,ng15_1Bb4e,249,,gutim,15,
15,65.25,3.5556,144,64,14,250,,E4,,,,,,,,n15_1E4q_0,250,,gutim,15,
15,65.25,0.8889,144,24,14,250,,C1,,,,,,,,n15_6C1h,250,,gutim,15,
15,65.25,0.8889,144,32,14,250,,G#1,,,,,,,,n15_6Gs1h,250,,gutim,15,
15,65.8056,0.4444,144,76,22,251,,E5,,,,,,,,n15_1E5q,251,,gutim,15,
,,,,,,,,,,,,,,,,,,16,,,
16,66.3611,2.6667,144,68,22,252,,G#4,,,,,,,,n16_1Gs4w,252,,gutim,16,
16,66.3611,0.3333,144,37,5,252,,C#2,,,,,,,,n16_5Cs2e,252,,gutim,16,
16,66.7778,0.3333,144,35,5,253,,B1,,,,,,,,n16_5B1s,253,,gutim,16,
16,67.1944,0.6667,144,69,20,254,,A4,,,,,,,,n16_5A4e,254,,gutim,16,
16,67.4722,0.06,144,37,20,255,,C#2,g,,,,,,,ng16_5Cs2e,255,,gutim,16,
16,67.4722,0.06,144,42,20,255,,F#2,g,,,,,,,ng16_5Fs2e,255,,gutim,16,
16,67.4722,0.06,144,64,20,255,,E4,g,,,,,,,ng16_5E4e,255,,gutim,16,
16,67.5472,0.06,144,50,20,256,,D3,g,,,,,,,ng16_5D3e,256,,gutim,16,
16,67.5472,0.06,144,77,20,256,,F5,g,,,,,,,ng16_5F5e,256,,gutim,16,
16,67.6222,0.06,144,69,20,257,,A4,g,,,,,,,ng16_5A4e,257,,gutim,16,
16,67.6972,0.06,144,45,20,258,,A2,g,,,,,,,ng16_5A2e,258,,gutim,16,
16,67.6972,0.06,144,49,20,258,,C#3,g,,,,,,,ng16_5Cs3e,258,,gutim,16,
16,67.6972,0.06,144,101,20,258,,F7,g,,,,,,,ng16_5F7e,258,,gutim,16,
16,67.7722,0.06,144,65,20,259,,F4,g,,,,,,,ng16_5F4e,259,,gutim,16,
16,67.8472,0.06,144,103,20,260,,G7,g,,,,,,,ng16_5G7e,260,,gutim,16,
,,,,,,,,,,,,,,,,,,17,,,
17,69.6944,1.7778,144,96,14,261,,C7,,,,,,,,n17_1C7w,261,,gutim,17,
17,71.6917,0.06,144,46,14,262,,Bb2,g,,,,,,,ng17_1Bb2e,262,,gutim,17,
17,71.7667,0.06,144,32,5,263,,Ab1,g,,,,,,,ng17_1Ab1e,263,,gutim,17,
17,71.8417,0.06,144,65,17,264,,F4,g,,,,,,,ng17_1F4e,264,,gutim,17,
17,71.9167,1.7778,144,85,20,265,,Db6,,,,,,,,n17_1Db6h,265,,gutim,17,
,,,,,,,,,,,,,,,,,,18,,,
18,73.9889,0.06,144,80,5,266,,Ab5,g,,,,,,,ng18_1Ab5e,266,,gutim,18,
18,74.0639,0.06,144,62,5,267,,D4,g,,,,,,,ng18_1D4e,267,,gutim,18,
18,74.1389,0.1667,144,90,8,268,,F#6,,,,,,,,n18_1Fs6s,268,,gutim,18,
18,74.2083,0.0556,144,45,8,269,,A2,,,,,,,,n18_5A2t,269,,gutim,18,
18,74.2778,0.0556,144,57,8,270,,A3,,,,,,,,n18_5A3t,270,,gutim,18,
18,74.3472,0.0556,144,103,14,271,,G7,,,,,,,,n18_1G7t,271,,gutim,18,
18,74.3472,0.0556,144,38,8,271,,D2,,,,,,,,n18_5D2t,271,,gutim,18,
,,,,,,,7010,,,,,,,,,,,,gutim,,
,,,,,,,,,,,,,,,,,,20,,,
20,78.8016,0.3016,144,64,8,272,,E4,,,,,,,,n20_1E4e_0,272,,gutim,20,
20,79.119,0.3016,144,84,11,273,,C6,,,,,,,,n20_1C6e_0,273,,gutim,20,
20,79.4365,0.9048,144,56,14,274,,Ab3,,,,,,,,n20_1Ab3q_0,274,,gutim,20,
20,79.4365,0.9048,144,64,14,274,,E4,,,,,,,,n20_1E4q_0,274,,gutim,20,
20,79.4365,0.9048,144,84,14,274,,C6,,,,,,,,n20_1C6q_0,274,,gutim,20,
20,80.3889,0.6032,144,56,5,275,,Ab3,,,,,,,,n20_1Ab3q_1,275,,gutim,20,
20,80.3889,0.6032,144,64,5,275,,E4,,,,,,,,n20_1E4q_1,275,,gutim,20,
20,80.3889,0.6032,144,84,5,275,,C6,,,,,,,,n20_1C6q_1,275,,gutim,20,
20,81.0238,0.5431,144,50,8,276,,D3,,,,,,,,n20_1D3e,276,,gutim,20,
20,81.5955,0.3617,144,77,11,277,,F5,,,,,,,,n20_1F5e,277,,gutim,20,
20,81.9762,1.5238,144,50,14,278,,D3,,,,,,,,n20_1D3h,278,,gutim,20,
20,81.9762,1.5238,144,69,14,278,,A4,,,,,,,,n20_1A4h,278,,gutim,20,
20,81.9762,1.5238,144,77,14,278,,F5,,,,,,,,n20_1F5h,278,,gutim,20,
20,82.9286,0.3016,144,46,14,279,,Bb2,,,,,,,,n20_5Bb2e_0,279,,gutim,20,
20,83.246,0.3016,144,73,10,280,,Db5,,,,,,,,n20_5Db5e,280,,gutim,20,
20,83.5635,0.3016,144,45,5,281,,A2,,,,,,,,n20_5A2e_0,281,,gutim,20,
20,83.881,0.0594,144,65,5,282,,F4,,,,,,,,n20_1F4t_0,282,,gutim,20,
20,83.9435,0.0594,144,79,5,283,,G5,,,,,,,,n20_1G5t_0,283,,gutim,20,
20,84.006,0.0594,144,65,5,284,,F4,,,,,,,,n20_1F4t_1,284,,gutim,20,
20,84.0685,0.0891,144,79,5,285,,G5,,,,,,,,n20_1G5t_1,285,,gutim,20,
20,84.1622,0.0891,144,65,5,286,,F4,,,,,,,,n20_1F4t_2,286,,gutim,20,
20,84.256,0.3562,144,73,5,287,,Db5,,,,,,,,n20_1Db5e,287,,gutim,20,
20,84.256,0.3562,144,45,5,287,,A2,,,,,,,,n20_5A2e_1,287,,gutim,20,
20,84.256,0.3562,144,46,5,287,,Bb2,,,,,,,,n20_5Bb2e_1,287,,gutim,20,
20,84.631,0.0594,144,65,7,288,,F4,,,,,,,,n20_1F4t_3,288,,gutim,20,
20,84.631,0.0594,144,73,7,288,,Db5,,,,,,,,n20_1Db5t_0,288,,gutim,20,
20,84.631,0.2848,144,46,7,288,,Bb2,,,,,,,,n20_5Bb2e_2,288,,gutim,20,
20,84.6935,0.0594,144,79,7,289,,G5,,,,,,,,n20_1G5t_2,289,,gutim,20,
20,84.756,0.0594,144,65,7,290,,F4,,,,,,,,n20_1F4t_4,290,,gutim,20,
20,84.8185,0.0891,144,73,7,291,,Db5,,,,,,,,n20_1Db5t_1,291,,gutim,20,
20,84.8185,0.0891,144,79,7,291,,G5,,,,,,,,n20_1G5t_3,291,,gutim,20,
20,84.9122,0.0891,144,65,7,292,,F4,,,,,,,,n20_1F4t_5,292,,gutim,20,
20,84.9308,0.4277,144,45,8,293,,A2,,,,,,,,n20_5A2e_2,293,,gutim,20,
,,,,,,,,,,,,,,,,,,21,,,
21,85.381,0.0594,144,65,9,294,,F4,,,,,,,,n21_1F4t_0,294,,gutim,21,
21,85.381,0.0594,144,73,9,294,,Db5,,,,,,,,n21_1Db5t_0,294,,gutim,21,
21,85.381,0.2848,144,46,9,294,,Bb2,,,,,,,,n21_5Bb2e,294,,gutim,21,
21,85.4435,0.0594,144,79,9,295,,G5,,,,,,,,n21_1G5t_0,295,,gutim,21,
21,85.506,0.0594,144,65,9,296,,F4,,,,,,,,n21_1F4t_1,296,,gutim,21,
21,85.5685,0.0891,144,73,9,297,,Db5,,,,,,,,n21_1Db5t_1,297,,gutim,21,
21,85.5685,0.0891,144,79,9,297,,G5,,,,,,,,n21_1G5t_1,297,,gutim,21,
21,85.6622,0.0891,144,65,9,298,,F4,,,,,,,,n21_1F4t_2,298,,gutim,21,
21,85.6808,0.4277,144,45,9,299,,A2,,,,,,,,n21_5A2e,299,,gutim,21,
21,86.631,0.2,144,56,9,300,,Ab3,,,,,,,,n21_1Ab3e,300,,gutim,21,
21,86.631,0.2,144,64,9,300,,E4,,,,,,,,n21_1E4e,300,,gutim,21,
21,86.631,0.2,144,84,9,300,,C6,,,,,,,,n21_1C6e,300,,gutim,21,
21,86.881,0.2375,144,70,11,301,,Bb4,,,,,,,,n21_1Bb4s,301,,gutim,21,
21,87.131,0.2375,144,85,14,302,,Db6,,,,,,,,n21_1Db6s,302,,gutim,21,
21,87.381,0.0789,144,56,16,303,,Ab3,,,,,,,,n21_1Ab3t_0,303,,gutim,21,
21,87.381,0.0789,144,64,16,303,,E4,,,,,,,,n21_1E4t_0,303,,gutim,21,
21,87.381,0.0789,144,84,16,303,,C6,,,,,,,,n21_1C6t_0,303,,gutim,21,
21,87.464,0.0789,144,70,17,304,,Bb4,,,,,,,,n21_1Bb4t,304,,gutim,21,
21,87.464,0.0789,144,97,17,304,,Db7,,,,,,,,n21_1Db7t,304,,gutim,21,
21,87.547,0.0798,144,56,17,305,,Ab3,,,,,,,,n21_1Ab3t_1,305,,gutim,21,
21,87.547,0.0798,144,64,17,305,,E4,,,,,,,,n21_1E4t_1,305,,gutim,21,
21,87.547,0.0798,144,84,17,305,,C6,,,,,,,,n21_1C6t_1,305,,gutim,21,
,,,,,,,7012,,,,,,,,,,,,gutim,,
,,,,,,,,,,,,,,,,,,24,,,
24,108.631,0.8889,144,66,8,306,,F#4,,,,,,,,n24_1Fs4h,306,,gutim,24,
24,108.631,0.8889,144,92,8,306,,G#6,,,,,,,,n24_1Gs6h,306,,gutim,24,
24,108.631,0.8889,144,100,14,306,,E7,,,,,,,,n24_1E7h,306,,gutim,24,
24,108.631,0.8889,144,64,14,306,,E4,,,,,,,,n24_5E4h,306,,gutim,24,
24,108.631,0.8889,144,70,14,306,,Bb4,,,,,,,,n24_5Bb4h,306,,gutim,24,
,,,,,,,7013,,,,,,,,,,,,gutim,,
,,,,,,,,,,,,,,,,,,25,,,
25,109.7421,2.2222,144,68,22,307,,Ab4,,,,,,,,n25_2Ab4h_0,307,,gutim,25,
25,109.7421,0.2778,144,35,14,307,,B1,,,,,,,,n25_6B1q,307,,gutim,25,
25,109.9504,0.0556,144,77,8,308,,F5,,,,,,,,n25_1F5t,308,,gutim,25,
25,110.0198,0.0278,144,42,6,309,,F#2,,,,,,,,n25_1Fs2x,309,,gutim,25,
25,110.0546,0.0278,144,49,6,310,,C#3,,,,,,,,n25_1Cs3x,310,,gutim,25,
25,110.0893,0.3889,144,75,14,311,,Eb5,,,,,,,,n25_1Eb5s,311,,gutim,25,
25,110.2976,1.037,144,46,14,312,,Bb2,,,,,,,,n25_5Bb2h,312,,gutim,25,
25,110.4828,0.1481,144,52,14,313,,E3,,,,,,,,n25_6E3e,313,,gutim,25,
25,110.668,0.1481,144,58,14,314,,Bb3,,,,,,,,n25_6Bb3e,314,,gutim,25,
25,110.8532,2.9778,144,84,14,315,,C6,,,,,,,,n25_1C6w,315,,gutim,25,
25,111.4087,0.1481,144,50,14,316,,D3,,,,,,,,n25_5D3e,316,,gutim,25,
25,111.4087,0.4444,144,24,14,316,,C1,,,,,,,,n25_6C1q,316,,gutim,25,
25,111.5939,0.1481,144,69,14,317,,A4,,,,,,,,n25_5A4e,317,,gutim,25,
25,111.7791,0.2963,144,76,14,318,,E5,,,,,,,,n25_5E5q,318,,gutim,25,
25,112.1495,0.2963,144,98,14,319,,D7,,,,,,,,n25_5D7q,319,,gutim,25,
25,112.5198,6.0374,144,78,14,320,,F#5,,,,,,,,n25_2Fs5h,320,,gutim,25,
25,112.5198,0.2778,144,74,14,320,,D5,,,,,,,,n25_5D5q,320,,gutim,25,
,,,,,,,,,,,,,,,,,,26,,,
26,114.5754,0.6,144,34,14,321,,Bb1,,,,,,,,n26_5Bb1q,321,,gutim,26,
26,114.5754,0.6,144,44,14,321,,Ab2,,,,,,,,n26_5Ab2q,321,,gutim,26,
26,115.7067,0.06,144,30,14,322,,Gb1,g,,,,,,,ng26_5Gb1e_0,322,,gutim,26,
26,115.7817,0.06,144,55,14,323,,G3,g,,,,,,,ng26_5G3e,323,,gutim,26,
26,115.8567,0.06,144,46,14,324,,Bb2,g,,,,,,,ng26_5Bb2e,324,,gutim,26,
26,115.9317,0.06,144,30,14,325,,Gb1,g,,,,,,,ng26_5Gb1e_1,325,,gutim,26,
26,116.0067,0.06,144,86,14,326,,D6,g,,,,,,,ng26_5D6e,326,,gutim,26,
26,116.0817,10.5515,144,34,14,327,,Bb1,,,,,,,,n26_6Bb1w,327,,gutim,26,
26,118.163,5.0985,144,54,14,328,,F#3,,,,,,,,n26_5Fs3e_0,328,,gutim,26,
26,118.163,2.3395,144,57,14,328,,A3,,,,,,,,n26_5A3e,328,,gutim,26,
26,119.5145,0.8889,144,56,14,329,,G#3,,,,,,,,n26_1Gs3q_0,329,,gutim,26,
26,120.0666,8.7442,144,47,14,330,,B2,,,,,,,,n26_5B2q,330,,gutim,26,
26,120.696,0.0846,144,37,14,331,,Db2,,,,,,,,n26_2Db2t,331,,gutim,26,
26,120.8018,0.0848,144,65,14,332,,F4,,,,,,,,n26_2F4t,332,,gutim,26,
,,,,,,,,,,,,,,,,,,27,,,
27,123.5299,5.4542,144,50,14,333,,D3,,,,,,,,n27_5D3w,333,,gutim,27,
,,,,,,,7016,,,,,,,,,,,,gutim,,
,,,,,,,,,,,,,,,,,,29,,,
29,133.2711,1.0714,144,94,24,334,,Bb6,,,,,,,,n29_1Bb6h,334,,gutim,29,
29,133.2711,2.5714,144,63,14,334,,Eb4,,,,,,,,n29_2Eb4w,334,,gutim,29,
29,133.8068,1.9286,144,33,22,335,,A1,,,,,,,,n29_6A1w,335,,gutim,29,
29,134.0747,0.2143,144,58,17,336,,Bb3,,,,,,,,n29_5Bb3e,336,,gutim,29,
29,134.3425,3.4286,144,52,18,337,,E3,,,,,,,,n29_5E3b,337,,gutim,29,
29,134.6104,1.0714,144,38,20,338,,D2,,,,,,,,n29_1D2e,338,,gutim,29,
29,136.2175,0.2545,144,91,22,339,,G6,,,,,,,,n29_6G6e,339,,gutim,29,
29,136.7532,0.0714,144,37,14,340,,C#2,,,,,,,,n29_2Cs2s,340,,gutim,29,
29,136.8425,0.0714,144,35,14,341,,B1,,,,,,,,n29_2B1s,341,,gutim,29,
29,136.9318,0.0714,144,89,14,342,,F6,,,,,,,,n29_2F6s,342,,gutim,29,
29,137.0211,0.1283,144,69,14,343,,A4,,,,,,,,n29_2A4s,343,,gutim,29,
29,137.1815,0.1283,144,62,17,344,,D4,,,,,,,,n29_2D4s,344,,gutim,29,
29,137.2889,0.2143,144,74,11,345,,D5,,,,,,,,n29_1D5s_0,345,,gutim,29,
29,137.3413,0.1283,144,49,19,346,,C#3,,,,,,,,n29_2Cs3s,346,,gutim,29,
29,137.4229,0.9643,144,53,22,347,,F3,,,,,,,,n29_1F3s,347,,gutim,29,
29,137.5024,0.0435,144,44,8,348,,G#2,,,,,,,,n29_2Gs2t,348,,gutim,29,
29,137.5024,0.0435,144,101,22,348,,F7,,,,,,,,n29_2F7t,348,,gutim,29,
29,137.5568,0.8571,144,60,22,349,,C4,,,,,,,,n29_1C4h,349,,gutim,29,
29,137.5568,0.8571,144,88,8,349,,E6,,,,,,,,n29_1E6h,349,,gutim,29,
29,137.6642,0.1283,144,47,20,350,,B2,,,,,,,,n29_6B2s,350,,gutim,29,
29,137.6642,0.1283,144,74,20,350,,D5,,,,,,,,n29_6D5s,350,,gutim,29,
29,137.8247,0.2143,144,50,14,351,,D3,,,,,,,,n29_6D3s_0,351,,gutim,29,
29,137.9586,0.1071,144,36,8,352,,C2,,,,,,,,n29_6C2s,352,,gutim,29,
29,138.0925,0.2143,144,69,22,353,,A4,,,,,,,,n29_2A4e,353,,gutim,29,
29,138.3604,0.2143,144,101,22,354,,F7,,,,,,,,n29_2F7e,354,,gutim,29,
,,,,,,,7020,,,,,,,,,,,,gutim,,
,,,,,,,,,,,,,,,,,,34,,,
34,170.9305,0.06,144,36,8,355,,C2,g,,,,,,,ng34_5C2e,355,,gutim,34,
34,171.0055,0.475,144,69,8,356,,A4,,,,,,,,n34_5A4e_0,356,,gutim,34,
34,171.5055,0.475,144,54,8,357,,F#3,,,,,,,,n34_5Fs3q,357,,gutim,34,
34,171.7805,0.06,144,90,8,358,,F#6,g,,,,,,,ng34_1Fs6e_0,358,,gutim,34,
34,171.8555,0.06,144,80,8,359,,G#5,g,,,,,,,ng34_1Gs5e,359,,gutim,34,
34,171.9305,0.06,144,90,8,360,,F#6,g,,,,,,,ng34_1Fs6e_1,360,,gutim,34,
34,172.0055,0.0891,144,71,8,361,,B4,,,,,,,,n34_1B4t_0,361,,gutim,34,
34,172.0993,0.1336,144,80,8,362,,G#5,,,,,,,,n34_1Gs5t_0,362,,gutim,34,
34,172.2399,0.1336,144,90,8,363,,F#6,,,,,,,,n34_1Fs6t_0,363,,gutim,34,
34,172.3805,0.0891,144,71,9,364,,B4,,,,,,,,n34_1B4t_1,364,,gutim,34,
34,172.4743,0.1336,144,80,11,365,,G#5,,,,,,,,n34_1Gs5t_1,365,,gutim,34,
34,172.6149,0.1336,144,90,12,366,,F#6,,,,,,,,n34_1Fs6t_1,366,,gutim,34,
,,,,,,,,,,,,,,,,,,35,,,
35,172.7555,0.6,144,59,14,367,,B3,,,,,,,,n35_1B3q,367,,gutim,35,
35,172.7555,0.2375,144,52,14,367,,E3,,,,,,,,n35_5E3e,367,,gutim,35,
35,172.7555,0.2375,144,62,14,367,,D4,,,,,,,,n35_5D4e_0,367,,gutim,35,
35,173.0055,0.1187,144,34,14,368,,Bb1,,,,,,,,n35_5Bb1s,368,,gutim,35,
35,173.1305,0.1187,144,52,14,369,,E3,,,,,,,,n35_5E3s,369,,gutim,35,
35,173.2555,0.2375,144,62,14,370,,D4,,,,,,,,n35_5D4e_1,370,,gutim,35,
35,173.5055,0.0594,144,59,14,371,,B3,,,,,,,,n35_1B3t,371,,gutim,35,
35,173.568,0.0594,144,90,14,372,,F#6,,,,,,,,n35_1Fs6t_0,372,,gutim,35,
35,173.6305,0.0891,144,80,14,373,,G#5,,,,,,,,n35_1Gs5t,373,,gutim,35,
35,173.7243,0.0891,144,90,14,374,,F#6,,,,,,,,n35_1Fs6t_1,374,,gutim,35,
35,173.818,0.1781,144,59,14,375,,B3,,,,,,,,n35_1B3s_0,375,,gutim,35,
35,174.0055,0.1781,144,94,14,376,,A#6,,,,,,,,n35_1As6s_0,376,,gutim,35,
35,174.193,0.0594,144,50,14,377,,D3,,,,,,,,n35_1D3t,377,,gutim,35,
35,174.2555,0.475,144,57,14,378,,A3,,,,,,,,n35_5A3q,378,,gutim,35,
35,174.7555,0.95,144,42,14,379,,F#2,,,,,,,,n35_5Fs2h,379,,gutim,35,
35,175.5055,0.2,144,50,14,380,,D3,,,,,,,,n35_1D3e,380,,gutim,35,
35,175.5055,0.2,144,59,14,380,,B3,,,,,,,,n35_1B3e,380,,gutim,35,
35,175.5055,0.2,144,80,14,380,,G#5,,,,,,,,n35_1Gs5e,380,,gutim,35,
35,175.5055,0.2,144,90,14,380,,F#6,,,,,,,,n35_1Fs6e,380,,gutim,35,
35,175.5055,0.2,144,94,14,380,,A#6,,,,,,,,n35_1As6e,380,,gutim,35,
35,175.7555,0.2,144,34,14,381,,Bb1,,,,,,,,n35_1Bb1e,381,,gutim,35,
35,175.7555,0.2,144,73,14,381,,Db5,,,,,,,,n35_1Db5e,381,,gutim,35,
35,175.7555,0.15,144,58,14,381,,Bb3,,,,,,,,n35_5Bb3s,381,,gutim,35,
35,175.943,0.1,144,85,14,382,,Db6,,,,,,,,n35_5Db6s,382,,gutim,35,
35,176.0055,0.2375,144,76,14,383,,E5,,,,,,,,n35_1E5e,383,,gutim,35,
35,176.068,0.05,144,32,14,384,,Ab1,,,,,,,,n35_5Ab1t,384,,gutim,35,
35,176.2555,0.2375,144,68,14,385,,G#4,,,,,,,,n35_1Gs4e,385,,gutim,35,
35,176.443,0.0594,144,52,14,386,,E3,,,,,,,,n35_5E3t_0,386,,gutim,35,
35,176.5055,0.0594,144,62,14,387,,D4,,,,,,,,n35_5D4t_0,387,,gutim,35,
35,176.568,0.0594,144,34,14,388,,Bb1,,,,,,,,n35_5Bb1t_0,388,,gutim,35,
35,176.6305,0.0594,144,52,14,389,,E3,,,,,,,,n35_5E3t_1,389,,gutim,35,
35,176.693,0.0594,144,34,14,390,,Bb1,,,,,,,,n35_5Bb1t_1,390,,gutim,35,
35,176.693,0.0594,144,62,14,390,,D4,,,,,,,,n35_5D4t_1,390,,gutim,35,
35,176.7555,0.0594,144,30,14,391,,Gb1,,,,,,,,n35_5Gb1t,391,,gutim,35,
35,176.7555,0.0594,144,52,14,391,,E3,,,,,,,,n35_5E3t_2,391,,gutim,35,
35,176.818,0.0594,144,34,14,392,,Bb1,,,,,,,,n35_5Bb1t_2,392,,gutim,35,
35,176.818,0.0594,144,43,14,392,,G2,,,,,,,,n35_5G2t,392,,gutim,35,
35,176.818,0.0594,144,62,14,392,,D4,,,,,,,,n35_5D4t_2,392,,gutim,35,
35,177.1305,1.225,144,50,14,393,,D3,,,,,,,,n35_1D3s,393,,gutim,35,
35,177.1305,1.225,144,59,14,393,,B3,,,,,,,,n35_1B3s_1,393,,gutim,35,
35,177.1305,1.225,144,80,14,393,,G#5,,,,,,,,n35_1Gs5s,393,,gutim,35,
35,177.1305,1.225,144,90,14,393,,F#6,,,,,,,,n35_1Fs6s,393,,gutim,35,
35,177.1305,1.225,144,94,14,393,,A#6,,,,,,,,n35_1As6s_1,393,,gutim,35,
,,,,,,,,,,,,,,,,,,36,,,
36,177.6305,0.0594,144,70,14,394,,Bb4,,,,,,,,n36_5Bb4t_0,394,,gutim,36,
36,177.693,0.0594,144,66,14,395,,F#4,,,,,,,,n36_5Fs4t,395,,gutim,36,
36,177.7555,0.0594,144,88,14,396,,E6,,,,,,,,n36_5E6t_0,396,,gutim,36,
36,177.818,0.0891,144,70,14,397,,Bb4,,,,,,,,n36_5Bb4t_1,397,,gutim,36,
36,177.9118,0.0891,144,88,14,398,,E6,,,,,,,,n36_5E6t_1,398,,gutim,36,
36,178.0055,0.0594,144,70,14,399,,Bb4,,,,,,,,n36_5Bb4t_2,399,,gutim,36,
36,178.068,0.0594,144,79,14,400,,G5,,,,,,,,n36_5G5t_0,400,,gutim,36,
36,178.1305,0.0594,144,98,14,401,,D7,,,,,,,,n36_5D7t_0,401,,gutim,36,
36,178.193,0.0891,144,88,14,402,,E6,,,,,,,,n36_5E6t_2,402,,gutim,36,
36,178.2868,0.0891,144,98,14,403,,D7,,,,,,,,n36_5D7t_1,403,,gutim,36,
36,178.3805,0.0594,144,54,14,404,,F#3,,,,,,,,n36_5Fs3t_0,404,,gutim,36,
36,178.443,0.0594,144,88,14,405,,E6,,,,,,,,n36_5E6t_3,405,,gutim,36,
36,178.5055,0.0594,144,79,14,406,,G5,,,,,,,,n36_5G5t_1,406,,gutim,36,
36,178.568,0.0891,144,54,14,407,,F#3,,,,,,,,n36_5Fs3t_1,407,,gutim,36,
36,178.6618,0.075,144,69,14,408,,A4,,,,,,,,n36_1A4t_0,408,,gutim,36,
36,178.6618,0.0891,144,79,14,408,,G5,,,,,,,,n36_5G5t_2,408,,gutim,36,
36,178.7555,0.075,144,54,14,409,,F#3,,,,,,,,n36_1Fs3t,409,,gutim,36,
36,178.7555,0.075,144,69,14,409,,A4,,,,,,,,n36_1A4t_1,409,,gutim,36,
36,178.8493,0.525,144,54,14,410,,F#3,,,,,,,,n36_1Fs3e,410,,gutim,36,
36,178.8493,0.525,144,61,14,410,,C#4,,,,,,,,n36_1Cs4e,410,,gutim,36,
36,178.943,0.075,144,69,14,411,,A4,,,,,,,,n36_5A4t,411,,gutim,36,
36,179.0368,0.075,144,37,14,412,,C#2,,,,,,,,n36_5Cs2t,412,,gutim,36,
36,179.1305,0.3,144,50,14,413,,D3,,,,,,,,n36_5D3e,413,,gutim,36,
36,179.5055,0.2,144,47,14,414,,B2,,,,,,,,n36_5B2e_0,414,,gutim,36,
36,179.7555,0.2,144,94,14,415,,A#6,,,,,,,,n36_5As6e,415,,gutim,36,
36,180.0055,0.2,144,94,14,416,,A#6,,,,,,,,n36_1As6e_1,416,,gutim,36,
36,180.0055,0.2,144,38,14,416,,D2,,,,,,,,n36_5D2e,416,,gutim,36,
36,180.0055,0.2,144,47,14,416,,B2,,,,,,,,n36_5B2e_1,416,,gutim,36,
,,,,,,,7022,,,,,,,,,,,,gutim,,
36,180.6305,0.1125,144,74,8,417,,D5,,,,,,,,n36_5D5t,417,,gutim,36,
36,180.7711,0.075,144,36,8,418,,C2,,,,,,,,n36_5C2t_0,418,,gutim,36,
36,180.8649,0.1125,144,46,8,419,,Bb2,,,,,,,,n36_5Bb2t_0,419,,gutim,36,
36,181.0055,0.1125,144,78,8,420,,F#5,,,,,,,,n36_1Fs5t_0,420,,gutim,36,
36,181.1461,0.075,144,87,8,421,,D#6,,,,,,,,n36_1Ds6t,421,,gutim,36,
36,181.2399,0.1125,144,74,11,422,,D5,,,,,,,,n36_1D5t,422,,gutim,36,
36,181.2399,0.1125,144,78,11,422,,F#5,,,,,,,,n36_1Fs5t_1,422,,gutim,36,
36,181.2399,0.1125,144,36,11,422,,C2,,,,,,,,n36_5C2t_1,422,,gutim,36,
36,181.2399,0.1125,144,46,11,422,,Bb2,,,,,,,,n36_5Bb2t_1,422,,gutim,36,
36,181.3805,0.1125,144,75,20,423,,D#5,,,,,,,,n36_1Ds5t_0,423,,gutim,36,
36,181.5211,0.075,144,75,14,424,,D#5,,,,,,,,n36_1Ds5t_1,424,,gutim,36,
36,181.5211,0.075,144,57,20,424,,A3,,,,,,,,n36_5A3t_0,424,,gutim,36,
36,181.6149,0.1125,144,75,14,425,,D#5,,,,,,,,n36_1Ds5t_2,425,,gutim,36,
36,181.6149,0.1125,144,77,14,425,,F5,,,,,,,,n36_1F5t,425,,gutim,36,
36,181.6149,0.1125,144,57,14,425,,A3,,,,,,,,n36_5A3t_1,425,,gutim,36,
,,,,,,,,,,,,,,,,,,37,,,
37,181.7555,0.2,144,74,14,426,,D5,,,,,,,,n37_1D5e,426,,gutim,37,
37,181.7555,0.2,144,78,14,426,,F#5,,,,,,,,n37_1Fs5e,426,,gutim,37,
37,181.7555,0.2,144,87,14,426,,D#6,,,,,,,,n37_1Ds6e,426,,gutim,37,
37,181.7555,0.2,144,36,14,426,,C2,,,,,,,,n37_5C2e,426,,gutim,37,
37,181.7555,0.2,144,46,14,426,,Bb2,,,,,,,,n37_5Bb2e,426,,gutim,37,
37,182.0055,0.0891,144,66,14,427,,F#4,,,,,,,,n37_5Fs4t_0,427,,gutim,37,
37,182.0993,0.0594,144,47,14,428,,B2,,,,,,,,n37_5B2t_0,428,,gutim,37,
37,182.1618,0.0891,144,66,14,429,,F#4,,,,,,,,n37_5Fs4t_1,429,,gutim,37,
37,182.2555,0.0594,144,47,14,430,,B2,,,,,,,,n37_5B2t_1,430,,gutim,37,
37,182.318,0.0891,144,56,14,431,,G#3,,,,,,,,n37_5Gs3t,431,,gutim,37,
37,182.4118,0.0891,144,78,14,432,,F#5,,,,,,,,n37_5Fs5t_0,432,,gutim,37,
37,182.5055,0.0594,144,35,14,433,,B1,,,,,,,,n37_5B1t,433,,gutim,37,
37,182.568,0.0594,144,68,14,434,,G#4,,,,,,,,n37_5Gs4t_0,434,,gutim,37,
37,182.6305,0.0594,144,26,14,435,,D1,,,,,,,,n37_5D1t_0,435,,gutim,37,
37,182.693,0.0891,144,82,14,436,,Bb5,,,,,,,,n37_5Bb5t_0,436,,gutim,37,
37,182.7868,0.0891,144,26,14,437,,D1,,,,,,,,n37_5D1t_1,437,,gutim,37,
37,182.8805,0.0891,144,78,14,438,,F#5,,,,,,,,n37_5Fs5t_1,438,,gutim,37,
37,182.9743,0.0594,144,47,14,439,,B2,,,,,,,,n37_5B2t_2,439,,gutim,37,
37,183.0368,0.0594,144,68,14,440,,G#4,,,,,,,,n37_5Gs4t_1,440,,gutim,37,
37,183.0993,0.0594,144,38,14,441,,D2,,,,,,,,n37_5D2t,441,,gutim,37,
37,183.1618,0.0891,144,82,14,442,,Bb5,,,,,,,,n37_5Bb5t_1,442,,gutim,37,
37,183.3961,0.1336,144,50,14,443,,D3,,,,,,,,n37_1D3t_0,443,,gutim,37,
37,183.5368,0.0891,144,89,14,444,,F6,,,,,,,,n37_1F6t_0,444,,gutim,37,
37,183.6305,0.1336,144,47,14,445,,B2,,,,,,,,n37_1B2t,445,,gutim,37,
37,183.7711,0.1336,144,50,14,446,,D3,,,,,,,,n37_1D3t_1,446,,gutim,37,
37,183.9118,0.0891,144,89,14,447,,F6,,,,,,,,n37_1F6t_1,447,,gutim,37,
37,184.0055,0.9,144,68,14,448,,G#4,,,,,,,,n37_1Gs4q,448,,gutim,37,
37,184.3805,0.0445,144,42,14,449,,F#2,,,,,,,,n37_5Fs2x,449,,gutim,37,
37,184.4274,0.0445,144,49,14,450,,C#3,,,,,,,,n37_5Cs3x,450,,gutim,37,
37,184.4743,0.525,144,75,14,451,,D#5,,,,,,,,n37_5Ds5s,451,,gutim,37,
37,184.7555,0.3,144,46,14,452,,Bb2,,,,,,,,n37_2Bb2e,452,,gutim,37,
37,185.193,0.0594,144,52,14,453,,E3,,,,,,,,n37_5E3t_0,453,,gutim,37,
37,185.2555,0.0594,144,58,14,454,,Bb3,,,,,,,,n37_5Bb3t_0,454,,gutim,37,
37,185.318,0.0594,144,52,14,455,,E3,,,,,,,,n37_5E3t_1,455,,gutim,37,
37,185.3805,0.0594,144,58,14,456,,Bb3,,,,,,,,n37_5Bb3t_1,456,,gutim,37,
37,185.443,0.0594,144,52,14,457,,E3,,,,,,,,n37_5E3t_2,457,,gutim,37,
37,185.5055,0.0594,144,60,14,458,,C4,,,,,,,,n37_5C4t,458,,gutim,37,
37,185.568,0.05,144,44,14,459,,Ab2,,,,,,,,n37_5Ab2t,459,,gutim,37,
37,185.6305,0.2,144,97,14,460,,Db7,,,,,,,,n37_5Db7e,460,,gutim,37,
,,,,,,,,,,,,,,,,,,38,,,
38,186.2555,0.6,144,24,14,461,,C1,,,,,,,,n38_5C1q_0,461,,gutim,38,
38,186.443,0.15,144,62,14,462,,D4,,,,,,,,n38_2D4s,462,,gutim,38,
38,186.6305,0.3,144,81,14,463,,A5,,,,,,,,n38_2A5e,463,,gutim,38,
38,186.7555,0.4,144,46,14,464,,Bb2,,,,,,,,n38_1Bb2q,464,,gutim,38,
38,186.7555,0.4,144,76,14,464,,E5,,,,,,,,n38_1E5q_0,464,,gutim,38,
38,187.2555,0.4,144,76,14,465,,E5,,,,,,,,n38_1E5q_1,465,,gutim,38,
38,187.2555,0.4,144,98,14,465,,D7,,,,,,,,n38_1D7q,465,,gutim,38,
38,187.6305,0.1,144,56,14,466,,Ab3,,,,,,,,n38_5Ab3s,466,,gutim,38,
38,187.6305,0.1,144,64,14,466,,E4,,,,,,,,n38_5E4s,466,,gutim,38,
38,187.6305,0.1,144,70,14,466,,Bb4,,,,,,,,n38_5Bb4s,466,,gutim,38,
38,187.6305,0.1,144,84,14,466,,C6,,,,,,,,n38_5C6s,466,,gutim,38,
38,187.6305,0.1,144,97,14,466,,Db7,,,,,,,,n38_5Db7s,466,,gutim,38,
38,187.7555,1.2,144,68,14,467,,G#4,,,,,,,,n38_1Gs4h,467,,gutim,38,
38,187.7555,1.2,144,78,14,467,,F#5,,,,,,,,n38_1Fs5h,467,,gutim,38,
38,188.1305,0.9,144,24,14,468,,C1,,,,,,,,n38_5C1q_1,468,,gutim,38,
38,189.2555,0.7125,144,52,14,469,,E3,,,,,,,,n38_5E3q,469,,gutim,38,
38,190.0055,1.0687,144,58,14,470,,A#3,,,,,,,,n38_1As3q,470,,gutim,38,
38,190.0055,0.0714,144,45,14,470,,A2,,,,,,,,n38_5A2t_0,470,,gutim,38,
38,190.0807,0.0714,144,44,14,471,,G#2,,,,,,,,n38_5Gs2t_0,471,,gutim,38,
38,190.1559,0.0714,144,45,14,472,,A2,,,,,,,,n38_5A2t_1,472,,gutim,38,
38,190.2311,0.0714,144,44,14,473,,G#2,,,,,,,,n38_5Gs2t_1,473,,gutim,38,
38,190.3063,0.0714,144,45,14,474,,A2,,,,,,,,n38_5A2t_2,474,,gutim,38,
38,190.3815,0.1429,144,44,14,475,,G#2,,,,,,,,n38_5Gs2s,475,,gutim,38,
38,190.5319,0.2125,144,45,14,476,,A2,,,,,,,,n38_5A2s,476,,gutim,38,
,,,,,,,,,,,,,,,,,,39,,,
39,190.7555,0.475,144,42,14,477,,F#2,,,,,,,,n39_5Fs2q_0,477,,gutim,39,
39,191.1305,0.7125,144,78,14,478,,F#5,,,,,,,,n39_1Fs5e_0,478,,gutim,39,
39,191.2555,0.05,144,30,14,479,,F#1,,,,,,,,n39_5Fs1t,479,,gutim,39,
39,191.318,0.0297,144,55,14,480,,G3,,,,,,,,n39_5G3x_0,480,,gutim,39,
39,191.3493,0.0297,144,52,14,481,,E3,,,,,,,,n39_5E3x,481,,gutim,39,
39,191.3805,0.0297,144,34,14,482,,Bb1,,,,,,,,n39_5Bb1x,482,,gutim,39,
39,191.4118,0.0297,144,30,14,483,,F#1,,,,,,,,n39_5Fs1x,483,,gutim,39,
39,191.443,0.025,144,62,14,484,,D4,,,,,,,,n39_5D4x,484,,gutim,39,
39,191.4743,0.025,144,55,14,485,,G3,,,,,,,,n39_5G3x_1,485,,gutim,39,
39,191.5055,1.8,144,34,14,486,,Bb1,,,,,,,,n39_5Bb1h,486,,gutim,39,
39,191.8805,0.0714,144,74,14,487,,D5,,,,,,,,n39_1D5t_0,487,,gutim,39,
39,191.9557,0.0714,144,87,14,488,,Eb6,,,,,,,,n39_1Eb6t_0,488,,gutim,39,
39,192.0309,0.0714,144,74,14,489,,D5,,,,,,,,n39_1D5t_1,489,,gutim,39,
39,192.1061,0.0714,144,87,14,490,,Eb6,,,,,,,,n39_1Eb6t_1,490,,gutim,39,
39,192.1813,0.0714,144,74,14,491,,D5,,,,,,,,n39_1D5t_2,491,,gutim,39,
39,192.2565,0.1429,144,87,14,492,,Eb6,,,,,,,,n39_1Eb6s,492,,gutim,39,
39,192.4069,0.2125,144,74,14,493,,D5,,,,,,,,n39_1D5s,493,,gutim,39,
39,192.6305,0.3562,144,48,14,494,,C3,,,,,,,,n39_1C3e,494,,gutim,39,
39,193.0055,0.7203,144,36,14,495,,C2,,,,,,,,n39_5C2q,495,,gutim,39,
39,193.0055,0.7203,144,42,14,495,,F#2,,,,,,,,n39_5Fs2q_1,495,,gutim,39,
39,193.0055,0.7203,144,44,14,495,,G#2,,,,,,,,n39_5Gs2q,495,,gutim,39,
39,193.0055,0.7203,144,45,14,495,,A2,,,,,,,,n39_5A2q,495,,gutim,39,
39,193.2868,0.15,144,75,14,496,,D#5,,,,,,,,n39_1Ds5s_0,496,,gutim,39,
39,193.4743,0.225,144,57,14,497,,A3,,,,,,,,n39_1A3s,497,,gutim,39,
39,193.4743,0.225,144,75,14,497,,D#5,,,,,,,,n39_1Ds5s_1,497,,gutim,39,
39,193.7555,1.2,144,68,14,498,,G#4,,,,,,,,n39_1Gs4h,498,,gutim,39,
39,193.7555,1.2,144,78,14,498,,F#5,,,,,,,,n39_1Fs5h,498,,gutim,39,
39,193.9059,0.0602,144,45,14,499,,A2,,,,,,,,n39_5A2t_0,499,,gutim,39,
39,193.9811,0.0602,144,44,14,500,,G#2,,,,,,,,n39_5Gs2t,500,,gutim,39,
39,194.0563,0.0602,144,45,14,501,,A2,,,,,,,,n39_5A2t_1,501,,gutim,39,
39,194.1315,0.1203,144,44,14,502,,G#2,,,,,,,,n39_5Gs2s_1,502,,gutim,39,
39,194.2819,0.1797,144,45,14,503,,A2,,,,,,,,n39_5A2s_1,503,,gutim,39,
39,194.5065,0.2398,144,42,14,504,,F#2,,,,,,,,n39_5Fs2e_0,504,,gutim,39,
39,194.8063,0.5094,144,36,14,505,,C2,,,,,,,,n39_5C2e,505,,gutim,39,
39,194.8063,0.5094,144,42,14,505,,F#2,,,,,,,,n39_5Fs2e_1,505,,gutim,39,
39,194.8063,0.5094,144,44,14,505,,G#2,,,,,,,,n39_5Gs2e,505,,gutim,39,
39,194.8063,0.5094,144,45,14,505,,A2,,,,,,,,n39_5A2e,505,,gutim,39,
39,194.8063,0.5094,144,52,14,505,,E3,,,,,,,,n39_5E3e,505,,gutim,39,
,,,,,,,,,,,,,,,,,,40,,,
40,195.2555,0.0469,144,47,14,506,,B2,,,,,,,,n40_1B2s,506,,gutim,40,
40,195.2555,0.15,144,68,14,506,,G#4,,,,,,,,n40_1Gs4s,506,,gutim,40,
40,195.2555,0.15,144,78,14,506,,F#5,,,,,,,,n40_1Fs5s,506,,gutim,40,
40,195.443,0.45,144,47,14,507,,B2,,,,,,,,n40_1B2e,507,,gutim,40,
40,195.443,0.45,144,68,14,507,,G#4,,,,,,,,n40_1Gs4e,507,,gutim,40,
40,195.443,0.45,144,78,14,507,,F#5,,,,,,,,n40_1Fs5e,507,,gutim,40,
40,195.7243,0.075,144,42,14,508,,F#2,,,,,,,,n40_5Fs2t,508,,gutim,40,
40,195.7243,0.075,144,57,14,508,,A3,,,,,,,,n40_5A3t,508,,gutim,40,
40,195.818,0.075,144,49,14,509,,C#3,,,,,,,,n40_5Cs3t,509,,gutim,40,
40,195.9118,0.0891,144,75,14,510,,Eb5,,,,,,,,n40_5Eb5t,510,,gutim,40,
40,195.9118,0.0891,144,77,14,510,,F5,,,,,,,,n40_5F5t,510,,gutim,40,
40,196.0055,0.2398,144,58,14,511,,Bb3,,,,,,,,n40_1Bb3e,511,,gutim,40,
40,196.3053,0.3602,144,78,14,512,,Gb5,,,,,,,,n40_1Gb5e,512,,gutim,40,
40,196.7555,0.0602,144,74,14,513,,D5,,,,,,,,n40_1D5t,513,,gutim,40,
40,196.8307,0.0602,144,87,14,514,,Eb6,,,,,,,,n40_1Eb6t,514,,gutim,40,
40,196.9059,0.1203,144,74,14,515,,D5,,,,,,,,n40_1D5s,515,,gutim,40,
40,197.0563,0.3594,144,48,14,516,,C3,,,,,,,,n40_1C3e,516,,gutim,40,
40,197.5055,0.2848,144,24,14,517,,C1,,,,,,,,n40_5C1e,517,,gutim,40,
40,197.8053,0.4277,144,52,14,518,,E3,,,,,,,,n40_5E3e,518,,gutim,40,
40,198.2555,0.0714,144,45,14,519,,A2,,,,,,,,n40_5A2t,519,,gutim,40,
40,198.3307,0.0714,144,44,14,520,,G#2,,,,,,,,n40_5Gs2t,520,,gutim,40,
40,198.4059,0.1429,144,45,14,521,,A2,,,,,,,,n40_5A2s_1,521,,gutim,40,
40,198.5563,0.4268,144,42,14,522,,F#2,,,,,,,,n40_5Fs2e,522,,gutim,40,
,,,,,,,7028,,,,,,,,,,,,gutim,,
,,,,,,,,,,,,,,,,,,45,,,
45,217.7555,1.4545,144,70,14,523,,Bb4,,,,,,,,n45_1Bb4h,523,,gutim,45,
45,217.7555,1.4545,144,94,20,523,,Bb6,,,,,,,,n45_1Bb6h,523,,gutim,45,
45,218.6646,2.1818,144,33,5,524,,A1,,,,,,,,n45_5A1h,524,,gutim,45,
45,219.5737,1.4545,144,38,14,525,,D2,,,,,,,,n45_1D2h,525,,gutim,45,
45,219.5737,1.4545,144,64,8,525,,E4,,,,,,,,n45_1E4h,525,,gutim,45,
45,222.7555,0.7273,144,84,11,526,,C6,,,,,,,,n45_1C6e,526,,gutim,45,
45,222.7555,0.3636,144,91,5,526,,G6,,,,,,,,n45_1G6e,526,,gutim,45,
,,,,,,,,,,,,,,,,,,46,,,
46,223.2101,0.4318,144,53,5,527,,F3,,,,,,,,n46_1F3e,527,,gutim,46,
46,223.6646,0.0866,144,49,5,528,,C#3,,,,,,,,n46_1Cs3t_0,528,,gutim,46,
46,223.6646,1.0909,144,53,5,528,,F3,,,,,,,,n46_5F3e,528,,gutim,46,
46,223.6646,0.7273,144,34,5,528,,Bb1,,,,,,,,n46_6Bb1e_0,528,,gutim,46,
46,223.7557,0.0866,144,47,5,529,,B2,,,,,,,,n46_1B2t_0,529,,gutim,46,
46,223.8469,0.0866,144,49,5,530,,C#3,,,,,,,,n46_1Cs3t_1,530,,gutim,46,
46,223.938,0.1732,144,47,5,531,,B2,,,,,,,,n46_1B2s,531,,gutim,46,
46,224.1203,0.0866,144,49,5,532,,C#3,,,,,,,,n46_1Cs3t_2,532,,gutim,46,
46,224.2115,0.0866,144,47,5,533,,B2,,,,,,,,n46_1B2t_1,533,,gutim,46,
46,224.3026,0.0866,144,49,5,534,,C#3,,,,,,,,n46_1Cs3t_3,534,,gutim,46,
46,224.3938,0.1458,144,101,5,535,,F7,,,,,,,,n46_1F7s,535,,gutim,46,
46,224.5737,0.3636,144,62,8,536,,D4,,,,,,,,n46_6D4e,536,,gutim,46,
46,224.7584,0.0866,144,69,5,537,,A4,,,,,,,,n46_1A4t,537,,gutim,46,
46,224.8495,0.0866,144,50,5,538,,D3,,,,,,,,n46_1D3t,538,,gutim,46,
46,224.9406,0.0832,144,37,5,539,,C#2,,,,,,,,n46_1Cs2t,539,,gutim,46,
46,225.0406,0.06,144,68,20,540,,Ab4,g,,,,,,,ng46_2Ab4e,540,,gutim,46,
46,225.1156,0.9697,144,84,20,541,,C6,,,,,,,,n46_2C6h,541,,gutim,46,
46,225.1156,0.9697,144,88,20,541,,E6,,,,,,,,n46_2E6h,541,,gutim,46,
46,225.1156,0.9697,144,97,11,541,,C#7,,,,,,,,n46_2Cs7h,541,,gutim,46,
46,225.1156,0.0866,144,50,8,541,,D3,,,,,,,,n46_5D3t_0,541,,gutim,46,
46,225.2044,0.0866,144,37,8,542,,C#2,,,,,,,,n46_5Cs2t_0,542,,gutim,46,
46,225.2956,0.0866,144,50,8,543,,D3,,,,,,,,n46_5D3t_1,543,,gutim,46,
46,225.3867,0.1732,144,37,8,544,,C#2,,,,,,,,n46_5Cs2s,544,,gutim,46,
46,225.569,0.0866,144,50,8,545,,D3,,,,,,,,n46_5D3t_2,545,,gutim,46,
46,225.6602,0.0866,144,37,8,546,,C#2,,,,,,,,n46_5Cs2t_1,546,,gutim,46,
46,225.7513,0.0866,144,50,8,547,,D3,,,,,,,,n46_5D3t_3,547,,gutim,46,
46,225.8424,0.1458,144,89,8,548,,F6,,,,,,,,n46_5F6s,548,,gutim,46,
46,226.0247,0.2273,144,24,17,549,,C1,,,,,,,,n46_1C1e,549,,gutim,46,
46,226.0247,0.0866,144,35,5,549,,B1,,,,,,,,n46_5B1t_0,549,,gutim,46,
46,226.1135,0.0866,144,38,5,550,,D2,,,,,,,,n46_5D2t_0,550,,gutim,46,
46,226.2047,0.0866,144,35,5,551,,B1,,,,,,,,n46_5B1t_1,551,,gutim,46,
46,226.2958,0.1743,144,38,5,552,,D2,,,,,,,,n46_5D2s,552,,gutim,46,
46,226.3278,0.9697,144,64,11,553,,E4,,,,,,,,n46_2E4h,553,,gutim,46,
46,226.4793,0.108,144,35,5,554,,B1,,,,,,,,n46_5B1t_2,554,,gutim,46,
46,226.5929,0.108,144,38,5,555,,D2,,,,,,,,n46_5D2t_1,555,,gutim,46,
46,226.7066,0.108,144,45,5,556,,A2,,,,,,,,n46_5A2t,556,,gutim,46,
46,226.8202,0.108,144,77,5,557,,F5,,,,,,,,n46_5F5t,557,,gutim,46,
46,226.9338,1.4545,144,66,20,558,,F#4,,,,,,,,n46_1Fs4h,558,,gutim,46,
46,226.9338,1.4545,144,78,14,558,,F#5,,,,,,,,n46_1Fs5h,558,,gutim,46,
46,226.9338,1.4545,144,37,5,558,,C#2,,,,,,,,n46_5Cs2h,558,,gutim,46,
46,227.5375,0.0966,144,102,11,559,,F#7,,,,,,,,n46_2Fs7s,559,,gutim,46,
46,227.6583,0.1458,144,69,12,560,,A4,,,,,,,,n46_2A4s_0,560,,gutim,46,
46,227.8405,0.0966,144,90,14,561,,F#6,,,,,,,,n46_2Fs6s_0,561,,gutim,46,
46,227.9613,0.1458,144,44,15,562,,G#2,,,,,,,,n46_2Gs2s,562,,gutim,46,
46,228.1436,0.0966,144,90,17,563,,F#6,,,,,,,,n46_2Fs6s_1,563,,gutim,46,
46,228.2643,0.1458,144,69,18,564,,A4,,,,,,,,n46_2A4s_1,564,,gutim,46,
46,228.4466,0.0483,144,44,20,565,,G#2,,,,,,,,n46_2Gs2t,565,,gutim,46,
46,228.507,0.0966,144,69,20,566,,A4,,,,,,,,n46_2A4s_2,566,,gutim,46,
46,228.6277,0.0483,144,90,21,567,,F#6,,,,,,,,n46_2Fs6t,567,,gutim,46,
46,228.6881,0.0511,144,32,22,568,,G#1,,,,,,,,n46_2Gs1t,568,,gutim,46,
,,,,,,,,,,,,,,,,,,47,,,
47,228.7556,0.9697,144,57,22,569,,A3,,,,,,,,n47_5A3h,569,,gutim,47,
47,229.9677,1.9394,144,48,16,570,,C3,,,,,,,,n47_5C3q,570,,gutim,47,
47,230.5702,0.4366,144,81,11,571,,A5,,,,,,,,n47_1A5e_0,571,,gutim,47,
47,230.5702,0.4366,144,68,22,571,,G#4,,,,,,,,n47_2Gs4e_0,571,,gutim,47,
47,230.5702,0.4366,144,75,20,571,,D#5,,,,,,,,n47_2Ds5e_0,571,,gutim,47,
47,230.5737,1.0909,144,28,17,572,,E1,,,,,,,,n47_6E1q,572,,gutim,47,
47,230.5737,1.0909,144,35,8,572,,B1,,,,,,,,n47_6B1q,572,,gutim,47,
47,231.1159,0.6562,144,81,11,573,,A5,,,,,,,,n47_1A5e_1,573,,gutim,47,
47,231.1159,0.6562,144,68,17,573,,G#4,,,,,,,,n47_2Gs4e_1,573,,gutim,47,
47,231.1159,0.6562,144,75,17,573,,D#5,,,,,,,,n47_2Ds5e_1,573,,gutim,47,
47,231.9362,0.6544,144,81,11,574,,A5,,,,,,,,n47_1A5e_3,574,,gutim,47,
47,231.9362,0.6544,144,68,11,574,,G#4,,,,,,,,n47_2Gs4e_3,574,,gutim,47,
47,231.9362,0.6544,144,75,11,574,,D#5,,,,,,,,n47_2Ds5e_3,574,,gutim,47,
47,231.9374,0.6544,144,28,11,574,,E1,,,,,,,,n47_6E1e_0,574,,gutim,47,
47,232.3919,0.3636,144,56,5,575,,G#3,,,,,,,,n47_5Gs3e,575,,gutim,47,
47,232.7541,2.6193,144,81,5,576,,A5,,,,,,,,n47_1A5e_5,576,,gutim,47,
47,232.7541,2.0219,144,68,5,576,,G#4,,,,,,,,n47_2Gs4e_5,576,,gutim,47,
47,232.7541,2.6193,144,75,5,576,,D#5,,,,,,,,n47_2Ds5e_5,576,,gutim,47,
47,232.7553,0.4366,144,28,5,576,,E1,,,,,,,,n47_6E1e_2,576,,gutim,47,
47,232.8465,0.0866,144,90,5,577,,F#6,,,,,,,,n47_5Fs6t,577,,gutim,47,
47,232.9376,0.0866,144,60,5,578,,C4,,,,,,,,n47_5C4t_0,578,,gutim,47,
47,233.0288,0.0866,144,69,5,579,,A4,,,,,,,,n47_5A4t_0,579,,gutim,47,
47,233.1199,0.1732,144,60,5,580,,C4,,,,,,,,n47_5C4s_0,580,,gutim,47,
47,233.3022,0.0866,144,69,5,581,,A4,,,,,,,,n47_5A4t_1,581,,gutim,47,
47,233.301,2.5909,144,57,11,581,,A3,,,,,,,,n47_6A3q,581,,gutim,47,
47,233.301,2.1818,144,68,11,581,,G#4,,,,,,,,n47_6Gs4q,581,,gutim,47,
47,233.3898,0.0866,144,60,5,582,,C4,,,,,,,,n47_5C4t_1,582,,gutim,47,
47,233.4809,0.0866,144,69,11,583,,A4,,,,,,,,n47_5A4t_2,583,,gutim,47,
47,233.5721,0.1732,144,60,11,584,,C4,,,,,,,,n47_5C4s_1,584,,gutim,47,
47,233.7544,0.0866,144,69,12,585,,A4,,,,,,,,n47_5A4t_3,585,,gutim,47,
47,233.8455,0.0866,144,60,12,586,,C4,,,,,,,,n47_5C4t_2,586,,gutim,47,
47,233.9367,0.0866,144,69,12,587,,A4,,,,,,,,n47_5A4t_4,587,,gutim,47,
47,234.0278,0.1732,144,40,12,588,,E2,,,,,,,,n47_5E2s,588,,gutim,47,
,,,,,,,,,,,,,,,,,,48,,,
48,234.2066,1.4545,144,68,14,589,,G#4,,,,,,,,n48_2Gs4h,589,,gutim,48,
48,234.2066,0.0866,144,60,13,589,,C4,,,,,,,,n48_5C4t,589,,gutim,48,
48,234.2066,1.4545,144,50,13,589,,D3,,,,,,,,n48_6D3h,589,,gutim,48,
48,234.2953,0.0866,144,69,13,590,,A4,,,,,,,,n48_5A4t,590,,gutim,48,
48,234.3865,0.0866,144,40,13,591,,E2,,,,,,,,n48_5E2t,591,,gutim,48,
48,234.4776,0.1732,144,78,13,592,,F#5,,,,,,,,n48_5Fs5s_0,592,,gutim,48,
48,234.6599,0.1732,144,69,14,593,,A4,,,,,,,,n48_5A4s,593,,gutim,48,
48,234.8422,0.2586,144,60,14,594,,C4,,,,,,,,n48_5C4s,594,,gutim,48,
48,235.1145,0.1732,144,78,15,595,,F#5,,,,,,,,n48_5Fs5s_1,595,,gutim,48,
48,235.2968,0.2598,144,44,15,596,,G#2,,,,,,,,n48_5Gs2s,596,,gutim,48,
48,235.5702,1.8182,144,47,8,597,,B2,,,,,,,,n48_5B2e_0,597,,gutim,48,
48,235.5702,1.8182,144,48,14,597,,C3,,,,,,,,n48_5C3e_0,597,,gutim,48,
48,236.0247,1.4545,144,34,8,598,,Bb1,,,,,,,,n48_5Bb1h,598,,gutim,48,
48,236.7515,0.0866,144,47,8,599,,B2,,,,,,,,n48_1B2t_0,599,,gutim,48,
48,236.8427,0.0866,144,38,8,600,,D2,,,,,,,,n48_1D2t_0,600,,gutim,48,
48,236.9338,0.0866,144,47,7,601,,B2,,,,,,,,n48_1B2t_1,601,,gutim,48,
48,237.025,0.0866,144,38,7,602,,D2,,,,,,,,n48_1D2t_1,602,,gutim,48,
48,237.1161,0.0866,144,47,6,603,,B2,,,,,,,,n48_1B2t_2,603,,gutim,48,
48,237.2073,0.1732,144,38,6,604,,D2,,,,,,,,n48_1D2s_0,604,,gutim,48,
48,237.3896,0.1732,144,47,5,605,,B2,,,,,,,,n48_1B2s,605,,gutim,48,
48,237.5718,0.2575,144,38,5,606,,D2,,,,,,,,n48_1D2s_1,606,,gutim,48,
48,237.8429,0.1818,144,34,8,607,,Bb1,,,,,,,,n48_6Bb1e,607,,gutim,48,
48,237.8429,0.3636,144,38,8,607,,D2,,,,,,,,n48_6D2e,607,,gutim,48,
48,237.8429,0.3636,144,47,8,607,,B2,,,,,,,,n48_6B2e,607,,gutim,48,
48,237.8429,0.3636,144,48,14,607,,C3,,,,,,,,n48_6C3e,607,,gutim,48,
,,,,,,,7029,,,,,,,,,,,,gutim,,
48,238.2975,1.0909,144,84,5,608,,C6,,,,,,,,n48_1C6q,608,,gutim,48,
48,238.2975,1.0909,144,94,5,608,,Bb6,,,,,,,,n48_1Bb6q,608,,gutim,48,
48,238.752,1.7295,144,48,8,609,,C3,,,,,,,,n48_5C3t_0,609,,gutim,48,
48,238.8408,1.6429,144,34,8,610,,Bb1,,,,,,,,n48_5Bb1t_0,610,,gutim,48,
48,238.9319,1.5563,144,47,8,611,,B2,,,,,,,,n48_5B2t_0,611,,gutim,48,
48,239.0231,1.4698,144,38,8,612,,D2,,,,,,,,n48_5D2t_0,612,,gutim,48,
48,239.1142,1.3832,144,42,8,613,,F#2,,,,,,,,n48_5Fs2t,613,,gutim,48,
,,,,,,,,,,,,,,,,,,49,,,
49,240.2068,2.1818,144,24,8,614,,C1,,,,,,,,n49_6C1e_0,614,,gutim,49,
49,240.5702,0.5184,144,34,8,615,,Bb1,,,,,,,,n49_5Bb1e,615,,gutim,49,
49,240.5702,0.4366,144,38,8,615,,D2,,,,,,,,n49_5D2e,615,,gutim,49,
49,240.5702,0.4366,144,42,8,615,,F#2,,,,,,,,n49_5Fs2e,615,,gutim,49,
49,240.5702,0.4366,144,47,8,615,,B2,,,,,,,,n49_5B2e,615,,gutim,49,
49,240.5702,0.4366,144,48,8,615,,C3,,,,,,,,n49_5C3e,615,,gutim,49,
49,241.1135,0.0729,144,34,8,616,,Bb1,,,,,,,,n49_5Bb1s,616,,gutim,49,
49,241.1135,0.1458,144,38,8,616,,D2,,,,,,,,n49_5D2s,616,,gutim,49,
49,241.1135,0.1458,144,42,8,616,,F#2,,,,,,,,n49_5Fs2s,616,,gutim,49,
49,241.1135,0.1458,144,47,8,616,,B2,,,,,,,,n49_5B2s,616,,gutim,49,
49,241.1135,0.1458,144,48,8,616,,C3,,,,,,,,n49_5C3s,616,,gutim,49,
49,241.4793,1.4545,144,25,5,617,,Db1,,,,,,,,n49_5Db1h,617,,gutim,49,
49,241.4793,1.4545,144,44,5,617,,Ab2,,,,,,,,n49_5Ab2h,617,,gutim,49,
49,243.0252,0.0866,144,46,5,618,,Bb2,,,,,,,,n49_6Bb2t_0,618,,gutim,49,
49,243.1164,0.0866,144,37,5,619,,Db2,,,,,,,,n49_6Db2t_0,619,,gutim,49,
49,243.2075,0.0866,144,46,5,620,,Bb2,,,,,,,,n49_6Bb2t_1,620,,gutim,49,
49,243.2225,0.06,144,52,5,621,,E3,g,,,,,,,ng49_1E3e,621,,gutim,49,
49,243.2975,1.4545,144,58,5,622,,Bb3,,,,,,,,n49_1Bb3h,622,,gutim,49,
49,243.2975,0.1732,144,37,5,622,,Db2,,,,,,,,n49_6Db2s,622,,gutim,49,
49,243.4798,0.0866,144,46,5,623,,Bb2,,,,,,,,n49_6Bb2t_2,623,,gutim,49,
49,243.5709,0.0866,144,37,5,624,,Db2,,,,,,,,n49_6Db2t_1,624,,gutim,49,
49,243.662,0.0866,144,46,5,625,,Bb2,,,,,,,,n49_6Bb2t_3,625,,gutim,49,
49,243.7532,0.0866,144,37,5,626,,Db2,,,,,,,,n49_6Db2t_2,626,,gutim,49,
49,243.8443,0.0866,144,46,5,627,,Bb2,,,,,,,,n49_6Bb2t_4,627,,gutim,49,
49,243.9355,0.0866,144,76,5,628,,E5,,,,,,,,n49_6E5t,628,,gutim,49,
49,244.0266,0.0866,144,46,5,629,,Bb2,,,,,,,,n49_6Bb2t_5,629,,gutim,49,
49,244.1178,0.0866,144,37,5,630,,Db2,,,,,,,,n49_6Db2t_3,630,,gutim,49,
49,244.2066,0.1458,144,76,5,631,,E5,,,,,,,,n49_6E5s_0,631,,gutim,49,
49,244.3888,0.2178,144,46,5,632,,Bb2,,,,,,,,n49_6Bb2s_0,632,,gutim,49,
49,244.6611,0.1458,144,76,5,633,,E5,,,,,,,,n49_6E5s_1,633,,gutim,49,
49,244.8434,0.2178,144,46,5,634,,Bb2,,,,,,,,n49_6Bb2s_1,634,,gutim,49,
,,,,,,,,,,,,,,,,,,50,,,
50,245.1156,0.1458,144,37,5,635,,Db2,,,,,,,,n50_2Db2s,635,,gutim,50,
50,245.2979,0.2907,144,76,5,636,,E5,,,,,,,,n50_2E5e,636,,gutim,50,
50,245.6613,0.2907,144,46,5,637,,Bb2,,,,,,,,n50_2Bb2e,637,,gutim,50,
50,245.7975,0.108,144,30,11,638,,F#1,,,,,,,,n50_6Fs1t,638,,gutim,50,
50,245.9111,0.108,144,43,10,639,,G2,,,,,,,,n50_6G2t,639,,gutim,50,
50,246.0247,2.1818,144,86,8,640,,D6,,,,,,,,n50_2D6h,640,,gutim,50,
50,246.0247,0.4366,144,56,5,640,,Ab3,,,,,,,,n50_6Ab3e,640,,gutim,50,
50,246.5704,0.2907,144,84,5,641,,C6,,,,,,,,n50_6C6e,641,,gutim,50,
50,246.8588,0.06,144,42,5,642,,F#2,g,,,,,,,ng50_6Fs2e,642,,gutim,50,
50,246.9338,2.9091,144,24,5,643,,C1,,,,,,,,n50_6C1w,643,,gutim,50,
50,247.3884,0.0866,144,100,8,644,,E7,,,,,,,,n50_1E7t_0,644,,gutim,50,
50,247.4795,0.0866,144,73,8,645,,Db5,,,,,,,,n50_1Db5t,645,,gutim,50,
50,247.5707,0.0866,144,92,9,646,,Ab6,,,,,,,,n50_1Ab6t,646,,gutim,50,
50,247.6618,0.0866,144,82,9,647,,Bb5,,,,,,,,n50_1Bb5t,647,,gutim,50,
50,247.753,0.0866,144,96,9,648,,C7,,,,,,,,n50_1C7t_0,648,,gutim,50,
50,247.8441,0.0866,144,100,10,649,,E7,,,,,,,,n50_1E7t_1,649,,gutim,50,
50,247.9352,0.0866,144,61,10,650,,Db4,,,,,,,,n50_1Db4t_0,650,,gutim,50,
50,248.0264,0.0866,144,80,10,651,,Ab5,,,,,,,,n50_1Ab5t_0,651,,gutim,50,
50,248.1175,0.0866,144,70,11,652,,Bb4,,,,,,,,n50_1Bb4t_0,652,,gutim,50,
50,248.2087,0.0843,144,96,11,653,,C7,,,,,,,,n50_1C7t_1,653,,gutim,50,
50,248.5247,0.108,144,30,11,654,,F#1,,,,,,,,n50_5Fs1t,654,,gutim,50,
50,248.6384,0.108,144,43,11,655,,G2,,,,,,,,n50_5G2t,655,,gutim,50,
50,248.752,0.072,144,61,11,656,,Db4,,,,,,,,n50_1Db4t_1,656,,gutim,50,
50,248.752,0.7273,144,74,8,656,,D5,,,,,,,,n50_2D5q,656,,gutim,50,
50,248.8278,0.072,144,80,11,657,,Ab5,,,,,,,,n50_1Ab5t_1,657,,gutim,50,
50,248.9035,0.072,144,70,12,658,,Bb4,,,,,,,,n50_1Bb4t_1,658,,gutim,50,
50,248.9793,0.072,144,80,12,659,,Ab5,,,,,,,,n50_1Ab5t_2,659,,gutim,50,
50,249.055,0.072,144,70,12,660,,Bb4,,,,,,,,n50_1Bb4t_2,660,,gutim,50,
50,249.1308,0.072,144,80,12,661,,Ab5,,,,,,,,n50_1Ab5t_3,661,,gutim,50,
50,249.2066,0.072,144,70,13,662,,Bb4,,,,,,,,n50_1Bb4t_3,662,,gutim,50,
50,249.2823,0.072,144,80,13,663,,Ab5,,,,,,,,n50_1Ab5t_4,663,,gutim,50,
50,249.3581,0.108,144,70,13,664,,Bb4,,,,,,,,n50_1Bb4t_4,664,,gutim,50,
50,249.4717,0.108,144,80,14,665,,Ab5,,,,,,,,n50_1Ab5t_5,665,,gutim,50,
50,249.5853,0.072,144,84,14,666,,C6,,,,,,,,n50_1C6t,666,,gutim,50,
50,249.8884,0.1818,144,74,8,667,,D5,,,,,,,,n50_2D5s,667,,gutim,50,
50,249.8884,0.1818,144,30,8,667,,F#1,,,,,,,,n50_5Fs1s,667,,gutim,50,
50,249.8884,0.1818,144,43,8,667,,G2,,,,,,,,n50_5G2s,667,,gutim,50,
50,250.3429,0.072,144,46,8,668,,A#2,,,,,,,,n50_5As2t_0,668,,gutim,50,
50,250.4187,0.072,144,42,8,669,,F#2,,,,,,,,n50_5Fs2t,669,,gutim,50,
50,250.4944,0.072,144,46,8,670,,A#2,,,,,,,,n50_5As2t_1,670,,gutim,50,
,,,,,,,,,,,,,,,,,,51,,,
51,250.5702,0.7273,144,37,8,671,,C#2,,,,,,,,n51_5Cs2q,671,,gutim,51,
51,250.5702,0.1732,144,42,8,671,,F#2,,,,,,,,n51_6Fs2s_0,671,,gutim,51,
51,250.7525,0.0866,144,46,8,672,,A#2,,,,,,,,n51_6As2t,672,,gutim,51,
51,250.8436,0.1732,144,42,8,673,,F#2,,,,,,,,n51_6Fs2s_1,673,,gutim,51,
51,251.0247,0.1439,144,64,8,674,,E4,,,,,,,,n51_1E4s_0,674,,gutim,51,
51,251.1763,0.1439,144,74,8,675,,D5,,,,,,,,n51_1D5s,675,,gutim,51,
51,251.3278,0.1439,144,64,8,676,,E4,,,,,,,,n51_1E4s_1,676,,gutim,51,
51,251.3289,0.1203,144,42,8,676,,F#2,,,,,,,,n51_6Fs2s_2,676,,gutim,51,
51,251.3289,0.1203,144,46,8,676,,A#2,,,,,,,,n51_6As2s,676,,gutim,51,
51,251.3289,0.1203,144,55,8,676,,G3,,,,,,,,n51_6G3s,676,,gutim,51,
51,251.4793,0.8636,144,74,8,677,,D5,,,,,,,,n51_1D5q,677,,gutim,51,
,,,,,,,7033,,,,,,,,,,,,gutim,,
,,,,,,,,,,,,,,,,,,54,,,
54,270.1156,0.2424,144,66,14,678,,F#4,,,,,,,,n54_1Fs4e,678,,gutim,54,
54,270.1156,0.8636,144,56,14,678,,G#3,,,,,,,,n54_2Gs3q_0,678,,gutim,54,
54,270.1156,1.4545,144,24,14,678,,C1,,,,,,,,n54_5C1h,678,,gutim,54,
54,270.4187,0.4848,144,66,15,679,,F#4,,,,,,,,n54_1Fs4q,679,,gutim,54,
54,270.4187,0.4848,144,81,15,679,,A5,,,,,,,,n54_1A5q,679,,gutim,54,
54,271.0247,0.8636,144,56,11,680,,G#3,,,,,,,,n54_2Gs3q_1,680,,gutim,54,
,,,,,,,,,,,,,,,,,,55,,,
55,271.9338,0.3636,144,56,20,681,,G#3,,,,,,,,n55_1Gs3e,681,,gutim,55,
55,271.9338,0.3636,144,78,20,681,,F#5,,,,,,,,n55_1Fs5e,681,,gutim,55,
55,271.9338,0.3636,144,81,20,681,,A5,,,,,,,,n55_1A5e_0,681,,gutim,55,
55,271.9338,0.7273,144,50,8,681,,D3,,,,,,,,n55_5D3q,681,,gutim,55,
55,271.9338,0.7273,144,59,8,681,,B3,,,,,,,,n55_5B3q_0,681,,gutim,55,
55,272.3884,0.0909,144,60,16,682,,C4,,,,,,,,n55_1C4t,682,,gutim,55,
55,272.502,0.0909,144,52,14,683,,E3,,,,,,,,n55_1E3t,683,,gutim,55,
55,272.6156,0.1818,144,69,13,684,,A4,,,,,,,,n55_1A4s,684,,gutim,55,
55,272.8429,0.2424,144,60,11,685,,C4,,,,,,,,n55_1C4e,685,,gutim,55,
55,272.8429,0.2424,144,69,11,685,,A4,,,,,,,,n55_1A4e,685,,gutim,55,
55,272.8429,0.2424,144,81,11,685,,A5,,,,,,,,n55_1A5e_1,685,,gutim,55,
55,272.8429,0.7273,144,59,5,685,,B3,,,,,,,,n55_5B3q_1,685,,gutim,55,
55,273.0709,0.06,144,82,8,686,,Bb5,g,,,,,,,ng55_1Bb5e,686,,gutim,55,
55,273.1459,0.2879,144,90,8,687,,F#6,,,,,,,,n55_1Fs6e,687,,gutim,55,
55,273.449,0.1439,144,99,10,688,,Eb7,,,,,,,,n55_1Eb7s_0,688,,gutim,55,
55,273.6005,0.1439,144,72,11,689,,C5,,,,,,,,n55_1C5s,689,,gutim,55,
55,273.752,0.2159,144,99,11,690,,Eb7,,,,,,,,n55_1Eb7s_1,690,,gutim,55,
55,273.752,0.072,144,54,5,690,,F#3,,,,,,,,n55_5Fs3t_0,690,,gutim,55,
55,273.8278,0.072,144,48,5,691,,C3,,,,,,,,n55_5C3t,691,,gutim,55,
55,273.9793,0.2159,144,86,13,692,,D6,,,,,,,,n55_1D6s,692,,gutim,55,
55,274.2066,0.2424,144,48,14,693,,C3,,,,,,,,n55_1C3e,693,,gutim,55,
55,274.2823,0.072,144,46,8,694,,Bb2,,,,,,,,n55_5Bb2t_0,694,,gutim,55,
55,274.3581,0.072,144,50,9,695,,D3,,,,,,,,n55_5D3t,695,,gutim,55,
55,274.4338,0.072,144,54,10,696,,F#3,,,,,,,,n55_5Fs3t_1,696,,gutim,55,
55,274.5096,0.0606,144,36,11,697,,C2,,,,,,,,n55_5C2t_0,697,,gutim,55,
55,274.5853,0.072,144,69,14,698,,A4,,,,,,,,n55_1A4t,698,,gutim,55,
55,274.5853,0.0606,144,63,11,698,,Eb4,,,,,,,,n55_5Eb4t,698,,gutim,55,
55,274.6611,0.2879,144,64,14,699,,E4,,,,,,,,n55_1E4e,699,,gutim,55,
55,274.6611,0.108,144,46,12,699,,Bb2,,,,,,,,n55_5Bb2t_1,699,,gutim,55,
55,274.7747,0.108,144,54,14,700,,F#3,,,,,,,,n55_5Fs3t_2,700,,gutim,55,
55,274.8884,0.108,144,75,15,701,,Eb5,,,,,,,,n55_5Eb5t_0,701,,gutim,55,
55,274.9641,0.2879,144,68,14,702,,G#4,,,,,,,,n55_1Gs4e,702,,gutim,55,
55,275.002,0.072,144,46,16,703,,Bb2,,,,,,,,n55_5Bb2t_2,703,,gutim,55,
55,275.002,0.072,144,62,16,703,,D4,,,,,,,,n55_5D4t_0,703,,gutim,55,
55,275.0778,0.072,144,66,17,704,,F#4,,,,,,,,n55_5Fs4t,704,,gutim,55,
55,275.1535,0.072,144,36,18,705,,C2,,,,,,,,n55_5C2t_1,705,,gutim,55,
55,275.1535,0.072,144,62,18,705,,D4,,,,,,,,n55_5D4t_1,705,,gutim,55,
55,275.2293,0.108,144,75,19,706,,Eb5,,,,,,,,n55_5Eb5t_1,706,,gutim,55,
55,275.3429,0.0909,144,62,20,707,,D4,,,,,,,,n55_5D4t_2,707,,gutim,55,
55,275.4566,0.0909,144,24,20,708,,C1,,,,,,,,n55_5C1t,708,,gutim,55,
55,275.5566,0.0712,144,62,20,709,,D4,g,,,,,,,ng55_5D4e,709,,gutim,55,
55,275.6316,0.0712,144,34,20,710,,Bb1,g,,,,,,,ng55_5Bb1e,710,,gutim,55,
55,275.7066,0.0712,144,24,20,711,,C1,g,,,,,,,ng55_5C1e,711,,gutim,55,
55,275.7816,0.2424,144,66,20,712,,F#4,,,,,,,,n55_1Fs4e,712,,gutim,55,
55,276.0846,1.2121,144,66,20,713,,F#4,,,,,,,,n55_1Fs4q_0,713,,gutim,55,
55,276.0846,1.2121,144,75,20,713,,Eb5,,,,,,,,n55_1Eb5q_0,713,,gutim,55,
55,276.4634,0.2159,144,74,5,714,,D5,,,,,,,,n55_5D5s,714,,gutim,55,
55,276.6906,0.1818,144,42,5,715,,F#2,,,,,,,,n55_5Fs2s,715,,gutim,55,
55,276.9179,0.1818,144,55,5,716,,G3,,,,,,,,n55_5G3s,716,,gutim,55,
55,277.2975,0.06,144,34,5,717,,A#1,g,,,,,,,ng55_5As1e,717,,gutim,55,
55,277.3725,1.7273,144,30,5,718,,F#1,,,,,,,,n55_5Fs1s,718,,gutim,55,
,,,,,,,,,,,,,,,,,,56,,,
56,279.4179,0.6477,144,64,17,719,,E4,,,,,,,,n56_1E4e,719,,gutim,56,
56,279.4179,4.3636,144,24,2,719,,C1,,,,,,,,n56_6C1w,719,,gutim,56,
56,279.5316,0.2727,144,43,4,720,,G2,,,,,,,,n56_5G2s,720,,gutim,56,
56,279.8725,0.3636,144,52,4,721,,E3,,,,,,,,n56_5E3e,721,,gutim,56,
56,280.0997,0.108,144,84,18,722,,C6,,,,,,,,n56_1C6t,722,,gutim,56,
56,280.2134,0.108,144,70,18,723,,Bb4,,,,,,,,n56_1Bb4t,723,,gutim,56,
56,280.327,0.108,144,56,20,724,,Ab3,,,,,,,,n56_1Ab3t,724,,gutim,56,
56,280.327,0.4848,144,62,3,724,,D4,,,,,,,,n56_5D4q,724,,gutim,56,
56,280.4406,0.108,144,85,21,725,,Db6,,,,,,,,n56_1Db6t,725,,gutim,56,
56,280.9331,0.0606,144,52,14,726,,E3,,,,,,,,n56_5E3t,726,,gutim,56,
56,281.0088,0.0606,144,74,14,727,,D5,,,,,,,,n56_5D5t,727,,gutim,56,
56,281.0846,0.0606,144,30,14,728,,F#1,,,,,,,,n56_5Fs1t_1,728,,gutim,56,
56,281.1603,0.0606,144,43,14,729,,G2,,,,,,,,n56_5G2t,729,,gutim,56,
56,281.2361,0.1818,144,88,14,730,,E6,,,,,,,,n56_5E6s,730,,gutim,56,
56,281.4634,2.7273,144,44,14,731,,G#2,,,,,,,,n56_5Gs2e,731,,gutim,56,
56,282.827,0.0427,144,84,14,732,,C6,,,,,,,,n56_1C6x,732,,gutim,56,
56,282.872,0.0427,144,90,14,733,,F#6,,,,,,,,n56_1Fs6x,733,,gutim,56,
56,282.917,0.0427,144,100,14,734,,E7,,,,,,,,n56_1E7x,734,,gutim,56,
56,282.962,0.0427,144,105,14,735,,A7,,,,,,,,n56_1A7x,735,,gutim,56,
56,283.0069,0.045,144,104,14,736,,G#7,,,,,,,,n56_1Gs7x,736,,gutim,56,
,,,,,,,,,,,,,,,,,,57,,,
57,283.0543,0.0652,144,90,14,737,,F#6,,,,,,,,n57_1Fs6x,737,,gutim,57,
57,283.1229,0.0427,144,105,14,738,,A7,,,,,,,,n57_1A7x_0,738,,gutim,57,
57,283.1679,0.0427,144,104,14,739,,G#7,,,,,,,,n57_1Gs7x_0,739,,gutim,57,
57,283.2129,0.0652,144,100,14,740,,E7,,,,,,,,n57_1E7x,740,,gutim,57,
57,283.2816,0.0484,144,104,14,741,,G#7,,,,,,,,n57_1Gs7x_1,741,,gutim,57,
57,283.3325,0.0484,144,105,14,742,,A7,,,,,,,,n57_1A7x_1,742,,gutim,57,
57,283.3834,0.0484,144,84,14,743,,C6,,,,,,,,n57_1C6x,743,,gutim,57,
57,283.4343,0.0956,144,90,14,744,,F#6,,,,,,,,n57_1Fs6t_0,744,,gutim,57,
57,283.5349,0.0956,144,105,14,745,,A7,,,,,,,,n57_1A7t_0,745,,gutim,57,
57,283.6355,0.0956,144,84,14,746,,C6,,,,,,,,n57_1C6t_0,746,,gutim,57,
57,283.6355,0.0956,144,90,14,746,,F#6,,,,,,,,n57_1Fs6t_1,746,,gutim,57,
57,283.7361,0.072,144,100,14,747,,E7,,,,,,,,n57_1E7t_0,747,,gutim,57,
57,283.8119,0.072,144,105,14,748,,A7,,,,,,,,n57_1A7t_1,748,,gutim,57,
57,283.8876,0.072,144,104,14,749,,G#7,,,,,,,,n57_1Gs7t,749,,gutim,57,
57,283.9634,0.0866,144,84,14,750,,C6,,,,,,,,n57_1C6t_1,750,,gutim,57,
57,284.0545,0.0866,144,100,14,751,,E7,,,,,,,,n57_1E7t_1,751,,gutim,57,
57,284.1457,0.0427,144,104,14,752,,G#7,,,,,,,,n57_1Gs7x_2,752,,gutim,57,
57,284.1906,0.072,144,90,14,753,,F#6,,,,,,,,n57_1Fs6t_2,753,,gutim,57,
57,284.2664,0.072,144,68,14,754,,G#4,,,,,,,,n57_1Gs4t,754,,gutim,57,
57,284.3422,0.072,144,90,14,755,,F#6,,,,,,,,n57_1Fs6t_3,755,,gutim,57,
57,284.4179,0.072,144,72,14,756,,C5,,,,,,,,n57_1C5t_0,756,,gutim,57,
57,284.4937,0.072,144,81,14,757,,A5,,,,,,,,n57_1A5t,757,,gutim,57,
57,284.5694,0.072,144,72,14,758,,C5,,,,,,,,n57_1C5t_1,758,,gutim,57,
57,284.6452,0.2159,144,64,14,759,,E4,,,,,,,,n57_1E4s,759,,gutim,57,
57,284.7225,0.0712,144,86,14,760,,D6,g,,,,,,,ng57_5D6e,760,,gutim,57,
,,,,,,,7036,,,,,,,,,,,,gutim,,
57,284.7975,0.06,144,108,8,761,,C8,g,,,,,,,ng57_1C8e,761,,gutim,57,
57,284.7975,0.0712,144,77,14,761,,F5,g,,,,,,,ng57_5F5e,761,,gutim,57,
57,284.8725,2.2108,144,76,14,762,,E5,,,,,,,,n57_1E5h,762,,gutim,57,
57,284.8725,2.6254,144,73,14,762,,C#5,,,,,,,,n57_5Cs5h,762,,gutim,57,
,,,,,,,,,,,,,,,,,,58,,,
58,290.0787,0.0931,144,108,10,763,,C8,,,,,,,,n58_1C8t_0,763,,gutim,58,
58,290.1768,0.3725,144,76,10,764,,E5,,,,,,,,n58_1E5e,764,,gutim,58,
58,290.5689,0.0931,144,68,12,765,,G#4,,,,,,,,n58_1Gs4t,765,,gutim,58,
58,290.6669,0.0931,144,97,12,766,,C#7,,,,,,,,n58_1Cs7t_0,766,,gutim,58,
58,290.765,0.0931,144,108,13,767,,C8,,,,,,,,n58_1C8t_1,767,,gutim,58,
58,290.863,0.0931,144,97,13,768,,C#7,,,,,,,,n58_1Cs7t_1,768,,gutim,58,
58,290.9611,0.2096,144,76,13,769,,E5,,,,,,,,n58_1E5t,769,,gutim,58,
58,290.9611,0.9412,144,105,13,769,,A7,,,,,,,,n58_5A7q,769,,gutim,58,
58,291.1817,0.0699,144,68,14,770,,G#4,,,,,,,,n58_1Gs4x,770,,gutim,58,
58,291.2552,0.0699,144,97,14,771,,C#7,,,,,,,,n58_1Cs7x_0,771,,gutim,58,
58,291.3287,0.0699,144,106,15,772,,Bb7,,,,,,,,n58_1Bb7x,772,,gutim,58,
58,291.4022,0.0699,144,108,15,773,,C8,,,,,,,,n58_1C8x,773,,gutim,58,
58,291.4758,0.0699,144,97,15,774,,C#7,,,,,,,,n58_1Cs7x_1,774,,gutim,58,
58,291.5493,0.1397,144,108,16,775,,C8,,,,,,,,n58_1C8t_2,775,,gutim,58,
58,291.6964,0.0699,144,97,16,776,,C#7,,,,,,,,n58_1Cs7x_2,776,,gutim,58,
58,291.7699,0.1397,144,64,16,777,,E4,,,,,,,,n58_1E4t,777,,gutim,58,
58,291.9169,0.0699,144,56,17,778,,G#3,,,,,,,,n58_1Gs3x,778,,gutim,58,
58,291.9125,0.06,144,61,14,778,,Db4,g,,,,,,,ng58_5Db4e,778,,gutim,58,
58,291.9905,0.0699,144,85,17,779,,C#6,,,,,,,,n58_1Cs6x,779,,gutim,58,
58,291.9875,0.06,144,84,14,779,,C6,g,,,,,,,ng58_5C6e,779,,gutim,58,
58,292.064,0.0699,144,94,17,780,,A#6,,,,,,,,n58_1As6x,780,,gutim,58,
58,292.0625,0.06,144,82,14,780,,Bb5,g,,,,,,,ng58_5Bb5e,780,,gutim,58,
58,292.164,0.0712,144,86,14,781,,D6,g,,,,,,,ng58_1D6e,781,,gutim,58,
58,292.239,0.0712,144,77,14,782,,F5,g,,,,,,,ng58_1F5e,782,,gutim,58,
58,292.314,0.8382,144,73,14,783,,C#5,,,,,,,,n58_1Cs5e,783,,gutim,58,
58,292.314,0.5588,144,52,14,783,,E3,,,,,,,,n58_5E3e,783,,gutim,58,
58,292.9022,0.0699,144,61,17,784,,Db4,,,,,,,,n58_5Db4x,784,,gutim,58,
58,292.9758,0.0699,144,72,18,785,,C5,,,,,,,,n58_5C5x,785,,gutim,58,
58,293.0493,0.1397,144,61,18,786,,Db4,,,,,,,,n58_5Db4t,786,,gutim,58,
58,293.1964,0.2353,144,69,19,787,,A4,,,,,,,,n58_1A4s,787,,gutim,58,
58,293.1964,0.2096,144,52,19,787,,E3,,,,,,,,n58_5E3t,787,,gutim,58,
58,293.4169,0.0699,144,44,20,788,,G#2,,,,,,,,n58_5Gs2x,788,,gutim,58,
58,293.4905,0.2353,144,93,14,789,,A6,,,,,,,,n58_1A6s,789,,gutim,58,
58,293.4905,0.9412,144,37,17,789,,C#2,,,,,,,,n58_5Cs2q,789,,gutim,58,
58,293.7846,0.0784,144,78,14,790,,F#5,,,,,,,,n58_1Fs5t_0,790,,gutim,58,
58,293.8826,0.0784,144,56,15,791,,G#3,,,,,,,,n58_1Gs3t,791,,gutim,58,
58,293.9807,0.0784,144,78,17,792,,F#5,,,,,,,,n58_1Fs5t_1,792,,gutim,58,
58,294.0787,0.0784,144,60,18,793,,C4,,,,,,,,n58_1C4t_0,793,,gutim,58,
58,294.1768,0.0784,144,69,19,794,,A4,,,,,,,,n58_1A4t,794,,gutim,58,
58,294.2748,0.0784,144,60,21,795,,C4,,,,,,,,n58_1C4t_1,795,,gutim,58,
58,294.3728,0.0699,144,52,22,796,,E3,,,,,,,,n58_1E3x,796,,gutim,58,
58,294.3728,0.0699,144,72,11,796,,C5,,,,,,,,n58_1C5x,796,,gutim,58,
58,294.4464,0.0699,144,61,11,797,,C#4,,,,,,,,n58_1Cs4x,797,,gutim,58,
58,294.5199,0.0699,144,40,11,798,,E2,,,,,,,,n58_1E2x,798,,gutim,58,
58,294.5934,0.0699,144,32,11,799,,G#1,,,,,,,,n58_1Gs1x,799,,gutim,58,
,,,,,,,7037,,,,,,,,,,,,gutim,,
58,294.6669,3.7647,144,84,8,800,,C6,,,,,,,,n58_1C6w,800,,gutim,58,
58,294.6669,3.7647,144,37,14,800,,C#2,,,,,,,,n58_5Cs2w,800,,gutim,58,
,,,,,,,7043,,,,,,,,,,,,gutim,,
,,,,,,,,,,,,,,,,,,66,,,
66,349.877,3.4286,144,75,8,801,,Eb5,,,,,,,,n66_1Eb5b,801,,gutim,66,
66,349.877,1.2857,144,72,14,801,,C5,,,,,,,,n66_2C5h,801,,gutim,66,
66,349.877,3.308,144,57,14,801,,A3,,,,,,,,n66_5A3w,801,,gutim,66,
66,351.4842,1.2857,144,76,5,802,,E5,,,,,,,,n66_2E5h,802,,gutim,66,
66,353.0913,0.1339,144,25,8,803,,C#1,,,,,,,,n66_6Cs1e,803,,gutim,66,
66,353.3592,0.7634,144,52,5,804,,E3,,,,,,,,n66_5E3e,804,,gutim,66,
66,353.3592,0.6429,144,56,11,804,,G#3,,,,,,,,n66_6Gs3e,804,,gutim,66,
,,,,,,,,,,,,,,,,,,67,,,
67,354.1627,2.5714,144,84,14,805,,C6,,,,,,,,n67_1C6w,805,,gutim,67,
67,354.1627,2.5714,144,77,22,805,,F5,,,,,,,,n67_2F5w,805,,gutim,67,
67,354.1627,3.4286,144,56,8,805,,Ab3,,,,,,,,n67_5Ab3b,805,,gutim,67,
67,357.377,0.8571,144,46,11,806,,Bb2,,,,,,,,n67_2Bb2h,806,,gutim,67,
67,357.377,6.8899,144,40,24,806,,E2,,,,,,,,n67_6E2h,806,,gutim,67,
,,,,,,,,,,,,,,,,,,68,,,
68,358.4485,6.0328,144,62,8,807,,D4,,,,,,,,n68_2D4b,807,,gutim,68,
68,361.2157,3.819,144,44,22,808,,G#2,,,,,,,,n68_5Gs2h,808,,gutim,68,
68,363.1758,0.7271,144,49,5,809,,C#3,,,,,,,,n68_1Cs3q,809,,gutim,68,
,,,,,,,,,,,,,,,,,,69,,,
69,364.0847,0.7619,144,93,5,810,,A6,,,,,,,,n69_1A6q,810,,gutim,69,
69,365.9894,0.119,144,49,2,811,,C#3,,,,,,,,n69_2Cs3s,811,,gutim,69,
69,365.9894,4.5714,144,31,14,811,,G1,,,,,,,,n69_6G1w,811,,gutim,69,
69,366.4656,0.381,144,81,5,812,,A5,,,,,,,,n69_1A5e,812,,gutim,69,
69,366.7037,0.1131,144,62,14,813,,D4,,,,,,,,n69_2D4t,813,,gutim,69,
69,366.8228,0.2262,144,84,15,814,,C6,,,,,,,,n69_2C6t_0,814,,gutim,69,
69,366.9418,0.5714,144,90,11,815,,F#6,,,,,,,,n69_1Fs6e,815,,gutim,69,
69,366.9418,0.3393,144,80,11,815,,G#5,,,,,,,,n69_2Gs5t,815,,gutim,69,
69,366.9418,0.1786,144,23,14,815,,B0,,,,,,,,n69_5B0s,815,,gutim,69,
69,367.0609,0.1905,144,88,20,816,,E6,,,,,,,,n69_2E6s,816,,gutim,69,
69,367.299,0.2857,144,63,21,817,,D#4,,,,,,,,n69_2Ds4s,817,,gutim,69,
69,367.299,0.1905,144,49,14,817,,C#3,,,,,,,,n69_5Cs3s,817,,gutim,69,
69,367.5371,0.0952,144,44,13,818,,G#2,,,,,,,,n69_5Gs2t,818,,gutim,69,
69,367.6561,0.4092,144,59,14,819,,B3,,,,,,,,n69_1B3s,819,,gutim,69,
69,367.6561,0.2857,144,59,20,819,,B3,,,,,,,,n69_2B3s,819,,gutim,69,
69,367.8942,1.5238,144,59,20,820,,B3,,,,,,,,n69_1B3h,820,,gutim,69,
69,368.0133,0.2857,144,21,15,821,,A0,,,,,,,,n69_2A0s,821,,gutim,69,
69,368.3704,0.1131,144,43,11,822,,G2,,,,,,,,n69_2G2s,822,,gutim,69,
69,369.799,0.4524,144,65,8,823,,F4,,,,,,,,n69_1F4e,823,,gutim,69,
69,369.799,1.5238,144,49,20,823,,C#3,,,,,,,,n69_5Cs3h,823,,gutim,69,
69,370.7513,0.5431,144,72,11,824,,C5,,,,,,,,n69_1C5e,824,,gutim,69,
69,371.323,0.5431,144,50,12,825,,D3,,,,,,,,n69_1D3e,825,,gutim,69,
,,,,,,,,,,,,,,,,,,70,,,
70,371.7037,0.06,144,25,14,826,,C#1,g,,,,,,,ng70_5Cs1e,826,,gutim,70,
70,371.7787,7.1709,144,88,12,827,,E6,,,,,,,,n70_2E6b,827,,gutim,70,
70,371.7787,7.1709,144,36,17,827,,C2,,,,,,,,n70_5C2b,827,,gutim,70,
70,371.7787,0.1528,144,90,12,827,,F#6,,,,,,,,n70_6Fs6s,827,,gutim,70,
70,371.9685,0.4573,144,37,17,828,,C#2,,,,,,,,n70_1Cs2e,828,,gutim,70,
70,371.9697,0.1528,144,31,11,828,,G1,,,,,,,,n70_6G1s,828,,gutim,70,
70,372.1607,0.1528,144,65,11,829,,F4,,,,,,,,n70_6F4s,829,,gutim,70,
70,372.3516,0.1528,144,48,8,830,,C3,,,,,,,,n70_6C3s,830,,gutim,70,
70,372.5401,0.5337,144,76,12,831,,E5,,,,,,,,n70_1E5s,831,,gutim,70,
70,372.5426,0.1508,144,32,7,832,,Ab1,,,,,,,,n70_6Ab1s,832,,gutim,70,
,,,,,,,7047,,,,,,,,,,,,gutim,,
,,,,,,,,,,,,,,,,,,71,,,
71,380.7423,3.7647,144,65,11,833,,F4,,,,,,,,n71_1F4w,833,,gutim,71,
71,380.7423,3.7647,144,80,2,833,,G#5,,,,,,,,n71_1Gs5w,833,,gutim,71,
71,380.7423,3.7647,144,63,14,833,,D#4,,,,,,,,n71_2Ds4w,833,,gutim,71,
71,380.7423,0.4706,144,64,14,833,,E4,,,,,,,,n71_5E4e,833,,gutim,71,
71,380.7423,3.7647,144,56,14,833,,G#3,,,,,,,,n71_6Gs3w,833,,gutim,71,
71,381.3305,3.2941,144,54,17,834,,F#3,,,,,,,,n71_5Fs3e,834,,gutim,71,
,,,,,,,7048,,,,,,,,,,,,gutim,,
,,,,,,,,,,,,,,,,,,75,,,
75,408.9776,0.2353,144,60,22,835,,C4,,,,,,,,n75_1C4s,835,,gutim,75,
75,408.9776,0.2353,144,61,22,835,,Db4,,,,,,,,n75_1Db4s,835,,gutim,75,
75,408.9776,0.2353,144,69,22,835,,A4,,,,,,,,n75_1A4s,835,,gutim,75,
75,408.9776,0.0931,144,35,14,835,,B1,,,,,,,,n75_5B1t_0,835,,gutim,75,
75,409.0756,0.0931,144,58,19,836,,Bb3,,,,,,,,n75_5Bb3t_0,836,,gutim,75,
75,409.1737,0.0931,144,44,18,837,,Ab2,,,,,,,,n75_5Ab2t_0,837,,gutim,75,
75,409.2717,0.0931,144,58,17,838,,Bb3,,,,,,,,n75_5Bb3t_1,838,,gutim,75,
75,409.3698,0.0931,144,44,17,839,,Ab2,,,,,,,,n75_5Ab2t_1,839,,gutim,75,
75,409.4678,0.0931,144,58,16,840,,Bb3,,,,,,,,n75_5Bb3t_2,840,,gutim,75,
75,409.5658,0.0931,144,44,15,841,,Ab2,,,,,,,,n75_5Ab2t_2,841,,gutim,75,
75,409.6639,0.0931,144,26,14,842,,D1,,,,,,,,n75_5D1t,842,,gutim,75,
75,409.7619,0.0784,144,58,14,843,,Bb3,,,,,,,,n75_5Bb3t_3,843,,gutim,75,
75,409.86,0.2353,144,26,14,844,,D1,,,,,,,,n75_5D1s,844,,gutim,75,
75,409.86,0.2353,144,35,14,844,,B1,,,,,,,,n75_5B1s,844,,gutim,75,
75,409.86,0.2353,144,44,14,844,,Ab2,,,,,,,,n75_5Ab2s,844,,gutim,75,
75,410.5462,0.1569,144,52,22,845,,E3,,,,,,,,n75_1E3s_0,845,,gutim,75,
75,410.5462,0.1569,144,61,22,845,,C#4,,,,,,,,n75_1Cs4s_0,845,,gutim,75,
75,410.5462,0.1569,144,84,22,845,,C6,,,,,,,,n75_1C6s_0,845,,gutim,75,
75,410.7423,0.4706,144,52,22,846,,E3,,,,,,,,n75_1E3e,846,,gutim,75,
75,410.7423,0.4706,144,58,22,846,,Bb3,,,,,,,,n75_1Bb3e,846,,gutim,75,
75,410.7423,0.4706,144,97,22,846,,C#7,,,,,,,,n75_1Cs7e,846,,gutim,75,
75,411.0364,0.1176,144,40,22,847,,E2,,,,,,,,n75_5E2t_0,847,,gutim,75,
75,411.0364,0.1176,144,44,22,847,,G#2,,,,,,,,n75_5Gs2t_0,847,,gutim,75,
75,411.1835,0.1176,144,35,22,848,,B1,,,,,,,,n75_5B1t_1,848,,gutim,75,
75,411.1835,0.1176,144,37,22,848,,C#2,,,,,,,,n75_5Cs2t_0,848,,gutim,75,
75,411.3305,0.3137,144,90,22,849,,F#6,,,,,,,,n75_1Fs6e,849,,gutim,75,
75,411.3305,0.1176,144,37,22,849,,C#2,,,,,,,,n75_5Cs2t_1,849,,gutim,75,
75,411.3305,0.1176,144,50,22,849,,D3,,,,,,,,n75_5D3t_0,849,,gutim,75,
75,411.4776,0.1176,144,35,22,850,,B1,,,,,,,,n75_5B1t_2,850,,gutim,75,
75,411.7227,0.1569,144,63,17,851,,Eb4,,,,,,,,n75_1Eb4s,851,,gutim,75,
75,411.7227,0.1569,144,67,17,851,,G4,,,,,,,,n75_1G4s,851,,gutim,75,
75,411.7227,0.1569,144,85,17,851,,Db6,,,,,,,,n75_1Db6s,851,,gutim,75,
75,411.7227,0.1569,144,93,17,851,,A6,,,,,,,,n75_1A6s_0,851,,gutim,75,
75,411.9188,0.4706,144,63,18,852,,Eb4,,,,,,,,n75_1Eb4e,852,,gutim,75,
75,411.9188,0.4706,144,66,18,852,,F#4,,,,,,,,n75_1Fs4e,852,,gutim,75,
75,411.9188,0.4706,144,67,18,852,,G4,,,,,,,,n75_1G4e,852,,gutim,75,
75,411.9188,0.4706,144,87,18,852,,Eb6,,,,,,,,n75_1Eb6e_0,852,,gutim,75,
75,412.507,0.4706,144,26,5,853,,D1,,,,,,,,n75_5D1e_0,853,,gutim,75,
75,412.507,0.4706,144,35,5,853,,B1,,,,,,,,n75_5B1e_0,853,,gutim,75,
75,412.507,0.4706,144,44,5,853,,Ab2,,,,,,,,n75_5Ab2e_0,853,,gutim,75,
75,412.507,0.4706,144,58,5,853,,Bb3,,,,,,,,n75_5Bb3e_0,853,,gutim,75,
75,412.8992,0.4657,144,52,22,854,,E3,,,,,,,,n75_1E3s_1,854,,gutim,75,
75,412.8992,0.4657,144,61,22,854,,C#4,,,,,,,,n75_1Cs4s_1,854,,gutim,75,
75,412.8992,0.1863,144,84,22,854,,C6,,,,,,,,n75_1C6s_1,854,,gutim,75,
75,413.0953,0.2794,144,97,22,855,,C#7,,,,,,,,n75_1Cs7s,855,,gutim,75,
75,413.0953,0.2353,144,52,22,855,,E3,,,,,,,,n75_5E3s,855,,gutim,75,
75,413.0953,0.2353,144,58,22,855,,Bb3,,,,,,,,n75_5Bb3s,855,,gutim,75,
75,413.3894,0.1176,144,35,22,856,,B1,,,,,,,,n75_5B1t_3,856,,gutim,75,
75,413.3894,0.1176,144,37,22,856,,C#2,,,,,,,,n75_5Cs2t_2,856,,gutim,75,
75,413.5364,0.1176,144,101,22,857,,F7,,,,,,,,n75_1F7t,857,,gutim,75,
75,413.5364,0.1176,144,50,22,857,,D3,,,,,,,,n75_5D3t_1,857,,gutim,75,
75,413.6835,0.4706,144,34,22,858,,Bb1,,,,,,,,n75_5Bb1e,858,,gutim,75,
75,414.2717,0.4706,144,26,5,859,,D1,,,,,,,,n75_5D1e_1,859,,gutim,75,
75,414.2717,0.4706,144,35,5,859,,B1,,,,,,,,n75_5B1e_1,859,,gutim,75,
75,414.2717,0.4706,144,44,5,859,,Ab2,,,,,,,,n75_5Ab2e_1,859,,gutim,75,
75,414.2717,0.4706,144,58,5,859,,Bb3,,,,,,,,n75_5Bb3e_1,859,,gutim,75,
75,415.007,0.1176,144,60,22,860,,C4,,,,,,,,n75_1C4t_0,860,,gutim,75,
75,415.007,0.1176,144,69,22,860,,A4,,,,,,,,n75_1A4t_0,860,,gutim,75,
75,415.007,0.1176,144,40,22,860,,E2,,,,,,,,n75_5E2t_1,860,,gutim,75,
75,415.007,0.1176,144,44,22,860,,G#2,,,,,,,,n75_5Gs2t_1,860,,gutim,75,
75,415.1541,0.0931,144,60,22,861,,C4,,,,,,,,n75_1C4t_1,861,,gutim,75,
75,415.1541,0.0931,144,69,22,861,,A4,,,,,,,,n75_1A4t_1,861,,gutim,75,
75,415.1541,0.0931,144,90,22,861,,F#6,,,,,,,,n75_1Fs6t_0,861,,gutim,75,
75,415.2521,0.1863,144,93,20,862,,A6,,,,,,,,n75_1A6s_1,862,,gutim,75,
75,415.2521,0.1569,144,63,20,862,,Eb4,,,,,,,,n75_5Eb4s,862,,gutim,75,
75,415.2521,0.1569,144,66,20,862,,F#4,,,,,,,,n75_5Fs4s,862,,gutim,75,
75,415.2521,0.1569,144,67,20,862,,G4,,,,,,,,n75_5G4s,862,,gutim,75,
75,415.4482,0.3725,144,87,20,863,,Eb6,,,,,,,,n75_1Eb6e_1,863,,gutim,75,
75,415.4482,0.3137,144,63,20,863,,Eb4,,,,,,,,n75_5Eb4e,863,,gutim,75,
75,415.4482,0.3137,144,66,20,863,,F#4,,,,,,,,n75_5Fs4e,863,,gutim,75,
75,415.4482,0.3137,144,67,20,863,,G4,,,,,,,,n75_5G4e,863,,gutim,75,
75,415.8404,0.0784,144,87,21,864,,Eb6,,,,,,,,n75_1Eb6t_0,864,,gutim,75,
75,415.8404,0.0784,144,90,21,864,,F#6,,,,,,,,n75_1Fs6t_1,864,,gutim,75,
75,415.8404,0.0784,144,60,21,864,,C4,,,,,,,,n75_5C4t_0,864,,gutim,75,
75,415.8404,0.0784,144,63,21,864,,Eb4,,,,,,,,n75_5Eb4t_0,864,,gutim,75,
75,415.8404,0.0784,144,66,21,864,,F#4,,,,,,,,n75_5Fs4t_0,864,,gutim,75,
75,415.8404,0.0784,144,67,21,864,,G4,,,,,,,,n75_5G4t_0,864,,gutim,75,
75,415.8404,0.0784,144,69,21,864,,A4,,,,,,,,n75_5A4t_0,864,,gutim,75,
75,415.9384,0.0784,144,87,21,865,,Eb6,,,,,,,,n75_1Eb6t_1,865,,gutim,75,
75,415.9384,0.0784,144,90,21,865,,F#6,,,,,,,,n75_1Fs6t_2,865,,gutim,75,
75,415.9384,0.0784,144,60,21,865,,C4,,,,,,,,n75_5C4t_1,865,,gutim,75,
75,415.9384,0.0784,144,63,21,865,,Eb4,,,,,,,,n75_5Eb4t_1,865,,gutim,75,
75,415.9384,0.0784,144,66,21,865,,F#4,,,,,,,,n75_5Fs4t_1,865,,gutim,75,
75,415.9384,0.0784,144,67,21,865,,G4,,,,,,,,n75_5G4t_1,865,,gutim,75,
75,415.9384,0.0784,144,69,21,865,,A4,,,,,,,,n75_5A4t_1,865,,gutim,75,
,,,,,,,,,,,,,,,,,,76,,,
76,416.4286,0.1863,144,84,22,866,,C6,,,,,,,,n76_1C6s,866,,gutim,76,
76,416.4286,0.1569,144,52,22,866,,E3,,,,,,,,n76_5E3s,866,,gutim,76,
76,416.4286,0.1569,144,61,22,866,,C#4,,,,,,,,n76_5Cs4s,866,,gutim,76,
76,416.6247,0.5588,144,97,22,867,,C#7,,,,,,,,n76_1Cs7e,867,,gutim,76,
76,416.6247,0.4706,144,52,22,867,,E3,,,,,,,,n76_5E3e,867,,gutim,76,
76,416.6247,0.4706,144,58,22,867,,Bb3,,,,,,,,n76_5Bb3e_0,867,,gutim,76,
76,417.2129,0.1176,144,50,22,868,,D3,,,,,,,,n76_1D3t_0,868,,gutim,76,
76,417.2129,0.1176,144,60,22,868,,C4,,,,,,,,n76_1C4t_0,868,,gutim,76,
76,417.2129,0.1176,144,35,22,868,,B1,,,,,,,,n76_5B1t_0,868,,gutim,76,
76,417.2129,0.1176,144,37,22,868,,C#2,,,,,,,,n76_5Cs2t_0,868,,gutim,76,
76,417.2129,0.1176,144,40,22,868,,E2,,,,,,,,n76_5E2t_0,868,,gutim,76,
76,417.2129,0.1176,144,44,22,868,,G#2,,,,,,,,n76_5Gs2t_0,868,,gutim,76,
76,417.36,0.1176,144,50,22,869,,D3,,,,,,,,n76_1D3t_1,869,,gutim,76,
76,417.36,0.1176,144,60,22,869,,C4,,,,,,,,n76_1C4t_1,869,,gutim,76,
76,417.36,0.1176,144,35,22,869,,B1,,,,,,,,n76_5B1t_1,869,,gutim,76,
76,417.36,0.1176,144,37,22,869,,C#2,,,,,,,,n76_5Cs2t_1,869,,gutim,76,
76,417.36,0.1176,144,40,22,869,,E2,,,,,,,,n76_5E2t_1,869,,gutim,76,
76,417.36,0.1176,144,44,22,869,,G#2,,,,,,,,n76_5Gs2t_1,869,,gutim,76,
76,417.8011,0.4706,144,26,5,870,,D1,,,,,,,,n76_5D1e_0,870,,gutim,76,
76,417.8011,0.4706,144,35,5,870,,B1,,,,,,,,n76_5B1e_0,870,,gutim,76,
76,417.8011,0.4706,144,44,5,870,,Ab2,,,,,,,,n76_5Ab2e,870,,gutim,76,
76,417.8011,0.4706,144,58,5,870,,Bb3,,,,,,,,n76_5Bb3e_1,870,,gutim,76,
76,418.3894,0.3137,144,34,5,871,,Bb1,,,,,,,,n76_1Bb1e,871,,gutim,76,
76,418.3894,0.0931,144,35,5,871,,B1,,,,,,,,n76_5B1t_2,871,,gutim,76,
76,418.3894,0.0931,144,37,5,871,,C#2,,,,,,,,n76_5Cs2t_2,871,,gutim,76,
76,418.4874,0.2794,144,50,5,872,,D3,,,,,,,,n76_5D3s,872,,gutim,76,
76,418.7815,0.0784,144,50,22,873,,D3,,,,,,,,n76_1D3t_2,873,,gutim,76,
76,418.7815,0.0784,144,60,22,873,,C4,,,,,,,,n76_1C4t_2,873,,gutim,76,
76,418.7815,0.0784,144,35,22,873,,B1,,,,,,,,n76_5B1t_3,873,,gutim,76,
76,418.7815,0.0784,144,37,22,873,,C#2,,,,,,,,n76_5Cs2t_3,873,,gutim,76,
76,418.7815,0.0784,144,40,22,873,,E2,,,,,,,,n76_5E2t_2,873,,gutim,76,
76,418.7815,0.0784,144,44,22,873,,G#2,,,,,,,,n76_5Gs2t_2,873,,gutim,76,
76,418.8796,0.0784,144,50,22,874,,D3,,,,,,,,n76_1D3t_3,874,,gutim,76,
76,418.8796,0.0784,144,60,22,874,,C4,,,,,,,,n76_1C4t_3,874,,gutim,76,
76,418.8796,0.0784,144,35,22,874,,B1,,,,,,,,n76_5B1t_4,874,,gutim,76,
76,418.8796,0.0784,144,37,22,874,,C#2,,,,,,,,n76_5Cs2t_4,874,,gutim,76,
76,418.8796,0.0784,144,40,22,874,,E2,,,,,,,,n76_5E2t_3,874,,gutim,76,
76,418.8796,0.0784,144,44,22,874,,G#2,,,,,,,,n76_5Gs2t_3,874,,gutim,76,
76,418.9776,0.1121,144,64,11,875,,E4,,,,,,,,n76_1E4t,875,,gutim,76,
76,418.9776,0.4706,144,26,5,875,,D1,,,,,,,,n76_5D1e_1,875,,gutim,76,
76,418.9776,0.4706,144,35,5,875,,B1,,,,,,,,n76_5B1e_1,875,,gutim,76,
76,418.9776,0.4706,144,58,5,875,,Bb3,,,,,,,,n76_5Bb3e_2,875,,gutim,76,
76,419.0956,0.2241,144,54,11,876,,F#3,,,,,,,,n76_1Fs3s,876,,gutim,76,
76,419.3315,0.1121,144,69,11,877,,A4,,,,,,,,n76_1A4t,877,,gutim,76,
76,419.4494,0.1106,144,68,11,878,,G#4,,,,,,,,n76_1Gs4t,878,,gutim,76,
,,,,,,,7049,,,,,,,,,,,,gutim,,
76,419.5658,0.1176,144,35,20,879,,B1,,,,,,,,n76_1B1t,879,,gutim,76,
76,419.5658,0.1176,144,37,20,879,,C#2,,,,,,,,n76_1Cs2t,879,,gutim,76,
76,419.5658,0.1176,144,40,20,879,,E2,,,,,,,,n76_1E2t,879,,gutim,76,
76,419.5658,0.1176,144,44,20,879,,G#2,,,,,,,,n76_1Gs2t,879,,gutim,76,
76,419.5658,0.1176,144,50,20,879,,D3,,,,,,,,n76_1D3t_4,879,,gutim,76,
76,419.5658,0.1176,144,60,20,879,,C4,,,,,,,,n76_1C4t_4,879,,gutim,76,
76,419.6639,0.0931,144,32,20,880,,G#1,,,,,,,,n76_5Gs1t_0,880,,gutim,76,
76,419.7619,0.0931,144,48,19,881,,C3,,,,,,,,n76_5C3t,881,,gutim,76,
76,419.86,0.0931,144,66,19,882,,F#4,,,,,,,,n76_5Fs4t_0,882,,gutim,76,
76,419.958,0.1397,144,57,18,883,,A3,,,,,,,,n76_5A3t,883,,gutim,76,
76,420.1051,0.1397,144,66,17,884,,F#4,,,,,,,,n76_5Fs4t_1,884,,gutim,76,
76,420.2521,0.0931,144,28,17,885,,E1,,,,,,,,n76_5E1t_0,885,,gutim,76,
76,420.3502,0.0931,144,32,16,886,,G#1,,,,,,,,n76_5Gs1t_1,886,,gutim,76,
76,420.4482,0.0931,144,28,15,887,,E1,,,,,,,,n76_5E1t_1,887,,gutim,76,
76,420.4482,0.0931,144,36,15,887,,C2,,,,,,,,n76_5C2t_0,887,,gutim,76,
76,420.5462,0.0931,144,66,15,888,,F#4,,,,,,,,n76_5Fs4t_2,888,,gutim,76,
76,420.6443,0.0931,144,28,14,889,,E1,,,,,,,,n76_5E1t_2,889,,gutim,76,
76,420.6443,0.0931,144,36,14,889,,C2,,,,,,,,n76_5C2t_1,889,,gutim,76,
76,420.7423,0.0931,144,32,14,890,,G#1,,,,,,,,n76_5Gs1t_2,890,,gutim,76,
76,420.7423,0.0931,144,45,14,890,,A2,,,,,,,,n76_5A2t_0,890,,gutim,76,
76,420.8404,0.1397,144,54,13,891,,F#3,,,,,,,,n76_5Fs3t_0,891,,gutim,76,
76,420.9874,0.1397,144,45,12,892,,A2,,,,,,,,n76_5A2t_1,892,,gutim,76,
76,421.1345,0.1397,144,28,11,893,,E1,,,,,,,,n76_5E1t_3,893,,gutim,76,
76,421.1345,0.1397,144,32,11,893,,G#1,,,,,,,,n76_5Gs1t_3,893,,gutim,76,
76,421.2815,0.1397,144,36,11,894,,C2,,,,,,,,n76_5C2t_2,894,,gutim,76,
76,421.2815,0.1397,144,54,11,894,,F#3,,,,,,,,n76_5Fs3t_1,894,,gutim,76,
76,421.4286,0.1397,144,28,10,895,,E1,,,,,,,,n76_5E1t_4,895,,gutim,76,
76,421.4286,0.1397,144,32,10,895,,G#1,,,,,,,,n76_5Gs1t_4,895,,gutim,76,
76,421.4286,0.1397,144,45,10,895,,A2,,,,,,,,n76_5A2t_2,895,,gutim,76,
76,421.5756,0.1397,144,36,9,896,,C2,,,,,,,,n76_5C2t_3,896,,gutim,76,
76,421.5756,0.1397,144,66,9,896,,F#4,,,,,,,,n76_5Fs4t_3,896,,gutim,76,
76,421.7227,0.0784,144,28,8,897,,E1,,,,,,,,n76_5E1t_5,897,,gutim,76,
76,421.8207,0.0784,144,45,8,898,,A2,,,,,,,,n76_5A2t_3,898,,gutim,76,
76,421.9188,0.7451,144,78,8,899,,F#5,,,,,,,,n76_1Fs5q,899,,gutim,76,
76,421.9188,0.2353,144,28,8,899,,E1,,,,,,,,n76_5E1s,899,,gutim,76,
76,421.9188,0.2353,144,32,8,899,,G#1,,,,,,,,n76_5Gs1s,899,,gutim,76,
76,421.9188,0.2353,144,36,8,899,,C2,,,,,,,,n76_5C2s,899,,gutim,76,
76,422.357,0.0712,144,24,11,900,,C1,g,,,,,,,ng76_5C1e,900,,gutim,76,
76,422.432,0.0712,144,30,11,901,,F#1,g,,,,,,,ng76_5Fs1e,901,,gutim,76,
76,422.507,0.5588,144,40,11,902,,E2,,,,,,,,n76_5E2e,902,,gutim,76,
76,422.7031,0.0931,144,57,8,903,,A3,,,,,,,,n76_1A3t,903,,gutim,76,
76,422.8011,0.2794,144,44,8,904,,G#2,,,,,,,,n76_1Gs2s,904,,gutim,76,
,,,,,,,7050,,,,,,,,,,,,gutim,,
,,,,,,,,,,,,,,,,,,77,,,
77,423.0953,0.2794,144,78,8,905,,F#5,,,,,,,,n77_1Fs5s,905,,gutim,77,
77,423.3894,0.0931,144,57,8,906,,A3,,,,,,,,n77_1A3t,906,,gutim,77,
77,423.4874,0.1569,144,52,20,907,,E3,,,,,,,,n77_1E3s,907,,gutim,77,
77,423.4874,0.1569,144,61,20,907,,C#4,,,,,,,,n77_1Cs4s,907,,gutim,77,
77,423.4874,0.1569,144,84,20,907,,C6,,,,,,,,n77_1C6s_0,907,,gutim,77,
77,423.6835,0.4706,144,52,11,908,,E3,,,,,,,,n77_1E3e,908,,gutim,77,
77,423.6835,0.4706,144,58,11,908,,Bb3,,,,,,,,n77_1Bb3e,908,,gutim,77,
77,423.6835,0.4706,144,97,11,908,,C#7,,,,,,,,n77_1Cs7e_0,908,,gutim,77,
77,423.8796,0.0626,144,24,11,909,,C1,,,,,,,,n77_5C1x,909,,gutim,77,
77,423.9454,0.0626,144,30,12,910,,F#1,,,,,,,,n77_5Fs1x,910,,gutim,77,
77,424.0113,0.1237,144,52,13,911,,E3,,,,,,,,n77_5E3t_0,911,,gutim,77,
77,424.1415,0.0626,144,56,15,912,,G#3,,,,,,,,n77_5Gs3x,912,,gutim,77,
77,424.2074,0.0626,144,57,15,913,,A3,,,,,,,,n77_5A3x,913,,gutim,77,
77,424.2717,0.4706,144,66,22,914,,F#4,,,,,,,,n77_1Fs4e,914,,gutim,77,
77,424.2733,0.5588,144,34,22,915,,Bb1,,,,,,,,n77_5Bb1e,915,,gutim,77,
77,424.86,0.5588,144,84,14,916,,C6,,,,,,,,n77_1C6s_1,916,,gutim,77,
77,424.8615,0.5588,144,52,14,916,,E3,,,,,,,,n77_5E3s,916,,gutim,77,
77,424.8615,0.5588,144,58,14,916,,Bb3,,,,,,,,n77_5Bb3s,916,,gutim,77,
77,425.056,0.3725,144,97,20,917,,C#7,,,,,,,,n77_1Cs7e_1,917,,gutim,77,
77,425.0576,0.3725,144,61,20,918,,Db4,,,,,,,,n77_5Db4e_0,918,,gutim,77,
77,425.4497,0.1237,144,24,11,919,,C1,,,,,,,,n77_5C1t_0,919,,gutim,77,
77,425.5799,0.1237,144,30,12,920,,F#1,,,,,,,,n77_5Fs1t,920,,gutim,77,
77,425.7101,0.1863,144,52,13,921,,E3,,,,,,,,n77_5E3t_1,921,,gutim,77,
77,425.9062,0.1237,144,56,15,922,,G#3,,,,,,,,n77_5Gs3t,922,,gutim,77,
77,426.6247,0.9412,144,84,24,923,,C6,,,,,,,,n77_1C6q,923,,gutim,77,
77,426.6247,0.9412,144,97,24,923,,C#7,,,,,,,,n77_1Cs7q,923,,gutim,77,
77,426.6247,0.4706,144,52,24,923,,E3,,,,,,,,n77_5E3e_1,923,,gutim,77,
77,426.6247,0.4706,144,58,24,923,,Bb3,,,,,,,,n77_5Bb3e_1,923,,gutim,77,
77,426.6247,0.4706,144,61,24,923,,Db4,,,,,,,,n77_5Db4e_1,923,,gutim,77,
77,427.2129,0.1863,144,24,14,924,,C1,,,,,,,,n77_5C1t_1,924,,gutim,77,
77,427.409,0.1863,144,52,15,925,,E3,,,,,,,,n77_5E3t_2,925,,gutim,77,
77,427.6051,0.0626,144,68,16,926,,G#4,,,,,,,,n77_5Gs4x,926,,gutim,77,
77,427.6709,0.1237,144,69,16,927,,A4,,,,,,,,n77_5A4t,927,,gutim,77,
77,427.8011,0.1863,144,24,16,928,,C1,,,,,,,,n77_5C1t_2,928,,gutim,77,
77,427.9972,0.1863,144,52,17,929,,E3,,,,,,,,n77_5E3t_3,929,,gutim,77,
77,428.1933,0.7451,144,68,18,930,,G#4,,,,,,,,n77_5Gs4t,930,,gutim,77,
77,428.9776,0.9412,144,66,8,931,,F#4,,,,,,,,n77_1Fs4q,931,,gutim,77,
77,428.9776,0.9412,144,34,8,931,,Bb1,,,,,,,,n77_5Bb1q,931,,gutim,77,
,,,,,,,,,,,,,,,,,,78,,,
78,430.5055,0.0712,144,37,14,932,,C#2,g,,,,,,,ng78_5Cs2e_0,932,,gutim,78,
78,430.5805,0.0712,144,38,14,933,,D2,g,,,,,,,ng78_5D2e_0,933,,gutim,78,
78,430.6555,0.0712,144,37,14,934,,C#2,g,,,,,,,ng78_5Cs2e_1,934,,gutim,78,
78,430.7305,0.0712,144,38,14,935,,D2,g,,,,,,,ng78_5D2e_1,935,,gutim,78,
78,430.8055,0.0712,144,37,14,936,,C#2,g,,,,,,,ng78_5Cs2e_2,936,,gutim,78,
78,430.8055,0.0712,144,69,14,936,,A4,g,,,,,,,ng78_5A4e,936,,gutim,78,
78,430.8805,0.0712,144,35,16,937,,B1,g,,,,,,,ng78_5B1e_0,937,,gutim,78,
78,430.9555,0.0712,144,41,14,938,,F2,g,,,,,,,ng78_5F2e_0,938,,gutim,78,
78,431.0305,0.0712,144,35,14,939,,B1,g,,,,,,,ng78_5B1e_1,939,,gutim,78,
78,431.0305,0.0712,144,57,14,939,,A3,g,,,,,,,ng78_5A3e,939,,gutim,78,
78,431.1055,0.0712,144,41,14,940,,F2,g,,,,,,,ng78_5F2e_1,940,,gutim,78,
78,431.1805,0.0712,144,23,13,941,,B0,g,,,,,,,ng78_5B0e,941,,gutim,78,
78,431.2555,0.0712,144,41,14,942,,F2,g,,,,,,,ng78_5F2e_2,942,,gutim,78,
78,431.3305,0.7059,144,37,14,943,,Db2,,,,,,,,n78_2Db2e,943,,gutim,78,
78,431.3305,0.2235,144,35,11,943,,B1,,,,,,,,n78_5B1e,943,,gutim,78,
78,431.3305,0.5588,144,38,14,943,,D2,,,,,,,,n78_5D2e,943,,gutim,78,
78,431.3305,0.5588,144,41,14,943,,F2,,,,,,,,n78_5F2e,943,,gutim,78,
78,431.3305,0.5588,144,45,14,943,,A2,,,,,,,,n78_5A2e,943,,gutim,78,
,,,,,,,7053,,,,,,,,,,,,gutim,,
,,,,,,,,,,,,,,,,,,82,,,
82,453.2633,5.1512,144,46,20,944,,Bb2,,,,,,,,n82_5Bb2w,944,,gutim,82,
82,453.2633,14.0924,144,36,14,944,,C2,,,,,,,,n82_6C2w,944,,gutim,82,
82,453.2633,6.5629,144,37,14,944,,Db2,,,,,,,,n82_6Db2w,944,,gutim,82,
,,,,,,,,,,,,,,,,,,83,,,
83,459.7023,3.2941,144,56,14,945,,Ab3,,,,,,,,n83_5Ab3q,945,,gutim,83,
83,461.467,3.7647,144,47,14,946,,B2,,,,,,,,n83_5B2h_0,946,,gutim,83,
83,461.467,1.8824,144,52,14,946,,E3,,,,,,,,n83_5E3h,946,,gutim,83,
83,463.8199,1.8824,144,87,14,947,,Eb6,,,,,,,,n83_1Eb6h,947,,gutim,83,
83,463.8199,0.7059,144,84,14,947,,C6,,,,,,,,n83_2C6e,947,,gutim,83,
83,464.9964,13.3571,144,59,14,948,,B3,,,,,,,,n83_2B3q,948,,gutim,83,
,,,,,,,,,,,,,,,,,,84,,,
84,470.8788,5.2227,144,64,14,949,,E4,,,,,,,,n84_2E4h,949,,gutim,84,
84,470.8788,5.2227,144,91,14,949,,G6,,,,,,,,n84_2G6h,949,,gutim,84,
,,,,,,,,,,,,,,,,,,85,,,
85,474.4082,5.8277,144,53,14,950,,F3,,,,,,,,n85_5F3q,950,,gutim,85,
85,474.4082,5.8277,144,28,14,950,,E1,,,,,,,,n85_6E1q,950,,gutim,85,
85,474.8464,0.06,144,60,14,951,,C4,g,,,,,,,ng85_1C4e,951,,gutim,85,
85,474.9214,0.06,144,74,14,952,,D5,g,,,,,,,ng85_1D5e,952,,gutim,85,
,,,,,,,,,,,,,,,,,,86,,,
86,477.4071,3.4286,144,68,14,953,,G#4,,,,,,,,n86_2Gs4w,953,,gutim,86,
86,477.4071,3.4286,144,24,14,953,,C1,,,,,,,,n86_6C1w,953,,gutim,86,
86,477.4741,0.0536,144,37,14,954,,C#2,,,,,,,,n86_1Cs2t,954,,gutim,86,
,,,,,,,7057,,,,,,,,,,,,gutim,,
,,,,,,,,,,,,,,,,,,87,,,
87,481.6928,0.0714,144,76,11,955,,E5,,,,,,,,n87_1E5s,955,,gutim,87,
87,481.7821,0.0714,144,56,14,956,,G#3,,,,,,,,n87_1Gs3s,956,,gutim,87,
87,481.8714,0.0714,144,37,17,957,,C#2,,,,,,,,n87_1Cs2s,957,,gutim,87,
87,481.9607,0.0714,144,84,20,958,,C6,,,,,,,,n87_1C6s,958,,gutim,87,
87,482.05,0.1429,144,25,14,959,,C#1,,,,,,,,n87_1Cs1e,959,,gutim,87,
87,482.2286,1.2549,144,46,14,960,,Bb2,,,,,,,,n87_5Bb2q,960,,gutim,87,
87,483.7972,0.6275,144,88,14,961,,E6,,,,,,,,n87_5E6q,961,,gutim,87,
87,484.5815,0.3137,144,56,14,962,,Ab3,,,,,,,,n87_5Ab3e,962,,gutim,87,
87,484.9737,0.3137,144,84,14,963,,C6,,,,,,,,n87_5C6e,963,,gutim,87,
,,,,,,,7062,,,,,,,,,,,,gutim,,
,,,,,,,,,,,,,,,,,,89,,,
89,498.405,0.2353,144,48,11,964,,C3,,,,,,,,n89_5C3s,964,,gutim,89,
,,,,,,,,,,,,,,,,,,90,,,
90,498.6991,0.06,144,53,8,965,,F3,g,,,,,,,ng90_5F3e,965,,gutim,90,
90,498.7741,0.2794,144,51,11,966,,D#3,,,,,,,,n90_1Ds3s,966,,gutim,90,
90,498.7741,0.2353,144,52,11,966,,E3,,,,,,,,n90_1E3s,966,,gutim,90,
90,498.7741,0.2353,144,63,11,966,,D#4,,,,,,,,n90_1Ds4s,966,,gutim,90,
90,498.7741,0.1397,144,43,8,966,,G2,,,,,,,,n90_5G2t_0,966,,gutim,90,
90,498.9212,0.0931,144,63,9,967,,D#4,,,,,,,,n90_5Ds4t,967,,gutim,90,
90,499.0192,0.0931,144,52,9,968,,E3,,,,,,,,n90_5E3t_0,968,,gutim,90,
90,499.0683,0.2794,144,56,12,969,,G#3,,,,,,,,n90_1Gs3s,969,,gutim,90,
90,499.1173,0.0931,144,53,9,970,,F3,,,,,,,,n90_5F3t_0,970,,gutim,90,
90,499.2153,0.0931,144,52,9,971,,E3,,,,,,,,n90_5E3t_1,971,,gutim,90,
90,499.3134,0.0931,144,53,10,972,,F3,,,,,,,,n90_5F3t_1,972,,gutim,90,
90,499.3624,0.5588,144,33,14,973,,A1,,,,,,,,n90_1A1e,973,,gutim,90,
90,499.4114,0.0931,144,52,10,974,,E3,,,,,,,,n90_5E3t_2,974,,gutim,90,
90,499.5094,0.1397,144,53,10,975,,F3,,,,,,,,n90_5F3t_2,975,,gutim,90,
90,499.6565,0.1397,144,52,10,976,,E3,,,,,,,,n90_5E3t_3,976,,gutim,90,
90,499.8036,0.1397,144,43,11,977,,G2,,,,,,,,n90_5G2t_1,977,,gutim,90,
90,499.9506,0.0931,144,75,11,978,,D#5,,,,,,,,n90_5Ds5t_0,978,,gutim,90,
90,500.0487,0.0931,144,52,11,979,,E3,,,,,,,,n90_5E3t_4,979,,gutim,90,
90,500.1467,0.0931,144,47,12,980,,B2,,,,,,,,n90_5B2t_0,980,,gutim,90,
90,500.2447,0.1397,144,75,12,981,,D#5,,,,,,,,n90_5Ds5t_1,981,,gutim,90,
90,500.3918,0.0931,144,47,12,982,,B2,,,,,,,,n90_5B2t_1,982,,gutim,90,
90,500.4898,0.1397,144,65,12,983,,F4,,,,,,,,n90_5F4t,983,,gutim,90,
90,500.6369,0.1397,144,52,13,984,,E3,,,,,,,,n90_5E3t_5,984,,gutim,90,
90,500.784,0.1397,144,31,13,985,,G1,,,,,,,,n90_5G1t,985,,gutim,90,
90,500.931,0.0931,144,87,14,986,,D#6,,,,,,,,n90_5Ds6t,986,,gutim,90,
90,501.029,0.0931,144,40,14,987,,E2,,,,,,,,n90_5E2t,987,,gutim,90,
90,501.1271,1.1176,144,35,14,988,,B1,,,,,,,,n90_5B1q,988,,gutim,90,
90,501.4212,0.2353,144,62,22,989,,D4,,,,,,,,n90_1D4s_0,989,,gutim,90,
90,501.4212,0.2353,144,84,22,989,,C6,,,,,,,,n90_1C6s_0,989,,gutim,90,
90,501.7153,0.3529,144,62,22,990,,D4,,,,,,,,n90_1D4s_1,990,,gutim,90,
90,501.7153,0.3529,144,84,22,990,,C6,,,,,,,,n90_1C6s_1,990,,gutim,90,
90,501.7153,0.3529,144,88,22,990,,E6,,,,,,,,n90_1E6s,990,,gutim,90,
90,502.3036,0.9412,144,62,8,991,,D4,,,,,,,,n90_1D4q,991,,gutim,90,
90,502.3036,0.9412,144,84,8,991,,C6,,,,,,,,n90_1C6q,991,,gutim,90,
90,502.3036,0.9412,144,88,8,991,,E6,,,,,,,,n90_1E6q,991,,gutim,90,
90,502.8918,0.1397,144,52,5,992,,E3,,,,,,,,n90_5E3t_6,992,,gutim,90,
90,503.0389,0.0931,144,60,6,993,,C4,,,,,,,,n90_5C4t_0,993,,gutim,90,
90,503.1369,0.1397,144,52,6,994,,E3,,,,,,,,n90_5E3t_7,994,,gutim,90,
90,503.255,0.06,144,60,11,995,,C4,g,,,,,,,ng90_1C4e,995,,gutim,90,
90,503.284,0.0931,144,60,7,996,,C4,,,,,,,,n90_5C4t_1,996,,gutim,90,
90,503.33,0.06,144,40,11,997,,E2,g,,,,,,,ng90_1E2e,997,,gutim,90,
90,503.382,0.0931,144,56,8,998,,Ab3,,,,,,,,n90_5Ab3t,998,,gutim,90,
90,503.405,0.06,144,49,11,999,,C#3,g,,,,,,,ng90_1Cs3e,999,,gutim,90,
90,503.48,0.0931,144,32,11,1000,,G#1,,,,,,,,n90_1Gs1t,1000,,gutim,90,
90,503.48,2.3529,144,25,8,1000,,C#1,,,,,,,,n90_5Cs1h,1000,,gutim,90,
90,503.5781,0.3725,144,58,10,1001,,A#3,,,,,,,,n90_1As3e,1001,,gutim,90,
90,503.9702,0.0931,144,61,8,1002,,Db4,,,,,,,,n90_1Db4t_0,1002,,gutim,90,
90,504.0683,0.0931,144,70,8,1003,,Bb4,,,,,,,,n90_1Bb4t,1003,,gutim,90,
90,504.1663,0.0931,144,72,7,1004,,C5,,,,,,,,n90_1C5t,1004,,gutim,90,
90,504.2643,0.0931,144,61,6,1005,,Db4,,,,,,,,n90_1Db4t_1,1005,,gutim,90,
90,504.3624,0.0931,144,84,6,1006,,C6,,,,,,,,n90_1C6t,1006,,gutim,90,
90,504.4604,0.0466,144,61,5,1007,,Db4,,,,,,,,n90_1Db4x,1007,,gutim,90,
90,504.5094,0.1397,144,52,5,1008,,E3,,,,,,,,n90_1E3t,1008,,gutim,90,
90,506.4212,0.0931,144,25,11,1009,,C#1,,,,,,,,n90_5Cs1t_0,1009,,gutim,90,
90,506.5192,1.3039,144,35,12,1010,,B1,,,,,,,,n90_5B1t_0,1010,,gutim,90,
90,507.8918,0.0931,144,25,12,1011,,C#1,,,,,,,,n90_5Cs1t_1,1011,,gutim,90,
90,507.9898,0.0931,144,35,14,1012,,B1,,,,,,,,n90_5B1t_1,1012,,gutim,90,
90,508.0879,0.0931,144,79,17,1013,,G5,,,,,,,,n90_5G5t,1013,,gutim,90,
,,,,,,,,,,,,,,,,,,91,,,
91,508.1859,0.0712,144,63,8,1014,,Eb4,g,,,,,,,ng91_5Eb4e,1014,,gutim,91,
,,,,,,,7064,,,,,,,,,,,,gutim,,
91,508.2609,0.06,144,93,5,1015,,A6,g,,,,,,,ng91_2A6e,1015,,gutim,91,
91,508.2609,0.0712,144,52,14,1015,,E3,g,,,,,,,ng91_5E3e,1015,,gutim,91,
91,508.3359,2.6078,144,75,22,1016,,Eb5,,,,,,,,n91_2Eb5h_0,1016,,gutim,91,
91,508.3359,1.1176,144,44,14,1016,,Ab2,,,,,,,,n91_5Ab2q,1016,,gutim,91,
91,508.3359,1.1176,144,47,14,1016,,B2,,,,,,,,n91_5B2q,1016,,gutim,91,
91,508.3359,1.1176,144,51,14,1016,,Eb3,,,,,,,,n91_5Eb3q,1016,,gutim,91,
91,509.5124,0.5588,144,75,17,1017,,Eb5,,,,,,,,n91_1Eb5e,1017,,gutim,91,
91,510.1006,0.1397,144,62,17,1018,,D4,,,,,,,,n91_1D4t_0,1018,,gutim,91,
91,510.2477,0.1397,144,24,17,1019,,C1,,,,,,,,n91_1C1t_0,1019,,gutim,91,
91,510.2967,0.1863,144,48,5,1020,,C3,,,,,,,,n91_5C3s,1020,,gutim,91,
91,510.4928,0.1863,144,40,5,1021,,E2,,,,,,,,n91_5E2s,1021,,gutim,91,
91,510.6889,0.0931,144,48,5,1022,,C3,,,,,,,,n91_5C3t,1022,,gutim,91,
91,510.7869,0.0931,144,40,5,1023,,E2,,,,,,,,n91_5E2t,1023,,gutim,91,
91,511.081,0.3725,144,75,14,1024,,Eb5,,,,,,,,n91_2Eb5e,1024,,gutim,91,
91,511.4732,2.9804,144,75,14,1025,,Eb5,,,,,,,,n91_2Eb5h_1,1025,,gutim,91,
91,511.4732,2.6078,144,37,14,1025,,Db2,,,,,,,,n91_5Db2e_0,1025,,gutim,91,
91,514.1433,0.06,144,45,9,1026,,A2,g,,,,,,,ng91_1A2e,1026,,gutim,91,
91,514.2183,1.3529,144,71,9,1027,,B4,,,,,,,,n91_1B4q,1027,,gutim,91,
91,514.2183,0.3137,144,37,9,1027,,Db2,,,,,,,,n91_5Db2e_1,1027,,gutim,91,
91,514.6104,1.1555,144,75,8,1028,,Eb5,,,,,,,,n91_2Eb5h_3,1028,,gutim,91,
91,514.6104,1.1555,144,85,8,1028,,Db6,,,,,,,,n91_2Db6h,1028,,gutim,91,
91,514.6104,1.3722,144,37,8,1028,,Db2,,,,,,,,n91_5Db2h,1028,,gutim,91,
91,514.6104,1.3722,144,47,8,1028,,B2,,,,,,,,n91_5B2h_0,1028,,gutim,91,
91,515.9094,0.0592,144,42,6,1029,,Gb2,,,,,,,,n91_1Gb2t_0,1029,,gutim,91,
91,515.9834,0.0571,144,29,5,1030,,F1,,,,,,,,n91_1F1t_0,1030,,gutim,91,
91,516.0548,0.0551,144,42,5,1031,,Gb2,,,,,,,,n91_1Gb2t_1,1031,,gutim,91,
91,516.0548,0.8431,144,36,5,1031,,C2,,,,,,,,n91_5C2h,1031,,gutim,91,
91,516.0548,0.8431,144,47,5,1031,,B2,,,,,,,,n91_5B2h_1,1031,,gutim,91,
91,516.1237,0.0532,144,29,5,1032,,F1,,,,,,,,n91_1F1t_1,1032,,gutim,91,
91,516.1902,0.1014,144,103,5,1033,,G7,,,,,,,,n91_2G7s,1033,,gutim,91,
91,516.6544,0.0582,144,34,11,1034,,Bb1,,,,,,,,n91_1Bb1t,1034,,gutim,91,
91,516.7156,0.0564,144,66,9,1035,,Gb4,,,,,,,,n91_1Gb4t,1035,,gutim,91,
91,516.7749,0.0547,144,75,6,1036,,Eb5,,,,,,,,n91_1Eb5t,1036,,gutim,91,
91,516.8326,0.0532,144,62,4,1037,,D4,,,,,,,,n91_1D4t_1,1037,,gutim,91,
91,516.8885,0.0511,144,24,14,1038,,C1,,,,,,,,n91_1C1t_1,1038,,gutim,91,
,,,,,,,7067,,,,,,,,,,,,gutim,,
,,,,,,,,,,,,,,,,,,104,,,
104,586.0494,0.06,144,42,8,1039,,F#2,g,,,,,,,ng104_2Fs2e,1039,,gutim,104,
104,586.1244,0.06,144,82,14,1040,,A#5,g,,,,,,,ng104_2As5e,1040,,gutim,104,
104,586.1994,12.4286,144,75,11,1041,,D#5,,,,,,,,n104_1Ds5b,1041,,gutim,104,
104,586.1994,0.5714,144,68,9,1041,,G#4,,,,,,,,n104_2Gs4q,1041,,gutim,104,
104,587.1209,0.06,144,70,5,1042,,Bb4,g,,,,,,,ng104_2Bb4e,1042,,gutim,104,
104,587.1959,0.06,144,62,6,1043,,D4,g,,,,,,,ng104_2D4e,1043,,gutim,104,
104,587.2709,1.7143,144,78,8,1044,,F#5,,,,,,,,n104_2Fs5h,1044,,gutim,104,
104,587.2709,3.4286,144,85,20,1044,,C#6,,,,,,,,n104_2Cs6h_0,1044,,gutim,104,
104,587.2709,0.3393,144,36,11,1044,,C2,,,,,,,,n104_5C2e_0,1044,,gutim,104,
104,587.2709,0.4286,144,28,20,1044,,E1,,,,,,,,n104_6E1e,1044,,gutim,104,
104,587.2709,0.4286,144,37,20,1044,,Db2,,,,,,,,n104_6Db2e,1044,,gutim,104,
104,587.628,0.1696,144,44,21,1045,,Ab2,,,,,,,,n104_5Ab2e,1045,,gutim,104,
104,587.9851,0.1786,144,53,17,1046,,F3,,,,,,,,n104_5F3e,1046,,gutim,104,
104,588.6994,0.1786,144,76,17,1047,,E5,,,,,,,,n104_6E5e,1047,,gutim,104,
104,589.0566,0.1786,144,54,20,1048,,F#3,,,,,,,,n104_6Fs3e,1048,,gutim,104,
104,589.4137,1.0179,144,48,20,1049,,C3,,,,,,,,n104_5C3q,1049,,gutim,104,
104,589.4137,0.4286,144,39,8,1049,,Eb2,,,,,,,,n104_6Eb2e,1049,,gutim,104,
104,590.4851,0.5089,144,56,17,1050,,Ab3,,,,,,,,n104_5Ab3e,1050,,gutim,104,
104,590.4851,0.5357,144,57,5,1050,,A3,,,,,,,,n104_6A3q,1050,,gutim,104,
104,591.5566,0.0848,144,76,14,1051,,E5,,,,,,,,n104_2E5s_0,1051,,gutim,104,
104,591.5566,0.2034,144,48,22,1051,,C3,,,,,,,,n104_5C3e,1051,,gutim,104,
104,591.6566,0.057,144,65,14,1052,,F4,g,,,,,,,ng104_2F4e,1052,,gutim,104,
104,591.7316,0.0848,144,48,20,1053,,C3,,,,,,,,n104_2C3s,1053,,gutim,104,
104,591.7316,0.0848,144,54,20,1053,,F#3,,,,,,,,n104_2Fs3s,1053,,gutim,104,
104,591.7316,0.0848,144,56,20,1053,,Ab3,,,,,,,,n104_2Ab3s,1053,,gutim,104,
104,591.7316,0.0848,144,65,20,1053,,F4,,,,,,,,n104_2F4s,1053,,gutim,104,
104,591.7316,0.0848,144,76,20,1053,,E5,,,,,,,,n104_2E5s_1,1053,,gutim,104,
104,591.8209,0.1696,144,62,11,1054,,D4,,,,,,,,n104_2D4e,1054,,gutim,104,
104,591.8557,0.3055,144,27,20,1055,,Eb1,,,,,,,,n104_5Eb1e,1055,,gutim,104,
104,591.8557,0.3055,144,36,20,1055,,C2,,,,,,,,n104_5C2e_1,1055,,gutim,104,
104,591.9994,0.1696,144,91,11,1056,,G6,,,,,,,,n104_2G6e,1056,,gutim,104,
104,592.178,0.1713,144,82,11,1057,,Bb5,,,,,,,,n104_2Bb5e,1057,,gutim,104,
104,592.3915,0.1713,144,23,8,1058,,B0,,,,,,,,n104_5B0e,1058,,gutim,104,
104,592.3915,0.1713,144,30,8,1058,,F#1,,,,,,,,n104_5Fs1e,1058,,gutim,104,
104,592.6056,0.1713,144,50,17,1059,,D3,,,,,,,,n104_5D3e,1059,,gutim,104,
104,592.8204,0.1713,144,68,16,1060,,Ab4,,,,,,,,n104_2Ab4e,1060,,gutim,104,
104,593.0346,0.1719,144,103,14,1061,,G7,,,,,,,,n104_2G7e,1061,,gutim,104,
104,593.0339,0.0859,144,44,20,1061,,G#2,,,,,,,,n104_5Gs2s,1061,,gutim,104,
104,593.1413,0.0865,144,42,20,1062,,F#2,,,,,,,,n104_5Fs2s,1062,,gutim,104,
,,,,,,,,,,,,,,,,,,105,,,
105,593.428,0.0714,144,48,20,1063,,C3,,,,,,,,n105_2C3s_0,1063,,gutim,105,
105,593.5173,0.0714,144,65,21,1064,,F4,,,,,,,,n105_2F4s,1064,,gutim,105,
105,593.5173,0.0714,144,70,21,1064,,Bb4,,,,,,,,n105_2Bb4s,1064,,gutim,105,
105,593.6066,0.0714,144,54,22,1065,,F#3,,,,,,,,n105_2Fs3s,1065,,gutim,105,
105,593.6066,0.4286,144,50,20,1065,,D3,,,,,,,,n105_6D3e,1065,,gutim,105,
105,593.6959,0.0714,144,48,23,1066,,C3,,,,,,,,n105_2C3s_1,1066,,gutim,105,
105,593.6959,0.0714,144,56,23,1066,,Ab3,,,,,,,,n105_2Ab3s,1066,,gutim,105,
105,593.6959,0.0714,144,76,23,1066,,E5,,,,,,,,n105_2E5s,1066,,gutim,105,
105,593.6959,0.0714,144,82,23,1066,,Bb5,,,,,,,,n105_2Bb5s,1066,,gutim,105,
105,593.7851,6.4286,144,66,24,1067,,Gb4,,,,,,,,n105_2Gb4w,1067,,gutim,105,
105,593.7851,6.4286,144,70,24,1067,,Bb4,,,,,,,,n105_2Bb4w,1067,,gutim,105,
105,593.7851,6.4286,144,76,24,1067,,E5,,,,,,,,n105_2E5w,1067,,gutim,105,
105,593.7851,6.4286,144,86,24,1067,,D6,,,,,,,,n105_2D6w,1067,,gutim,105,
105,594.2459,0.06,144,75,14,1068,,D#5,g,,,,,,,ng105_6Ds5e,1068,,gutim,105,
105,594.3209,0.5725,144,47,5,1069,,B2,,,,,,,,n105_6B2q,1069,,gutim,105,
105,594.9235,0.5725,144,31,5,1070,,G1,,,,,,,,n105_6G1e,1070,,gutim,105,
105,595.5262,1.3929,144,53,22,1071,,F3,,,,,,,,n105_5F3e_0,1071,,gutim,105,
105,595.5262,0.6362,144,68,5,1071,,Ab4,,,,,,,,n105_6Ab4e_0,1071,,gutim,105,
105,595.928,0.5089,144,77,17,1072,,F5,,,,,,,,n105_6F5e_0,1072,,gutim,105,
105,595.928,0.5089,144,90,22,1072,,Gb6,,,,,,,,n105_6Gb6e_0,1072,,gutim,105,
105,596.4637,0.2545,144,57,20,1073,,A3,,,,,,,,n105_6A3e,1073,,gutim,105,
105,596.4637,0.2545,144,65,22,1073,,F4,,,,,,,,n105_6F4e,1073,,gutim,105,
105,596.7316,0.1209,144,32,20,1074,,G#1,,,,,,,,n105_6Gs1e,1074,,gutim,105,
105,596.7316,0.2545,144,35,5,1074,,B1,,,,,,,,n105_6B1e,1074,,gutim,105,
105,596.9994,0.1429,144,102,22,1075,,F#7,,,,,,,,n105_6Fs7e,1075,,gutim,105,
105,597.178,0.1429,144,60,22,1076,,C4,,,,,,,,n105_6C4e,1076,,gutim,105,
105,597.2673,15.0714,144,36,22,1077,,C2,,,,,,,,n105_5C2e,1077,,gutim,105,
105,597.3566,0.1429,144,44,22,1078,,Ab2,,,,,,,,n105_6Ab2e,1078,,gutim,105,
,,,,,,,,,,,,,,,,,,106,,,
106,597.5351,14.8571,144,40,20,1079,,E2,,,,,,,,n106_5E2b,1079,,gutim,106,
106,597.9959,0.06,144,45,14,1080,,A2,g,,,,,,,ng106_6A2e,1080,,gutim,106,
106,598.0709,4.2857,144,54,14,1081,,F#3,,,,,,,,n106_6Fs3w,1081,,gutim,106,
,,,,,,,,,,,,,,,,,,107,,,
107,602.8923,0.4286,144,59,14,1082,,B3,,,,,,,,n107_2B3q,1082,,gutim,107,
,,,,,,,7072,,,,,,,,,,,,gutim,,
,,,,,,,,,,,,,,,,,,110,,,
110,626.1066,1.0,144,60,8,1083,,C4,,,,,,,,n110_1C4q,1083,,gutim,110,
110,626.1066,0.5,144,85,8,1083,,C#6,,,,,,,,n110_5Cs6e,1083,,gutim,110,
110,626.7316,1.0,144,54,8,1084,,F#3,,,,,,,,n110_5Fs3e_0,1084,,gutim,110,
110,627.3566,1.0,144,77,4,1085,,F5,,,,,,,,n110_1F5q,1085,,gutim,110,
110,627.9816,0.5,144,45,9,1086,,A2,,,,,,,,n110_5A2e,1086,,gutim,110,
,,,,,,,7073,,,,,,,,,,,,gutim,,
,,,,,,,,,,,,,,,,,,111,,,
111,633.7851,0.0848,144,64,5,1087,,E4,,,,,,,,n111_1E4t,1087,,gutim,111,
111,633.8744,0.0848,144,78,6,1088,,F#5,,,,,,,,n111_1Fs5t_0,1088,,gutim,111,
111,633.9637,0.0848,144,72,6,1089,,C5,,,,,,,,n111_1C5t_0,1089,,gutim,111,
111,634.053,0.0848,144,78,7,1090,,F#5,,,,,,,,n111_1Fs5t_1,1090,,gutim,111,
111,634.1423,0.0848,144,72,8,1091,,C5,,,,,,,,n111_1C5t_1,1091,,gutim,111,
111,634.2316,0.0848,144,78,8,1092,,F#5,,,,,,,,n111_1Fs5t_2,1092,,gutim,111,
111,634.3209,0.1696,144,77,9,1093,,F5,,,,,,,,n111_1F5s,1093,,gutim,111,
111,634.4994,0.3393,144,68,9,1094,,Ab4,,,,,,,,n111_1Ab4e,1094,,gutim,111,
111,634.8566,1.2857,144,46,8,1095,,Bb2,,,,,,,,n111_1Bb2e,1095,,gutim,111,
111,634.8566,1.2857,144,56,8,1095,,Ab3,,,,,,,,n111_1Ab3e,1095,,gutim,111,
111,634.8566,1.2857,144,60,8,1095,,C4,,,,,,,,n111_1C4e,1095,,gutim,111,
111,634.8566,1.2857,144,23,8,1095,,B0,,,,,,,,n111_5B0e,1095,,gutim,111,
111,634.8566,1.2857,144,25,8,1095,,Db1,,,,,,,,n111_5Db1e,1095,,gutim,111,
111,634.8566,1.2857,144,29,8,1095,,F1,,,,,,,,n111_5F1e,1095,,gutim,111,
,,,,,,,,,,,,,,,,,,112,,,
112,636.4637,0.4286,144,46,11,1096,,Bb2,,,,,,,,n112_1Bb2e,1096,,gutim,112,
112,636.4637,0.4286,144,56,11,1096,,Ab3,,,,,,,,n112_1Ab3e,1096,,gutim,112,
112,636.4637,0.4286,144,60,11,1096,,C4,,,,,,,,n112_1C4e,1096,,gutim,112,
112,636.4637,0.4286,144,23,5,1096,,B0,,,,,,,,n112_5B0e,1096,,gutim,112,
112,636.4637,0.4286,144,25,5,1096,,Db1,,,,,,,,n112_5Db1e,1096,,gutim,112,
112,636.4637,0.4286,144,29,5,1096,,F1,,,,,,,,n112_5F1e,1096,,gutim,112,
112,636.9994,0.0714,144,48,8,1097,,C3,,,,,,,,n112_5C3t,1097,,gutim,112,
112,637.0887,0.0714,144,52,8,1098,,E3,,,,,,,,n112_5E3t_0,1098,,gutim,112,
112,637.178,0.0714,144,38,7,1099,,D2,,,,,,,,n112_5D2t_0,1099,,gutim,112,
112,637.2673,0.0714,144,52,7,1100,,E3,,,,,,,,n112_5E3t_1,1100,,gutim,112,
112,637.3566,0.0714,144,38,6,1101,,D2,,,,,,,,n112_5D2t_1,1101,,gutim,112,
112,637.4459,0.0714,144,84,14,1102,,C6,,,,,,,,n112_5C6t,1102,,gutim,112,
112,637.5351,0.75,144,80,20,1103,,Ab5,,,,,,,,n112_1Ab5e,1103,,gutim,112,
112,637.5351,0.2143,144,32,5,1103,,Ab1,,,,,,,,n112_5Ab1s_0,1103,,gutim,112,
112,637.803,0.6429,144,32,4,1104,,Ab1,,,,,,,,n112_5Ab1e,1104,,gutim,112,
112,637.803,0.6429,144,37,4,1104,,Db2,,,,,,,,n112_5Db2e,1104,,gutim,112,
112,638.4726,0.0536,144,48,17,1105,,C3,,,,,,,,n112_1C3t,1105,,gutim,112,
112,638.4726,0.1071,144,55,17,1105,,G3,,,,,,,,n112_1G3t,1105,,gutim,112,
112,638.4726,0.1071,144,59,17,1105,,B3,,,,,,,,n112_1B3t,1105,,gutim,112,
112,638.6066,0.1524,144,80,8,1106,,Ab5,,,,,,,,n112_1Ab5t,1106,,gutim,112,
112,638.6066,0.1524,144,93,17,1106,,A6,,,,,,,,n112_1A6t,1106,,gutim,112,
112,638.6066,0.1339,144,32,20,1106,,Ab1,,,,,,,,n112_5Ab1s_1,1106,,gutim,112,
112,638.6066,0.2143,144,37,4,1106,,Db2,,,,,,,,n112_5Db2s,1106,,gutim,112,
112,638.6066,0.8571,144,42,4,1106,,Gb2,,,,,,,,n112_5Gb2s,1106,,gutim,112,
112,638.767,0.1524,144,40,8,1107,,E2,,,,,,,,n112_1E2t,1107,,gutim,112,
112,638.9274,0.1021,144,72,9,1108,,C5,,,,,,,,n112_1C5t_0,1108,,gutim,112,
112,639.0349,0.1021,144,86,10,1109,,D6,,,,,,,,n112_1D6t_0,1109,,gutim,112,
112,639.1423,0.1021,144,72,10,1110,,C5,,,,,,,,n112_1C5t_1,1110,,gutim,112,
112,639.2497,0.1021,144,86,11,1111,,D6,,,,,,,,n112_1D6t_1,1111,,gutim,112,
112,639.3571,0.1021,144,72,11,1112,,C5,,,,,,,,n112_1C5t_2,1112,,gutim,112,
112,639.4646,0.2028,144,61,12,1113,,Db4,,,,,,,,n112_1Db4s,1113,,gutim,112,
112,639.678,0.1071,144,25,5,1114,,C#1,,,,,,,,n112_5Cs1t_0,1114,,gutim,112,
112,639.8119,0.1071,144,57,5,1115,,A3,,,,,,,,n112_5A3t,1115,,gutim,112,
112,639.9459,0.0714,144,23,5,1116,,B0,,,,,,,,n112_5B0t_0,1116,,gutim,112,
112,640.0351,0.0714,144,41,5,1117,,F2,,,,,,,,n112_5F2t,1117,,gutim,112,
112,640.1244,0.0714,144,23,5,1118,,B0,,,,,,,,n112_5B0t_1,1118,,gutim,112,
112,640.1244,0.0714,144,25,5,1118,,C#1,,,,,,,,n112_5Cs1t_1,1118,,gutim,112,
112,640.2137,0.0714,144,29,5,1119,,F1,,,,,,,,n112_5F1t_0,1119,,gutim,112,
112,640.303,0.0714,144,23,5,1120,,B0,,,,,,,,n112_5B0t_2,1120,,gutim,112,
112,640.3923,0.0714,144,45,5,1121,,A2,,,,,,,,n112_5A2t,1121,,gutim,112,
112,640.4816,0.1071,144,29,5,1122,,F1,,,,,,,,n112_5F1t_1,1122,,gutim,112,
112,640.6155,0.1071,144,77,11,1123,,F5,,,,,,,,n112_1F5t_0,1123,,gutim,112,
112,640.6155,0.1071,144,31,11,1123,,G1,,,,,,,,n112_5G1t_0,1123,,gutim,112,
112,640.6155,0.1071,144,40,11,1123,,E2,,,,,,,,n112_5E2t_0,1123,,gutim,112,
112,640.7494,0.1071,144,77,20,1124,,F5,,,,,,,,n112_1F5t_1,1124,,gutim,112,
112,640.7494,0.1071,144,87,20,1124,,Eb6,,,,,,,,n112_1Eb6t,1124,,gutim,112,
112,640.7494,0.1071,144,31,20,1124,,G1,,,,,,,,n112_5G1t_1,1124,,gutim,112,
112,640.7494,0.1071,144,40,20,1124,,E2,,,,,,,,n112_5E2t_1,1124,,gutim,112,
112,640.8834,0.75,144,77,24,1125,,F5,,,,,,,,n112_1F5e,1125,,gutim,112,
112,640.8834,0.75,144,87,24,1125,,Eb6,,,,,,,,n112_1Eb6e,1125,,gutim,112,
112,640.8834,0.75,144,31,24,1125,,G1,,,,,,,,n112_5G1e,1125,,gutim,112,
112,640.8834,0.75,144,35,24,1125,,B1,,,,,,,,n112_5B1e,1125,,gutim,112,
112,640.8834,0.75,144,40,24,1125,,E2,,,,,,,,n112_5E2e,1125,,gutim,112,
,,,,,,,,,,,,,,,,,,113,,,
113,641.8209,0.1272,144,25,5,1126,,C#1,,,,,,,,n113_5Cs1t_0,1126,,gutim,113,
113,641.9548,0.1272,144,57,5,1127,,A3,,,,,,,,n113_5A3t,1127,,gutim,113,
113,642.0887,0.0848,144,23,5,1128,,B0,,,,,,,,n113_5B0t_0,1128,,gutim,113,
113,642.178,0.0848,144,41,5,1129,,F2,,,,,,,,n113_5F2t,1129,,gutim,113,
113,642.2673,0.0848,144,23,5,1130,,B0,,,,,,,,n113_5B0t_1,1130,,gutim,113,
113,642.2673,0.0848,144,25,5,1130,,C#1,,,,,,,,n113_5Cs1t_1,1130,,gutim,113,
113,642.3566,0.0848,144,29,5,1131,,F1,,,,,,,,n113_5F1t_0,1131,,gutim,113,
113,642.4459,0.0848,144,23,5,1132,,B0,,,,,,,,n113_5B0t_2,1132,,gutim,113,
113,642.5351,0.0848,144,45,5,1133,,A2,,,,,,,,n113_5A2t,1133,,gutim,113,
113,642.6244,0.0848,144,29,5,1134,,F1,,,,,,,,n113_5F1t_1,1134,,gutim,113,
113,642.7137,1.1875,144,23,5,1135,,B0,,,,,,,,n113_5B0s,1135,,gutim,113,
113,643.5887,0.0712,144,25,5,1136,,C#1,g,,,,,,,ng113_5Cs1e_0,1136,,gutim,113,
113,643.6637,0.0712,144,38,5,1137,,D2,g,,,,,,,ng113_5D2e_0,1137,,gutim,113,
113,643.7387,0.0712,144,25,5,1138,,C#1,g,,,,,,,ng113_5Cs1e_1,1138,,gutim,113,
113,643.8137,0.0712,144,38,5,1139,,D2,g,,,,,,,ng113_5D2e_1,1139,,gutim,113,
113,643.8887,0.0712,144,25,5,1140,,C#1,g,,,,,,,ng113_5Cs1e_2,1140,,gutim,113,
113,643.9637,1.0179,144,45,5,1141,,A2,,,,,,,,n113_5A2q,1141,,gutim,113,
113,644.4994,0.1524,144,81,8,1142,,A5,,,,,,,,n113_1A5t,1142,,gutim,113,
113,644.6599,0.1524,144,40,8,1143,,E2,,,,,,,,n113_1E2t,1143,,gutim,113,
113,644.8203,0.0504,144,72,8,1144,,C5,,,,,,,,n113_1C5x_0,1144,,gutim,113,
113,644.8733,0.0504,144,86,8,1145,,D6,,,,,,,,n113_1D6x_0,1145,,gutim,113,
113,644.9263,0.0504,144,72,8,1146,,C5,,,,,,,,n113_1C5x_1,1146,,gutim,113,
113,644.9793,0.0504,144,86,8,1147,,D6,,,,,,,,n113_1D6x_1,1147,,gutim,113,
113,645.0324,0.1524,144,72,8,1148,,C5,,,,,,,,n113_1C5t_0,1148,,gutim,113,
113,645.1928,0.1524,144,61,8,1149,,Db4,,,,,,,,n113_1Db4t_0,1149,,gutim,113,
113,645.3532,0.1021,144,72,8,1150,,C5,,,,,,,,n113_1C5t_1,1150,,gutim,113,
113,645.4606,0.1021,144,61,8,1151,,Db4,,,,,,,,n113_1Db4t_1,1151,,gutim,113,
113,645.7466,0.057,144,98,8,1152,,D7,,,,,,,,n113_1D7t_0,1152,,gutim,113,
113,645.8066,0.057,144,92,8,1153,,Ab6,,,,,,,,n113_1Ab6t_0,1153,,gutim,113,
113,645.8666,0.057,144,73,8,1154,,Db5,,,,,,,,n113_1Db5t_0,1154,,gutim,113,
113,645.9266,0.057,144,64,8,1155,,E4,,,,,,,,n113_1E4t_0,1155,,gutim,113,
113,645.9866,0.1127,144,84,8,1156,,C6,,,,,,,,n113_1C6s,1156,,gutim,113,
113,646.1052,0.0848,144,92,5,1157,,Ab6,,,,,,,,n113_1Ab6t_1,1157,,gutim,113,
113,646.1945,0.0848,144,98,5,1158,,D7,,,,,,,,n113_1D7t_1,1158,,gutim,113,
113,646.2838,0.0848,144,92,5,1159,,Ab6,,,,,,,,n113_1Ab6t_2,1159,,gutim,113,
113,646.373,0.0848,144,64,5,1160,,E4,,,,,,,,n113_1E4t_1,1160,,gutim,113,
113,646.4623,0.0848,144,92,5,1161,,Ab6,,,,,,,,n113_1Ab6t_3,1161,,gutim,113,
113,646.5516,0.0848,144,98,5,1162,,D7,,,,,,,,n113_1D7t_2,1162,,gutim,113,
113,646.6409,0.1272,144,52,5,1163,,E3,,,,,,,,n113_1E3t,1163,,gutim,113,
113,646.7748,0.0848,144,98,5,1164,,D7,,,,,,,,n113_1D7t_3,1164,,gutim,113,
113,646.8641,0.0848,144,73,5,1165,,Db5,,,,,,,,n113_1Db5t_1,1165,,gutim,113,
113,646.9534,0.1272,144,84,5,1166,,C6,,,,,,,,n113_1C6t_0,1166,,gutim,113,
113,647.0873,0.0848,144,61,5,1167,,Db4,,,,,,,,n113_1Db4t_2,1167,,gutim,113,
113,647.1766,0.1272,144,98,5,1168,,D7,,,,,,,,n113_1D7t_4,1168,,gutim,113,
113,647.178,3.4286,144,69,20,1169,,A4,,,,,,,,n113_5A4q,1169,,gutim,113,
113,647.3105,0.1272,144,84,5,1170,,C6,,,,,,,,n113_1C6t_1,1170,,gutim,113,
113,647.4445,0.2558,144,73,5,1171,,Db5,,,,,,,,n113_1Db5s,1171,,gutim,113,
,,,,,,,,,,,,,,,,,,114,,,
114,648.7101,0.0712,144,76,17,1172,,E5,g,,,,,,,ng114_1E5e,1172,,gutim,114,
114,648.7851,1.5268,144,37,17,1173,,C#2,,,,,,,,n114_1Cs2q,1173,,gutim,114,
114,650.7887,0.0712,144,50,5,1174,,D3,g,,,,,,,ng114_5D3e_0,1174,,gutim,114,
114,650.8637,0.0712,144,37,5,1175,,C#2,g,,,,,,,ng114_5Cs2e_0,1175,,gutim,114,
114,650.9387,0.0712,144,50,5,1176,,D3,g,,,,,,,ng114_5D3e_1,1176,,gutim,114,
114,651.0137,0.0712,144,37,5,1177,,C#2,g,,,,,,,ng114_5Cs2e_1,1177,,gutim,114,
114,651.0887,0.0712,144,60,5,1178,,C4,g,,,,,,,ng114_5C4e_0,1178,,gutim,114,
114,651.1637,0.0712,144,50,5,1179,,D3,g,,,,,,,ng114_5D3e_2,1179,,gutim,114,
114,651.2387,0.0712,144,37,5,1180,,C#2,g,,,,,,,ng114_5Cs2e_2,1180,,gutim,114,
114,651.3137,0.0712,144,60,5,1181,,C4,g,,,,,,,ng114_5C4e_1,1181,,gutim,114,
114,651.3887,0.0712,144,50,5,1182,,D3,g,,,,,,,ng114_5D3e_3,1182,,gutim,114,
114,651.4637,0.4286,144,54,20,1183,,F#3,,,,,,,,n114_1Fs3e,1183,,gutim,114,
114,651.4637,0.4286,144,69,20,1183,,A4,,,,,,,,n114_1A4e,1183,,gutim,114,
114,651.4637,0.1272,144,64,5,1183,,E4,,,,,,,,n114_5E4t,1183,,gutim,114,
114,651.5976,0.75,144,32,5,1184,,G#1,,,,,,,,n114_5Gs1e,1184,,gutim,114,
114,651.5976,0.75,144,64,5,1184,,E4,,,,,,,,n114_5E4e,1184,,gutim,114,
114,651.9994,0.1071,144,37,20,1185,,C#2,,,,,,,,n114_1Cs2t,1185,,gutim,114,
114,651.9994,0.1071,144,76,20,1185,,E5,,,,,,,,n114_1E5t,1185,,gutim,114,
114,652.1334,0.3214,144,37,20,1186,,C#2,,,,,,,,n114_1Cs2s,1186,,gutim,114,
114,652.1334,0.3214,144,46,20,1186,,A#2,,,,,,,,n114_1As2s,1186,,gutim,114,
114,652.1334,0.3214,144,76,20,1186,,E5,,,,,,,,n114_1E5s,1186,,gutim,114,
114,652.5351,0.2545,144,77,22,1187,,F5,,,,,,,,n114_5F5s,1187,,gutim,114,
114,652.803,0.0848,144,31,18,1188,,G1,,,,,,,,n114_5G1t_0,1188,,gutim,114,
114,652.8923,0.0848,144,40,17,1189,,E2,,,,,,,,n114_5E2t_0,1189,,gutim,114,
114,652.9816,0.0848,144,31,15,1190,,G1,,,,,,,,n114_5G1t_1,1190,,gutim,114,
114,653.0709,0.0848,144,40,14,1191,,E2,,,,,,,,n114_5E2t_1,1191,,gutim,114,
114,653.1601,0.0848,144,31,13,1192,,G1,,,,,,,,n114_5G1t_2,1192,,gutim,114,
114,653.2494,0.0848,144,40,11,1193,,E2,,,,,,,,n114_5E2t_2,1193,,gutim,114,
114,653.3387,0.057,144,31,10,1194,,G1,,,,,,,,n114_5G1t_3,1194,,gutim,114,
114,653.3987,0.057,144,40,9,1195,,E2,,,,,,,,n114_5E2t_3,1195,,gutim,114,
114,653.4587,0.1405,144,31,8,1196,,G1,,,,,,,,n114_5G1t_4,1196,,gutim,114,
,,,,,,,,,,,,,,,,,,115,,,
115,653.6066,1.2857,144,31,8,1197,,G1,,,,,,,,n115_5G1q,1197,,gutim,115,
115,653.6066,1.2857,144,40,8,1197,,E2,,,,,,,,n115_5E2q,1197,,gutim,115,
115,653.6066,1.2857,144,65,8,1197,,F4,,,,,,,,n115_5F4q,1197,,gutim,115,
115,655.2137,0.4286,144,31,8,1198,,G1,,,,,,,,n115_5G1e,1198,,gutim,115,
115,655.2137,0.4286,144,40,8,1198,,E2,,,,,,,,n115_5E2e,1198,,gutim,115,
115,655.2137,0.4286,144,53,8,1198,,F3,,,,,,,,n115_5F3e,1198,,gutim,115,
115,655.6155,0.1071,144,42,22,1199,,F#2,,,,,,,,n115_1Fs2t,1199,,gutim,115,
115,655.6155,0.1071,144,69,22,1199,,A4,,,,,,,,n115_1A4t,1199,,gutim,115,
115,655.7494,0.2143,144,36,22,1200,,C2,,,,,,,,n115_1C2s,1200,,gutim,115,
115,655.7494,0.1272,144,25,8,1200,,Db1,,,,,,,,n115_5Db1t,1200,,gutim,115,
115,655.7494,0.1272,144,51,8,1200,,Eb3,,,,,,,,n115_5Eb3t,1200,,gutim,115,
115,655.8834,0.1272,144,35,7,1201,,B1,,,,,,,,n115_5B1t,1201,,gutim,115,
115,656.0173,0.1272,144,55,6,1202,,G3,,,,,,,,n115_5G3t,1202,,gutim,115,
115,656.1512,0.1071,144,24,5,1203,,C1,,,,,,,,n115_5C1t,1203,,gutim,115,
115,656.2851,0.0848,144,86,5,1204,,D6,,,,,,,,n115_1D6t_0,1204,,gutim,115,
115,656.3744,0.0848,144,80,5,1205,,G#5,,,,,,,,n115_1Gs5t_0,1205,,gutim,115,
115,656.4637,0.0848,144,61,6,1206,,C#4,,,,,,,,n115_1Cs4t_0,1206,,gutim,115,
115,656.553,0.0848,144,52,6,1207,,E3,,,,,,,,n115_1E3t_0,1207,,gutim,115,
115,656.6423,0.0848,144,72,6,1208,,C5,,,,,,,,n115_1C5t_0,1208,,gutim,115,
115,656.7316,0.0848,144,80,6,1209,,G#5,,,,,,,,n115_1Gs5t_1,1209,,gutim,115,
115,656.8209,0.0848,144,52,7,1210,,E3,,,,,,,,n115_1E3t_1,1210,,gutim,115,
115,656.9101,0.0848,144,72,7,1211,,C5,,,,,,,,n115_1C5t_1,1211,,gutim,115,
115,656.9994,0.0848,144,86,7,1212,,D6,,,,,,,,n115_1D6t_1,1212,,gutim,115,
115,657.0887,0.0848,144,72,8,1213,,C5,,,,,,,,n115_1C5t_2,1213,,gutim,115,
115,657.178,0.0848,144,61,8,1214,,C#4,,,,,,,,n115_1Cs4t_1,1214,,gutim,115,
115,657.2673,0.0848,144,52,8,1215,,E3,,,,,,,,n115_1E3t_2,1215,,gutim,115,
115,657.3566,0.0848,144,72,8,1216,,C5,,,,,,,,n115_1C5t_3,1216,,gutim,115,
115,657.4459,0.0848,144,86,9,1217,,D6,,,,,,,,n115_1D6t_2,1217,,gutim,115,
115,657.5351,0.0848,144,80,9,1218,,G#5,,,,,,,,n115_1Gs5t_2,1218,,gutim,115,
115,657.6244,0.1272,144,86,9,1219,,D6,,,,,,,,n115_1D6t_3,1219,,gutim,115,
115,657.7584,0.1272,144,72,10,1220,,C5,,,,,,,,n115_1C5t_4,1220,,gutim,115,
115,657.8923,0.0848,144,49,10,1221,,C#3,,,,,,,,n115_1Cs3t_0,1221,,gutim,115,
115,657.9816,0.0848,144,40,10,1222,,E2,,,,,,,,n115_1E2t_0,1222,,gutim,115,
115,658.0709,0.0848,144,72,11,1223,,C5,,,,,,,,n115_1C5t_5,1223,,gutim,115,
115,658.1601,0.1272,144,80,11,1224,,G#5,,,,,,,,n115_1Gs5t_3,1224,,gutim,115,
115,658.2941,0.1272,144,40,11,1225,,E2,,,,,,,,n115_1E2t_1,1225,,gutim,115,
115,658.428,0.1272,144,86,11,1226,,D6,,,,,,,,n115_1D6t_4,1226,,gutim,115,
115,658.5619,0.1272,144,72,11,1227,,C5,,,,,,,,n115_1C5t_6,1227,,gutim,115,
115,658.6959,0.0848,144,49,11,1228,,C#3,,,,,,,,n115_1Cs3t_1,1228,,gutim,115,
115,658.7851,0.0848,144,40,11,1229,,E2,,,,,,,,n115_1E2t_2,1229,,gutim,115,
115,658.8744,0.0848,144,72,11,1230,,C5,,,,,,,,n115_1C5t_7,1230,,gutim,115,
,,,,,,,7076,,,,,,,,,,,,gutim,,
,,,,,,,,,,,,,,,,,,116,,,
116,660.0351,0.1272,144,25,8,1231,,Db1,,,,,,,,n116_5Db1t,1231,,gutim,116,
116,660.0351,0.1272,144,51,8,1231,,Eb3,,,,,,,,n116_5Eb3t,1231,,gutim,116,
116,660.1691,0.1272,144,35,7,1232,,B1,,,,,,,,n116_5B1t,1232,,gutim,116,
116,660.303,0.1272,144,55,6,1233,,G3,,,,,,,,n116_5G3t,1233,,gutim,116,
116,660.4369,0.1071,144,24,5,1234,,C1,,,,,,,,n116_5C1t,1234,,gutim,116,
116,660.5709,0.0848,144,86,5,1235,,D6,,,,,,,,n116_1D6t_0,1235,,gutim,116,
116,660.6601,0.0848,144,80,5,1236,,G#5,,,,,,,,n116_1Gs5t_0,1236,,gutim,116,
116,660.7494,0.0848,144,61,6,1237,,C#4,,,,,,,,n116_1Cs4t_0,1237,,gutim,116,
116,660.8387,0.0848,144,52,6,1238,,E3,,,,,,,,n116_1E3t_0,1238,,gutim,116,
116,660.928,0.0848,144,72,6,1239,,C5,,,,,,,,n116_1C5t_0,1239,,gutim,116,
116,661.0173,0.0848,144,80,6,1240,,G#5,,,,,,,,n116_1Gs5t_1,1240,,gutim,116,
116,661.1066,0.0848,144,52,7,1241,,E3,,,,,,,,n116_1E3t_1,1241,,gutim,116,
116,661.1959,0.0848,144,72,7,1242,,C5,,,,,,,,n116_1C5t_1,1242,,gutim,116,
116,661.2851,0.0848,144,86,7,1243,,D6,,,,,,,,n116_1D6t_1,1243,,gutim,116,
116,661.3744,0.0848,144,72,8,1244,,C5,,,,,,,,n116_1C5t_2,1244,,gutim,116,
116,661.4637,0.0848,144,61,8,1245,,C#4,,,,,,,,n116_1Cs4t_1,1245,,gutim,116,
116,661.553,0.0848,144,52,8,1246,,E3,,,,,,,,n116_1E3t_2,1246,,gutim,116,
116,661.6423,0.0848,144,72,8,1247,,C5,,,,,,,,n116_1C5t_3,1247,,gutim,116,
116,661.7316,0.0848,144,86,9,1248,,D6,,,,,,,,n116_1D6t_2,1248,,gutim,116,
116,661.8209,0.0848,144,80,9,1249,,G#5,,,,,,,,n116_1Gs5t_2,1249,,gutim,116,
116,661.9101,0.1272,144,86,9,1250,,D6,,,,,,,,n116_1D6t_3,1250,,gutim,116,
116,662.0441,0.1272,144,72,14,1251,,C5,,,,,,,,n116_1C5t_4,1251,,gutim,116,
116,662.178,0.0848,144,49,14,1252,,C#3,,,,,,,,n116_1Cs3t_0,1252,,gutim,116,
116,662.2673,0.0848,144,40,14,1253,,E2,,,,,,,,n116_1E2t_0,1253,,gutim,116,
116,662.3566,0.0848,144,72,14,1254,,C5,,,,,,,,n116_1C5t_5,1254,,gutim,116,
116,662.4459,0.1272,144,80,14,1255,,G#5,,,,,,,,n116_1Gs5t_3,1255,,gutim,116,
116,662.5798,0.1272,144,40,14,1256,,E2,,,,,,,,n116_1E2t_1,1256,,gutim,116,
116,662.7137,0.1272,144,86,14,1257,,D6,,,,,,,,n116_1D6t_4,1257,,gutim,116,
116,662.8476,0.1272,144,72,14,1258,,C5,,,,,,,,n116_1C5t_6,1258,,gutim,116,
116,662.9816,0.0848,144,49,14,1259,,C#3,,,,,,,,n116_1Cs3t_1,1259,,gutim,116,
116,663.0709,0.0848,144,40,14,1260,,E2,,,,,,,,n116_1E2t_2,1260,,gutim,116,
116,663.1601,0.0848,144,72,14,1261,,C5,,,,,,,,n116_1C5t_7,1261,,gutim,116,
,,,,,,,7077,,,,,,,,,,,,gutim,,
,,,,,,,,,,,,,,,,,,120,,,
120,680.3923,3.4286,144,102,24,1262,,F#7,,,,,,,,n120_1Fs7w,1262,,gutim,120,
,,,,,,,,,,,,,,,,,,121,,,
121,685.7494,3.4286,144,27,5,1263,,Eb1,,,,,,,,n121_5Eb1w,1263,,gutim,121,
121,690.0351,1.5268,144,44,14,1264,,Ab2,,,,,,,,n121_5Ab2q,1264,,gutim,121,
121,690.8387,1.0714,144,76,14,1265,,E5,,,,,,,,n121_1E5s,1265,,gutim,121,
121,691.6423,0.5089,144,42,14,1266,,Gb2,,,,,,,,n121_5Gb2e,1266,,gutim,121,
,,,,,,,7078,,,,,,,,,,,,gutim,,
,,,,,,,,,,,,,,,,,,122,,,
122,692.178,0.1429,144,62,17,1267,,D4,,,,,,,,n122_2D4e,1267,,gutim,122,
122,692.178,0.0859,144,98,11,1267,,D7,,,,,,,,n122_5D7s,1267,,gutim,122,
122,692.2847,0.0859,144,34,15,1268,,Bb1,,,,,,,,n122_5Bb1s,1268,,gutim,122,
122,692.3566,0.1429,144,90,17,1269,,F#6,,,,,,,,n122_2Fs6e,1269,,gutim,122,
122,692.3922,0.0859,144,48,18,1270,,C3,,,,,,,,n122_5C3s,1270,,gutim,122,
122,692.4996,0.0859,144,42,22,1271,,F#2,,,,,,,,n122_5Fs2s,1271,,gutim,122,
122,692.5351,0.1429,144,70,17,1272,,Bb4,,,,,,,,n122_2Bb4e,1272,,gutim,122,
122,692.5637,0.06,144,33,8,1273,,A1,g,,,,,,,ng122_1A1e,1273,,gutim,122,
122,692.607,0.0854,144,47,22,1274,,B2,,,,,,,,n122_5B2s,1274,,gutim,122,
122,692.6387,0.06,144,85,8,1275,,C#6,g,,,,,,,ng122_1Cs6e,1275,,gutim,122,
122,692.7851,0.2545,144,80,8,1276,,Ab5,,,,,,,,n122_1Ab5e,1276,,gutim,122,
122,692.7851,6.2857,144,34,20,1276,,Bb1,,,,,,,,n122_5Bb1w,1276,,gutim,122,
122,692.7851,9.0,144,42,8,1276,,Gb2,,,,,,,,n122_5Gb2w,1276,,gutim,122,
122,692.7851,0.3214,144,39,20,1276,,Eb2,,,,,,,,n122_6Eb2e,1276,,gutim,122,
122,693.053,0.1209,144,84,9,1277,,C6,,,,,,,,n122_1C6e,1277,,gutim,122,
122,693.0959,0.0712,144,64,20,1278,,E4,g,,,,,,,ng122_6E4e,1278,,gutim,122,
122,693.1709,0.0712,144,36,20,1279,,C2,g,,,,,,,ng122_6C2e,1279,,gutim,122,
122,693.1709,0.0712,144,62,20,1279,,D4,g,,,,,,,ng122_6D4e,1279,,gutim,122,
122,693.2459,0.0712,144,42,21,1280,,Gb2,g,,,,,,,ng122_6Gb2e,1280,,gutim,122,
122,693.2459,0.0712,144,76,21,1280,,E5,g,,,,,,,ng122_6E5e,1280,,gutim,122,
122,693.3209,0.1429,144,82,14,1281,,Bb5,,,,,,,,n122_1Bb5e,1281,,gutim,122,
122,693.3209,0.1429,144,90,22,1281,,Gb6,,,,,,,,n122_1Gb6e,1281,,gutim,122,
122,693.3209,0.0848,144,76,20,1281,,E5,,,,,,,,n122_2E5s,1281,,gutim,122,
122,693.4101,0.0848,144,65,22,1282,,F4,,,,,,,,n122_2F4s,1282,,gutim,122,
122,693.4994,0.1429,144,68,22,1283,,Ab4,,,,,,,,n122_1Ab4e,1283,,gutim,122,
122,693.4994,0.0714,144,54,22,1283,,Gb3,,,,,,,,n122_2Gb3s,1283,,gutim,122,
122,693.4994,0.1696,144,27,22,1283,,Eb1,,,,,,,,n122_6Eb1e,1283,,gutim,122,
122,693.5887,0.2143,144,41,22,1284,,F2,,,,,,,,n122_2F2e,1284,,gutim,122,
122,693.5887,0.2143,144,48,22,1284,,C3,,,,,,,,n122_2C3e,1284,,gutim,122,
122,693.678,0.1429,144,103,22,1285,,G7,,,,,,,,n122_1G7e,1285,,gutim,122,
122,693.678,0.1429,144,58,22,1285,,Bb3,,,,,,,,n122_6Bb3e,1285,,gutim,122,
,,,,,,,,,,,,,,,,,,123,,,
123,697.0709,0.1021,144,102,11,1286,,F#7,,,,,,,,n123_1Fs7s,1286,,gutim,123,
123,697.1783,0.1021,144,92,12,1287,,G#6,,,,,,,,n123_1Gs6s,1287,,gutim,123,
123,697.2857,0.1021,144,41,14,1288,,F2,,,,,,,,n123_1F2s,1288,,gutim,123,
123,697.4566,0.0712,144,92,18,1289,,G#6,g,,,,,,,ng123_1Gs6e,1289,,gutim,123,
123,697.5316,0.0712,144,102,19,1290,,F#7,g,,,,,,,ng123_1Fs7e,1290,,gutim,123,
123,697.6066,2.4429,144,96,20,1291,,C7,,,,,,,,n123_1C7w,1291,,gutim,123,
123,697.7405,0.1272,144,65,8,1292,,F4,,,,,,,,n123_2F4s,1292,,gutim,123,
123,697.8744,0.2545,144,56,8,1293,,Ab3,,,,,,,,n123_2Ab3e,1293,,gutim,123,
123,700.6423,0.1429,144,98,5,1294,,D7,,,,,,,,n123_2D7e,1294,,gutim,123,
,,,,,,,,,,,,,,,,,,124,,,
124,702.428,0.2545,144,54,5,1295,,F#3,,,,,,,,n124_6Fs3e,1295,,gutim,124,
124,702.6959,0.2545,144,76,5,1296,,E5,,,,,,,,n124_6E5e,1296,,gutim,124,
124,702.9637,2.1429,144,29,17,1297,,F1,,,,,,,,n124_6F1w,1297,,gutim,124,
124,704.0351,1.2857,144,65,2,1298,,F4,,,,,,,,n124_1F4h,1298,,gutim,124,
124,704.0351,1.5268,144,55,2,1298,,G3,,,,,,,,n124_5G3h,1298,,gutim,124,
,,,,,,,,,,,,,,,,,,125,,,
125,705.6423,0.4286,144,77,1,1299,,F5,,,,,,,,n125_1F5q,1299,,gutim,125,
125,705.6423,0.4286,144,40,1,1299,,E2,,,,,,,,n125_5E2q,1299,,gutim,125,
125,705.6423,2.1429,144,28,2,1299,,E1,,,,,,,,n125_6E1w,1299,,gutim,125,
125,706.178,0.0712,144,102,24,1300,,F#7,g,,,,,,,ng125_1Fs7e,1300,,gutim,125,
125,706.253,0.0712,144,88,24,1301,,E6,g,,,,,,,ng125_1E6e,1301,,gutim,125,
125,706.328,0.0712,144,70,24,1302,,Bb4,g,,,,,,,ng125_1Bb4e,1302,,gutim,125,
125,706.403,0.0712,144,27,24,1303,,Eb1,g,,,,,,,ng125_1Eb1e,1303,,gutim,125,
125,708.2459,0.0712,144,62,24,1304,,D4,g,,,,,,,ng125_1D4e,1304,,gutim,125,
125,708.4994,9.5,144,42,24,1305,,F#2,,,,,,,,n125_5Fs2q_0,1305,,gutim,125,
,,,,,,,,,,,,,,,,,,126,,,
126,713.678,0.1071,144,80,17,1306,,Ab5,,,,,,,,n126_1Ab5t,1306,,gutim,126,
126,713.8119,0.1071,144,96,13,1307,,C7,,,,,,,,n126_1C7t,1307,,gutim,126,
126,713.9459,0.1071,144,40,9,1308,,E2,,,,,,,,n126_6E2t,1308,,gutim,126,
126,714.0798,0.1071,144,29,5,1309,,F1,,,,,,,,n126_6F1t,1309,,gutim,126,
,,,,,,,,,,,,,,,,,,128,,,
128,727.0709,7.9732,144,42,14,1310,,F#2,,,,,,,,n128_5Fs2h_0,1310,,gutim,128,
,,,,,,,,,,,,,,,,,,129,,,
129,735.4637,1.1875,144,48,5,1311,,C3,,,,,,,,n129_5C3s,1311,,gutim,129,
129,736.7137,0.5089,144,47,2,1312,,B2,,,,,,,,n129_5B2e,1312,,gutim,129,
129,737.428,0.0848,144,22,2,1313,,A#0,,,,,,,,n129_1As0t,1313,,gutim,129,
129,737.5173,0.0848,144,30,2,1314,,F#1,,,,,,,,n129_1Fs1t,1314,,gutim,129,
129,737.6066,0.0424,144,35,14,1315,,B1,,,,,,,,n129_1B1t,1315,,gutim,129,
,,,,,,,7086,,,,,,,,,,,,gutim,,
,,,,,,,,,,,,,,,,,,131,,,
131,743.1423,0.3055,144,67,8,1316,,G4,,,,,,,,n131_1G4e,1316,,gutim,131,
131,743.1423,0.043,144,96,8,1316,,C7,,,,,,,,n131_2C7t,1316,,gutim,131,
131,743.1423,0.043,144,105,8,1316,,A7,,,,,,,,n131_2A7t,1316,,gutim,131,
131,743.1423,1.1429,144,63,14,1316,,D#4,,,,,,,,n131_5Ds4h,1316,,gutim,131,
131,743.196,0.1283,144,100,9,1317,,E7,,,,,,,,n131_2E7s,1317,,gutim,131,
131,743.3564,0.4075,144,56,11,1318,,G#3,,,,,,,,n131_2Gs3e,1318,,gutim,131,
131,743.4625,0.3055,144,71,11,1319,,B4,,,,,,,,n131_1B4e,1319,,gutim,131,
131,743.7854,0.3432,144,93,8,1320,,A6,,,,,,,,n131_1A6q,1320,,gutim,131,
131,743.7854,0.4069,144,74,11,1320,,D5,,,,,,,,n131_2D5q,1320,,gutim,131,
131,744.2137,0.1021,144,61,8,1321,,C#4,,,,,,,,n131_2Cs4s,1321,,gutim,131,
131,744.3211,0.0859,144,74,8,1322,,D5,,,,,,,,n131_2D5s,1322,,gutim,131,
131,744.4286,0.3432,144,84,11,1323,,C6,,,,,,,,n131_2C6e,1323,,gutim,131,
131,744.4279,0.3432,144,48,11,1323,,C3,,,,,,,,n131_6C3e,1323,,gutim,131,
131,744.5709,0.1429,144,97,17,1324,,C#7,,,,,,,,n131_5Cs7e,1324,,gutim,131,
131,744.8569,0.4069,144,49,11,1325,,Db3,,,,,,,,n131_6Db3q,1325,,gutim,131,
131,744.8576,0.3421,144,75,11,1326,,Eb5,,,,,,,,n131_2Eb5q,1326,,gutim,131,
131,745.0601,0.0712,144,55,11,1327,,G3,g,,,,,,,ng131_6G3e,1327,,gutim,131,
131,745.1351,0.0712,144,48,11,1328,,C3,g,,,,,,,ng131_6C3e,1328,,gutim,131,
131,745.2101,0.0712,144,59,11,1329,,B3,g,,,,,,,ng131_6B3e,1329,,gutim,131,
131,745.2851,0.8571,144,88,11,1330,,E6,,,,,,,,n131_2E6h,1330,,gutim,131,
131,745.2851,0.8571,144,93,11,1330,,A6,,,,,,,,n131_2A6h,1330,,gutim,131,
131,745.4637,0.8482,144,41,20,1331,,F2,,,,,,,,n131_6F2q_0,1331,,gutim,131,
131,746.3566,1.0179,144,44,8,1332,,Ab2,,,,,,,,n131_6Ab2h,1332,,gutim,131,
131,746.3566,1.0179,144,54,8,1332,,Gb3,,,,,,,,n131_6Gb3h,1332,,gutim,131,
,,,,,,,7088,,,,,,,,,,,,gutim,,
,,,,,,,,,,,,,,,,,,133,,,
133,755.9994,1.9286,144,80,22,1333,,Ab5,,,,,,,,n133_5Ab5w,1333,,gutim,133,
133,757.8744,0.1021,144,78,5,1334,,F#5,,,,,,,,n133_1Fs5t,1334,,gutim,133,
133,757.9819,0.1021,144,86,5,1335,,D6,,,,,,,,n133_1D6t,1335,,gutim,133,
133,758.0893,0.1021,144,94,5,1336,,Bb6,,,,,,,,n133_1Bb6t,1336,,gutim,133,
133,758.1967,0.1021,144,103,5,1337,,G7,,,,,,,,n133_1G7t,1337,,gutim,133,
133,758.3041,0.1007,144,92,5,1338,,Ab6,,,,,,,,n133_1Ab6t,1338,,gutim,133,
,,,,,,,,,,,,,,,,,,134,,,
134,758.4101,0.1524,144,94,6,1339,,Bb6,,,,,,,,n134_1Bb6t_0,1339,,gutim,134,
134,758.5706,0.1021,144,66,6,1340,,F#4,,,,,,,,n134_1Fs4t_0,1340,,gutim,134,
134,758.678,0.1021,144,74,6,1341,,D5,,,,,,,,n134_1D5t_0,1341,,gutim,134,
134,758.7854,0.1524,144,66,6,1342,,F#4,,,,,,,,n134_1Fs4t_1,1342,,gutim,134,
134,758.9459,0.1272,144,80,6,1343,,Ab5,,,,,,,,n134_1Ab5t_0,1343,,gutim,134,
134,759.0798,0.0848,144,74,6,1344,,D5,,,,,,,,n134_1D5t_1,1344,,gutim,134,
134,759.1691,0.0848,144,82,7,1345,,Bb5,,,,,,,,n134_1Bb5t,1345,,gutim,134,
134,759.2584,0.0848,144,103,7,1346,,G7,,,,,,,,n134_1G7t_0,1346,,gutim,134,
134,759.3476,0.1272,144,74,7,1347,,D5,,,,,,,,n134_1D5t_2,1347,,gutim,134,
134,759.4816,0.1021,144,103,7,1348,,G7,,,,,,,,n134_1G7t_1,1348,,gutim,134,
134,759.589,0.1021,144,80,7,1349,,Ab5,,,,,,,,n134_1Ab5t_1,1349,,gutim,134,
134,759.6964,0.1021,144,66,7,1350,,F#4,,,,,,,,n134_1Fs4t_2,1350,,gutim,134,
134,759.8038,0.1021,144,74,7,1351,,D5,,,,,,,,n134_1D5t_3,1351,,gutim,134,
134,759.9113,0.1524,144,66,7,1352,,F#4,,,,,,,,n134_1Fs4t_3,1352,,gutim,134,
134,760.0717,0.1524,144,80,8,1353,,Ab5,,,,,,,,n134_1Ab5t_2,1353,,gutim,134,
134,760.2321,0.1524,144,74,8,1354,,D5,,,,,,,,n134_1D5t_4,1354,,gutim,134,
134,760.3926,0.1524,144,103,8,1355,,G7,,,,,,,,n134_1G7t_2,1355,,gutim,134,
134,760.553,0.1021,144,80,8,1356,,Ab5,,,,,,,,n134_1Ab5t_3,1356,,gutim,134,
134,760.6604,0.1021,144,94,8,1357,,Bb6,,,,,,,,n134_1Bb6t_1,1357,,gutim,134,
134,760.7678,0.1021,144,54,8,1358,,F#3,,,,,,,,n134_1Fs3t,1358,,gutim,134,
134,760.8753,0.1021,144,74,8,1359,,D5,,,,,,,,n134_1D5t_5,1359,,gutim,134,
134,760.9827,0.1524,144,80,9,1360,,Ab5,,,,,,,,n134_1Ab5t_4,1360,,gutim,134,
134,761.1431,0.1524,144,74,9,1361,,D5,,,,,,,,n134_1D5t_6,1361,,gutim,134,
134,761.3036,0.3048,144,103,9,1362,,G7,,,,,,,,n134_1G7s,1362,,gutim,134,
134,763.2316,0.1429,144,43,5,1363,,G2,,,,,,,,n134_5G2e_0,1363,,gutim,134,
134,763.4101,0.4286,144,43,5,1364,,G2,,,,,,,,n134_5G2q,1364,,gutim,134,
134,763.4101,0.4286,144,47,5,1364,,B2,,,,,,,,n134_5B2q,1364,,gutim,134,
134,763.9459,0.7143,144,69,5,1365,,A4,,,,,,,,n134_5A4q,1365,,gutim,134,
,,,,,,,,,,,,,,,,,,135,,,
135,765.7316,0.0848,144,69,5,1366,,A4,,,,,,,,n135_5A4s_0,1366,,gutim,135,
135,765.8209,0.0848,144,63,5,1367,,Eb4,,,,,,,,n135_5Eb4s,1367,,gutim,135,
135,765.9101,0.2545,144,36,5,1368,,C2,,,,,,,,n135_5C2e,1368,,gutim,135,
135,766.178,0.3817,144,69,5,1369,,A4,,,,,,,,n135_5A4e,1369,,gutim,135,
135,766.5798,0.8906,144,63,5,1370,,Eb4,,,,,,,,n135_5Eb4e,1370,,gutim,135,
,,,,,,,7091,,,,,,,,,,,,gutim,,
,,,,,,,,,,,,,,,,,,136,,,
136,771.2673,0.1283,144,94,6,1371,,Bb6,,,,,,,,n136_1Bb6t_0,1371,,gutim,136,
136,771.4277,0.0859,144,66,6,1372,,F#4,,,,,,,,n136_1Fs4t_0,1372,,gutim,136,
136,771.5351,0.0859,144,74,6,1373,,D5,,,,,,,,n136_1D5t_0,1373,,gutim,136,
136,771.6426,0.1283,144,66,6,1374,,F#4,,,,,,,,n136_1Fs4t_1,1374,,gutim,136,
136,771.803,0.1071,144,80,6,1375,,Ab5,,,,,,,,n136_1Ab5t_0,1375,,gutim,136,
136,771.9369,0.0714,144,74,6,1376,,D5,,,,,,,,n136_1D5t_1,1376,,gutim,136,
136,772.0262,0.0714,144,82,7,1377,,Bb5,,,,,,,,n136_1Bb5t,1377,,gutim,136,
136,772.1155,0.0714,144,103,7,1378,,G7,,,,,,,,n136_1G7t_0,1378,,gutim,136,
136,772.2048,0.1071,144,74,7,1379,,D5,,,,,,,,n136_1D5t_2,1379,,gutim,136,
136,772.3387,0.0859,144,103,7,1380,,G7,,,,,,,,n136_1G7t_1,1380,,gutim,136,
136,772.4461,0.0859,144,80,7,1381,,Ab5,,,,,,,,n136_1Ab5t_1,1381,,gutim,136,
136,772.5536,0.0859,144,66,7,1382,,F#4,,,,,,,,n136_1Fs4t_2,1382,,gutim,136,
136,772.661,0.0859,144,74,7,1383,,D5,,,,,,,,n136_1D5t_3,1383,,gutim,136,
136,772.7684,0.1283,144,66,7,1384,,F#4,,,,,,,,n136_1Fs4t_3,1384,,gutim,136,
136,772.9288,0.1283,144,80,8,1385,,Ab5,,,,,,,,n136_1Ab5t_2,1385,,gutim,136,
136,773.0893,0.1283,144,74,8,1386,,D5,,,,,,,,n136_1D5t_4,1386,,gutim,136,
136,773.2497,0.1283,144,103,8,1387,,G7,,,,,,,,n136_1G7t_2,1387,,gutim,136,
136,773.4101,0.0859,144,80,8,1388,,Ab5,,,,,,,,n136_1Ab5t_3,1388,,gutim,136,
136,773.5176,0.0859,144,94,8,1389,,Bb6,,,,,,,,n136_1Bb6t_1,1389,,gutim,136,
136,773.625,0.0859,144,54,8,1390,,F#3,,,,,,,,n136_1Fs3t,1390,,gutim,136,
136,773.7324,0.0859,144,74,8,1391,,D5,,,,,,,,n136_1D5t_5,1391,,gutim,136,
136,773.8398,0.1283,144,80,9,1392,,Ab5,,,,,,,,n136_1Ab5t_4,1392,,gutim,136,
136,774.0003,0.1283,144,74,9,1393,,D5,,,,,,,,n136_1D5t_6,1393,,gutim,136,
136,774.1607,0.2567,144,103,9,1394,,G7,,,,,,,,n136_1G7s,1394,,gutim,136,
,,,,,,,7092,,,,,,,,,,,,gutim,,
136,774.9423,0.06,144,65,5,1395,,F4,g,,,,,,,ng136_1F4e,1395,,gutim,136,
136,775.0173,0.8571,144,65,5,1396,,F4,,,,,,,,n136_1F4q,1396,,gutim,136,
136,775.0173,0.8571,144,31,14,1396,,G1,,,,,,,,n136_5G1q,1396,,gutim,136,
,,,,,,,,,,,,,,,,,,137,,,
137,776.0887,1.7143,144,80,14,1397,,Ab5,,,,,,,,n137_1Ab5w,1397,,gutim,137,
137,776.0887,1.7143,144,40,14,1397,,E2,,,,,,,,n137_5E2w,1397,,gutim,137,
137,778.2316,2.0357,144,80,15,1398,,Ab5,,,,,,,,n137_1Ab5h,1398,,gutim,137,
137,778.2316,1.7143,144,86,15,1398,,D6,,,,,,,,n137_1D6h,1398,,gutim,137,
137,778.2316,1.7143,144,40,14,1398,,E2,,,,,,,,n137_5E2h,1398,,gutim,137,
,,,,,,,,,,,,,,,,,,138,,,
138,780.3744,0.6429,144,72,15,1399,,C5,,,,,,,,n138_1C5q,1399,,gutim,138,
138,780.3744,0.6429,144,80,15,1399,,Ab5,,,,,,,,n138_1Ab5q_1,1399,,gutim,138,
138,780.3744,0.6429,144,86,15,1399,,D6,,,,,,,,n138_1D6q_1,1399,,gutim,138,
138,781.178,0.2143,144,49,15,1400,,C#3,,,,,,,,n138_5Cs3e,1400,,gutim,138,
138,781.2959,0.06,144,62,14,1401,,D4,g,,,,,,,ng138_5D4e,1401,,gutim,138,
138,781.3709,0.06,144,37,5,1402,,C#2,g,,,,,,,ng138_5Cs2e,1402,,gutim,138,
138,781.4459,0.1272,144,56,5,1403,,Ab3,,,,,,,,n138_5Ab3s,1403,,gutim,138,
138,781.5798,0.0848,144,28,14,1404,,E1,,,,,,,,n138_5E1s,1404,,gutim,138,
138,781.6691,0.0424,144,48,14,1405,,C3,,,,,,,,n138_5C3t,1405,,gutim,138,
138,781.9816,1.7143,144,50,14,1406,,D3,,,,,,,,n138_5D3w,1406,,gutim,138,
138,782.4423,0.06,144,45,14,1407,,A2,g,,,,,,,ng138_1A2e,1407,,gutim,138,
138,782.5173,0.8571,144,45,14,1408,,A2,,,,,,,,n138_1A2h,1408,,gutim,138,
138,782.5173,0.8571,144,85,14,1408,,C#6,,,,,,,,n138_1Cs6h,1408,,gutim,138,
,,,,,,,7094,,,,,,,,,,,,gutim,,
,,,,,,,,,,,,,,,,,,139,,,
139,786.2673,0.0848,144,50,5,1409,,D3,,,,,,,,n139_5D3t,1409,,gutim,139,
139,786.3566,0.0848,144,37,5,1410,,Db2,,,,,,,,n139_5Db2t,1410,,gutim,139,
139,786.4459,0.057,144,41,5,1411,,F2,,,,,,,,n139_5F2t_0,1411,,gutim,139,
139,786.5058,0.057,144,57,5,1412,,A3,,,,,,,,n139_5A3t_0,1412,,gutim,139,
139,786.5658,0.057,144,41,5,1413,,F2,,,,,,,,n139_5F2t_1,1413,,gutim,139,
139,786.6258,0.057,144,57,5,1414,,A3,,,,,,,,n139_5A3t_1,1414,,gutim,139,
139,786.6858,0.057,144,41,5,1415,,F2,,,,,,,,n139_5F2t_2,1415,,gutim,139,
139,786.7458,0.057,144,57,5,1416,,A3,,,,,,,,n139_5A3t_2,1416,,gutim,139,
139,786.8058,0.0848,144,41,5,1417,,F2,,,,,,,,n139_5F2t_3,1417,,gutim,139,
139,786.8951,0.0848,144,35,5,1418,,B1,,,,,,,,n139_5B1t,1418,,gutim,139,
139,786.9844,0.0848,144,57,5,1419,,A3,,,,,,,,n139_5A3t_3,1419,,gutim,139,
139,787.0737,0.0848,144,23,5,1420,,B0,,,,,,,,n139_5B0t_0,1420,,gutim,139,
139,787.1629,0.0848,144,29,5,1421,,F1,,,,,,,,n139_5F1t_0,1421,,gutim,139,
139,787.2522,0.0848,144,23,5,1422,,B0,,,,,,,,n139_5B0t_1,1422,,gutim,139,
139,787.3415,0.0848,144,38,5,1423,,D2,,,,,,,,n139_5D2t_0,1423,,gutim,139,
139,787.4308,0.0848,144,25,5,1424,,Db1,,,,,,,,n139_5Db1t,1424,,gutim,139,
139,787.5201,0.057,144,29,5,1425,,F1,,,,,,,,n139_5F1t_1,1425,,gutim,139,
139,787.5201,0.057,144,38,5,1425,,D2,,,,,,,,n139_5D2t_1,1425,,gutim,139,
139,787.5801,0.057,144,45,5,1426,,A2,,,,,,,,n139_5A2t_0,1426,,gutim,139,
139,787.6401,0.057,144,29,5,1427,,F1,,,,,,,,n139_5F1t_2,1427,,gutim,139,
139,787.6401,0.057,144,38,5,1427,,D2,,,,,,,,n139_5D2t_2,1427,,gutim,139,
139,787.7,0.057,144,45,5,1428,,A2,,,,,,,,n139_5A2t_1,1428,,gutim,139,
139,787.76,0.057,144,29,5,1429,,F1,,,,,,,,n139_5F1t_3,1429,,gutim,139,
139,787.76,0.057,144,38,5,1429,,D2,,,,,,,,n139_5D2t_3,1429,,gutim,139,
139,787.82,0.057,144,45,5,1430,,A2,,,,,,,,n139_5A2t_2,1430,,gutim,139,
139,787.88,0.0848,144,29,5,1431,,F1,,,,,,,,n139_5F1t_4,1431,,gutim,139,
139,787.9693,0.0848,144,23,5,1432,,B0,,,,,,,,n139_5B0t_2,1432,,gutim,139,
139,788.0586,0.0848,144,38,5,1433,,D2,,,,,,,,n139_5D2t_4,1433,,gutim,139,
139,788.0586,0.0848,144,45,5,1433,,A2,,,,,,,,n139_5A2t_3,1433,,gutim,139,
139,788.1479,0.0848,144,23,5,1434,,B0,,,,,,,,n139_5B0t_3,1434,,gutim,139,
139,788.2372,0.0848,144,29,5,1435,,F1,,,,,,,,n139_5F1t_5,1435,,gutim,139,
139,788.2372,0.0848,144,38,5,1435,,D2,,,,,,,,n139_5D2t_5,1435,,gutim,139,
139,788.2372,0.0848,144,45,5,1435,,A2,,,,,,,,n139_5A2t_4,1435,,gutim,139,
139,788.3264,0.0795,144,23,5,1436,,B0,,,,,,,,n139_5B0t_4,1436,,gutim,139,
139,788.4101,6.0,144,23,5,1437,,B0,,,,,,,,n139_5B0w,1437,,gutim,139,
139,788.4101,6.0,144,25,5,1437,,Db1,,,,,,,,n139_5Db1w,1437,,gutim,139,
139,788.4101,6.0,144,29,5,1437,,F1,,,,,,,,n139_5F1w,1437,,gutim,139,
139,788.4101,6.0,144,50,5,1437,,D3,,,,,,,,n139_5D3w,1437,,gutim,139,
139,788.4101,6.0,144,57,5,1437,,A3,,,,,,,,n139_5A3w,1437,,gutim,139,
,,,,,,,,,,,,,,,,,,140,,,
140,794.8387,1.2857,144,85,14,1438,,C#6,,,,,,,,n140_1Cs6q,1438,,gutim,140,
140,794.8387,1.2857,144,45,14,1438,,A2,,,,,,,,n140_2A2q,1438,,gutim,140,
140,794.8387,1.2857,144,54,14,1438,,F#3,,,,,,,,n140_2Fs3q,1438,,gutim,140,
140,796.4459,0.1022,144,66,5,1439,,F#4,,,,,,,,n140_1Fs4t_0,1439,,gutim,140,
140,796.5507,0.1026,144,74,5,1440,,D5,,,,,,,,n140_1D5t_0,1440,,gutim,140,
140,796.6586,0.1029,144,94,5,1441,,Bb6,,,,,,,,n140_1Bb6t_0,1441,,gutim,140,
140,796.767,0.1033,144,103,5,1442,,G7,,,,,,,,n140_1G7t_0,1442,,gutim,140,
140,796.8757,0.1036,144,92,5,1443,,Ab6,,,,,,,,n140_1Ab6t,1443,,gutim,140,
140,796.9847,0.1554,144,94,5,1444,,Bb6,,,,,,,,n140_1Bb6t_1,1444,,gutim,140,
140,797.1484,0.1045,144,66,5,1445,,F#4,,,,,,,,n140_1Fs4t_1,1445,,gutim,140,
140,797.2584,0.1049,144,74,5,1446,,D5,,,,,,,,n140_1D5t_1,1446,,gutim,140,
140,797.3688,0.1573,144,66,5,1447,,F#4,,,,,,,,n140_1Fs4t_2,1447,,gutim,140,
140,797.5344,0.132,144,80,5,1448,,Ab5,,,,,,,,n140_1Ab5t,1448,,gutim,140,
140,797.6733,0.0883,144,74,5,1449,,D5,,,,,,,,n140_1D5t_2,1449,,gutim,140,
140,797.7663,0.0886,144,82,5,1450,,Bb5,,,,,,,,n140_1Bb5t,1450,,gutim,140,
140,797.8595,0.0888,144,103,5,1451,,G7,,,,,,,,n140_1G7t_1,1451,,gutim,140,
140,797.953,0.1351,144,74,5,1452,,D5,,,,,,,,n140_1D5t_3,1452,,gutim,140,
,,,,,,,,,,,,,,,,,,141,,,
141,798.0952,0.1077,144,103,5,1453,,G7,,,,,,,,n141_1G7t_0,1453,,gutim,141,
141,798.2086,0.1081,144,68,5,1454,,Ab4,,,,,,,,n141_1Ab4t_0,1454,,gutim,141,
141,798.3224,0.1085,144,54,5,1455,,F#3,,,,,,,,n141_1Fs3t_0,1455,,gutim,141,
141,798.4366,0.1089,144,62,5,1456,,D4,,,,,,,,n141_1D4t_0,1456,,gutim,141,
141,798.5511,0.1633,144,54,5,1457,,F#3,,,,,,,,n141_1Fs3t_1,1457,,gutim,141,
141,798.7231,0.1642,144,68,5,1458,,Ab4,,,,,,,,n141_1Ab4t_1,1458,,gutim,141,
141,798.8959,0.1651,144,62,5,1459,,D4,,,,,,,,n141_1D4t_1,1459,,gutim,141,
141,799.0698,0.166,144,94,5,1460,,Bb6,,,,,,,,n141_1Bb6t,1460,,gutim,141,
141,799.0698,0.166,144,103,5,1460,,G7,,,,,,,,n141_1G7t_1,1460,,gutim,141,
141,799.2445,0.1117,144,80,5,1461,,Ab5,,,,,,,,n141_1Ab5t_0,1461,,gutim,141,
141,799.3621,0.1121,144,82,5,1462,,Bb5,,,,,,,,n141_1Bb5t_0,1462,,gutim,141,
141,799.4801,0.1125,144,54,5,1463,,F#3,,,,,,,,n141_1Fs3t_2,1463,,gutim,141,
141,799.5986,0.1129,144,74,5,1464,,D5,,,,,,,,n141_1D5t_0,1464,,gutim,141,
141,799.5986,0.1129,144,82,5,1464,,Bb5,,,,,,,,n141_1Bb5t_1,1464,,gutim,141,
141,799.7174,0.1695,144,80,5,1465,,Ab5,,,,,,,,n141_1Ab5t_1,1465,,gutim,141,
141,799.8958,0.1704,144,74,5,1466,,D5,,,,,,,,n141_1D5t_1,1466,,gutim,141,
141,800.0753,0.3438,144,103,5,1467,,G7,,,,,,,,n141_1G7s,1467,,gutim,141,
141,800.4372,0.0964,144,50,2,1468,,D3,,,,,,,,n141_5D3t,1468,,gutim,141,
141,800.5386,0.0967,144,25,2,1469,,Db1,,,,,,,,n141_5Db1t_0,1469,,gutim,141,
141,800.6404,0.0651,144,29,2,1470,,F1,,,,,,,,n141_5F1t_0,1470,,gutim,141,
141,800.7089,0.0653,144,69,2,1471,,A4,,,,,,,,n141_5A4t,1471,,gutim,141,
141,800.7776,0.0654,144,29,2,1472,,F1,,,,,,,,n141_5F1t_1,1472,,gutim,141,
141,800.8465,0.0656,144,57,2,1473,,A3,,,,,,,,n141_5A3t_0,1473,,gutim,141,
141,800.9155,0.0657,144,29,2,1474,,F1,,,,,,,,n141_5F1t_2,1474,,gutim,141,
141,800.9847,0.0658,144,57,2,1475,,A3,,,,,,,,n141_5A3t_1,1475,,gutim,141,
141,801.054,0.0983,144,29,2,1476,,F1,,,,,,,,n141_5F1t_3,1476,,gutim,141,
141,801.1574,0.0986,144,23,2,1477,,B0,,,,,,,,n141_5B0t_0,1477,,gutim,141,
141,801.2612,0.0989,144,57,2,1478,,A3,,,,,,,,n141_5A3t_2,1478,,gutim,141,
141,801.3653,0.0992,144,23,2,1479,,B0,,,,,,,,n141_5B0t_1,1479,,gutim,141,
141,801.4698,0.0996,144,29,2,1480,,F1,,,,,,,,n141_5F1t_4,1480,,gutim,141,
141,801.5746,0.0999,144,23,2,1481,,B0,,,,,,,,n141_5B0t_2,1481,,gutim,141,
141,801.6797,0.1002,144,38,2,1482,,D2,,,,,,,,n141_5D2t_0,1482,,gutim,141,
141,801.7852,0.1006,144,25,2,1483,,Db1,,,,,,,,n141_5Db1t_1,1483,,gutim,141,
141,801.8911,0.0678,144,29,2,1484,,F1,,,,,,,,n141_5F1t_5,1484,,gutim,141,
141,801.9624,0.0679,144,45,2,1485,,A2,,,,,,,,n141_5A2t_0,1485,,gutim,141,
141,802.0339,0.0681,144,29,2,1486,,F1,,,,,,,,n141_5F1t_6,1486,,gutim,141,
141,802.1056,0.0682,144,45,2,1487,,A2,,,,,,,,n141_5A2t_1,1487,,gutim,141,
141,802.1774,0.0684,144,29,2,1488,,F1,,,,,,,,n141_5F1t_7,1488,,gutim,141,
141,802.2493,0.0685,144,45,2,1489,,A2,,,,,,,,n141_5A2t_2,1489,,gutim,141,
141,802.3215,0.1023,144,29,2,1490,,F1,,,,,,,,n141_5F1t_8,1490,,gutim,141,
141,802.4291,0.1026,144,23,2,1491,,B0,,,,,,,,n141_5B0t_3,1491,,gutim,141,
141,802.5372,0.103,144,45,2,1492,,A2,,,,,,,,n141_5A2t_3,1492,,gutim,141,
141,802.6456,0.1033,144,23,2,1493,,B0,,,,,,,,n141_5B0t_4,1493,,gutim,141,
141,802.7544,0.1037,144,29,2,1494,,F1,,,,,,,,n141_5F1t_9,1494,,gutim,141,
141,802.8635,0.1041,144,23,2,1495,,B0,,,,,,,,n141_5B0t_5,1495,,gutim,141,
141,802.9731,0.1044,144,38,2,1496,,D2,,,,,,,,n141_5D2t_1,1496,,gutim,141,
141,802.9731,0.1044,144,45,2,1496,,A2,,,,,,,,n141_5A2t_4,1496,,gutim,141,
141,803.083,0.1048,144,25,2,1497,,Db1,,,,,,,,n141_5Db1t_2,1497,,gutim,141,
141,803.1933,0.0706,144,29,2,1498,,F1,,,,,,,,n141_5F1t_10,1498,,gutim,141,
141,803.2676,0.0708,144,38,2,1499,,D2,,,,,,,,n141_5D2t_2,1499,,gutim,141,
141,803.2676,0.0708,144,45,2,1499,,A2,,,,,,,,n141_5A2t_5,1499,,gutim,141,
141,803.3421,0.0709,144,29,2,1500,,F1,,,,,,,,n141_5F1t_11,1500,,gutim,141,
141,803.4168,0.0711,144,38,2,1501,,D2,,,,,,,,n141_5D2t_3,1501,,gutim,141,
141,803.4168,0.0711,144,45,2,1501,,A2,,,,,,,,n141_5A2t_6,1501,,gutim,141,
141,803.4916,0.0713,144,29,2,1502,,F1,,,,,,,,n141_5F1t_12,1502,,gutim,141,
141,803.5666,0.0714,144,38,2,1503,,D2,,,,,,,,n141_5D2t_4,1503,,gutim,141,
141,803.5666,0.0714,144,45,2,1503,,A2,,,,,,,,n141_5A2t_7,1503,,gutim,141,
141,803.6418,0.1067,144,29,2,1504,,F1,,,,,,,,n141_5F1t_13,1504,,gutim,141,
141,803.7541,0.107,144,23,2,1505,,B0,,,,,,,,n141_5B0t_6,1505,,gutim,141,
141,803.8668,0.1074,144,25,2,1506,,Db1,,,,,,,,n141_5Db1t_3,1506,,gutim,141,
141,803.8668,0.1074,144,38,2,1506,,D2,,,,,,,,n141_5D2t_5,1506,,gutim,141,
141,803.8668,0.1074,144,45,2,1506,,A2,,,,,,,,n141_5A2t_8,1506,,gutim,141,
141,803.9798,0.1078,144,23,2,1507,,B0,,,,,,,,n141_5B0t_7,1507,,gutim,141,
141,804.0933,0.1082,144,29,2,1508,,F1,,,,,,,,n141_5F1t_14,1508,,gutim,141,
141,804.0933,0.1082,144,38,2,1508,,D2,,,,,,,,n141_5D2t_6,1508,,gutim,141,
141,804.0933,0.1082,144,45,2,1508,,A2,,,,,,,,n141_5A2t_9,1508,,gutim,141,
141,804.2072,0.0984,144,23,2,1509,,B0,,,,,,,,n141_5B0t_8,1509,,gutim,141,
,,,,,,,,,,,,,,,,,,142,,,
142,804.3108,1.5091,144,23,2,1510,,B0,,,,,,,,n142_6B0q_0,1510,,gutim,142,
142,804.3108,1.5091,144,25,2,1510,,Db1,,,,,,,,n142_6Db1q_0,1510,,gutim,142,
142,804.3108,1.5091,144,29,2,1510,,F1,,,,,,,,n142_6F1q_0,1510,,gutim,142,
142,804.3108,1.5091,144,38,2,1510,,D2,,,,,,,,n142_6D2q_0,1510,,gutim,142,
142,804.3108,1.5091,144,45,2,1510,,A2,,,,,,,,n142_6A2q_0,1510,,gutim,142,
142,806.1972,2.4434,144,23,2,1511,,B0,,,,,,,,n142_6B0q_1,1511,,gutim,142,
142,806.1972,2.4434,144,25,2,1511,,Db1,,,,,,,,n142_6Db1q_1,1511,,gutim,142,
142,806.1972,2.4434,144,29,2,1511,,F1,,,,,,,,n142_6F1q_1,1511,,gutim,142,
142,806.1972,2.4434,144,38,2,1511,,D2,,,,,,,,n142_6D2q_1,1511,,gutim,142,
142,806.1972,2.4434,144,45,2,1511,,A2,,,,,,,,n142_6A2q_1,1511,,gutim,142,
142,807.1843,0.6088,144,65,8,1512,,F4,,,,,,,,n142_1F4e,1512,,gutim,142,
142,807.1843,0.6088,144,85,8,1512,,C#6,,,,,,,,n142_1Cs6e,1512,,gutim,142,
142,807.1843,0.1791,144,54,8,1512,,F#3,,,,,,,,n142_5Fs3t,1512,,gutim,142,
142,807.3728,0.5439,144,43,8,1513,,G2,,,,,,,,n142_5G2s,1513,,gutim,142,
142,809.2514,0.2105,144,23,8,1514,,B0,,,,,,,,n142_6B0e_1,1514,,gutim,142,
142,809.2514,0.4211,144,25,8,1514,,Db1,,,,,,,,n142_6Db1e_1,1514,,gutim,142,
142,809.2514,0.4211,144,29,8,1514,,F1,,,,,,,,n142_6F1e_1,1514,,gutim,142,
142,809.2514,0.4211,144,38,14,1514,,D2,,,,,,,,n142_6D2e_1,1514,,gutim,142,
142,809.2514,0.4211,144,45,14,1514,,A2,,,,,,,,n142_6A2e_1,1514,,gutim,142,
,,,,,,,7098,,,,,,,,,,,,gutim,,
,,,,,,,,,,,,,,,,,,143,,,
143,816.9707,0.1171,144,64,5,1515,,E4,,,,,,,,n143_5E4s,1515,,gutim,143,
143,817.0939,0.0594,144,56,8,1516,,G#3,,,,,,,,n143_5Gs3t_0,1516,,gutim,143,
143,817.1565,0.0595,144,64,10,1517,,E4,,,,,,,,n143_5E4t,1517,,gutim,143,
143,817.2191,0.0597,144,56,11,1518,,G#3,,,,,,,,n143_5Gs3t_1,1518,,gutim,143,
143,817.2819,0.0598,144,37,13,1519,,C#2,,,,,,,,n143_5Cs2t,1519,,gutim,143,
143,817.3449,0.0599,144,60,14,1520,,C4,,,,,,,,n143_5C4t_0,1520,,gutim,143,
143,817.4079,0.06,144,56,16,1521,,Ab3,,,,,,,,n143_5Ab3t,1521,,gutim,143,
143,817.4711,0.0602,144,37,18,1522,,Db2,,,,,,,,n143_5Db2t,1522,,gutim,143,
143,817.5344,0.0603,144,46,19,1523,,Bb2,,,,,,,,n143_5Bb2t_0,1523,,gutim,143,
143,817.5979,0.0604,144,60,21,1524,,C4,,,,,,,,n143_5C4t_1,1524,,gutim,143,
143,817.6615,0.0605,144,46,22,1525,,Bb2,,,,,,,,n143_5Bb2t_1,1525,,gutim,143,
143,817.7252,0.2719,144,25,24,1526,,Db1,,,,,,,,n143_5Db1s,1526,,gutim,143,
143,818.0114,0.0732,144,25,24,1527,,Db1,,,,,,,,n143_5Db1t,1527,,gutim,143,
143,818.1114,0.06,144,28,14,1528,,E1,g,,,,,,,ng143_5E1e,1528,,gutim,143,
143,818.1114,0.06,144,48,14,1528,,C3,g,,,,,,,ng143_5C3e,1528,,gutim,143,
,,,,,,,,,,,,,,,,,,144,,,
144,818.1864,1.1018,144,25,23,1529,,Db1,,,,,,,,n144_5Db1q_0,1529,,gutim,144,
144,818.1864,1.1018,144,34,23,1529,,Bb1,,,,,,,,n144_5Bb1q_0,1529,,gutim,144,
144,819.5637,0.1616,144,25,13,1530,,Db1,,,,,,,,n144_5Db1s,1530,,gutim,144,
144,819.5637,0.1616,144,34,13,1530,,Bb1,,,,,,,,n144_5Bb1s,1530,,gutim,144,
144,819.7657,0.5744,144,76,11,1531,,E5,,,,,,,,n144_2E5e,1531,,gutim,144,
144,819.7657,0.6576,144,25,11,1531,,Db1,,,,,,,,n144_5Db1q_1,1531,,gutim,144,
144,819.7657,0.6576,144,34,11,1531,,Bb1,,,,,,,,n144_5Bb1q_1,1531,,gutim,144,
144,820.4837,0.0832,144,76,6,1532,,E5,,,,,,,,n144_2E5t_1,1532,,gutim,144,
144,820.5877,0.0835,144,56,5,1533,,Ab3,,,,,,,,n144_2Ab3t,1533,,gutim,144,
144,820.5877,0.6761,144,25,5,1533,,Db1,,,,,,,,n144_5Db1q_2,1533,,gutim,144,
144,820.5877,0.6761,144,34,5,1533,,Bb1,,,,,,,,n144_5Bb1q_2,1533,,gutim,144,
144,820.692,0.5926,144,72,5,1534,,C5,,,,,,,,n144_2C5s,1534,,gutim,144,
,,,,,,,,,,,,,,,,,,145,,,
145,828.6526,0.1843,144,59,11,1535,,B3,,,,,,,,n145_1B3s,1535,,gutim,145,
145,828.6526,0.1843,144,80,11,1535,,G#5,,,,,,,,n145_1Gs5s,1535,,gutim,145,
145,828.6526,0.1843,144,43,20,1535,,G2,,,,,,,,n145_5G2s,1535,,gutim,145,
145,828.883,0.1896,144,21,20,1536,,A0,,,,,,,,n145_5A0s,1536,,gutim,145,
145,829.045,0.0712,144,98,11,1537,,D7,g,,,,,,,ng145_1D7e,1537,,gutim,145,
145,829.12,0.4704,144,92,11,1538,,G#6,,,,,,,,n145_1Gs6e,1538,,gutim,145,
145,829.12,0.0921,144,51,17,1538,,D#3,,,,,,,,n145_5Ds3t_0,1538,,gutim,145,
145,829.217,0.0932,144,47,17,1539,,B2,,,,,,,,n145_5B2t_0,1539,,gutim,145,
145,829.3151,0.0943,144,56,16,1540,,G#3,,,,,,,,n145_5Gs3t_0,1540,,gutim,145,
145,829.3902,0.06,144,94,8,1541,,A#6,g,,,,,,,ng145_1As6e,1541,,gutim,145,
145,829.4144,0.0954,144,51,16,1542,,D#3,,,,,,,,n145_5Ds3t_1,1542,,gutim,145,
145,829.4652,0.06,144,92,8,1543,,G#6,g,,,,,,,ng145_1Gs6e,1543,,gutim,145,
145,829.5148,0.0966,144,56,15,1544,,G#3,,,,,,,,n145_5Gs3t_1,1544,,gutim,145,
145,829.5402,0.06,144,78,8,1545,,F#5,g,,,,,,,ng145_1Fs5e,1545,,gutim,145,
145,829.6152,1.6066,144,86,8,1546,,D6,,,,,,,,n145_1D6q,1546,,gutim,145,
145,829.6165,0.1465,144,51,15,1546,,D#3,,,,,,,,n145_5Ds3t_2,1546,,gutim,145,
145,829.6152,1.3529,144,45,20,1546,,A2,,,,,,,,n145_6A2q,1546,,gutim,145,
145,829.7681,0.1492,144,56,14,1547,,G#3,,,,,,,,n145_5Gs3t_2,1547,,gutim,145,
145,829.9252,0.1015,144,47,13,1548,,B2,,,,,,,,n145_5B2t_1,1548,,gutim,145,
145,830.032,0.1028,144,56,13,1549,,G#3,,,,,,,,n145_5Gs3t_3,1549,,gutim,145,
145,830.1403,0.1151,144,33,12,1550,,A1,,,,,,,,n145_5A1t_0,1550,,gutim,145,
145,830.2614,0.1168,144,43,12,1551,,G2,,,,,,,,n145_5G2t_0,1551,,gutim,145,
145,830.3844,0.1185,144,33,11,1552,,A1,,,,,,,,n145_5A1t_1,1552,,gutim,145,
145,830.5092,0.1848,144,43,11,1553,,G2,,,,,,,,n145_5G2t_1,1553,,gutim,145,
,,,,,,,,,,,,,,,,,,146,,,
146,830.7037,0.1115,144,33,10,1554,,A1,,,,,,,,n146_5A1t_0,1554,,gutim,146,
146,830.818,0.1131,144,43,9,1555,,G2,,,,,,,,n146_5G2t_0,1555,,gutim,146,
146,830.9371,0.1147,144,47,9,1556,,B2,,,,,,,,n146_5B2t,1556,,gutim,146,
146,831.0578,0.1164,144,56,8,1557,,G#3,,,,,,,,n146_5Gs3t,1557,,gutim,146,
146,831.1804,0.1181,144,33,8,1558,,A1,,,,,,,,n146_5A1t_1,1558,,gutim,146,
146,831.3047,0.1778,144,43,7,1559,,G2,,,,,,,,n146_5G2t_1,1559,,gutim,146,
146,831.4919,0.1191,144,21,7,1560,,A0,,,,,,,,n146_5A0t,1560,,gutim,146,
146,831.6172,0.1191,144,31,6,1561,,G1,,,,,,,,n146_5G1t,1561,,gutim,146,
146,831.7426,0.1778,144,39,6,1562,,D#2,,,,,,,,n146_5Ds2t,1562,,gutim,146,
146,831.9297,0.1778,144,44,5,1563,,G#2,,,,,,,,n146_5Gs2t,1563,,gutim,146,
146,832.1169,0.1778,144,35,5,1564,,B1,,,,,,,,n146_5B1t,1564,,gutim,146,
146,832.3041,0.2397,144,21,5,1565,,A0,,,,,,,,n146_5A0s,1565,,gutim,146,
,,,,,,,7102,,,,,,,,,,,,gutim,,
,,,,,,,,,,,,,,,,,,150,,,
150,848.9521,1.9286,144,56,8,1566,,Ab3,,,,,,,,n150_1Ab3h,1566,,gutim,150,
150,848.9521,0.6107,144,37,14,1566,,Db2,,,,,,,,n150_5Db2q,1566,,gutim,150,
150,848.9521,0.043,144,36,14,1566,,C2,,,,,,,,n150_6C2t_0,1566,,gutim,150,
150,849.0058,0.043,144,71,20,1567,,B4,,,,,,,,n150_6B4t,1567,,gutim,150,
150,849.0595,0.043,144,64,20,1568,,E4,,,,,,,,n150_6E4t,1568,,gutim,150,
150,849.1133,0.043,144,41,20,1569,,F2,,,,,,,,n150_6F2t,1569,,gutim,150,
150,849.167,0.0424,144,36,20,1570,,C2,,,,,,,,n150_6C2t_1,1570,,gutim,150,
150,849.22,0.5714,144,64,20,1571,,E4,,,,,,,,n150_6E4e,1571,,gutim,150,
150,849.7557,3.308,144,27,20,1572,,Eb1,,,,,,,,n150_5Eb1e,1572,,gutim,150,
150,849.9343,0.6786,144,32,14,1573,,Ab1,,,,,,,,n150_6Ab1s_0,1573,,gutim,150,
150,850.6485,0.4241,144,53,8,1574,,F3,,,,,,,,n150_6F3s,1574,,gutim,150,
150,851.095,1.7143,144,35,11,1575,,B1,,,,,,,,n150_2B1q_0,1575,,gutim,150,
150,851.2878,0.06,144,64,20,1576,,E4,g,,,,,,,ng150_1E4e,1576,,gutim,150,
150,851.3628,0.1429,144,72,5,1577,,C5,,,,,,,,n150_1C5e,1577,,gutim,150,
150,851.3628,0.1429,144,82,20,1577,,Bb5,,,,,,,,n150_1Bb5e,1577,,gutim,150,
150,851.5414,0.0446,144,41,17,1578,,F2,,,,,,,,n150_1F2s,1578,,gutim,150,
150,851.6307,0.4286,144,62,11,1579,,D4,,,,,,,,n150_1D4q,1579,,gutim,150,
150,852.1664,0.8571,144,66,14,1580,,Gb4,,,,,,,,n150_1Gb4q_0,1580,,gutim,150,
150,852.1664,0.8571,144,70,24,1580,,Bb4,,,,,,,,n150_1Bb4q_0,1580,,gutim,150,
150,852.1664,0.4286,144,82,17,1580,,Bb5,,,,,,,,n150_6Bb5q,1580,,gutim,150,
150,852.7021,0.4286,144,64,11,1581,,E4,,,,,,,,n150_6E4q_1,1581,,gutim,150,
,,,,,,,,,,,,,,,,,,151,,,
151,853.2378,0.0536,144,94,11,1582,,Bb6,,,,,,,,n151_2Bb6t,1582,,gutim,151,
151,853.2378,0.6429,144,58,8,1582,,Bb3,,,,,,,,n151_5Bb3q,1582,,gutim,151,
151,853.3048,0.0536,144,85,12,1583,,Db6,,,,,,,,n151_1Db6t,1583,,gutim,151,
151,853.3048,0.0536,144,65,12,1583,,F4,,,,,,,,n151_2F4t_0,1583,,gutim,151,
151,853.3718,0.0536,144,72,14,1584,,C5,,,,,,,,n151_1C5t,1584,,gutim,151,
151,853.3718,0.0536,144,66,14,1584,,Gb4,,,,,,,,n151_2Gb4t,1584,,gutim,151,
151,853.4387,0.0536,144,65,12,1585,,F4,,,,,,,,n151_2F4t_1,1585,,gutim,151,
151,853.4387,0.0536,144,55,11,1585,,G3,,,,,,,,n151_6G3t,1585,,gutim,151,
151,853.5057,0.2143,144,100,11,1586,,E7,,,,,,,,n151_1E7e,1586,,gutim,151,
151,853.5057,0.2143,144,62,11,1586,,D4,,,,,,,,n151_2D4e,1586,,gutim,151,
151,853.5057,0.2143,144,57,5,1586,,A3,,,,,,,,n151_6A3e,1586,,gutim,151,
,,,,,,,7103,,,,,,,,,,,,gutim,,
151,854.0414,0.2143,144,101,5,1587,,F7,,,,,,,,n151_1F7e,1587,,gutim,151,
151,854.0414,0.2143,144,93,14,1587,,A6,,,,,,,,n151_2A6e,1587,,gutim,151,
151,854.0414,0.2143,144,68,5,1587,,Ab4,,,,,,,,n151_5Ab4e,1587,,gutim,151,
151,855.4343,0.1875,144,32,11,1588,,Ab1,,,,,,,,n151_5Ab1e,1588,,gutim,151,
151,856.3718,2.2517,144,53,5,1589,,F3,,,,,,,,n151_5F3s,1589,,gutim,151,
,,,,,,,,,,,,,,,,,,152,,,
152,858.8093,5.2641,144,27,5,1590,,Eb1,,,,,,,,n152_6Eb1w_0,1590,,gutim,152,
152,861.9558,0.069,144,48,14,1591,,C3,,,,,,,,n152_5C3s,1591,,gutim,152,
152,862.0937,0.0692,144,76,17,1592,,E5,,,,,,,,n152_5E5s,1592,,gutim,152,
152,862.2322,0.0695,144,53,19,1593,,F3,,,,,,,,n152_5F3s,1593,,gutim,152,
152,862.3713,2.4145,144,36,22,1594,,C2,,,,,,,,n152_5C2e,1594,,gutim,152,
,,,,,,,,,,,,,,,,,,153,,,
153,865.3894,1.3913,144,36,8,1595,,C2,,,,,,,,n153_5C2h,1595,,gutim,153,
153,867.0535,0.06,144,85,8,1596,,C#6,g,,,,,,,ng153_1Cs6e,1596,,gutim,153,
153,867.1285,0.3478,144,88,8,1597,,E6,,,,,,,,n153_1E6e,1597,,gutim,153,
153,867.1285,0.3478,144,94,22,1597,,Bb6,,,,,,,,n153_1Bb6e,1597,,gutim,153,
153,867.1285,0.3478,144,36,5,1597,,C2,,,,,,,,n153_5C2e,1597,,gutim,153,
153,867.5633,3.1304,144,66,11,1598,,F#4,,,,,,,,n153_1Fs4e,1598,,gutim,153,
153,867.5633,8.6957,144,35,4,1598,,B1,,,,,,,,n153_5B1e,1598,,gutim,153,
153,867.5633,0.3478,144,30,4,1598,,F#1,,,,,,,,n153_6Fs1e,1598,,gutim,153,
153,869.5199,7.1304,144,53,20,1599,,F3,,,,,,,,n153_6F3s,1599,,gutim,153,
153,871.4764,5.5652,144,23,14,1600,,B0,,,,,,,,n153_5B0q,1600,,gutim,153,
,,,,,,,,,,,,,,,,,,154,,,
154,874.0851,2.4783,144,62,11,1601,,D4,,,,,,,,n154_1D4h,1601,,gutim,154,
154,876.6938,1.6522,144,65,7,1602,,F4,,,,,,,,n154_1F4h,1602,,gutim,154,
154,878.3579,0.06,144,66,8,1603,,F#4,g,,,,,,,ng154_1Fs4e,1603,,gutim,154,
154,878.3579,0.06,144,72,8,1603,,C5,g,,,,,,,ng154_1C5e,1603,,gutim,154,
,,,,,,,7108,,,,,,,,,,,,gutim,,
,,,,,,,,,,,,,,,,,,155,,,
155,884.5199,0.0914,144,64,5,1604,,E4,,,,,,,,n155_5E4s,1604,,gutim,155,
155,884.615,0.0463,144,56,8,1605,,G#3,,,,,,,,n155_5Gs3t_0,1605,,gutim,155,
155,884.6636,0.0463,144,64,10,1606,,E4,,,,,,,,n155_5E4t,1606,,gutim,155,
155,884.7123,0.0463,144,56,11,1607,,G#3,,,,,,,,n155_5Gs3t_1,1607,,gutim,155,
155,884.761,0.0463,144,37,13,1608,,C#2,,,,,,,,n155_5Cs2t,1608,,gutim,155,
155,884.8097,0.0463,144,60,14,1609,,C4,,,,,,,,n155_5C4t_0,1609,,gutim,155,
155,884.8584,0.0463,144,56,16,1610,,Ab3,,,,,,,,n155_5Ab3t,1610,,gutim,155,
155,884.9071,0.0463,144,37,18,1611,,Db2,,,,,,,,n155_5Db2t,1611,,gutim,155,
155,884.9558,0.0463,144,46,19,1612,,Bb2,,,,,,,,n155_5Bb2t_0,1612,,gutim,155,
155,885.0045,0.0463,144,60,21,1613,,C4,,,,,,,,n155_5C4t_1,1613,,gutim,155,
155,885.0531,0.0463,144,46,22,1614,,Bb2,,,,,,,,n155_5Bb2t_1,1614,,gutim,155,
155,885.1018,0.2065,144,25,24,1615,,Db1,,,,,,,,n155_5Db1s,1615,,gutim,155,
155,885.3192,0.0562,144,25,24,1616,,Db1,,,,,,,,n155_5Db1t,1616,,gutim,155,
155,885.3894,0.8116,144,25,23,1617,,Db1,,,,,,,,n155_5Db1q,1617,,gutim,155,
155,885.3894,0.8116,144,34,23,1617,,Bb1,,,,,,,,n155_5Bb1q,1617,,gutim,155,
,,,,,,,,,,,,,,,,,,156,,,
156,886.4039,0.1159,144,25,13,1618,,Db1,,,,,,,,n156_5Db1s_1,1618,,gutim,156,
156,886.4039,0.1159,144,34,13,1618,,Bb1,,,,,,,,n156_5Bb1s_1,1618,,gutim,156,
156,886.5488,0.4638,144,25,11,1619,,Db1,,,,,,,,n156_5Db1q_0,1619,,gutim,156,
156,886.5488,0.4638,144,34,11,1619,,Bb1,,,,,,,,n156_5Bb1q_0,1619,,gutim,156,
156,887.1285,0.4638,144,25,14,1620,,Db1,,,,,,,,n156_5Db1q_1,1620,,gutim,156,
156,887.1285,0.4638,144,34,14,1620,,Bb1,,,,,,,,n156_5Bb1q_1,1620,,gutim,156,
,,,,,,,7109,,,,,,,,,,,,gutim,,
,,,,,,,,,,,,,,,,,,158,,,
158,897.1285,0.1739,144,43,14,1621,,G2,,,,,,,,n158_5G2s,1621,,gutim,158,
158,897.3459,0.1739,144,21,20,1622,,A0,,,,,,,,n158_5A0s_0,1622,,gutim,158,
158,897.5633,0.0828,144,51,17,1623,,D#3,,,,,,,,n158_5Ds3t_0,1623,,gutim,158,
158,897.6482,0.0828,144,47,17,1624,,B2,,,,,,,,n158_5B2t_0,1624,,gutim,158,
158,897.7354,0.0828,144,56,16,1625,,G#3,,,,,,,,n158_5Gs3t_0,1625,,gutim,158,
158,897.8226,0.0828,144,51,16,1626,,D#3,,,,,,,,n158_5Ds3t_1,1626,,gutim,158,
158,897.9098,0.0828,144,56,15,1627,,G#3,,,,,,,,n158_5Gs3t_1,1627,,gutim,158,
158,897.997,0.1237,144,51,15,1628,,D#3,,,,,,,,n158_5Ds3t_2,1628,,gutim,158,
158,897.9981,1.0435,144,45,14,1629,,A2,,,,,,,,n158_6A2q,1629,,gutim,158,
158,898.1272,0.1237,144,56,14,1630,,G#3,,,,,,,,n158_5Gs3t_2,1630,,gutim,158,
158,898.2574,0.0828,144,47,13,1631,,B2,,,,,,,,n158_5B2t_1,1631,,gutim,158,
158,898.3446,0.0828,144,56,13,1632,,G#3,,,,,,,,n158_5Gs3t_3,1632,,gutim,158,
158,898.4318,0.0914,144,33,12,1633,,A1,,,,,,,,n158_5A1t_0,1633,,gutim,158,
158,898.528,0.0914,144,43,12,1634,,G2,,,,,,,,n158_5G2t_0,1634,,gutim,158,
158,898.6242,0.0914,144,33,11,1635,,A1,,,,,,,,n158_5A1t_1,1635,,gutim,158,
158,898.7205,0.1377,144,43,11,1636,,G2,,,,,,,,n158_5G2t_1,1636,,gutim,158,
158,898.8654,0.0828,144,33,10,1637,,A1,,,,,,,,n158_5A1t_2,1637,,gutim,158,
158,898.9526,0.0828,144,43,9,1638,,G2,,,,,,,,n158_5G2t_2,1638,,gutim,158,
158,899.0398,0.0828,144,47,9,1639,,B2,,,,,,,,n158_5B2t_2,1639,,gutim,158,
158,899.127,0.0828,144,56,8,1640,,G#3,,,,,,,,n158_5Gs3t_4,1640,,gutim,158,
158,899.2141,0.0828,144,33,14,1641,,A1,,,,,,,,n158_5A1t_3,1641,,gutim,158,
158,899.3013,0.1237,144,43,14,1642,,G2,,,,,,,,n158_5G2t_3,1642,,gutim,158,
158,899.4315,0.0828,144,21,14,1643,,A0,,,,,,,,n158_5A0t,1643,,gutim,158,
158,899.5187,0.0828,144,31,14,1644,,G1,,,,,,,,n158_5G1t,1644,,gutim,158,
158,899.6059,0.1237,144,39,14,1645,,D#2,,,,,,,,n158_5Ds2t,1645,,gutim,158,
158,899.7361,0.1237,144,44,14,1646,,G#2,,,,,,,,n158_5Gs2t,1646,,gutim,158,
158,899.8663,0.1237,144,35,14,1647,,B1,,,,,,,,n158_5B1t,1647,,gutim,158,
158,899.9965,0.1667,144,21,14,1648,,A0,,,,,,,,n158_5A0s_1,1648,,gutim,158,
,,,,,,,7110,,,,,,,,,,,,gutim,,
,,,,,,,,,,,,,,,,,,159,,,
159,900.7517,2.3122,144,98,14,1649,,D7,,,,,,,,n159_1D7e,1649,,gutim,159,
159,903.5669,0.06,144,73,5,1650,,Db5,g,,,,,,,ng159_1Db5e,1650,,gutim,159,
159,903.6419,0.6957,144,73,5,1651,,Db5,,,,,,,,n159_1Db5q,1651,,gutim,159,
159,903.6419,0.6957,144,42,5,1651,,Gb2,,,,,,,,n159_5Gb2q,1651,,gutim,159,
159,904.5115,0.6957,144,41,17,1652,,F2,,,,,,,,n159_5F2s,1652,,gutim,159,
159,904.6539,0.06,144,84,17,1653,,C6,g,,,,,,,ng159_1C6e,1653,,gutim,159,
159,904.7289,0.5217,144,84,17,1654,,C6,,,,,,,,n159_1C6e,1654,,gutim,159,
159,904.7289,0.5217,144,64,18,1654,,E4,,,,,,,,n159_5E4e,1654,,gutim,159,
,,,,,,,,,,,,,,,,,,160,,,
160,905.3811,0.087,144,66,8,1655,,F#4,,,,,,,,n160_1Fs4t,1655,,gutim,160,
160,905.4898,2.6087,144,53,8,1656,,F3,,,,,,,,n160_1F3e_0,1656,,gutim,160,
160,906.2506,0.1739,144,43,11,1657,,G2,,,,,,,,n160_5G2s,1657,,gutim,160,
160,906.468,0.5217,144,43,14,1658,,G2,,,,,,,,n160_5G2e,1658,,gutim,160,
160,906.468,0.5217,144,53,14,1658,,F3,,,,,,,,n160_5F3e,1658,,gutim,160,
160,907.33,0.06,144,53,8,1659,,F3,g,,,,,,,ng160_5F3e,1659,,gutim,160,
160,907.405,0.06,144,42,8,1660,,F#2,g,,,,,,,ng160_5Fs2e,1660,,gutim,160,
160,907.48,0.06,144,64,8,1661,,E4,g,,,,,,,ng160_5E4e,1661,,gutim,160,
160,907.555,0.2065,144,36,7,1662,,C2,,,,,,,,n160_5C2s_0,1662,,gutim,160,
160,907.7724,1.0326,144,36,7,1663,,C2,,,,,,,,n160_5C2s_1,1663,,gutim,160,
160,907.7724,1.0326,144,44,7,1663,,Ab2,,,,,,,,n160_5Ab2s,1663,,gutim,160,
160,908.7506,0.087,144,53,5,1664,,F3,,,,,,,,n160_1F3t,1664,,gutim,160,
160,908.8593,0.6957,144,28,5,1665,,E1,,,,,,,,n160_1E1q,1665,,gutim,160,
160,908.8593,0.6957,144,53,5,1665,,F3,,,,,,,,n160_1F3q,1665,,gutim,160,
160,908.8593,0.0688,144,64,4,1665,,E4,,,,,,,,n160_5E4t,1665,,gutim,160,
160,908.9318,0.0688,144,24,3,1666,,C1,,,,,,,,n160_5C1t_0,1666,,gutim,160,
160,909.0042,0.0688,144,52,3,1667,,E3,,,,,,,,n160_5E3t_0,1667,,gutim,160,
160,909.0767,0.0688,144,41,3,1668,,F2,,,,,,,,n160_5F2t_0,1668,,gutim,160,
160,909.1492,0.0688,144,24,3,1669,,C1,,,,,,,,n160_5C1t_1,1669,,gutim,160,
160,909.2216,0.0688,144,32,3,1670,,Ab1,,,,,,,,n160_5Ab1t_0,1670,,gutim,160,
160,909.2216,0.0688,144,41,3,1670,,F2,,,,,,,,n160_5F2t_1,1670,,gutim,160,
160,909.2216,0.0688,144,52,3,1670,,E3,,,,,,,,n160_5E3t_1,1670,,gutim,160,
160,909.2941,0.0688,144,30,2,1671,,Gb1,,,,,,,,n160_5Gb1t_0,1671,,gutim,160,
160,909.3666,0.0688,144,41,2,1672,,F2,,,,,,,,n160_5F2t_2,1672,,gutim,160,
160,909.3666,0.0688,144,52,2,1672,,E3,,,,,,,,n160_5E3t_2,1672,,gutim,160,
160,909.439,0.2065,144,24,2,1673,,C1,,,,,,,,n160_5C1s,1673,,gutim,160,
160,909.439,0.2065,144,30,2,1673,,Gb1,,,,,,,,n160_5Gb1s,1673,,gutim,160,
160,909.6564,0.0688,144,30,2,1674,,Gb1,,,,,,,,n160_5Gb1t_1,1674,,gutim,160,
160,909.6564,0.0688,144,32,14,1674,,Ab1,,,,,,,,n160_5Ab1t_1,1674,,gutim,160,
,,,,,,,7113,,,,,,,,,,,,gutim,,
,,,,,,,,,,,,,,,,,,161,,,
161,911.9028,0.0914,144,86,11,1675,,D6,,,,,,,,n161_1D6t,1675,,gutim,161,
161,911.999,0.0914,144,102,12,1676,,F#7,,,,,,,,n161_1Fs7t,1676,,gutim,161,
161,912.0953,0.1377,144,100,12,1677,,E7,,,,,,,,n161_1E7t,1677,,gutim,161,
161,912.2402,0.0914,144,74,13,1678,,D5,,,,,,,,n161_1D5t,1678,,gutim,161,
161,912.3364,0.0828,144,88,14,1679,,E6,,,,,,,,n161_1E6t_0,1679,,gutim,161,
161,912.4236,0.0828,144,82,15,1680,,Bb5,,,,,,,,n161_1Bb5t_0,1680,,gutim,161,
161,912.5108,0.1237,144,88,15,1681,,E6,,,,,,,,n161_1E6t_1,1681,,gutim,161,
161,912.641,0.1237,144,62,16,1682,,D4,,,,,,,,n161_1D4t,1682,,gutim,161,
161,912.7712,0.1377,144,82,17,1683,,Bb5,,,,,,,,n161_1Bb5t_1,1683,,gutim,161,
161,912.9162,0.0914,144,90,18,1684,,F#6,,,,,,,,n161_1Fs6t,1684,,gutim,161,
161,913.0124,0.0914,144,76,19,1685,,E5,,,,,,,,n161_1E5t,1685,,gutim,161,
161,913.1086,0.0914,144,70,19,1686,,Bb4,,,,,,,,n161_1Bb4t,1686,,gutim,161,
161,913.2049,0.2319,144,51,20,1687,,Eb3,,,,,,,,n161_1Eb3e,1687,,gutim,161,
161,913.2049,0.2319,144,98,22,1687,,D7,,,,,,,,n161_1D7e,1687,,gutim,161,
161,913.2049,0.2319,144,102,20,1687,,F#7,,,,,,,,n161_1Fs7e,1687,,gutim,161,
161,913.4947,0.4656,144,98,20,1688,,D7,,,,,,,,n161_1D7q,1688,,gutim,161,
161,913.497,0.4638,144,42,20,1688,,F#2,,,,,,,,n161_6Fs2q,1688,,gutim,161,
161,913.6419,0.0697,144,28,8,1689,,E1,,,,,,,,n161_5E1t_0,1689,,gutim,161,
161,913.7291,0.0697,144,36,7,1690,,C2,,,,,,,,n161_5C2t_0,1690,,gutim,161,
161,913.8163,0.0697,144,28,5,1691,,E1,,,,,,,,n161_5E1t_1,1691,,gutim,161,
161,913.9035,0.0697,144,36,4,1692,,C2,,,,,,,,n161_5C2t_1,1692,,gutim,161,
161,913.9907,0.0688,144,32,2,1693,,Ab1,,,,,,,,n161_5Ab1t,1693,,gutim,161,
,,,,,,,,,,,,,,,,,,162,,,
162,917.555,0.6957,144,80,20,1694,,G#5,,,,,,,,n162_1Gs5q_0,1694,,gutim,162,
162,917.555,0.6957,144,102,20,1694,,F#7,,,,,,,,n162_1Fs7q_0,1694,,gutim,162,
162,918.4245,0.0688,144,92,11,1695,,G#6,,,,,,,,n162_1Gs6t,1695,,gutim,162,
162,918.4245,0.0688,144,102,11,1695,,F#7,,,,,,,,n162_1Fs7t,1695,,gutim,162,
162,918.497,0.0688,144,96,12,1696,,C7,,,,,,,,n162_1C7t,1696,,gutim,162,
162,918.5695,0.0688,144,64,12,1697,,E4,,,,,,,,n162_1E4t_0,1697,,gutim,162,
162,918.6419,0.0688,144,84,13,1698,,C6,,,,,,,,n162_1C6t,1698,,gutim,162,
162,918.7144,0.0688,144,53,14,1699,,F3,,,,,,,,n162_1F3t_0,1699,,gutim,162,
162,918.7869,0.0688,144,64,15,1700,,E4,,,,,,,,n162_1E4t_1,1700,,gutim,162,
162,918.8593,0.0688,144,53,16,1701,,F3,,,,,,,,n162_1F3t_1,1701,,gutim,162,
162,918.9318,0.0688,144,64,16,1702,,E4,,,,,,,,n162_1E4t_2,1702,,gutim,162,
162,919.0042,0.0688,144,53,17,1703,,F3,,,,,,,,n162_1F3t_2,1703,,gutim,162,
162,919.2941,0.2319,144,70,11,1704,,Bb4,,,,,,,,n162_1Bb4e,1704,,gutim,162,
162,919.2941,0.2319,144,76,11,1704,,E5,,,,,,,,n162_1E5e,1704,,gutim,162,
162,919.2941,0.2319,144,78,11,1704,,F#5,,,,,,,,n162_1Fs5e,1704,,gutim,162,
162,919.2941,0.2319,144,51,11,1704,,Eb3,,,,,,,,n162_5Eb3e,1704,,gutim,162,
162,919.2941,0.2319,144,62,11,1704,,D4,,,,,,,,n162_5D4e,1704,,gutim,162,
162,919.584,0.4638,144,80,8,1705,,G#5,,,,,,,,n162_1Gs5q_1,1705,,gutim,162,
162,919.584,0.4638,144,84,8,1705,,C6,,,,,,,,n162_1C6q,1705,,gutim,162,
162,919.584,0.4638,144,90,8,1705,,F#6,,,,,,,,n162_1Fs6q,1705,,gutim,162,
162,919.8013,0.0688,144,41,8,1706,,F2,,,,,,,,n162_5F2t_0,1706,,gutim,162,
162,919.8738,0.0688,144,52,8,1707,,E3,,,,,,,,n162_5E3t,1707,,gutim,162,
162,919.9463,0.0688,144,41,8,1708,,F2,,,,,,,,n162_5F2t_1,1708,,gutim,162,
162,920.0187,0.1377,144,52,8,1709,,E3,,,,,,,,n162_5E3s,1709,,gutim,162,
162,920.1637,1.3913,144,82,5,1710,,Bb5,,,,,,,,n162_1Bb5h,1710,,gutim,162,
162,920.1637,1.3913,144,88,5,1710,,E6,,,,,,,,n162_1E6h,1710,,gutim,162,
162,920.1637,1.3913,144,90,5,1710,,F#6,,,,,,,,n162_1Fs6h,1710,,gutim,162,
162,920.1637,1.3913,144,39,5,1710,,Eb2,,,,,,,,n162_5Eb2h,1710,,gutim,162,
162,920.1637,1.3913,144,50,5,1710,,D3,,,,,,,,n162_5D3h,1710,,gutim,162,
162,921.9028,0.2319,144,92,5,1711,,G#6,,,,,,,,n162_1Gs6e,1711,,gutim,162,
162,921.9028,0.2319,144,96,5,1711,,C7,,,,,,,,n162_1C7e,1711,,gutim,162,
162,921.9028,0.2319,144,102,5,1711,,F#7,,,,,,,,n162_1Fs7e,1711,,gutim,162,
162,921.9028,0.2319,144,29,5,1711,,F1,,,,,,,,n162_5F1e,1711,,gutim,162,
162,921.9028,0.2319,144,40,14,1711,,E2,,,,,,,,n162_5E2e,1711,,gutim,162,
162,922.1926,1.1594,144,94,5,1712,,Bb6,,,,,,,,n162_1Bb6q_0,1712,,gutim,162,
162,922.1926,1.1594,144,100,5,1712,,E7,,,,,,,,n162_1E7q_0,1712,,gutim,162,
162,922.1926,1.1594,144,102,5,1712,,F#7,,,,,,,,n162_1Fs7q_1,1712,,gutim,162,
162,922.1926,1.1594,144,27,5,1712,,Eb1,,,,,,,,n162_5Eb1q_0,1712,,gutim,162,
162,922.1926,1.1594,144,38,5,1712,,D2,,,,,,,,n162_5D2q_0,1712,,gutim,162,
,,,,,,,,,,,,,,,,,,163,,,
163,923.6419,0.9275,144,92,5,1713,,G#6,,,,,,,,n163_1Gs6h,1713,,gutim,163,
163,923.6419,0.9275,144,96,5,1713,,C7,,,,,,,,n163_1C7h,1713,,gutim,163,
163,923.6419,0.9275,144,102,5,1713,,F#7,,,,,,,,n163_1Fs7h_0,1713,,gutim,163,
163,923.6419,0.9275,144,29,5,1713,,F1,,,,,,,,n163_5F1h,1713,,gutim,163,
163,923.6419,0.9275,144,40,5,1713,,E2,,,,,,,,n163_5E2h,1713,,gutim,163,
163,924.8013,1.8551,144,94,5,1714,,Bb6,,,,,,,,n163_1Bb6q,1714,,gutim,163,
163,924.8013,1.8551,144,100,5,1714,,E7,,,,,,,,n163_1E7q,1714,,gutim,163,
163,924.8013,1.8551,144,102,5,1714,,F#7,,,,,,,,n163_1Fs7q,1714,,gutim,163,
163,924.8013,1.8551,144,27,5,1714,,Eb1,,,,,,,,n163_5Eb1q,1714,,gutim,163,
163,924.8013,1.8551,144,38,5,1714,,D2,,,,,,,,n163_5D2q,1714,,gutim,163,
163,927.1202,3.8012,144,68,5,1715,,G#4,,,,,,,,n163_1Gs4h,1715,,gutim,163,
163,927.1202,3.8012,144,72,5,1715,,C5,,,,,,,,n163_1C5h,1715,,gutim,163,
163,927.1202,3.8012,144,78,5,1715,,F#5,,,,,,,,n163_1Fs5h,1715,,gutim,163,
163,927.1202,3.8012,144,53,5,1715,,F3,,,,,,,,n163_5F3h,1715,,gutim,163,
163,927.1202,3.8012,144,64,5,1715,,E4,,,,,,,,n163_5E4h,1715,,gutim,163,
,,,,,,,,,,,,,,,,,,164,,,
164,931.8717,7.125,144,70,8,1716,,Bb4,,,,,,,,n164_1Bb4w,1716,,gutim,164,
164,931.8717,6.0,144,76,8,1716,,E5,,,,,,,,n164_1E5w,1716,,gutim,164,
164,931.8717,6.0,144,78,8,1716,,F#5,,,,,,,,n164_1Fs5w,1716,,gutim,164,
164,931.8717,7.125,144,51,8,1716,,Eb3,,,,,,,,n164_5Eb3w,1716,,gutim,164,
164,931.8717,6.0,144,62,8,1716,,D4,,,,,,,,n164_5D4w,1716,,gutim,164,
,,,,,,,,,,,,,,,,,,165,,,
165,939.3717,7.4069,144,45,14,1717,,A2,,,,,,,,n165_5A2w,1717,,gutim,165,
165,939.3717,0.8571,144,36,14,1717,,C2,,,,,,,,n165_6C2q,1717,,gutim,165,
,,,,,,,7117,,,,,,,,,,,,gutim,,
165,940.4432,0.1074,144,97,8,1718,,C#7,,,,,,,,n165_1Cs7t,1718,,gutim,165,
165,940.5774,0.1079,144,50,6,1719,,D3,,,,,,,,n165_1D3t,1719,,gutim,165,
165,940.7122,0.2172,144,76,5,1720,,E5,,,,,,,,n165_1E5s_0,1720,,gutim,165,
165,942.3793,0.2727,144,85,5,1721,,C#6,,,,,,,,n165_1Cs6s,1721,,gutim,165,
165,942.6664,0.2754,144,72,9,1722,,C5,,,,,,,,n165_1C5s,1722,,gutim,165,
165,942.9563,0.2781,144,76,5,1723,,E5,,,,,,,,n165_1E5s_1,1723,,gutim,165,
,,,,,,,,,,,,,,,,,,166,,,
166,946.3445,0.0871,144,39,11,1724,,D#2,,,,,,,,n166_1Ds2t,1724,,gutim,166,
166,946.4534,0.0874,144,58,10,1725,,A#3,,,,,,,,n166_1As3t,1725,,gutim,166,
166,946.5627,0.0878,144,49,8,1726,,C#3,,,,,,,,n166_1Cs3t,1726,,gutim,166,
166,946.6723,6.6336,144,56,22,1727,,G#3,,,,,,,,n166_1Gs3e,1727,,gutim,166,
166,950.5373,0.4034,144,66,22,1728,,F#4,,,,,,,,n166_5Fs4e,1728,,gutim,166,
166,951.0415,0.8277,144,23,22,1729,,B0,,,,,,,,n166_5B0q,1729,,gutim,166,
166,951.684,0.3137,144,74,8,1730,,D5,,,,,,,,n166_2D5s,1730,,gutim,166,
166,951.684,0.3137,144,72,20,1730,,C5,,,,,,,,n166_6C5s,1730,,gutim,166,
166,952.0761,2.3002,144,62,22,1731,,D4,,,,,,,,n166_2D4h,1731,,gutim,166,
166,952.6024,0.8421,144,53,5,1732,,F3,,,,,,,,n166_6F3q,1732,,gutim,166,
,,,,,,,,,,,,,,,,,,167,,,
167,954.7662,0.4444,144,89,22,1733,,F6,,,,,,,,n167_1F6e,1733,,gutim,167,
167,954.7662,0.5926,144,30,5,1733,,Gb1,,,,,,,,n167_5Gb1q,1733,,gutim,167,
167,954.9514,0.037,144,94,22,1734,,Bb6,,,,,,,,n167_2Bb6x,1734,,gutim,167,
167,954.9977,0.037,144,65,22,1735,,F4,,,,,,,,n167_2F4x,1735,,gutim,167,
167,955.0977,0.06,144,62,21,1736,,D4,g,,,,,,,ng167_2D4e,1736,,gutim,167,
167,955.1727,0.06,144,66,20,1737,,Gb4,g,,,,,,,ng167_2Gb4e,1737,,gutim,167,
167,955.2477,0.06,144,65,18,1738,,F4,g,,,,,,,ng167_2F4e,1738,,gutim,167,
167,955.3227,0.2222,144,66,17,1739,,Gb4,,,,,,,,n167_2Gb4s,1739,,gutim,167,
167,955.4227,0.06,144,76,22,1740,,E5,g,,,,,,,ng167_2E5e,1740,,gutim,167,
167,955.4977,0.06,144,58,22,1741,,Bb3,g,,,,,,,ng167_2Bb3e,1741,,gutim,167,
167,955.5727,0.06,144,73,22,1742,,Db5,g,,,,,,,ng167_2Db5e,1742,,gutim,167,
167,955.8329,0.2963,144,44,5,1743,,Ab2,,,,,,,,n167_5Ab2e,1743,,gutim,167,
167,955.9255,0.8889,144,45,22,1744,,A2,,,,,,,,n167_2A2s,1744,,gutim,167,
167,957.0366,0.2222,144,62,16,1745,,D4,,,,,,,,n167_2D4s_1,1745,,gutim,167,
167,957.3143,0.1111,144,76,14,1746,,E5,,,,,,,,n167_1E5t,1746,,gutim,167,
167,957.3143,0.0556,144,76,14,1746,,E5,,,,,,,,n167_2E5x_0,1746,,gutim,167,
167,957.3838,0.0556,144,57,11,1747,,A3,,,,,,,,n167_2A3x,1747,,gutim,167,
167,957.4532,0.1111,144,89,17,1748,,F6,,,,,,,,n167_1F6t,1748,,gutim,167,
167,957.4532,0.0556,144,72,10,1748,,C5,,,,,,,,n167_2C5x_0,1748,,gutim,167,
167,957.5227,0.0556,144,76,10,1749,,E5,,,,,,,,n167_2E5x_1,1749,,gutim,167,
167,957.5921,2.4444,144,61,18,1750,,C#4,,,,,,,,n167_1Cs4e,1750,,gutim,167,
167,957.5921,1.2593,144,56,8,1750,,G#3,,,,,,,,n167_2Gs3e,1750,,gutim,167,
167,959.1662,1.2963,144,72,4,1751,,C5,,,,,,,,n167_2C5e,1751,,gutim,167,
167,960.7866,0.1111,144,62,14,1752,,D4,,,,,,,,n167_2D4t,1752,,gutim,167,
167,960.7866,0.066,144,62,5,1752,,D4,,,,,,,,n167_5D4x,1752,,gutim,167,
167,960.856,0.066,144,52,5,1753,,E3,,,,,,,,n167_5E3x,1753,,gutim,167,
167,960.9255,0.1111,144,93,5,1754,,A6,,,,,,,,n167_2A6t,1754,,gutim,167,
167,961.0643,0.1111,144,56,5,1755,,G#3,,,,,,,,n167_2Gs3t,1755,,gutim,167,
167,961.2032,1.3333,144,45,5,1756,,A2,,,,,,,,n167_5A2q,1756,,gutim,167,
167,961.7588,0.088,144,35,5,1757,,B1,,,,,,,,n167_2B1t,1757,,gutim,167,
167,961.8514,0.088,144,65,5,1758,,F4,,,,,,,,n167_2F4t,1758,,gutim,167,
167,961.944,0.044,144,62,4,1759,,D4,,,,,,,,n167_2D4x,1759,,gutim,167,
167,961.9903,0.044,144,72,14,1760,,C5,,,,,,,,n167_2C5x_1,1760,,gutim,167,
,,,,,,,7122,,,,,,,,,,,,gutim,,
,,,,,,,,,,,,,,,,,,168,,,
168,969.1073,0.0909,144,88,11,1761,,E6,,,,,,,,n168_1E6t_0,1761,,gutim,168,
168,969.2209,0.0909,144,62,14,1762,,D4,,,,,,,,n168_1D4t,1762,,gutim,168,
168,969.2209,0.0909,144,88,14,1762,,E6,,,,,,,,n168_1E6t_1,1762,,gutim,168,
,,,,,,,,,,,,,,,,,,169,,,
169,969.3345,0.2586,144,90,17,1763,,F#6,,,,,,,,n169_1Fs6s,1763,,gutim,169,
169,969.6068,0.0866,144,51,14,1764,,D#3,,,,,,,,n169_1Ds3t,1764,,gutim,169,
169,969.6979,0.0866,144,70,11,1765,,A#4,,,,,,,,n169_1As4t,1765,,gutim,169,
169,969.7891,0.7273,144,62,5,1766,,D4,,,,,,,,n169_1D4e_0,1766,,gutim,169,
169,969.7891,0.7273,144,66,5,1766,,F#4,,,,,,,,n169_1Fs4e_0,1766,,gutim,169,
169,969.7891,0.7273,144,76,5,1766,,E5,,,,,,,,n169_1E5e_0,1766,,gutim,169,
169,970.6982,1.0909,144,62,14,1767,,D4,,,,,,,,n169_1D4e_2,1767,,gutim,169,
169,970.6982,1.0909,144,66,14,1767,,F#4,,,,,,,,n169_1Fs4e_2,1767,,gutim,169,
169,970.6982,1.0909,144,76,14,1767,,E5,,,,,,,,n169_1E5e_2,1767,,gutim,169,
169,970.6982,1.0909,144,94,20,1767,,A#6,,,,,,,,n169_1As6e,1767,,gutim,169,
169,972.0618,0.0956,144,92,5,1768,,Ab6,,,,,,,,n169_1Ab6t_0,1768,,gutim,169,
169,972.1624,0.0484,144,96,6,1769,,C7,,,,,,,,n169_1C7x_0,1769,,gutim,169,
169,972.2133,0.0956,144,102,6,1770,,Gb7,,,,,,,,n169_1Gb7t_0,1770,,gutim,169,
169,972.3139,0.0956,144,92,7,1771,,Ab6,,,,,,,,n169_1Ab6t_1,1771,,gutim,169,
169,972.4146,0.0956,144,96,8,1772,,C7,,,,,,,,n169_1C7t_0,1772,,gutim,169,
169,972.5152,0.0956,144,80,9,1773,,Ab5,,,,,,,,n169_1Ab5t_0,1773,,gutim,169,
169,972.6158,0.0484,144,96,10,1774,,C7,,,,,,,,n169_1C7x_1,1774,,gutim,169,
169,972.6667,0.0956,144,102,11,1775,,Gb7,,,,,,,,n169_1Gb7t_1,1775,,gutim,169,
169,972.7673,0.0956,144,80,12,1776,,Ab5,,,,,,,,n169_1Ab5t_1,1776,,gutim,169,
169,972.8679,0.0956,144,84,12,1777,,C6,,,,,,,,n169_1C6t_0,1777,,gutim,169,
169,972.9685,0.0765,144,68,13,1778,,Ab4,,,,,,,,n169_1Ab4t_0,1778,,gutim,169,
169,972.9685,0.0956,144,84,13,1778,,C6,,,,,,,,n169_1C6t_1,1778,,gutim,169,
169,972.9685,0.0956,144,90,13,1778,,Gb6,,,,,,,,n169_1Gb6t,1778,,gutim,169,
169,973.0692,0.0484,144,96,14,1779,,C7,,,,,,,,n169_1C7x_2,1779,,gutim,169,
169,973.1201,0.0956,144,102,15,1780,,Gb7,,,,,,,,n169_1Gb7t_2,1780,,gutim,169,
169,973.2207,0.0956,144,80,16,1781,,Ab5,,,,,,,,n169_1Ab5t_2,1781,,gutim,169,
169,973.3213,0.0956,144,96,17,1782,,C7,,,,,,,,n169_1C7t_1,1782,,gutim,169,
169,973.4219,0.0765,144,68,18,1783,,Ab4,,,,,,,,n169_1Ab4t_1,1783,,gutim,169,
169,973.4219,0.0956,144,96,18,1783,,C7,,,,,,,,n169_1C7t_2,1783,,gutim,169,
169,973.4219,0.0956,144,102,18,1783,,Gb7,,,,,,,,n169_1Gb7t_3,1783,,gutim,169,
169,973.5225,0.0484,144,96,19,1784,,C7,,,,,,,,n169_1C7x_3,1784,,gutim,169,
169,973.5734,0.0956,144,102,19,1785,,Gb7,,,,,,,,n169_1Gb7t_4,1785,,gutim,169,
169,973.674,0.0956,144,68,20,1786,,Ab4,,,,,,,,n169_1Ab4t_2,1786,,gutim,169,
169,973.7746,0.0956,144,84,20,1787,,C6,,,,,,,,n169_1C6t_2,1787,,gutim,169,
169,973.8753,0.1439,144,74,8,1788,,D5,,,,,,,,n169_1D5t_0,1788,,gutim,169,
169,974.0268,0.0956,144,103,10,1789,,G7,,,,,,,,n169_1G7t_0,1789,,gutim,169,
169,974.1274,0.1439,144,80,11,1790,,Ab5,,,,,,,,n169_1Ab5t_3,1790,,gutim,169,
169,974.2789,0.1439,144,86,13,1791,,D6,,,,,,,,n169_1D6t,1791,,gutim,169,
169,974.4304,0.1439,144,103,14,1792,,G7,,,,,,,,n169_1G7t_1,1792,,gutim,169,
169,974.5819,0.0956,144,66,16,1793,,F#4,,,,,,,,n169_1Fs4t_0,1793,,gutim,169,
169,974.6826,0.0956,144,74,17,1794,,D5,,,,,,,,n169_1D5t_1,1794,,gutim,169,
169,974.7832,0.0765,144,66,19,1795,,F#4,,,,,,,,n169_1Fs4t_1,1795,,gutim,169,
169,974.7832,0.0956,144,74,19,1795,,D5,,,,,,,,n169_1D5t_2,1795,,gutim,169,
169,974.7832,0.0956,144,91,19,1795,,G6,,,,,,,,n169_1G6t,1795,,gutim,169,
169,974.8838,0.0956,144,80,20,1796,,Ab5,,,,,,,,n169_1Ab5t_4,1796,,gutim,169,
169,974.9844,0.0956,144,74,21,1797,,D5,,,,,,,,n169_1D5t_3,1797,,gutim,169,
169,975.085,0.4905,144,80,22,1798,,Ab5,,,,,,,,n169_1Ab5e,1798,,gutim,169,
169,975.085,0.4905,144,91,22,1798,,G6,,,,,,,,n169_1G6e,1798,,gutim,169,
169,975.2436,0.0866,144,44,22,1799,,Ab2,,,,,,,,n169_5Ab2t_0,1799,,gutim,169,
169,975.3348,0.0866,144,60,22,1800,,C4,,,,,,,,n169_5C4t,1800,,gutim,169,
169,975.4259,0.0866,144,66,22,1801,,Gb4,,,,,,,,n169_5Gb4t,1801,,gutim,169,
169,975.5171,0.0866,144,44,22,1802,,Ab2,,,,,,,,n169_5Ab2t_1,1802,,gutim,169,
169,975.6082,0.0866,144,48,22,1803,,C3,,,,,,,,n169_5C3t,1803,,gutim,169,
169,975.6994,0.0956,144,30,20,1804,,Gb1,,,,,,,,n169_5Gb1t_0,1804,,gutim,169,
169,975.8,0.1439,144,46,21,1805,,Bb2,,,,,,,,n169_5Bb2t,1805,,gutim,169,
169,975.9515,0.0956,144,30,22,1806,,Gb1,,,,,,,,n169_5Gb1t_1,1806,,gutim,169,
169,976.0521,0.0956,144,38,22,1807,,D2,,,,,,,,n169_5D2t_0,1807,,gutim,169,
169,976.1527,0.3636,144,32,8,1808,,Ab1,,,,,,,,n169_1Ab1e,1808,,gutim,169,
169,976.1527,0.3636,144,60,22,1808,,C4,,,,,,,,n169_1C4e,1808,,gutim,169,
169,976.1527,0.3636,144,67,22,1808,,G4,,,,,,,,n169_1G4e,1808,,gutim,169,
169,976.1527,0.1439,144,44,23,1808,,Ab2,,,,,,,,n169_5Ab2t_2,1808,,gutim,169,
169,976.3042,0.1439,144,38,24,1809,,D2,,,,,,,,n169_5D2t_1,1809,,gutim,169,
169,976.4558,0.1439,144,79,24,1810,,G5,,,,,,,,n169_5G5t,1810,,gutim,169,
,,,,,,,,,,,,,,,,,,170,,,
170,976.6073,2.9091,144,82,14,1811,,Bb5,,,,,,,,n170_1Bb5w,1811,,gutim,170,
170,976.6073,2.9091,144,56,14,1811,,Ab3,,,,,,,,n170_5Ab3w,1811,,gutim,170,
170,976.6073,2.9091,144,60,14,1811,,C4,,,,,,,,n170_5C4w,1811,,gutim,170,
170,976.6073,2.9091,144,66,14,1811,,Gb4,,,,,,,,n170_5Gb4w,1811,,gutim,170,
170,981.6073,0.0866,144,56,14,1812,,Ab3,,,,,,,,n170_1Ab3t_0,1812,,gutim,170,
170,981.6984,0.0866,144,60,14,1813,,C4,,,,,,,,n170_1C4t_0,1813,,gutim,170,
170,981.7896,0.0866,144,66,14,1814,,Gb4,,,,,,,,n170_1Gb4t,1814,,gutim,170,
170,981.8807,0.0866,144,56,14,1815,,Ab3,,,,,,,,n170_1Ab3t_1,1815,,gutim,170,
170,981.9719,0.0855,144,60,14,1816,,C4,,,,,,,,n170_1C4t_1,1816,,gutim,170,
170,982.5164,0.8636,144,44,14,1817,,Ab2,,,,,,,,n170_5Ab2q,1817,,gutim,170,
170,983.4255,1.0909,144,44,14,1818,,Ab2,,,,,,,,n170_5Ab2e,1818,,gutim,170,
170,983.4255,1.0909,144,48,14,1818,,C3,,,,,,,,n170_5C3e,1818,,gutim,170,
,,,,,,,,,,,,,,,,,,171,,,
171,984.7891,0.2907,144,29,14,1819,,F1,,,,,,,,n171_5F1e,1819,,gutim,171,
171,985.1525,0.0866,144,29,14,1820,,F1,,,,,,,,n171_5F1t_0,1820,,gutim,171,
171,985.2436,0.0866,144,40,14,1821,,E2,,,,,,,,n171_5E2t,1821,,gutim,171,
171,985.3348,0.0866,144,29,14,1822,,F1,,,,,,,,n171_5F1t_1,1822,,gutim,171,
171,985.4259,0.2586,144,40,14,1823,,E2,,,,,,,,n171_5E2s,1823,,gutim,171,
,,,,,,,,,,,,,,,,,,172,,,
172,990.2436,0.7273,144,83,14,1824,,B5,,,,,,,,n172_1B5q,1824,,gutim,172,
172,990.2436,0.2424,144,73,14,1824,,C#5,,,,,,,,n172_2Cs5e,1824,,gutim,172,
172,990.5467,0.2424,144,30,14,1825,,F#1,,,,,,,,n172_2Fs1e,1825,,gutim,172,
172,990.8497,0.2424,144,95,14,1826,,B6,,,,,,,,n172_2B6e,1826,,gutim,172,
172,990.8497,0.2424,144,98,14,1826,,D7,,,,,,,,n172_2D7e,1826,,gutim,172,
,,,,,,,7127,,,,,,,,,,,,gutim,,
,,,,,,,,,,,,,,,,,,173,,,
173,994.7891,1.8462,144,71,20,1827,,B4,,,,,,,,n173_1B4w,1827,,gutim,173,
173,994.7891,0.3077,144,61,14,1827,,C#4,,,,,,,,n173_2Cs4q,1827,,gutim,173,
173,994.7891,0.0962,144,24,14,1827,,C1,,,,,,,,n173_5C1e,1827,,gutim,173,
173,994.7891,0.1538,144,59,14,1827,,B3,,,,,,,,n173_5B3e,1827,,gutim,173,
173,994.7891,1.8462,144,31,14,1827,,G1,,,,,,,,n173_6G1w,1827,,gutim,173,
173,995.1737,0.1827,144,32,11,1828,,Ab1,,,,,,,,n173_5Ab1e,1828,,gutim,173,
173,995.5583,0.3077,144,55,9,1829,,G3,,,,,,,,n173_5G3q,1829,,gutim,173,
173,995.8679,0.06,144,61,8,1830,,Db4,g,,,,,,,ng173_5Db4e,1830,,gutim,173,
173,995.9429,0.9231,144,27,8,1831,,Eb1,,,,,,,,n173_5Eb1h,1831,,gutim,173,
173,997.5237,0.06,144,73,8,1832,,C#5,g,,,,,,,ng173_5Cs5e,1832,,gutim,173,
173,997.5987,0.06,144,53,4,1833,,F3,g,,,,,,,ng173_5F3e,1833,,gutim,173,
,,,,,,,,,,,,,,,,,,174,,,
174,997.6737,0.4615,144,86,20,1834,,D6,,,,,,,,n174_1D6q,1834,,gutim,174,
174,997.6737,2.7473,144,73,20,1834,,C#5,,,,,,,,n174_2Cs5w,1834,,gutim,174,
174,997.6737,0.1154,144,56,20,1834,,G#3,,,,,,,,n174_5Gs3s,1834,,gutim,174,
174,997.8179,0.1154,144,93,20,1835,,A6,,,,,,,,n174_5A6s,1835,,gutim,174,
174,997.9622,2.5165,144,64,11,1836,,E4,,,,,,,,n174_5E4e,1836,,gutim,174,
174,998.2506,6.8571,144,52,22,1837,,E3,,,,,,,,n174_6E3w,1837,,gutim,174,
,,,,,,,,,,,,,,,,,,175,,,
175,1005.8697,4.907,144,86,20,1838,,D6,,,,,,,,n175_1D6q,1838,,gutim,175,
175,1005.8697,0.381,144,30,22,1838,,F#1,,,,,,,,n175_5Fs1q,1838,,gutim,175,
175,1005.8697,0.7619,144,36,22,1838,,C2,,,,,,,,n175_5C2q,1838,,gutim,175,
175,1006.7471,0.06,144,52,14,1839,,E3,g,,,,,,,ng175_5E3e,1839,,gutim,175,
,,,,,,,,,,,,,,,,,,176,,,
176,1010.888,0.9524,144,45,22,1840,,A2,,,,,,,,n176_5A2s,1840,,gutim,176,
,,,,,,,,,,,,,,,,,,177,,,
177,1013.0309,1.5238,144,81,22,1841,,A5,,,,,,,,n177_1A5h,1841,,gutim,177,
177,1013.0309,0.381,144,97,17,1841,,C#7,,,,,,,,n177_2Cs7e,1841,,gutim,177,
177,1013.507,0.381,144,50,20,1842,,D3,,,,,,,,n177_2D3e,1842,,gutim,177,
177,1013.9832,0.7619,144,72,22,1843,,C5,,,,,,,,n177_2C5q,1843,,gutim,177,
177,1013.9832,0.2857,144,45,14,1843,,A2,,,,,,,,n177_5A2s,1843,,gutim,177,
177,1014.3404,0.0952,144,101,11,1844,,F7,,,,,,,,n177_5F7t,1844,,gutim,177,
177,1014.4594,0.7619,144,34,10,1845,,Bb1,,,,,,,,n177_5Bb1e_0,1845,,gutim,177,
177,1014.9356,1.5238,144,88,20,1846,,E6,,,,,,,,n177_1E6q_0,1846,,gutim,177,
177,1014.9356,0.9524,144,76,24,1846,,E5,,,,,,,,n177_2E5q,1846,,gutim,177,
177,1015.4118,0.8571,144,42,8,1847,,Gb2,,,,,,,,n177_5Gb2e_0,1847,,gutim,177,
177,1016.1261,0.0952,144,73,14,1848,,Db5,,,,,,,,n177_2Db5t,1848,,gutim,177,
177,1016.2451,0.1905,144,58,14,1849,,Bb3,,,,,,,,n177_2Bb3s,1849,,gutim,177,
,,,,,,,7131,,,,,,,,,,,,gutim,,
,,,,,,,,,,,,,,,,,,180,,,
180,1023.9077,0.2308,144,81,8,1850,,A5,,,,,,,,n180_2A5e,1850,,gutim,180,
180,1024.1962,0.274,144,53,6,1851,,F3,,,,,,,,n180_2F3s_0,1851,,gutim,180,
180,1024.4846,0.137,144,49,5,1852,,Db3,,,,,,,,n180_2Db3s,1852,,gutim,180,
180,1024.4846,0.1154,144,71,5,1852,,B4,,,,,,,,n180_5B4s,1852,,gutim,180,
180,1024.6288,0.1154,144,64,4,1853,,E4,,,,,,,,n180_5E4s,1853,,gutim,180,
180,1024.7731,0.1154,144,54,3,1854,,F#3,,,,,,,,n180_5Fs3s,1854,,gutim,180,
180,1024.8731,0.06,144,58,22,1855,,Bb3,g,,,,,,,ng180_5Bb3e,1855,,gutim,180,
180,1024.9481,1.8462,144,45,2,1856,,A2,,,,,,,,n180_5A2q,1856,,gutim,180,
,,,,,,,,,,,,,,,,,,181,,,
181,1025.525,0.9231,144,81,14,1857,,A5,,,,,,,,n181_1A5h,1857,,gutim,181,
181,1026.1019,0.5481,144,71,5,1858,,B4,,,,,,,,n181_2B4q,1858,,gutim,181,
181,1026.6788,0.5481,144,86,6,1859,,D6,,,,,,,,n181_2D6q,1859,,gutim,181,
181,1026.6788,5.5385,144,55,20,1859,,G3,,,,,,,,n181_6G3h,1859,,gutim,181,
181,1027.2558,0.0685,144,89,2,1860,,F6,,,,,,,,n181_2F6t,1860,,gutim,181,
181,1027.2558,0.0685,144,100,2,1860,,E7,,,,,,,,n181_2E7t,1860,,gutim,181,
181,1027.2558,0.2308,144,42,8,1860,,F#2,,,,,,,,n181_5Fs2e,1860,,gutim,181,
181,1027.3279,0.0685,144,92,2,1861,,Ab6,,,,,,,,n181_2Ab6t,1861,,gutim,181,
,,,,,,,,,,,,,,,,,,182,,,
182,1027.8327,1.8462,144,77,24,1862,,F5,,,,,,,,n182_2F5w,1862,,gutim,182,
182,1027.8327,1.8462,144,84,24,1862,,C6,,,,,,,,n182_2C6w,1862,,gutim,182,
182,1028.1212,0.2308,144,42,8,1863,,Gb2,,,,,,,,n182_5Gb2e,1863,,gutim,182,
182,1028.1212,0.2308,144,56,8,1863,,Ab3,,,,,,,,n182_5Ab3e,1863,,gutim,182,
182,1028.4096,1.3846,144,31,17,1864,,G1,,,,,,,,n182_5G1h,1864,,gutim,182,
182,1028.9865,0.9231,144,64,17,1865,,E4,,,,,,,,n182_1E4q_0,1865,,gutim,182,
182,1028.9865,0.9231,144,80,17,1865,,G#5,,,,,,,,n182_1Gs5q_0,1865,,gutim,182,
182,1028.9865,0.9231,144,83,17,1865,,B5,,,,,,,,n182_1B5q_0,1865,,gutim,182,
182,1029.5635,0.4615,144,98,14,1866,,D7,,,,,,,,n182_1D7q,1866,,gutim,182,
182,1029.5635,2.7692,144,53,14,1866,,F3,,,,,,,,n182_6F3q,1866,,gutim,182,
,,,,,,,,,,,,,,,,,,183,,,
183,1030.7173,0.4615,144,71,5,1867,,B4,,,,,,,,n183_1B4q,1867,,gutim,183,
183,1030.7173,0.4615,144,46,5,1867,,Bb2,,,,,,,,n183_5Bb2q,1867,,gutim,183,
183,1031.7962,0.06,144,100,5,1868,,E7,g,,,,,,,ng183_1E7e,1868,,gutim,183,
183,1031.8712,0.1154,144,65,5,1869,,F4,,,,,,,,n183_1F4s,1869,,gutim,183,
183,1032.3038,0.0721,144,48,5,1870,,C3,,,,,,,,n183_5C3s,1870,,gutim,183,
,,,,,,,,,,,,,,,,,,184,,,
184,1032.4481,0.1154,144,58,5,1871,,Bb3,,,,,,,,n184_1Bb3s,1871,,gutim,184,
184,1032.5923,0.2308,144,68,14,1872,,Ab4,,,,,,,,n184_1Ab4e,1872,,gutim,184,
184,1033.025,0.4615,144,92,14,1873,,Ab6,,,,,,,,n184_1Ab6q,1873,,gutim,184,
184,1033.0971,2.7115,144,62,14,1874,,D4,,,,,,,,n184_5D4e,1874,,gutim,184,
184,1033.6019,2.3077,144,77,14,1875,,F5,,,,,,,,n184_1F5h,1875,,gutim,184,
,,,,,,,,,,,,,,,,,,185,,,
185,1034.7558,0.1731,144,28,14,1876,,E1,,,,,,,,n185_2E1s,1876,,gutim,185,
185,1034.9721,0.1082,144,47,14,1877,,B2,,,,,,,,n185_2B2s,1877,,gutim,185,
185,1035.1885,0.0685,144,80,14,1878,,Ab5,,,,,,,,n185_2Ab5t_0,1878,,gutim,185,
185,1035.2606,0.0685,144,70,14,1879,,Bb4,,,,,,,,n185_2Bb4t,1879,,gutim,185,
185,1035.3319,1.0763,144,36,14,1880,,C2,,,,,,,,n185_6C2h,1880,,gutim,185,
185,1035.7654,0.6166,144,49,14,1881,,Db3,,,,,,,,n185_2Db3s,1881,,gutim,185,
185,1036.4144,0.0685,144,80,14,1882,,Ab5,,,,,,,,n185_2Ab5t_1,1882,,gutim,185,
185,1036.4865,0.1538,144,33,14,1883,,A1,,,,,,,,n185_2A1s,1883,,gutim,185,
185,1036.6773,0.1538,144,25,14,1884,,Db1,,,,,,,,n185_6Db1s,1884,,gutim,185,
185,1036.6788,0.1538,144,74,14,1885,,D5,,,,,,,,n185_2D5s,1885,,gutim,185,
185,1036.8712,0.1538,144,77,14,1886,,F5,,,,,,,,n185_2F5s,1886,,gutim,185,
185,1036.8696,0.3077,144,84,14,1886,,C6,,,,,,,,n185_5C6e,1886,,gutim,185,
185,1037.0635,0.1539,144,61,14,1887,,C#4,,,,,,,,n185_2Cs4s,1887,,gutim,185,
185,1037.2558,0.1539,144,57,14,1888,,A3,,,,,,,,n185_2A3s,1888,,gutim,185,
185,1037.2543,0.3079,144,47,14,1888,,B2,,,,,,,,n185_6B2e,1888,,gutim,185,
185,1037.4892,0.06,144,73,14,1889,,C#5,g,,,,,,,ng185_1Cs5e,1889,,gutim,185,
185,1037.5642,0.06,144,81,14,1890,,A5,g,,,,,,,ng185_1A5e,1890,,gutim,185,
185,1037.5642,0.06,144,86,14,1890,,D6,g,,,,,,,ng185_1D6e,1890,,gutim,185,
,,,,,,,7134,,,,,,,,,,,,gutim,,
,,,,,,,,,,,,,,,,,,189,,,
189,1061.9368,0.48,144,92,5,1891,,Ab6,,,,,,,,n189_1Ab6e,1891,,gutim,189,
189,1061.9368,0.48,144,96,5,1891,,C7,,,,,,,,n189_1C7e,1891,,gutim,189,
189,1061.9368,0.48,144,105,5,1891,,A7,,,,,,,,n189_1A7e,1891,,gutim,189,
189,1061.9368,2.4,144,63,14,1891,,Eb4,,,,,,,,n189_6Eb4e,1891,,gutim,189,
189,1062.5368,0.64,144,68,5,1892,,Ab4,,,,,,,,n189_1Ab4q,1892,,gutim,189,
189,1063.3368,0.32,144,100,5,1893,,E7,,,,,,,,n189_1E7e,1893,,gutim,189,
189,1063.5868,0.06,144,74,5,1894,,D5,,,,,,,,n189_2D5x,1894,,gutim,189,
189,1063.6618,0.06,144,61,5,1895,,Db4,,,,,,,,n189_2Db4x,1895,,gutim,189,
189,1063.7368,2.3446,144,32,5,1896,,Ab1,,,,,,,,n189_5Ab1q,1896,,gutim,189,
189,1063.7368,0.96,144,45,5,1896,,A2,,,,,,,,n189_5A2q,1896,,gutim,189,
189,1064.7368,0.16,144,58,5,1897,,Bb3,,,,,,,,n189_2Bb3s,1897,,gutim,189,
,,,,,,,,,,,,,,,,,,190,,,
190,1064.9368,0.0712,144,77,14,1898,,F5,g,,,,,,,ng190_1F5e,1898,,gutim,190,
190,1065.0118,0.2191,144,61,5,1899,,Db4,,,,,,,,n190_1Db4e,1899,,gutim,190,
190,1065.0118,0.3077,144,63,14,1899,,Eb4,,,,,,,,n190_6Eb4q,1899,,gutim,190,
190,1065.2424,0.1099,144,80,5,1900,,Ab5,,,,,,,,n190_1Ab5s_0,1900,,gutim,190,
190,1065.3964,1.5385,144,56,5,1901,,Ab3,,,,,,,,n190_6Ab3e,1901,,gutim,190,
190,1065.4738,0.0925,144,77,5,1902,,F5,,,,,,,,n190_1F5s,1902,,gutim,190,
190,1065.5895,0.0925,144,62,4,1903,,D4,,,,,,,,n190_1D4s,1903,,gutim,190,
190,1065.7052,0.0925,144,80,2,1904,,Ab5,,,,,,,,n190_1Ab5s_1,1904,,gutim,190,
190,1066.7426,0.4615,144,65,2,1905,,F4,,,,,,,,n190_1F4q,1905,,gutim,190,
190,1066.7426,0.4615,144,74,2,1905,,D5,,,,,,,,n190_1D5q,1905,,gutim,190,
190,1066.8426,0.06,144,27,2,1906,,D#1,g,,,,,,,ng190_1Ds1e,1906,,gutim,190,
190,1066.9176,0.06,144,72,2,1907,,C5,g,,,,,,,ng190_1C5e,1907,,gutim,190,
190,1066.9926,0.06,144,59,2,1908,,B3,g,,,,,,,ng190_1B3e,1908,,gutim,190,
190,1067.0676,0.06,144,30,2,1909,,F#1,g,,,,,,,ng190_1Fs1e,1909,,gutim,190,
,,,,,,,,,,,,,,,,,,195,,,
195,1084.9156,3.2308,144,85,24,1910,,C#6,,,,,,,,n195_2Cs6h,1910,,gutim,195,
195,1085.4926,0.9231,144,28,5,1911,,E1,,,,,,,,n195_5E1h,1911,,gutim,195,
195,1085.6849,0.3077,144,95,24,1912,,B6,,,,,,,,n195_1B6q,1912,,gutim,195,
,,,,,,,,,,,,,,,,,,196,,,
196,1086.6464,0.06,144,60,14,1913,,C4,g,,,,,,,ng196_5C4e,1913,,gutim,196,
196,1086.7214,0.4615,144,45,11,1914,,A2,,,,,,,,n196_5A2q,1914,,gutim,196,
196,1086.7214,0.274,144,47,5,1914,,B2,,,,,,,,n196_6B2e,1914,,gutim,196,
196,1087.0099,0.274,144,43,4,1915,,G2,,,,,,,,n196_6G2e,1915,,gutim,196,
196,1087.2983,0.137,144,30,4,1916,,F#1,,,,,,,,n196_6Fs1s,1916,,gutim,196,
196,1087.5868,0.4615,144,80,5,1917,,G#5,,,,,,,,n196_6Gs5e_0,1917,,gutim,196,
196,1087.7253,0.0712,144,27,2,1918,,D#1,g,,,,,,,ng196_6Ds1e,1918,,gutim,196,
196,1087.8003,0.0712,144,32,2,1919,,G#1,g,,,,,,,ng196_6Gs1e,1919,,gutim,196,
196,1087.8753,0.9231,144,83,5,1920,,B5,,,,,,,,n196_1B5h,1920,,gutim,196,
196,1088.1637,0.0769,144,28,5,1921,,E1,,,,,,,,n196_6E1s,1921,,gutim,196,
196,1088.2599,0.0769,144,41,5,1922,,F2,,,,,,,,n196_6F2s,1922,,gutim,196,
196,1088.356,0.0769,144,35,5,1923,,B1,,,,,,,,n196_6B1s,1923,,gutim,196,
196,1088.4522,0.4615,144,73,8,1924,,C#5,,,,,,,,n196_6Cs5q,1924,,gutim,196,
196,1088.8791,0.06,144,76,7,1925,,E5,g,,,,,,,ng196_1E5e,1925,,gutim,196,
,,,,,,,,,,,,,,,,,,197,,,
197,1089.0291,1.8462,144,100,24,1926,,E7,,,,,,,,n197_1E7w,1926,,gutim,197,
197,1089.0291,1.2308,144,45,11,1926,,A2,,,,,,,,n197_5A2w,1926,,gutim,197,
197,1090.5676,0.6154,144,51,5,1927,,Eb3,,,,,,,,n197_5Eb3h,1927,,gutim,197,
197,1090.5676,0.6154,144,53,8,1927,,F3,,,,,,,,n197_5F3h,1927,,gutim,197,
,,,,,,,,,,,,,,,,,,198,,,
198,1092.1483,0.06,144,95,2,1928,,B6,g,,,,,,,ng198_1B6e,1928,,gutim,198,
198,1092.2233,0.06,144,94,2,1929,,Bb6,g,,,,,,,ng198_1Bb6e,1929,,gutim,198,
198,1092.2233,0.06,144,96,2,1929,,C7,g,,,,,,,ng198_1C7e,1929,,gutim,198,
198,1092.2983,0.1538,144,97,5,1930,,Db7,,,,,,,,n198_1Db7e,1930,,gutim,198,
198,1092.2983,0.1538,144,66,5,1930,,Gb4,,,,,,,,n198_5Gb4e,1930,,gutim,198,
198,1092.3983,0.06,144,66,5,1931,,Gb4,g,,,,,,,ng198_5Gb4e,1931,,gutim,198,
198,1092.4733,0.06,144,65,5,1932,,F4,g,,,,,,,ng198_5F4e,1932,,gutim,198,
198,1093.1676,0.06,144,44,14,1933,,Ab2,g,,,,,,,ng198_5Ab2e,1933,,gutim,198,
,,,,,,,7136,,,,,,,,,,,,gutim,,
198,1093.2426,0.06,144,106,2,1934,,Bb7,g,,,,,,,ng198_1Bb7e,1934,,gutim,198,
198,1093.2426,0.06,144,36,2,1934,,C2,g,,,,,,,ng198_5C2e,1934,,gutim,198,
198,1093.3176,0.3077,144,100,14,1935,,E7,,,,,,,,n198_1E7q,1935,,gutim,198,
,,,,,,,,,,,,,,,,,,200,,,
200,1105.5355,1.3333,144,97,24,1936,,C#7,,,,,,,,n200_1Cs7h,1936,,gutim,200,
,,,,,,,,,,,,,,,,,,201,,,
201,1107.6188,2.3333,144,50,16,1937,,D3,,,,,,,,n201_5D3e,1937,,gutim,201,
201,1110.4605,0.06,144,73,14,1938,,C#5,g,,,,,,,ng201_6Cs5e,1938,,gutim,201,
201,1110.5355,0.6667,144,40,5,1939,,E2,,,,,,,,n201_6E2q,1939,,gutim,201,
201,1111.2188,0.06,144,36,5,1940,,C2,g,,,,,,,ng201_5C2e,1940,,gutim,201,
201,1111.2938,0.06,144,57,14,1941,,A3,g,,,,,,,ng201_5A3e,1941,,gutim,201,
201,1111.3688,2.6667,144,72,11,1942,,C5,,,,,,,,n201_2C5w,1942,,gutim,201,
201,1111.3688,0.6667,144,47,5,1942,,B2,,,,,,,,n201_5B2q,1942,,gutim,201,
201,1111.3688,2.6667,144,44,24,1942,,G#2,,,,,,,,n201_6Gs2w,1942,,gutim,201,
201,1113.0355,8.1905,144,77,10,1943,,F5,,,,,,,,n201_1F5h,1943,,gutim,201,
,,,,,,,,,,,,,,,,,,203,,,
203,1124.345,3.4286,144,44,24,1944,,G#2,,,,,,,,n203_5Gs2w,1944,,gutim,203,
,,,,,,,7140,,,,,,,,,,,,gutim,,
,,,,,,,,,,,,,,,,,,204,,,
204,1129.7022,0.1272,144,98,8,1945,,D7,,,,,,,,n204_1D7t,1945,,gutim,204,
204,1129.7022,0.1071,144,56,14,1945,,Ab3,,,,,,,,n204_5Ab3t_0,1945,,gutim,204,
204,1129.8361,0.1272,144,66,7,1946,,F#4,,,,,,,,n204_1Fs4t_0,1946,,gutim,204,
204,1129.8361,0.6429,144,60,11,1946,,C4,,,,,,,,n204_5C4e_0,1946,,gutim,204,
204,1129.97,0.0848,144,71,7,1947,,B4,,,,,,,,n204_1B4t_0,1947,,gutim,204,
204,1130.0593,0.0848,144,72,7,1948,,C5,,,,,,,,n204_1C5t_0,1948,,gutim,204,
204,1130.1486,0.0848,144,71,6,1949,,B4,,,,,,,,n204_1B4t_1,1949,,gutim,204,
204,1130.2379,0.0848,144,86,6,1950,,D6,,,,,,,,n204_1D6t,1950,,gutim,204,
204,1130.3272,0.0848,144,66,5,1951,,F#4,,,,,,,,n204_1Fs4t_1,1951,,gutim,204,
204,1130.4165,0.0676,144,72,5,1952,,C5,,,,,,,,n204_1C5t_1,1952,,gutim,204,
204,1130.4876,0.0676,144,71,5,1953,,B4,,,,,,,,n204_1B4t_2,1953,,gutim,204,
204,1130.5588,0.0676,144,72,5,1954,,C5,,,,,,,,n204_1C5t_2,1954,,gutim,204,
204,1130.6299,0.0676,144,71,4,1955,,B4,,,,,,,,n204_1B4t_3,1955,,gutim,204,
204,1130.6397,0.1071,144,56,5,1956,,Ab3,,,,,,,,n204_5Ab3t_1,1956,,gutim,204,
204,1130.7011,0.0676,144,72,4,1957,,C5,,,,,,,,n204_1C5t_3,1957,,gutim,204,
204,1130.7736,0.75,144,60,5,1958,,C4,,,,,,,,n204_5C4e_1,1958,,gutim,204,
204,1131.545,0.0712,144,42,17,1959,,Gb2,g,,,,,,,ng204_1Gb2e,1959,,gutim,204,
204,1131.62,0.0712,144,48,17,1960,,C3,g,,,,,,,ng204_1C3e,1960,,gutim,204,
204,1131.695,0.0712,144,44,17,1961,,Ab2,g,,,,,,,ng204_1Ab2e,1961,,gutim,204,
204,1131.7111,0.1071,144,65,17,1962,,F4,,,,,,,,n204_5F4t,1962,,gutim,204,
204,1131.77,0.0712,144,77,17,1963,,F5,g,,,,,,,ng204_1F5e,1963,,gutim,204,
204,1131.845,0.1696,144,72,17,1964,,C5,,,,,,,,n204_1C5s,1964,,gutim,204,
204,1132.0236,0.1429,144,88,17,1965,,E6,,,,,,,,n204_1E6s,1965,,gutim,204,
204,1132.2022,0.1429,144,30,16,1966,,F#1,,,,,,,,n204_1Fs1s,1966,,gutim,204,
204,1133.5379,0.06,144,80,8,1967,,G#5,g,,,,,,,ng204_1Gs5e,1967,,gutim,204,
204,1133.6129,0.06,144,69,12,1968,,A4,g,,,,,,,ng204_1A4e,1968,,gutim,204,
204,1133.6879,0.06,144,96,17,1969,,C7,g,,,,,,,ng204_1C7e,1969,,gutim,204,
204,1133.7629,0.06,144,62,14,1970,,D4,g,,,,,,,ng204_1D4e_0,1970,,gutim,204,
204,1133.8379,0.06,144,46,11,1971,,Bb2,g,,,,,,,ng204_1Bb2e,1971,,gutim,204,
204,1133.9129,0.06,144,62,8,1972,,D4,g,,,,,,,ng204_1D4e_1,1972,,gutim,204,
204,1133.9129,0.06,144,53,5,1972,,F3,g,,,,,,,ng204_5F3e,1972,,gutim,204,
204,1133.9879,0.5206,144,56,17,1973,,Ab3,,,,,,,,n204_1Ab3e,1973,,gutim,204,
204,1133.9879,0.8979,144,54,5,1973,,Gb3,,,,,,,,n204_2Gb3q,1973,,gutim,204,
204,1133.9879,0.1279,144,44,11,1973,,Ab2,,,,,,,,n204_5Ab2t,1973,,gutim,204,
204,1134.1226,0.0861,144,48,10,1974,,C3,,,,,,,,n204_5C3t_0,1974,,gutim,204,
204,1134.2132,0.0868,144,30,10,1975,,Gb1,,,,,,,,n204_5Gb1t,1975,,gutim,204,
204,1134.3045,0.0874,144,48,10,1976,,C3,,,,,,,,n204_5C3t_1,1976,,gutim,204,
204,1134.3966,0.1324,144,76,10,1977,,E5,,,,,,,,n204_5E5t,1977,,gutim,204,
204,1134.5359,0.5456,144,84,20,1978,,C6,,,,,,,,n204_1C6e,1978,,gutim,204,
204,1134.5359,0.134,144,53,9,1978,,F3,,,,,,,,n204_5F3t_0,1978,,gutim,204,
204,1134.6769,0.2727,144,44,9,1979,,Ab2,,,,,,,,n204_5Ab2s,1979,,gutim,204,
204,1134.964,0.1389,144,53,8,1980,,F3,,,,,,,,n204_5F3t_1,1980,,gutim,204,
204,1135.1102,0.427,144,48,8,1981,,C3,,,,,,,,n204_5C3s,1981,,gutim,204,
204,1135.5597,0.4436,144,43,7,1982,,G2,,,,,,,,n204_5G2s,1982,,gutim,204,
204,1136.0267,0.3056,144,64,6,1983,,E4,,,,,,,,n204_5E4s,1983,,gutim,204,
204,1136.2734,0.0712,144,63,17,1984,,D#4,g,,,,,,,ng204_1Ds4e,1984,,gutim,204,
204,1136.2734,0.0712,144,32,5,1984,,Ab1,g,,,,,,,ng204_5Ab1e,1984,,gutim,204,
204,1136.3484,1.0545,144,71,17,1985,,B4,,,,,,,,n204_1B4q,1985,,gutim,204,
204,1136.3484,0.0766,144,41,5,1985,,F2,,,,,,,,n204_5F2x,1985,,gutim,204,
204,1136.429,0.0749,144,30,5,1986,,Gb1,,,,,,,,n204_5Gb1x,1986,,gutim,204,
204,1136.5078,0.4171,144,36,5,1987,,C2,,,,,,,,n204_5C2s,1987,,gutim,204,
204,1136.9469,0.486,144,52,5,1988,,E3,,,,,,,,n204_5E3e_0,1988,,gutim,204,
204,1137.4584,0.0561,144,42,11,1989,,F#2,,,,,,,,n204_5Fs2x,1989,,gutim,204,
204,1137.5174,0.0552,144,50,10,1990,,D3,,,,,,,,n204_5D3x_0,1990,,gutim,204,
204,1137.5755,0.0543,144,67,9,1991,,G4,,,,,,,,n204_5G4x_0,1991,,gutim,204,
204,1137.6326,0.0534,144,58,8,1992,,Bb3,,,,,,,,n204_5Bb3x,1992,,gutim,204,
204,1137.6888,0.0526,144,56,7,1993,,Ab3,,,,,,,,n204_5Ab3x,1993,,gutim,204,
204,1137.7441,0.0773,144,50,6,1994,,D3,,,,,,,,n204_5D3x_1,1994,,gutim,204,
204,1137.8255,0.0756,144,67,5,1995,,G4,,,,,,,,n204_5G4x_1,1995,,gutim,204,
204,1137.9051,0.3766,144,30,5,1996,,Gb1,,,,,,,,n204_5Gb1e,1996,,gutim,204,
204,1137.9051,0.3172,144,32,5,1996,,Ab1,,,,,,,,n204_5Ab1e,1996,,gutim,204,
204,1137.9051,0.3172,144,36,5,1996,,C2,,,,,,,,n204_5C2e,1996,,gutim,204,
204,1137.9051,0.3172,144,42,14,1996,,F#2,,,,,,,,n204_5Fs2e,1996,,gutim,204,
204,1137.9051,0.3172,144,52,5,1996,,E3,,,,,,,,n204_5E3e_1,1996,,gutim,204,
,,,,,,,7144,,,,,,,,,,,,gutim,,
,,,,,,,,,,,,,,,,,,206,,,
206,1144.3015,0.0891,144,56,11,1997,,Ab3,,,,,,,,n206_6Ab3x,1997,,gutim,206,
206,1144.3953,0.0891,144,60,11,1998,,C4,,,,,,,,n206_6C4x,1998,,gutim,206,
206,1144.489,1.2469,144,65,11,1999,,F4,,,,,,,,n206_6F4e,1999,,gutim,206,
206,1145.3515,0.06,144,80,8,2000,,G#5,g,,,,,,,ng206_1Gs5e_0,2000,,gutim,206,
206,1145.4265,0.06,144,69,10,2001,,A4,g,,,,,,,ng206_1A4e_0,2001,,gutim,206,
206,1145.5015,0.06,144,80,12,2002,,G#5,g,,,,,,,ng206_1Gs5e_1,2002,,gutim,206,
206,1145.5765,0.06,144,96,13,2003,,C7,g,,,,,,,ng206_1C7e_0,2003,,gutim,206,
206,1145.6515,0.06,144,69,15,2004,,A4,g,,,,,,,ng206_1A4e_1,2004,,gutim,206,
206,1145.7265,0.06,144,96,17,2005,,C7,g,,,,,,,ng206_1C7e_1,2005,,gutim,206,
206,1145.7265,0.06,144,49,11,2005,,C#3,g,,,,,,,ng206_2Cs3e,2005,,gutim,206,
206,1145.8015,1.0687,144,74,11,2006,,D5,,,,,,,,n206_1D5e,2006,,gutim,206,
206,1145.8015,1.425,144,86,11,2006,,D6,,,,,,,,n206_2D6q,2006,,gutim,206,
206,1145.8015,0.1187,144,61,22,2006,,Db4,,,,,,,,n206_5Db4t,2006,,gutim,206,
206,1145.8015,2.85,144,56,22,2006,,Ab3,,,,,,,,n206_6Ab3h,2006,,gutim,206,
206,1145.9265,0.1187,144,32,21,2007,,Ab1,,,,,,,,n206_5Ab1t,2007,,gutim,206,
206,1146.0515,1.6625,144,27,21,2008,,Eb1,,,,,,,,n206_5Eb1s,2008,,gutim,206,
206,1146.9265,2.1375,144,69,16,2009,,A4,,,,,,,,n206_1A4s,2009,,gutim,206,
206,1147.8015,0.1187,144,83,12,2010,,B5,,,,,,,,n206_5B5t,2010,,gutim,206,
206,1147.9265,1.7812,144,43,11,2011,,G2,,,,,,,,n206_5G2e,2011,,gutim,206,
,,,,,,,,,,,,,,,,,,207,,,
207,1148.8015,0.0891,144,56,5,2012,,Ab3,,,,,,,,n207_2Ab3x,2012,,gutim,207,
207,1148.8015,0.95,144,46,5,2012,,Bb2,,,,,,,,n207_5Bb2q,2012,,gutim,207,
207,1148.8953,0.075,144,60,5,2013,,C4,,,,,,,,n207_2C4x,2013,,gutim,207,
207,1148.989,0.075,144,76,5,2014,,E5,,,,,,,,n207_2E5x,2014,,gutim,207,
207,1149.0828,0.45,144,65,5,2015,,F4,,,,,,,,n207_2F4s,2015,,gutim,207,
207,1149.1765,0.2672,144,55,5,2016,,G3,,,,,,,,n207_6G3t,2016,,gutim,207,
207,1149.4578,0.0891,144,65,6,2017,,F4,,,,,,,,n207_6F4x_0,2017,,gutim,207,
207,1149.5515,0.0891,144,55,8,2018,,G3,,,,,,,,n207_6G3x,2018,,gutim,207,
207,1149.6453,0.2672,144,65,9,2019,,F4,,,,,,,,n207_6F4x_1,2019,,gutim,207,
207,1149.8015,0.475,144,39,22,2020,,Eb2,,,,,,,,n207_5Eb2e,2020,,gutim,207,
207,1150.3015,0.1187,144,71,22,2021,,B4,,,,,,,,n207_1B4t,2021,,gutim,207,
207,1150.3015,0.6769,144,48,11,2021,,C3,,,,,,,,n207_6C3e,2021,,gutim,207,
207,1150.4265,0.1187,144,61,20,2022,,C#4,,,,,,,,n207_1Cs4t_0,2022,,gutim,207,
207,1150.5515,0.0798,144,55,19,2023,,G3,,,,,,,,n207_1G3t_0,2023,,gutim,207,
207,1150.6355,0.0798,144,61,17,2024,,C#4,,,,,,,,n207_1Cs4t_1,2024,,gutim,207,
207,1150.7195,0.0798,144,55,16,2025,,G3,,,,,,,,n207_1G3t_1,2025,,gutim,207,
207,1150.8035,0.1187,144,61,15,2026,,C#4,,,,,,,,n207_1Cs4t_2,2026,,gutim,207,
207,1150.9285,0.1187,144,55,13,2027,,G3,,,,,,,,n207_1G3t_2,2027,,gutim,207,
207,1151.0515,0.7125,144,47,8,2028,,B2,,,,,,,,n207_6B2e,2028,,gutim,207,
207,1151.0535,0.1187,144,44,11,2029,,G#2,,,,,,,,n207_1Gs2t,2029,,gutim,207,
207,1151.1785,0.0798,144,39,10,2030,,D#2,,,,,,,,n207_1Ds2t,2030,,gutim,207,
207,1151.2625,0.0798,144,83,9,2031,,B5,,,,,,,,n207_1B5t,2031,,gutim,207,
207,1151.3465,0.0798,144,73,7,2032,,C#5,,,,,,,,n207_1Cs5t,2032,,gutim,207,
207,1151.4265,0.0938,144,74,14,2033,,D5,,,,,,,,n207_5D5t,2033,,gutim,207,
207,1151.4304,0.0798,144,67,6,2034,,G4,,,,,,,,n207_1G4t,2034,,gutim,207,
207,1151.5144,0.1577,144,56,5,2035,,G#3,,,,,,,,n207_1Gs3s,2035,,gutim,207,
207,1151.614,0.1781,144,39,20,2036,,Eb2,,,,,,,,n207_5Eb2t,2036,,gutim,207,
207,1151.8015,0.7125,144,76,11,2037,,E5,,,,,,,,n207_1E5e,2037,,gutim,207,
207,1151.8015,0.0891,144,73,17,2037,,C#5,,,,,,,,n207_5Cs5x,2037,,gutim,207,
207,1151.8015,1.2,144,34,5,2037,,Bb1,,,,,,,,n207_6Bb1q,2037,,gutim,207,
207,1151.8953,0.0891,144,43,16,2038,,G2,,,,,,,,n207_5G2x,2038,,gutim,207,
207,1151.989,0.1781,144,95,14,2039,,B6,,,,,,,,n207_5B6t,2039,,gutim,207,
207,1152.1765,1.0687,144,44,11,2040,,G#2,,,,,,,,n207_5Gs2e,2040,,gutim,207,
207,1152.5515,0.1429,144,76,5,2041,,E5,,,,,,,,n207_1E5t,2041,,gutim,207,
207,1152.7019,0.1429,144,61,6,2042,,C#4,,,,,,,,n207_1Cs4t_3,2042,,gutim,207,
207,1152.8523,0.0705,144,68,6,2043,,Ab4,,,,,,,,n207_1Ab4x_0,2043,,gutim,207,
207,1152.9265,0.0705,144,86,7,2044,,D6,,,,,,,,n207_1D6x_0,2044,,gutim,207,
207,1153.0008,0.0705,144,68,7,2045,,Ab4,,,,,,,,n207_1Ab4x_1,2045,,gutim,207,
207,1153.075,0.0705,144,86,8,2046,,D6,,,,,,,,n207_1D6x_1,2046,,gutim,207,
207,1153.1492,0.1447,144,93,8,2047,,A6,,,,,,,,n207_1A6t,2047,,gutim,207,
207,1153.3015,0.3,144,34,8,2048,,Bb1,,,,,,,,n207_1Bb1e,2048,,gutim,207,
207,1153.3015,0.6,144,44,8,2048,,Ab2,,,,,,,,n207_1Ab2e,2048,,gutim,207,
207,1153.3015,0.475,144,46,20,2048,,Bb2,,,,,,,,n207_5Bb2e,2048,,gutim,207,
207,1153.7996,0.3173,144,69,15,2049,,A4,,,,,,,,n207_5A4e,2049,,gutim,207,
207,1154.1336,0.1577,144,37,11,2050,,Db2,,,,,,,,n207_5Db2s,2050,,gutim,207,
207,1154.2996,0.1893,144,46,9,2051,,Bb2,,,,,,,,n207_5Bb2s,2051,,gutim,207,
207,1154.4988,0.0946,144,57,7,2052,,A3,,,,,,,,n207_5A3t,2052,,gutim,207,
207,1154.5984,0.0946,144,37,6,2053,,Db2,,,,,,,,n207_5Db2t,2053,,gutim,207,
207,1154.698,0.0983,144,53,5,2054,,F3,,,,,,,,n207_5F3t,2054,,gutim,207,
,,,,,,,,,,,,,,,,,,208,,,
208,1154.8015,0.06,144,61,20,2055,,Db4,g,,,,,,,ng208_5Db4e,2055,,gutim,208,
208,1154.8765,0.3,144,27,20,2056,,Eb1,,,,,,,,n208_5Eb1s,2056,,gutim,208,
208,1155.2496,0.3562,144,74,14,2057,,D5,,,,,,,,n208_1D5s,2057,,gutim,208,
208,1155.2515,0.075,144,71,11,2057,,B4,,,,,,,,n208_5B4x,2057,,gutim,208,
208,1155.3453,0.075,144,32,9,2058,,Ab1,,,,,,,,n208_5Ab1x,2058,,gutim,208,
208,1155.439,0.075,144,83,7,2059,,B5,,,,,,,,n208_5B5x,2059,,gutim,208,
208,1155.5328,0.075,144,43,5,2060,,G2,,,,,,,,n208_5G2x,2060,,gutim,208,
208,1155.6246,0.3562,144,69,8,2061,,A4,,,,,,,,n208_1A4s,2061,,gutim,208,
208,1155.9996,0.0891,144,55,13,2062,,G3,,,,,,,,n208_1G3x,2062,,gutim,208,
208,1156.0933,0.0891,144,49,14,2063,,C#3,,,,,,,,n208_1Cs3x,2063,,gutim,208,
208,1156.1871,0.0891,144,65,16,2064,,F4,,,,,,,,n208_1F4x,2064,,gutim,208,
208,1156.2808,0.0891,144,37,17,2065,,C#2,,,,,,,,n208_1Cs2x,2065,,gutim,208,
208,1156.3746,0.4797,144,74,20,2066,,D5,,,,,,,,n208_1D5e_0,2066,,gutim,208,
208,1156.3746,0.4797,144,65,11,2066,,F4,,,,,,,,n208_2F4e_0,2066,,gutim,208,
208,1156.3746,0.4797,144,69,11,2066,,A4,,,,,,,,n208_2A4e_0,2066,,gutim,208,
208,1156.3765,0.4797,144,27,17,2066,,Eb1,,,,,,,,n208_5Eb1e_0,2066,,gutim,208,
208,1156.3765,0.4797,144,32,17,2066,,Ab1,,,,,,,,n208_5Ab1e,2066,,gutim,208,
208,1156.3765,0.4797,144,37,17,2066,,Db2,,,,,,,,n208_5Db2e_0,2066,,gutim,208,
208,1156.9742,0.7219,144,74,5,2067,,D5,,,,,,,,n208_1D5e_1,2067,,gutim,208,
208,1156.9742,0.7219,144,65,5,2067,,F4,,,,,,,,n208_2F4e_1,2067,,gutim,208,
208,1156.9742,0.7219,144,69,5,2067,,A4,,,,,,,,n208_2A4e_1,2067,,gutim,208,
208,1156.9762,0.7203,144,27,5,2067,,Eb1,,,,,,,,n208_5Eb1e_1,2067,,gutim,208,
208,1156.9762,0.7203,144,37,5,2067,,Db2,,,,,,,,n208_5Db2e_1,2067,,gutim,208,
208,1157.6515,0.0712,144,91,5,2068,,G6,g,,,,,,,ng208_1G6e_0,2068,,gutim,208,
208,1157.7265,0.0712,144,100,5,2069,,E7,g,,,,,,,ng208_1E7e_0,2069,,gutim,208,
208,1157.7265,0.0712,144,51,5,2069,,Eb3,g,,,,,,,ng208_5Eb3e,2069,,gutim,208,
208,1157.8015,0.0712,144,97,5,2070,,C#7,g,,,,,,,ng208_1Cs7e_0,2070,,gutim,208,
208,1157.8015,0.0712,144,64,11,2070,,E4,g,,,,,,,ng208_5E4e,2070,,gutim,208,
208,1157.8015,0.0712,144,73,11,2070,,C#5,g,,,,,,,ng208_5Cs5e,2070,,gutim,208,
208,1157.8765,1.425,144,83,11,2071,,B5,,,,,,,,n208_1B5q,2071,,gutim,208,
208,1157.8765,1.425,144,92,11,2071,,G#6,,,,,,,,n208_1Gs6q,2071,,gutim,208,
208,1157.8765,1.425,144,57,11,2071,,A3,,,,,,,,n208_5A3q,2071,,gutim,208,
208,1158.6265,0.1429,144,76,5,2072,,E5,,,,,,,,n208_2E5t,2072,,gutim,208,
208,1158.7769,0.1429,144,48,6,2073,,C3,,,,,,,,n208_2C3t,2073,,gutim,208,
208,1158.9273,0.0705,144,68,8,2074,,Ab4,,,,,,,,n208_2Ab4x_0,2074,,gutim,208,
208,1159.0015,0.0705,144,86,9,2075,,D6,,,,,,,,n208_2D6x_0,2075,,gutim,208,
208,1159.0758,0.0705,144,68,9,2076,,Ab4,,,,,,,,n208_2Ab4x_1,2076,,gutim,208,
208,1159.15,0.0705,144,86,10,2077,,D6,,,,,,,,n208_2D6x_1,2077,,gutim,208,
208,1159.2242,0.1447,144,105,11,2078,,A7,,,,,,,,n208_2A7t,2078,,gutim,208,
208,1159.6265,0.2375,144,34,5,2079,,Bb1,,,,,,,,n208_5Bb1s,2079,,gutim,208,
208,1159.8765,0.2375,144,62,5,2080,,D4,,,,,,,,n208_5D4s,2080,,gutim,208,
208,1160.1265,0.0946,144,48,5,2081,,C3,,,,,,,,n208_5C3t_0,2081,,gutim,208,
208,1160.2262,0.0946,144,42,5,2082,,F#2,,,,,,,,n208_5Fs2t,2082,,gutim,208,
208,1160.3258,0.0946,144,47,5,2083,,B2,,,,,,,,n208_5B2t_0,2083,,gutim,208,
208,1160.4254,0.0946,144,48,5,2084,,C3,,,,,,,,n208_5C3t_1,2084,,gutim,208,
208,1160.525,0.0946,144,47,5,2085,,B2,,,,,,,,n208_5B2t_1,2085,,gutim,208,
208,1160.6246,0.2375,144,42,5,2086,,F#2,,,,,,,,n208_5Fs2s,2086,,gutim,208,
208,1160.6515,0.06,144,91,5,2087,,G6,g,,,,,,,ng208_1G6e_1,2087,,gutim,208,
208,1160.7265,0.06,144,100,5,2088,,E7,g,,,,,,,ng208_1E7e_1,2088,,gutim,208,
208,1160.8015,0.06,144,97,5,2089,,C#7,g,,,,,,,ng208_1Cs7e_1,2089,,gutim,208,
208,1160.8765,0.7125,144,92,5,2090,,G#6,,,,,,,,n208_1Gs6e,2090,,gutim,208,
208,1160.8765,0.3562,144,83,14,2090,,B5,,,,,,,,n208_2B5s,2090,,gutim,208,
208,1160.8746,0.475,144,57,8,2090,,A3,,,,,,,,n208_5A3e_0,2090,,gutim,208,
208,1161.2515,0.1781,144,67,10,2091,,G4,,,,,,,,n208_2G4t,2091,,gutim,208,
208,1161.2515,0.1781,144,83,10,2091,,B5,,,,,,,,n208_2B5t,2091,,gutim,208,
208,1161.3746,0.475,144,57,8,2092,,A3,,,,,,,,n208_5A3e_1,2092,,gutim,208,
208,1161.3746,0.4,144,65,8,2092,,F4,,,,,,,,n208_5F4e,2092,,gutim,208,
208,1161.439,0.1781,144,56,8,2093,,Ab3,,,,,,,,n208_2Ab3t,2093,,gutim,208,
208,1161.6265,0.7125,144,97,5,2094,,C#7,,,,,,,,n208_1Cs7e,2094,,gutim,208,
208,1161.8746,0.1577,144,57,8,2095,,A3,,,,,,,,n208_5A3s,2095,,gutim,208,
208,1162.0406,0.1577,144,65,8,2096,,F4,,,,,,,,n208_5F4s,2096,,gutim,208,
208,1162.2066,0.1614,144,64,17,2097,,E4,,,,,,,,n208_5E4s,2097,,gutim,208,
,,,,,,,,,,,,,,,,,,209,,,
209,1162.3746,0.5696,144,76,5,2098,,E5,,,,,,,,n209_1E5e,2098,,gutim,209,
209,1162.9722,0.1429,144,68,7,2099,,Ab4,,,,,,,,n209_1Ab4t,2099,,gutim,209,
209,1163.1226,0.0705,144,86,8,2100,,D6,,,,,,,,n209_1D6x,2100,,gutim,209,
209,1163.1969,0.0705,144,68,8,2101,,Ab4,,,,,,,,n209_1Ab4x,2101,,gutim,209,
209,1163.2711,0.5733,144,93,8,2102,,A6,,,,,,,,n209_1A6e,2102,,gutim,209,
209,1163.8746,1.2,144,65,14,2103,,F4,,,,,,,,n209_1F4q,2103,,gutim,209,
209,1163.8746,1.2,144,69,14,2103,,A4,,,,,,,,n209_1A4q,2103,,gutim,209,
209,1163.8746,1.2,144,74,14,2103,,D5,,,,,,,,n209_1D5q,2103,,gutim,209,
209,1163.8746,1.2,144,27,14,2103,,Eb1,,,,,,,,n209_5Eb1q,2103,,gutim,209,
209,1163.8746,1.2,144,37,14,2103,,Db2,,,,,,,,n209_5Db2q,2103,,gutim,209,
209,1165.1496,0.0712,144,91,14,2104,,G6,g,,,,,,,ng209_1G6e_0,2104,,gutim,209,
209,1165.2246,0.0712,144,100,14,2105,,E7,g,,,,,,,ng209_1E7e_0,2105,,gutim,209,
209,1165.2246,0.0712,144,51,14,2105,,Eb3,g,,,,,,,ng209_5Eb3e,2105,,gutim,209,
209,1165.2996,0.0712,144,97,14,2106,,C#7,g,,,,,,,ng209_1Cs7e_0,2106,,gutim,209,
209,1165.2996,0.0712,144,64,14,2106,,E4,g,,,,,,,ng209_5E4e,2106,,gutim,209,
209,1165.2996,0.0712,144,73,14,2106,,C#5,g,,,,,,,ng209_5Cs5e,2106,,gutim,209,
209,1165.3746,1.425,144,83,14,2107,,B5,,,,,,,,n209_1B5q,2107,,gutim,209,
209,1165.3746,1.425,144,92,14,2107,,G#6,,,,,,,,n209_1Gs6q,2107,,gutim,209,
209,1165.3746,1.425,144,57,14,2107,,A3,,,,,,,,n209_5A3q,2107,,gutim,209,
209,1166.1246,0.1429,144,76,14,2108,,E5,,,,,,,,n209_2E5t,2108,,gutim,209,
209,1166.275,0.1429,144,48,14,2109,,C3,,,,,,,,n209_2C3t,2109,,gutim,209,
209,1166.4254,0.0705,144,68,14,2110,,Ab4,,,,,,,,n209_2Ab4x_0,2110,,gutim,209,
209,1166.4996,0.0705,144,86,14,2111,,D6,,,,,,,,n209_2D6x_0,2111,,gutim,209,
209,1166.5738,0.0705,144,68,14,2112,,Ab4,,,,,,,,n209_2Ab4x_1,2112,,gutim,209,
209,1166.648,0.0705,144,86,14,2113,,D6,,,,,,,,n209_2D6x_1,2113,,gutim,209,
209,1166.7222,0.1447,144,105,14,2114,,A7,,,,,,,,n209_2A7t,2114,,gutim,209,
209,1167.1246,0.2375,144,34,14,2115,,Bb1,,,,,,,,n209_5Bb1s,2115,,gutim,209,
209,1167.3746,0.2375,144,62,14,2116,,D4,,,,,,,,n209_5D4s,2116,,gutim,209,
209,1167.6246,0.0946,144,48,14,2117,,C3,,,,,,,,n209_5C3t_0,2117,,gutim,209,
209,1167.7242,0.0946,144,42,14,2118,,F#2,,,,,,,,n209_5Fs2t,2118,,gutim,209,
209,1167.8238,0.0946,144,47,14,2119,,B2,,,,,,,,n209_5B2t_0,2119,,gutim,209,
209,1167.9234,0.0946,144,48,14,2120,,C3,,,,,,,,n209_5C3t_1,2120,,gutim,209,
209,1168.023,0.0946,144,47,14,2121,,B2,,,,,,,,n209_5B2t_1,2121,,gutim,209,
209,1168.1226,0.2375,144,42,14,2122,,F#2,,,,,,,,n209_5Fs2s,2122,,gutim,209,
209,1168.1496,0.06,144,91,14,2123,,G6,g,,,,,,,ng209_1G6e_1,2123,,gutim,209,
209,1168.2246,0.06,144,100,14,2124,,E7,g,,,,,,,ng209_1E7e_1,2124,,gutim,209,
209,1168.2996,0.06,144,97,14,2125,,C#7,g,,,,,,,ng209_1Cs7e_1,2125,,gutim,209,
209,1168.3746,0.7125,144,92,14,2126,,G#6,,,,,,,,n209_1Gs6e,2126,,gutim,209,
209,1168.3746,0.3562,144,83,14,2126,,B5,,,,,,,,n209_2B5s,2126,,gutim,209,
209,1168.3726,0.475,144,57,14,2126,,A3,,,,,,,,n209_5A3e_0,2126,,gutim,209,
209,1168.7496,0.1781,144,67,14,2127,,G4,,,,,,,,n209_2G4t,2127,,gutim,209,
209,1168.7496,0.1781,144,83,14,2127,,B5,,,,,,,,n209_2B5t,2127,,gutim,209,
209,1168.8726,0.475,144,57,14,2128,,A3,,,,,,,,n209_5A3e_1,2128,,gutim,209,
209,1168.8726,0.4,144,65,14,2128,,F4,,,,,,,,n209_5F4e,2128,,gutim,209,
209,1168.9371,0.1781,144,56,14,2129,,Ab3,,,,,,,,n209_2Ab3t,2129,,gutim,209,
209,1169.1246,0.7125,144,97,14,2130,,C#7,,,,,,,,n209_1Cs7e,2130,,gutim,209,
209,1169.3726,0.1577,144,57,14,2131,,A3,,,,,,,,n209_5A3s,2131,,gutim,209,
209,1169.5387,0.1577,144,65,14,2132,,F4,,,,,,,,n209_5F4s,2132,,gutim,209,
209,1169.7047,0.1614,144,64,14,2133,,E4,,,,,,,,n209_5E4s,2133,,gutim,209,
,,,,,,,,,,,,,,,,,,210,,,
210,1169.8746,0.5696,144,76,14,2134,,E5,,,,,,,,n210_1E5e,2134,,gutim,210,
210,1170.4742,0.1429,144,68,14,2135,,Ab4,,,,,,,,n210_1Ab4t,2135,,gutim,210,
210,1170.6246,0.0705,144,86,14,2136,,D6,,,,,,,,n210_1D6x,2136,,gutim,210,
210,1170.6988,0.0705,144,68,14,2137,,Ab4,,,,,,,,n210_1Ab4x,2137,,gutim,210,
210,1170.773,0.5715,144,93,14,2138,,A6,,,,,,,,n210_1A6e,2138,,gutim,210,
,,,,,,,7147,,,,,,,,,,,,gutim,,
,,,,,,,,,,,,,,,,,,213,,,
213,1192.3746,1.8462,144,64,8,2139,,E4,,,,,,,,n213_2E4w,2139,,gutim,213,
213,1192.3746,1.8462,144,70,8,2139,,Bb4,,,,,,,,n213_2Bb4w,2139,,gutim,213,
213,1192.3746,1.8462,144,58,14,2139,,Bb3,,,,,,,,n213_6Bb3w,2139,,gutim,213,
213,1193.0957,0.0685,144,28,8,2140,,E1,,,,,,,,n213_5E1t,2140,,gutim,213,
213,1193.1679,0.0685,144,47,10,2141,,B2,,,,,,,,n213_5B2t,2141,,gutim,213,
213,1193.24,0.0457,144,60,11,2142,,C4,,,,,,,,n213_5C4t,2142,,gutim,213,
213,1193.2881,0.0457,144,40,12,2143,,E2,,,,,,,,n213_5E2t,2143,,gutim,213,
213,1193.3361,0.0457,144,53,13,2144,,F3,,,,,,,,n213_5F3t,2144,,gutim,213,
213,1193.3842,0.0685,144,68,14,2145,,Ab4,,,,,,,,n213_5Ab4t,2145,,gutim,213,
213,1193.4563,0.0685,144,41,13,2146,,F2,,,,,,,,n213_5F2t,2146,,gutim,213,
213,1193.7207,3.6123,144,58,10,2147,,Bb3,,,,,,,,n213_5Bb3q_0,2147,,gutim,213,
213,1193.8169,0.9231,144,80,11,2148,,Ab5,,,,,,,,n213_1Ab5q,2148,,gutim,213,
,,,,,,,,,,,,,,,,,,214,,,
214,1194.6823,5.9631,144,59,14,2149,,B3,,,,,,,,n214_2B3w,2149,,gutim,214,
214,1195.115,0.1154,144,47,5,2150,,B2,,,,,,,,n214_6B2s,2150,,gutim,214,
214,1195.2592,0.5481,144,88,5,2151,,E6,,,,,,,,n214_1E6q,2151,,gutim,214,
214,1195.8361,0.57,144,53,2,2152,,F3,,,,,,,,n214_1F3e,2152,,gutim,214,
214,1195.8361,5.04,144,38,2,2152,,D2,,,,,,,,n214_6D2h,2152,,gutim,214,
,,,,,,,,,,,,,,,,,,216,,,
216,1202.1361,0.1154,144,38,14,2153,,D2,,,,,,,,n216_6D2s,2153,,gutim,216,
,,,,,,,7149,,,,,,,,,,,,gutim,,
216,1202.2804,0.3462,144,76,14,2154,,E5,,,,,,,,n216_1E5e,2154,,gutim,216,
216,1202.7131,0.4111,144,35,2,2155,,B1,,,,,,,,n216_5B1e,2155,,gutim,216,
216,1202.7131,1.1538,144,32,14,2155,,G#1,,,,,,,,n216_6Gs1q_0,2155,,gutim,216,
216,1203.1457,0.137,144,58,4,2156,,A#3,,,,,,,,n216_5As3s,2156,,gutim,216,
216,1203.29,0.137,144,42,4,2157,,F#2,,,,,,,,n216_5Fs2s,2157,,gutim,216,
216,1203.4342,0.6851,144,86,5,2158,,D6,,,,,,,,n216_5D6e_0,2158,,gutim,216,
216,1203.5784,0.6923,144,24,5,2159,,C1,,,,,,,,n216_1C1e,2159,,gutim,216,
216,1204.1554,0.274,144,48,4,2160,,C3,,,,,,,,n216_5C3e,2160,,gutim,216,
216,1204.3688,0.06,144,64,2,2161,,E4,g,,,,,,,ng216_2E4e,2161,,gutim,216,
,,,,,,,,,,,,,,,,,,217,,,
217,1204.4438,0.9231,144,74,4,2162,,D5,,,,,,,,n217_2D5h,2162,,gutim,217,
217,1204.4438,1.8462,144,55,2,2162,,G3,,,,,,,,n217_5G3w,2162,,gutim,217,
217,1204.4438,1.8462,144,58,2,2162,,Bb3,,,,,,,,n217_5Bb3w,2162,,gutim,217,
217,1205.0207,1.3846,144,83,2,2163,,B5,,,,,,,,n217_1B5h,2163,,gutim,217,
217,1205.5977,0.4615,144,91,11,2164,,G6,,,,,,,,n217_2G6q,2164,,gutim,217,
217,1206.1746,0.2308,144,56,5,2165,,Ab3,,,,,,,,n217_2Ab3e,2165,,gutim,217,
217,1206.4631,0.2308,144,84,5,2166,,C6,,,,,,,,n217_2C6e,2166,,gutim,217,
,,,,,,,,,,,,,,,,,,218,,,
218,1206.7515,0.9231,144,56,11,2167,,Ab3,,,,,,,,n218_2Ab3h,2167,,gutim,218,
218,1206.7515,2.7692,144,36,11,2167,,C2,,,,,,,,n218_5C2w,2167,,gutim,218,
218,1206.7515,2.7692,144,42,11,2167,,Gb2,,,,,,,,n218_5Gb2w,2167,,gutim,218,
218,1206.7515,2.7692,144,51,11,2167,,Eb3,,,,,,,,n218_5Eb3w,2167,,gutim,218,
218,1206.7515,0.9231,144,33,11,2167,,A1,,,,,,,,n218_6A1h,2167,,gutim,218,
218,1207.9054,1.8462,144,73,11,2168,,C#5,,,,,,,,n218_1Cs5h,2168,,gutim,218,
218,1207.9054,0.9231,144,64,11,2168,,E4,,,,,,,,n218_2E4h,2168,,gutim,218,
,,,,,,,,,,,,,,,,,,219,,,
219,1209.0592,0.9231,144,74,12,2169,,D5,,,,,,,,n219_2D5q_0,2169,,gutim,219,
219,1210.2131,0.3462,144,30,17,2170,,F#1,,,,,,,,n219_2Fs1e,2170,,gutim,219,
219,1210.2131,0.6923,144,32,17,2170,,Ab1,,,,,,,,n219_5Ab1q,2170,,gutim,219,
219,1210.2131,0.6923,144,36,17,2170,,C2,,,,,,,,n219_5C2q_2,2170,,gutim,219,
219,1210.2131,0.6923,144,45,17,2170,,A2,,,,,,,,n219_5A2q,2170,,gutim,219,
219,1210.2131,1.3846,144,48,17,2170,,C3,,,,,,,,n219_6C3h,2170,,gutim,219,
219,1210.6457,0.3462,144,31,11,2171,,G1,,,,,,,,n219_2G1s,2171,,gutim,219,
219,1211.0784,0.6923,144,106,5,2172,,Bb7,,,,,,,,n219_2Bb7e,2172,,gutim,219,
219,1211.0784,0.6923,144,56,17,2172,,Ab3,,,,,,,,n219_5Ab3e,2172,,gutim,219,
,,,,,,,,,,,,,,,,,,220,,,
220,1211.9438,0.1154,144,74,5,2173,,D5,,,,,,,,n220_1D5s,2173,,gutim,220,
220,1211.9438,0.9231,144,70,5,2173,,Bb4,,,,,,,,n220_2Bb4h,2173,,gutim,220,
220,1211.9438,0.9231,144,62,11,2173,,D4,,,,,,,,n220_5D4q_0,2173,,gutim,220,
220,1211.9438,0.4111,144,55,2,2173,,G3,,,,,,,,n220_6G3e,2173,,gutim,220,
220,1212.3765,0.4111,144,61,14,2174,,C#4,,,,,,,,n220_6Cs4s,2174,,gutim,220,
220,1212.8092,0.1302,144,32,14,2175,,G#1,,,,,,,,n220_6Gs1e,2175,,gutim,220,
,,,,,,,7153,,,,,,,,,,,,gutim,,
,,,,,,,,,,,,,,,,,,222,,,
222,1218.4846,0.06,144,75,20,2176,,Eb5,g,,,,,,,ng222_1Eb5e,2176,,gutim,222,
222,1218.5596,0.06,144,48,14,2177,,C3,g,,,,,,,ng222_1C3e,2177,,gutim,222,
222,1218.6346,0.06,144,87,19,2178,,Eb6,g,,,,,,,ng222_1Eb6e,2178,,gutim,222,
222,1218.7096,0.1299,144,49,14,2179,,C#3,,,,,,,,n222_1Cs3t_0,2179,,gutim,222,
222,1218.7096,0.3636,144,55,14,2179,,G3,,,,,,,,n222_5G3e,2179,,gutim,222,
222,1218.8463,0.1299,144,59,18,2180,,B3,,,,,,,,n222_1B3t_0,2180,,gutim,222,
222,1218.983,0.1299,144,49,17,2181,,C#3,,,,,,,,n222_1Cs3t_1,2181,,gutim,222,
222,1219.1197,0.5195,144,59,16,2182,,B3,,,,,,,,n222_1B3s_0,2182,,gutim,222,
222,1219.1641,0.108,144,42,5,2183,,Gb2,,,,,,,,n222_5Gb2t_0,2183,,gutim,222,
222,1219.2777,0.108,144,29,5,2184,,F1,,,,,,,,n222_5F1t_0,2184,,gutim,222,
222,1219.3914,0.108,144,42,5,2185,,Gb2,,,,,,,,n222_5Gb2t_1,2185,,gutim,222,
222,1219.505,0.108,144,29,5,2186,,F1,,,,,,,,n222_5F1t_1,2186,,gutim,222,
222,1219.6666,0.1299,144,49,13,2187,,C#3,,,,,,,,n222_1Cs3t_2,2187,,gutim,222,
222,1219.8033,0.1299,144,59,12,2188,,B3,,,,,,,,n222_1B3t_1,2188,,gutim,222,
222,1219.94,0.1265,144,91,11,2189,,G6,,,,,,,,n222_1G6t,2189,,gutim,222,
222,1220.68,0.0712,144,48,11,2190,,C3,g,,,,,,,ng222_5C3e_0,2190,,gutim,222,
222,1220.755,0.108,144,61,8,2191,,Db4,,,,,,,,n222_1Db4t_0,2191,,gutim,222,
222,1220.755,0.6477,144,54,11,2191,,Gb3,,,,,,,,n222_5Gb3e_0,2191,,gutim,222,
222,1220.8686,0.108,144,70,9,2192,,Bb4,,,,,,,,n222_1Bb4t_0,2192,,gutim,222,
222,1220.9823,0.108,144,61,9,2193,,Db4,,,,,,,,n222_1Db4t_1,2193,,gutim,222,
222,1221.0959,0.108,144,70,10,2194,,Bb4,,,,,,,,n222_1Bb4t_1,2194,,gutim,222,
222,1221.2096,0.2159,144,84,11,2195,,C6,,,,,,,,n222_1C6s,2195,,gutim,222,
222,1221.3618,0.0712,144,48,14,2196,,C3,g,,,,,,,ng222_5C3e_1,2196,,gutim,222,
222,1221.4368,0.6477,144,54,14,2197,,Gb3,,,,,,,,n222_5Gb3e_1,2197,,gutim,222,
222,1222.1186,4.9091,144,69,17,2198,,A4,,,,,,,,n222_1A4e,2198,,gutim,222,
,,,,,,,,,,,,,,,,,,223,,,
223,1224.1641,0.4318,144,51,20,2199,,Eb3,,,,,,,,n223_5Eb3e_0,2199,,gutim,223,
223,1224.6186,0.2159,144,25,15,2200,,Db1,,,,,,,,n223_5Db1s,2200,,gutim,223,
223,1224.8459,0.1299,144,24,13,2201,,C1,,,,,,,,n223_5C1t_0,2201,,gutim,223,
223,1224.9826,0.1299,144,47,11,2202,,B2,,,,,,,,n223_5B2t,2202,,gutim,223,
223,1225.1194,0.1299,144,24,10,2203,,C1,,,,,,,,n223_5C1t_1,2203,,gutim,223,
223,1225.2561,0.1299,144,35,8,2204,,B1,,,,,,,,n223_5B1t_0,2204,,gutim,223,
223,1225.2561,0.1299,144,39,8,2204,,Eb2,,,,,,,,n223_5Eb2t,2204,,gutim,223,
223,1225.3928,0.1299,144,24,7,2205,,C1,,,,,,,,n223_5C1t_2,2205,,gutim,223,
223,1225.5295,0.1299,144,35,5,2206,,B1,,,,,,,,n223_5B1t_1,2206,,gutim,223,
223,1225.6662,0.1299,144,55,5,2207,,G3,,,,,,,,n223_5G3t,2207,,gutim,223,
223,1228.255,0.3409,144,24,14,2208,,C1,,,,,,,,n223_5C1e_0,2208,,gutim,223,
223,1228.255,0.5455,144,25,14,2208,,Db1,,,,,,,,n223_5Db1e,2208,,gutim,223,
223,1228.255,0.5455,144,35,14,2208,,B1,,,,,,,,n223_5B1e,2208,,gutim,223,
223,1228.255,0.5455,144,51,14,2208,,Eb3,,,,,,,,n223_5Eb3e_1,2208,,gutim,223,
223,1228.255,0.5455,144,55,14,2208,,G3,,,,,,,,n223_5G3e_0,2208,,gutim,223,
223,1228.9368,0.6477,144,24,8,2209,,C1,,,,,,,,n223_5C1e_1,2209,,gutim,223,
223,1228.9368,0.5455,144,37,8,2209,,Db2,,,,,,,,n223_5Db2e,2209,,gutim,223,
223,1228.9368,0.5455,144,47,8,2209,,B2,,,,,,,,n223_5B2e,2209,,gutim,223,
223,1228.9368,0.5455,144,51,8,2209,,Eb3,,,,,,,,n223_5Eb3e_2,2209,,gutim,223,
223,1228.9368,0.5455,144,55,8,2209,,G3,,,,,,,,n223_5G3e_1,2209,,gutim,223,
,,,,,,,7155,,,,,,,,,,,,gutim,,
223,1229.6186,4.3636,144,63,8,2210,,Eb4,,,,,,,,n223_5Eb4h,2210,,gutim,223,
,,,,,,,7156,,,,,,,,,,,,gutim,,
,,,,,,,,,,,,,,,,,,226,,,
226,1243.8618,0.06,144,33,20,2211,,A1,g,,,,,,,ng226_5A1e,2211,,gutim,226,
226,1243.9368,0.6477,144,44,20,2212,,G#2,,,,,,,,n226_5Gs2e,2212,,gutim,226,
226,1244.6186,1.0795,144,60,16,2213,,C4,,,,,,,,n226_5C4e_0,2213,,gutim,226,
226,1245.755,0.2159,144,33,9,2214,,A1,,,,,,,,n226_5A1s,2214,,gutim,226,
226,1245.9823,0.108,144,44,8,2215,,G#2,,,,,,,,n226_5Gs2t,2215,,gutim,226,
226,1246.0959,0.108,144,60,7,2216,,C4,,,,,,,,n226_5C4t,2216,,gutim,226,
226,1246.2096,0.108,144,21,7,2217,,A0,,,,,,,,n226_5A0t_0,2217,,gutim,226,
226,1246.3232,0.108,144,32,6,2218,,G#1,,,,,,,,n226_5Gs1t,2218,,gutim,226,
226,1246.4368,0.054,144,48,5,2219,,C3,,,,,,,,n226_5C3x,2219,,gutim,226,
226,1246.4936,4.696,144,21,5,2220,,A0,,,,,,,,n226_5A0t_1,2220,,gutim,226,
,,,,,,,,,,,,,,,,,,227,,,
227,1251.6641,0.108,144,48,17,2221,,C3,,,,,,,,n227_5C3t,2221,,gutim,227,
227,1251.7777,0.108,144,38,16,2222,,D2,,,,,,,,n227_5D2t,2222,,gutim,227,
227,1251.8914,0.4318,144,52,16,2223,,E3,,,,,,,,n227_5E3e,2223,,gutim,227,
227,1252.4596,0.108,144,92,13,2224,,G#6,,,,,,,,n227_1Gs6t,2224,,gutim,227,
227,1252.5732,0.108,144,81,12,2225,,A5,,,,,,,,n227_1A5t,2225,,gutim,227,
227,1252.6868,0.108,144,98,12,2226,,D7,,,,,,,,n227_1D7t,2226,,gutim,227,
227,1252.8005,0.108,144,108,11,2227,,C8,,,,,,,,n227_1C8t,2227,,gutim,227,
227,1252.9141,0.1619,144,80,11,2228,,G#5,,,,,,,,n227_1Gs5t_0,2228,,gutim,227,
227,1253.0846,0.1619,144,96,10,2229,,C7,,,,,,,,n227_1C7t_0,2229,,gutim,227,
227,1253.255,0.108,144,80,9,2230,,G#5,,,,,,,,n227_1Gs5t_1,2230,,gutim,227,
227,1253.3686,0.108,144,69,8,2231,,A4,,,,,,,,n227_1A4t,2231,,gutim,227,
227,1253.4823,0.108,144,86,8,2232,,D6,,,,,,,,n227_1D6t_0,2232,,gutim,227,
227,1253.5959,0.108,144,96,7,2233,,C7,,,,,,,,n227_1C7t_1,2233,,gutim,227,
227,1253.7096,0.108,144,100,6,2234,,E7,,,,,,,,n227_1E7t_0,2234,,gutim,227,
227,1253.8232,0.1619,144,86,6,2235,,D6,,,,,,,,n227_1D6t_1,2235,,gutim,227,
227,1253.9936,0.1619,144,100,5,2236,,E7,,,,,,,,n227_1E7t_1,2236,,gutim,227,
,,,,,,,7159,,,,,,,,,,,,gutim,,
,,,,,,,,,,,,,,,,,,228,,,
228,1256.9641,0.19,144,38,17,2237,,D2,,,,,,,,n228_1D2s,2237,,gutim,228,
228,1257.1641,0.19,144,58,14,2238,,Bb3,,,,,,,,n228_1Bb3s_0,2238,,gutim,228,
228,1257.1641,5.28,144,44,8,2238,,Ab2,,,,,,,,n228_5Ab2e,2238,,gutim,228,
228,1257.3641,0.1262,144,53,12,2239,,F3,,,,,,,,n228_1F3s,2239,,gutim,228,
228,1257.4969,0.1262,144,50,10,2240,,D3,,,,,,,,n228_1D3s,2240,,gutim,228,
228,1257.6297,0.1262,144,58,8,2241,,Bb3,,,,,,,,n228_1Bb3s_1,2241,,gutim,228,
228,1258.2891,0.06,144,64,8,2242,,E4,g,,,,,,,ng228_1E4e,2242,,gutim,228,
228,1258.3641,0.3414,144,33,9,2243,,A1,,,,,,,,n228_1A1s,2243,,gutim,228,
228,1258.7235,0.1143,144,65,14,2244,,F4,,,,,,,,n228_1F4t,2244,,gutim,228,
228,1258.8438,0.1143,144,52,16,2245,,E3,,,,,,,,n228_1E3t,2245,,gutim,228,
,,,,,,,,,,,,,,,,,,229,,,
229,1258.9641,0.1707,144,45,17,2246,,A2,,,,,,,,n229_1A2t,2246,,gutim,229,
229,1259.1438,0.1143,144,77,20,2247,,F5,,,,,,,,n229_1F5t,2247,,gutim,229,
229,1259.2641,0.1707,144,46,20,2248,,Bb2,,,,,,,,n229_1Bb2t_0,2248,,gutim,229,
229,1259.4438,0.1143,144,49,20,2249,,Db3,,,,,,,,n229_1Db3t,2249,,gutim,229,
229,1259.5641,0.1143,144,46,17,2250,,Bb2,,,,,,,,n229_1Bb2t_1,2250,,gutim,229,
229,1259.6844,0.0564,144,64,14,2251,,E4,,,,,,,,n229_1E4x,2251,,gutim,229,
229,1259.7438,0.0564,144,65,13,2252,,F4,,,,,,,,n229_1F4x,2252,,gutim,229,
229,1259.8032,0.1143,144,64,12,2253,,E4,,,,,,,,n229_1E4t_0,2253,,gutim,229,
229,1259.9235,0.0757,144,46,9,2254,,Bb2,,,,,,,,n229_1Bb2t_2,2254,,gutim,229,
229,1260.0032,0.0757,144,61,7,2255,,Db4,,,,,,,,n229_1Db4t,2255,,gutim,229,
229,1260.0828,0.0757,144,46,5,2256,,Bb2,,,,,,,,n229_1Bb2t_3,2256,,gutim,229,
229,1262.5641,0.1707,144,32,8,2257,,Ab1,,,,,,,,n229_1Ab1t,2257,,gutim,229,
229,1262.7438,0.1707,144,72,10,2258,,C5,,,,,,,,n229_1C5t_0,2258,,gutim,229,
229,1262.9235,0.1143,144,50,12,2259,,D3,,,,,,,,n229_1D3t_0,2259,,gutim,229,
229,1263.0438,0.1143,144,44,14,2260,,Ab2,,,,,,,,n229_1Ab2t,2260,,gutim,229,
229,1263.1641,0.1143,144,60,16,2261,,C4,,,,,,,,n229_1C4t,2261,,gutim,229,
229,1263.2844,0.1143,144,50,17,2262,,D3,,,,,,,,n229_1D3t_1,2262,,gutim,229,
229,1263.4047,0.1143,144,72,19,2263,,C5,,,,,,,,n229_1C5t_1,2263,,gutim,229,
229,1263.525,0.1707,144,76,20,2264,,E5,,,,,,,,n229_1E5t_0,2264,,gutim,229,
229,1263.7047,0.1707,144,50,16,2265,,D3,,,,,,,,n229_1D3x,2265,,gutim,229,
229,1263.8844,0.1143,144,76,11,2266,,E5,,,,,,,,n229_1E5t_1,2266,,gutim,229,
229,1264.0969,0.16,144,21,5,2267,,A0,,,,,,,,n229_5A0t_0,2267,,gutim,229,
229,1264.2969,0.16,144,28,6,2268,,E1,,,,,,,,n229_5E1t_0,2268,,gutim,229,
229,1264.3641,0.57,144,60,11,2269,,C4,,,,,,,,n229_1C4e,2269,,gutim,229,
229,1264.4969,0.16,144,22,6,2270,,Bb0,,,,,,,,n229_5Bb0t_0,2270,,gutim,229,
229,1264.6969,0.1063,144,29,7,2271,,F1,,,,,,,,n229_5F1t_0,2271,,gutim,229,
229,1264.8297,0.1063,144,28,7,2272,,E1,,,,,,,,n229_5E1t_1,2272,,gutim,229,
229,1264.9641,0.285,144,33,8,2273,,A1,,,,,,,,n229_1A1s,2273,,gutim,229,
229,1264.9625,0.16,144,22,8,2273,,Bb0,,,,,,,,n229_5Bb0t_1,2273,,gutim,229,
229,1265.1625,0.19,144,29,8,2274,,F1,,,,,,,,n229_5F1t_1,2274,,gutim,229,
229,1265.2641,0.095,144,64,5,2275,,E4,,,,,,,,n229_1E4t_1,2275,,gutim,229,
229,1265.3641,0.095,144,50,4,2276,,D3,,,,,,,,n229_1D3t_3,2276,,gutim,229,
229,1265.3625,0.19,144,25,9,2276,,Db1,,,,,,,,n229_5Db1t,2276,,gutim,229,
229,1265.4641,0.095,144,64,2,2277,,E4,,,,,,,,n229_1E4t_2,2277,,gutim,229,
229,1265.5625,0.1262,144,21,10,2278,,A0,,,,,,,,n229_5A0t_1,2278,,gutim,229,
229,1265.6953,0.1262,144,29,10,2279,,F1,,,,,,,,n229_5F1t_2,2279,,gutim,229,
229,1265.8282,0.19,144,28,10,2280,,E1,,,,,,,,n229_5E1t_2,2280,,gutim,229,
229,1266.0282,0.1291,144,22,11,2281,,Bb0,,,,,,,,n229_5Bb0t_2,2281,,gutim,229,
,,,,,,,,,,,,,,,,,,230,,,
230,1266.1641,0.1262,144,29,14,2282,,F1,,,,,,,,n230_5F1t_0,2282,,gutim,230,
230,1266.2969,0.1262,144,25,16,2283,,Db1,,,,,,,,n230_5Db1t_0,2283,,gutim,230,
230,1266.4297,0.1262,144,22,17,2284,,Bb0,,,,,,,,n230_5Bb0t_0,2284,,gutim,230,
230,1266.5625,0.0846,144,29,19,2285,,F1,,,,,,,,n230_5F1t_1,2285,,gutim,230,
230,1266.6516,0.0846,144,28,20,2286,,E1,,,,,,,,n230_5E1t,2286,,gutim,230,
230,1266.7407,0.0846,144,25,21,2287,,Db1,,,,,,,,n230_5Db1t_1,2287,,gutim,230,
230,1266.8297,0.0846,144,22,22,2288,,Bb0,,,,,,,,n230_5Bb0t_1,2288,,gutim,230,
230,1266.9188,0.1692,144,21,22,2289,,A0,,,,,,,,n230_5A0s,2289,,gutim,230,
230,1267.0969,0.1262,144,33,19,2290,,A1,,,,,,,,n230_5A1t,2290,,gutim,230,
230,1267.2297,0.1262,144,52,16,2291,,E3,,,,,,,,n230_5E3t,2291,,gutim,230,
230,1267.3625,0.1262,144,46,14,2292,,Bb2,,,,,,,,n230_5Bb2t,2292,,gutim,230,
230,1267.4953,0.0712,144,77,11,2293,,F5,,,,,,,,n230_5F5t,2293,,gutim,230,
230,1267.5844,0.0713,144,64,10,2294,,E4,,,,,,,,n230_5E4t,2294,,gutim,230,
230,1267.6735,0.0712,144,61,8,2295,,C#4,,,,,,,,n230_5Cs4t,2295,,gutim,230,
,,,,,,,7162,,,,,,,,,,,,gutim,,
,,,,,,,,,,,,,,,,,,231,,,
231,1281.7641,0.12,144,32,17,2296,,Ab1,,,,,,,,n231_5Ab1t_0,2296,,gutim,231,
231,1281.9141,0.12,144,48,19,2297,,C3,,,,,,,,n231_5C3t_0,2297,,gutim,231,
231,1282.0641,0.08,144,32,20,2298,,Ab1,,,,,,,,n231_5Ab1t_1,2298,,gutim,231,
231,1282.1641,0.08,144,48,22,2299,,C3,,,,,,,,n231_5C3t_1,2299,,gutim,231,
231,1282.2641,0.08,144,52,23,2300,,E3,,,,,,,,n231_5E3t_0,2300,,gutim,231,
231,1282.3641,0.0538,144,32,24,2301,,Ab1,,,,,,,,n231_5Ab1x,2301,,gutim,231,
231,1282.4313,0.0511,144,21,24,2302,,A0,,,,,,,,n231_5A0x,2302,,gutim,231,
231,1282.4985,0.0638,144,38,22,2303,,D2,,,,,,,,n231_5D2x,2303,,gutim,231,
231,1282.5657,0.19,144,32,20,2304,,Ab1,,,,,,,,n231_5Ab1t_2,2304,,gutim,231,
231,1282.7657,0.0638,144,48,13,2305,,C3,,,,,,,,n231_5C3x,2305,,gutim,231,
231,1282.8328,2.9747,144,52,11,2306,,E3,,,,,,,,n231_5E3t_1,2306,,gutim,231,
,,,,,,,,,,,,,,,,,,232,,,
232,1282.9641,4.56,144,52,11,2307,,E3,,,,,,,,n232_5E3q,2307,,gutim,232,
232,1285.2891,0.0712,144,74,8,2308,,D5,g,,,,,,,ng232_6D5e,2308,,gutim,232,
232,1285.3641,0.2538,144,97,5,2309,,C#7,,,,,,,,n232_1Cs7s_0,2309,,gutim,232,
232,1285.3641,0.095,144,76,5,2309,,E5,,,,,,,,n232_2E5t,2309,,gutim,232,
232,1285.3641,2.28,144,64,8,2309,,E4,,,,,,,,n232_6E4h,2309,,gutim,232,
232,1285.4641,0.095,144,66,6,2310,,F#4,,,,,,,,n232_2Fs4t,2310,,gutim,232,
232,1285.5641,0.095,144,83,7,2311,,B5,,,,,,,,n232_2B5t_0,2311,,gutim,232,
232,1285.6266,0.2538,144,78,8,2312,,F#5,,,,,,,,n232_1Fs5s_0,2312,,gutim,232,
232,1285.6641,0.095,144,86,8,2313,,D6,,,,,,,,n232_2D6t,2313,,gutim,232,
232,1285.7641,0.095,144,83,10,2314,,B5,,,,,,,,n232_2B5t_1,2314,,gutim,232,
232,1285.8641,0.095,144,58,11,2315,,A#3,,,,,,,,n232_2As3t,2315,,gutim,232,
232,1285.8938,0.2538,144,97,11,2316,,C#7,,,,,,,,n232_1Cs7s_1,2316,,gutim,232,
232,1285.9641,0.57,144,83,12,2317,,B5,,,,,,,,n232_2B5e,2317,,gutim,232,
232,1286.161,0.76,144,78,14,2318,,F#5,,,,,,,,n232_1Fs5s_1,2318,,gutim,232,
232,1286.9641,0.76,144,107,5,2319,,B7,,,,,,,,n232_1B7q,2319,,gutim,232,
,,,,,,,,,,,,,,,,,,233,,,
233,1287.7641,0.38,144,81,5,2320,,A5,,,,,,,,n233_1A5e,2320,,gutim,233,
233,1288.1641,1.9,144,89,5,2321,,F6,,,,,,,,n233_1F6q_0,2321,,gutim,233,
233,1290.1641,0.0713,144,108,5,2322,,C8,,,,,,,,n233_1C8x,2322,,gutim,233,
233,1290.1641,0.2286,144,101,5,2322,,F7,,,,,,,,n233_5F7s,2322,,gutim,233,
233,1290.1641,1.71,144,55,20,2322,,G3,,,,,,,,n233_6G3q,2322,,gutim,233,
233,1290.1641,1.71,144,61,8,2322,,C#4,,,,,,,,n233_6Cs4q,2322,,gutim,233,
233,1290.1641,1.71,144,71,8,2322,,B4,,,,,,,,n233_6B4q,2322,,gutim,233,
233,1290.2391,0.0713,144,102,5,2323,,F#7,,,,,,,,n233_1Fs7x_0,2323,,gutim,233,
233,1290.3141,0.0712,144,99,5,2324,,D#7,,,,,,,,n233_1Ds7x,2324,,gutim,233,
233,1290.3891,0.0713,144,102,5,2325,,F#7,,,,,,,,n233_1Fs7x_1,2325,,gutim,233,
233,1290.4032,0.1143,144,85,5,2326,,C#6,,,,,,,,n233_5Cs6t_0,2326,,gutim,233,
233,1290.4641,0.2138,144,107,5,2327,,B7,,,,,,,,n233_1B7t,2327,,gutim,233,
233,1290.5235,0.1143,144,81,5,2328,,A5,,,,,,,,n233_5A5t,2328,,gutim,233,
233,1290.6438,0.0757,144,86,5,2329,,D6,,,,,,,,n233_5D6t_0,2329,,gutim,233,
233,1290.6891,0.0712,144,103,5,2330,,G7,,,,,,,,n233_1G7x,2330,,gutim,233,
233,1290.7235,0.0757,144,85,5,2331,,C#6,,,,,,,,n233_5Cs6t_1,2331,,gutim,233,
233,1290.8032,0.0757,144,69,5,2332,,A4,,,,,,,,n233_5A4t,2332,,gutim,233,
233,1290.8828,0.1143,144,86,5,2333,,D6,,,,,,,,n233_5D6t_1,2333,,gutim,233,
233,1291.0032,0.3429,144,104,5,2334,,G#7,,,,,,,,n233_5Gs7s,2334,,gutim,233,
233,1291.9641,0.2286,144,32,11,2335,,G#1,,,,,,,,n233_5Gs1s_0,2335,,gutim,233,
233,1291.9641,0.57,144,71,5,2335,,B4,,,,,,,,n233_6B4e,2335,,gutim,233,
233,1292.2032,0.1143,144,43,8,2336,,G2,,,,,,,,n233_5G2t,2336,,gutim,233,
233,1292.3235,0.2286,144,32,5,2337,,G#1,,,,,,,,n233_5Gs1s_1,2337,,gutim,233,
,,,,,,,,,,,,,,,,,,234,,,
234,1292.5641,0.0712,144,49,2,2338,,C#3,g,,,,,,,ng234_6Cs3e,2338,,gutim,234,
234,1292.6391,1.14,144,29,2,2339,,F1,,,,,,,,n234_6F1q,2339,,gutim,234,
234,1294.0782,0.2286,144,65,5,2340,,F4,,,,,,,,n234_5F4s,2340,,gutim,234,
234,1294.2391,0.285,144,95,5,2341,,B6,,,,,,,,n234_1B6s,2341,,gutim,234,
234,1294.3188,0.1143,144,62,5,2342,,D4,,,,,,,,n234_5D4t,2342,,gutim,234,
234,1294.4391,0.1143,144,61,5,2343,,C#4,,,,,,,,n234_5Cs4t,2343,,gutim,234,
234,1294.5391,0.095,144,69,5,2344,,A4,,,,,,,,n234_1A4t,2344,,gutim,234,
234,1294.5594,0.1514,144,57,5,2345,,A3,,,,,,,,n234_5A3s,2345,,gutim,234,
234,1294.6391,0.0638,144,77,6,2346,,F5,,,,,,,,n234_1F5t_0,2346,,gutim,234,
234,1294.7063,0.0638,144,85,6,2347,,C#6,,,,,,,,n234_1Cs6t_0,2347,,gutim,234,
234,1294.7188,0.1514,144,62,5,2348,,D4,,,,,,,,n234_5D4s,2348,,gutim,234,
234,1294.7735,0.0638,144,77,7,2349,,F5,,,,,,,,n234_1F5t_1,2349,,gutim,234,
234,1294.8407,0.0638,144,85,7,2350,,C#6,,,,,,,,n234_1Cs6t_1,2350,,gutim,234,
234,1294.8782,0.1514,144,68,5,2351,,G#4,,,,,,,,n234_5Gs4s,2351,,gutim,234,
234,1294.9078,0.1262,144,66,8,2352,,F#4,,,,,,,,n234_1Fs4s,2352,,gutim,234,
234,1295.0391,0.96,144,73,20,2353,,C#5,,,,,,,,n234_1Cs5q,2353,,gutim,234,
234,1295.0391,0.96,144,86,20,2353,,D6,,,,,,,,n234_1D6q,2353,,gutim,234,
234,1295.0375,0.3414,144,56,11,2353,,G#3,,,,,,,,n234_5Gs3s,2353,,gutim,234,
234,1295.3953,0.2316,144,81,14,2354,,A5,,,,,,,,n234_5A5s,2354,,gutim,234,
234,1295.6391,0.57,144,76,17,2355,,E5,,,,,,,,n234_5E5e,2355,,gutim,234,
234,1296.1641,0.06,144,83,14,2356,,B5,g,,,,,,,ng234_1B5e,2356,,gutim,234,
,,,,,,,7164,,,,,,,,,,,,gutim,,
,,,,,,,,,,,,,,,,,,235,,,
235,1299.397,0.8421,144,73,11,2357,,Db5,,,,,,,,n235_1Db5s_0,2357,,gutim,235,
235,1299.397,0.1316,144,36,14,2357,,C2,,,,,,,,n235_5C2s,2357,,gutim,235,
235,1299.397,0.1974,144,27,14,2357,,Eb1,,,,,,,,n235_6Eb1s,2357,,gutim,235,
235,1299.6602,0.1316,144,69,22,2358,,A4,,,,,,,,n235_5A4s,2358,,gutim,235,
235,1299.7486,2.5609,144,72,5,2359,,C5,,,,,,,,n235_1C5s_0,2359,,gutim,235,
235,1299.7486,0.9819,144,73,14,2359,,Db5,,,,,,,,n235_1Db5s_1,2359,,gutim,235,
235,1299.9233,0.2105,144,88,20,2360,,E6,,,,,,,,n235_5E6s,2360,,gutim,235,
235,1299.9233,0.2105,144,98,11,2360,,D7,,,,,,,,n235_5D7s,2360,,gutim,235,
235,1300.1865,2.2105,144,60,11,2361,,C4,,,,,,,,n235_5C4e,2361,,gutim,235,
,,,,,,,7168,,,,,,,,,,,,gutim,,
,,,,,,,,,,,,,,,,,,239,,,
239,1322.22,0.8182,144,72,14,2362,,C5,,,,,,,,n239_1C5e,2362,,gutim,239,
239,1322.22,0.1705,144,31,11,2362,,G1,,,,,,,,n239_5G1s,2362,,gutim,239,
239,1322.22,1.0909,144,24,20,2362,,C1,,,,,,,,n239_6C1q,2362,,gutim,239,
239,1322.22,1.0909,144,27,14,2362,,Eb1,,,,,,,,n239_6Eb1q,2362,,gutim,239,
239,1322.5609,0.5455,144,48,10,2363,,C3,,,,,,,,n239_5C3e,2363,,gutim,239,
239,1323.2427,0.1364,144,64,8,2364,,E4,,,,,,,,n239_1E4t,2364,,gutim,239,
239,1323.2427,0.1364,144,51,17,2364,,Eb3,,,,,,,,n239_2Eb3t,2364,,gutim,239,
239,1323.2427,0.1364,144,56,17,2364,,Ab3,,,,,,,,n239_2Ab3t,2364,,gutim,239,
239,1323.2427,0.1705,144,32,8,2364,,Ab1,,,,,,,,n239_5Ab1s,2364,,gutim,239,
239,1323.4131,0.1364,144,105,17,2365,,A7,,,,,,,,n239_2A7t,2365,,gutim,239,
239,1323.5086,0.06,144,105,13,2366,,A7,g,,,,,,,ng239_1A7e,2366,,gutim,239,
239,1323.5881,1.0909,144,64,11,2367,,E4,,,,,,,,n239_1E4q_0,2367,,gutim,239,
239,1323.5881,0.2727,144,48,8,2367,,C3,,,,,,,,n239_5C3s,2367,,gutim,239,
239,1323.5881,0.2727,144,54,8,2367,,F#3,,,,,,,,n239_5Fs3s,2367,,gutim,239,
239,1324.9518,1.0909,144,51,22,2368,,D#3,,,,,,,,n239_1Ds3q,2368,,gutim,239,
239,1324.9518,0.1705,144,44,8,2368,,G#2,,,,,,,,n239_5Gs2s,2368,,gutim,239,
239,1324.9518,0.2727,144,46,8,2368,,A#2,,,,,,,,n239_5As2s,2368,,gutim,239,
239,1324.9518,2.7273,144,30,22,2368,,F#1,,,,,,,,n239_6Fs1h,2368,,gutim,239,
239,1325.2927,0.1705,144,61,8,2369,,C#4,,,,,,,,n239_5Cs4s,2369,,gutim,239,
239,1325.6336,0.2727,144,83,5,2370,,B5,,,,,,,,n239_2B5s,2370,,gutim,239,
239,1325.6336,0.3409,144,40,20,2370,,E2,,,,,,,,n239_5E2e,2370,,gutim,239,
239,1325.9745,0.1364,144,96,11,2371,,C7,,,,,,,,n239_2C7t,2371,,gutim,239,
239,1325.9745,0.1364,144,98,5,2371,,D7,,,,,,,,n239_2D7t,2371,,gutim,239,
239,1326.145,0.1364,144,74,11,2372,,D5,,,,,,,,n239_2D5t,2372,,gutim,239,
239,1326.3154,3.2727,144,64,11,2373,,E4,,,,,,,,n239_1E4q_1,2373,,gutim,239,
239,1326.3154,3.2727,144,44,22,2373,,G#2,,,,,,,,n239_5Gs2q,2373,,gutim,239,
,,,,,,,,,,,,,,,,,,240,,,
240,1328.3609,1.6364,144,59,14,2374,,B3,,,,,,,,n240_6B3e,2374,,gutim,240,
,,,,,,,7170,,,,,,,,,,,,gutim,,
,,,,,,,,,,,,,,,,,,241,,,
241,1335.8609,1.2955,144,84,22,2375,,C6,,,,,,,,n241_2C6q,2375,,gutim,241,
241,1335.8609,1.2955,144,77,14,2375,,F5,,,,,,,,n241_6F5q,2375,,gutim,241,
241,1336.3927,0.0712,144,63,8,2376,,Eb4,g,,,,,,,ng241_5Eb4e,2376,,gutim,241,
241,1336.4677,0.0712,144,72,9,2377,,C5,g,,,,,,,ng241_5C5e,2377,,gutim,241,
241,1336.5427,1.9432,144,66,11,2378,,Gb4,,,,,,,,n241_5Gb4q,2378,,gutim,241,
241,1336.6995,0.0712,144,90,5,2379,,Gb6,g,,,,,,,ng241_2Gb6e_0,2379,,gutim,241,
241,1336.7745,0.0712,144,80,5,2380,,Ab5,g,,,,,,,ng241_2Ab5e,2380,,gutim,241,
241,1336.8495,0.0712,144,98,5,2381,,D7,g,,,,,,,ng241_2D7e_0,2381,,gutim,241,
241,1336.9245,0.0712,144,90,5,2382,,Gb6,g,,,,,,,ng241_2Gb6e_1,2382,,gutim,241,
241,1336.9995,0.0712,144,98,5,2383,,D7,g,,,,,,,ng241_2D7e_1,2383,,gutim,241,
241,1337.0745,0.0712,144,87,5,2384,,Eb6,g,,,,,,,ng241_2Eb6e,2384,,gutim,241,
241,1337.1495,0.0712,144,106,5,2385,,Bb7,g,,,,,,,ng241_2Bb7e,2385,,gutim,241,
241,1337.2245,0.2598,144,84,22,2386,,C6,,,,,,,,n241_2C6s_0,2386,,gutim,241,
241,1337.2245,0.1619,144,77,22,2386,,F5,,,,,,,,n241_6F5t_0,2386,,gutim,241,
241,1337.395,0.1364,144,77,22,2387,,F5,,,,,,,,n241_6F5t_1,2387,,gutim,241,
241,1337.4979,0.6548,144,84,22,2388,,C6,,,,,,,,n241_2C6e,2388,,gutim,241,
241,1337.6773,0.086,144,85,11,2389,,C#6,,,,,,,,n241_1Cs6t,2389,,gutim,241,
241,1337.7678,0.086,144,55,11,2390,,G3,,,,,,,,n241_1G3t,2390,,gutim,241,
241,1337.8584,0.086,144,88,11,2391,,E6,,,,,,,,n241_1E6t,2391,,gutim,241,
241,1337.9489,0.086,144,43,11,2392,,G2,,,,,,,,n241_1G2t,2392,,gutim,241,
241,1338.0395,0.086,144,37,11,2393,,C#2,,,,,,,,n241_1Cs2t,2393,,gutim,241,
241,1338.13,0.086,144,100,11,2394,,E7,,,,,,,,n241_1E7t,2394,,gutim,241,
241,1338.2206,0.086,144,48,11,2395,,C3,,,,,,,,n241_1C3t,2395,,gutim,241,
241,1338.3112,0.086,144,44,11,2396,,Ab2,,,,,,,,n241_1Ab2t,2396,,gutim,241,
241,1338.3112,0.2631,144,84,14,2396,,C6,,,,,,,,n241_2C6s_1,2396,,gutim,241,
241,1338.4017,0.086,144,60,11,2397,,C4,,,,,,,,n241_1C4t,2397,,gutim,241,
241,1338.4923,0.0911,144,45,11,2398,,A2,,,,,,,,n241_1A2t,2398,,gutim,241,
,,,,,,,,,,,,,,,,,,242,,,
242,1338.5881,0.3111,144,80,14,2399,,G#5,,,,,,,,n242_1Gs5s,2399,,gutim,242,
242,1338.5881,0.3111,144,83,14,2399,,B5,,,,,,,,n242_1B5s,2399,,gutim,242,
242,1338.5881,0.1299,144,84,22,2399,,C6,,,,,,,,n242_2C6t,2399,,gutim,242,
242,1338.5881,3.2727,144,31,22,2399,,G1,,,,,,,,n242_6G1h,2399,,gutim,242,
242,1338.7249,0.3267,144,84,20,2400,,C6,,,,,,,,n242_2C6s,2400,,gutim,242,
242,1338.977,0.1562,144,80,18,2401,,G#5,,,,,,,,n242_1Gs5t,2401,,gutim,242,
242,1338.977,0.1562,144,83,18,2401,,B5,,,,,,,,n242_1B5t_0,2401,,gutim,242,
242,1339.1688,0.7439,144,77,22,2402,,F5,,,,,,,,n242_1F5e,2402,,gutim,242,
242,1339.1688,0.6264,144,83,22,2402,,B5,,,,,,,,n242_1B5e,2402,,gutim,242,
242,1339.1688,0.6264,144,84,22,2402,,C6,,,,,,,,n242_1C6e,2402,,gutim,242,
242,1339.1688,0.6264,144,88,22,2402,,E6,,,,,,,,n242_1E6e,2402,,gutim,242,
242,1339.9518,1.481,144,77,17,2403,,F5,,,,,,,,n242_1F5q,2403,,gutim,242,
242,1339.9518,1.2472,144,83,17,2403,,B5,,,,,,,,n242_1B5q,2403,,gutim,242,
242,1339.9518,1.2472,144,88,17,2403,,E6,,,,,,,,n242_1E6q,2403,,gutim,242,
242,1339.9518,2.1818,144,53,22,2403,,F3,,,,,,,,n242_5F3h,2403,,gutim,242,
242,1341.5072,0.3694,144,43,11,2404,,G2,,,,,,,,n242_1G2s,2404,,gutim,242,
242,1341.8587,0.194,144,59,5,2405,,B3,,,,,,,,n242_2B3t_0,2405,,gutim,242,
242,1341.896,0.555,144,32,10,2406,,Ab1,,,,,,,,n242_1Ab1s_0,2406,,gutim,242,
242,1342.0612,0.194,144,52,5,2407,,E3,,,,,,,,n242_2E3t_0,2407,,gutim,242,
242,1342.2653,0.1299,144,59,5,2408,,B3,,,,,,,,n242_2B3t_1,2408,,gutim,242,
242,1342.4021,0.086,144,62,5,2409,,D4,,,,,,,,n242_2D4t_0,2409,,gutim,242,
242,1342.482,0.3711,144,43,8,2410,,G2,,,,,,,,n242_1G2t_0,2410,,gutim,242,
242,1342.4873,0.086,144,52,5,2411,,E3,,,,,,,,n242_2E3t_1,2411,,gutim,242,
242,1342.5778,0.086,144,62,5,2412,,D4,,,,,,,,n242_2D4t_1,2412,,gutim,242,
242,1342.6791,0.5178,144,34,5,2413,,Bb1,,,,,,,,n242_2Bb1e,2413,,gutim,242,
242,1342.8708,0.555,144,32,8,2414,,Ab1,,,,,,,,n242_1Ab1s_1,2414,,gutim,242,
242,1343.2224,0.1299,144,34,5,2415,,Bb1,,,,,,,,n242_2Bb1t,2415,,gutim,242,
242,1343.3591,0.1299,144,42,5,2416,,Gb2,,,,,,,,n242_2Gb2t,2416,,gutim,242,
242,1343.4568,0.1855,144,83,5,2417,,B5,,,,,,,,n242_1B5t_2,2417,,gutim,242,
242,1343.4568,1.196,144,80,5,2417,,G#5,,,,,,,,n242_5Gs5s,2417,,gutim,242,
242,1343.6485,0.1855,144,43,6,2418,,G2,,,,,,,,n242_1G2t_2,2418,,gutim,242,
242,1343.8438,0.1889,144,32,5,2419,,Ab1,,,,,,,,n242_1Ab1t,2419,,gutim,242,
,,,,,,,,,,,,,,,,,,243,,,
243,1344.9518,0.2429,144,80,5,2420,,G#5,,,,,,,,n243_5Gs5s,2420,,gutim,243,
243,1345.2554,0.1207,144,93,5,2421,,A6,,,,,,,,n243_5A6t,2421,,gutim,243,
243,1345.4063,0.2884,144,65,5,2422,,F4,,,,,,,,n243_1F4s,2422,,gutim,243,
243,1345.7046,0.1434,144,58,14,2423,,Bb3,,,,,,,,n243_1Bb3t,2423,,gutim,243,
243,1345.8555,0.2159,144,77,14,2424,,F5,,,,,,,,n243_1F5t,2424,,gutim,243,
243,1346.0828,0.2159,144,60,14,2425,,C4,,,,,,,,n243_1C4t_0,2425,,gutim,243,
243,1346.3101,0.1434,144,70,14,2426,,Bb4,,,,,,,,n243_1Bb4t_0,2426,,gutim,243,
243,1346.461,0.1434,144,60,14,2427,,C4,,,,,,,,n243_1C4t_1,2427,,gutim,243,
243,1346.6119,0.1434,144,70,14,2428,,Bb4,,,,,,,,n243_1Bb4t_1,2428,,gutim,243,
243,1346.7629,0.1299,144,60,14,2429,,C4,,,,,,,,n243_1C4t_2,2429,,gutim,243,
243,1346.9031,0.1299,144,70,14,2430,,Bb4,,,,,,,,n243_1Bb4t_2,2430,,gutim,243,
243,1347.0398,0.1299,144,80,14,2431,,G#5,,,,,,,,n243_1Gs5t_0,2431,,gutim,243,
243,1347.1766,0.5178,144,88,14,2432,,E6,,,,,,,,n243_1E6e,2432,,gutim,243,
243,1347.7217,0.1299,144,80,14,2433,,G#5,,,,,,,,n243_1Gs5t_1,2433,,gutim,243,
243,1347.8584,0.2615,144,88,14,2434,,E6,,,,,,,,n243_1E6s_0,2434,,gutim,243,
243,1347.9631,0.1364,144,53,14,2435,,F3,,,,,,,,n243_2F3t,2435,,gutim,243,
243,1348.1336,1.2955,144,92,14,2436,,Ab6,,,,,,,,n243_2Ab6q,2436,,gutim,243,
243,1348.1336,0.1364,144,77,14,2436,,F5,,,,,,,,n243_5F5t,2436,,gutim,243,
243,1348.3041,0.6818,144,62,14,2437,,D4,,,,,,,,n243_5D4s_0,2437,,gutim,243,
243,1348.3041,0.6818,144,77,14,2437,,F5,,,,,,,,n243_5F5s_0,2437,,gutim,243,
243,1348.8154,0.1619,144,80,14,2438,,G#5,,,,,,,,n243_1Gs5t_2,2438,,gutim,243,
243,1348.9859,0.4858,144,88,14,2439,,E6,,,,,,,,n243_1E6s_1,2439,,gutim,243,
243,1349.1563,0.2727,144,86,14,2440,,D6,,,,,,,,n243_5D6s,2440,,gutim,243,
,,,,,,,,,,,,,,,,,,244,,,
244,1349.4972,2.5909,144,92,14,2441,,Ab6,,,,,,,,n244_2Ab6h,2441,,gutim,244,
244,1349.4972,0.2727,144,77,14,2441,,F5,,,,,,,,n244_5F5s_0,2441,,gutim,244,
244,1349.4972,0.2727,144,86,14,2441,,D6,,,,,,,,n244_5D6s,2441,,gutim,244,
244,1349.8381,1.9091,144,62,14,2442,,D4,,,,,,,,n244_1D4e,2442,,gutim,244,
244,1349.8381,1.6364,144,25,14,2442,,Db1,,,,,,,,n244_5Db1e_0,2442,,gutim,244,
244,1351.8836,0.2727,144,77,14,2443,,F5,,,,,,,,n244_5F5s_1,2443,,gutim,244,
244,1352.2245,0.4858,144,28,14,2444,,E1,,,,,,,,n244_5E1s,2444,,gutim,244,
244,1352.2245,0.2727,144,25,14,2444,,Db1,,,,,,,,n244_6Db1s,2444,,gutim,244,
244,1352.6131,0.0712,144,60,14,2445,,C4,g,,,,,,,ng244_2C4e_0,2445,,gutim,244,
244,1352.6881,0.0712,144,89,14,2446,,F6,g,,,,,,,ng244_2F6e_0,2446,,gutim,244,
244,1352.7359,0.2429,144,47,14,2447,,B2,,,,,,,,n244_5B2s,2447,,gutim,244,
244,1352.7631,0.0712,144,92,14,2448,,Ab6,g,,,,,,,ng244_2Ab6e_0,2448,,gutim,244,
244,1352.8381,0.0712,144,89,14,2449,,F6,g,,,,,,,ng244_2F6e_1,2449,,gutim,244,
244,1352.9131,0.0712,144,82,14,2450,,Bb5,g,,,,,,,ng244_2Bb5e_0,2450,,gutim,244,
244,1352.9881,0.0712,144,60,14,2451,,C4,g,,,,,,,ng244_2C4e_1,2451,,gutim,244,
244,1353.0631,0.0712,144,89,14,2452,,F6,g,,,,,,,ng244_2F6e_2,2452,,gutim,244,
244,1353.1381,0.0712,144,92,14,2453,,Ab6,g,,,,,,,ng244_2Ab6e_1,2453,,gutim,244,
244,1353.2131,0.0712,144,82,14,2454,,Bb5,g,,,,,,,ng244_2Bb5e_1,2454,,gutim,244,
244,1353.2472,0.3239,144,80,14,2455,,G#5,,,,,,,,n244_5Gs5s_0,2455,,gutim,244,
244,1353.2881,0.0712,144,92,14,2456,,Ab6,g,,,,,,,ng244_2Ab6e_2,2456,,gutim,244,
244,1353.3631,0.0712,144,100,14,2457,,E7,g,,,,,,,ng244_2E7e_0,2457,,gutim,244,
244,1353.4381,0.0712,144,82,14,2458,,Bb5,g,,,,,,,ng244_2Bb5e_2,2458,,gutim,244,
244,1353.5131,0.0712,144,100,14,2459,,E7,g,,,,,,,ng244_2E7e_1,2459,,gutim,244,
244,1353.5131,0.06,144,77,14,2459,,F5,g,,,,,,,ng244_6F5e,2459,,gutim,244,
244,1353.5881,0.1619,144,40,14,2460,,E2,,,,,,,,n244_5E2t_0,2460,,gutim,244,
244,1353.5881,1.0909,144,48,14,2460,,C3,,,,,,,,n244_6C3e,2460,,gutim,244,
244,1353.7586,0.1619,144,80,14,2461,,G#5,,,,,,,,n244_5Gs5t,2461,,gutim,244,
244,1353.9291,0.2727,144,40,14,2462,,E2,,,,,,,,n244_5E2s,2462,,gutim,244,
244,1354.27,0.3111,144,80,14,2463,,G#5,,,,,,,,n244_5Gs5s_1,2463,,gutim,244,
244,1354.6109,0.2727,144,49,14,2464,,Db3,,,,,,,,n244_6Db3s,2464,,gutim,244,
244,1354.6588,0.1562,144,40,14,2465,,E2,,,,,,,,n244_5E2t_1,2465,,gutim,244,
244,1354.8541,0.0781,144,72,14,2466,,C5,,,,,,,,n244_5C5x,2466,,gutim,244,
,,,,,,,,,,,,,,,,,,245,,,
245,1354.9518,0.1562,144,47,14,2467,,B2,,,,,,,,n245_5B2t_0,2467,,gutim,245,
245,1355.1435,0.1562,144,72,14,2468,,C5,,,,,,,,n245_5C5t_0,2468,,gutim,245,
245,1355.3389,0.0781,144,47,14,2469,,B2,,,,,,,,n245_5B2x,2469,,gutim,245,
245,1355.4365,0.1562,144,53,14,2470,,F3,,,,,,,,n245_5F3t,2470,,gutim,245,
245,1355.6318,0.0864,144,80,14,2471,,G#5,,,,,,,,n245_5Gs5t,2471,,gutim,245,
245,1355.7455,0.108,144,40,14,2472,,E2,,,,,,,,n245_5E2t,2472,,gutim,245,
245,1355.8591,0.108,144,72,14,2473,,C5,,,,,,,,n245_5C5t_1,2473,,gutim,245,
245,1355.9727,0.108,144,47,14,2474,,B2,,,,,,,,n245_5B2t_1,2474,,gutim,245,
245,1356.0864,0.2176,144,53,14,2475,,F3,,,,,,,,n245_5F3s,2475,,gutim,245,
245,1356.145,0.081,144,79,14,2476,,G5,,,,,,,,n245_2G5x,2476,,gutim,245,
245,1356.2302,0.081,144,33,14,2477,,A1,,,,,,,,n245_2A1x,2477,,gutim,245,
,,,,,,,,,,,,,,,,,,248,,,
248,1370.731,3.0536,144,65,14,2478,,F4,,,,,,,,n248_1F4h,2478,,gutim,248,
248,1370.731,2.5714,144,72,14,2478,,C5,,,,,,,,n248_1C5h,2478,,gutim,248,
248,1370.731,3.0536,144,48,14,2478,,C3,,,,,,,,n248_5C3h,2478,,gutim,248,
248,1370.731,2.5714,144,56,14,2478,,Ab3,,,,,,,,n248_5Ab3h,2478,,gutim,248,
,,,,,,,7174,,,,,,,,,,,,gutim,,
248,1373.9453,0.8571,144,85,14,2479,,Db6,,,,,,,,n248_1Db6q,2479,,gutim,248,
248,1373.9453,0.8571,144,72,14,2479,,C5,,,,,,,,n248_2C5q,2479,,gutim,248,
248,1373.9453,0.8571,144,48,14,2479,,C3,,,,,,,,n248_5C3q,2479,,gutim,248,
248,1373.9453,0.8571,144,56,14,2479,,Ab3,,,,,,,,n248_5Ab3q,2479,,gutim,248,
,,,,,,,,,,,,,,,,,,249,,,
249,1375.0167,0.06,144,41,14,2480,,F2,g,,,,,,,ng249_5F2e,2480,,gutim,249,
249,1375.0917,0.3393,144,48,14,2481,,C3,,,,,,,,n249_1C3e,2481,,gutim,249,
249,1375.0917,0.2857,144,56,14,2481,,Ab3,,,,,,,,n249_1Ab3e,2481,,gutim,249,
249,1375.0917,0.5089,144,28,14,2481,,E1,,,,,,,,n249_5E1e,2481,,gutim,249,
249,1375.0917,0.4286,144,41,14,2481,,F2,,,,,,,,n249_5F2e,2481,,gutim,249,
249,1375.3739,0.0712,144,73,11,2482,,C#5,g,,,,,,,ng249_1Cs5e,2482,,gutim,249,
249,1375.4489,0.6786,144,83,11,2483,,B5,,,,,,,,n249_1B5q,2483,,gutim,249,
249,1375.6274,0.1696,144,69,14,2484,,A4,,,,,,,,n249_5A4t_0,2484,,gutim,249,
249,1375.806,0.1127,144,51,9,2485,,D#3,,,,,,,,n249_5Ds3t,2485,,gutim,249,
249,1375.9246,0.1127,144,59,10,2486,,B3,,,,,,,,n249_5B3t_0,2486,,gutim,249,
249,1375.9246,0.1127,144,69,14,2486,,A4,,,,,,,,n249_5A4t_1,2486,,gutim,249,
249,1376.0432,0.114,144,54,11,2487,,F#3,,,,,,,,n249_5Fs3t_0,2487,,gutim,249,
249,1376.1631,0.1908,144,39,12,2488,,D#2,,,,,,,,n249_5Ds2t,2488,,gutim,249,
249,1376.1631,0.1908,144,42,12,2488,,F#2,,,,,,,,n249_5Fs2t,2488,,gutim,249,
249,1376.364,0.1908,144,54,13,2489,,F#3,,,,,,,,n249_5Fs3t_1,2489,,gutim,249,
249,1376.5649,0.1272,144,71,14,2490,,B4,,,,,,,,n249_5B4t,2490,,gutim,249,
249,1376.6989,0.1127,144,30,15,2491,,F#1,,,,,,,,n249_5Fs1t_0,2491,,gutim,249,
249,1376.6989,0.1127,144,59,15,2491,,B3,,,,,,,,n249_5B3t_1,2491,,gutim,249,
249,1376.6989,0.1127,144,69,14,2491,,A4,,,,,,,,n249_5A4t_2,2491,,gutim,249,
249,1376.8174,0.1127,144,55,16,2492,,G3,,,,,,,,n249_5G3t_0,2492,,gutim,249,
249,1376.936,0.1696,144,59,17,2493,,B3,,,,,,,,n249_5B3t_2,2493,,gutim,249,
249,1377.1146,0.114,144,27,17,2494,,D#1,,,,,,,,n249_5Ds1t,2494,,gutim,249,
249,1377.1146,0.114,144,30,17,2494,,F#1,,,,,,,,n249_5Fs1t_1,2494,,gutim,249,
249,1377.1146,0.114,144,55,17,2494,,G3,,,,,,,,n249_5G3t_1,2494,,gutim,249,
249,1377.2146,0.0712,144,39,11,2495,,D#2,g,,,,,,,ng249_5Ds2e,2495,,gutim,249,
249,1377.2896,0.0712,144,47,11,2496,,B2,g,,,,,,,ng249_5B2e,2496,,gutim,249,
249,1377.3646,0.967,144,39,11,2497,,D#2,,,,,,,,n249_5Ds2q,2497,,gutim,249,
249,1377.3646,1.0179,144,47,14,2497,,B2,,,,,,,,n249_5B2q,2497,,gutim,249,
249,1377.3646,1.0179,144,48,11,2497,,C3,,,,,,,,n249_5C3q,2497,,gutim,249,
249,1377.9003,0.1696,144,83,11,2498,,B5,,,,,,,,n249_1B5t,2498,,gutim,249,
249,1378.0789,0.1127,144,57,10,2499,,A3,,,,,,,,n249_1A3t_0,2499,,gutim,249,
249,1378.1975,0.1127,144,54,9,2500,,F#3,,,,,,,,n249_1Fs3t_0,2500,,gutim,249,
249,1378.316,0.096,144,54,8,2501,,F#3,,,,,,,,n249_1Fs3t_1,2501,,gutim,249,
249,1378.316,0.096,144,57,8,2501,,A3,,,,,,,,n249_1A3t_1,2501,,gutim,249,
249,1378.316,0.096,144,65,8,2501,,F4,,,,,,,,n249_1F4t,2501,,gutim,249,
249,1378.316,0.096,144,73,8,2501,,C#5,,,,,,,,n249_1Cs5t,2501,,gutim,249,
249,1378.436,0.1719,144,28,20,2502,,E1,,,,,,,,n249_5E1s_0,2502,,gutim,249,
249,1378.436,0.1719,144,42,14,2502,,F#2,,,,,,,,n249_5Fs2s_0,2502,,gutim,249,
249,1378.436,0.1719,144,48,20,2502,,C3,,,,,,,,n249_5C3s_0,2502,,gutim,249,
249,1378.436,0.1719,144,56,20,2502,,Ab3,,,,,,,,n249_5Ab3s_0,2502,,gutim,249,
249,1378.6509,0.0802,144,28,22,2503,,E1,,,,,,,,n249_5E1s_1,2503,,gutim,249,
249,1378.6509,0.2567,144,35,22,2503,,B1,,,,,,,,n249_5B1s,2503,,gutim,249,
249,1378.6509,0.2567,144,42,14,2503,,F#2,,,,,,,,n249_5Fs2s_1,2503,,gutim,249,
249,1378.6509,0.2567,144,48,22,2503,,C3,,,,,,,,n249_5C3s_1,2503,,gutim,249,
249,1378.6509,0.2567,144,56,22,2503,,Ab3,,,,,,,,n249_5Ab3s_1,2503,,gutim,249,
249,1378.8967,0.06,144,60,14,2504,,C4,g,,,,,,,ng249_1C4e,2504,,gutim,249,
249,1378.9717,0.1696,144,68,13,2505,,Ab4,,,,,,,,n249_1Ab4t_0,2505,,gutim,249,
249,1379.1503,0.1127,144,40,11,2506,,E2,,,,,,,,n249_1E2t_0,2506,,gutim,249,
249,1379.2689,0.1127,144,53,9,2507,,F3,,,,,,,,n249_1F3t,2507,,gutim,249,
249,1379.2689,0.1127,144,60,9,2507,,C4,,,,,,,,n249_1C4t,2507,,gutim,249,
249,1379.2689,0.1127,144,68,9,2507,,Ab4,,,,,,,,n249_1Ab4t_1,2507,,gutim,249,
249,1379.2825,0.0712,144,49,14,2508,,C#3,g,,,,,,,ng249_5Cs3e,2508,,gutim,249,
249,1379.3575,0.0712,144,27,14,2509,,D#1,g,,,,,,,ng249_5Ds1e,2509,,gutim,249,
249,1379.3875,0.114,144,40,14,2510,,E2,,,,,,,,n249_1E2t_1,2510,,gutim,249,
249,1379.3875,0.114,144,47,14,2510,,B2,,,,,,,,n249_1B2t,2510,,gutim,249,
249,1379.4325,0.0712,144,32,14,2511,,G#1,g,,,,,,,ng249_5Gs1e,2511,,gutim,249,
249,1379.5075,0.1357,144,27,14,2512,,D#1,,,,,,,,n249_5Ds1e,2512,,gutim,249,
249,1379.5075,0.3393,144,32,14,2512,,G#1,,,,,,,,n249_5Gs1e,2512,,gutim,249,
249,1379.5075,0.3393,144,61,14,2512,,C#4,,,,,,,,n249_5Cs4e,2512,,gutim,249,
249,1379.5075,0.3393,144,71,14,2512,,B4,,,,,,,,n249_5B4e,2512,,gutim,249,
249,1379.8646,0.4286,144,43,14,2513,,G2,,,,,,,,n249_5G2e,2513,,gutim,249,
249,1380.4003,0.1429,144,27,14,2514,,D#1,,,,,,,,n249_5Ds1s,2514,,gutim,249,
249,1380.4003,0.1429,144,32,14,2514,,G#1,,,,,,,,n249_5Gs1s,2514,,gutim,249,
249,1380.4003,0.1429,144,61,14,2514,,C#4,,,,,,,,n249_5Cs4s,2514,,gutim,249,
249,1380.4003,0.1429,144,71,14,2514,,B4,,,,,,,,n249_5B4s,2514,,gutim,249,
,,,,,,,,,,,,,,,,,,250,,,
250,1380.936,0.5714,144,54,14,2515,,F#3,,,,,,,,n250_1Fs3q,2515,,gutim,250,
250,1380.936,0.5714,144,57,14,2515,,A3,,,,,,,,n250_1A3q,2515,,gutim,250,
250,1380.936,0.5714,144,65,14,2515,,F4,,,,,,,,n250_1F4q,2515,,gutim,250,
250,1380.936,0.5714,144,73,14,2515,,C#5,,,,,,,,n250_1Cs5q,2515,,gutim,250,
250,1380.936,0.5714,144,83,14,2515,,B5,,,,,,,,n250_1B5q,2515,,gutim,250,
250,1381.5003,0.06,144,95,14,2516,,B6,g,,,,,,,ng250_1B6e,2516,,gutim,250,
250,1381.5753,0.06,144,73,14,2517,,C#5,g,,,,,,,ng250_1Cs5e,2517,,gutim,250,
250,1381.6503,0.8571,144,85,14,2518,,C#6,,,,,,,,n250_1Cs6q,2518,,gutim,250,
250,1381.6503,0.8571,144,100,14,2518,,E7,,,,,,,,n250_1E7q,2518,,gutim,250,
250,1381.6503,0.4286,144,57,14,2518,,A3,,,,,,,,n250_5A3e,2518,,gutim,250,
250,1382.186,0.4286,144,32,14,2519,,Ab1,,,,,,,,n250_5Ab1e,2519,,gutim,250,
250,1382.7217,0.1696,144,32,14,2520,,Ab1,,,,,,,,n250_5Ab1t,2520,,gutim,250,
250,1382.9003,0.1127,144,72,14,2521,,C5,,,,,,,,n250_5C5t_0,2521,,gutim,250,
250,1383.0189,0.1127,144,85,14,2522,,C#6,,,,,,,,n250_5Cs6t_0,2522,,gutim,250,
250,1383.1375,0.114,144,76,14,2523,,E5,,,,,,,,n250_5E5t_0,2523,,gutim,250,
250,1383.2575,0.1272,144,44,14,2524,,Ab2,,,,,,,,n250_5Ab2t,2524,,gutim,250,
250,1383.2575,0.1272,144,50,14,2524,,D3,,,,,,,,n250_5D3t,2524,,gutim,250,
250,1383.2575,0.1272,144,72,14,2524,,C5,,,,,,,,n250_5C5t_1,2524,,gutim,250,
250,1383.3914,0.1272,144,85,14,2525,,C#6,,,,,,,,n250_5Cs6t_1,2525,,gutim,250,
250,1383.5253,0.1272,144,76,14,2526,,E5,,,,,,,,n250_5E5t_1,2526,,gutim,250,
250,1383.6592,0.1272,144,62,14,2527,,D4,,,,,,,,n250_5D4t,2527,,gutim,250,
250,1383.6592,0.1272,144,85,14,2527,,C#6,,,,,,,,n250_5Cs6t_2,2527,,gutim,250,
250,1383.7932,0.2857,144,97,14,2528,,C#7,,,,,,,,n250_1Cs7e,2528,,gutim,250,
250,1383.9717,0.1429,144,50,14,2529,,D3,,,,,,,,n250_5D3s_0,2529,,gutim,250,
250,1384.1503,0.1429,144,97,14,2530,,C#7,,,,,,,,n250_1Cs7s,2530,,gutim,250,
250,1384.1503,0.1429,144,44,14,2530,,Ab2,,,,,,,,n250_5Ab2s,2530,,gutim,250,
250,1384.1503,0.1429,144,50,14,2530,,D3,,,,,,,,n250_5D3s_1,2530,,gutim,250,
250,1384.5075,0.1696,144,63,14,2531,,D#4,,,,,,,,n250_1Ds4s,2531,,gutim,250,
250,1384.686,0.1696,144,56,14,2532,,G#3,,,,,,,,n250_1Gs3s,2532,,gutim,250,
250,1384.8646,0.2143,144,36,14,2533,,C2,,,,,,,,n250_5C2s,2533,,gutim,250,
250,1385.1325,0.2143,144,63,14,2534,,D#4,,,,,,,,n250_5Ds4s,2534,,gutim,250,
250,1385.4003,0.3214,144,44,14,2535,,G#2,,,,,,,,n250_5Gs2s,2535,,gutim,250,
250,1385.8021,0.1071,144,39,14,2536,,D#2,,,,,,,,n250_5Ds2t,2536,,gutim,250,
250,1385.8021,0.1071,144,47,14,2536,,B2,,,,,,,,n250_5B2t,2536,,gutim,250,
250,1385.8021,0.1071,144,48,14,2536,,C3,,,,,,,,n250_5C3t,2536,,gutim,250,
,,,,,,,,,,,,,,,,,,251,,,
251,1385.936,0.1272,144,42,14,2537,,F#2,,,,,,,,n251_5Fs2t,2537,,gutim,251,
251,1386.07,0.1272,144,43,14,2538,,G2,,,,,,,,n251_5G2t,2538,,gutim,251,
251,1386.2039,0.1071,144,47,14,2539,,B2,,,,,,,,n251_1B2s,2539,,gutim,251,
251,1386.2039,0.2143,144,60,14,2539,,C4,,,,,,,,n251_1C4s,2539,,gutim,251,
251,1386.2039,0.1071,144,27,14,2539,,D#1,,,,,,,,n251_5Ds1s,2539,,gutim,251,
251,1386.2039,0.2143,144,30,14,2539,,F#1,,,,,,,,n251_5Fs1s,2539,,gutim,251,
,,,,,,,7177,,,,,,,,,,,,gutim,,
,,,,,,,,,,,,,,,,,,252,,,
252,1391.2932,3.0,144,59,14,2540,,B3,,,,,,,,n252_6B3h,2540,,gutim,252,
252,1392.0967,0.2143,144,70,20,2541,,Bb4,,,,,,,,n252_1Bb4s,2541,,gutim,252,
252,1392.3646,0.2143,144,100,21,2542,,E7,,,,,,,,n252_1E7s,2542,,gutim,252,
252,1392.6325,0.2143,144,69,20,2543,,A4,,,,,,,,n252_1A4s,2543,,gutim,252,
252,1392.9003,0.4286,144,42,20,2544,,F#2,,,,,,,,n252_1Fs2e,2544,,gutim,252,
252,1393.0077,0.0537,144,36,18,2545,,C2,,,,,,,,n252_5C2t,2545,,gutim,252,
252,1393.1152,0.0537,144,44,16,2546,,G#2,,,,,,,,n252_5Gs2t,2546,,gutim,252,
252,1393.2226,0.0537,144,57,14,2547,,A3,,,,,,,,n252_5A3t,2547,,gutim,252,
252,1393.8967,0.06,144,58,2,2548,,A#3,g,,,,,,,ng252_5As3e,2548,,gutim,252,
252,1393.9717,0.4286,144,81,17,2549,,A5,,,,,,,,n252_1A5e,2549,,gutim,252,
252,1393.9717,0.4286,144,76,22,2549,,E5,,,,,,,,n252_2E5e,2549,,gutim,252,
252,1393.9717,0.1272,144,45,14,2549,,A2,,,,,,,,n252_5A2s,2549,,gutim,252,
252,1393.9717,0.2143,144,48,14,2549,,C3,,,,,,,,n252_5C3s,2549,,gutim,252,
252,1394.2396,0.2143,144,25,15,2550,,Db1,,,,,,,,n252_5Db1s,2550,,gutim,252,
252,1394.2396,0.2143,144,53,15,2550,,F3,,,,,,,,n252_5F3s,2550,,gutim,252,
252,1394.5075,0.4286,144,67,8,2551,,G4,,,,,,,,n252_1G4s_0,2551,,gutim,252,
252,1394.5075,0.2143,144,74,8,2551,,D5,,,,,,,,n252_1D5s,2551,,gutim,252,
252,1394.5075,0.3214,144,76,14,2551,,E5,,,,,,,,n252_2E5s,2551,,gutim,252,
252,1394.5075,1.7143,144,51,11,2551,,Eb3,,,,,,,,n252_5Eb3h,2551,,gutim,252,
252,1394.7753,0.2143,144,68,7,2552,,Ab4,,,,,,,,n252_1Ab4s,2552,,gutim,252,
252,1394.9092,0.5357,144,35,22,2553,,B1,,,,,,,,n252_2B1t,2553,,gutim,252,
252,1395.0432,3.2857,144,55,20,2554,,G3,,,,,,,,n252_6G3e_0,2554,,gutim,252,
252,1395.311,0.2143,144,61,11,2555,,Db4,,,,,,,,n252_1Db4s,2555,,gutim,252,
252,1395.5039,0.06,144,80,11,2556,,Ab5,g,,,,,,,ng252_1Ab5e,2556,,gutim,252,
252,1395.5789,0.2143,144,33,11,2557,,A1,,,,,,,,n252_2A1s,2557,,gutim,252,
252,1395.5789,0.4286,144,57,8,2557,,A3,,,,,,,,n252_6A3e,2557,,gutim,252,
252,1395.8467,0.2143,144,41,11,2558,,F2,,,,,,,,n252_2F2s,2558,,gutim,252,
252,1396.1146,2.1429,144,61,14,2559,,Db4,,,,,,,,n252_1Db4e,2559,,gutim,252,
252,1396.1146,2.1429,144,35,14,2559,,B1,,,,,,,,n252_2B1e_1,2559,,gutim,252,
252,1397.186,1.2857,144,24,17,2560,,C1,,,,,,,,n252_5C1e,2560,,gutim,252,
252,1397.186,0.4286,144,32,17,2560,,Ab1,,,,,,,,n252_5Ab1e,2560,,gutim,252,
252,1397.186,1.2857,144,51,14,2560,,Eb3,,,,,,,,n252_5Eb3e,2560,,gutim,252,
,,,,,,,,,,,,,,,,,,253,,,
253,1398.7932,0.2857,144,73,14,2561,,Db5,,,,,,,,n253_1Db5e,2561,,gutim,253,
253,1398.7932,0.2857,144,86,14,2561,,D6,,,,,,,,n253_1D6e,2561,,gutim,253,
253,1398.7932,0.2857,144,56,20,2561,,Ab3,,,,,,,,n253_6Ab3e,2561,,gutim,253,
253,1399.1503,0.2857,144,42,20,2562,,F#2,,,,,,,,n253_6Fs2e,2562,,gutim,253,
253,1399.1503,0.2857,144,45,20,2562,,A2,,,,,,,,n253_6A2e,2562,,gutim,253,
253,1399.1503,0.2857,144,53,20,2562,,F3,,,,,,,,n253_6F3e,2562,,gutim,253,
253,1399.1503,0.2857,144,58,20,2562,,Bb3,,,,,,,,n253_6Bb3e,2562,,gutim,253,
253,1399.5075,0.1429,144,68,14,2563,,Ab4,,,,,,,,n253_1Ab4s,2563,,gutim,253,
253,1399.5075,0.2857,144,40,19,2563,,E2,,,,,,,,n253_6E2e,2563,,gutim,253,
253,1399.5075,0.2857,144,46,19,2563,,Bb2,,,,,,,,n253_6Bb2e,2563,,gutim,253,
253,1399.5075,0.2857,144,52,19,2563,,E3,,,,,,,,n253_6E3e,2563,,gutim,253,
253,1399.686,0.1429,144,41,15,2564,,F2,,,,,,,,n253_1F2s,2564,,gutim,253,
253,1399.8646,0.8571,144,95,14,2565,,B6,,,,,,,,n253_1B6q,2565,,gutim,253,
253,1399.8646,0.3214,144,62,17,2565,,D4,,,,,,,,n253_2D4s,2565,,gutim,253,
253,1399.8646,0.3214,144,88,17,2565,,E6,,,,,,,,n253_2E6s,2565,,gutim,253,
253,1399.8646,0.3214,144,54,19,2565,,Gb3,,,,,,,,n253_5Gb3s,2565,,gutim,253,
253,1400.2664,0.3214,144,46,14,2566,,Bb2,,,,,,,,n253_5Bb2s,2566,,gutim,253,
253,1400.2664,0.3214,144,49,14,2566,,Db3,,,,,,,,n253_5Db3s,2566,,gutim,253,
,,,,,,,7180,,,,,,,,,,,,gutim,,
253,1400.6682,4.5,144,21,23,2567,,A0,,,,,,,,n253_5A0s,2567,,gutim,253,
,,,,,,,,,,,,,,,,,,254,,,
254,1406.2932,0.8571,144,28,14,2568,,E1,,,,,,,,n254_5E1q,2568,,gutim,254,
,,,,,,,7183,,,,,,,,,,,,gutim,,
254,1407.3646,0.8571,144,36,9,2569,,C2,,,,,,,,n254_5C2q,2569,,gutim,254,
254,1408.436,0.1696,144,36,7,2570,,C2,,,,,,,,n254_5C2t,2570,,gutim,254,
254,1408.6146,0.1696,144,42,7,2571,,Gb2,,,,,,,,n254_5Gb2t_0,2571,,gutim,254,
254,1408.7932,0.1127,144,32,6,2572,,Ab1,,,,,,,,n254_5Ab1t_0,2572,,gutim,254,
254,1408.9117,0.1127,144,41,6,2573,,F2,,,,,,,,n254_5F2t_0,2573,,gutim,254,
254,1409.0303,0.1127,144,32,6,2574,,Ab1,,,,,,,,n254_5Ab1t_1,2574,,gutim,254,
254,1409.1489,0.1127,144,42,5,2575,,Gb2,,,,,,,,n254_5Gb2t_1,2575,,gutim,254,
254,1409.2675,0.1127,144,41,5,2576,,F2,,,,,,,,n254_5F2t_1,2576,,gutim,254,
254,1409.3861,0.1153,144,32,5,2577,,Ab1,,,,,,,,n254_5Ab1t_2,2577,,gutim,254,
,,,,,,,,,,,,,,,,,,255,,,
255,1409.5075,0.0949,144,28,14,2578,,E1,,,,,,,,n255_5E1t_0,2578,,gutim,255,
255,1409.5075,0.0949,144,36,14,2578,,C2,,,,,,,,n255_5C2t_0,2578,,gutim,255,
255,1409.626,0.0949,144,32,15,2579,,Ab1,,,,,,,,n255_5Ab1t_0,2579,,gutim,255,
255,1409.7446,0.1429,144,28,16,2580,,E1,,,,,,,,n255_5E1t_1,2580,,gutim,255,
255,1409.7446,0.1429,144,36,16,2580,,C2,,,,,,,,n255_5C2t_1,2580,,gutim,255,
255,1409.9232,0.1429,144,54,18,2581,,Gb3,,,,,,,,n255_5Gb3t_0,2581,,gutim,255,
255,1410.1018,0.0949,144,28,20,2582,,E1,,,,,,,,n255_5E1t_2,2582,,gutim,255,
255,1410.1018,0.0949,144,32,20,2582,,Ab1,,,,,,,,n255_5Ab1t_1,2582,,gutim,255,
255,1410.1018,0.0949,144,36,20,2582,,C2,,,,,,,,n255_5C2t_2,2582,,gutim,255,
255,1410.2203,0.1127,144,66,11,2583,,Gb4,,,,,,,,n255_5Gb4t,2583,,gutim,255,
255,1410.3389,0.1127,144,53,10,2584,,F3,,,,,,,,n255_5F3t,2584,,gutim,255,
255,1410.4575,0.1127,144,32,10,2585,,Ab1,,,,,,,,n255_5Ab1t_2,2585,,gutim,255,
255,1410.5761,0.1429,144,28,9,2586,,E1,,,,,,,,n255_5E1t_3,2586,,gutim,255,
255,1410.5761,0.1429,144,36,9,2586,,C2,,,,,,,,n255_5C2t_3,2586,,gutim,255,
255,1410.5761,0.1429,144,54,9,2586,,Gb3,,,,,,,,n255_5Gb3t_1,2586,,gutim,255,
255,1410.7547,0.1127,144,32,8,2587,,Ab1,,,,,,,,n255_5Ab1t_3,2587,,gutim,255,
255,1410.8732,0.1127,144,41,7,2588,,F2,,,,,,,,n255_5F2t,2588,,gutim,255,
255,1411.1146,0.2545,144,44,22,2589,,Ab2,,,,,,,,n255_1Ab2s_0,2589,,gutim,255,
255,1411.3825,0.2545,144,42,22,2590,,Gb2,,,,,,,,n255_1Gb2s,2590,,gutim,255,
255,1411.3825,0.2143,144,44,22,2590,,Ab2,,,,,,,,n255_1Ab2s_1,2590,,gutim,255,
255,1411.6503,4.0714,144,28,5,2591,,E1,,,,,,,,n255_5E1h,2591,,gutim,255,
255,1411.6503,4.0714,144,32,5,2591,,Ab1,,,,,,,,n255_5Ab1h,2591,,gutim,255,
255,1411.6503,4.0714,144,36,5,2591,,C2,,,,,,,,n255_5C2h,2591,,gutim,255,
255,1411.6503,4.0714,144,65,5,2591,,F4,,,,,,,,n255_5F4h,2591,,gutim,255,
255,1411.6503,4.0714,144,66,5,2591,,Gb4,,,,,,,,n255_5Gb4h,2591,,gutim,255,
255,1413.7932,0.1696,144,76,8,2592,,E5,,,,,,,,n255_1E5t,2592,,gutim,255,
255,1413.9717,0.1127,144,62,8,2593,,D4,,,,,,,,n255_1D4t_0,2593,,gutim,255,
255,1414.0903,0.1127,144,78,9,2594,,F#5,,,,,,,,n255_1Fs5t_0,2594,,gutim,255,
255,1414.2089,0.1127,144,70,9,2595,,Bb4,,,,,,,,n255_1Bb4t_0,2595,,gutim,255,
255,1414.3275,0.1021,144,78,9,2596,,F#5,,,,,,,,n255_1Fs5t_1,2596,,gutim,255,
255,1414.4349,0.1021,144,70,9,2597,,Bb4,,,,,,,,n255_1Bb4t_1,2597,,gutim,255,
255,1414.5423,0.1021,144,90,9,2598,,F#6,,,,,,,,n255_1Fs6t,2598,,gutim,255,
255,1414.6497,0.1021,144,70,10,2599,,Bb4,,,,,,,,n255_1Bb4t_2,2599,,gutim,255,
255,1414.7572,0.1021,144,62,10,2600,,D4,,,,,,,,n255_1D4t_1,2600,,gutim,255,
,,,,,,,,,,,,,,,,,,256,,,
256,1414.8646,0.1127,144,90,10,2601,,F#6,,,,,,,,n256_1Fs6t,2601,,gutim,256,
256,1414.9832,0.1127,144,70,10,2602,,Bb4,,,,,,,,n256_1Bb4t_0,2602,,gutim,256,
256,1415.1018,0.1127,144,51,10,2603,,Eb3,,,,,,,,n256_1Eb3t,2603,,gutim,256,
256,1415.2203,0.1368,144,62,11,2604,,D4,,,,,,,,n256_1D4t,2604,,gutim,256,
256,1415.2203,0.171,144,70,11,2604,,Bb4,,,,,,,,n256_1Bb4t_1,2604,,gutim,256,
256,1415.2203,0.171,144,78,11,2604,,F#5,,,,,,,,n256_1Fs5t,2604,,gutim,256,
256,1415.4003,0.5089,144,51,14,2605,,Eb3,,,,,,,,n256_1Eb3e,2605,,gutim,256,
,,,,,,,7185,,,,,,,,,,,,gutim,,
256,1415.936,2.5714,144,28,14,2606,,E1,,,,,,,,n256_5E1h,2606,,gutim,256,
256,1415.936,2.5714,144,32,14,2606,,Ab1,,,,,,,,n256_5Ab1h,2606,,gutim,256,
256,1415.936,2.5714,144,36,14,2606,,C2,,,,,,,,n256_5C2h,2606,,gutim,256,
256,1415.936,2.5714,144,65,14,2606,,F4,,,,,,,,n256_5F4h,2606,,gutim,256,
256,1415.936,2.5714,144,66,14,2606,,Gb4,,,,,,,,n256_5Gb4h,2606,,gutim,256,
256,1419.1503,0.8571,144,28,5,2607,,E1,,,,,,,,n256_5E1q_1,2607,,gutim,256,
256,1419.1503,0.8571,144,32,5,2607,,Ab1,,,,,,,,n256_5Ab1q_1,2607,,gutim,256,
256,1419.1503,0.8571,144,36,5,2607,,C2,,,,,,,,n256_5C2q_1,2607,,gutim,256,
256,1419.1503,0.8571,144,65,5,2607,,F4,,,,,,,,n256_5F4q_1,2607,,gutim,256,
256,1419.1503,0.8571,144,66,5,2607,,Gb4,,,,,,,,n256_5Gb4q_1,2607,,gutim,256,
256,1419.5075,0.1127,144,38,17,2608,,D2,,,,,,,,n256_1D2t_0,2608,,gutim,256,
256,1419.626,0.1127,144,52,17,2609,,E3,,,,,,,,n256_1E3t,2609,,gutim,256,
256,1419.7446,0.1127,144,38,17,2610,,D2,,,,,,,,n256_1D2t_1,2610,,gutim,256,
256,1419.8632,0.1127,144,24,14,2611,,C1,,,,,,,,n256_1C1t,2611,,gutim,256,
256,1419.9818,0.1127,144,30,11,2612,,Gb1,,,,,,,,n256_1Gb1t,2612,,gutim,256,
256,1420.1004,0.1153,144,32,8,2613,,Ab1,,,,,,,,n256_1Ab1t,2613,,gutim,256,
,,,,,,,,,,,,,,,,,,257,,,
257,1420.2217,0.0949,144,74,14,2614,,D5,,,,,,,,n257_1D5t,2614,,gutim,257,
257,1420.2217,0.1339,144,24,11,2614,,C1,,,,,,,,n257_5C1s,2614,,gutim,257,
257,1420.2217,0.2143,144,30,11,2614,,Gb1,,,,,,,,n257_5Gb1s,2614,,gutim,257,
257,1420.3403,0.0949,144,46,12,2615,,Bb2,,,,,,,,n257_1Bb2t_0,2615,,gutim,257,
257,1420.4589,0.0949,144,86,13,2616,,D6,,,,,,,,n257_1D6t,2616,,gutim,257,
257,1420.5775,0.0949,144,46,14,2617,,Bb2,,,,,,,,n257_1Bb2t_1,2617,,gutim,257,
257,1420.6961,0.0949,144,72,15,2618,,C5,,,,,,,,n257_1C5t,2618,,gutim,257,
257,1420.8146,0.0949,144,46,17,2619,,Bb2,,,,,,,,n257_1Bb2t_2,2619,,gutim,257,
257,1420.8146,0.0949,144,54,17,2619,,F#3,,,,,,,,n257_1Fs3t_0,2619,,gutim,257,
257,1420.9332,0.0949,144,60,18,2620,,C4,,,,,,,,n257_1C4t,2620,,gutim,257,
257,1421.0518,0.0949,144,46,19,2621,,Bb2,,,,,,,,n257_1Bb2t_3,2621,,gutim,257,
257,1421.0518,0.0949,144,54,19,2621,,F#3,,,,,,,,n257_1Fs3t_1,2621,,gutim,257,
257,1421.0518,0.0949,144,62,19,2621,,D4,,,,,,,,n257_1D4t,2621,,gutim,257,
257,1421.0682,0.0712,144,32,11,2622,,Ab1,g,,,,,,,ng257_5Ab1e_0,2622,,gutim,257,
257,1421.1432,0.0712,144,61,11,2623,,C#4,g,,,,,,,ng257_5Cs4e,2623,,gutim,257,
257,1421.1704,0.0949,144,59,20,2624,,B3,,,,,,,,n257_1B3t,2624,,gutim,257,
257,1421.2182,0.0712,144,32,11,2625,,Ab1,g,,,,,,,ng257_5Ab1e_1,2625,,gutim,257,
257,1421.289,0.1696,144,76,17,2626,,E5,,,,,,,,n257_1E5s,2626,,gutim,257,
257,1421.289,0.1696,144,80,11,2626,,Ab5,,,,,,,,n257_1Ab5s,2626,,gutim,257,
257,1421.2932,0.5089,144,34,20,2627,,Bb1,,,,,,,,n257_5Bb1e,2627,,gutim,257,
257,1421.2932,0.5089,144,42,11,2627,,Gb2,,,,,,,,n257_5Gb2e,2627,,gutim,257,
257,1421.4676,0.1696,144,65,12,2628,,F4,,,,,,,,n257_1F4s,2628,,gutim,257,
257,1421.6461,0.1696,144,54,10,2629,,Gb3,,,,,,,,n257_1Gb3s,2629,,gutim,257,
257,1421.8247,0.1127,144,48,8,2630,,C3,,,,,,,,n257_1C3t,2630,,gutim,257,
257,1421.8289,0.5089,144,51,14,2631,,Eb3,,,,,,,,n257_5Eb3e,2631,,gutim,257,
257,1421.8289,0.4286,144,62,14,2631,,D4,,,,,,,,n257_5D4e,2631,,gutim,257,
257,1421.8289,0.4286,144,70,14,2631,,Bb4,,,,,,,,n257_5Bb4e,2631,,gutim,257,
257,1421.8289,0.4286,144,78,14,2631,,Gb5,,,,,,,,n257_5Gb5e,2631,,gutim,257,
257,1421.9433,0.1127,144,56,6,2632,,Ab3,,,,,,,,n257_1Ab3t,2632,,gutim,257,
257,1422.0619,0.1127,144,54,5,2633,,Gb3,,,,,,,,n257_1Gb3t,2633,,gutim,257,
257,1422.209,0.06,144,74,11,2634,,D5,g,,,,,,,ng257_1D5e,2634,,gutim,257,
257,1422.284,0.06,144,88,12,2635,,E6,g,,,,,,,ng257_1E6e,2635,,gutim,257,
257,1422.359,0.2266,144,102,12,2636,,F#7,,,,,,,,n257_1Fs7s,2636,,gutim,257,
257,1422.5976,0.1127,144,63,13,2637,,Eb4,,,,,,,,n257_1Eb4t,2637,,gutim,257,
257,1422.7162,0.2266,144,82,14,2638,,Bb5,,,,,,,,n257_1Bb5s,2638,,gutim,257,
257,1422.9547,0.2266,144,90,16,2639,,Gb6,,,,,,,,n257_1Gb6s,2639,,gutim,257,
257,1423.1933,0.2306,144,63,17,2640,,Eb4,,,,,,,,n257_1Eb4s,2640,,gutim,257,
257,1424.5075,9.1429,144,28,5,2641,,E1,,,,,,,,n257_6E1q,2641,,gutim,257,
257,1424.5075,10.0,144,32,5,2641,,Ab1,,,,,,,,n257_6Ab1q,2641,,gutim,257,
257,1424.5075,10.8571,144,36,5,2641,,C2,,,,,,,,n257_6C2q,2641,,gutim,257,
257,1424.5075,10.8571,144,65,5,2641,,F4,,,,,,,,n257_6F4q,2641,,gutim,257,
257,1424.5075,10.8571,144,66,5,2641,,Gb4,,,,,,,,n257_6Gb4q,2641,,gutim,257,
,,,,,,,,,,,,,,,,,,258,,,
258,1426.6503,0.1696,144,92,8,2642,,Ab6,,,,,,,,n258_1Ab6t,2642,,gutim,258,
258,1426.6503,1.2857,144,63,11,2642,,Eb4,,,,,,,,n258_2Eb4q_0,2642,,gutim,258,
258,1426.6503,1.2857,144,70,11,2642,,Bb4,,,,,,,,n258_2Bb4q_0,2642,,gutim,258,
258,1426.6503,1.2857,144,74,11,2642,,D5,,,,,,,,n258_2D5q_0,2642,,gutim,258,
258,1426.6503,1.2857,144,90,11,2642,,Gb6,,,,,,,,n258_2Gb6q_0,2642,,gutim,258,
258,1426.8261,0.1127,144,96,9,2643,,C7,,,,,,,,n258_1C7t_0,2643,,gutim,258,
258,1426.9447,0.1127,144,88,10,2644,,E6,,,,,,,,n258_1E6t_0,2644,,gutim,258,
258,1427.0633,0.1696,144,96,10,2645,,C7,,,,,,,,n258_1C7t_1,2645,,gutim,258,
258,1427.0633,0.1696,144,102,10,2645,,F#7,,,,,,,,n258_1Fs7t_0,2645,,gutim,258,
258,1427.2418,0.1696,144,88,11,2646,,E6,,,,,,,,n258_1E6t_1,2646,,gutim,258,
258,1427.2418,0.1696,144,92,11,2646,,G#6,,,,,,,,n258_1Gs6t_0,2646,,gutim,258,
258,1427.4204,0.1127,144,96,12,2647,,C7,,,,,,,,n258_1C7t_2,2647,,gutim,258,
258,1427.539,0.1696,144,88,13,2648,,E6,,,,,,,,n258_1E6t_2,2648,,gutim,258,
258,1427.539,0.1696,144,92,13,2648,,G#6,,,,,,,,n258_1Gs6t_1,2648,,gutim,258,
258,1427.539,0.1696,144,102,13,2648,,F#7,,,,,,,,n258_1Fs7t_1,2648,,gutim,258,
258,1427.7176,0.3393,144,77,14,2649,,F5,,,,,,,,n258_1F5e,2649,,gutim,258,
258,1428.0747,0.6825,144,88,14,2650,,E6,,,,,,,,n258_1E6q,2650,,gutim,258,
258,1428.0747,0.6825,144,92,14,2650,,G#6,,,,,,,,n258_1Gs6q,2650,,gutim,258,
258,1428.0747,0.6825,144,96,14,2650,,C7,,,,,,,,n258_1C7q,2650,,gutim,258,
258,1428.0747,0.6825,144,102,14,2650,,F#7,,,,,,,,n258_1Fs7q,2650,,gutim,258,
258,1428.2575,2.1429,144,63,14,2651,,Eb4,,,,,,,,n258_2Eb4q_1,2651,,gutim,258,
258,1428.2575,2.1429,144,70,14,2651,,Bb4,,,,,,,,n258_2Bb4q_1,2651,,gutim,258,
258,1428.2575,2.1429,144,74,14,2651,,D5,,,,,,,,n258_2D5q_1,2651,,gutim,258,
258,1428.2575,2.1429,144,90,14,2651,,Gb6,,,,,,,,n258_2Gb6q_1,2651,,gutim,258,
258,1429.8646,0.8571,144,76,14,2652,,E5,,,,,,,,n258_2E5q,2652,,gutim,258,
,,,,,,,,,,,,,,,,,,259,,,
259,1430.936,0.1696,144,78,11,2653,,F#5,,,,,,,,n259_1Fs5t,2653,,gutim,259,
259,1431.1146,0.1127,144,68,12,2654,,G#4,,,,,,,,n259_1Gs4t,2654,,gutim,259,
259,1431.2332,0.057,144,53,13,2655,,F3,,,,,,,,n259_1F3x_0,2655,,gutim,259,
259,1431.2467,0.06,144,52,11,2656,,E3,g,,,,,,,ng259_5E3e,2656,,gutim,259,
259,1431.2932,0.057,144,72,13,2657,,C5,,,,,,,,n259_1C5x,2657,,gutim,259,
259,1431.3217,0.06,144,24,10,2658,,C1,g,,,,,,,ng259_5C1e,2658,,gutim,259,
259,1431.3532,0.057,144,53,14,2659,,F3,,,,,,,,n259_1F3x_1,2659,,gutim,259,
259,1431.3967,0.06,144,41,10,2660,,F2,g,,,,,,,ng259_5F2e,2660,,gutim,259,
259,1431.4131,0.057,144,64,14,2661,,E4,,,,,,,,n259_1E4x,2661,,gutim,259,
259,1431.4717,0.2545,144,32,9,2662,,Ab1,,,,,,,,n259_5Ab1s,2662,,gutim,259,
259,1431.7396,0.2545,144,30,8,2663,,Gb1,,,,,,,,n259_5Gb1s,2663,,gutim,259,
259,1431.8575,0.06,144,80,14,2664,,G#5,g,,,,,,,ng259_1Gs5e,2664,,gutim,259,
259,1431.9325,0.06,144,90,14,2665,,F#6,g,,,,,,,ng259_1Fs6e,2665,,gutim,259,
259,1432.0075,5.7679,144,84,14,2666,,C6,,,,,,,,n259_1C6h_0,2666,,gutim,259,
259,1432.0075,5.1429,144,30,5,2666,,Gb1,,,,,,,,n259_5Gb1h_0,2666,,gutim,259,
259,1432.0075,3.5462,144,32,5,2666,,Ab1,,,,,,,,n259_5Ab1h_0,2666,,gutim,259,
259,1435.2217,2.2857,144,32,14,2667,,Ab1,,,,,,,,n259_6Ab1q,2667,,gutim,259,
,,,,,,,,,,,,,,,,,,260,,,
260,1436.2932,0.9748,144,32,14,2668,,Ab1,,,,,,,,n260_5Ab1q_0,2668,,gutim,260,
260,1436.2932,1.4286,144,28,14,2668,,E1,,,,,,,,n260_6E1q,2668,,gutim,260,
260,1437.3646,0.8571,144,32,14,2669,,Ab1,,,,,,,,n260_5Ab1q_1,2669,,gutim,260,
260,1437.7217,0.2857,144,34,14,2670,,Bb1,,,,,,,,n260_6Bb1e_0,2670,,gutim,260,
,,,,,,,7188,,,,,,,,,,,,gutim,,
260,1438.0789,3.7143,144,34,14,2671,,Bb1,,,,,,,,n260_6Bb1e_1,2671,,gutim,260,
,,,,,,,7189,,,,,,,,,,,,gutim,,
,,,,,,,,,,,,,,,,,,261,,,
261,1444.9664,0.2353,144,60,22,2672,,C4,,,,,,,,n261_1C4s,2672,,gutim,261,
261,1444.9664,0.2353,144,61,22,2672,,Db4,,,,,,,,n261_1Db4s,2672,,gutim,261,
261,1444.9664,0.2353,144,69,22,2672,,A4,,,,,,,,n261_1A4s,2672,,gutim,261,
261,1444.9664,0.0931,144,35,14,2672,,B1,,,,,,,,n261_5B1t_0,2672,,gutim,261,
261,1445.0644,0.0931,144,58,19,2673,,Bb3,,,,,,,,n261_5Bb3t_0,2673,,gutim,261,
261,1445.1624,0.0931,144,44,18,2674,,Ab2,,,,,,,,n261_5Ab2t_0,2674,,gutim,261,
261,1445.2605,0.0931,144,58,17,2675,,Bb3,,,,,,,,n261_5Bb3t_1,2675,,gutim,261,
261,1445.3585,0.0931,144,44,17,2676,,Ab2,,,,,,,,n261_5Ab2t_1,2676,,gutim,261,
261,1445.4566,0.0931,144,58,16,2677,,Bb3,,,,,,,,n261_5Bb3t_2,2677,,gutim,261,
261,1445.5546,0.0931,144,44,15,2678,,Ab2,,,,,,,,n261_5Ab2t_2,2678,,gutim,261,
261,1445.6526,0.0931,144,26,14,2679,,D1,,,,,,,,n261_5D1t,2679,,gutim,261,
261,1445.7507,0.0784,144,58,14,2680,,Bb3,,,,,,,,n261_5Bb3t_3,2680,,gutim,261,
261,1445.8487,1.1765,144,26,14,2681,,D1,,,,,,,,n261_5D1s,2681,,gutim,261,
261,1445.8487,1.1765,144,35,14,2681,,B1,,,,,,,,n261_5B1s,2681,,gutim,261,
261,1445.8487,1.1765,144,44,14,2681,,Ab2,,,,,,,,n261_5Ab2s,2681,,gutim,261,
261,1447.7115,0.1569,144,52,22,2682,,E3,,,,,,,,n261_1E3s,2682,,gutim,261,
261,1447.7115,0.1569,144,61,22,2682,,C#4,,,,,,,,n261_1Cs4s,2682,,gutim,261,
261,1447.7115,0.1569,144,84,22,2682,,C6,,,,,,,,n261_1C6s,2682,,gutim,261,
261,1447.9075,0.4706,144,52,22,2683,,E3,,,,,,,,n261_1E3e,2683,,gutim,261,
261,1447.9075,0.4706,144,58,22,2683,,Bb3,,,,,,,,n261_1Bb3e,2683,,gutim,261,
261,1447.9075,0.4706,144,97,22,2683,,C#7,,,,,,,,n261_1Cs7e,2683,,gutim,261,
261,1448.2017,0.1176,144,40,22,2684,,E2,,,,,,,,n261_5E2t,2684,,gutim,261,
261,1448.2017,0.1176,144,44,22,2684,,G#2,,,,,,,,n261_5Gs2t,2684,,gutim,261,
261,1448.3487,0.1176,144,35,22,2685,,B1,,,,,,,,n261_5B1t_1,2685,,gutim,261,
261,1448.3487,0.1176,144,37,22,2685,,C#2,,,,,,,,n261_5Cs2t_0,2685,,gutim,261,
261,1448.4958,0.3137,144,90,22,2686,,F#6,,,,,,,,n261_1Fs6e,2686,,gutim,261,
261,1448.4958,0.1176,144,37,22,2686,,C#2,,,,,,,,n261_5Cs2t_1,2686,,gutim,261,
261,1448.4958,0.1176,144,50,22,2686,,D3,,,,,,,,n261_5D3t,2686,,gutim,261,
261,1448.6428,0.1176,144,35,22,2687,,B1,,,,,,,,n261_5B1t_2,2687,,gutim,261,
261,1448.8879,0.1569,144,63,17,2688,,Eb4,,,,,,,,n261_1Eb4s,2688,,gutim,261,
261,1448.8879,0.1569,144,67,17,2688,,G4,,,,,,,,n261_1G4s,2688,,gutim,261,
261,1448.8879,0.1569,144,85,17,2688,,Db6,,,,,,,,n261_1Db6s,2688,,gutim,261,
261,1448.8879,0.1569,144,93,17,2688,,A6,,,,,,,,n261_1A6s,2688,,gutim,261,
261,1449.084,0.4706,144,63,18,2689,,Eb4,,,,,,,,n261_1Eb4e,2689,,gutim,261,
261,1449.084,0.4706,144,66,18,2689,,F#4,,,,,,,,n261_1Fs4e,2689,,gutim,261,
261,1449.084,0.4706,144,67,18,2689,,G4,,,,,,,,n261_1G4e,2689,,gutim,261,
261,1449.084,0.4706,144,87,18,2689,,Eb6,,,,,,,,n261_1Eb6e,2689,,gutim,261,
,,,,,,,,,,,,,,,,,,262,,,
262,1449.6722,2.8235,144,26,14,2690,,D1,,,,,,,,n262_5D1h,2690,,gutim,262,
262,1449.6722,2.8235,144,35,14,2690,,B1,,,,,,,,n262_5B1h,2690,,gutim,262,
262,1449.6722,2.8235,144,44,14,2690,,Ab2,,,,,,,,n262_5Ab2h,2690,,gutim,262,
262,1449.6722,2.8235,144,58,14,2690,,Bb3,,,,,,,,n262_5Bb3h,2690,,gutim,262,
262,1453.2017,0.4706,144,26,5,2691,,D1,,,,,,,,n262_5D1e,2691,,gutim,262,
262,1453.2017,0.4706,144,35,5,2691,,B1,,,,,,,,n262_5B1e,2691,,gutim,262,
262,1453.2017,0.4706,144,44,5,2691,,Ab2,,,,,,,,n262_5Ab2e,2691,,gutim,262,
262,1453.2017,0.4706,144,58,5,2691,,Bb3,,,,,,,,n262_5Bb3e,2691,,gutim,262,
262,1453.5938,0.4657,144,52,22,2692,,E3,,,,,,,,n262_1E3s_0,2692,,gutim,262,
262,1453.5938,0.4657,144,61,22,2692,,C#4,,,,,,,,n262_1Cs4s_0,2692,,gutim,262,
262,1453.5938,0.1863,144,84,22,2692,,C6,,,,,,,,n262_1C6s,2692,,gutim,262,
262,1453.7899,0.2794,144,97,22,2693,,C#7,,,,,,,,n262_1Cs7s,2693,,gutim,262,
262,1453.7899,0.2353,144,52,22,2693,,E3,,,,,,,,n262_5E3s,2693,,gutim,262,
262,1453.7899,0.2353,144,58,22,2693,,Bb3,,,,,,,,n262_5Bb3s,2693,,gutim,262,
262,1454.084,0.1176,144,35,22,2694,,B1,,,,,,,,n262_5B1t,2694,,gutim,262,
262,1454.084,0.1176,144,37,22,2694,,C#2,,,,,,,,n262_5Cs2t,2694,,gutim,262,
262,1454.2311,0.1176,144,101,22,2695,,F7,,,,,,,,n262_1F7t,2695,,gutim,262,
262,1454.2311,0.1176,144,50,22,2695,,D3,,,,,,,,n262_5D3t,2695,,gutim,262,
262,1454.3781,0.4706,144,34,22,2696,,Bb1,,,,,,,,n262_5Bb1e,2696,,gutim,262,
262,1454.9664,3.2941,144,26,5,2697,,D1,,,,,,,,n262_5D1q,2697,,gutim,262,
262,1454.9664,3.2941,144,35,5,2697,,B1,,,,,,,,n262_5B1q,2697,,gutim,262,
262,1454.9664,3.2941,144,44,5,2697,,Ab2,,,,,,,,n262_5Ab2q,2697,,gutim,262,
262,1454.9664,3.2941,144,58,5,2697,,Bb3,,,,,,,,n262_5Bb3q,2697,,gutim,262,
,,,,,,,,,,,,,,,,,,263,,,
263,1459.2311,0.1176,144,60,22,2698,,C4,,,,,,,,n263_1C4t_0,2698,,gutim,263,
263,1459.2311,0.1176,144,69,22,2698,,A4,,,,,,,,n263_1A4t_0,2698,,gutim,263,
263,1459.2311,0.1176,144,40,22,2698,,E2,,,,,,,,n263_5E2t_0,2698,,gutim,263,
263,1459.2311,0.1176,144,44,22,2698,,G#2,,,,,,,,n263_5Gs2t_0,2698,,gutim,263,
263,1459.3781,0.0931,144,60,22,2699,,C4,,,,,,,,n263_1C4t_1,2699,,gutim,263,
263,1459.3781,0.0931,144,69,22,2699,,A4,,,,,,,,n263_1A4t_1,2699,,gutim,263,
263,1459.3781,0.0931,144,90,22,2699,,F#6,,,,,,,,n263_1Fs6t_0,2699,,gutim,263,
263,1459.4762,0.1863,144,93,20,2700,,A6,,,,,,,,n263_1A6s,2700,,gutim,263,
263,1459.4762,0.1569,144,63,20,2700,,Eb4,,,,,,,,n263_5Eb4s,2700,,gutim,263,
263,1459.4762,0.1569,144,66,20,2700,,F#4,,,,,,,,n263_5Fs4s,2700,,gutim,263,
263,1459.4762,0.1569,144,67,20,2700,,G4,,,,,,,,n263_5G4s,2700,,gutim,263,
263,1459.6722,0.3725,144,87,20,2701,,Eb6,,,,,,,,n263_1Eb6e,2701,,gutim,263,
263,1459.6722,0.3137,144,63,20,2701,,Eb4,,,,,,,,n263_5Eb4e,2701,,gutim,263,
263,1459.6722,0.3137,144,66,20,2701,,F#4,,,,,,,,n263_5Fs4e,2701,,gutim,263,
263,1459.6722,0.3137,144,67,20,2701,,G4,,,,,,,,n263_5G4e,2701,,gutim,263,
263,1460.0644,0.0784,144,87,21,2702,,Eb6,,,,,,,,n263_1Eb6t_0,2702,,gutim,263,
263,1460.0644,0.0784,144,90,21,2702,,F#6,,,,,,,,n263_1Fs6t_1,2702,,gutim,263,
263,1460.0644,0.0784,144,60,21,2702,,C4,,,,,,,,n263_5C4t_0,2702,,gutim,263,
263,1460.0644,0.0784,144,63,21,2702,,Eb4,,,,,,,,n263_5Eb4t_0,2702,,gutim,263,
263,1460.0644,0.0784,144,66,21,2702,,F#4,,,,,,,,n263_5Fs4t_0,2702,,gutim,263,
263,1460.0644,0.0784,144,67,21,2702,,G4,,,,,,,,n263_5G4t_0,2702,,gutim,263,
263,1460.0644,0.0784,144,69,21,2702,,A4,,,,,,,,n263_5A4t_0,2702,,gutim,263,
263,1460.1624,0.0784,144,87,21,2703,,Eb6,,,,,,,,n263_1Eb6t_1,2703,,gutim,263,
263,1460.1624,0.0784,144,90,21,2703,,F#6,,,,,,,,n263_1Fs6t_2,2703,,gutim,263,
263,1460.1624,0.0784,144,60,21,2703,,C4,,,,,,,,n263_5C4t_1,2703,,gutim,263,
263,1460.1624,0.0784,144,63,21,2703,,Eb4,,,,,,,,n263_5Eb4t_1,2703,,gutim,263,
263,1460.1624,0.0784,144,66,21,2703,,F#4,,,,,,,,n263_5Fs4t_1,2703,,gutim,263,
263,1460.1624,0.0784,144,67,21,2703,,G4,,,,,,,,n263_5G4t_1,2703,,gutim,263,
263,1460.1624,0.0784,144,69,21,2703,,A4,,,,,,,,n263_5A4t_1,2703,,gutim,263,
263,1460.6526,0.1863,144,84,22,2704,,C6,,,,,,,,n263_1C6s,2704,,gutim,263,
263,1460.6526,0.1569,144,52,22,2704,,E3,,,,,,,,n263_5E3s,2704,,gutim,263,
263,1460.6526,0.1569,144,61,22,2704,,C#4,,,,,,,,n263_5Cs4s,2704,,gutim,263,
263,1460.8487,0.5588,144,97,22,2705,,C#7,,,,,,,,n263_1Cs7e,2705,,gutim,263,
263,1460.8487,0.4706,144,52,22,2705,,E3,,,,,,,,n263_5E3e,2705,,gutim,263,
263,1460.8487,0.4706,144,58,22,2705,,Bb3,,,,,,,,n263_5Bb3e_0,2705,,gutim,263,
263,1461.4369,0.1176,144,50,22,2706,,D3,,,,,,,,n263_1D3t_0,2706,,gutim,263,
263,1461.4369,0.1176,144,60,22,2706,,C4,,,,,,,,n263_1C4t_2,2706,,gutim,263,
263,1461.4369,0.1176,144,35,22,2706,,B1,,,,,,,,n263_5B1t_0,2706,,gutim,263,
263,1461.4369,0.1176,144,37,22,2706,,C#2,,,,,,,,n263_5Cs2t_0,2706,,gutim,263,
263,1461.4369,0.1176,144,40,22,2706,,E2,,,,,,,,n263_5E2t_1,2706,,gutim,263,
263,1461.4369,0.1176,144,44,22,2706,,G#2,,,,,,,,n263_5Gs2t_1,2706,,gutim,263,
263,1461.584,0.1176,144,50,22,2707,,D3,,,,,,,,n263_1D3t_1,2707,,gutim,263,
263,1461.584,0.1176,144,60,22,2707,,C4,,,,,,,,n263_1C4t_3,2707,,gutim,263,
263,1461.584,0.1176,144,35,22,2707,,B1,,,,,,,,n263_5B1t_1,2707,,gutim,263,
263,1461.584,0.1176,144,37,22,2707,,C#2,,,,,,,,n263_5Cs2t_1,2707,,gutim,263,
263,1461.584,0.1176,144,40,22,2707,,E2,,,,,,,,n263_5E2t_2,2707,,gutim,263,
263,1461.584,0.1176,144,44,22,2707,,G#2,,,,,,,,n263_5Gs2t_2,2707,,gutim,263,
263,1462.0252,2.3529,144,26,5,2708,,D1,,,,,,,,n263_5D1e,2708,,gutim,263,
263,1462.0252,2.3529,144,35,5,2708,,B1,,,,,,,,n263_5B1e,2708,,gutim,263,
263,1462.0252,2.3529,144,44,5,2708,,Ab2,,,,,,,,n263_5Ab2e,2708,,gutim,263,
263,1462.0252,2.3529,144,58,5,2708,,Bb3,,,,,,,,n263_5Bb3e_1,2708,,gutim,263,
,,,,,,,,,,,,,,,,,,264,,,
264,1465.5546,0.3137,144,34,5,2709,,Bb1,,,,,,,,n264_1Bb1e,2709,,gutim,264,
264,1465.5546,0.0931,144,35,5,2709,,B1,,,,,,,,n264_5B1t_0,2709,,gutim,264,
264,1465.5546,0.0931,144,37,5,2709,,C#2,,,,,,,,n264_5Cs2t_0,2709,,gutim,264,
264,1465.6526,0.2794,144,50,5,2710,,D3,,,,,,,,n264_5D3s,2710,,gutim,264,
264,1465.9468,0.0784,144,50,22,2711,,D3,,,,,,,,n264_1D3t_0,2711,,gutim,264,
264,1465.9468,0.0784,144,60,22,2711,,C4,,,,,,,,n264_1C4t_0,2711,,gutim,264,
264,1465.9468,0.0784,144,35,22,2711,,B1,,,,,,,,n264_5B1t_1,2711,,gutim,264,
264,1465.9468,0.0784,144,37,22,2711,,C#2,,,,,,,,n264_5Cs2t_1,2711,,gutim,264,
264,1465.9468,0.0784,144,40,22,2711,,E2,,,,,,,,n264_5E2t_0,2711,,gutim,264,
264,1465.9468,0.0784,144,44,22,2711,,G#2,,,,,,,,n264_5Gs2t_0,2711,,gutim,264,
264,1466.0448,0.0784,144,50,22,2712,,D3,,,,,,,,n264_1D3t_1,2712,,gutim,264,
264,1466.0448,0.0784,144,60,22,2712,,C4,,,,,,,,n264_1C4t_1,2712,,gutim,264,
264,1466.0448,0.0784,144,35,22,2712,,B1,,,,,,,,n264_5B1t_2,2712,,gutim,264,
264,1466.0448,0.0784,144,37,22,2712,,C#2,,,,,,,,n264_5Cs2t_2,2712,,gutim,264,
264,1466.0448,0.0784,144,40,22,2712,,E2,,,,,,,,n264_5E2t_1,2712,,gutim,264,
264,1466.0448,0.0784,144,44,22,2712,,G#2,,,,,,,,n264_5Gs2t_1,2712,,gutim,264,
264,1466.1428,0.1121,144,64,14,2713,,E4,,,,,,,,n264_1E4t,2713,,gutim,264,
264,1466.1428,0.4706,144,26,5,2713,,D1,,,,,,,,n264_5D1e,2713,,gutim,264,
264,1466.1428,0.4706,144,35,5,2713,,B1,,,,,,,,n264_5B1e,2713,,gutim,264,
264,1466.1428,0.4706,144,58,5,2713,,Bb3,,,,,,,,n264_5Bb3e,2713,,gutim,264,
264,1466.2608,0.2241,144,54,14,2714,,F#3,,,,,,,,n264_1Fs3s,2714,,gutim,264,
264,1466.4967,0.1121,144,69,14,2715,,A4,,,,,,,,n264_1A4t,2715,,gutim,264,
264,1466.6146,0.1106,144,68,14,2716,,G#4,,,,,,,,n264_1Gs4t,2716,,gutim,264,
,,,,,,,7193,,,,,,,,,,,,gutim,,
264,1467.3193,1.8824,144,35,20,2717,,B1,,,,,,,,n264_1B1h,2717,,gutim,264,
264,1467.3193,1.8824,144,37,20,2717,,C#2,,,,,,,,n264_1Cs2h,2717,,gutim,264,
264,1467.3193,1.8824,144,40,20,2717,,E2,,,,,,,,n264_1E2h,2717,,gutim,264,
264,1467.3193,1.8824,144,44,20,2717,,G#2,,,,,,,,n264_1Gs2h,2717,,gutim,264,
264,1467.3193,1.8824,144,50,20,2717,,D3,,,,,,,,n264_1D3h,2717,,gutim,264,
264,1467.3193,1.8824,144,60,20,2717,,C4,,,,,,,,n264_1C4h,2717,,gutim,264,
264,1468.5938,0.0931,144,32,20,2718,,G#1,,,,,,,,n264_5Gs1t_0,2718,,gutim,264,
264,1468.6919,0.0931,144,48,19,2719,,C3,,,,,,,,n264_5C3t,2719,,gutim,264,
264,1468.7899,0.0931,144,66,19,2720,,F#4,,,,,,,,n264_5Fs4t_0,2720,,gutim,264,
264,1468.8879,0.1397,144,57,18,2721,,A3,,,,,,,,n264_5A3t,2721,,gutim,264,
264,1469.035,0.1397,144,66,17,2722,,F#4,,,,,,,,n264_5Fs4t_1,2722,,gutim,264,
264,1469.182,0.0931,144,28,17,2723,,E1,,,,,,,,n264_5E1t_0,2723,,gutim,264,
264,1469.2801,0.0931,144,32,16,2724,,G#1,,,,,,,,n264_5Gs1t_1,2724,,gutim,264,
264,1469.3781,0.0931,144,28,15,2725,,E1,,,,,,,,n264_5E1t_1,2725,,gutim,264,
264,1469.3781,0.0931,144,36,15,2725,,C2,,,,,,,,n264_5C2t_0,2725,,gutim,264,
264,1469.4762,0.0931,144,66,15,2726,,F#4,,,,,,,,n264_5Fs4t_2,2726,,gutim,264,
264,1469.5742,0.0931,144,28,14,2727,,E1,,,,,,,,n264_5E1t_2,2727,,gutim,264,
264,1469.5742,0.0931,144,36,14,2727,,C2,,,,,,,,n264_5C2t_1,2727,,gutim,264,
,,,,,,,,,,,,,,,,,,265,,,
265,1469.6722,0.0931,144,32,14,2728,,G#1,,,,,,,,n265_5Gs1t_0,2728,,gutim,265,
265,1469.6722,0.0931,144,45,14,2728,,A2,,,,,,,,n265_5A2t_0,2728,,gutim,265,
265,1469.7703,0.1397,144,54,13,2729,,F#3,,,,,,,,n265_5Fs3t_0,2729,,gutim,265,
265,1469.9173,0.1397,144,45,12,2730,,A2,,,,,,,,n265_5A2t_1,2730,,gutim,265,
265,1470.0644,0.1397,144,28,11,2731,,E1,,,,,,,,n265_5E1t_0,2731,,gutim,265,
265,1470.0644,0.1397,144,32,11,2731,,G#1,,,,,,,,n265_5Gs1t_1,2731,,gutim,265,
265,1470.2115,0.1397,144,36,11,2732,,C2,,,,,,,,n265_5C2t_0,2732,,gutim,265,
265,1470.2115,0.1397,144,54,11,2732,,F#3,,,,,,,,n265_5Fs3t_1,2732,,gutim,265,
265,1470.3585,0.1397,144,28,10,2733,,E1,,,,,,,,n265_5E1t_1,2733,,gutim,265,
265,1470.3585,0.1397,144,32,10,2733,,G#1,,,,,,,,n265_5Gs1t_2,2733,,gutim,265,
265,1470.3585,0.1397,144,45,10,2733,,A2,,,,,,,,n265_5A2t_2,2733,,gutim,265,
265,1470.5056,0.1397,144,36,9,2734,,C2,,,,,,,,n265_5C2t_1,2734,,gutim,265,
265,1470.5056,0.1397,144,66,9,2734,,F#4,,,,,,,,n265_5Fs4t,2734,,gutim,265,
265,1470.6526,0.0784,144,28,8,2735,,E1,,,,,,,,n265_5E1t_2,2735,,gutim,265,
265,1470.7507,0.0784,144,45,8,2736,,A2,,,,,,,,n265_5A2t_3,2736,,gutim,265,
265,1470.8487,0.7451,144,78,8,2737,,F#5,,,,,,,,n265_1Fs5q,2737,,gutim,265,
265,1470.8487,0.2353,144,28,8,2737,,E1,,,,,,,,n265_5E1s,2737,,gutim,265,
265,1470.8487,0.2353,144,32,8,2737,,G#1,,,,,,,,n265_5Gs1s,2737,,gutim,265,
265,1470.8487,0.2353,144,36,8,2737,,C2,,,,,,,,n265_5C2s,2737,,gutim,265,
265,1471.2869,0.0712,144,24,11,2738,,C1,g,,,,,,,ng265_5C1e,2738,,gutim,265,
265,1471.3619,0.0712,144,30,11,2739,,F#1,g,,,,,,,ng265_5Fs1e,2739,,gutim,265,
265,1471.4369,0.5588,144,40,11,2740,,E2,,,,,,,,n265_5E2e,2740,,gutim,265,
265,1471.633,0.0931,144,57,8,2741,,A3,,,,,,,,n265_1A3t,2741,,gutim,265,
265,1471.7311,0.2794,144,44,8,2742,,G#2,,,,,,,,n265_1Gs2s,2742,,gutim,265,
,,,,,,,,,,,,,,,,,,266,,,
266,1475.5546,0.2794,144,78,14,2743,,F#5,,,,,,,,n266_1Fs5s,2743,,gutim,266,
266,1475.8487,0.0931,144,57,14,2744,,A3,,,,,,,,n266_1A3t,2744,,gutim,266,
266,1475.9468,0.1569,144,52,14,2745,,E3,,,,,,,,n266_1E3s,2745,,gutim,266,
266,1475.9468,0.1569,144,61,14,2745,,C#4,,,,,,,,n266_1Cs4s,2745,,gutim,266,
266,1475.9468,0.1569,144,84,14,2745,,C6,,,,,,,,n266_1C6s_0,2745,,gutim,266,
266,1476.1428,0.4706,144,52,14,2746,,E3,,,,,,,,n266_1E3e,2746,,gutim,266,
266,1476.1428,0.4706,144,58,14,2746,,Bb3,,,,,,,,n266_1Bb3e,2746,,gutim,266,
266,1476.1428,0.4706,144,97,14,2746,,C#7,,,,,,,,n266_1Cs7e_0,2746,,gutim,266,
266,1476.3389,0.0626,144,24,14,2747,,C1,,,,,,,,n266_5C1x,2747,,gutim,266,
266,1476.4048,0.0626,144,30,14,2748,,F#1,,,,,,,,n266_5Fs1x,2748,,gutim,266,
266,1476.4707,0.1237,144,52,14,2749,,E3,,,,,,,,n266_5E3t_0,2749,,gutim,266,
266,1476.6009,0.0626,144,56,14,2750,,G#3,,,,,,,,n266_5Gs3x,2750,,gutim,266,
266,1476.6667,0.0626,144,57,14,2751,,A3,,,,,,,,n266_5A3x,2751,,gutim,266,
266,1476.7311,0.4706,144,66,14,2752,,F#4,,,,,,,,n266_1Fs4e,2752,,gutim,266,
266,1476.7326,0.5588,144,34,14,2753,,Bb1,,,,,,,,n266_5Bb1e,2753,,gutim,266,
266,1477.3193,0.5588,144,84,14,2754,,C6,,,,,,,,n266_1C6s_1,2754,,gutim,266,
266,1477.3208,0.5588,144,52,14,2754,,E3,,,,,,,,n266_5E3s,2754,,gutim,266,
266,1477.3208,0.5588,144,58,14,2754,,Bb3,,,,,,,,n266_5Bb3s,2754,,gutim,266,
266,1477.5154,0.3725,144,97,14,2755,,C#7,,,,,,,,n266_1Cs7e_1,2755,,gutim,266,
266,1477.5169,0.3725,144,61,14,2755,,Db4,,,,,,,,n266_5Db4e_0,2755,,gutim,266,
266,1477.9091,0.1237,144,24,14,2756,,C1,,,,,,,,n266_5C1t_0,2756,,gutim,266,
266,1478.0393,0.1237,144,30,14,2757,,F#1,,,,,,,,n266_5Fs1t,2757,,gutim,266,
266,1478.1695,0.1863,144,52,14,2758,,E3,,,,,,,,n266_5E3t_1,2758,,gutim,266,
266,1478.3656,0.1237,144,56,14,2759,,G#3,,,,,,,,n266_5Gs3t,2759,,gutim,266,
266,1479.084,0.4706,144,84,14,2760,,C6,,,,,,,,n266_1C6e_1,2760,,gutim,266,
266,1479.084,0.4706,144,97,14,2760,,C#7,,,,,,,,n266_1Cs7e_2,2760,,gutim,266,
266,1479.084,0.4706,144,52,14,2760,,E3,,,,,,,,n266_5E3e_1,2760,,gutim,266,
266,1479.084,0.4706,144,58,14,2760,,Bb3,,,,,,,,n266_5Bb3e_1,2760,,gutim,266,
266,1479.084,0.4706,144,61,14,2760,,Db4,,,,,,,,n266_5Db4e_1,2760,,gutim,266,
266,1479.6722,0.1863,144,24,14,2761,,C1,,,,,,,,n266_5C1t_1,2761,,gutim,266,
266,1479.8683,0.1863,144,52,14,2762,,E3,,,,,,,,n266_5E3t_2,2762,,gutim,266,
266,1480.0644,0.0626,144,68,14,2763,,G#4,,,,,,,,n266_5Gs4x,2763,,gutim,266,
266,1480.1303,0.1237,144,69,14,2764,,A4,,,,,,,,n266_5A4t,2764,,gutim,266,
266,1480.2605,0.1863,144,24,14,2765,,C1,,,,,,,,n266_5C1t_2,2765,,gutim,266,
266,1480.4566,0.1863,144,52,14,2766,,E3,,,,,,,,n266_5E3t_3,2766,,gutim,266,
266,1480.6526,0.7451,144,68,14,2767,,G#4,,,,,,,,n266_5Gs4t,2767,,gutim,266,
,,,,,,,,,,,,,,,,,,267,,,
267,1481.4369,0.9412,144,66,14,2768,,F#4,,,,,,,,n267_1Fs4q,2768,,gutim,267,
267,1481.4369,0.9412,144,34,14,2768,,Bb1,,,,,,,,n267_5Bb1q,2768,,gutim,267,
267,1482.9649,0.0712,144,37,14,2769,,C#2,g,,,,,,,ng267_5Cs2e_0,2769,,gutim,267,
267,1483.0399,0.0712,144,38,14,2770,,D2,g,,,,,,,ng267_5D2e_0,2770,,gutim,267,
267,1483.1149,0.0712,144,37,14,2771,,C#2,g,,,,,,,ng267_5Cs2e_1,2771,,gutim,267,
267,1483.1899,0.0712,144,38,14,2772,,D2,g,,,,,,,ng267_5D2e_1,2772,,gutim,267,
267,1483.2649,0.0712,144,37,14,2773,,C#2,g,,,,,,,ng267_5Cs2e_2,2773,,gutim,267,
267,1483.2649,0.0712,144,69,14,2773,,A4,g,,,,,,,ng267_5A4e,2773,,gutim,267,
267,1483.3399,0.0712,144,35,14,2774,,B1,g,,,,,,,ng267_5B1e_0,2774,,gutim,267,
267,1483.4149,0.0712,144,41,14,2775,,F2,g,,,,,,,ng267_5F2e_0,2775,,gutim,267,
267,1483.4899,0.0712,144,35,14,2776,,B1,g,,,,,,,ng267_5B1e_1,2776,,gutim,267,
267,1483.4899,0.0712,144,57,14,2776,,A3,g,,,,,,,ng267_5A3e,2776,,gutim,267,
267,1483.5649,0.0712,144,41,14,2777,,F2,g,,,,,,,ng267_5F2e_1,2777,,gutim,267,
267,1483.6399,0.0712,144,23,14,2778,,B0,g,,,,,,,ng267_5B0e,2778,,gutim,267,
267,1483.7149,0.0712,144,41,14,2779,,F2,g,,,,,,,ng267_5F2e_2,2779,,gutim,267,
267,1483.7899,0.7059,144,37,14,2780,,Db2,,,,,,,,n267_2Db2e,2780,,gutim,267,
267,1483.7899,0.2235,144,35,14,2780,,B1,,,,,,,,n267_5B1e,2780,,gutim,267,
267,1483.7899,0.5588,144,38,14,2780,,D2,,,,,,,,n267_5D2e,2780,,gutim,267,
267,1483.7899,0.5588,144,41,14,2780,,F2,,,,,,,,n267_5F2e,2780,,gutim,267,
267,1483.7899,0.5588,144,45,14,2780,,A2,,,,,,,,n267_5A2e,2780,,gutim,267,
,,,,,,,7196,,,,,,,,,,,,gutim,,
,,,,,,,,,,,,,,,,,,269,,,
269,1497.2213,0.0784,144,42,11,2781,,F#2,,,,,,,,n269_5Fs2t_0,2781,,gutim,269,
269,1497.3193,0.0784,144,50,13,2782,,D3,,,,,,,,n269_5D3t_0,2782,,gutim,269,
269,1497.4173,0.0784,144,42,15,2783,,F#2,,,,,,,,n269_5Fs2t_1,2783,,gutim,269,
269,1497.5154,0.0784,144,39,16,2784,,D#2,,,,,,,,n269_5Ds2t_0,2784,,gutim,269,
269,1497.6134,0.0784,144,42,18,2785,,F#2,,,,,,,,n269_5Fs2t_2,2785,,gutim,269,
269,1497.6134,0.0784,144,50,18,2785,,D3,,,,,,,,n269_5D3t_1,2785,,gutim,269,
269,1497.6134,0.0784,144,58,18,2785,,A#3,,,,,,,,n269_5As3t,2785,,gutim,269,
269,1497.7115,0.1569,144,35,20,2786,,B1,,,,,,,,n269_1B1s,2786,,gutim,269,
269,1497.7115,0.1569,144,64,20,2786,,E4,,,,,,,,n269_1E4s,2786,,gutim,269,
269,1497.7115,0.0784,144,32,20,2786,,G#1,,,,,,,,n269_5Gs1t_0,2786,,gutim,269,
269,1497.8095,0.0784,144,32,22,2787,,G#1,,,,,,,,n269_5Gs1t_1,2787,,gutim,269,
269,1497.8095,0.0784,144,39,22,2787,,D#2,,,,,,,,n269_5Ds2t_1,2787,,gutim,269,
269,1497.8095,0.0784,144,42,22,2787,,F#2,,,,,,,,n269_5Fs2t_3,2787,,gutim,269,
269,1497.8095,0.0784,144,70,22,2787,,A#4,,,,,,,,n269_5As4t,2787,,gutim,269,
269,1497.9075,1.4118,144,74,22,2788,,D5,,,,,,,,n269_1D5q,2788,,gutim,269,
269,1497.9075,0.1863,144,35,14,2788,,B1,,,,,,,,n269_5B1s,2788,,gutim,269,
269,1497.9075,0.1863,144,38,14,2788,,D2,,,,,,,,n269_5D2s,2788,,gutim,269,
269,1498.1036,0.1863,144,30,14,2789,,F#1,,,,,,,,n269_5Fs1s,2789,,gutim,269,
,,,,,,,,,,,,,,,,,,270,,,
270,1499.6722,0.0931,144,54,8,2790,,F#3,,,,,,,,n270_1Fs3t_0,2790,,gutim,270,
270,1499.7703,0.0931,144,67,8,2791,,G4,,,,,,,,n270_1G4t_0,2791,,gutim,270,
270,1499.8683,0.0931,144,54,8,2792,,F#3,,,,,,,,n270_1Fs3t_1,2792,,gutim,270,
270,1499.9664,0.0931,144,67,8,2793,,G4,,,,,,,,n270_1G4t_1,2793,,gutim,270,
270,1500.0644,0.0931,144,54,8,2794,,F#3,,,,,,,,n270_1Fs3t_2,2794,,gutim,270,
270,1500.1624,0.2328,144,67,8,2795,,G4,,,,,,,,n270_1G4t_2,2795,,gutim,270,
270,1500.2605,0.1471,144,24,22,2796,,C1,,,,,,,,n270_5C1s_0,2796,,gutim,270,
270,1500.2605,0.2353,144,64,22,2796,,E4,,,,,,,,n270_5E4s_0,2796,,gutim,270,
270,1500.2605,0.2353,144,72,20,2796,,C5,,,,,,,,n270_5C5s,2796,,gutim,270,
270,1500.4075,0.1397,144,54,8,2797,,F#3,,,,,,,,n270_1Fs3t_3,2797,,gutim,270,
270,1500.5546,0.1397,144,67,8,2798,,G4,,,,,,,,n270_1G4t_4,2798,,gutim,270,
270,1500.7017,0.1397,144,54,8,2799,,F#3,,,,,,,,n270_1Fs3t_4,2799,,gutim,270,
270,1500.8487,0.0931,144,70,8,2800,,Bb4,,,,,,,,n270_1Bb4t_0,2800,,gutim,270,
270,1500.9468,0.0931,144,60,8,2801,,C4,,,,,,,,n270_1C4t_0,2801,,gutim,270,
270,1501.0448,0.2328,144,74,8,2802,,D5,,,,,,,,n270_1D5t_0,2802,,gutim,270,
270,1501.2899,0.1397,144,60,8,2803,,C4,,,,,,,,n270_1C4t_1,2803,,gutim,270,
270,1501.4369,0.1471,144,24,22,2804,,C1,,,,,,,,n270_5C1s_1,2804,,gutim,270,
270,1501.4369,0.2353,144,64,22,2804,,E4,,,,,,,,n270_5E4s_1,2804,,gutim,270,
270,1501.4369,0.2353,144,74,22,2804,,D5,,,,,,,,n270_5D5s,2804,,gutim,270,
270,1501.584,0.1397,144,67,8,2805,,G4,,,,,,,,n270_1G4t_5,2805,,gutim,270,
270,1501.7311,0.1397,144,54,8,2806,,F#3,,,,,,,,n270_1Fs3t_5,2806,,gutim,270,
270,1501.8781,0.1397,144,70,8,2807,,Bb4,,,,,,,,n270_1Bb4t_1,2807,,gutim,270,
270,1502.0252,0.0931,144,86,8,2808,,D6,,,,,,,,n270_1D6t_0,2808,,gutim,270,
270,1502.1232,0.0931,144,60,8,2809,,C4,,,,,,,,n270_1C4t_2,2809,,gutim,270,
270,1502.2213,0.0931,144,86,8,2810,,D6,,,,,,,,n270_1D6t_1,2810,,gutim,270,
270,1502.3193,0.0931,144,60,8,2811,,C4,,,,,,,,n270_1C4t_3,2811,,gutim,270,
270,1502.4173,0.1863,144,86,8,2812,,D6,,,,,,,,n270_1D6s,2812,,gutim,270,
270,1502.5384,0.06,144,48,11,2813,,C3,g,,,,,,,ng270_5C3e,2813,,gutim,270,
270,1502.6134,0.0735,144,66,22,2814,,F#4,,,,,,,,n270_1Fs4t,2814,,gutim,270,
270,1502.6134,0.1176,144,74,22,2814,,D5,,,,,,,,n270_1D5t_2,2814,,gutim,270,
270,1502.6134,0.7451,144,65,11,2814,,F4,,,,,,,,n270_5F4q,2814,,gutim,270,
270,1502.7605,0.1176,144,70,8,2815,,Bb4,,,,,,,,n270_1Bb4t_2,2815,,gutim,270,
270,1502.9075,0.1176,144,86,8,2816,,D6,,,,,,,,n270_1D6t_2,2816,,gutim,270,
270,1503.0546,0.1176,144,60,8,2817,,C4,,,,,,,,n270_1C4t_4,2817,,gutim,270,
270,1503.3977,0.7451,144,58,11,2818,,Bb3,,,,,,,,n270_5Bb3e_0,2818,,gutim,270,
270,1503.7899,0.2096,144,70,14,2819,,Bb4,,,,,,,,n270_1Bb4s,2819,,gutim,270,
270,1504.0518,0.2096,144,95,14,2820,,B6,,,,,,,,n270_1B6s_0,2820,,gutim,270,
270,1504.182,0.1863,144,48,11,2821,,C3,,,,,,,,n270_5C3s_0,2821,,gutim,270,
270,1504.3138,0.3137,144,64,14,2822,,E4,,,,,,,,n270_1E4s,2822,,gutim,270,
270,1504.3781,0.1863,144,65,11,2823,,F4,,,,,,,,n270_5F4s,2823,,gutim,270,
270,1504.5742,0.1863,144,58,11,2824,,Bb3,,,,,,,,n270_5Bb3s,2824,,gutim,270,
270,1504.7059,0.2083,144,95,14,2825,,B6,,,,,,,,n270_1B6s_1,2825,,gutim,270,
270,1504.7703,0.1863,144,48,11,2826,,C3,,,,,,,,n270_5C3s_1,2826,,gutim,270,
,,,,,,,,,,,,,,,,,,271,,,
271,1504.9664,0.9412,144,66,14,2827,,F#4,,,,,,,,n271_1Fs4q,2827,,gutim,271,
271,1504.9664,0.9412,144,74,14,2827,,D5,,,,,,,,n271_1D5q,2827,,gutim,271,
271,1504.9664,0.9412,144,51,22,2827,,D#3,,,,,,,,n271_5Ds3q,2827,,gutim,271,
271,1506.1428,0.2353,144,66,14,2828,,F#4,,,,,,,,n271_1Fs4s,2828,,gutim,271,
271,1506.1428,0.4706,144,32,14,2828,,G#1,,,,,,,,n271_5Gs1e,2828,,gutim,271,
271,1506.4369,0.2353,144,106,14,2829,,A#7,,,,,,,,n271_1As7s,2829,,gutim,271,
271,1506.7311,0.1674,144,63,14,2830,,Eb4,,,,,,,,n271_1Eb4t_0,2830,,gutim,271,
271,1506.9072,0.1121,144,56,14,2831,,Ab3,,,,,,,,n271_1Ab3t_0,2831,,gutim,271,
271,1507.0252,0.1674,144,63,14,2832,,Eb4,,,,,,,,n271_1Eb4t_1,2832,,gutim,271,
271,1507.2013,0.1121,144,56,14,2833,,Ab3,,,,,,,,n271_1Ab3t_1,2833,,gutim,271,
271,1507.3193,0.1674,144,63,14,2834,,Eb4,,,,,,,,n271_1Eb4t_2,2834,,gutim,271,
271,1507.4955,0.1674,144,56,14,2835,,Ab3,,,,,,,,n271_1Ab3t_2,2835,,gutim,271,
271,1507.6716,0.1674,144,48,14,2836,,C3,,,,,,,,n271_1C3t,2836,,gutim,271,
271,1507.8478,0.1674,144,63,14,2837,,Eb4,,,,,,,,n271_1Eb4x,2837,,gutim,271,
271,1508.024,0.1674,144,56,14,2838,,Ab3,,,,,,,,n271_1Ab3t_3,2838,,gutim,271,
271,1508.2001,0.1121,144,69,14,2839,,A4,,,,,,,,n271_1A4t,2839,,gutim,271,
271,1508.2017,0.0931,144,54,14,2839,,F#3,,,,,,,,n271_5Fs3t_0,2839,,gutim,271,
271,1508.2997,0.0931,144,62,14,2840,,D4,,,,,,,,n271_5D4t_0,2840,,gutim,271,
271,1508.3181,0.1674,144,88,14,2841,,E6,,,,,,,,n271_1E6t,2841,,gutim,271,
271,1508.3977,0.0931,144,54,14,2842,,F#3,,,,,,,,n271_5Fs3t_1,2842,,gutim,271,
271,1508.4942,0.1237,144,70,14,2843,,Bb4,,,,,,,,n271_1Bb4t_0,2843,,gutim,271,
271,1508.6244,0.1237,144,64,14,2844,,E4,,,,,,,,n271_1E4t_0,2844,,gutim,271,
271,1508.7547,0.1237,144,64,14,2845,,E4,,,,,,,,n271_1E4t_1,2845,,gutim,271,
271,1508.7547,0.1237,144,70,14,2845,,Bb4,,,,,,,,n271_1Bb4t_1,2845,,gutim,271,
271,1508.7547,0.1237,144,95,14,2845,,B6,,,,,,,,n271_1B6t,2845,,gutim,271,
271,1508.8849,0.1237,144,85,14,2846,,C#6,,,,,,,,n271_1Cs6t,2846,,gutim,271,
271,1509.0151,0.3725,144,77,14,2847,,F5,,,,,,,,n271_1F5s,2847,,gutim,271,
271,1509.084,0.0931,144,62,14,2848,,D4,,,,,,,,n271_5D4t_1,2848,,gutim,271,
271,1509.182,0.0931,144,54,14,2849,,F#3,,,,,,,,n271_5Fs3t_2,2849,,gutim,271,
271,1509.2801,0.1397,144,62,14,2850,,D4,,,,,,,,n271_5D4t_2,2850,,gutim,271,
271,1509.4271,0.1397,144,54,14,2851,,F#3,,,,,,,,n271_5Fs3t_3,2851,,gutim,271,
271,1509.5742,0.0931,144,44,14,2852,,G#2,,,,,,,,n271_5Gs2t_0,2852,,gutim,271,
271,1509.5742,0.0931,144,54,14,2852,,F#3,,,,,,,,n271_5Fs3t_4,2852,,gutim,271,
271,1509.5742,0.0931,144,62,14,2852,,D4,,,,,,,,n271_5D4t_3,2852,,gutim,271,
271,1509.6722,0.0931,144,51,14,2853,,D#3,,,,,,,,n271_5Ds3t_0,2853,,gutim,271,
271,1509.7703,0.0931,144,44,14,2854,,G#2,,,,,,,,n271_5Gs2t_1,2854,,gutim,271,
271,1509.8653,0.2353,144,54,14,2855,,F#3,,,,,,,,n271_1Fs3s,2855,,gutim,271,
271,1509.8653,0.2353,144,62,14,2855,,D4,,,,,,,,n271_1D4s,2855,,gutim,271,
271,1509.8683,0.1397,144,51,14,2856,,D#3,,,,,,,,n271_5Ds3t_1,2856,,gutim,271,
271,1510.0154,0.1397,144,44,14,2857,,G#2,,,,,,,,n271_5Gs2t_2,2857,,gutim,271,
271,1510.1594,0.0809,144,82,14,2858,,Bb5,,,,,,,,n271_1Bb5t,2858,,gutim,271,
271,1510.1624,0.0784,144,44,14,2858,,G#2,,,,,,,,n271_5Gs2t_3,2858,,gutim,271,
271,1510.1624,0.0784,144,51,14,2858,,D#3,,,,,,,,n271_5Ds3t_2,2858,,gutim,271,
271,1510.5546,0.0931,144,65,14,2859,,F4,,,,,,,,n271_5F4t,2859,,gutim,271,
271,1510.6526,0.0931,144,58,14,2860,,Bb3,,,,,,,,n271_5Bb3t,2860,,gutim,271,
271,1510.7507,0.0931,144,48,14,2861,,C3,,,,,,,,n271_5C3t,2861,,gutim,271,
,,,,,,,,,,,,,,,,,,272,,,
272,1510.8487,0.0784,144,92,14,2862,,Ab6,,,,,,,,n272_1Ab6t,2862,,gutim,272,
272,1510.8487,0.2353,144,58,14,2862,,Bb3,,,,,,,,n272_5Bb3s,2862,,gutim,272,
272,1510.8487,0.2353,144,65,14,2862,,F4,,,,,,,,n272_5F4s,2862,,gutim,272,
272,1510.9468,0.1569,144,100,14,2863,,E7,,,,,,,,n272_1E7s,2863,,gutim,272,
272,1511.7311,0.2353,144,31,14,2864,,G1,,,,,,,,n272_1G1s,2864,,gutim,272,
272,1512.0252,0.7059,144,31,14,2865,,G1,,,,,,,,n272_1G1e,2865,,gutim,272,
272,1512.0252,0.7059,144,61,14,2865,,C#4,,,,,,,,n272_1Cs4e,2865,,gutim,272,
272,1512.0252,0.6275,144,27,14,2865,,Eb1,,,,,,,,n272_5Eb1q,2865,,gutim,272,
272,1512.0252,0.6275,144,72,14,2865,,C5,,,,,,,,n272_5C5q,2865,,gutim,272,
272,1512.8095,0.1569,144,32,14,2866,,Ab1,,,,,,,,n272_5Ab1s_0,2866,,gutim,272,
272,1512.8095,0.1569,144,72,14,2866,,C5,,,,,,,,n272_5C5s_0,2866,,gutim,272,
272,1513.0056,0.1569,144,32,14,2867,,Ab1,,,,,,,,n272_5Ab1s_1,2867,,gutim,272,
272,1513.0056,0.1569,144,72,14,2867,,C5,,,,,,,,n272_5C5s_1,2867,,gutim,272,
272,1513.0056,0.1569,144,76,14,2867,,E5,,,,,,,,n272_5E5s_0,2867,,gutim,272,
272,1513.2017,0.9412,144,74,14,2868,,D5,,,,,,,,n272_1D5q,2868,,gutim,272,
272,1513.2017,0.2353,144,31,14,2868,,G1,,,,,,,,n272_5G1s,2868,,gutim,272,
272,1513.2017,0.2353,144,61,14,2868,,C#4,,,,,,,,n272_5Cs4s,2868,,gutim,272,
272,1513.4958,0.1569,144,76,14,2869,,E5,,,,,,,,n272_5E5s_1,2869,,gutim,272,
272,1513.6919,0.1569,144,48,14,2870,,C3,,,,,,,,n272_5C3s,2870,,gutim,272,
272,1513.8879,0.2353,144,44,14,2871,,Ab2,,,,,,,,n272_5Ab2s,2871,,gutim,272,
272,1514.182,0.1569,144,60,14,2872,,C4,,,,,,,,n272_5C4s,2872,,gutim,272,
272,1514.3781,0.0931,144,74,14,2873,,D5,,,,,,,,n272_5D5t,2873,,gutim,272,
272,1514.4762,0.0931,144,39,14,2874,,Eb2,,,,,,,,n272_5Eb2t_0,2874,,gutim,272,
272,1514.5742,0.0931,144,82,14,2875,,Bb5,,,,,,,,n272_5Bb5t,2875,,gutim,272,
272,1514.6722,0.0931,144,39,14,2876,,Eb2,,,,,,,,n272_5Eb2t_1,2876,,gutim,272,
272,1514.6722,0.0931,144,42,14,2876,,Gb2,,,,,,,,n272_5Gb2t_0,2876,,gutim,272,
272,1514.7703,0.1397,144,62,14,2877,,D4,,,,,,,,n272_5D4t,2877,,gutim,272,
272,1514.9173,0.0931,144,39,14,2878,,Eb2,,,,,,,,n272_5Eb2x_0,2878,,gutim,272,
272,1514.9173,0.0931,144,42,14,2878,,Gb2,,,,,,,,n272_5Gb2x_0,2878,,gutim,272,
272,1515.0154,0.1397,144,50,14,2879,,D3,,,,,,,,n272_5D3t_0,2879,,gutim,272,
272,1515.1624,0.1397,144,42,14,2880,,Gb2,,,,,,,,n272_5Gb2t_1,2880,,gutim,272,
272,1515.3095,0.1397,144,39,14,2881,,Eb2,,,,,,,,n272_5Eb2t_2,2881,,gutim,272,
272,1515.4566,0.0931,144,32,14,2882,,Ab1,,,,,,,,n272_5Ab1t_0,2882,,gutim,272,
272,1515.4566,0.0931,144,42,14,2882,,Gb2,,,,,,,,n272_5Gb2t_2,2882,,gutim,272,
272,1515.5546,0.0931,144,39,14,2883,,Eb2,,,,,,,,n272_5Eb2t_3,2883,,gutim,272,
272,1515.6526,0.0931,144,50,14,2884,,D3,,,,,,,,n272_5D3t_1,2884,,gutim,272,
272,1515.6526,0.0931,144,70,14,2884,,Bb4,,,,,,,,n272_5Bb4t,2884,,gutim,272,
272,1515.7507,0.1397,144,32,14,2885,,Ab1,,,,,,,,n272_5Ab1t_1,2885,,gutim,272,
272,1515.7507,0.1397,144,39,14,2885,,Eb2,,,,,,,,n272_5Eb2t_4,2885,,gutim,272,
272,1515.8977,0.0931,144,58,14,2886,,Bb3,,,,,,,,n272_5Bb3t_0,2886,,gutim,272,
272,1515.9958,0.1397,144,50,14,2887,,D3,,,,,,,,n272_5D3t_2,2887,,gutim,272,
272,1516.1428,0.1397,144,42,14,2888,,Gb2,,,,,,,,n272_5Gb2t_3,2888,,gutim,272,
272,1516.2899,0.1397,144,39,14,2889,,Eb2,,,,,,,,n272_5Eb2t_5,2889,,gutim,272,
272,1516.2899,0.1397,144,50,14,2889,,D3,,,,,,,,n272_5D3t_3,2889,,gutim,272,
272,1516.4369,0.1397,144,32,14,2890,,Ab1,,,,,,,,n272_5Ab1t_2,2890,,gutim,272,
272,1516.4369,0.1397,144,39,14,2890,,Eb2,,,,,,,,n272_5Eb2t_6,2890,,gutim,272,
272,1516.4369,0.1397,144,42,14,2890,,Gb2,,,,,,,,n272_5Gb2t_4,2890,,gutim,272,
272,1516.584,0.1397,144,58,14,2891,,Bb3,,,,,,,,n272_5Bb3t_1,2891,,gutim,272,
,,,,,,,7200,,,,,,,,,,,,gutim,,
,,,,,,,,,,,,,,,,,,274,,,
274,1519.627,8.0,144,80,22,2892,,Ab5,,,,,,,,n274_5Ab5e,2892,,gutim,274,
,,,,,,,,,,,,,,,,,,275,,,
275,1525.5093,0.1121,144,78,5,2893,,F#5,,,,,,,,n275_1Fs5t,2893,,gutim,275,
275,1525.6273,0.1121,144,86,5,2894,,D6,,,,,,,,n275_1D6t,2894,,gutim,275,
275,1525.7453,0.1121,144,94,5,2895,,Bb6,,,,,,,,n275_1Bb6t_0,2895,,gutim,275,
275,1525.8632,0.1121,144,103,5,2896,,G7,,,,,,,,n275_1G7t_0,2896,,gutim,275,
275,1525.9812,0.1121,144,92,5,2897,,Ab6,,,,,,,,n275_1Ab6t,2897,,gutim,275,
275,1526.0991,0.1674,144,94,6,2898,,Bb6,,,,,,,,n275_1Bb6t_1,2898,,gutim,275,
275,1526.2753,0.1121,144,66,6,2899,,F#4,,,,,,,,n275_1Fs4t_0,2899,,gutim,275,
275,1526.3932,0.1121,144,74,6,2900,,D5,,,,,,,,n275_1D5t_0,2900,,gutim,275,
275,1526.5112,0.1674,144,66,6,2901,,F#4,,,,,,,,n275_1Fs4t_1,2901,,gutim,275,
275,1526.6874,0.1397,144,80,6,2902,,Ab5,,,,,,,,n275_1Ab5t_0,2902,,gutim,275,
275,1526.8344,0.0931,144,74,6,2903,,D5,,,,,,,,n275_1D5t_1,2903,,gutim,275,
275,1526.9324,0.0931,144,82,7,2904,,Bb5,,,,,,,,n275_1Bb5t,2904,,gutim,275,
275,1527.0305,0.0931,144,103,7,2905,,G7,,,,,,,,n275_1G7t_1,2905,,gutim,275,
275,1527.1285,0.1397,144,74,7,2906,,D5,,,,,,,,n275_1D5t_2,2906,,gutim,275,
275,1527.2756,0.1121,144,103,7,2907,,G7,,,,,,,,n275_1G7t_2,2907,,gutim,275,
275,1527.3935,0.1121,144,80,7,2908,,Ab5,,,,,,,,n275_1Ab5t_1,2908,,gutim,275,
275,1527.5115,0.1121,144,66,7,2909,,F#4,,,,,,,,n275_1Fs4t_2,2909,,gutim,275,
275,1527.6294,0.1121,144,74,7,2910,,D5,,,,,,,,n275_1D5t_3,2910,,gutim,275,
275,1527.7474,0.1674,144,66,7,2911,,F#4,,,,,,,,n275_1Fs4t_3,2911,,gutim,275,
275,1527.9236,0.1674,144,80,8,2912,,Ab5,,,,,,,,n275_1Ab5t_2,2912,,gutim,275,
275,1528.0997,0.1674,144,74,8,2913,,D5,,,,,,,,n275_1D5t_4,2913,,gutim,275,
275,1528.2759,0.1674,144,103,8,2914,,G7,,,,,,,,n275_1G7t_3,2914,,gutim,275,
275,1528.4521,0.1121,144,80,8,2915,,Ab5,,,,,,,,n275_1Ab5t_3,2915,,gutim,275,
275,1528.57,0.1121,144,94,8,2916,,Bb6,,,,,,,,n275_1Bb6t_2,2916,,gutim,275,
275,1528.688,0.1121,144,54,8,2917,,F#3,,,,,,,,n275_1Fs3t,2917,,gutim,275,
275,1528.8059,0.1121,144,74,8,2918,,D5,,,,,,,,n275_1D5t_5,2918,,gutim,275,
275,1528.9239,0.1674,144,80,9,2919,,Ab5,,,,,,,,n275_1Ab5t_4,2919,,gutim,275,
275,1529.1,0.1674,144,74,9,2920,,D5,,,,,,,,n275_1D5t_6,2920,,gutim,275,
275,1529.2762,0.3333,144,103,9,2921,,G7,,,,,,,,n275_1G7s,2921,,gutim,275,
,,,,,,,7201,,,,,,,,,,,,gutim,,
,,,,,,,,,,,,,,,,,,276,,,
276,1533.1564,0.1569,144,43,5,2922,,G2,,,,,,,,n276_5G2s,2922,,gutim,276,
276,1533.3525,0.4706,144,43,5,2923,,G2,,,,,,,,n276_5G2e,2923,,gutim,276,
276,1533.3525,0.4706,144,47,5,2923,,B2,,,,,,,,n276_5B2e,2923,,gutim,276,
276,1533.9407,1.2549,144,69,5,2924,,A4,,,,,,,,n276_5A4e,2924,,gutim,276,
276,1535.9015,0.0931,144,69,5,2925,,A4,,,,,,,,n276_5A4t,2925,,gutim,276,
276,1535.9995,0.0931,144,63,5,2926,,Eb4,,,,,,,,n276_5Eb4t,2926,,gutim,276,
276,1536.0976,0.2794,144,36,5,2927,,C2,,,,,,,,n276_5C2s,2927,,gutim,276,
276,1536.3917,0.4191,144,69,5,2928,,A4,,,,,,,,n276_5A4s,2928,,gutim,276,
,,,,,,,,,,,,,,,,,,277,,,
277,1536.8329,0.9779,144,63,5,2929,,Eb4,,,,,,,,n277_5Eb4e,2929,,gutim,277,
277,1540.1402,0.06,144,65,5,2930,,F4,g,,,,,,,ng277_1F4e,2930,,gutim,277,
277,1540.2152,0.9412,144,65,5,2931,,F4,,,,,,,,n277_1F4q,2931,,gutim,277,
277,1540.2152,0.9412,144,31,5,2931,,G1,,,,,,,,n277_5G1q,2931,,gutim,277,
277,1541.3917,1.8824,144,80,14,2932,,Ab5,,,,,,,,n277_1Ab5q,2932,,gutim,277,
277,1541.3917,1.8824,144,40,14,2932,,E2,,,,,,,,n277_5E2q,2932,,gutim,277,
,,,,,,,,,,,,,,,,,,278,,,
278,1543.7446,2.2353,144,80,15,2933,,Ab5,,,,,,,,n278_1Ab5q_1,2933,,gutim,278,
278,1543.7446,1.8824,144,86,15,2933,,D6,,,,,,,,n278_1D6q_0,2933,,gutim,278,
278,1543.7446,1.8824,144,40,14,2933,,E2,,,,,,,,n278_5E2h,2933,,gutim,278,
278,1546.0976,0.7059,144,72,15,2934,,C5,,,,,,,,n278_1C5e,2934,,gutim,278,
278,1546.0976,0.7059,144,80,15,2934,,Ab5,,,,,,,,n278_1Ab5e,2934,,gutim,278,
278,1546.0976,0.7059,144,86,15,2934,,D6,,,,,,,,n278_1D6e,2934,,gutim,278,
278,1546.9799,0.2353,144,49,15,2935,,C#3,,,,,,,,n278_1Cs3s,2935,,gutim,278,
,,,,,,,,,,,,,,,,,,279,,,
279,1548.4505,0.06,144,62,5,2936,,D4,g,,,,,,,ng279_5D4e,2936,,gutim,279,
279,1548.5255,0.06,144,37,14,2937,,C#2,g,,,,,,,ng279_5Cs2e,2937,,gutim,279,
,,,,,,,7203,,,,,,,,,,,,gutim,,
279,1548.6005,0.1397,144,56,14,2938,,Ab3,,,,,,,,n279_5Ab3t,2938,,gutim,279,
279,1548.7476,0.0931,144,28,5,2939,,E1,,,,,,,,n279_5E1t,2939,,gutim,279,
279,1548.8456,0.1397,144,48,5,2940,,C3,,,,,,,,n279_5C3t,2940,,gutim,279,
279,1549.777,2.8235,144,50,5,2941,,D3,,,,,,,,n279_5D3h,2941,,gutim,279,
279,1550.8785,0.06,144,45,8,2942,,A2,g,,,,,,,ng279_1A2e,2942,,gutim,279,
279,1550.9535,2.8235,144,45,22,2943,,A2,,,,,,,,n279_1A2h,2943,,gutim,279,
279,1550.9535,2.8235,144,85,22,2943,,C#6,,,,,,,,n279_1Cs6h,2943,,gutim,279,
279,1553.3064,0.0931,144,50,5,2944,,D3,,,,,,,,n279_5D3t,2944,,gutim,279,
279,1553.4044,0.0931,144,37,5,2945,,Db2,,,,,,,,n279_5Db2t,2945,,gutim,279,
279,1553.5025,0.0626,144,41,5,2946,,F2,,,,,,,,n279_5F2t_0,2946,,gutim,279,
279,1553.5684,0.0626,144,57,5,2947,,A3,,,,,,,,n279_5A3t_0,2947,,gutim,279,
279,1553.6342,0.0626,144,41,5,2948,,F2,,,,,,,,n279_5F2t_1,2948,,gutim,279,
279,1553.7001,0.0626,144,57,5,2949,,A3,,,,,,,,n279_5A3t_1,2949,,gutim,279,
279,1553.766,0.0626,144,41,5,2950,,F2,,,,,,,,n279_5F2t_2,2950,,gutim,279,
279,1553.8318,0.0626,144,57,5,2951,,A3,,,,,,,,n279_5A3t_2,2951,,gutim,279,
279,1553.8977,0.0931,144,41,5,2952,,F2,,,,,,,,n279_5F2t_3,2952,,gutim,279,
279,1553.9957,0.0931,144,35,5,2953,,B1,,,,,,,,n279_5B1t,2953,,gutim,279,
279,1554.0938,0.0931,144,57,5,2954,,A3,,,,,,,,n279_5A3t_3,2954,,gutim,279,
279,1554.1918,0.0931,144,23,5,2955,,B0,,,,,,,,n279_5B0t_0,2955,,gutim,279,
279,1554.2899,0.0931,144,29,5,2956,,F1,,,,,,,,n279_5F1t,2956,,gutim,279,
279,1554.3879,0.0902,144,23,5,2957,,B0,,,,,,,,n279_5B0t_1,2957,,gutim,279,
,,,,,,,,,,,,,,,,,,280,,,
280,1554.4829,0.0931,144,38,5,2958,,D2,,,,,,,,n280_5D2t_0,2958,,gutim,280,
280,1554.5809,0.0931,144,25,5,2959,,Db1,,,,,,,,n280_5Db1t,2959,,gutim,280,
280,1554.679,0.0626,144,29,5,2960,,F1,,,,,,,,n280_5F1t_0,2960,,gutim,280,
280,1554.679,0.0626,144,38,5,2960,,D2,,,,,,,,n280_5D2t_1,2960,,gutim,280,
280,1554.7448,0.0626,144,45,5,2961,,A2,,,,,,,,n280_5A2t_0,2961,,gutim,280,
280,1554.8107,0.0626,144,29,5,2962,,F1,,,,,,,,n280_5F1t_1,2962,,gutim,280,
280,1554.8107,0.0626,144,38,5,2962,,D2,,,,,,,,n280_5D2t_2,2962,,gutim,280,
280,1554.8766,0.0626,144,45,5,2963,,A2,,,,,,,,n280_5A2t_1,2963,,gutim,280,
280,1554.9424,0.0626,144,29,5,2964,,F1,,,,,,,,n280_5F1t_2,2964,,gutim,280,
280,1554.9424,0.0626,144,38,5,2964,,D2,,,,,,,,n280_5D2t_3,2964,,gutim,280,
280,1555.0083,0.0626,144,45,5,2965,,A2,,,,,,,,n280_5A2t_2,2965,,gutim,280,
280,1555.0742,0.0931,144,29,5,2966,,F1,,,,,,,,n280_5F1t_3,2966,,gutim,280,
280,1555.1722,0.0931,144,23,5,2967,,B0,,,,,,,,n280_5B0t_0,2967,,gutim,280,
280,1555.2703,0.0931,144,38,5,2968,,D2,,,,,,,,n280_5D2t_4,2968,,gutim,280,
280,1555.2703,0.0931,144,45,5,2968,,A2,,,,,,,,n280_5A2t_3,2968,,gutim,280,
280,1555.3683,0.0931,144,23,5,2969,,B0,,,,,,,,n280_5B0t_1,2969,,gutim,280,
280,1555.4663,0.0931,144,29,5,2970,,F1,,,,,,,,n280_5F1t_4,2970,,gutim,280,
280,1555.4663,0.0931,144,38,5,2970,,D2,,,,,,,,n280_5D2t_5,2970,,gutim,280,
280,1555.4663,0.0931,144,45,5,2970,,A2,,,,,,,,n280_5A2t_4,2970,,gutim,280,
280,1555.5644,0.0902,144,23,5,2971,,B0,,,,,,,,n280_5B0t_2,2971,,gutim,280,
280,1555.6593,6.5882,144,23,5,2972,,B0,,,,,,,,n280_5B0w,2972,,gutim,280,
280,1555.6593,6.5882,144,25,5,2972,,Db1,,,,,,,,n280_5Db1w,2972,,gutim,280,
280,1555.6593,6.5882,144,29,5,2972,,F1,,,,,,,,n280_5F1w,2972,,gutim,280,
280,1555.6593,6.5882,144,50,5,2972,,D3,,,,,,,,n280_5D3w,2972,,gutim,280,
280,1555.6593,6.5882,144,57,5,2972,,A3,,,,,,,,n280_5A3w,2972,,gutim,280,
,,,,,,,,,,,,,,,,,,281,,,
281,1562.7182,1.4118,144,85,14,2973,,C#6,,,,,,,,n281_1Cs6q,2973,,gutim,281,
281,1562.7182,1.4118,144,45,14,2973,,A2,,,,,,,,n281_2A2q,2973,,gutim,281,
281,1562.7182,1.4118,144,54,14,2973,,F#3,,,,,,,,n281_2Fs3q,2973,,gutim,281,
281,1564.4829,0.1121,144,66,5,2974,,F#4,,,,,,,,n281_1Fs4t_0,2974,,gutim,281,
281,1564.5978,0.1121,144,74,5,2975,,D5,,,,,,,,n281_1D5t_0,2975,,gutim,281,
281,1564.7157,0.1121,144,94,5,2976,,Bb6,,,,,,,,n281_1Bb6t_0,2976,,gutim,281,
281,1564.8337,0.1121,144,103,5,2977,,G7,,,,,,,,n281_1G7t_0,2977,,gutim,281,
281,1564.9516,0.1121,144,92,5,2978,,Ab6,,,,,,,,n281_1Ab6t,2978,,gutim,281,
281,1565.0696,0.1674,144,94,5,2979,,Bb6,,,,,,,,n281_1Bb6t_1,2979,,gutim,281,
281,1565.2457,0.1121,144,66,5,2980,,F#4,,,,,,,,n281_1Fs4t_1,2980,,gutim,281,
281,1565.3637,0.1121,144,74,5,2981,,D5,,,,,,,,n281_1D5t_1,2981,,gutim,281,
281,1565.4817,0.1674,144,66,5,2982,,F#4,,,,,,,,n281_1Fs4t_2,2982,,gutim,281,
281,1565.6578,0.1397,144,80,5,2983,,Ab5,,,,,,,,n281_1Ab5t,2983,,gutim,281,
281,1565.8049,0.0931,144,74,5,2984,,D5,,,,,,,,n281_1D5t_2,2984,,gutim,281,
281,1565.9029,0.0931,144,82,5,2985,,Bb5,,,,,,,,n281_1Bb5t,2985,,gutim,281,
281,1566.001,0.0931,144,103,5,2986,,G7,,,,,,,,n281_1G7t_1,2986,,gutim,281,
281,1566.099,0.1412,144,74,5,2987,,D5,,,,,,,,n281_1D5t_3,2987,,gutim,281,
,,,,,,,,,,,,,,,,,,282,,,
282,1566.2476,0.0944,144,103,5,2988,,G7,,,,,,,,n282_1G7t_0,2988,,gutim,282,
282,1566.3655,0.0944,144,68,5,2989,,Ab4,,,,,,,,n282_1Ab4t_0,2989,,gutim,282,
282,1566.4835,0.0944,144,54,5,2990,,F#3,,,,,,,,n282_1Fs3t_0,2990,,gutim,282,
282,1566.6014,0.0944,144,62,5,2991,,D4,,,,,,,,n282_1D4t_0,2991,,gutim,282,
282,1566.7194,0.1409,144,54,5,2992,,F#3,,,,,,,,n282_1Fs3t_1,2992,,gutim,282,
282,1566.8956,0.1409,144,68,5,2993,,Ab4,,,,,,,,n282_1Ab4t_1,2993,,gutim,282,
282,1567.0717,0.1409,144,62,5,2994,,D4,,,,,,,,n282_1D4t_1,2994,,gutim,282,
282,1567.2479,0.1409,144,94,5,2995,,Bb6,,,,,,,,n282_1Bb6t,2995,,gutim,282,
282,1567.2479,0.1409,144,103,5,2995,,G7,,,,,,,,n282_1G7t_1,2995,,gutim,282,
282,1567.4241,0.0944,144,80,5,2996,,Ab5,,,,,,,,n282_1Ab5t_0,2996,,gutim,282,
282,1567.542,0.0944,144,82,5,2997,,Bb5,,,,,,,,n282_1Bb5t_0,2997,,gutim,282,
282,1567.66,0.0944,144,54,5,2998,,F#3,,,,,,,,n282_1Fs3t_2,2998,,gutim,282,
282,1567.7779,0.0944,144,74,5,2999,,D5,,,,,,,,n282_1D5t_0,2999,,gutim,282,
282,1567.7779,0.0944,144,82,5,2999,,Bb5,,,,,,,,n282_1Bb5t_1,2999,,gutim,282,
282,1567.8959,0.1409,144,80,5,3000,,Ab5,,,,,,,,n282_1Ab5t_1,3000,,gutim,282,
282,1568.072,0.1409,144,74,5,3001,,D5,,,,,,,,n282_1D5t_1,3001,,gutim,282,
282,1568.2482,0.2819,144,103,5,3002,,G7,,,,,,,,n282_1G7s,3002,,gutim,282,
282,1568.6005,0.0931,144,50,2,3003,,D3,,,,,,,,n282_5D3t,3003,,gutim,282,
282,1568.6986,0.0931,144,25,2,3004,,Db1,,,,,,,,n282_5Db1t_0,3004,,gutim,282,
282,1568.7966,0.0626,144,29,2,3005,,F1,,,,,,,,n282_5F1t_0,3005,,gutim,282,
282,1568.8625,0.0626,144,69,2,3006,,A4,,,,,,,,n282_5A4t,3006,,gutim,282,
282,1568.9283,0.0626,144,29,2,3007,,F1,,,,,,,,n282_5F1t_1,3007,,gutim,282,
282,1568.9942,0.0626,144,57,2,3008,,A3,,,,,,,,n282_5A3t_0,3008,,gutim,282,
282,1569.0601,0.0626,144,29,2,3009,,F1,,,,,,,,n282_5F1t_2,3009,,gutim,282,
282,1569.126,0.0626,144,57,2,3010,,A3,,,,,,,,n282_5A3t_1,3010,,gutim,282,
282,1569.1918,0.0931,144,29,2,3011,,F1,,,,,,,,n282_5F1t_3,3011,,gutim,282,
282,1569.2899,0.0931,144,23,2,3012,,B0,,,,,,,,n282_5B0t_0,3012,,gutim,282,
282,1569.3879,0.0931,144,57,2,3013,,A3,,,,,,,,n282_5A3t_2,3013,,gutim,282,
282,1569.4859,0.0931,144,23,2,3014,,B0,,,,,,,,n282_5B0t_1,3014,,gutim,282,
282,1569.584,0.0931,144,29,2,3015,,F1,,,,,,,,n282_5F1t_4,3015,,gutim,282,
282,1569.682,0.0931,144,23,2,3016,,B0,,,,,,,,n282_5B0t_2,3016,,gutim,282,
282,1569.7801,0.0931,144,38,2,3017,,D2,,,,,,,,n282_5D2t_0,3017,,gutim,282,
282,1569.8781,0.0931,144,25,2,3018,,Db1,,,,,,,,n282_5Db1t_1,3018,,gutim,282,
282,1569.9761,0.0626,144,29,2,3019,,F1,,,,,,,,n282_5F1t_5,3019,,gutim,282,
282,1570.042,0.0626,144,45,2,3020,,A2,,,,,,,,n282_5A2t_0,3020,,gutim,282,
282,1570.1079,0.0626,144,29,2,3021,,F1,,,,,,,,n282_5F1t_6,3021,,gutim,282,
282,1570.1737,0.0626,144,45,2,3022,,A2,,,,,,,,n282_5A2t_1,3022,,gutim,282,
282,1570.2396,0.0626,144,29,2,3023,,F1,,,,,,,,n282_5F1t_7,3023,,gutim,282,
282,1570.3055,0.0626,144,45,2,3024,,A2,,,,,,,,n282_5A2t_2,3024,,gutim,282,
282,1570.3714,0.0931,144,29,2,3025,,F1,,,,,,,,n282_5F1t_8,3025,,gutim,282,
282,1570.4694,0.0931,144,23,2,3026,,B0,,,,,,,,n282_5B0t_3,3026,,gutim,282,
282,1570.5674,0.0931,144,45,2,3027,,A2,,,,,,,,n282_5A2t_3,3027,,gutim,282,
282,1570.6655,0.0931,144,23,2,3028,,B0,,,,,,,,n282_5B0t_4,3028,,gutim,282,
282,1570.7635,0.0931,144,29,2,3029,,F1,,,,,,,,n282_5F1t_9,3029,,gutim,282,
282,1570.8616,0.0931,144,23,2,3030,,B0,,,,,,,,n282_5B0t_5,3030,,gutim,282,
282,1570.9596,0.0931,144,38,2,3031,,D2,,,,,,,,n282_5D2t_1,3031,,gutim,282,
282,1570.9596,0.0931,144,45,2,3031,,A2,,,,,,,,n282_5A2t_4,3031,,gutim,282,
282,1571.0576,0.0931,144,25,2,3032,,Db1,,,,,,,,n282_5Db1t_2,3032,,gutim,282,
282,1571.1557,0.0626,144,29,2,3033,,F1,,,,,,,,n282_5F1t_10,3033,,gutim,282,
282,1571.2215,0.0626,144,38,2,3034,,D2,,,,,,,,n282_5D2t_2,3034,,gutim,282,
282,1571.2215,0.0626,144,45,2,3034,,A2,,,,,,,,n282_5A2t_5,3034,,gutim,282,
282,1571.2874,0.0626,144,29,2,3035,,F1,,,,,,,,n282_5F1t_11,3035,,gutim,282,
282,1571.3533,0.0626,144,38,2,3036,,D2,,,,,,,,n282_5D2t_3,3036,,gutim,282,
282,1571.3533,0.0626,144,45,2,3036,,A2,,,,,,,,n282_5A2t_6,3036,,gutim,282,
282,1571.4192,0.0626,144,29,2,3037,,F1,,,,,,,,n282_5F1t_12,3037,,gutim,282,
282,1571.485,0.0626,144,38,2,3038,,D2,,,,,,,,n282_5D2t_4,3038,,gutim,282,
282,1571.485,0.0626,144,45,2,3038,,A2,,,,,,,,n282_5A2t_7,3038,,gutim,282,
282,1571.5509,0.0931,144,29,2,3039,,F1,,,,,,,,n282_5F1t_13,3039,,gutim,282,
282,1571.6489,0.0931,144,23,2,3040,,B0,,,,,,,,n282_5B0t_6,3040,,gutim,282,
282,1571.747,0.0931,144,25,2,3041,,Db1,,,,,,,,n282_5Db1t_3,3041,,gutim,282,
282,1571.747,0.0931,144,38,2,3041,,D2,,,,,,,,n282_5D2t_5,3041,,gutim,282,
282,1571.747,0.0931,144,45,2,3041,,A2,,,,,,,,n282_5A2t_8,3041,,gutim,282,
282,1571.845,0.0931,144,23,2,3042,,B0,,,,,,,,n282_5B0t_7,3042,,gutim,282,
282,1571.943,0.0931,144,29,2,3043,,F1,,,,,,,,n282_5F1t_14,3043,,gutim,282,
282,1571.943,0.0931,144,38,2,3043,,D2,,,,,,,,n282_5D2t_6,3043,,gutim,282,
282,1571.943,0.0931,144,45,2,3043,,A2,,,,,,,,n282_5A2t_9,3043,,gutim,282,
282,1572.0411,0.0844,144,23,2,3044,,B0,,,,,,,,n282_5B0t_8,3044,,gutim,282,
,,,,,,,,,,,,,,,,,,283,,,
283,1572.1299,1.2549,144,23,2,3045,,B0,,,,,,,,n283_6B0q_0,3045,,gutim,283,
283,1572.1299,1.2549,144,25,2,3045,,Db1,,,,,,,,n283_6Db1q_0,3045,,gutim,283,
283,1572.1299,1.2549,144,29,2,3045,,F1,,,,,,,,n283_6F1q_0,3045,,gutim,283,
283,1572.1299,1.2549,144,38,2,3045,,D2,,,,,,,,n283_6D2q_0,3045,,gutim,283,
283,1572.1299,1.2549,144,45,2,3045,,A2,,,,,,,,n283_6A2q_0,3045,,gutim,283,
283,1573.6986,1.8824,144,23,2,3046,,B0,,,,,,,,n283_6B0q_1,3046,,gutim,283,
283,1573.6986,1.8824,144,25,2,3046,,Db1,,,,,,,,n283_6Db1q_1,3046,,gutim,283,
283,1573.6986,1.8824,144,29,2,3046,,F1,,,,,,,,n283_6F1q_1,3046,,gutim,283,
283,1573.6986,1.8824,144,38,2,3046,,D2,,,,,,,,n283_6D2q_1,3046,,gutim,283,
283,1573.6986,1.8824,144,45,2,3046,,A2,,,,,,,,n283_6A2q_1,3046,,gutim,283,
283,1574.4829,0.4706,144,65,8,3047,,F4,,,,,,,,n283_1F4e,3047,,gutim,283,
283,1574.4829,0.4706,144,85,8,3047,,C#6,,,,,,,,n283_1Cs6e,3047,,gutim,283,
283,1574.4829,0.1397,144,54,8,3047,,F#3,,,,,,,,n283_5Fs3t,3047,,gutim,283,
283,1574.6299,0.4191,144,43,8,3048,,G2,,,,,,,,n283_5G2s,3048,,gutim,283,
283,1576.0515,0.1569,144,23,8,3049,,B0,,,,,,,,n283_6B0e_1,3049,,gutim,283,
283,1576.0515,0.3137,144,25,8,3049,,Db1,,,,,,,,n283_6Db1e_1,3049,,gutim,283,
283,1576.0515,0.3137,144,29,8,3049,,F1,,,,,,,,n283_6F1e_1,3049,,gutim,283,
283,1576.0515,0.3137,144,38,14,3049,,D2,,,,,,,,n283_6D2e_1,3049,,gutim,283,
283,1576.0515,0.3137,144,45,14,3049,,A2,,,,,,,,n283_6A2e_1,3049,,gutim,283,
,,,,,,,7207,,,,,,,,,,,,gutim,,
,,,,,,,,,,,,,,,,,,285,,,
285,1587.4241,0.3137,144,93,14,3050,,A6,,,,,,,,n285_1A6e,3050,,gutim,285,
285,1587.4241,0.2353,144,44,14,3050,,G#2,,,,,,,,n285_5Gs2s_0,3050,,gutim,285,
285,1587.4241,0.2353,144,52,14,3050,,E3,,,,,,,,n285_5E3s_0,3050,,gutim,285,
285,1587.7182,0.1569,144,33,13,3051,,A1,,,,,,,,n285_5A1s,3051,,gutim,285,
285,1587.8162,0.6275,144,85,15,3052,,C#6,,,,,,,,n285_1Cs6q,3052,,gutim,285,
285,1587.8162,0.6275,144,93,15,3052,,A6,,,,,,,,n285_1A6q,3052,,gutim,285,
285,1587.9142,0.1569,144,62,17,3053,,D4,,,,,,,,n285_5D4s_0,3053,,gutim,285,
285,1588.1103,0.2353,144,44,20,3054,,G#2,,,,,,,,n285_5Gs2s_1,3054,,gutim,285,
285,1588.1103,0.2353,144,52,20,3054,,E3,,,,,,,,n285_5E3s_1,3054,,gutim,285,
285,1588.1103,0.2353,144,72,20,3054,,C5,,,,,,,,n285_5C5s,3054,,gutim,285,
285,1588.4044,0.1569,144,62,20,3055,,D4,,,,,,,,n285_5D4s_1,3055,,gutim,285,
285,1588.6005,0.9412,144,39,5,3056,,Eb2,,,,,,,,n285_5Eb2q,3056,,gutim,285,
285,1588.8625,0.1237,144,76,11,3057,,E5,,,,,,,,n285_1E5t,3057,,gutim,285,
285,1588.9927,0.1237,144,57,14,3058,,A3,,,,,,,,n285_1A3t_0,3058,,gutim,285,
285,1589.1229,0.1237,144,68,16,3059,,G#4,,,,,,,,n285_1Gs4t_0,3059,,gutim,285,
285,1589.2531,0.1237,144,57,19,3060,,A3,,,,,,,,n285_1A3t_1,3060,,gutim,285,
285,1589.3833,0.1042,144,57,22,3061,,A3,,,,,,,,n285_1A3t_2,3061,,gutim,285,
285,1589.3833,0.1042,144,68,22,3061,,G#4,,,,,,,,n285_1Gs4t_1,3061,,gutim,285,
285,1589.3833,0.1042,144,96,22,3061,,C7,,,,,,,,n285_1C7t,3061,,gutim,285,
285,1589.5135,0.2108,144,86,22,3062,,D6,,,,,,,,n285_1D6s,3062,,gutim,285,
,,,,,,,,,,,,,,,,,,286,,,
286,1589.777,0.1863,144,68,5,3063,,Ab4,,,,,,,,n286_1Ab4t_0,3063,,gutim,286,
286,1589.9731,0.1237,144,76,5,3064,,E5,,,,,,,,n286_1E5t,3064,,gutim,286,
286,1590.1033,0.1237,144,65,5,3065,,F4,,,,,,,,n286_1F4t_0,3065,,gutim,286,
286,1590.2335,0.1237,144,88,5,3066,,E6,,,,,,,,n286_1E6t_0,3066,,gutim,286,
286,1590.3637,0.1121,144,58,5,3067,,Bb3,,,,,,,,n286_1Bb3t_0,3067,,gutim,286,
286,1590.4817,0.1674,144,65,5,3068,,F4,,,,,,,,n286_1F4t_1,3068,,gutim,286,
286,1590.6578,0.1121,144,58,5,3069,,Bb3,,,,,,,,n286_1Bb3t_1,3069,,gutim,286,
286,1590.7758,0.1674,144,36,5,3070,,C2,,,,,,,,n286_1C2t,3070,,gutim,286,
286,1590.9519,0.1121,144,68,5,3071,,Ab4,,,,,,,,n286_1Ab4t_1,3071,,gutim,286,
286,1591.0699,0.1121,144,65,5,3072,,F4,,,,,,,,n286_1F4t_2,3072,,gutim,286,
286,1591.1878,0.3362,144,88,5,3073,,E6,,,,,,,,n286_1E6s,3073,,gutim,286,
286,1592.1299,0.9412,144,32,5,3074,,Ab1,,,,,,,,n286_5Ab1q,3074,,gutim,286,
286,1592.1299,0.9412,144,39,5,3074,,Eb2,,,,,,,,n286_5Eb2q,3074,,gutim,286,
286,1596.7608,0.0712,144,45,5,3075,,A2,g,,,,,,,ng286_1A2e,3075,,gutim,286,
286,1596.8358,0.2096,144,88,11,3076,,E6,,,,,,,,n286_1E6t_1,3076,,gutim,286,
286,1597.0564,0.2096,144,80,12,3077,,G#5,,,,,,,,n286_1Gs5t_0,3077,,gutim,286,
286,1597.277,0.1397,144,57,13,3078,,A3,,,,,,,,n286_1A3t,3078,,gutim,286,
286,1597.4241,0.1121,144,98,14,3079,,D7,,,,,,,,n286_1D7t_0,3079,,gutim,286,
286,1597.542,0.1121,144,108,15,3080,,C8,,,,,,,,n286_1C8t_0,3080,,gutim,286,
286,1597.66,0.1121,144,98,16,3081,,D7,,,,,,,,n286_1D7t_1,3081,,gutim,286,
286,1597.7779,0.1121,144,108,16,3082,,C8,,,,,,,,n286_1C8t_1,3082,,gutim,286,
286,1597.8959,0.1106,144,98,17,3083,,D7,,,,,,,,n286_1D7t_2,3083,,gutim,286,
286,1598.0123,0.2096,144,108,18,3084,,C8,,,,,,,,n286_1C8t_2,3084,,gutim,286,
286,1598.2329,0.2096,144,98,19,3085,,D7,,,,,,,,n286_1D7t_3,3085,,gutim,286,
286,1598.4535,0.1397,144,45,20,3086,,A2,,,,,,,,n286_1A2t,3086,,gutim,286,
286,1598.4535,0.1397,144,80,20,3086,,G#5,,,,,,,,n286_1Gs5t_1,3086,,gutim,286,
286,1598.4535,0.1397,144,88,20,3086,,E6,,,,,,,,n286_1E6t_2,3086,,gutim,286,
,,,,,,,,,,,,,,,,,,287,,,
287,1599.1888,0.4706,144,76,5,3087,,E5,,,,,,,,n287_1E5e,3087,,gutim,287,
287,1599.1888,0.4706,144,32,5,3087,,Ab1,,,,,,,,n287_5Ab1e,3087,,gutim,287,
287,1599.1888,0.4706,144,39,5,3087,,Eb2,,,,,,,,n287_5Eb2e,3087,,gutim,287,
287,1599.777,0.1176,144,24,5,3088,,C1,,,,,,,,n287_5C1t,3088,,gutim,287,
287,1599.9241,0.3529,144,57,5,3089,,A3,,,,,,,,n287_1A3s,3089,,gutim,287,
287,1599.9241,0.3529,144,64,5,3089,,E4,,,,,,,,n287_1E4s,3089,,gutim,287,
287,1599.9241,0.3529,144,32,5,3089,,Ab1,,,,,,,,n287_5Ab1s,3089,,gutim,287,
287,1599.9241,0.3529,144,39,5,3089,,Eb2,,,,,,,,n287_5Eb2s,3089,,gutim,287,
287,1600.3652,0.9412,144,65,22,3090,,F4,,,,,,,,n287_1F4q_0,3090,,gutim,287,
287,1601.5417,0.3725,144,91,5,3091,,G6,,,,,,,,n287_1G6s,3091,,gutim,287,
287,1601.9339,0.2489,144,76,5,3092,,E5,,,,,,,,n287_1E5s,3092,,gutim,287,
287,1602.1958,0.1237,144,84,5,3093,,C6,,,,,,,,n287_1C6t_0,3093,,gutim,287,
287,1602.326,0.1237,144,56,5,3094,,G#3,,,,,,,,n287_1Gs3t_0,3094,,gutim,287,
287,1602.4562,0.1237,144,84,5,3095,,C6,,,,,,,,n287_1C6t_1,3095,,gutim,287,
287,1602.5864,0.1237,144,56,5,3096,,G#3,,,,,,,,n287_1Gs3t_1,3096,,gutim,287,
287,1602.7166,0.2489,144,84,5,3097,,C6,,,,,,,,n287_1C6s,3097,,gutim,287,
287,1602.9786,0.1237,144,49,5,3098,,C#3,,,,,,,,n287_1Cs3t,3098,,gutim,287,
287,1602.9786,0.1237,144,56,5,3098,,G#3,,,,,,,,n287_1Gs3t_2,3098,,gutim,287,
287,1603.3064,0.1121,144,76,14,3099,,E5,,,,,,,,n287_5E5t,3099,,gutim,287,
287,1603.4244,0.1121,144,45,16,3100,,A2,,,,,,,,n287_5A2t_0,3100,,gutim,287,
287,1603.5423,0.1121,144,86,18,3101,,D6,,,,,,,,n287_5D6t_0,3101,,gutim,287,
287,1603.6603,0.1121,144,45,20,3102,,A2,,,,,,,,n287_5A2t_1,3102,,gutim,287,
287,1603.6603,0.1121,144,56,20,3102,,G#3,,,,,,,,n287_5Gs3t_0,3102,,gutim,287,
287,1603.7782,0.1106,144,86,22,3103,,D6,,,,,,,,n287_5D6t_1,3103,,gutim,287,
287,1603.7782,0.1106,144,96,22,3103,,C7,,,,,,,,n287_5C7t,3103,,gutim,287,
287,1603.8946,0.9412,144,45,22,3104,,A2,,,,,,,,n287_5A2q,3104,,gutim,287,
287,1603.8946,0.9412,144,56,22,3104,,G#3,,,,,,,,n287_5Gs3q,3104,,gutim,287,
287,1603.8946,0.9412,144,64,22,3104,,E4,,,,,,,,n287_5E4q_0,3104,,gutim,287,
287,1605.9535,1.1765,144,58,22,3105,,Bb3,,,,,,,,n287_1Bb3s,3105,,gutim,287,
287,1605.9535,1.1765,144,65,22,3105,,F4,,,,,,,,n287_1F4s,3105,,gutim,287,
287,1606.2476,1.4118,144,64,22,3106,,E4,,,,,,,,n287_5E4q_1,3106,,gutim,287,
287,1608.0123,0.0784,144,56,22,3107,,G#3,,,,,,,,n287_5Gs3t_1,3107,,gutim,287,
287,1608.0123,0.0784,144,64,22,3107,,E4,,,,,,,,n287_5E4t_0,3107,,gutim,287,
287,1608.1103,0.7059,144,33,22,3108,,A1,,,,,,,,n287_5A1t,3108,,gutim,287,
287,1608.1103,0.0784,144,56,22,3108,,G#3,,,,,,,,n287_5Gs3t_2,3108,,gutim,287,
287,1608.1103,0.0784,144,64,22,3108,,E4,,,,,,,,n287_5E4t_1,3108,,gutim,287,
,,,,,,,,,,,,,,,,,,288,,,
288,1608.6005,0.3137,144,58,20,3109,,Bb3,,,,,,,,n288_1Bb3e,3109,,gutim,288,
288,1608.6005,0.3137,144,65,20,3109,,F4,,,,,,,,n288_1F4e,3109,,gutim,288,
288,1608.9927,0.0784,144,96,20,3110,,C7,,,,,,,,n288_1C7t,3110,,gutim,288,
288,1608.9927,0.1569,144,33,20,3110,,A1,,,,,,,,n288_5A1s,3110,,gutim,288,
288,1609.0907,0.0784,144,74,20,3111,,D5,,,,,,,,n288_1D5t,3111,,gutim,288,
288,1609.0927,0.06,144,21,17,3112,,A0,g,,,,,,,ng288_5A0e,3112,,gutim,288,
288,1609.1677,0.06,144,62,16,3113,,D4,g,,,,,,,ng288_5D4e,3113,,gutim,288,
288,1609.2427,0.1863,144,40,14,3114,,E2,,,,,,,,n288_5E2s,3114,,gutim,288,
288,1609.4388,0.1863,144,21,11,3115,,A0,,,,,,,,n288_5A0s_0,3115,,gutim,288,
288,1609.4388,0.1863,144,32,11,3115,,G#1,,,,,,,,n288_5Gs1s_0,3115,,gutim,288,
288,1609.6348,3.9216,144,62,8,3116,,D4,,,,,,,,n288_1D4s,3116,,gutim,288,
288,1609.6348,3.9216,144,72,8,3116,,C5,,,,,,,,n288_1C5s,3116,,gutim,288,
288,1609.6348,3.9216,144,21,8,3116,,A0,,,,,,,,n288_5A0s_1,3116,,gutim,288,
288,1609.6348,3.9216,144,32,8,3116,,G#1,,,,,,,,n288_5Gs1s_1,3116,,gutim,288,
,,,,,,,7211,,,,,,,,,,,,gutim,,
288,1614.4618,0.0712,144,79,8,3117,,G5,g,,,,,,,ng288_1G5e,3117,,gutim,288,
288,1614.5368,2.2353,144,72,8,3118,,C5,,,,,,,,n288_1C5h,3118,,gutim,288,
288,1614.5368,0.7451,144,41,5,3118,,F2,,,,,,,,n288_5F2q,3118,,gutim,288,
288,1615.3211,0.9314,144,41,5,3119,,F2,,,,,,,,n288_5F2e_0,3119,,gutim,288,
288,1615.3211,0.9314,144,49,5,3119,,Db3,,,,,,,,n288_5Db3e_0,3119,,gutim,288,
288,1616.3015,0.5588,144,37,8,3120,,Db2,,,,,,,,n288_5Db2e,3120,,gutim,288,
,,,,,,,,,,,,,,,,,,289,,,
289,1620.8113,0.1569,144,70,22,3121,,Bb4,,,,,,,,n289_1Bb4s,3121,,gutim,289,
289,1620.8113,0.1569,144,42,22,3121,,F#2,,,,,,,,n289_5Fs2s,3121,,gutim,289,
289,1620.8113,0.1569,144,55,22,3121,,G3,,,,,,,,n289_5G3s,3121,,gutim,289,
289,1620.9324,0.06,144,79,8,3122,,G5,g,,,,,,,ng289_1G5e,3122,,gutim,289,
289,1621.0074,0.2794,144,52,8,3123,,E3,,,,,,,,n289_5E3s,3123,,gutim,289,
289,1621.3015,0.0931,144,44,8,3124,,G#2,,,,,,,,n289_5Gs2t,3124,,gutim,289,
289,1621.3995,0.1569,144,88,14,3125,,E6,,,,,,,,n289_1E6s,3125,,gutim,289,
289,1621.3995,0.1569,144,48,14,3125,,C3,,,,,,,,n289_5C3s,3125,,gutim,289,
,,,,,,,,,,,,,,,,,,290,,,
290,1621.5956,0.2353,144,77,14,3126,,F5,,,,,,,,n290_1F5s,3126,,gutim,290,
290,1621.5956,0.2353,144,88,14,3126,,E6,,,,,,,,n290_1E6s,3126,,gutim,290,
290,1621.5956,0.1176,144,58,14,3126,,Bb3,,,,,,,,n290_5Bb3t_0,3126,,gutim,290,
290,1621.7427,0.1176,144,40,14,3127,,E2,,,,,,,,n290_5E2t,3127,,gutim,290,
290,1621.8897,0.2353,144,85,14,3128,,C#6,,,,,,,,n290_1Cs6s,3128,,gutim,290,
290,1621.8897,0.2353,144,93,14,3128,,A6,,,,,,,,n290_1A6s,3128,,gutim,290,
290,1621.8897,0.1176,144,52,14,3128,,E3,,,,,,,,n290_5E3t,3128,,gutim,290,
290,1621.8897,0.1176,144,58,14,3128,,Bb3,,,,,,,,n290_5Bb3t_1,3128,,gutim,290,
290,1622.0368,0.1176,144,65,14,3129,,F4,,,,,,,,n290_5F4t,3129,,gutim,290,
290,1622.576,0.1569,144,70,14,3130,,Bb4,,,,,,,,n290_1Bb4s,3130,,gutim,290,
290,1622.7721,0.3137,144,58,24,3131,,Bb3,,,,,,,,n290_1Bb3e_0,3131,,gutim,290,
290,1622.7721,0.3137,144,65,24,3131,,F4,,,,,,,,n290_1F4e_0,3131,,gutim,290,
290,1622.7721,0.3137,144,36,24,3131,,C2,,,,,,,,n290_5C2e_0,3131,,gutim,290,
290,1623.1642,0.4706,144,70,24,3132,,Bb4,,,,,,,,n290_1Bb4e_0,3132,,gutim,290,
290,1623.1642,0.4706,144,42,24,3132,,F#2,,,,,,,,n290_5Fs2e_0,3132,,gutim,290,
290,1623.1642,0.4706,144,55,24,3132,,G3,,,,,,,,n290_5G3e,3132,,gutim,290,
290,1623.7525,0.049,144,58,24,3133,,Bb3,,,,,,,,n290_1Bb3t,3133,,gutim,290,
290,1623.7525,0.0784,144,65,24,3133,,F4,,,,,,,,n290_1F4t,3133,,gutim,290,
290,1623.7525,0.049,144,36,24,3133,,C2,,,,,,,,n290_5C2t,3133,,gutim,290,
290,1623.9486,0.4179,144,58,20,3134,,Bb3,,,,,,,,n290_1Bb3e_1,3134,,gutim,290,
290,1623.9486,0.4179,144,65,20,3134,,F4,,,,,,,,n290_1F4e_1,3134,,gutim,290,
290,1623.9486,0.4179,144,70,20,3134,,Bb4,,,,,,,,n290_1Bb4e_1,3134,,gutim,290,
290,1623.9486,0.4706,144,36,20,3134,,C2,,,,,,,,n290_5C2e_1,3134,,gutim,290,
290,1623.9486,0.4706,144,42,20,3134,,F#2,,,,,,,,n290_5Fs2e_1,3134,,gutim,290,
290,1624.6011,0.1237,144,89,8,3135,,F6,,,,,,,,n290_1F6t_0,3135,,gutim,290,
290,1624.7313,0.1237,144,68,11,3136,,Ab4,,,,,,,,n290_1Ab4t,3136,,gutim,290,
290,1624.8616,0.1237,144,82,11,3137,,Bb5,,,,,,,,n290_1Bb5t_0,3137,,gutim,290,
290,1624.9918,0.1237,144,72,8,3138,,C5,,,,,,,,n290_1C5t_0,3138,,gutim,290,
290,1625.122,0.1237,144,56,8,3139,,Ab3,,,,,,,,n290_1Ab3t_0,3139,,gutim,290,
290,1625.125,0.6275,144,44,8,3140,,Ab2,,,,,,,,n290_5Ab2q,3140,,gutim,290,
290,1625.125,0.6275,144,52,8,3140,,E3,,,,,,,,n290_5E3q,3140,,gutim,290,
290,1625.2522,0.1237,144,82,8,3141,,Bb5,,,,,,,,n290_1Bb5t_1,3141,,gutim,290,
290,1625.3824,0.1237,144,72,8,3142,,C5,,,,,,,,n290_1C5t_1,3142,,gutim,290,
290,1625.5126,0.1863,144,56,8,3143,,Ab3,,,,,,,,n290_1Ab3t_1,3143,,gutim,290,
290,1625.7087,0.1863,144,60,8,3144,,C4,,,,,,,,n290_1C4t,3144,,gutim,290,
290,1625.9048,0.1042,144,77,8,3145,,F5,,,,,,,,n290_1F5t,3145,,gutim,290,
290,1625.9093,0.3137,144,72,11,3146,,C5,,,,,,,,n290_5C5e,3146,,gutim,290,
290,1625.9093,0.3137,144,79,11,3146,,G5,,,,,,,,n290_5G5e,3146,,gutim,290,
290,1626.035,0.1042,144,44,8,3147,,Ab2,,,,,,,,n290_1Ab2t_0,3147,,gutim,290,
290,1626.1652,0.1237,144,82,8,3148,,Bb5,,,,,,,,n290_1Bb5t_2,3148,,gutim,290,
290,1626.2954,0.1863,144,89,8,3149,,F6,,,,,,,,n290_1F6t_1,3149,,gutim,290,
290,1626.3015,0.4179,144,44,11,3150,,G#2,,,,,,,,n290_5Gs2e,3150,,gutim,290,
290,1626.3015,0.4179,144,52,11,3150,,E3,,,,,,,,n290_5E3e,3150,,gutim,290,
290,1626.4915,0.1237,144,82,8,3151,,Bb5,,,,,,,,n290_1Bb5t_3,3151,,gutim,290,
290,1626.6217,0.1237,144,44,8,3152,,Ab2,,,,,,,,n290_1Ab2t_1,3152,,gutim,290,
290,1626.7519,0.1237,144,82,8,3153,,Bb5,,,,,,,,n290_1Bb5t_4,3153,,gutim,290,
290,1626.8821,0.1237,144,48,8,3154,,C3,,,,,,,,n290_1C3t,3154,,gutim,290,
290,1627.0123,0.1237,144,100,8,3155,,E7,,,,,,,,n290_1E7t_0,3155,,gutim,290,
290,1627.1425,0.1863,144,82,8,3156,,Bb5,,,,,,,,n290_1Bb5t_5,3156,,gutim,290,
290,1627.3386,0.1324,144,100,8,3157,,E7,,,,,,,,n290_1E7t_1,3157,,gutim,290,
290,1627.3462,0.1054,144,37,11,3158,,C#2,,,,,,,,n290_5Cs2t,3158,,gutim,290,
290,1627.3462,0.1054,144,44,11,3158,,G#2,,,,,,,,n290_5Gs2t,3158,,gutim,290,
,,,,,,,,,,,,,,,,,,291,,,
291,1627.478,0.06,144,76,24,3159,,E5,g,,,,,,,ng291_5E5e,3159,,gutim,291,
291,1627.553,0.2353,144,58,24,3160,,Bb3,,,,,,,,n291_1Bb3s,3160,,gutim,291,
291,1627.553,0.2353,144,35,24,3160,,B1,,,,,,,,n291_5B1s,3160,,gutim,291,
291,1627.553,0.2353,144,38,24,3160,,D2,,,,,,,,n291_5D2s,3160,,gutim,291,
291,1627.8471,0.3137,144,58,14,3161,,Bb3,,,,,,,,n291_1Bb3e,3161,,gutim,291,
291,1627.8471,0.3137,144,30,24,3161,,F#1,,,,,,,,n291_5Fs1e,3161,,gutim,291,
291,1627.8471,0.3137,144,35,24,3161,,B1,,,,,,,,n291_5B1e,3161,,gutim,291,
291,1627.8471,0.3137,144,38,24,3161,,D2,,,,,,,,n291_5D2e,3161,,gutim,291,
,,,,,,,7215,,,,,,,,,,,,gutim,,
,,,,,,,,,,,,,,,,,,292,,,
292,1634.5368,0.06,144,93,17,3162,,A6,g,,,,,,,ng292_1A6e,3162,,gutim,292,
292,1634.5383,0.06,144,96,8,3163,,C7,g,,,,,,,ng292_5C7e_0,3163,,gutim,292,
292,1634.6118,1.8824,144,63,14,3164,,Eb4,,,,,,,,n292_1Eb4h,3164,,gutim,292,
292,1634.6118,0.1121,144,91,14,3164,,G6,,,,,,,,n292_2G6t_0,3164,,gutim,292,
292,1634.6133,0.3187,144,100,8,3165,,E7,,,,,,,,n292_5E7s,3165,,gutim,292,
292,1634.7298,0.1121,144,95,8,3166,,B6,,,,,,,,n292_2B6t_0,3166,,gutim,292,
292,1634.8477,0.1121,144,91,8,3167,,G6,,,,,,,,n292_2G6t_1,3167,,gutim,292,
292,1634.9488,0.3187,144,56,8,3168,,Ab3,,,,,,,,n292_5Ab3s_0,3168,,gutim,292,
292,1634.9657,0.1121,144,95,8,3169,,B6,,,,,,,,n292_2B6t_1,3169,,gutim,292,
292,1635.0836,0.1121,144,91,8,3170,,G6,,,,,,,,n292_2G6t_2,3170,,gutim,292,
292,1635.2016,0.1674,144,95,8,3171,,B6,,,,,,,,n292_2B6t_2,3171,,gutim,292,
292,1635.2843,0.4802,144,62,8,3172,,D4,,,,,,,,n292_5D4s,3172,,gutim,292,
292,1635.3777,0.1674,144,91,8,3173,,G6,,,,,,,,n292_2G6t_3,3173,,gutim,292,
292,1635.5539,0.1121,144,95,8,3174,,B6,,,,,,,,n292_2B6t_3,3174,,gutim,292,
292,1635.6718,0.1121,144,105,8,3175,,A7,,,,,,,,n292_2A7t_0,3175,,gutim,292,
292,1635.7148,0.0712,144,96,9,3176,,C7,g,,,,,,,ng292_5C7e_1,3176,,gutim,292,
292,1635.7898,0.0931,144,72,8,3177,,C5,,,,,,,,n292_2C5t_0,3177,,gutim,292,
292,1635.7898,0.1397,144,100,9,3177,,E7,,,,,,,,n292_5E7t,3177,,gutim,292,
292,1635.8878,0.0931,144,95,8,3178,,B6,,,,,,,,n292_2B6t_4,3178,,gutim,292,
292,1635.9369,0.1397,144,56,9,3179,,Ab3,,,,,,,,n292_5Ab3t_0,3179,,gutim,292,
292,1635.9859,0.0931,144,84,8,3180,,C6,,,,,,,,n292_2C6t_0,3180,,gutim,292,
292,1636.0839,0.1397,144,95,8,3181,,B6,,,,,,,,n292_2B6t_5,3181,,gutim,292,
292,1636.0839,0.1397,144,62,9,3181,,D4,,,,,,,,n292_5D4t,3181,,gutim,292,
292,1636.231,0.1397,144,84,8,3182,,C6,,,,,,,,n292_2C6t_1,3182,,gutim,292,
292,1636.231,0.1397,144,61,9,3182,,Db4,,,,,,,,n292_5Db4t,3182,,gutim,292,
292,1636.378,0.1863,144,95,8,3183,,B6,,,,,,,,n292_2B6t_6,3183,,gutim,292,
292,1636.5741,0.1237,144,84,8,3184,,C6,,,,,,,,n292_2C6t_2,3184,,gutim,292,
292,1636.7043,0.1237,144,99,8,3185,,Eb7,,,,,,,,n292_2Eb7t_0,3185,,gutim,292,
292,1636.8345,0.1237,144,105,8,3186,,A7,,,,,,,,n292_2A7t_1,3186,,gutim,292,
292,1636.9647,0.1237,144,72,8,3187,,C5,,,,,,,,n292_2C5t_1,3187,,gutim,292,
292,1636.9663,0.538,144,96,10,3187,,C7,,,,,,,,n292_5C7e,3187,,gutim,292,
292,1637.0949,0.1237,144,99,8,3188,,Eb7,,,,,,,,n292_2Eb7t_1,3188,,gutim,292,
292,1637.2252,0.1863,144,105,8,3189,,A7,,,,,,,,n292_2A7t_2,3189,,gutim,292,
292,1637.4212,0.1237,144,99,8,3190,,Eb7,,,,,,,,n292_2Eb7t_2,3190,,gutim,292,
292,1637.5514,0.1863,144,105,8,3191,,A7,,,,,,,,n292_2A7s,3191,,gutim,292,
292,1637.6388,0.538,144,56,11,3192,,Ab3,,,,,,,,n292_5Ab3s_1,3192,,gutim,292,
292,1637.7475,0.1042,144,85,8,3193,,Db6,,,,,,,,n292_1Db6t,3193,,gutim,292,
292,1637.7506,0.3725,144,99,8,3193,,Eb7,,,,,,,,n292_2Eb7e,3193,,gutim,292,
292,1637.8808,0.1237,144,41,14,3194,,F2,,,,,,,,n292_1F2t,3194,,gutim,292,
292,1638.011,0.1252,144,54,14,3195,,Gb3,,,,,,,,n292_1Gb3t,3195,,gutim,292,
292,1638.3112,0.2022,144,96,14,3196,,C7,,,,,,,,n292_5C7t,3196,,gutim,292,
292,1638.564,0.2022,144,56,12,3197,,Ab3,,,,,,,,n292_5Ab3t_2,3197,,gutim,292,
292,1638.8168,0.2022,144,74,12,3198,,D5,,,,,,,,n292_5D5t,3198,,gutim,292,
292,1639.0695,0.1998,144,73,12,3199,,Db5,,,,,,,,n292_5Db5t,3199,,gutim,292,
,,,,,,,,,,,,,,,,,,293,,,
293,1639.3177,0.0712,144,79,11,3200,,G5,g,,,,,,,ng293_1G5e,3200,,gutim,293,
293,1639.3177,0.0712,144,62,11,3200,,D4,g,,,,,,,ng293_5D4e,3200,,gutim,293,
293,1639.3927,0.0712,144,72,11,3201,,C5,g,,,,,,,ng293_1C5e,3201,,gutim,293,
293,1639.3927,0.0712,144,72,11,3201,,C5,g,,,,,,,ng293_5C5e,3201,,gutim,293,
293,1639.4677,0.0712,144,83,11,3202,,B5,g,,,,,,,ng293_1B5e,3202,,gutim,293,
293,1639.4677,0.0712,144,61,11,3202,,C#4,g,,,,,,,ng293_5Cs4e,3202,,gutim,293,
293,1639.5427,1.6765,144,93,11,3203,,A6,,,,,,,,n293_1A6q_0,3203,,gutim,293,
293,1639.5427,1.6765,144,76,11,3203,,E5,,,,,,,,n293_5E5q,3203,,gutim,293,
,,,,,,,7216,,,,,,,,,,,,gutim,,
293,1641.3074,0.0931,144,79,14,3204,,G5,,,,,,,,n293_1G5t_0,3204,,gutim,293,
293,1641.4054,0.0931,144,72,14,3205,,C5,,,,,,,,n293_1C5t_0,3205,,gutim,293,
293,1641.5035,0.0931,144,79,14,3206,,G5,,,,,,,,n293_1G5t_1,3206,,gutim,293,
293,1641.5693,0.0626,144,62,11,3207,,D4,,,,,,,,n293_5D4t_0,3207,,gutim,293,
293,1641.6015,0.0931,144,83,14,3208,,B5,,,,,,,,n293_1B5t_0,3208,,gutim,293,
293,1641.6352,0.0626,144,72,12,3209,,C5,,,,,,,,n293_5C5t,3209,,gutim,293,
293,1641.6995,0.0931,144,72,15,3210,,C5,,,,,,,,n293_1C5t_1,3210,,gutim,293,
293,1641.7011,0.0626,144,62,12,3210,,D4,,,,,,,,n293_5D4t_1,3210,,gutim,293,
293,1641.7669,0.0626,144,61,13,3211,,C#4,,,,,,,,n293_5Cs4t,3211,,gutim,293,
293,1641.7976,0.0931,144,83,15,3212,,B5,,,,,,,,n293_1B5t_1,3212,,gutim,293,
293,1641.8328,0.0626,144,62,13,3213,,D4,,,,,,,,n293_5D4t_2,3213,,gutim,293,
293,1641.8956,1.6765,144,93,17,3214,,A6,,,,,,,,n293_1A6q_1,3214,,gutim,293,
293,1641.8987,0.3725,144,88,14,3215,,E6,,,,,,,,n293_5E6e,3215,,gutim,293,
293,1642.2908,0.4706,144,56,14,3216,,G#3,,,,,,,,n293_5Gs3e,3216,,gutim,293,
293,1642.8791,0.1569,144,85,20,3217,,C#6,,,,,,,,n293_5Cs6s,3217,,gutim,293,
293,1643.0752,0.1569,144,41,17,3218,,F2,,,,,,,,n293_5F2s_0,3218,,gutim,293,
293,1643.2712,0.0784,144,54,14,3219,,Gb3,,,,,,,,n293_5Gb3t_0,3219,,gutim,293,
293,1643.3693,0.1569,144,41,12,3220,,F2,,,,,,,,n293_5F2s_1,3220,,gutim,293,
293,1643.5654,0.0784,144,54,10,3221,,Gb3,,,,,,,,n293_5Gb3t_1,3221,,gutim,293,
293,1643.6603,0.1863,144,87,17,3222,,D#6,,,,,,,,n293_1Ds6s_0,3222,,gutim,293,
293,1643.6634,0.1569,144,41,8,3223,,F2,,,,,,,,n293_5F2s_2,3223,,gutim,293,
293,1643.8564,0.1863,144,93,17,3224,,A6,,,,,,,,n293_1A6s,3224,,gutim,293,
293,1644.0525,0.1863,144,87,17,3225,,D#6,,,,,,,,n293_1Ds6s_1,3225,,gutim,293,
293,1644.1525,0.06,144,104,5,3226,,G#7,g,,,,,,,ng293_1Gs7e,3226,,gutim,293,
293,1644.2275,0.06,144,76,5,3227,,E5,g,,,,,,,ng293_1E5e,3227,,gutim,293,
293,1644.2275,0.06,144,81,5,3227,,A5,g,,,,,,,ng293_1A5e,3227,,gutim,293,
293,1644.3025,0.06,144,89,5,3228,,F6,g,,,,,,,ng293_1F6e,3228,,gutim,293,
293,1644.3025,0.06,144,99,5,3228,,D#7,g,,,,,,,ng293_1Ds7e,3228,,gutim,293,
293,1644.3775,0.2353,144,67,5,3229,,G4,,,,,,,,n293_1G4s,3229,,gutim,293,
293,1644.3775,0.2353,144,95,5,3229,,B6,,,,,,,,n293_1B6s,3229,,gutim,293,
293,1644.3775,0.2353,144,105,24,3229,,A7,,,,,,,,n293_1A7s,3229,,gutim,293,
293,1644.3805,0.3725,144,72,17,3230,,C5,,,,,,,,n293_5C5e,3230,,gutim,293,
293,1644.6716,0.2353,144,91,5,3231,,G6,,,,,,,,n293_1G6s,3231,,gutim,293,
293,1644.7727,0.3725,144,50,17,3232,,D3,,,,,,,,n293_5D3e,3232,,gutim,293,
293,1645.1649,0.1121,144,76,18,3233,,E5,,,,,,,,n293_5E5t,3233,,gutim,293,
293,1645.2828,0.1121,144,49,19,3234,,C#3,,,,,,,,n293_5Cs3t_0,3234,,gutim,293,
293,1645.4008,0.0742,144,44,19,3235,,G#2,,,,,,,,n293_5Gs2t,3235,,gutim,293,
293,1645.4789,0.0713,144,49,19,3236,,C#3,,,,,,,,n293_5Cs3t_1,3236,,gutim,293,
,,,,,,,,,,,,,,,,,,294,,,
294,1645.554,0.1237,144,87,20,3237,,D#6,,,,,,,,n294_1Ds6t_0,3237,,gutim,294,
294,1645.6842,0.1237,144,96,20,3238,,C7,,,,,,,,n294_1C7t,3238,,gutim,294,
294,1645.8144,0.1237,144,87,21,3239,,D#6,,,,,,,,n294_1Ds6t_1,3239,,gutim,294,
294,1645.9446,0.7466,144,100,21,3240,,E7,,,,,,,,n294_1E7e,3240,,gutim,294,
294,1646.7304,0.8235,144,84,24,3241,,C6,,,,,,,,n294_1C6e,3241,,gutim,294,
294,1646.7304,0.8235,144,97,24,3241,,Db7,,,,,,,,n294_1Db7e,3241,,gutim,294,
294,1646.7304,0.1176,144,52,24,3241,,E3,,,,,,,,n294_5E3t,3241,,gutim,294,
294,1646.7304,0.1176,144,58,24,3241,,Bb3,,,,,,,,n294_5Bb3t,3241,,gutim,294,
294,1646.8775,0.3529,144,32,24,3242,,Ab1,,,,,,,,n294_5Ab1s_0,3242,,gutim,294,
294,1647.3187,0.3529,144,32,24,3243,,Ab1,,,,,,,,n294_5Ab1s_1,3243,,gutim,294,
294,1647.3187,0.3529,144,52,24,3243,,E3,,,,,,,,n294_5E3s,3243,,gutim,294,
294,1647.3187,0.3529,144,58,24,3243,,Bb3,,,,,,,,n294_5Bb3s_0,3243,,gutim,294,
294,1647.7598,0.1176,144,84,24,3244,,C6,,,,,,,,n294_1C6t_0,3244,,gutim,294,
294,1647.7598,0.1176,144,97,24,3244,,Db7,,,,,,,,n294_1Db7t_0,3244,,gutim,294,
294,1647.7598,0.1176,144,32,24,3244,,Ab1,,,,,,,,n294_5Ab1t_0,3244,,gutim,294,
294,1647.7598,0.1176,144,40,24,3244,,E2,,,,,,,,n294_5E2t_0,3244,,gutim,294,
294,1647.9069,0.1176,144,84,23,3245,,C6,,,,,,,,n294_1C6t_1,3245,,gutim,294,
294,1647.9069,0.1176,144,97,23,3245,,Db7,,,,,,,,n294_1Db7t_1,3245,,gutim,294,
294,1647.9069,0.1176,144,32,23,3245,,Ab1,,,,,,,,n294_5Ab1t_1,3245,,gutim,294,
294,1647.9069,0.1176,144,40,23,3245,,E2,,,,,,,,n294_5E2t_1,3245,,gutim,294,
294,1648.054,0.3529,144,72,22,3246,,C5,,,,,,,,n294_1C5s_0,3246,,gutim,294,
294,1648.054,0.3529,144,58,22,3246,,Bb3,,,,,,,,n294_5Bb3s_1,3246,,gutim,294,
294,1648.4951,0.2353,144,58,18,3247,,Bb3,,,,,,,,n294_1Bb3s,3247,,gutim,294,
294,1648.4951,0.2353,144,72,18,3247,,C5,,,,,,,,n294_1C5s_1,3247,,gutim,294,
294,1648.4951,0.5882,144,32,18,3247,,Ab1,,,,,,,,n294_5Ab1e,3247,,gutim,294,
294,1648.4951,0.5882,144,40,18,3247,,E2,,,,,,,,n294_5E2e,3247,,gutim,294,
294,1648.7892,0.3529,144,72,16,3248,,C5,,,,,,,,n294_1C5s_2,3248,,gutim,294,
294,1648.7892,0.3529,144,85,16,3248,,Db6,,,,,,,,n294_1Db6s_0,3248,,gutim,294,
294,1649.2304,0.3529,144,72,13,3249,,C5,,,,,,,,n294_1C5s_3,3249,,gutim,294,
294,1649.2304,0.3529,144,85,13,3249,,Db6,,,,,,,,n294_1Db6s_1,3249,,gutim,294,
294,1649.2304,0.1176,144,32,13,3249,,Ab1,,,,,,,,n294_5Ab1t_3,3249,,gutim,294,
294,1649.2304,0.1176,144,40,13,3249,,E2,,,,,,,,n294_5E2t_3,3249,,gutim,294,
294,1649.3775,0.2353,144,32,11,3250,,Ab1,,,,,,,,n294_5Ab1s_2,3250,,gutim,294,
294,1649.3775,0.2353,144,40,11,3250,,E2,,,,,,,,n294_5E2s_0,3250,,gutim,294,
294,1649.3775,0.2353,144,46,11,3250,,Bb2,,,,,,,,n294_5Bb2s_0,3250,,gutim,294,
294,1649.6716,0.1176,144,60,9,3251,,C4,,,,,,,,n294_1C4t,3251,,gutim,294,
294,1649.6716,0.1176,144,73,9,3251,,Db5,,,,,,,,n294_1Db5t,3251,,gutim,294,
294,1649.6716,0.1176,144,32,9,3251,,Ab1,,,,,,,,n294_5Ab1t_4,3251,,gutim,294,
294,1649.6716,0.1176,144,40,9,3251,,E2,,,,,,,,n294_5E2t_4,3251,,gutim,294,
294,1649.6716,0.1176,144,46,9,3251,,Bb2,,,,,,,,n294_5Bb2t,3251,,gutim,294,
294,1649.8187,0.3529,144,60,14,3252,,C4,,,,,,,,n294_1C4s,3252,,gutim,294,
294,1649.8187,0.3529,144,73,14,3252,,Db5,,,,,,,,n294_1Db5s,3252,,gutim,294,
294,1649.8187,0.3529,144,32,8,3252,,Ab1,,,,,,,,n294_5Ab1s_3,3252,,gutim,294,
294,1649.8187,0.3529,144,40,14,3252,,E2,,,,,,,,n294_5E2s_1,3252,,gutim,294,
294,1649.8187,0.3529,144,46,14,3252,,Bb2,,,,,,,,n294_5Bb2s_1,3252,,gutim,294,
,,,,,,,7218,,,,,,,,,,,,gutim,,
,,,,,,,,,,,,,,,,,,295,,,
295,1653.9853,0.1569,144,105,22,3253,,A7,,,,,,,,n295_1A7s,3253,,gutim,295,
295,1654.1814,0.6275,144,105,22,3254,,A7,,,,,,,,n295_1A7q,3254,,gutim,295,
295,1654.1814,0.2512,144,29,22,3254,,F1,,,,,,,,n295_5F1e_0,3254,,gutim,295,
295,1654.6517,0.2512,144,29,22,3255,,F1,,,,,,,,n295_5F1e_1,3255,,gutim,295,
295,1654.9657,0.2512,144,29,22,3256,,F1,,,,,,,,n295_5F1e_2,3256,,gutim,295,
295,1654.9657,0.2512,144,51,22,3256,,Eb3,,,,,,,,n295_5Eb3e_0,3256,,gutim,295,
295,1655.2798,0.3762,144,51,22,3257,,Eb3,,,,,,,,n295_5Eb3e_1,3257,,gutim,295,
295,1655.75,1.1176,144,85,22,3258,,Db6,,,,,,,,n295_1Db6e,3258,,gutim,295,
295,1655.75,0.0784,144,51,14,3258,,Eb3,,,,,,,,n295_5Eb3t,3258,,gutim,295,
295,1655.75,0.0784,144,56,14,3258,,Ab3,,,,,,,,n295_5Ab3t,3258,,gutim,295,
295,1655.8481,0.2353,144,51,15,3259,,Eb3,,,,,,,,n295_5Eb3s,3259,,gutim,295,
295,1655.8481,0.2353,144,56,15,3259,,Ab3,,,,,,,,n295_5Ab3s,3259,,gutim,295,
295,1655.8481,0.2353,144,61,15,3259,,Db4,,,,,,,,n295_5Db4s,3259,,gutim,295,
295,1656.1422,0.3725,144,51,17,3260,,Eb3,,,,,,,,n295_5Eb3e_2,3260,,gutim,295,
295,1656.1422,0.3137,144,56,17,3260,,Ab3,,,,,,,,n295_5Ab3e,3260,,gutim,295,
295,1656.1422,0.3137,144,61,17,3260,,Db4,,,,,,,,n295_5Db4e,3260,,gutim,295,
295,1656.5343,0.3137,144,32,20,3261,,Ab1,,,,,,,,n295_5Ab1e,3261,,gutim,295,
295,1656.9265,0.1863,144,82,22,3262,,Bb5,,,,,,,,n295_1Bb5s,3262,,gutim,295,
295,1656.9265,0.1863,144,32,20,3262,,Ab1,,,,,,,,n295_5Ab1s,3262,,gutim,295,
295,1657.1226,0.1863,144,85,22,3263,,Db6,,,,,,,,n295_1Db6s,3263,,gutim,295,
295,1657.1226,0.1863,144,42,18,3263,,Gb2,,,,,,,,n295_5Gb2s,3263,,gutim,295,
295,1660.8481,0.0931,144,37,14,3264,,C#2,,,,,,,,n295_5Cs2t_0,3264,,gutim,295,
295,1660.9461,0.0931,144,57,14,3265,,A3,,,,,,,,n295_5A3t_0,3265,,gutim,295,
295,1661.0442,0.0931,144,50,14,3266,,D3,,,,,,,,n295_5D3t_0,3266,,gutim,295,
295,1661.1422,0.0931,144,37,14,3267,,C#2,,,,,,,,n295_5Cs2t_1,3267,,gutim,295,
295,1661.2402,0.0931,144,57,14,3268,,A3,,,,,,,,n295_5A3t_1,3268,,gutim,295,
295,1661.3383,0.0931,144,50,14,3269,,D3,,,,,,,,n295_5D3t_1,3269,,gutim,295,
295,1661.4363,0.0931,144,57,14,3270,,A3,,,,,,,,n295_5A3t_2,3270,,gutim,295,
295,1661.5343,0.3725,144,50,14,3271,,D3,,,,,,,,n295_5D3e,3271,,gutim,295,
295,1661.7304,0.1176,144,34,14,3272,,Bb1,,,,,,,,n295_1Bb1t_0,3272,,gutim,295,
295,1661.8775,0.1176,144,34,14,3273,,Bb1,,,,,,,,n295_1Bb1t_1,3273,,gutim,295,
295,1661.8775,0.1176,144,66,14,3273,,Gb4,,,,,,,,n295_1Gb4t,3273,,gutim,295,
,,,,,,,,,,,,,,,,,,296,,,
296,1662.0245,0.9412,144,75,14,3274,,Eb5,,,,,,,,n296_1Eb5q,3274,,gutim,296,
296,1662.0245,0.0944,144,72,14,3274,,C5,,,,,,,,n296_2C5t,3274,,gutim,296,
296,1662.0245,0.1176,144,34,14,3274,,Bb1,,,,,,,,n296_5Bb1t,3274,,gutim,296,
296,1662.0245,0.1176,144,66,14,3274,,Gb4,,,,,,,,n296_5Gb4t,3274,,gutim,296,
296,1662.2605,0.1121,144,61,14,3275,,Db4,,,,,,,,n296_2Db4t_0,3275,,gutim,296,
296,1662.3784,0.1121,144,70,14,3276,,Bb4,,,,,,,,n296_2Bb4t,3276,,gutim,296,
296,1662.4964,0.1121,144,61,14,3277,,Db4,,,,,,,,n296_2Db4t_1,3277,,gutim,296,
296,1662.6143,0.3347,144,52,14,3278,,E3,,,,,,,,n296_2E3s,3278,,gutim,296,
296,1662.6128,0.0931,144,57,14,3278,,A3,,,,,,,,n296_5A3t,3278,,gutim,296,
296,1662.7108,0.0931,144,50,14,3279,,D3,,,,,,,,n296_5D3t,3279,,gutim,296,
296,1662.8089,0.1863,144,41,14,3280,,F2,,,,,,,,n296_5F2s_0,3280,,gutim,296,
296,1662.9666,0.2227,144,44,14,3281,,G#2,,,,,,,,n296_2Gs2s,3281,,gutim,296,
296,1663.0049,0.1863,144,35,14,3282,,B1,,,,,,,,n296_5B1s,3282,,gutim,296,
296,1663.201,0.6275,144,35,14,3283,,B1,,,,,,,,n296_5B1q_0,3283,,gutim,296,
296,1663.201,0.6275,144,41,14,3283,,F2,,,,,,,,n296_5F2q_0,3283,,gutim,296,
296,1663.201,0.6275,144,50,14,3283,,D3,,,,,,,,n296_5D3q_0,3283,,gutim,296,
296,1663.201,0.6275,144,57,14,3283,,A3,,,,,,,,n296_5A3q_0,3283,,gutim,296,
296,1663.3481,0.1176,144,84,14,3284,,C6,,,,,,,,n296_1C6t,3284,,gutim,296,
296,1663.4951,0.2353,144,62,14,3285,,D4,,,,,,,,n296_1D4s,3285,,gutim,296,
296,1663.4951,0.2353,144,84,14,3285,,C6,,,,,,,,n296_1C6s,3285,,gutim,296,
296,1663.9853,0.9412,144,35,14,3286,,B1,,,,,,,,n296_5B1e,3286,,gutim,296,
296,1663.9853,0.9412,144,41,14,3286,,F2,,,,,,,,n296_5F2e_0,3286,,gutim,296,
296,1663.9853,0.9412,144,50,14,3286,,D3,,,,,,,,n296_5D3e_0,3286,,gutim,296,
296,1663.9853,0.9412,144,57,14,3286,,A3,,,,,,,,n296_5A3e,3286,,gutim,296,
296,1664.0512,0.0626,144,63,14,3287,,D#4,,,,,,,,n296_1Ds4x_0,3287,,gutim,296,
296,1664.1171,0.0626,144,59,14,3288,,B3,,,,,,,,n296_1B3x,3288,,gutim,296,
296,1664.1829,0.0626,144,68,14,3289,,G#4,,,,,,,,n296_1Gs4x_0,3289,,gutim,296,
296,1664.2488,0.0626,144,63,14,3290,,D#4,,,,,,,,n296_1Ds4x_1,3290,,gutim,296,
296,1664.3147,0.0626,144,68,14,3291,,G#4,,,,,,,,n296_1Gs4x_1,3291,,gutim,296,
296,1664.3805,0.0931,144,63,14,3292,,D#4,,,,,,,,n296_1Ds4t,3292,,gutim,296,
296,1664.4755,0.0931,144,68,14,3293,,G#4,,,,,,,,n296_1Gs4t,3293,,gutim,296,
296,1664.5736,0.0931,144,59,14,3294,,B3,,,,,,,,n296_1B3t,3294,,gutim,296,
296,1664.6716,0.0931,144,31,14,3295,,G1,,,,,,,,n296_1G1t_0,3295,,gutim,296,
296,1664.7696,0.1863,144,21,14,3296,,A0,,,,,,,,n296_1A0s_0,3296,,gutim,296,
296,1665.1618,0.3137,144,23,14,3297,,B0,,,,,,,,n296_5B0e,3297,,gutim,296,
296,1665.1618,0.3137,144,37,14,3297,,C#2,,,,,,,,n296_5Cs2e,3297,,gutim,296,
296,1665.1618,0.3137,144,41,14,3297,,F2,,,,,,,,n296_5F2e_1,3297,,gutim,296,
296,1665.1618,0.3137,144,50,14,3297,,D3,,,,,,,,n296_5D3e_1,3297,,gutim,296,
296,1665.2598,0.0931,144,31,14,3298,,G1,,,,,,,,n296_1G1t_1,3298,,gutim,296,
296,1665.3579,0.7451,144,21,14,3299,,A0,,,,,,,,n296_1A0s_1,3299,,gutim,296,
296,1665.9461,0.098,144,23,14,3300,,B0,,,,,,,,n296_5B0s,3300,,gutim,296,
296,1665.9461,0.1569,144,37,14,3300,,C#2,,,,,,,,n296_5Cs2s,3300,,gutim,296,
296,1665.9461,0.1569,144,41,14,3300,,F2,,,,,,,,n296_5F2s_1,3300,,gutim,296,
296,1665.9461,0.1569,144,50,14,3300,,D3,,,,,,,,n296_5D3s,3300,,gutim,296,
,,,,,,,7223,,,,,,,,,,,,gutim,,
,,,,,,,,,,,,,,,,,,297,,,
297,1675.75,0.0784,144,48,20,3301,,C3,,,,,,,,n297_1C3t_0,3301,,gutim,297,
297,1675.8481,0.0784,144,65,21,3302,,F4,,,,,,,,n297_1F4t,3302,,gutim,297,
297,1675.8481,0.0784,144,70,21,3302,,Bb4,,,,,,,,n297_1Bb4t,3302,,gutim,297,
297,1675.9461,0.0784,144,54,22,3303,,F#3,,,,,,,,n297_1Fs3t,3303,,gutim,297,
297,1675.9461,0.4706,144,50,20,3303,,D3,,,,,,,,n297_5D3s,3303,,gutim,297,
297,1676.0442,0.0784,144,48,23,3304,,C3,,,,,,,,n297_1C3t_1,3304,,gutim,297,
297,1676.0442,0.0784,144,56,23,3304,,Ab3,,,,,,,,n297_1Ab3t,3304,,gutim,297,
297,1676.0442,0.0784,144,76,23,3304,,E5,,,,,,,,n297_1E5t,3304,,gutim,297,
297,1676.0442,0.0784,144,82,23,3304,,Bb5,,,,,,,,n297_1Bb5t,3304,,gutim,297,
,,,,,,,,,,,,,,,,,,298,,,
298,1676.1422,4.7059,144,66,24,3305,,Gb4,,,,,,,,n298_1Gb4q,3305,,gutim,298,
298,1676.1422,4.7059,144,70,24,3305,,Bb4,,,,,,,,n298_1Bb4q,3305,,gutim,298,
298,1676.1422,4.7059,144,76,24,3305,,E5,,,,,,,,n298_1E5q,3305,,gutim,298,
298,1676.1422,4.7059,144,86,24,3305,,D6,,,,,,,,n298_1D6q,3305,,gutim,298,
298,1676.7304,0.4706,144,47,5,3306,,B2,,,,,,,,n298_5B2e,3306,,gutim,298,
298,1677.3187,0.0588,144,47,14,3307,,B2,,,,,,,,n298_5B2x,3307,,gutim,298,
298,1677.3922,0.5294,144,31,5,3308,,G1,,,,,,,,n298_5G1s,3308,,gutim,298,
298,1678.054,0.3529,144,68,14,3309,,Ab4,,,,,,,,n298_5Ab4s,3309,,gutim,298,
298,1678.054,1.2941,144,53,22,3309,,F3,,,,,,,,n298_6F3s_0,3309,,gutim,298,
298,1678.4951,0.2353,144,68,5,3310,,Ab4,,,,,,,,n298_2Ab4s,3310,,gutim,298,
298,1678.4951,0.4706,144,77,17,3310,,F5,,,,,,,,n298_2F5s_0,3310,,gutim,298,
298,1678.4951,0.4706,144,90,22,3310,,Gb6,,,,,,,,n298_2Gb6s_0,3310,,gutim,298,
298,1679.0834,0.2353,144,57,20,3311,,A3,,,,,,,,n298_2A3s,3311,,gutim,298,
298,1679.0834,0.2353,144,65,22,3311,,F4,,,,,,,,n298_2F4s,3311,,gutim,298,
298,1679.3775,0.1397,144,32,20,3312,,G#1,,,,,,,,n298_2Gs1s,3312,,gutim,298,
298,1679.3775,0.2353,144,35,5,3312,,B1,,,,,,,,n298_2B1s,3312,,gutim,298,
298,1679.6716,0.1569,144,102,22,3313,,F#7,,,,,,,,n298_2Fs7s,3313,,gutim,298,
298,1679.6716,0.2353,144,53,14,3313,,F3,,,,,,,,n298_6F3s_1,3313,,gutim,298,
298,1679.8677,0.1569,144,60,14,3314,,C4,,,,,,,,n298_2C4s,3314,,gutim,298,
298,1679.9657,0.7059,144,36,14,3315,,C2,,,,,,,,n298_6C2s,3315,,gutim,298,
298,1680.0638,0.1569,144,44,14,3316,,Ab2,,,,,,,,n298_2Ab2s,3316,,gutim,298,
298,1680.2598,0.4706,144,40,14,3317,,E2,,,,,,,,n298_6E2e,3317,,gutim,298,
298,1680.7731,0.06,144,45,14,3318,,A2,g,,,,,,,ng298_5A2e,3318,,gutim,298,
298,1680.8481,2.8235,144,54,14,3319,,F#3,,,,,,,,n298_5Fs3q,3319,,gutim,298,
,,,,,,,7224,,,,,,,,,,,,gutim,,
,,,,,,,,,,,,,,,,,,299,,,
299,1684.0834,0.0553,144,84,8,3320,,C6,,,,,,,,n299_1C6x_0,3320,,gutim,299,
299,1684.1416,0.0553,144,90,8,3321,,F#6,,,,,,,,n299_1Fs6x_0,3321,,gutim,299,
299,1684.1998,0.0553,144,100,8,3322,,E7,,,,,,,,n299_1E7x_0,3322,,gutim,299,
299,1684.258,0.0553,144,105,9,3323,,A7,,,,,,,,n299_1A7x_0,3323,,gutim,299,
299,1684.3162,0.0553,144,104,9,3324,,G#7,,,,,,,,n299_1Gs7x_0,3324,,gutim,299,
299,1684.3744,0.0844,144,90,9,3325,,F#6,,,,,,,,n299_1Fs6x_1,3325,,gutim,299,
299,1684.4633,0.0553,144,105,10,3326,,A7,,,,,,,,n299_1A7x_1,3326,,gutim,299,
299,1684.5215,0.0553,144,104,10,3327,,G#7,,,,,,,,n299_1Gs7x_1,3327,,gutim,299,
299,1684.5797,0.0844,144,100,10,3328,,E7,,,,,,,,n299_1E7x_1,3328,,gutim,299,
299,1684.6685,0.0626,144,104,10,3329,,G#7,,,,,,,,n299_1Gs7x_2,3329,,gutim,299,
299,1684.7344,0.0626,144,105,11,3330,,A7,,,,,,,,n299_1A7x_2,3330,,gutim,299,
299,1684.8003,0.0626,144,84,11,3331,,C6,,,,,,,,n299_1C6x_1,3331,,gutim,299,
299,1684.8661,0.1237,144,90,11,3332,,F#6,,,,,,,,n299_1Fs6t_0,3332,,gutim,299,
299,1684.9964,0.1237,144,105,12,3333,,A7,,,,,,,,n299_1A7t_0,3333,,gutim,299,
299,1685.1266,0.1237,144,84,12,3334,,C6,,,,,,,,n299_1C6t_0,3334,,gutim,299,
299,1685.1266,0.1237,144,90,12,3334,,F#6,,,,,,,,n299_1Fs6t_1,3334,,gutim,299,
299,1685.2568,0.0931,144,100,13,3335,,E7,,,,,,,,n299_1E7t_0,3335,,gutim,299,
299,1685.3548,0.0931,144,105,13,3336,,A7,,,,,,,,n299_1A7t_1,3336,,gutim,299,
299,1685.4529,0.0931,144,104,14,3337,,G#7,,,,,,,,n299_1Gs7t,3337,,gutim,299,
299,1685.5509,0.1121,144,84,14,3338,,C6,,,,,,,,n299_1C6t_1,3338,,gutim,299,
299,1685.6688,0.1121,144,100,14,3339,,E7,,,,,,,,n299_1E7t_1,3339,,gutim,299,
299,1685.7868,0.0553,144,104,14,3340,,G#7,,,,,,,,n299_1Gs7x_3,3340,,gutim,299,
299,1685.845,0.0931,144,90,8,3341,,F#6,,,,,,,,n299_1Fs6t_2,3341,,gutim,299,
299,1685.943,0.0931,144,68,10,3342,,G#4,,,,,,,,n299_1Gs4t,3342,,gutim,299,
299,1686.0411,0.0931,144,90,12,3343,,F#6,,,,,,,,n299_1Fs6t_3,3343,,gutim,299,
299,1686.1391,0.0931,144,72,14,3344,,C5,,,,,,,,n299_1C5t_0,3344,,gutim,299,
299,1686.2372,0.0931,144,81,16,3345,,A5,,,,,,,,n299_1A5t,3345,,gutim,299,
299,1686.3352,0.0931,144,72,14,3346,,C5,,,,,,,,n299_1C5t_1,3346,,gutim,299,
299,1686.4332,2.5176,144,64,14,3347,,E4,,,,,,,,n299_1E4s,3347,,gutim,299,
,,,,,,,,,,,,,,,,,,300,,,
300,1688.9334,0.0712,144,86,14,3348,,D6,g,,,,,,,ng300_5D6e,3348,,gutim,300,
,,,,,,,7227,,,,,,,,,,,,gutim,,
300,1689.0084,0.06,144,108,8,3349,,C8,g,,,,,,,ng300_1C8e,3349,,gutim,300,
300,1689.0084,0.0712,144,77,14,3349,,F5,g,,,,,,,ng300_5F5e,3349,,gutim,300,
300,1689.0834,0.2794,144,76,14,3350,,E5,,,,,,,,n300_1E5s,3350,,gutim,300,
300,1689.0834,1.1176,144,73,14,3350,,C#5,,,,,,,,n300_5Cs5q,3350,,gutim,300,
300,1689.3775,0.0931,144,108,10,3351,,C8,,,,,,,,n300_1C8t_0,3351,,gutim,300,
300,1689.4755,0.3725,144,76,10,3352,,E5,,,,,,,,n300_1E5e,3352,,gutim,300,
300,1689.8677,0.0931,144,68,12,3353,,G#4,,,,,,,,n300_1Gs4t,3353,,gutim,300,
300,1689.9657,0.0931,144,97,12,3354,,C#7,,,,,,,,n300_1Cs7t_0,3354,,gutim,300,
300,1690.0638,0.0931,144,108,13,3355,,C8,,,,,,,,n300_1C8t_1,3355,,gutim,300,
300,1690.1618,0.0931,144,97,13,3356,,C#7,,,,,,,,n300_1Cs7t_1,3356,,gutim,300,
300,1690.2598,0.2096,144,76,13,3357,,E5,,,,,,,,n300_1E5t,3357,,gutim,300,
300,1690.2598,0.9412,144,105,13,3357,,A7,,,,,,,,n300_5A7q,3357,,gutim,300,
300,1690.4804,0.0699,144,68,14,3358,,G#4,,,,,,,,n300_1Gs4x,3358,,gutim,300,
300,1690.554,0.0699,144,97,14,3359,,C#7,,,,,,,,n300_1Cs7x_0,3359,,gutim,300,
300,1690.6275,0.0699,144,106,15,3360,,Bb7,,,,,,,,n300_1Bb7x,3360,,gutim,300,
300,1690.701,0.0699,144,108,15,3361,,C8,,,,,,,,n300_1C8x,3361,,gutim,300,
300,1690.7745,0.0699,144,97,15,3362,,C#7,,,,,,,,n300_1Cs7x_1,3362,,gutim,300,
300,1690.8481,0.1397,144,108,16,3363,,C8,,,,,,,,n300_1C8t_2,3363,,gutim,300,
300,1690.9951,0.0699,144,97,16,3364,,C#7,,,,,,,,n300_1Cs7x_2,3364,,gutim,300,
300,1691.0687,0.1397,144,64,16,3365,,E4,,,,,,,,n300_1E4t,3365,,gutim,300,
300,1691.2113,0.06,144,61,14,3366,,Db4,g,,,,,,,ng300_5Db4e,3366,,gutim,300,
300,1691.2157,0.0699,144,56,17,3367,,G#3,,,,,,,,n300_1Gs3x,3367,,gutim,300,
300,1691.2863,0.06,144,84,14,3368,,C6,g,,,,,,,ng300_5C6e,3368,,gutim,300,
300,1691.2892,0.0699,144,85,17,3369,,C#6,,,,,,,,n300_1Cs6x,3369,,gutim,300,
300,1691.3613,0.06,144,82,14,3370,,Bb5,g,,,,,,,ng300_5Bb5e,3370,,gutim,300,
300,1691.3628,0.0699,144,94,17,3371,,A#6,,,,,,,,n300_1As6x,3371,,gutim,300,
300,1691.4628,0.0712,144,86,14,3372,,D6,g,,,,,,,ng300_1D6e,3372,,gutim,300,
300,1691.5378,0.0712,144,77,14,3373,,F5,g,,,,,,,ng300_1F5e,3373,,gutim,300,
300,1691.6128,0.8382,144,73,14,3374,,C#5,,,,,,,,n300_1Cs5e,3374,,gutim,300,
300,1691.6128,0.5588,144,52,14,3374,,E3,,,,,,,,n300_5E3e,3374,,gutim,300,
300,1692.201,0.0699,144,61,17,3375,,Db4,,,,,,,,n300_5Db4x,3375,,gutim,300,
300,1692.2745,0.0699,144,72,18,3376,,C5,,,,,,,,n300_5C5x,3376,,gutim,300,
300,1692.3481,0.1397,144,61,18,3377,,Db4,,,,,,,,n300_5Db4t,3377,,gutim,300,
300,1692.4951,0.2353,144,69,19,3378,,A4,,,,,,,,n300_1A4s,3378,,gutim,300,
300,1692.4951,0.2096,144,52,19,3378,,E3,,,,,,,,n300_5E3t,3378,,gutim,300,
300,1692.7157,0.0699,144,44,20,3379,,G#2,,,,,,,,n300_5Gs2x,3379,,gutim,300,
300,1692.7892,0.2353,144,93,14,3380,,A6,,,,,,,,n300_1A6s,3380,,gutim,300,
300,1692.7892,0.9412,144,37,17,3380,,C#2,,,,,,,,n300_5Cs2q,3380,,gutim,300,
300,1693.0834,0.0784,144,78,14,3381,,F#5,,,,,,,,n300_1Fs5t_0,3381,,gutim,300,
300,1693.1814,0.0784,144,56,15,3382,,G#3,,,,,,,,n300_1Gs3t,3382,,gutim,300,
300,1693.2794,0.0784,144,78,17,3383,,F#5,,,,,,,,n300_1Fs5t_1,3383,,gutim,300,
300,1693.3775,0.0784,144,60,18,3384,,C4,,,,,,,,n300_1C4t_0,3384,,gutim,300,
300,1693.4755,0.0784,144,69,19,3385,,A4,,,,,,,,n300_1A4t,3385,,gutim,300,
300,1693.5736,0.0784,144,60,21,3386,,C4,,,,,,,,n300_1C4t_1,3386,,gutim,300,
300,1693.6716,0.0588,144,52,22,3387,,E3,,,,,,,,n300_1E3x,3387,,gutim,300,
300,1693.6716,0.0588,144,72,11,3387,,C5,,,,,,,,n300_1C5x,3387,,gutim,300,
300,1693.7451,0.0588,144,61,11,3388,,C#4,,,,,,,,n300_1Cs4x,3388,,gutim,300,
300,1693.8187,0.0588,144,40,11,3389,,E2,,,,,,,,n300_1E2x,3389,,gutim,300,
300,1693.8922,1.0,144,32,11,3390,,G#1,,,,,,,,n300_1Gs1x,3390,,gutim,300,
,,,,,,,7229,,,,,,,,,,,,gutim,,
,,,,,,,,,,,,,,,,,,302,,,
302,1702.6422,0.0784,144,29,8,3391,,F1,,,,,,,,n302_5F1t_0,3391,,gutim,302,
302,1702.7402,0.0784,144,56,8,3392,,Ab3,,,,,,,,n302_5Ab3t_0,3392,,gutim,302,
302,1702.8383,0.1176,144,37,8,3393,,Db2,,,,,,,,n302_5Db2t_0,3393,,gutim,302,
302,1702.9853,0.0784,144,56,8,3394,,Ab3,,,,,,,,n302_5Ab3t_1,3394,,gutim,302,
302,1703.0834,0.1176,144,29,8,3395,,F1,,,,,,,,n302_5F1t_1,3395,,gutim,302,
302,1703.2304,0.1176,144,37,8,3396,,Db2,,,,,,,,n302_5Db2t_1,3396,,gutim,302,
302,1703.3775,0.9412,144,29,8,3397,,F1,,,,,,,,n302_5F1q,3397,,gutim,302,
302,1703.3775,0.9412,144,37,8,3397,,Db2,,,,,,,,n302_5Db2q,3397,,gutim,302,
302,1703.3775,0.9412,144,39,8,3397,,Eb2,,,,,,,,n302_5Eb2q,3397,,gutim,302,
302,1703.3775,0.9412,144,56,8,3397,,Ab3,,,,,,,,n302_5Ab3q,3397,,gutim,302,
,,,,,,,,,,,,,,,,,,303,,,
303,1709.701,0.1176,144,95,20,3398,,B6,,,,,,,,n303_1B6t,3398,,gutim,303,
303,1709.8481,0.3529,144,73,14,3399,,C#5,,,,,,,,n303_1Cs5s,3399,,gutim,303,
303,1709.8481,0.1176,144,45,8,3399,,A2,,,,,,,,n303_5A2t,3399,,gutim,303,
303,1709.8481,0.1176,144,53,8,3399,,F3,,,,,,,,n303_5F3t,3399,,gutim,303,
303,1709.9951,0.2353,144,30,11,3400,,F#1,,,,,,,,n303_5Fs1s,3400,,gutim,303,
303,1710.2892,0.1176,144,73,8,3401,,C#5,,,,,,,,n303_1Cs5t,3401,,gutim,303,
303,1710.2892,0.1176,144,30,8,3401,,F#1,,,,,,,,n303_5Fs1t,3401,,gutim,303,
303,1710.4363,0.9412,144,89,5,3402,,F6,,,,,,,,n303_1F6q,3402,,gutim,303,
303,1710.4363,0.9412,144,44,5,3402,,Ab2,,,,,,,,n303_5Ab2q,3402,,gutim,303,
303,1710.4363,0.9412,144,48,5,3402,,C3,,,,,,,,n303_5C3q,3402,,gutim,303,
303,1712.6912,0.0784,144,29,5,3403,,F1,,,,,,,,n303_5F1t,3403,,gutim,303,
303,1712.6912,0.0784,144,37,5,3403,,Db2,,,,,,,,n303_5Db2t,3403,,gutim,303,
303,1712.6912,0.0784,144,56,5,3403,,Ab3,,,,,,,,n303_5Ab3t,3403,,gutim,303,
,,,,,,,,,,,,,,,,,,304,,,
304,1712.7892,0.0931,144,26,5,3404,,D1,,,,,,,,n304_1D1t,3404,,gutim,304,
304,1712.8873,0.0931,144,69,5,3405,,A4,,,,,,,,n304_1A4t,3405,,gutim,304,
304,1712.9853,0.0931,144,80,6,3406,,Ab5,,,,,,,,n304_1Ab5t_0,3406,,gutim,304,
304,1713.0834,0.1397,144,53,6,3407,,F3,,,,,,,,n304_1F3t,3407,,gutim,304,
304,1713.2304,0.1397,144,61,7,3408,,Db4,,,,,,,,n304_1Db4t,3408,,gutim,304,
304,1713.3775,0.0931,144,80,8,3409,,Ab5,,,,,,,,n304_1Ab5t_1,3409,,gutim,304,
304,1713.4755,0.0931,144,93,8,3410,,A6,,,,,,,,n304_1A6t_0,3410,,gutim,304,
304,1713.5736,0.1397,144,38,9,3411,,D2,,,,,,,,n304_1D2t,3411,,gutim,304,
304,1713.7206,0.0931,144,93,9,3412,,A6,,,,,,,,n304_1A6t_1,3412,,gutim,304,
304,1713.8187,0.1397,144,80,10,3413,,Ab5,,,,,,,,n304_1Ab5t_2,3413,,gutim,304,
304,1713.9657,0.3347,144,38,11,3414,,D2,,,,,,,,n304_1D2s_0,3414,,gutim,304,
304,1713.9657,0.3347,144,40,11,3414,,E2,,,,,,,,n304_1E2s,3414,,gutim,304,
304,1713.9657,0.3347,144,46,11,3414,,Bb2,,,,,,,,n304_1Bb2s,3414,,gutim,304,
304,1713.9657,1.8824,144,97,11,3414,,C#7,,,,,,,,n304_5Cs7h,3414,,gutim,304,
304,1713.9657,1.8824,144,105,11,3414,,A7,,,,,,,,n304_5A7h,3414,,gutim,304,
304,1714.318,0.2241,144,93,13,3415,,A6,,,,,,,,n304_1A6s_0,3415,,gutim,304,
304,1714.554,0.3347,144,53,14,3416,,F3,,,,,,,,n304_1F3s,3416,,gutim,304,
304,1714.9063,0.3347,144,61,16,3417,,Db4,,,,,,,,n304_1Db4s,3417,,gutim,304,
304,1715.2586,0.2241,144,80,18,3418,,Ab5,,,,,,,,n304_1Ab5s,3418,,gutim,304,
304,1715.4945,0.2241,144,93,19,3419,,A6,,,,,,,,n304_1A6s_1,3419,,gutim,304,
304,1715.7304,0.3347,144,38,20,3420,,D2,,,,,,,,n304_1D2s_1,3420,,gutim,304,
304,1716.0828,0.2241,144,93,20,3421,,A6,,,,,,,,n304_1A6s_2,3421,,gutim,304,
304,1716.1828,0.0712,144,91,14,3422,,G6,g,,,,,,,ng304_1G6e,3422,,gutim,304,
304,1716.2578,0.0712,144,84,14,3423,,C6,g,,,,,,,ng304_1C6e,3423,,gutim,304,
304,1716.2578,0.0712,144,93,14,3423,,A6,g,,,,,,,ng304_1A6e,3423,,gutim,304,
304,1716.3328,0.5588,144,76,14,3424,,E5,,,,,,,,n304_1E5e,3424,,gutim,304,
304,1716.3328,0.1176,144,39,14,3424,,Eb2,,,,,,,,n304_5Eb2t_0,3424,,gutim,304,
304,1716.3328,0.1176,144,47,14,3424,,B2,,,,,,,,n304_5B2t_0,3424,,gutim,304,
304,1716.4798,0.1176,144,47,14,3425,,B2,,,,,,,,n304_5B2t_1,3425,,gutim,304,
304,1716.6269,0.4706,144,21,13,3426,,A0,,,,,,,,n304_5A0e_0,3426,,gutim,304,
304,1717.2151,0.1176,144,21,10,3427,,A0,,,,,,,,n304_5A0t_0,3427,,gutim,304,
304,1717.2151,0.1176,144,39,10,3427,,Eb2,,,,,,,,n304_5Eb2t_1,3427,,gutim,304,
304,1717.2151,0.1176,144,47,10,3427,,B2,,,,,,,,n304_5B2t_2,3427,,gutim,304,
304,1717.3622,0.1176,144,31,10,3428,,G1,,,,,,,,n304_5G1t,3428,,gutim,304,
304,1717.5092,0.7059,144,41,14,3429,,F2,,,,,,,,n304_1F2e,3429,,gutim,304,
304,1717.5092,0.7059,144,53,14,3429,,F3,,,,,,,,n304_1F3e,3429,,gutim,304,
304,1717.5092,0.1176,144,21,9,3429,,A0,,,,,,,,n304_5A0t_1,3429,,gutim,304,
304,1717.5092,0.1176,144,28,9,3429,,E1,,,,,,,,n304_5E1t,3429,,gutim,304,
304,1717.6563,0.3529,144,52,8,3430,,E3,,,,,,,,n304_5E3s,3430,,gutim,304,
304,1718.0975,1.4118,144,21,8,3431,,A0,,,,,,,,n304_5A0e_1,3431,,gutim,304,
304,1718.0975,1.4118,144,31,8,3431,,G1,,,,,,,,n304_5G1e,3431,,gutim,304,
304,1718.0975,1.4118,144,39,8,3431,,Eb2,,,,,,,,n304_5Eb2e,3431,,gutim,304,
304,1718.0975,1.4118,144,47,8,3431,,B2,,,,,,,,n304_5B2e,3431,,gutim,304,
304,1718.0975,1.4118,144,52,8,3431,,E3,,,,,,,,n304_5E3e,3431,,gutim,304,
304,1718.3916,0.4706,144,66,8,3432,,F#4,,,,,,,,n304_1Fs4s,3432,,gutim,304,
,,,,,,,,,,,,,,,,,,305,,,
305,1718.9798,0.5882,144,83,8,3433,,B5,,,,,,,,n305_1B5s_0,3433,,gutim,305,
305,1719.7151,0.1176,144,95,5,3434,,B6,,,,,,,,n305_1B6t,3434,,gutim,305,
305,1719.8622,0.3529,144,73,5,3435,,C#5,,,,,,,,n305_1Cs5s,3435,,gutim,305,
305,1719.8622,0.3529,144,74,5,3435,,D5,,,,,,,,n305_1D5s,3435,,gutim,305,
305,1719.8622,0.3529,144,45,5,3435,,A2,,,,,,,,n305_5A2s,3435,,gutim,305,
305,1719.8622,0.3529,144,53,5,3435,,F3,,,,,,,,n305_5F3s,3435,,gutim,305,
305,1720.3033,3.4118,144,73,5,3436,,C#5,,,,,,,,n305_1Cs5t,3436,,gutim,305,
305,1720.3033,3.4118,144,30,5,3436,,F#1,,,,,,,,n305_5Fs1t,3436,,gutim,305,
305,1720.4504,3.2941,144,82,5,3437,,A#5,,,,,,,,n305_1As5e,3437,,gutim,305,
,,,,,,,7233,,,,,,,,,,,,gutim,,
,,,,,,,,,,,,,,,,,,307,,,
307,1731.6269,4.7059,144,24,2,3438,,C1,,,,,,,,n307_5C1q,3438,,gutim,307,
307,1731.823,0.1569,144,64,8,3439,,E4,,,,,,,,n307_1E4s,3439,,gutim,307,
307,1731.823,0.1569,144,74,8,3439,,D5,,,,,,,,n307_1D5s,3439,,gutim,307,
307,1731.823,0.1569,144,42,8,3439,,F#2,,,,,,,,n307_6Fs2s,3439,,gutim,307,
307,1731.823,0.1569,144,46,8,3439,,A#2,,,,,,,,n307_6As2s,3439,,gutim,307,
307,1731.823,0.1569,144,55,8,3439,,G3,,,,,,,,n307_6G3s,3439,,gutim,307,
307,1733.8298,0.06,144,58,14,3440,,Bb3,g,,,,,,,ng307_1Bb3e,3440,,gutim,307,
307,1733.9048,0.06,144,74,14,3441,,D5,g,,,,,,,ng307_1D5e,3441,,gutim,307,
307,1733.9798,0.2353,144,78,14,3442,,F#5,,,,,,,,n307_1Fs5s_0,3442,,gutim,307,
307,1733.9798,0.9412,144,60,8,3442,,C4,,,,,,,,n307_6C4q_0,3442,,gutim,307,
307,1733.9798,0.9412,144,68,8,3442,,Ab4,,,,,,,,n307_6Ab4q_0,3442,,gutim,307,
307,1733.9798,0.9412,144,88,8,3442,,E6,,,,,,,,n307_6E6q_0,3442,,gutim,307,
307,1734.2739,0.0784,144,87,15,3443,,Eb6,,,,,,,,n307_1Eb6t,3443,,gutim,307,
307,1734.372,0.0784,144,74,17,3444,,D5,,,,,,,,n307_1D5t,3444,,gutim,307,
307,1734.47,0.0784,144,48,18,3445,,C3,,,,,,,,n307_1C3t,3445,,gutim,307,
307,1734.568,0.1887,144,58,11,3446,,Bb3,,,,,,,,n307_1Bb3s,3446,,gutim,307,
307,1734.804,0.2819,144,97,15,3447,,Db7,,,,,,,,n307_1Db7s,3447,,gutim,307,
307,1735.1563,0.565,144,58,20,3448,,Bb3,,,,,,,,n307_1Bb3e,3448,,gutim,307,
307,1735.1563,0.565,144,84,20,3448,,C6,,,,,,,,n307_1C6e_0,3448,,gutim,307,
307,1735.1563,0.565,144,97,20,3448,,Db7,,,,,,,,n307_1Db7e,3448,,gutim,307,
307,1735.8625,0.4468,144,84,14,3449,,C6,,,,,,,,n307_1C6e_1,3449,,gutim,307,
307,1735.8625,0.3762,144,44,11,3449,,Ab2,,,,,,,,n307_6Ab2e,3449,,gutim,307,
307,1736.3328,0.1863,144,78,14,3450,,F#5,,,,,,,,n307_1Fs5s_1,3450,,gutim,307,
307,1736.3328,0.9412,144,60,11,3450,,C4,,,,,,,,n307_6C4q_1,3450,,gutim,307,
307,1736.3328,0.9412,144,68,11,3450,,Ab4,,,,,,,,n307_6Ab4q_1,3450,,gutim,307,
307,1736.3328,0.9412,144,88,11,3450,,E6,,,,,,,,n307_6E6q_1,3450,,gutim,307,
307,1736.5288,0.1863,144,87,14,3451,,Eb6,,,,,,,,n307_1Eb6s,3451,,gutim,307,
307,1736.7249,0.1863,144,36,14,3452,,C2,,,,,,,,n307_1C2s,3452,,gutim,307,
,,,,,,,,,,,,,,,,,,308,,,
308,1737.5092,0.9412,144,60,5,3453,,C4,,,,,,,,n308_6C4q,3453,,gutim,308,
308,1737.5092,0.9412,144,68,5,3453,,Ab4,,,,,,,,n308_6Ab4q,3453,,gutim,308,
308,1737.5092,0.9412,144,88,5,3453,,E6,,,,,,,,n308_6E6q,3453,,gutim,308,
308,1738.6857,3.7647,144,24,2,3454,,C1,,,,,,,,n308_6C1w,3454,,gutim,308,
308,1739.47,0.098,144,87,11,3455,,Eb6,,,,,,,,n308_1Eb6s_0,3455,,gutim,308,
308,1739.6661,0.098,144,36,12,3456,,C2,,,,,,,,n308_1C2s,3456,,gutim,308,
308,1739.8622,0.3137,144,46,12,3457,,Bb2,,,,,,,,n308_1Bb2e,3457,,gutim,308,
308,1740.2543,0.4706,144,78,13,3458,,Gb5,,,,,,,,n308_1Gb5e,3458,,gutim,308,
308,1740.8426,0.1569,144,78,15,3459,,Gb5,,,,,,,,n308_1Gb5s_0,3459,,gutim,308,
308,1740.8426,1.098,144,47,2,3459,,B2,,,,,,,,n308_5B2s,3459,,gutim,308,
308,1742.2151,0.1863,144,87,15,3460,,Eb6,,,,,,,,n308_1Eb6s_1,3460,,gutim,308,
308,1742.2151,0.9412,144,60,2,3460,,C4,,,,,,,,n308_5C4s_0,3460,,gutim,308,
308,1742.2151,0.1569,144,68,2,3460,,Ab4,,,,,,,,n308_5Ab4s,3460,,gutim,308,
308,1742.4112,0.9314,144,78,15,3461,,Gb5,,,,,,,,n308_1Gb5s_1,3461,,gutim,308,
,,,,,,,,,,,,,,,,,,309,,,
309,1743.3916,0.06,144,64,11,3462,,E4,g,,,,,,,ng309_1E4e_0,3462,,gutim,309,
309,1743.4666,0.06,144,46,11,3463,,Bb2,g,,,,,,,ng309_1Bb2e_0,3463,,gutim,309,
309,1743.4666,0.06,144,44,14,3463,,Ab2,g,,,,,,,ng309_5Ab2e,3463,,gutim,309,
309,1743.5416,0.06,144,76,11,3464,,E5,g,,,,,,,ng309_1E5e,3464,,gutim,309,
309,1743.5416,0.06,144,60,14,3464,,C4,g,,,,,,,ng309_5C4e,3464,,gutim,309,
309,1743.6166,0.1887,144,78,11,3465,,F#5,,,,,,,,n309_1Fs5s,3465,,gutim,309,
309,1743.6166,0.0944,144,42,14,3465,,F#2,,,,,,,,n309_5Fs2t_0,3465,,gutim,309,
309,1743.7345,0.0944,144,55,14,3466,,G3,,,,,,,,n309_5G3t_0,3466,,gutim,309,
309,1743.8525,0.0944,144,43,11,3467,,G2,,,,,,,,n309_1G2t,3467,,gutim,309,
309,1743.8525,0.0944,144,86,14,3467,,D6,,,,,,,,n309_5D6t,3467,,gutim,309,
309,1743.9704,0.0944,144,78,11,3468,,F#5,,,,,,,,n309_1Fs5t,3468,,gutim,309,
309,1743.9704,0.0944,144,42,14,3468,,F#2,,,,,,,,n309_5Fs2t_1,3468,,gutim,309,
309,1744.0884,0.0944,144,55,14,3469,,G3,,,,,,,,n309_5G3t_1,3469,,gutim,309,
309,1744.2063,0.0784,144,34,17,3470,,Bb1,,,,,,,,n309_5Bb1t,3470,,gutim,309,
309,1744.3044,0.0784,144,52,14,3471,,E3,,,,,,,,n309_5E3t,3471,,gutim,309,
309,1744.4024,0.0784,144,30,11,3472,,F#1,,,,,,,,n309_5Fs1t_0,3472,,gutim,309,
309,1744.5005,0.0784,144,62,8,3473,,D4,,,,,,,,n309_5D4t,3473,,gutim,309,
309,1744.5985,0.0784,144,30,5,3474,,F#1,,,,,,,,n309_5Fs1t_1,3474,,gutim,309,
309,1744.6965,0.0772,144,43,5,3475,,G2,,,,,,,,n309_5G2t,3475,,gutim,309,
309,1744.793,0.5588,144,76,5,3476,,E5,,,,,,,,n309_1E5e_0,3476,,gutim,309,
309,1744.793,0.9412,144,24,5,3476,,C1,,,,,,,,n309_5C1q,3476,,gutim,309,
309,1745.3813,0.3725,144,76,6,3477,,E5,,,,,,,,n309_1E5e_1,3477,,gutim,309,
309,1745.3813,0.3725,144,80,6,3477,,G#5,,,,,,,,n309_1Gs5e,3477,,gutim,309,
309,1745.7734,0.5588,144,60,7,3478,,C4,,,,,,,,n309_1C4s,3478,,gutim,309,
309,1745.9695,1.8824,144,30,5,3479,,F#1,,,,,,,,n309_5Fs1h,3479,,gutim,309,
309,1745.9695,1.8824,144,34,5,3479,,Bb1,,,,,,,,n309_5Bb1h,3479,,gutim,309,
309,1745.9695,1.8824,144,43,5,3479,,G2,,,,,,,,n309_5G2h,3479,,gutim,309,
309,1745.9695,1.8824,144,52,5,3479,,E3,,,,,,,,n309_5E3h,3479,,gutim,309,
309,1745.9695,1.8824,144,62,5,3479,,D4,,,,,,,,n309_5D4h,3479,,gutim,309,
309,1746.3617,0.5588,144,76,8,3480,,E5,,,,,,,,n309_1E5e_2,3480,,gutim,309,
309,1746.9499,1.3039,144,80,9,3481,,G#5,,,,,,,,n309_1Gs5s,3481,,gutim,309,
309,1748.3225,0.2794,144,30,8,3482,,F#1,,,,,,,,n309_5Fs1e,3482,,gutim,309,
309,1748.3225,0.4706,144,34,8,3482,,Bb1,,,,,,,,n309_5Bb1e,3482,,gutim,309,
309,1748.3225,0.4706,144,43,8,3482,,G2,,,,,,,,n309_5G2e,3482,,gutim,309,
309,1748.3225,0.4706,144,52,8,3482,,E3,,,,,,,,n309_5E3e,3482,,gutim,309,
309,1748.3225,0.4706,144,62,8,3482,,D4,,,,,,,,n309_5D4e,3482,,gutim,309,
309,1748.6857,0.06,144,64,5,3483,,E4,g,,,,,,,ng309_1E4e_1,3483,,gutim,309,
309,1748.7607,0.06,144,46,5,3484,,Bb2,g,,,,,,,ng309_1Bb2e_1,3484,,gutim,309,
309,1748.8357,0.06,144,64,5,3485,,E4,g,,,,,,,ng309_1E4e_2,3485,,gutim,309,
309,1748.9107,0.4706,144,74,5,3486,,D5,,,,,,,,n309_1D5e,3486,,gutim,309,
,,,,,,,,,,,,,,,,,,310,,,
310,1749.4989,0.2353,144,76,14,3487,,E5,,,,,,,,n310_1E5s,3487,,gutim,310,
310,1749.4989,0.0784,144,78,14,3487,,F#5,,,,,,,,n310_5Fs5t,3487,,gutim,310,
310,1749.597,0.0784,144,69,14,3488,,A4,,,,,,,,n310_5A4t,3488,,gutim,310,
310,1749.695,0.3137,144,40,14,3489,,E2,,,,,,,,n310_5E2e,3489,,gutim,310,
310,1749.9401,0.1176,144,60,14,3490,,C4,,,,,,,,n310_1C4t_0,3490,,gutim,310,
310,1750.0872,0.1176,144,78,14,3491,,F#5,,,,,,,,n310_1Fs5t,3491,,gutim,310,
310,1750.0872,0.2353,144,76,14,3491,,E5,,,,,,,,n310_5E5s,3491,,gutim,310,
310,1750.0872,0.2353,144,80,14,3491,,G#5,,,,,,,,n310_5Gs5s,3491,,gutim,310,
310,1750.2342,0.1176,144,60,14,3492,,C4,,,,,,,,n310_1C4t_1,3492,,gutim,310,
310,1750.3813,0.1176,144,69,14,3493,,A4,,,,,,,,n310_1A4t,3493,,gutim,310,
310,1750.5283,0.1176,144,40,14,3494,,E2,,,,,,,,n310_1E2t,3494,,gutim,310,
310,1750.6754,1.8824,144,24,14,3495,,C1,,,,,,,,n310_5C1h,3495,,gutim,310,
310,1751.1457,0.565,144,44,14,3496,,Ab2,,,,,,,,n310_2Ab2e,3496,,gutim,310,
310,1751.1457,0.565,144,84,14,3496,,C6,,,,,,,,n310_2C6e,3496,,gutim,310,
310,1751.1457,0.565,144,97,14,3496,,Db7,,,,,,,,n310_2Db7e,3496,,gutim,310,
310,1751.5578,0.1176,144,74,14,3497,,D5,,,,,,,,n310_1D5t_0,3497,,gutim,310,
310,1751.7048,0.1176,144,36,14,3498,,C2,,,,,,,,n310_1C2t_0,3498,,gutim,310,
310,1751.8519,0.0784,144,87,14,3499,,Eb6,,,,,,,,n310_1Eb6t_0,3499,,gutim,310,
310,1751.9499,0.1176,144,74,14,3500,,D5,,,,,,,,n310_1D5t_1,3500,,gutim,310,
310,1752.097,0.1176,144,36,14,3501,,C2,,,,,,,,n310_1C2t_1,3501,,gutim,310,
310,1752.244,0.0784,144,87,14,3502,,Eb6,,,,,,,,n310_1Eb6t_1,3502,,gutim,310,
310,1752.3421,0.0784,144,36,14,3503,,C2,,,,,,,,n310_1C2t_2,3503,,gutim,310,
310,1752.3421,0.0784,144,74,14,3503,,D5,,,,,,,,n310_1D5t_2,3503,,gutim,310,
310,1752.4401,0.4706,144,87,14,3504,,Eb6,,,,,,,,n310_1Eb6e,3504,,gutim,310,
310,1752.9533,0.0712,144,86,14,3505,,D6,g,,,,,,,ng310_1D6e,3505,,gutim,310,
310,1753.0283,0.5588,144,82,14,3506,,Bb5,,,,,,,,n310_1Bb5e,3506,,gutim,310,
,,,,,,,,,,,,,,,,,,311,,,
311,1755.4793,0.1569,144,68,14,3507,,G#4,,,,,,,,n311_1Gs4s,3507,,gutim,311,
311,1755.6754,0.1569,144,78,14,3508,,F#5,,,,,,,,n311_1Fs5s,3508,,gutim,311,
311,1755.8715,0.0784,144,50,14,3509,,D3,,,,,,,,n311_1D3t,3509,,gutim,311,
311,1755.8715,0.0784,144,68,14,3509,,G#4,,,,,,,,n311_1Gs4t,3509,,gutim,311,
311,1755.8715,0.0784,144,78,14,3509,,F#5,,,,,,,,n311_1Fs5t,3509,,gutim,311,
,,,,,,,7236,,,,,,,,,,,,gutim,,
,,,,,,,,,,,,,,,,,,312,,,
312,1763.6166,0.9412,144,66,11,3510,,F#4,,,,,,,,n312_1Fs4q,3510,,gutim,312,
312,1763.6166,0.9412,144,92,11,3510,,G#6,,,,,,,,n312_1Gs6q,3510,,gutim,312,
312,1763.6166,0.9412,144,100,11,3510,,E7,,,,,,,,n312_1E7q,3510,,gutim,312,
312,1763.6166,0.9412,144,64,14,3510,,E4,,,,,,,,n312_5E4q,3510,,gutim,312,
312,1763.6166,0.9412,144,70,14,3510,,Bb4,,,,,,,,n312_5Bb4q,3510,,gutim,312,
312,1764.793,0.2489,144,93,8,3511,,A6,,,,,,,,n312_5A6s,3511,,gutim,312,
312,1765.055,0.1237,144,85,7,3512,,C#6,,,,,,,,n312_5Cs6t_0,3512,,gutim,312,
312,1765.1852,0.1237,144,86,7,3513,,D6,,,,,,,,n312_5D6t_0,3513,,gutim,312,
312,1765.3154,0.1237,144,83,7,3514,,B5,,,,,,,,n312_5B5t_0,3514,,gutim,312,
312,1765.4456,0.1237,144,86,6,3515,,D6,,,,,,,,n312_5D6t_1,3515,,gutim,312,
312,1765.5758,0.1237,144,83,6,3516,,B5,,,,,,,,n312_5B5t_1,3516,,gutim,312,
312,1765.706,0.1237,144,86,5,3517,,D6,,,,,,,,n312_5D6t_2,3517,,gutim,312,
312,1765.8362,0.1237,144,101,5,3518,,F7,,,,,,,,n312_5F7t,3518,,gutim,312,
312,1765.9695,0.4468,144,69,14,3519,,A4,,,,,,,,n312_1A4e,3519,,gutim,312,
312,1765.9695,0.3762,144,75,14,3519,,Eb5,,,,,,,,n312_1Eb5e,3519,,gutim,312,
312,1766.3586,0.1237,144,85,5,3520,,C#6,,,,,,,,n312_5Cs6t_1,3520,,gutim,312,
312,1766.4398,0.2241,144,101,5,3521,,F7,,,,,,,,n312_1F7s_0,3521,,gutim,312,
312,1766.4888,0.1237,144,86,5,3522,,D6,,,,,,,,n312_5D6t_3,3522,,gutim,312,
312,1766.619,0.1237,144,83,5,3523,,B5,,,,,,,,n312_5B5t_2,3523,,gutim,312,
312,1766.6757,0.2241,144,93,5,3524,,A6,,,,,,,,n312_1A6s,3524,,gutim,312,
312,1766.7492,0.1237,144,85,5,3525,,C#6,,,,,,,,n312_5Cs6t_2,3525,,gutim,312,
312,1766.8794,0.1237,144,83,5,3526,,B5,,,,,,,,n312_5B5t_3,3526,,gutim,312,
312,1766.9116,0.2227,144,101,5,3527,,F7,,,,,,,,n312_1F7s_1,3527,,gutim,312,
312,1767.0097,0.1295,144,86,5,3528,,D6,,,,,,,,n312_5D6t_4,3528,,gutim,312,
,,,,,,,,,,,,,,,,,,313,,,
313,1767.146,0.1237,144,85,5,3529,,C#6,,,,,,,,n313_5Cs6t_0,3529,,gutim,313,
313,1767.2762,0.1237,144,86,5,3530,,D6,,,,,,,,n313_5D6t_0,3530,,gutim,313,
313,1767.3804,0.2241,144,93,5,3531,,A6,,,,,,,,n313_1A6s_0,3531,,gutim,313,
313,1767.4064,0.1237,144,83,5,3532,,B5,,,,,,,,n313_5B5t_0,3532,,gutim,313,
313,1767.5366,0.1237,144,85,5,3533,,C#6,,,,,,,,n313_5Cs6t_1,3533,,gutim,313,
313,1767.6163,0.2241,144,101,5,3534,,F7,,,,,,,,n313_1F7s_0,3534,,gutim,313,
313,1767.6668,0.1237,144,83,5,3535,,B5,,,,,,,,n313_5B5t_1,3535,,gutim,313,
313,1767.797,0.1237,144,86,5,3536,,D6,,,,,,,,n313_5D6t_1,3536,,gutim,313,
313,1767.8522,0.2241,144,93,5,3537,,A6,,,,,,,,n313_1A6s_1,3537,,gutim,313,
313,1767.9272,0.1237,144,85,5,3538,,C#6,,,,,,,,n313_5Cs6t_2,3538,,gutim,313,
313,1768.0574,0.1237,144,83,5,3539,,B5,,,,,,,,n313_5B5t_2,3539,,gutim,313,
313,1768.0881,0.2227,144,101,5,3540,,F7,,,,,,,,n313_1F7s_1,3540,,gutim,313,
313,1768.1877,0.1281,144,86,5,3541,,D6,,,,,,,,n313_5D6t_2,3541,,gutim,313,
,,,,,,,7237,,,,,,,,,,,,gutim,,
313,1768.3225,0.9412,144,66,8,3542,,F#4,,,,,,,,n313_1Fs4q,3542,,gutim,313,
313,1768.3225,0.9412,144,92,8,3542,,G#6,,,,,,,,n313_1Gs6q,3542,,gutim,313,
313,1768.3225,0.9412,144,101,8,3542,,F7,,,,,,,,n313_1F7q,3542,,gutim,313,
313,1768.3225,0.9412,144,64,14,3542,,E4,,,,,,,,n313_5E4q,3542,,gutim,313,
313,1768.3225,0.9412,144,70,14,3542,,Bb4,,,,,,,,n313_5Bb4q,3542,,gutim,313,
313,1768.6166,0.1674,144,93,8,3543,,A6,,,,,,,,n313_2A6t,3543,,gutim,313,
313,1768.7927,0.1121,144,85,8,3544,,C#6,,,,,,,,n313_2Cs6t,3544,,gutim,313,
313,1768.9107,0.1121,144,86,8,3545,,D6,,,,,,,,n313_2D6t_0,3545,,gutim,313,
313,1769.0286,0.1674,144,83,8,3546,,B5,,,,,,,,n313_2B5t,3546,,gutim,313,
313,1769.2048,0.1674,144,86,8,3547,,D6,,,,,,,,n313_2D6t_1,3547,,gutim,313,
313,1769.381,0.1121,144,101,8,3548,,F7,,,,,,,,n313_2F7t,3548,,gutim,313,
313,1769.4989,0.1674,144,73,8,3549,,C#5,,,,,,,,n313_1Cs5t_0,3549,,gutim,313,
313,1769.4989,1.1176,144,69,14,3549,,A4,,,,,,,,n313_5A4q,3549,,gutim,313,
313,1769.4989,0.9412,144,75,14,3549,,Eb5,,,,,,,,n313_5Eb5q,3549,,gutim,313,
313,1769.6736,0.1674,144,71,8,3550,,B4,,,,,,,,n313_1B4t_0,3550,,gutim,313,
313,1769.8497,0.1674,144,86,8,3551,,D6,,,,,,,,n313_1D6t,3551,,gutim,313,
313,1770.0259,0.1121,144,101,9,3552,,F7,,,,,,,,n313_1F7t_0,3552,,gutim,313,
313,1770.1438,0.1674,144,93,9,3553,,A6,,,,,,,,n313_1A6t,3553,,gutim,313,
313,1770.32,0.1674,144,73,9,3554,,C#5,,,,,,,,n313_1Cs5t_1,3554,,gutim,313,
313,1770.4962,0.1121,144,71,9,3555,,B4,,,,,,,,n313_1B4t_1,3555,,gutim,313,
313,1770.6141,0.1674,144,81,10,3556,,A5,,,,,,,,n313_1A5x,3556,,gutim,313,
313,1770.7903,0.1674,144,61,10,3557,,C#4,,,,,,,,n313_1Cs4t,3557,,gutim,313,
313,1770.9665,0.1674,144,59,10,3558,,B3,,,,,,,,n313_1B3t_0,3558,,gutim,313,
313,1771.1426,0.1121,144,74,10,3559,,D5,,,,,,,,n313_1D5t_0,3559,,gutim,313,
313,1771.2606,0.1674,144,59,10,3560,,B3,,,,,,,,n313_1B3t_1,3560,,gutim,313,
313,1771.4367,0.1674,144,74,11,3561,,D5,,,,,,,,n313_1D5t_1,3561,,gutim,313,
313,1771.6129,0.1121,144,101,11,3562,,F7,,,,,,,,n313_1F7t_1,3562,,gutim,313,
313,1771.7309,0.2241,144,69,11,3563,,A4,,,,,,,,n313_1A4t_0,3563,,gutim,313,
313,1771.9668,0.1674,144,49,8,3564,,C#3,,,,,,,,n313_1Cs3t,3564,,gutim,313,
313,1772.1429,0.1674,144,62,8,3565,,D4,,,,,,,,n313_1D4t,3565,,gutim,313,
313,1772.3191,0.2241,144,47,8,3566,,B2,,,,,,,,n313_1B2s,3566,,gutim,313,
313,1772.555,0.2241,144,62,8,3567,,D4,,,,,,,,n313_1D4s,3567,,gutim,313,
313,1772.7909,0.2256,144,89,8,3568,,F6,,,,,,,,n313_1F6s,3568,,gutim,313,
,,,,,,,,,,,,,,,,,,314,,,
314,1773.0283,0.1863,144,69,14,3569,,A4,,,,,,,,n314_1A4s,3569,,gutim,314,
314,1773.0283,0.1863,144,75,14,3569,,Eb5,,,,,,,,n314_1Eb5s,3569,,gutim,314,
314,1773.2244,0.1863,144,54,14,3570,,Gb3,,,,,,,,n314_1Gb3s,3570,,gutim,314,
314,1773.4205,0.1863,144,77,14,3571,,F5,,,,,,,,n314_1F5s,3571,,gutim,314,
314,1773.6166,0.3725,144,61,14,3572,,Db4,,,,,,,,n314_1Db4e,3572,,gutim,314,
314,1774.0087,0.0931,144,69,17,3573,,A4,,,,,,,,n314_1A4t_0,3573,,gutim,314,
314,1774.0087,0.0931,144,75,17,3573,,Eb5,,,,,,,,n314_1Eb5t_0,3573,,gutim,314,
314,1774.0087,0.0931,144,77,17,3573,,F5,,,,,,,,n314_1F5t_0,3573,,gutim,314,
314,1774.1068,0.0931,144,54,18,3574,,Gb3,,,,,,,,n314_1Gb3t_0,3574,,gutim,314,
314,1774.2048,0.0931,144,69,19,3575,,A4,,,,,,,,n314_1A4t_1,3575,,gutim,314,
314,1774.2048,0.0931,144,75,19,3575,,Eb5,,,,,,,,n314_1Eb5t_1,3575,,gutim,314,
314,1774.2048,0.0931,144,77,19,3575,,F5,,,,,,,,n314_1F5t_1,3575,,gutim,314,
314,1774.3029,0.0931,144,61,19,3576,,Db4,,,,,,,,n314_1Db4t_0,3576,,gutim,314,
314,1774.4009,0.1397,144,69,20,3577,,A4,,,,,,,,n314_1A4t_2,3577,,gutim,314,
314,1774.4009,0.1397,144,75,20,3577,,Eb5,,,,,,,,n314_1Eb5t_2,3577,,gutim,314,
314,1774.4009,0.1397,144,77,20,3577,,F5,,,,,,,,n314_1F5t_2,3577,,gutim,314,
314,1774.548,0.1397,144,61,20,3578,,Db4,,,,,,,,n314_1Db4t_1,3578,,gutim,314,
314,1774.695,0.0931,144,54,20,3579,,Gb3,,,,,,,,n314_1Gb3t_1,3579,,gutim,314,
314,1775.3813,0.9412,144,64,14,3580,,E4,,,,,,,,n314_5E4q,3580,,gutim,314,
314,1775.3813,0.9412,144,70,14,3580,,Bb4,,,,,,,,n314_5Bb4q,3580,,gutim,314,
314,1775.3813,0.9412,144,84,14,3580,,C6,,,,,,,,n314_5C6q,3580,,gutim,314,
314,1776.8519,0.1176,144,75,20,3581,,Eb5,,,,,,,,n314_1Eb5t_3,3581,,gutim,314,
314,1776.9989,0.1176,144,57,20,3582,,A3,,,,,,,,n314_1A3t_0,3582,,gutim,314,
314,1777.146,0.0784,144,42,20,3583,,Gb2,,,,,,,,n314_1Gb2t_0,3583,,gutim,314,
314,1777.244,0.0784,144,57,20,3584,,A3,,,,,,,,n314_1A3t_1,3584,,gutim,314,
314,1777.244,0.0784,144,75,20,3584,,Eb5,,,,,,,,n314_1Eb5t_4,3584,,gutim,314,
314,1777.244,0.0784,144,77,20,3584,,F5,,,,,,,,n314_1F5t_3,3584,,gutim,314,
314,1777.3421,0.0784,144,42,20,3585,,Gb2,,,,,,,,n314_1Gb2t_1,3585,,gutim,314,
314,1777.4401,0.1176,144,49,20,3586,,Db3,,,,,,,,n314_1Db3t,3586,,gutim,314,
314,1777.5872,0.1176,144,42,20,3587,,Gb2,,,,,,,,n314_1Gb2t_2,3587,,gutim,314,
314,1777.7342,0.3137,144,64,17,3588,,E4,,,,,,,,n314_1E4e,3588,,gutim,314,
314,1777.7342,0.3137,144,70,17,3588,,Bb4,,,,,,,,n314_1Bb4e,3588,,gutim,314,
314,1777.7342,0.3137,144,84,17,3588,,C6,,,,,,,,n314_1C6e,3588,,gutim,314,
314,1778.1264,0.4706,144,56,18,3589,,G#3,,,,,,,,n314_1Gs3e,3589,,gutim,314,
314,1778.7146,3.5392,144,64,20,3590,,E4,,,,,,,,n314_1E4s,3590,,gutim,314,
314,1778.7146,2.9804,144,70,20,3590,,Bb4,,,,,,,,n314_1Bb4s,3590,,gutim,314,
314,1778.7146,2.9804,144,84,20,3590,,C6,,,,,,,,n314_1C6s,3590,,gutim,314,
314,1778.7146,2.9804,144,97,20,3590,,Db7,,,,,,,,n314_1Db7s,3590,,gutim,314,
,,,,,,,,,,,,,,,,,,315,,,
315,1779.2048,0.1674,144,69,14,3591,,A4,,,,,,,,n315_5A4t_0,3591,,gutim,315,
315,1779.381,0.1121,144,49,14,3592,,C#3,,,,,,,,n315_5Cs3t,3592,,gutim,315,
315,1779.4989,0.1121,144,50,13,3593,,D3,,,,,,,,n315_5D3t_0,3593,,gutim,315,
315,1779.6169,0.1674,144,47,13,3594,,B2,,,,,,,,n315_5B2t,3594,,gutim,315,
315,1779.793,0.1674,144,50,13,3595,,D3,,,,,,,,n315_5D3t_1,3595,,gutim,315,
315,1779.9692,0.1121,144,77,13,3596,,F5,,,,,,,,n315_5F5t,3596,,gutim,315,
315,1780.0872,0.1674,144,37,12,3597,,C#2,,,,,,,,n315_5Cs2t_0,3597,,gutim,315,
315,1780.0872,0.1674,144,69,12,3597,,A4,,,,,,,,n315_5A4t_1,3597,,gutim,315,
315,1780.2633,0.1674,144,35,12,3598,,B1,,,,,,,,n315_5B1t_0,3598,,gutim,315,
315,1780.4395,0.1674,144,50,12,3599,,D3,,,,,,,,n315_5D3t_2,3599,,gutim,315,
315,1780.6157,0.1121,144,35,11,3600,,B1,,,,,,,,n315_5B1t_1,3600,,gutim,315,
315,1780.6157,0.1121,144,37,11,3600,,C#2,,,,,,,,n315_5Cs2t_1,3600,,gutim,315,
315,1780.6157,0.1121,144,65,11,3600,,F4,,,,,,,,n315_5F4t,3600,,gutim,315,
315,1780.7336,0.1674,144,57,11,3601,,A3,,,,,,,,n315_5A3t,3601,,gutim,315,
315,1780.9098,0.1674,144,37,11,3602,,C#2,,,,,,,,n315_5Cs2t_2,3602,,gutim,315,
315,1781.0859,0.1121,144,35,11,3603,,B1,,,,,,,,n315_5B1t_2,3603,,gutim,315,
315,1781.2039,0.1674,144,45,10,3604,,A2,,,,,,,,n315_5A2x,3604,,gutim,315,
315,1781.3801,0.1674,144,25,10,3605,,C#1,,,,,,,,n315_5Cs1t,3605,,gutim,315,
315,1781.5562,0.1674,144,23,10,3606,,B0,,,,,,,,n315_5B0t_0,3606,,gutim,315,
315,1781.7324,0.1121,144,38,9,3607,,D2,,,,,,,,n315_5D2t_0,3607,,gutim,315,
315,1781.8503,0.1674,144,23,9,3608,,B0,,,,,,,,n315_5B0t_1,3608,,gutim,315,
315,1782.0265,0.1674,144,38,9,3609,,D2,,,,,,,,n315_5D2t_1,3609,,gutim,315,
315,1782.2027,0.1121,144,53,9,3610,,F3,,,,,,,,n315_5F3t,3610,,gutim,315,
315,1782.3206,0.2256,144,33,8,3611,,A1,,,,,,,,n315_5A1t,3611,,gutim,315,
,,,,,,,,,,,,,,,,,,316,,,
316,1782.5581,0.1674,144,25,8,3612,,C#1,,,,,,,,n316_5Cs1t,3612,,gutim,316,
316,1782.7342,0.1674,144,26,8,3613,,D1,,,,,,,,n316_5D1t,3613,,gutim,316,
316,1782.9104,0.2241,144,23,8,3614,,B0,,,,,,,,n316_5B0s_0,3614,,gutim,316,
316,1783.1463,0.2241,144,26,8,3615,,D1,,,,,,,,n316_5D1s_0,3615,,gutim,316,
316,1783.3822,0.2241,144,41,8,3616,,F2,,,,,,,,n316_5F2s_0,3616,,gutim,316,
316,1783.6181,0.3347,144,23,8,3617,,B0,,,,,,,,n316_5B0s_1,3617,,gutim,316,
316,1783.6181,0.3347,144,25,8,3617,,C#1,,,,,,,,n316_5Cs1s,3617,,gutim,316,
316,1783.6181,0.3347,144,33,8,3617,,A1,,,,,,,,n316_5A1s,3617,,gutim,316,
316,1783.9704,0.2241,144,26,8,3618,,D1,,,,,,,,n316_5D1s_1,3618,,gutim,316,
316,1784.2063,0.2241,144,41,8,3619,,F2,,,,,,,,n316_5F2s_1,3619,,gutim,316,
316,1784.4989,0.1397,144,34,14,3620,,Bb1,,,,,,,,n316_1Bb1t_0,3620,,gutim,316,
316,1784.646,0.1397,144,41,13,3621,,F2,,,,,,,,n316_1F2t,3621,,gutim,316,
316,1784.793,0.4191,144,61,12,3622,,Db4,,,,,,,,n316_1Db4s,3622,,gutim,316,
316,1785.2342,0.1397,144,34,10,3623,,Bb1,,,,,,,,n316_1Bb1t_1,3623,,gutim,316,
316,1785.2342,0.1397,144,53,10,3623,,F3,,,,,,,,n316_1F3t,3623,,gutim,316,
316,1785.3813,0.1397,144,61,9,3624,,Db4,,,,,,,,n316_1Db4t,3624,,gutim,316,
316,1785.5283,0.4191,144,34,8,3625,,Bb1,,,,,,,,n316_1Bb1s,3625,,gutim,316,
316,1785.9695,0.9412,144,73,8,3626,,Db5,,,,,,,,n316_1Db5q,3626,,gutim,316,
,,,,,,,7239,,,,,,,,,,,,gutim,,
,,,,,,,,,,,,,,,,,,317,,,
317,1794.2048,0.1246,144,96,2,3627,,C7,,,,,,,,n317_1C7t_0,3627,,gutim,317,
317,1794.336,0.1914,144,87,2,3628,,D#6,,,,,,,,n317_1Ds6t,3628,,gutim,317,
317,1794.5247,0.0774,144,86,2,3629,,D6,,,,,,,,n317_5D6t_0,3629,,gutim,317,
317,1794.5375,0.196,144,95,2,3630,,B6,,,,,,,,n317_1B6t,3630,,gutim,317,
317,1794.6062,0.0782,144,89,2,3631,,F6,,,,,,,,n317_5F6t,3631,,gutim,317,
317,1794.6885,0.0789,144,86,2,3632,,D6,,,,,,,,n317_5D6t_1,3632,,gutim,317,
317,1794.7438,0.1328,144,96,2,3633,,C7,,,,,,,,n317_1C7t_1,3633,,gutim,317,
317,1794.7716,0.0797,144,92,2,3634,,G#6,,,,,,,,n317_5Gs6t_0,3634,,gutim,317,
317,1794.8554,0.0805,144,85,2,3635,,C#6,,,,,,,,n317_5Cs6t_0,3635,,gutim,317,
317,1794.8836,0.135,144,91,2,3636,,G6,,,,,,,,n317_1G6t_0,3636,,gutim,317,
317,1794.9401,0.123,144,92,2,3637,,G#6,,,,,,,,n317_5Gs6t_1,3637,,gutim,317,
317,1795.0257,0.1373,144,90,2,3638,,F#6,,,,,,,,n317_1Fs6t_0,3638,,gutim,317,
317,1795.0696,0.1249,144,85,2,3639,,C#6,,,,,,,,n317_5Cs6t_1,3639,,gutim,317,
317,1795.1702,0.1396,144,91,2,3640,,G6,,,,,,,,n317_1G6t_1,3640,,gutim,317,
317,1795.2011,0.2557,144,81,2,3641,,A5,,,,,,,,n317_5A5s,3641,,gutim,317,
317,1795.3172,0.1454,144,90,2,3642,,F#6,,,,,,,,n317_1Fs6t_1,3642,,gutim,317,
,,,,,,,,,,,,,,,,,,318,,,
318,1795.4703,0.06,144,86,14,3643,,D6,g,,,,,,,ng318_1D6e,3643,,gutim,318,
318,1795.4703,0.06,144,56,14,3643,,G#3,g,,,,,,,ng318_5Gs3e,3643,,gutim,318,
318,1795.5453,2.1818,144,81,22,3644,,A5,,,,,,,,n318_1A5h,3644,,gutim,318,
318,1795.5453,2.1818,144,86,14,3644,,D6,,,,,,,,n318_1D6h,3644,,gutim,318,
318,1795.5453,0.7776,144,85,5,3644,,C#6,,,,,,,,n318_2Cs6e_0,3644,,gutim,318,
318,1795.5453,0.1299,144,56,5,3644,,G#3,,,,,,,,n318_5Gs3t_0,3644,,gutim,318,
318,1795.682,0.1299,144,62,14,3645,,D4,,,,,,,,n318_5D4t_0,3645,,gutim,318,
318,1795.8187,0.1299,144,56,14,3646,,G#3,,,,,,,,n318_5Gs3t_1,3646,,gutim,318,
318,1795.9554,0.2598,144,62,14,3647,,D4,,,,,,,,n318_5D4s_0,3647,,gutim,318,
318,1796.2289,0.2598,144,56,14,3648,,G#3,,,,,,,,n318_5Gs3s,3648,,gutim,318,
318,1796.3638,1.1656,144,85,14,3649,,C#6,,,,,,,,n318_2Cs6e_1,3649,,gutim,318,
318,1796.5023,0.1299,144,62,14,3650,,D4,,,,,,,,n318_5D4t_1,3650,,gutim,318,
318,1796.639,0.1299,144,56,14,3651,,G#3,,,,,,,,n318_5Gs3t_2,3651,,gutim,318,
318,1796.7757,1.0374,144,62,14,3652,,D4,,,,,,,,n318_5D4t_2,3652,,gutim,318,
318,1797.5907,0.6477,144,85,14,3653,,C#6,,,,,,,,n318_2Cs6e_3,3653,,gutim,318,
318,1797.8677,0.1299,144,56,14,3654,,G#3,,,,,,,,n318_5Gs3t_3,3654,,gutim,318,
318,1798.0044,0.2547,144,62,14,3655,,D4,,,,,,,,n318_5D4s_1,3655,,gutim,318,
318,1798.2725,0.1299,144,72,14,3656,,C5,,,,,,,,n318_2C5t,3656,,gutim,318,
318,1798.4093,0.2598,144,76,14,3657,,E5,,,,,,,,n318_2E5s_0,3657,,gutim,318,
318,1798.6827,0.0641,144,85,14,3658,,C#6,,,,,,,,n318_2Cs6x,3658,,gutim,318,
318,1798.7502,0.0641,144,44,14,3659,,G#2,,,,,,,,n318_2Gs2x,3659,,gutim,318,
318,1798.8176,0.0641,144,50,14,3660,,D3,,,,,,,,n318_2D3x,3660,,gutim,318,
318,1798.8851,0.0641,144,72,14,3661,,C5,,,,,,,,n318_2C5x,3661,,gutim,318,
318,1798.9526,0.388,144,76,14,3662,,E5,,,,,,,,n318_2E5s_1,3662,,gutim,318,
318,1799.2953,1.2273,144,101,14,3663,,F7,,,,,,,,n318_1F7s,3663,,gutim,318,
318,1799.4657,0.1364,144,52,14,3664,,E3,,,,,,,,n318_5E3t_0,3664,,gutim,318,
318,1799.6362,0.1364,144,34,14,3665,,Bb1,,,,,,,,n318_5Bb1t,3665,,gutim,318,
318,1799.6362,0.1364,144,52,14,3665,,E3,,,,,,,,n318_5E3t_1,3665,,gutim,318,
318,1799.8066,0.4091,144,34,14,3666,,Bb1,,,,,,,,n318_5Bb1s,3666,,gutim,318,
318,1799.8066,0.4091,144,42,14,3666,,Gb2,,,,,,,,n318_5Gb2s,3666,,gutim,318,
318,1800.318,0.5455,144,42,14,3667,,Gb2,,,,,,,,n318_5Gb2e,3667,,gutim,318,
318,1800.8294,0.1364,144,101,14,3668,,F7,,,,,,,,n318_1F7t,3668,,gutim,318,
318,1800.9998,2.5909,144,76,14,3669,,E5,,,,,,,,n318_1E5h,3669,,gutim,318,
318,1800.9998,2.5909,144,101,14,3669,,F7,,,,,,,,n318_1F7h,3669,,gutim,318,
318,1800.9998,0.2884,144,88,14,3669,,E6,,,,,,,,n318_2E6s_0,3669,,gutim,318,
318,1801.3034,0.5752,144,68,14,3670,,G#4,,,,,,,,n318_2Gs4e,3670,,gutim,318,
318,1802.0598,0.1434,144,85,14,3671,,C#6,,,,,,,,n318_2Cs6t_0,3671,,gutim,318,
318,1802.2107,0.1434,144,79,14,3672,,G5,,,,,,,,n318_2G5t_0,3672,,gutim,318,
318,1802.3617,0.1434,144,85,14,3673,,C#6,,,,,,,,n318_2Cs6t_1,3673,,gutim,318,
318,1802.3634,1.9091,144,27,14,3674,,Eb1,,,,,,,,n318_5Eb1q,3674,,gutim,318,
318,1802.5126,0.1434,144,79,14,3675,,G5,,,,,,,,n318_2G5t_1,3675,,gutim,318,
318,1802.6635,0.1434,144,85,14,3676,,C#6,,,,,,,,n318_2Cs6t_2,3676,,gutim,318,
318,1802.8144,0.4318,144,88,14,3677,,E6,,,,,,,,n318_2E6s_1,3677,,gutim,318,
318,1803.269,0.1434,144,67,14,3678,,G4,,,,,,,,n318_2G4t,3678,,gutim,318,
318,1803.4199,0.2918,144,88,14,3679,,E6,,,,,,,,n318_2E6s_2,3679,,gutim,318,
,,,,,,,,,,,,,,,,,,319,,,
319,1803.7271,0.1434,144,85,14,3680,,C#6,,,,,,,,n319_2Cs6t,3680,,gutim,319,
319,1803.878,0.1434,144,67,14,3681,,G4,,,,,,,,n319_2G4t_0,3681,,gutim,319,
319,1804.0289,0.1434,144,88,14,3682,,E6,,,,,,,,n319_2E6t_0,3682,,gutim,319,
319,1804.1799,0.4318,144,72,14,3683,,C5,,,,,,,,n319_2C5s,3683,,gutim,319,
319,1804.4089,1.6193,144,73,14,3684,,C#5,,,,,,,,n319_1Cs5e_0,3684,,gutim,319,
319,1804.6326,0.1434,144,67,14,3685,,G4,,,,,,,,n319_2G4t_1,3685,,gutim,319,
319,1804.7498,0.5455,144,46,14,3686,,Bb2,,,,,,,,n319_5Bb2s_0,3686,,gutim,319,
319,1804.7835,0.1434,144,73,14,3687,,C#5,,,,,,,,n319_2Cs5t,3687,,gutim,319,
319,1804.9345,0.1434,144,67,14,3688,,G4,,,,,,,,n319_2G4t_2,3688,,gutim,319,
319,1805.0907,0.8636,144,76,14,3689,,E5,,,,,,,,n319_2E5e,3689,,gutim,319,
319,1805.4316,0.1094,144,69,14,3690,,A4,,,,,,,,n319_5A4t,3690,,gutim,319,
319,1805.5683,0.1094,144,41,14,3691,,F2,,,,,,,,n319_5F2t_0,3691,,gutim,319,
319,1805.7051,0.1094,144,81,14,3692,,A5,,,,,,,,n319_5A5t,3692,,gutim,319,
319,1805.8418,0.1094,144,41,14,3693,,F2,,,,,,,,n319_5F2t_1,3693,,gutim,319,
319,1805.9785,1.4716,144,37,14,3694,,Db2,,,,,,,,n319_5Db2t,3694,,gutim,319,
319,1805.9998,0.2884,144,67,14,3695,,G4,,,,,,,,n319_2G4s,3695,,gutim,319,
319,1806.1134,1.6193,144,58,14,3696,,Bb3,,,,,,,,n319_1Bb3s,3696,,gutim,319,
319,1806.2999,0.4318,144,88,14,3697,,E6,,,,,,,,n319_2E6t_1,3697,,gutim,319,
319,1806.758,0.1434,144,55,14,3698,,G3,,,,,,,,n319_2G3t,3698,,gutim,319,
319,1806.9089,0.1434,144,76,14,3699,,E5,,,,,,,,n319_2E5t,3699,,gutim,319,
319,1807.0598,0.4318,144,60,14,3700,,C4,,,,,,,,n319_2C4s,3700,,gutim,319,
319,1807.5144,0.1434,144,56,14,3701,,Ab3,,,,,,,,n319_2Ab3t,3701,,gutim,319,
319,1807.6653,0.1451,144,60,14,3702,,C4,,,,,,,,n319_2C4t,3702,,gutim,319,
319,1807.668,0.06,144,40,14,3703,,E2,g,,,,,,,ng319_5E2e,3703,,gutim,319,
319,1807.743,0.06,144,34,14,3704,,Bb1,g,,,,,,,ng319_5Bb1e_0,3704,,gutim,319,
319,1807.818,0.1434,144,56,14,3705,,Ab3,,,,,,,,n319_1Ab3t_0,3705,,gutim,319,
319,1807.818,0.108,144,33,14,3705,,A1,,,,,,,,n319_5A1t_0,3705,,gutim,319,
319,1807.9316,0.108,144,41,14,3706,,F2,,,,,,,,n319_5F2t_2,3706,,gutim,319,
319,1807.9671,0.1434,144,60,14,3707,,C4,,,,,,,,n319_1C4t,3707,,gutim,319,
319,1808.0453,0.108,144,40,14,3708,,E2,,,,,,,,n319_5E2t,3708,,gutim,319,
319,1808.1181,0.1434,144,56,14,3709,,Ab3,,,,,,,,n319_1Ab3t_1,3709,,gutim,319,
319,1808.1589,0.108,144,34,14,3710,,Bb1,,,,,,,,n319_5Bb1t,3710,,gutim,319,
319,1808.269,0.086,144,43,14,3711,,G2,,,,,,,,n319_1G2x,3711,,gutim,319,
319,1808.2725,0.108,144,33,14,3712,,A1,,,,,,,,n319_5A1t_1,3712,,gutim,319,
319,1808.3595,0.086,144,73,14,3713,,C#5,,,,,,,,n319_1Cs5x,3713,,gutim,319,
319,1808.3862,0.108,144,41,14,3714,,F2,,,,,,,,n319_5F2t_3,3714,,gutim,319,
319,1808.4501,0.086,144,88,14,3715,,E6,,,,,,,,n319_1E6x,3715,,gutim,319,
319,1808.4998,0.6477,144,37,14,3716,,Db2,,,,,,,,n319_5Db2e,3716,,gutim,319,
319,1808.5406,0.086,144,72,14,3717,,C5,,,,,,,,n319_1C5x,3717,,gutim,319,
319,1808.6312,0.086,144,68,14,3718,,Ab4,,,,,,,,n319_1Ab4x,3718,,gutim,319,
319,1808.7218,0.2884,144,72,14,3719,,C5,,,,,,,,n319_1C5s,3719,,gutim,319,
319,1809.0254,0.1434,144,56,14,3720,,Ab3,,,,,,,,n319_1Ab3t_2,3720,,gutim,319,
319,1809.1763,0.1434,144,43,14,3721,,G2,,,,,,,,n319_1G2t,3721,,gutim,319,
319,1809.3308,0.1434,144,56,14,3722,,Ab3,,,,,,,,n319_1Ab3t_3,3722,,gutim,319,
319,1809.4817,0.1434,144,73,14,3723,,C#5,,,,,,,,n319_1Cs5t,3723,,gutim,319,
319,1809.6326,0.2884,144,88,14,3724,,E6,,,,,,,,n319_1E6s,3724,,gutim,319,
319,1810.0953,0.057,144,71,14,3725,,B4,g,,,,,,,ng319_5B4e,3725,,gutim,319,
319,1810.1703,0.0712,144,52,14,3726,,E3,g,,,,,,,ng319_5E3e,3726,,gutim,319,
319,1810.2453,0.0712,144,42,14,3727,,F#2,g,,,,,,,ng319_5Fs2e,3727,,gutim,319,
319,1810.3203,0.0712,144,83,14,3728,,B5,g,,,,,,,ng319_5B5e,3728,,gutim,319,
319,1810.3953,0.0712,144,86,14,3729,,D6,g,,,,,,,ng319_5D6e,3729,,gutim,319,
319,1810.4703,0.0712,144,64,14,3730,,E4,g,,,,,,,ng319_1E4e,3730,,gutim,319,
319,1810.4703,0.0712,144,34,14,3730,,Bb1,g,,,,,,,ng319_5Bb1e_1,3730,,gutim,319,
319,1810.5453,0.6477,144,71,14,3731,,B4,,,,,,,,n319_1B4e,3731,,gutim,319,
319,1810.5453,0.8636,144,60,14,3731,,C4,,,,,,,,n319_5C4e,3731,,gutim,319,
319,1810.8521,0.0712,144,90,14,3732,,Gb6,g,,,,,,,ng319_1Gb6e,3732,,gutim,319,
319,1810.9271,0.0712,144,80,14,3733,,Ab5,g,,,,,,,ng319_1Ab5e,3733,,gutim,319,
319,1811.0021,0.0712,144,98,14,3734,,D7,g,,,,,,,ng319_1D7e,3734,,gutim,319,
319,1811.0771,0.0712,144,87,14,3735,,Eb6,g,,,,,,,ng319_1Eb6e,3735,,gutim,319,
319,1811.1521,0.0712,144,106,14,3736,,Bb7,g,,,,,,,ng319_1Bb7e,3736,,gutim,319,
319,1811.2271,0.1855,144,71,14,3737,,B4,,,,,,,,n319_1B4t,3737,,gutim,319,
319,1811.4224,0.1855,144,74,14,3738,,D5,,,,,,,,n319_1D5t,3738,,gutim,319,
319,1811.4544,0.086,144,76,14,3739,,E5,,,,,,,,n319_5E5x,3739,,gutim,319,
319,1811.5449,0.086,144,60,14,3740,,C4,,,,,,,,n319_5C4x_0,3740,,gutim,319,
319,1811.6177,0.0928,144,64,14,3741,,E4,,,,,,,,n319_1E4x,3741,,gutim,319,
319,1811.6355,0.086,144,56,14,3742,,Ab3,,,,,,,,n319_5Ab3x_0,3742,,gutim,319,
319,1811.7154,0.0928,144,71,14,3743,,B4,,,,,,,,n319_1B4x,3743,,gutim,319,
319,1811.726,0.086,144,60,14,3744,,C4,,,,,,,,n319_5C4x_1,3744,,gutim,319,
319,1811.813,0.0911,144,74,14,3745,,D5,,,,,,,,n319_1D5x,3745,,gutim,319,
319,1811.8166,0.0877,144,56,14,3745,,Ab3,,,,,,,,n319_5Ab3x_1,3745,,gutim,319,
,,,,,,,,,,,,,,,,,,320,,,
320,1811.9089,0.1207,144,73,14,3746,,C#5,,,,,,,,n320_1Cs5t_0,3746,,gutim,320,
320,1812.058,0.1207,144,67,14,3747,,G4,,,,,,,,n320_1G4t,3747,,gutim,320,
320,1812.1042,0.1562,144,54,14,3748,,Gb3,,,,,,,,n320_6Gb3t_0,3748,,gutim,320,
320,1812.209,0.1207,144,85,14,3749,,C#6,,,,,,,,n320_1Cs6t,3749,,gutim,320,
320,1812.2995,0.1562,144,46,14,3750,,Bb2,,,,,,,,n320_6Bb2t,3750,,gutim,320,
320,1812.3599,0.2429,144,88,14,3751,,E6,,,,,,,,n320_1E6s,3751,,gutim,320,
320,1812.4948,0.1562,144,54,14,3752,,Gb3,,,,,,,,n320_6Gb3t_1,3752,,gutim,320,
320,1812.6635,0.1207,144,72,14,3753,,C5,,,,,,,,n320_1C5t,3753,,gutim,320,
320,1812.6902,0.4659,144,46,14,3754,,Bb2,,,,,,,,n320_6Bb2s,3754,,gutim,320,
320,1812.8144,0.0724,144,85,14,3755,,C#6,,,,,,,,n320_1Cs6x,3755,,gutim,320,
320,1812.905,0.0724,144,67,14,3756,,G4,,,,,,,,n320_1G4x,3756,,gutim,320,
320,1812.9955,0.0724,144,100,14,3757,,E7,,,,,,,,n320_1E7x,3757,,gutim,320,
320,1813.0861,0.0724,144,84,14,3758,,C6,,,,,,,,n320_1C6x,3758,,gutim,320,
320,1813.1767,0.0724,144,68,14,3759,,G#4,,,,,,,,n320_1Gs4x,3759,,gutim,320,
320,1813.2672,0.1207,144,73,14,3760,,C#5,,,,,,,,n320_1Cs5t_1,3760,,gutim,320,
320,1813.4181,0.1207,144,43,14,3761,,G2,,,,,,,,n320_1G2t,3761,,gutim,320,
320,1813.5691,0.1207,144,88,14,3762,,E6,,,,,,,,n320_1E6t,3762,,gutim,320,
320,1813.72,0.0724,144,31,14,3763,,G1,,,,,,,,n320_1G1x,3763,,gutim,320,
320,1813.8105,0.0724,144,73,14,3764,,C#5,,,,,,,,n320_1Cs5x,3764,,gutim,320,
320,1813.9011,0.2188,144,76,14,3765,,E5,,,,,,,,n320_1E5t,3765,,gutim,320,
320,1813.9544,0.0928,144,28,14,3766,,E1,,,,,,,,n320_5E1x,3766,,gutim,320,
320,1814.0502,0.0928,144,22,14,3767,,Bb0,,,,,,,,n320_5Bb0x,3767,,gutim,320,
320,1814.1479,0.0928,144,21,14,3768,,A0,,,,,,,,n320_5A0x,3768,,gutim,320,
320,1814.1745,0.086,144,36,14,3769,,C2,,,,,,,,n320_1C2x_0,3769,,gutim,320,
320,1814.2455,0.0928,144,29,14,3770,,F1,,,,,,,,n320_5F1x_0,3770,,gutim,320,
320,1814.2651,0.086,144,40,14,3771,,E2,,,,,,,,n320_1E2x,3771,,gutim,320,
320,1814.3432,0.0928,144,25,14,3772,,Db1,,,,,,,,n320_5Db1x_0,3772,,gutim,320,
320,1814.3556,0.086,144,32,14,3773,,Ab1,,,,,,,,n320_1Ab1x_0,3773,,gutim,320,
320,1814.4409,0.0928,144,29,14,3774,,F1,,,,,,,,n320_5F1x_1,3774,,gutim,320,
320,1814.4462,0.086,144,36,14,3775,,C2,,,,,,,,n320_1C2x_1,3775,,gutim,320,
320,1814.5367,0.086,144,32,14,3776,,Ab1,,,,,,,,n320_1Ab1x_1,3776,,gutim,320,
320,1814.5385,0.0928,144,25,14,3777,,Db1,,,,,,,,n320_5Db1x_1,3777,,gutim,320,
,,,,,,,7243,,,,,,,,,,,,gutim,,
,,,,,,,,,,,,,,,,,,322,,,
322,1826.588,1.1176,144,84,22,3778,,C6,,,,,,,,n322_2C6q,3778,,gutim,322,
322,1826.588,1.1176,144,77,14,3778,,F5,,,,,,,,n322_6F5q,3778,,gutim,322,
322,1827.0263,0.0712,144,63,8,3779,,Eb4,g,,,,,,,ng322_5Eb4e,3779,,gutim,322,
322,1827.1013,0.0712,144,72,9,3780,,C5,g,,,,,,,ng322_5C5e,3780,,gutim,322,
322,1827.1763,1.6765,144,66,11,3781,,Gb4,,,,,,,,n322_5Gb4q,3781,,gutim,322,
322,1827.2395,0.0712,144,90,5,3782,,Gb6,g,,,,,,,ng322_2Gb6e_0,3782,,gutim,322,
322,1827.3145,0.0712,144,80,5,3783,,Ab5,g,,,,,,,ng322_2Ab5e,3783,,gutim,322,
322,1827.3895,0.0712,144,98,5,3784,,D7,g,,,,,,,ng322_2D7e_0,3784,,gutim,322,
322,1827.4645,0.0712,144,90,5,3785,,Gb6,g,,,,,,,ng322_2Gb6e_1,3785,,gutim,322,
322,1827.5395,0.0712,144,98,5,3786,,D7,g,,,,,,,ng322_2D7e_1,3786,,gutim,322,
322,1827.6145,0.0712,144,87,5,3787,,Eb6,g,,,,,,,ng322_2Eb6e,3787,,gutim,322,
322,1827.6895,0.0712,144,106,5,3788,,Bb7,g,,,,,,,ng322_2Bb7e,3788,,gutim,322,
322,1827.7645,0.2241,144,84,22,3789,,C6,,,,,,,,n322_2C6s_0,3789,,gutim,322,
322,1827.7645,0.1397,144,77,22,3789,,F5,,,,,,,,n322_6F5t_0,3789,,gutim,322,
322,1827.9116,0.1176,144,77,22,3790,,F5,,,,,,,,n322_6F5t_1,3790,,gutim,322,
322,1828.0004,0.565,144,84,22,3791,,C6,,,,,,,,n322_2C6e,3791,,gutim,322,
322,1828.1551,0.0742,144,85,11,3792,,C#6,,,,,,,,n322_1Cs6t,3792,,gutim,322,
322,1828.2333,0.0742,144,55,11,3793,,G3,,,,,,,,n322_1G3t,3793,,gutim,322,
322,1828.3114,0.0742,144,88,11,3794,,E6,,,,,,,,n322_1E6t_0,3794,,gutim,322,
322,1828.3895,0.0742,144,43,11,3795,,G2,,,,,,,,n322_1G2t_0,3795,,gutim,322,
322,1828.4676,0.0742,144,37,11,3796,,C#2,,,,,,,,n322_1Cs2t,3796,,gutim,322,
322,1828.5458,0.0742,144,100,11,3797,,E7,,,,,,,,n322_1E7t,3797,,gutim,322,
322,1828.6239,0.0742,144,48,11,3798,,C3,,,,,,,,n322_1C3t,3798,,gutim,322,
322,1828.702,0.0742,144,44,11,3799,,Ab2,,,,,,,,n322_1Ab2t,3799,,gutim,322,
322,1828.702,0.2241,144,84,14,3799,,C6,,,,,,,,n322_2C6s_1,3799,,gutim,322,
322,1828.7801,0.0742,144,60,11,3800,,C4,,,,,,,,n322_1C4t,3800,,gutim,322,
322,1828.8583,0.0742,144,45,11,3801,,A2,,,,,,,,n322_1A2t,3801,,gutim,322,
322,1828.9364,0.2684,144,80,14,3802,,G#5,,,,,,,,n322_1Gs5s,3802,,gutim,322,
322,1828.9364,0.2684,144,83,14,3802,,B5,,,,,,,,n322_1B5s,3802,,gutim,322,
322,1828.941,0.1121,144,84,22,3803,,C6,,,,,,,,n322_2C6t,3803,,gutim,322,
322,1828.941,2.8235,144,31,14,3803,,G1,,,,,,,,n322_6G1h,3803,,gutim,322,
322,1829.0589,0.2819,144,84,20,3804,,C6,,,,,,,,n322_2C6s_2,3804,,gutim,322,
322,1829.2765,0.1348,144,80,18,3805,,G#5,,,,,,,,n322_1Gs5t,3805,,gutim,322,
322,1829.2765,0.1348,144,83,18,3805,,B5,,,,,,,,n322_1B5t_0,3805,,gutim,322,
322,1829.4419,0.6418,144,77,22,3806,,F5,,,,,,,,n322_1F5e,3806,,gutim,322,
322,1829.4419,0.5404,144,83,22,3806,,B5,,,,,,,,n322_1B5e,3806,,gutim,322,
322,1829.4419,0.5404,144,84,22,3806,,C6,,,,,,,,n322_1C6e,3806,,gutim,322,
322,1829.4419,0.5404,144,88,22,3806,,E6,,,,,,,,n322_1E6e,3806,,gutim,322,
322,1830.1175,1.076,144,77,17,3807,,F5,,,,,,,,n322_1F5q,3807,,gutim,322,
322,1830.1175,1.076,144,83,17,3807,,B5,,,,,,,,n322_1B5q,3807,,gutim,322,
322,1830.1175,1.076,144,88,17,3807,,E6,,,,,,,,n322_1E6q,3807,,gutim,322,
322,1830.1175,1.8824,144,53,22,3807,,F3,,,,,,,,n322_5F3h,3807,,gutim,322,
322,1831.4594,0.3187,144,43,11,3808,,G2,,,,,,,,n322_1G2s,3808,,gutim,322,
322,1831.7627,0.1674,144,59,5,3809,,B3,,,,,,,,n322_2B3t_0,3809,,gutim,322,
322,1831.7948,0.4788,144,32,10,3810,,Ab1,,,,,,,,n322_1Ab1s_0,3810,,gutim,322,
322,1831.9373,0.1674,144,52,5,3811,,E3,,,,,,,,n322_2E3t_0,3811,,gutim,322,
322,1832.1135,0.1121,144,59,5,3812,,B3,,,,,,,,n322_2B3t_1,3812,,gutim,322,
322,1832.2314,0.0742,144,62,5,3813,,D4,,,,,,,,n322_2D4t_0,3813,,gutim,322,
322,1832.3004,0.3202,144,43,8,3814,,G2,,,,,,,,n322_1G2t_1,3814,,gutim,322,
322,1832.305,0.0742,144,52,5,3815,,E3,,,,,,,,n322_2E3t_1,3815,,gutim,322,
322,1832.3831,0.0742,144,62,5,3816,,D4,,,,,,,,n322_2D4t_1,3816,,gutim,322,
322,1832.4704,0.4468,144,34,5,3817,,Bb1,,,,,,,,n322_2Bb1e,3817,,gutim,322,
322,1832.6358,0.4788,144,32,8,3818,,Ab1,,,,,,,,n322_1Ab1s_1,3818,,gutim,322,
322,1832.9391,0.1121,144,34,5,3819,,Bb1,,,,,,,,n322_2Bb1t,3819,,gutim,322,
322,1833.0571,0.1121,144,42,5,3820,,Gb2,,,,,,,,n322_2Gb2t,3820,,gutim,322,
322,1833.1414,0.1601,144,83,5,3821,,B5,,,,,,,,n322_1B5t_2,3821,,gutim,322,
322,1833.1414,1.0319,144,80,5,3821,,G#5,,,,,,,,n322_5Gs5s,3821,,gutim,322,
322,1833.3068,0.1601,144,43,6,3822,,G2,,,,,,,,n322_1G2t_3,3822,,gutim,322,
322,1833.4753,0.163,144,32,5,3823,,Ab1,,,,,,,,n322_1Ab1t,3823,,gutim,322,
,,,,,,,,,,,,,,,,,,323,,,
323,1834.4281,0.2096,144,80,5,3824,,G#5,,,,,,,,n323_5Gs5s,3824,,gutim,323,
323,1834.6901,0.1066,144,93,5,3825,,A6,,,,,,,,n323_5A6t,3825,,gutim,323,
323,1834.8233,0.2489,144,65,5,3826,,F4,,,,,,,,n323_1F4s,3826,,gutim,323,
323,1835.0807,0.1237,144,58,14,3827,,Bb3,,,,,,,,n323_1Bb3t,3827,,gutim,323,
323,1835.2109,0.1863,144,77,14,3828,,F5,,,,,,,,n323_1F5t,3828,,gutim,323,
,,,,,,,7244,,,,,,,,,,,,gutim,,
323,1835.407,0.1863,144,60,5,3829,,C4,,,,,,,,n323_1C4t_0,3829,,gutim,323,
323,1835.6031,0.1237,144,70,5,3830,,Bb4,,,,,,,,n323_1Bb4t_0,3830,,gutim,323,
323,1835.7333,0.1237,144,60,6,3831,,C4,,,,,,,,n323_1C4t_1,3831,,gutim,323,
323,1835.8635,0.1237,144,70,6,3832,,Bb4,,,,,,,,n323_1Bb4t_1,3832,,gutim,323,
323,1835.9937,0.1121,144,60,6,3833,,C4,,,,,,,,n323_1C4t_2,3833,,gutim,323,
323,1836.1147,0.1121,144,70,6,3834,,Bb4,,,,,,,,n323_1Bb4t_2,3834,,gutim,323,
323,1836.2327,0.1121,144,80,7,3835,,G#5,,,,,,,,n323_1Gs5t_0,3835,,gutim,323,
323,1836.3506,0.4468,144,88,7,3836,,E6,,,,,,,,n323_1E6e,3836,,gutim,323,
323,1836.8209,0.1121,144,80,8,3837,,G#5,,,,,,,,n323_1Gs5t_1,3837,,gutim,323,
323,1836.9388,0.2256,144,88,8,3838,,E6,,,,,,,,n323_1E6s_0,3838,,gutim,323,
323,1837.0292,0.1176,144,53,17,3839,,F3,,,,,,,,n323_2F3t,3839,,gutim,323,
323,1837.1763,1.1176,144,92,17,3840,,Ab6,,,,,,,,n323_2Ab6q,3840,,gutim,323,
323,1837.1763,0.1176,144,77,22,3840,,F5,,,,,,,,n323_5F5t,3840,,gutim,323,
323,1837.3233,0.5882,144,62,22,3841,,D4,,,,,,,,n323_5D4s_0,3841,,gutim,323,
323,1837.3233,0.5882,144,77,22,3841,,F5,,,,,,,,n323_5F5s_0,3841,,gutim,323,
323,1837.7645,0.1397,144,80,8,3842,,G#5,,,,,,,,n323_1Gs5t_2,3842,,gutim,323,
323,1837.9116,0.4191,144,88,8,3843,,E6,,,,,,,,n323_1E6s_1,3843,,gutim,323,
323,1838.0586,0.2353,144,86,20,3844,,D6,,,,,,,,n323_5D6s_0,3844,,gutim,323,
323,1838.3528,1.8824,144,92,14,3845,,Ab6,,,,,,,,n323_2Ab6h,3845,,gutim,323,
323,1838.3528,0.2353,144,77,20,3845,,F5,,,,,,,,n323_5F5s_2,3845,,gutim,323,
323,1838.3528,0.2353,144,86,20,3845,,D6,,,,,,,,n323_5D6s_1,3845,,gutim,323,
323,1838.6469,1.6471,144,62,11,3846,,D4,,,,,,,,n323_1D4e,3846,,gutim,323,
323,1838.6469,1.4118,144,25,14,3846,,Db1,,,,,,,,n323_5Db1e_0,3846,,gutim,323,
323,1840.4116,0.2353,144,77,9,3847,,F5,,,,,,,,n323_5F5s_3,3847,,gutim,323,
,,,,,,,,,,,,,,,,,,324,,,
324,1840.7057,0.4191,144,28,8,3848,,E1,,,,,,,,n324_5E1s,3848,,gutim,324,
324,1840.7057,0.2353,144,25,8,3848,,Db1,,,,,,,,n324_6Db1s,3848,,gutim,324,
324,1840.9072,0.0712,144,60,5,3849,,C4,g,,,,,,,ng324_2C4e_0,3849,,gutim,324,
324,1840.9822,0.0712,144,89,5,3850,,F6,g,,,,,,,ng324_2F6e_0,3850,,gutim,324,
324,1841.0572,0.0712,144,92,5,3851,,Ab6,g,,,,,,,ng324_2Ab6e_0,3851,,gutim,324,
324,1841.1322,0.0712,144,89,5,3852,,F6,g,,,,,,,ng324_2F6e_1,3852,,gutim,324,
324,1841.1469,0.2096,144,47,5,3853,,B2,,,,,,,,n324_5B2s,3853,,gutim,324,
324,1841.2072,0.0712,144,82,6,3854,,Bb5,g,,,,,,,ng324_2Bb5e_0,3854,,gutim,324,
324,1841.2822,0.0712,144,60,6,3855,,C4,g,,,,,,,ng324_2C4e_1,3855,,gutim,324,
324,1841.3572,0.0712,144,89,6,3856,,F6,g,,,,,,,ng324_2F6e_2,3856,,gutim,324,
324,1841.4322,0.0712,144,92,7,3857,,Ab6,g,,,,,,,ng324_2Ab6e_1,3857,,gutim,324,
324,1841.5072,0.0712,144,82,7,3858,,Bb5,g,,,,,,,ng324_2Bb5e_1,3858,,gutim,324,
324,1841.5822,0.0712,144,92,8,3859,,Ab6,g,,,,,,,ng324_2Ab6e_2,3859,,gutim,324,
324,1841.588,0.2353,144,80,22,3860,,G#5,,,,,,,,n324_5Gs5s_0,3860,,gutim,324,
324,1841.6572,0.0712,144,100,8,3861,,E7,g,,,,,,,ng324_2E7e_0,3861,,gutim,324,
324,1841.7322,0.0712,144,82,9,3862,,Bb5,g,,,,,,,ng324_2Bb5e_2,3862,,gutim,324,
324,1841.8072,0.0712,144,100,9,3863,,E7,g,,,,,,,ng324_2E7e_1,3863,,gutim,324,
324,1841.8072,0.06,144,77,9,3863,,F5,g,,,,,,,ng324_6F5e,3863,,gutim,324,
324,1841.8822,0.1176,144,40,17,3864,,E2,,,,,,,,n324_5E2t_0,3864,,gutim,324,
324,1841.8822,0.9412,144,48,5,3864,,C3,,,,,,,,n324_6C3e,3864,,gutim,324,
324,1842.0292,0.1176,144,80,14,3865,,G#5,,,,,,,,n324_5Gs5t_0,3865,,gutim,324,
324,1842.1763,0.2353,144,40,11,3866,,E2,,,,,,,,n324_5E2s,3866,,gutim,324,
324,1842.4704,0.2684,144,80,8,3867,,G#5,,,,,,,,n324_5Gs5s_1,3867,,gutim,324,
324,1842.7645,0.2353,144,49,5,3868,,Db3,,,,,,,,n324_6Db3s,3868,,gutim,324,
324,1842.8059,0.1348,144,40,20,3869,,E2,,,,,,,,n324_5E2t_1,3869,,gutim,324,
324,1842.9744,0.0674,144,72,8,3870,,C5,,,,,,,,n324_5C5x,3870,,gutim,324,
324,1843.0586,0.1348,144,47,20,3871,,B2,,,,,,,,n324_5B2t_0,3871,,gutim,324,
324,1843.2241,0.1348,144,72,20,3872,,C5,,,,,,,,n324_5C5t_0,3872,,gutim,324,
324,1843.3926,0.0674,144,47,8,3873,,B2,,,,,,,,n324_5B2x,3873,,gutim,324,
324,1843.4768,0.1348,144,53,17,3874,,F3,,,,,,,,n324_5F3t,3874,,gutim,324,
324,1843.6453,0.0745,144,80,24,3875,,G#5,,,,,,,,n324_5Gs5t_1,3875,,gutim,324,
324,1843.7434,0.0931,144,40,19,3876,,E2,,,,,,,,n324_5E2t_2,3876,,gutim,324,
324,1843.8414,0.0931,144,72,14,3877,,C5,,,,,,,,n324_5C5t_1,3877,,gutim,324,
324,1843.9395,0.0931,144,47,8,3878,,B2,,,,,,,,n324_5B2t_1,3878,,gutim,324,
324,1844.0375,0.1877,144,53,8,3879,,F3,,,,,,,,n324_5F3s,3879,,gutim,324,
324,1844.088,0.0699,144,79,8,3880,,G5,,,,,,,,n324_2G5x,3880,,gutim,324,
324,1844.1616,0.0699,144,33,8,3881,,A1,,,,,,,,n324_2A1x,3881,,gutim,324,
,,,,,,,7248,,,,,,,,,,,,gutim,,
,,,,,,,,,,,,,,,,,,326,,,
326,1850.1175,0.1121,144,41,8,3882,,F2,,,,,,,,n326_5F2t_0,3882,,gutim,326,
326,1850.2354,0.1121,144,37,8,3883,,C#2,,,,,,,,n326_5Cs2t_0,3883,,gutim,326,
326,1850.3534,0.1121,144,38,8,3884,,D2,,,,,,,,n326_5D2t_0,3884,,gutim,326,
326,1850.4713,0.1121,144,37,8,3885,,C#2,,,,,,,,n326_5Cs2t_1,3885,,gutim,326,
326,1850.5893,0.1121,144,38,8,3886,,D2,,,,,,,,n326_5D2t_1,3886,,gutim,326,
326,1850.7072,0.1121,144,37,8,3887,,C#2,,,,,,,,n326_5Cs2t_2,3887,,gutim,326,
326,1850.8252,0.1674,144,41,8,3888,,F2,,,,,,,,n326_5F2t_1,3888,,gutim,326,
326,1851.0013,0.1674,144,38,8,3889,,D2,,,,,,,,n326_5D2t_2,3889,,gutim,326,
326,1851.1775,0.1106,144,37,8,3890,,C#2,,,,,,,,n326_5Cs2t_3,3890,,gutim,326,
,,,,,,,,,,,,,,,,,,327,,,
327,1851.2939,0.1121,144,33,8,3891,,A1,,,,,,,,n327_5A1t_0,3891,,gutim,327,
327,1851.2939,0.1121,144,41,8,3891,,F2,,,,,,,,n327_5F2t_0,3891,,gutim,327,
327,1851.4119,0.1674,144,44,8,3892,,G#2,,,,,,,,n327_5Gs2t_0,3892,,gutim,327,
327,1851.588,0.1121,144,33,8,3893,,A1,,,,,,,,n327_5A1t_1,3893,,gutim,327,
327,1851.588,0.1121,144,37,8,3893,,C#2,,,,,,,,n327_5Cs2t_0,3893,,gutim,327,
327,1851.588,0.1121,144,38,8,3893,,D2,,,,,,,,n327_5D2t_0,3893,,gutim,327,
327,1851.706,0.1121,144,44,8,3894,,G#2,,,,,,,,n327_5Gs2t_1,3894,,gutim,327,
327,1851.824,0.1674,144,38,8,3895,,D2,,,,,,,,n327_5D2t_1,3895,,gutim,327,
327,1852.0001,0.1674,144,33,8,3896,,A1,,,,,,,,n327_5A1t_2,3896,,gutim,327,
327,1852.0001,0.1674,144,37,8,3896,,C#2,,,,,,,,n327_5Cs2t_1,3896,,gutim,327,
327,1852.0001,0.1674,144,41,8,3896,,F2,,,,,,,,n327_5F2t_1,3896,,gutim,327,
327,1852.1763,0.1674,144,44,14,3897,,G#2,,,,,,,,n327_5Gs2t_2,3897,,gutim,327,
327,1852.3524,0.1121,144,33,14,3898,,A1,,,,,,,,n327_5A1t_3,3898,,gutim,327,
,,,,,,,7249,,,,,,,,,,,,gutim,,
327,1852.4704,0.0784,144,27,14,3899,,D#1,,,,,,,,n327_5Ds1s,3899,,gutim,327,
327,1852.4704,0.1569,144,32,14,3899,,G#1,,,,,,,,n327_5Gs1s,3899,,gutim,327,
327,1852.4704,0.1569,144,37,14,3899,,C#2,,,,,,,,n327_5Cs2s,3899,,gutim,327,
327,1852.4704,0.1569,144,55,14,3899,,G3,,,,,,,,n327_5G3s,3899,,gutim,327,
327,1852.4704,0.1569,144,59,14,3899,,B3,,,,,,,,n327_5B3s,3899,,gutim,327,
327,1852.6665,0.0784,144,36,17,3900,,C2,,,,,,,,n327_5C2t,3900,,gutim,327,
327,1852.6665,0.0784,144,46,17,3900,,Bb2,,,,,,,,n327_5Bb2t,3900,,gutim,327,
327,1852.7645,0.0784,144,48,14,3901,,C3,,,,,,,,n327_5C3t_0,3901,,gutim,327,
327,1852.8626,0.0784,144,41,12,3902,,F2,,,,,,,,n327_5F2t_2,3902,,gutim,327,
327,1852.9606,0.0784,144,35,11,3903,,B1,,,,,,,,n327_5B1t,3903,,gutim,327,
327,1853.0586,0.0931,144,43,11,3904,,G2,,,,,,,,n327_1G2t_0,3904,,gutim,327,
327,1853.1567,0.0931,144,88,11,3905,,E6,,,,,,,,n327_1E6t_0,3905,,gutim,327,
327,1853.2547,0.0931,144,85,11,3906,,Db6,,,,,,,,n327_1Db6t,3906,,gutim,327,
327,1853.3528,0.0931,144,88,10,3907,,E6,,,,,,,,n327_1E6t_1,3907,,gutim,327,
327,1853.4508,0.0931,144,73,10,3908,,Db5,,,,,,,,n327_1Db5t,3908,,gutim,327,
327,1853.5488,0.0931,144,76,10,3909,,E5,,,,,,,,n327_1E5t_0,3909,,gutim,327,
327,1853.6469,0.1397,144,55,10,3910,,G3,,,,,,,,n327_1G3t,3910,,gutim,327,
327,1853.6469,0.9412,144,48,17,3910,,C3,,,,,,,,n327_5C3q,3910,,gutim,327,
327,1853.7939,0.1397,144,61,9,3911,,Db4,,,,,,,,n327_1Db4t_0,3911,,gutim,327,
327,1853.941,0.0931,144,76,9,3912,,E5,,,,,,,,n327_1E5t_1,3912,,gutim,327,
327,1854.039,0.0931,144,61,9,3913,,Db4,,,,,,,,n327_1Db4t_1,3913,,gutim,327,
327,1854.1371,0.0931,144,60,8,3914,,C4,,,,,,,,n327_1C4t_0,3914,,gutim,327,
327,1854.2351,0.1397,144,43,8,3915,,G2,,,,,,,,n327_1G2t_1,3915,,gutim,327,
327,1854.2351,0.1397,144,56,8,3915,,Ab3,,,,,,,,n327_1Ab3t,3915,,gutim,327,
327,1854.3822,0.1397,144,60,8,3916,,C4,,,,,,,,n327_1C4t_1,3916,,gutim,327,
327,1854.5292,0.1397,144,44,7,3917,,Ab2,,,,,,,,n327_1Ab2t,3917,,gutim,327,
327,1854.6763,0.1397,144,72,7,3918,,C5,,,,,,,,n327_1C5t,3918,,gutim,327,
327,1854.6763,0.1397,144,76,7,3918,,E5,,,,,,,,n327_1E5t_2,3918,,gutim,327,
327,1854.8233,0.1176,144,31,7,3919,,G1,,,,,,,,n327_5G1t_0,3919,,gutim,327,
327,1854.9704,0.1176,144,61,6,3920,,Db4,,,,,,,,n327_5Db4t,3920,,gutim,327,
327,1855.1175,0.0931,144,44,6,3921,,Ab2,,,,,,,,n327_5Ab2t_0,3921,,gutim,327,
327,1855.1175,0.0931,144,76,6,3921,,E5,,,,,,,,n327_5E5t,3921,,gutim,327,
327,1855.2155,0.0931,144,48,6,3922,,C3,,,,,,,,n327_5C3t_1,3922,,gutim,327,
327,1855.3135,0.1397,144,44,5,3923,,Ab2,,,,,,,,n327_5Ab2t_1,3923,,gutim,327,
327,1855.4606,0.0931,144,48,5,3924,,C3,,,,,,,,n327_5C3t_2,3924,,gutim,327,
327,1855.5586,0.1397,144,49,5,3925,,Db3,,,,,,,,n327_5Db3t,3925,,gutim,327,
327,1855.7057,0.1397,144,44,5,3926,,Ab2,,,,,,,,n327_5Ab2t_2,3926,,gutim,327,
327,1855.7057,0.1397,144,48,5,3926,,C3,,,,,,,,n327_5C3t_3,3926,,gutim,327,
327,1855.7057,0.1397,144,64,5,3926,,E4,,,,,,,,n327_5E4t,3926,,gutim,327,
327,1855.8528,0.1176,144,31,5,3927,,G1,,,,,,,,n327_5G1t_1,3927,,gutim,327,
327,1855.8528,0.1176,144,32,5,3927,,Ab1,,,,,,,,n327_5Ab1t,3927,,gutim,327,
,,,,,,,7250,,,,,,,,,,,,gutim,,
,,,,,,,,,,,,,,,,,,328,,,
328,1855.9998,0.8235,144,84,24,3928,,C6,,,,,,,,n328_1C6e,3928,,gutim,328,
328,1855.9998,0.8235,144,97,24,3928,,Db7,,,,,,,,n328_1Db7e,3928,,gutim,328,
328,1855.9998,0.1176,144,52,14,3928,,E3,,,,,,,,n328_5E3t,3928,,gutim,328,
328,1855.9998,0.1176,144,58,14,3928,,Bb3,,,,,,,,n328_5Bb3t,3928,,gutim,328,
328,1856.1469,0.3529,144,32,24,3929,,Ab1,,,,,,,,n328_5Ab1s_0,3929,,gutim,328,
328,1856.588,0.3529,144,32,24,3930,,Ab1,,,,,,,,n328_5Ab1s_1,3930,,gutim,328,
328,1856.588,0.3529,144,52,24,3930,,E3,,,,,,,,n328_5E3s,3930,,gutim,328,
328,1856.588,0.3529,144,58,24,3930,,Bb3,,,,,,,,n328_5Bb3s_0,3930,,gutim,328,
328,1857.0292,0.1176,144,84,24,3931,,C6,,,,,,,,n328_1C6t_0,3931,,gutim,328,
328,1857.0292,0.1176,144,97,24,3931,,Db7,,,,,,,,n328_1Db7t_0,3931,,gutim,328,
328,1857.0292,0.1176,144,32,24,3931,,Ab1,,,,,,,,n328_5Ab1t_0,3931,,gutim,328,
328,1857.0292,0.1176,144,40,24,3931,,E2,,,,,,,,n328_5E2t_0,3931,,gutim,328,
328,1857.1763,0.1176,144,84,23,3932,,C6,,,,,,,,n328_1C6t_1,3932,,gutim,328,
328,1857.1763,0.1176,144,97,23,3932,,Db7,,,,,,,,n328_1Db7t_1,3932,,gutim,328,
328,1857.1763,0.1176,144,32,23,3932,,Ab1,,,,,,,,n328_5Ab1t_1,3932,,gutim,328,
328,1857.1763,0.1176,144,40,23,3932,,E2,,,,,,,,n328_5E2t_1,3932,,gutim,328,
328,1857.3233,0.3529,144,72,22,3933,,C5,,,,,,,,n328_1C5s_0,3933,,gutim,328,
328,1857.3233,0.3529,144,58,22,3933,,Bb3,,,,,,,,n328_5Bb3s_1,3933,,gutim,328,
328,1857.7645,0.2353,144,58,18,3934,,Bb3,,,,,,,,n328_1Bb3s,3934,,gutim,328,
328,1857.7645,0.2353,144,72,18,3934,,C5,,,,,,,,n328_1C5s_1,3934,,gutim,328,
328,1857.7645,0.5882,144,32,18,3934,,Ab1,,,,,,,,n328_5Ab1e_0,3934,,gutim,328,
328,1857.7645,0.5882,144,40,18,3934,,E2,,,,,,,,n328_5E2e,3934,,gutim,328,
328,1858.0586,0.3529,144,72,16,3935,,C5,,,,,,,,n328_1C5s_2,3935,,gutim,328,
328,1858.0586,0.3529,144,85,16,3935,,Db6,,,,,,,,n328_1Db6s_0,3935,,gutim,328,
328,1858.4998,0.3529,144,72,13,3936,,C5,,,,,,,,n328_1C5s_3,3936,,gutim,328,
328,1858.4998,0.3529,144,85,13,3936,,Db6,,,,,,,,n328_1Db6s_1,3936,,gutim,328,
328,1858.4998,0.1176,144,32,13,3936,,Ab1,,,,,,,,n328_5Ab1t_3,3936,,gutim,328,
328,1858.4998,0.1176,144,40,13,3936,,E2,,,,,,,,n328_5E2t_3,3936,,gutim,328,
328,1858.6469,0.2353,144,32,11,3937,,Ab1,,,,,,,,n328_5Ab1s_2,3937,,gutim,328,
328,1858.6469,0.2353,144,40,11,3937,,E2,,,,,,,,n328_5E2s_0,3937,,gutim,328,
328,1858.6469,0.2353,144,46,11,3937,,Bb2,,,,,,,,n328_5Bb2s_0,3937,,gutim,328,
328,1858.941,0.1176,144,60,14,3938,,C4,,,,,,,,n328_1C4t,3938,,gutim,328,
328,1858.941,0.1176,144,73,14,3938,,Db5,,,,,,,,n328_1Db5t,3938,,gutim,328,
328,1858.941,0.1176,144,32,9,3938,,Ab1,,,,,,,,n328_5Ab1t_4,3938,,gutim,328,
328,1858.941,0.1176,144,40,9,3938,,E2,,,,,,,,n328_5E2t_4,3938,,gutim,328,
328,1858.941,0.1176,144,46,14,3938,,Bb2,,,,,,,,n328_5Bb2t,3938,,gutim,328,
328,1859.088,0.3529,144,60,14,3939,,C4,,,,,,,,n328_1C4s,3939,,gutim,328,
328,1859.088,0.3529,144,73,14,3939,,Db5,,,,,,,,n328_1Db5s,3939,,gutim,328,
328,1859.088,0.3529,144,32,14,3939,,Ab1,,,,,,,,n328_5Ab1s_3,3939,,gutim,328,
328,1859.088,0.3529,144,40,14,3939,,E2,,,,,,,,n328_5E2s_1,3939,,gutim,328,
328,1859.088,0.3529,144,46,14,3939,,Bb2,,,,,,,,n328_5Bb2s_1,3939,,gutim,328,
,,,,,,,7251,,,,,,,,,,,,gutim,,
328,1859.7253,0.1569,144,105,22,3940,,A7,,,,,,,,n328_1A7s,3940,,gutim,328,
328,1859.9214,0.6275,144,105,22,3941,,A7,,,,,,,,n328_1A7q,3941,,gutim,328,
328,1859.9214,0.3762,144,29,22,3941,,F1,,,,,,,,n328_5F1e_0,3941,,gutim,328,
328,1860.3917,0.2512,144,29,22,3942,,F1,,,,,,,,n328_5F1e_1,3942,,gutim,328,
328,1860.7057,0.2512,144,29,22,3943,,F1,,,,,,,,n328_5F1e_2,3943,,gutim,328,
328,1860.7057,0.2512,144,51,22,3943,,Eb3,,,,,,,,n328_5Eb3e_0,3943,,gutim,328,
328,1861.0197,0.3762,144,51,22,3944,,Eb3,,,,,,,,n328_5Eb3e_1,3944,,gutim,328,
328,1861.49,1.1176,144,85,22,3945,,Db6,,,,,,,,n328_1Db6e,3945,,gutim,328,
328,1861.49,0.0784,144,51,14,3945,,Eb3,,,,,,,,n328_5Eb3t,3945,,gutim,328,
328,1861.49,0.0784,144,56,14,3945,,Ab3,,,,,,,,n328_5Ab3t,3945,,gutim,328,
328,1861.588,0.2353,144,51,15,3946,,Eb3,,,,,,,,n328_5Eb3s,3946,,gutim,328,
328,1861.588,0.2353,144,56,15,3946,,Ab3,,,,,,,,n328_5Ab3s,3946,,gutim,328,
328,1861.588,0.2353,144,61,15,3946,,Db4,,,,,,,,n328_5Db4s,3946,,gutim,328,
328,1861.8822,0.3725,144,51,17,3947,,Eb3,,,,,,,,n328_5Eb3e_2,3947,,gutim,328,
328,1861.8822,0.3137,144,56,17,3947,,Ab3,,,,,,,,n328_5Ab3e,3947,,gutim,328,
328,1861.8822,0.3137,144,61,17,3947,,Db4,,,,,,,,n328_5Db4e,3947,,gutim,328,
328,1862.2743,0.3137,144,32,20,3948,,Ab1,,,,,,,,n328_5Ab1e_1,3948,,gutim,328,
328,1862.6665,0.1863,144,82,22,3949,,Bb5,,,,,,,,n328_1Bb5s,3949,,gutim,328,
328,1862.6665,0.1863,144,32,20,3949,,Ab1,,,,,,,,n328_5Ab1s_4,3949,,gutim,328,
328,1862.8626,0.1863,144,85,22,3950,,Db6,,,,,,,,n328_1Db6s_2,3950,,gutim,328,
328,1862.8626,0.1863,144,42,18,3950,,Gb2,,,,,,,,n328_5Gb2s,3950,,gutim,328,
,,,,,,,,,,,,,,,,,,329,,,
329,1863.0586,0.0712,144,93,14,3951,,A6,g,,,,,,,ng329_1A6e,3951,,gutim,329,
329,1863.0586,0.0712,144,96,14,3951,,C7,g,,,,,,,ng329_1C7e_0,3951,,gutim,329,
329,1863.1336,0.0712,144,100,15,3952,,E7,g,,,,,,,ng329_1E7e,3952,,gutim,329,
329,1863.1336,0.0712,144,63,12,3952,,Eb4,g,,,,,,,ng329_5Eb4e_0,3952,,gutim,329,
329,1863.2086,0.0712,144,96,17,3953,,C7,g,,,,,,,ng329_1C7e_1,3953,,gutim,329,
329,1863.2086,0.0712,144,53,11,3953,,F3,g,,,,,,,ng329_5F3e_0,3953,,gutim,329,
329,1863.2836,0.0712,144,74,18,3954,,D5,g,,,,,,,ng329_1D5e,3954,,gutim,329,
329,1863.2836,0.0712,144,63,10,3954,,Eb4,g,,,,,,,ng329_5Eb4e_1,3954,,gutim,329,
329,1863.3586,0.0712,144,73,20,3955,,Db5,g,,,,,,,ng329_1Db5e_0,3955,,gutim,329,
329,1863.3586,0.0712,144,53,10,3955,,F3,g,,,,,,,ng329_5F3e_1,3955,,gutim,329,
329,1863.4336,0.0712,144,68,21,3956,,Ab4,g,,,,,,,ng329_1Ab4e_0,3956,,gutim,329,
329,1863.4336,0.0712,144,63,9,3956,,Eb4,g,,,,,,,ng329_5Eb4e_2,3956,,gutim,329,
329,1863.5086,0.0712,144,73,22,3957,,Db5,g,,,,,,,ng329_1Db5e_1,3957,,gutim,329,
329,1863.5086,0.0712,144,53,9,3957,,F3,g,,,,,,,ng329_5F3e_2,3957,,gutim,329,
329,1863.5836,0.0712,144,54,8,3958,,Gb3,g,,,,,,,ng329_5Gb3e,3958,,gutim,329,
329,1863.6586,0.7451,144,84,22,3959,,C6,,,,,,,,n329_1C6q,3959,,gutim,329,
329,1863.6586,0.7451,144,85,11,3959,,Db6,,,,,,,,n329_1Db6q,3959,,gutim,329,
329,1863.6586,0.7451,144,87,11,3959,,Eb6,,,,,,,,n329_1Eb6q,3959,,gutim,329,
329,1863.6586,0.7451,144,88,11,3959,,Fb6,,,,,,,,n329_1Fb6q,3959,,gutim,329,
329,1863.6586,1.1176,144,48,8,3959,,C3,,,,,,,,n329_5C3q,3959,,gutim,329,
329,1864.4429,0.3137,144,54,17,3960,,Gb3,,,,,,,,n329_1Gb3e,3960,,gutim,329,
329,1864.7601,0.06,144,97,14,3961,,C#7,g,,,,,,,ng329_1Cs7e_0,3961,,gutim,329,
329,1864.9616,0.0712,144,108,21,3962,,C8,g,,,,,,,ng329_1C8e_0,3962,,gutim,329,
329,1865.0366,0.0712,144,97,20,3963,,C#7,g,,,,,,,ng329_1Cs7e_1,3963,,gutim,329,
329,1865.1116,0.0712,144,108,20,3964,,C8,g,,,,,,,ng329_1C8e_1,3964,,gutim,329,
329,1865.1866,0.0712,144,97,19,3965,,C#7,g,,,,,,,ng329_1Cs7e_2,3965,,gutim,329,
329,1865.2616,0.0712,144,87,14,3966,,Eb6,g,,,,,,,ng329_1Eb6e,3966,,gutim,329,
329,1865.3366,0.0712,144,106,17,3967,,Bb7,g,,,,,,,ng329_1Bb7e_0,3967,,gutim,329,
329,1865.4116,0.0712,144,76,16,3968,,E5,g,,,,,,,ng329_1E5e_0,3968,,gutim,329,
329,1865.4866,0.0712,144,96,16,3969,,C7,g,,,,,,,ng329_1C7e_2,3969,,gutim,329,
329,1865.5616,0.0712,144,76,15,3970,,E5,g,,,,,,,ng329_1E5e_1,3970,,gutim,329,
329,1865.6366,0.0712,144,94,14,3971,,Bb6,g,,,,,,,ng329_1Bb6e_0,3971,,gutim,329,
329,1865.7116,0.0712,144,68,13,3972,,Ab4,g,,,,,,,ng329_1Ab4e_1,3972,,gutim,329,
329,1865.7866,0.0712,144,76,13,3973,,E5,g,,,,,,,ng329_1E5e_2,3973,,gutim,329,
329,1865.8616,0.0712,144,94,12,3974,,Bb6,g,,,,,,,ng329_1Bb6e_1,3974,,gutim,329,
329,1865.9366,0.0712,144,64,11,3975,,E4,g,,,,,,,ng329_1E4e,3975,,gutim,329,
329,1866.0116,1.1176,144,71,11,3976,,B4,,,,,,,,n329_1B4q,3976,,gutim,329,
329,1866.0116,0.9412,144,56,8,3976,,Ab3,,,,,,,,n329_5Ab3q,3976,,gutim,329,
329,1866.588,0.0712,144,85,7,3977,,C#6,g,,,,,,,ng329_1Cs6e,3977,,gutim,329,
329,1866.663,0.0712,144,108,7,3978,,C8,g,,,,,,,ng329_1C8e_2,3978,,gutim,329,
329,1866.738,0.0712,144,97,6,3979,,C#7,g,,,,,,,ng329_1Cs7e_3,3979,,gutim,329,
329,1866.813,0.0712,144,76,6,3980,,E5,g,,,,,,,ng329_1E5e_3,3980,,gutim,329,
329,1866.888,0.0712,144,106,6,3981,,Bb7,g,,,,,,,ng329_1Bb7e_1,3981,,gutim,329,
329,1866.963,0.0712,144,76,6,3982,,E5,g,,,,,,,ng329_1E5e_4,3982,,gutim,329,
329,1867.038,0.0712,144,108,5,3983,,C8,g,,,,,,,ng329_1C8e_3,3983,,gutim,329,
329,1867.113,0.0712,144,68,5,3984,,Ab4,g,,,,,,,ng329_1Ab4e_2,3984,,gutim,329,
329,1867.188,0.0931,144,37,8,3985,,C#2,,,,,,,,n329_5Cs2t_0,3985,,gutim,329,
329,1867.2861,0.0931,144,57,8,3986,,A3,,,,,,,,n329_5A3t_0,3986,,gutim,329,
329,1867.3841,0.0931,144,50,8,3987,,D3,,,,,,,,n329_5D3t_0,3987,,gutim,329,
329,1867.4822,0.0931,144,37,8,3988,,C#2,,,,,,,,n329_5Cs2t_1,3988,,gutim,329,
329,1867.5802,0.0931,144,57,8,3989,,A3,,,,,,,,n329_5A3t_1,3989,,gutim,329,
329,1867.6782,0.0931,144,50,8,3990,,D3,,,,,,,,n329_5D3t_1,3990,,gutim,329,
329,1867.7763,0.0931,144,57,8,3991,,A3,,,,,,,,n329_5A3t_2,3991,,gutim,329,
329,1867.8743,0.3725,144,50,8,3992,,D3,,,,,,,,n329_5D3e_0,3992,,gutim,329,
329,1868.0704,0.1397,144,34,20,3993,,Bb1,,,,,,,,n329_1Bb1t_0,3993,,gutim,329,
329,1868.2175,0.1176,144,34,21,3994,,Bb1,,,,,,,,n329_1Bb1t_1,3994,,gutim,329,
329,1868.2175,0.1176,144,66,21,3994,,Gb4,,,,,,,,n329_1Gb4t,3994,,gutim,329,
329,1868.3645,0.9412,144,75,22,3995,,Eb5,,,,,,,,n329_1Eb5q,3995,,gutim,329,
329,1868.3645,0.0944,144,72,22,3995,,C5,,,,,,,,n329_2C5t,3995,,gutim,329,
329,1868.3645,0.1176,144,34,22,3995,,Bb1,,,,,,,,n329_5Bb1t,3995,,gutim,329,
329,1868.3645,0.1176,144,66,22,3995,,Gb4,,,,,,,,n329_5Gb4t,3995,,gutim,329,
329,1868.6004,0.1121,144,61,14,3996,,Db4,,,,,,,,n329_2Db4t_0,3996,,gutim,329,
329,1868.7184,0.1121,144,70,13,3997,,Bb4,,,,,,,,n329_2Bb4t,3997,,gutim,329,
329,1868.8363,0.1121,144,61,12,3998,,Db4,,,,,,,,n329_2Db4t_1,3998,,gutim,329,
329,1868.9543,0.3347,144,52,11,3999,,E3,,,,,,,,n329_2E3s,3999,,gutim,329,
329,1868.9528,0.0931,144,57,8,3999,,A3,,,,,,,,n329_5A3t_3,3999,,gutim,329,
329,1869.0508,0.0931,144,50,8,4000,,D3,,,,,,,,n329_5D3t_2,4000,,gutim,329,
329,1869.1488,0.1863,144,41,8,4001,,F2,,,,,,,,n329_5F2s,4001,,gutim,329,
329,1869.3066,0.2227,144,44,8,4002,,G#2,,,,,,,,n329_2Gs2s,4002,,gutim,329,
329,1869.3449,0.1863,144,35,8,4003,,B1,,,,,,,,n329_5B1s,4003,,gutim,329,
329,1869.541,0.6275,144,35,8,4004,,B1,,,,,,,,n329_5B1q,4004,,gutim,329,
329,1869.541,0.6275,144,41,8,4004,,F2,,,,,,,,n329_5F2q,4004,,gutim,329,
329,1869.541,0.6275,144,50,8,4004,,D3,,,,,,,,n329_5D3q,4004,,gutim,329,
329,1869.541,0.6275,144,57,8,4004,,A3,,,,,,,,n329_5A3q,4004,,gutim,329,
329,1869.688,0.1176,144,84,22,4005,,C6,,,,,,,,n329_1C6t,4005,,gutim,329,
329,1869.8351,0.2353,144,62,22,4006,,D4,,,,,,,,n329_1D4s,4006,,gutim,329,
329,1869.8351,0.2353,144,84,22,4006,,C6,,,,,,,,n329_1C6s,4006,,gutim,329,
329,1870.3253,0.9412,144,35,8,4007,,B1,,,,,,,,n329_5B1e,4007,,gutim,329,
329,1870.3253,0.9412,144,41,8,4007,,F2,,,,,,,,n329_5F2e,4007,,gutim,329,
329,1870.3253,0.9412,144,50,8,4007,,D3,,,,,,,,n329_5D3e_1,4007,,gutim,329,
329,1870.3253,0.9412,144,57,8,4007,,A3,,,,,,,,n329_5A3e,4007,,gutim,329,
329,1870.3912,0.0626,144,63,8,4008,,D#4,,,,,,,,n329_1Ds4x_0,4008,,gutim,329,
329,1870.457,0.0626,144,59,9,4009,,B3,,,,,,,,n329_1B3x,4009,,gutim,329,
329,1870.5229,0.0626,144,68,10,4010,,G#4,,,,,,,,n329_1Gs4x_0,4010,,gutim,329,
329,1870.5888,0.0626,144,63,12,4011,,D#4,,,,,,,,n329_1Ds4x_1,4011,,gutim,329,
329,1870.6547,0.0597,144,68,13,4012,,G#4,,,,,,,,n329_1Gs4x_1,4012,,gutim,329,
,,,,,,,,,,,,,,,,,,330,,,
330,1870.7175,0.0931,144,63,14,4013,,D#4,,,,,,,,n330_1Ds4t,4013,,gutim,330,
330,1870.8155,0.0931,144,68,16,4014,,G#4,,,,,,,,n330_1Gs4t,4014,,gutim,330,
330,1870.9135,0.0931,144,59,17,4015,,B3,,,,,,,,n330_1B3t,4015,,gutim,330,
330,1871.0116,0.0931,144,31,19,4016,,G1,,,,,,,,n330_1G1t_0,4016,,gutim,330,
330,1871.1096,0.1863,144,21,21,4017,,A0,,,,,,,,n330_1A0s_0,4017,,gutim,330,
330,1871.5018,0.3137,144,23,20,4018,,B0,,,,,,,,n330_5B0e,4018,,gutim,330,
330,1871.5018,0.3137,144,37,20,4018,,C#2,,,,,,,,n330_5Cs2e,4018,,gutim,330,
330,1871.5018,0.3137,144,41,20,4018,,F2,,,,,,,,n330_5F2e,4018,,gutim,330,
330,1871.5018,0.3137,144,50,20,4018,,D3,,,,,,,,n330_5D3e,4018,,gutim,330,
330,1871.5998,0.0931,144,31,22,4019,,G1,,,,,,,,n330_1G1t_1,4019,,gutim,330,
330,1871.6978,0.7451,144,21,22,4020,,A0,,,,,,,,n330_1A0s_1,4020,,gutim,330,
330,1872.2861,0.0784,144,23,24,4021,,B0,,,,,,,,n330_5B0s,4021,,gutim,330,
330,1872.2861,0.1569,144,37,24,4021,,C#2,,,,,,,,n330_5Cs2s,4021,,gutim,330,
330,1872.2861,0.1569,144,41,24,4021,,F2,,,,,,,,n330_5F2s,4021,,gutim,330,
330,1872.2861,0.1569,144,50,24,4021,,D3,,,,,,,,n330_5D3s,4021,,gutim,330,
,,,,,,,7254,,,,,,,,,,,,gutim,,
330,1872.7763,0.2353,144,48,11,4022,,C3,,,,,,,,n330_5C3s,4022,,gutim,330,
,,,,,,,7255,,,,,,,,,,,,gutim,,
330,1873.1684,0.0931,144,69,22,4023,,A4,,,,,,,,n330_5A4t_0,4023,,gutim,330,
330,1873.2665,0.0931,144,37,22,4024,,C#2,,,,,,,,n330_5Cs2t_0,4024,,gutim,330,
330,1873.3645,0.0931,144,35,22,4025,,B1,,,,,,,,n330_5B1t_0,4025,,gutim,330,
330,1873.4626,0.0931,144,50,22,4026,,D3,,,,,,,,n330_5D3t_0,4026,,gutim,330,
330,1873.5606,0.0931,144,35,22,4027,,B1,,,,,,,,n330_5B1t_1,4027,,gutim,330,
330,1873.5606,0.0931,144,37,22,4027,,C#2,,,,,,,,n330_5Cs2t_1,4027,,gutim,330,
330,1873.8057,0.1176,144,40,22,4028,,E2,,,,,,,,n330_5E2t_0,4028,,gutim,330,
330,1873.8057,0.1176,144,44,22,4028,,G#2,,,,,,,,n330_5Gs2t_0,4028,,gutim,330,
330,1873.9528,0.2353,144,40,22,4029,,E2,,,,,,,,n330_5E2s_0,4029,,gutim,330,
330,1873.9528,0.2353,144,44,22,4029,,G#2,,,,,,,,n330_5Gs2s_0,4029,,gutim,330,
330,1873.9528,0.2353,144,60,22,4029,,C4,,,,,,,,n330_5C4s_0,4029,,gutim,330,
330,1873.9528,0.2353,144,69,22,4029,,A4,,,,,,,,n330_5A4s_0,4029,,gutim,330,
330,1874.2469,0.4706,144,34,22,4030,,Bb1,,,,,,,,n330_5Bb1e,4030,,gutim,330,
330,1874.639,0.6275,144,61,22,4031,,Db4,,,,,,,,n330_1Db4q,4031,,gutim,330,
330,1874.639,0.6275,144,84,22,4031,,C6,,,,,,,,n330_1C6q_0,4031,,gutim,330,
330,1874.9822,0.1176,144,35,22,4032,,B1,,,,,,,,n330_5B1t_2,4032,,gutim,330,
330,1874.9822,0.1176,144,37,22,4032,,C#2,,,,,,,,n330_5Cs2t_2,4032,,gutim,330,
330,1874.9822,0.1176,144,50,22,4032,,D3,,,,,,,,n330_5D3t_1,4032,,gutim,330,
330,1874.9822,0.1176,144,69,22,4032,,A4,,,,,,,,n330_5A4t_1,4032,,gutim,330,
330,1875.1292,0.2353,144,40,22,4033,,E2,,,,,,,,n330_5E2s_1,4033,,gutim,330,
330,1875.1292,0.2353,144,44,22,4033,,G#2,,,,,,,,n330_5Gs2s_1,4033,,gutim,330,
330,1875.1292,0.2353,144,60,22,4033,,C4,,,,,,,,n330_5C4s_1,4033,,gutim,330,
330,1875.1292,0.2353,144,69,22,4033,,A4,,,,,,,,n330_5A4s_1,4033,,gutim,330,
330,1875.4233,0.3137,144,58,22,4034,,Bb3,,,,,,,,n330_1Bb3e,4034,,gutim,330,
330,1875.4233,0.3137,144,97,22,4034,,Db7,,,,,,,,n330_1Db7e_0,4034,,gutim,330,
330,1875.8155,0.6275,144,52,22,4035,,E3,,,,,,,,n330_1E3q,4035,,gutim,330,
330,1875.8155,0.6275,144,61,22,4035,,C#4,,,,,,,,n330_1Cs4q,4035,,gutim,330,
330,1875.8155,0.6275,144,84,22,4035,,C6,,,,,,,,n330_1C6q_1,4035,,gutim,330,
330,1876.0116,0.1121,144,64,22,4036,,E4,,,,,,,,n330_5E4t,4036,,gutim,330,
330,1876.1295,0.2241,144,54,22,4037,,F#3,,,,,,,,n330_5Fs3s,4037,,gutim,330,
330,1876.3654,0.1121,144,69,22,4038,,A4,,,,,,,,n330_5A4t_2,4038,,gutim,330,
330,1876.4834,0.1121,144,68,22,4039,,G#4,,,,,,,,n330_5Gs4t,4039,,gutim,330,
330,1876.5998,0.3137,144,97,22,4040,,Db7,,,,,,,,n330_1Db7e_1,4040,,gutim,330,
330,1876.6013,0.3137,144,52,14,4040,,E3,,,,,,,,n330_5E3e,4040,,gutim,330,
330,1876.6013,0.3137,144,58,14,4040,,Bb3,,,,,,,,n330_5Bb3e,4040,,gutim,330,
330,1876.992,0.1569,144,84,14,4041,,C6,,,,,,,,n330_1C6s,4041,,gutim,330,
330,1876.9935,0.1556,144,52,14,4042,,E3,,,,,,,,n330_5E3s_0,4042,,gutim,330,
330,1876.9935,0.1556,144,61,14,4042,,C#4,,,,,,,,n330_5Cs4s,4042,,gutim,330,
330,1877.188,0.4706,144,97,14,4043,,Db7,,,,,,,,n330_1Db7e_2,4043,,gutim,330,
330,1877.188,0.2353,144,52,14,4043,,E3,,,,,,,,n330_5E3s_1,4043,,gutim,330,
330,1877.188,0.2353,144,58,14,4043,,Bb3,,,,,,,,n330_5Bb3s,4043,,gutim,330,
330,1877.4822,0.1176,144,40,14,4044,,E2,,,,,,,,n330_5E2t_1,4044,,gutim,330,
330,1877.4822,0.1176,144,44,14,4044,,G#2,,,,,,,,n330_5Gs2t_1,4044,,gutim,330,
330,1877.6292,0.1176,144,60,14,4045,,C4,,,,,,,,n330_5C4t,4045,,gutim,330,
330,1877.6292,0.1176,144,69,14,4045,,A4,,,,,,,,n330_5A4t_3,4045,,gutim,330,
,,,,,,,,,,,,,,,,,,331,,,
331,1877.7763,0.1863,144,68,14,4046,,Ab4,,,,,,,,n331_1Ab4s,4046,,gutim,331,
331,1877.9724,0.1863,144,84,14,4047,,C6,,,,,,,,n331_1C6s,4047,,gutim,331,
331,1878.1684,0.0931,144,58,14,4048,,Bb3,,,,,,,,n331_1Bb3t_0,4048,,gutim,331,
331,1878.2665,0.0931,144,68,14,4049,,Ab4,,,,,,,,n331_1Ab4t_0,4049,,gutim,331,
331,1878.3645,0.1397,144,58,14,4050,,Bb3,,,,,,,,n331_1Bb3t_1,4050,,gutim,331,
331,1878.3645,0.1397,144,84,14,4050,,C6,,,,,,,,n331_1C6t,4050,,gutim,331,
331,1878.5116,0.1397,144,68,14,4051,,Ab4,,,,,,,,n331_1Ab4t_1,4051,,gutim,331,
331,1878.6586,0.0931,144,58,14,4052,,Bb3,,,,,,,,n331_1Bb3t_2,4052,,gutim,331,
331,1878.7567,0.0931,144,68,14,4053,,Ab4,,,,,,,,n331_1Ab4t_2,4053,,gutim,331,
331,1878.8547,0.0931,144,58,14,4054,,Bb3,,,,,,,,n331_1Bb3t_3,4054,,gutim,331,
,,,,,,,7256,,,,,,,,,,,,gutim,,
331,1878.9528,2.8235,144,59,14,4055,,B3,,,,,,,,n331_1B3h,4055,,gutim,331,
,,,,,,,,,,,,,,,,,,332,,,
332,1881.5998,0.1765,144,37,14,4056,,C#2,,,,,,,,n332_5Cs2t,4056,,gutim,332,
332,1881.8204,0.1765,144,50,14,4057,,D3,,,,,,,,n332_5D3t,4057,,gutim,332,
332,1882.041,0.1176,144,44,14,4058,,G#2,,,,,,,,n332_5Gs2t,4058,,gutim,332,
332,1882.188,0.0735,144,37,14,4059,,C#2,,,,,,,,n332_5Cs2s,4059,,gutim,332,
332,1882.188,0.2353,144,44,14,4059,,G#2,,,,,,,,n332_5Gs2s,4059,,gutim,332,
332,1882.188,0.2353,144,50,14,4059,,D3,,,,,,,,n332_5D3s_0,4059,,gutim,332,
,,,,,,,7257,,,,,,,,,,,,gutim,,
332,1882.7763,0.0944,144,64,8,4060,,E4,,,,,,,,n332_1E4t_0,4060,,gutim,332,
332,1882.8942,0.0944,144,95,8,4061,,B6,,,,,,,,n332_1B6t_0,4061,,gutim,332,
332,1883.0122,0.0944,144,55,8,4062,,G3,,,,,,,,n332_1G3t,4062,,gutim,332,
332,1883.1301,0.0944,144,58,8,4063,,Bb3,,,,,,,,n332_1Bb3t,4063,,gutim,332,
332,1883.1301,0.0944,144,64,8,4063,,E4,,,,,,,,n332_1E4t_1,4063,,gutim,332,
332,1883.1301,0.0944,144,95,8,4063,,B6,,,,,,,,n332_1B6t_1,4063,,gutim,332,
332,1883.2481,0.0931,144,99,8,4064,,Eb7,,,,,,,,n332_1Eb7t,4064,,gutim,332,
332,1883.5116,0.1887,144,62,8,4065,,D4,,,,,,,,n332_1D4s_0,4065,,gutim,332,
332,1883.5116,0.1887,144,71,8,4065,,B4,,,,,,,,n332_1B4s_0,4065,,gutim,332,
332,1883.5116,0.1887,144,41,8,4065,,F2,,,,,,,,n332_5F2s_0,4065,,gutim,332,
332,1883.7475,0.1887,144,83,8,4066,,B5,,,,,,,,n332_1B5s_0,4066,,gutim,332,
332,1883.7475,0.1887,144,42,8,4066,,Gb2,,,,,,,,n332_5Gb2s_0,4066,,gutim,332,
332,1883.7475,0.1887,144,50,8,4066,,D3,,,,,,,,n332_5D3s_1,4066,,gutim,332,
332,1883.9834,0.1887,144,71,8,4067,,B4,,,,,,,,n332_1B4s_1,4067,,gutim,332,
332,1883.9834,0.1887,144,41,8,4067,,F2,,,,,,,,n332_5F2s_1,4067,,gutim,332,
332,1883.9834,0.1887,144,42,8,4067,,Gb2,,,,,,,,n332_5Gb2s_1,4067,,gutim,332,
332,1884.2193,0.1887,144,83,8,4068,,B5,,,,,,,,n332_1B5s_1,4068,,gutim,332,
332,1884.2193,0.1887,144,29,8,4068,,F1,,,,,,,,n332_5F1s_0,4068,,gutim,332,
332,1884.2193,0.1887,144,42,8,4068,,Gb2,,,,,,,,n332_5Gb2s_2,4068,,gutim,332,
332,1884.4552,0.1863,144,62,8,4069,,D4,,,,,,,,n332_1D4s_1,4069,,gutim,332,
332,1884.4552,0.1863,144,70,8,4069,,A#4,,,,,,,,n332_1As4s,4069,,gutim,332,
332,1884.4552,0.1863,144,71,8,4069,,B4,,,,,,,,n332_1B4s_2,4069,,gutim,332,
332,1884.4552,0.1863,144,29,8,4069,,F1,,,,,,,,n332_5F1s_1,4069,,gutim,332,
332,1884.4552,0.1863,144,42,8,4069,,Gb2,,,,,,,,n332_5Gb2s_3,4069,,gutim,332,
,,,,,,,7259,,,,,,,,,,,,gutim,,
,,,,,,,,,,,,,,,,,,333,,,
333,1893.0704,0.4468,144,82,8,4070,,Bb5,,,,,,,,n333_1Bb5e,4070,,gutim,333,
333,1893.0704,0.3762,144,95,8,4070,,B6,,,,,,,,n333_1B6e,4070,,gutim,333,
333,1893.0704,0.4468,144,41,14,4070,,F2,,,,,,,,n333_5F2e,4070,,gutim,333,
333,1893.0704,0.3762,144,42,14,4070,,Gb2,,,,,,,,n333_5Gb2e_0,4070,,gutim,333,
333,1893.0704,0.3762,144,50,14,4070,,D3,,,,,,,,n333_5D3e,4070,,gutim,333,
333,1893.5407,0.6709,144,62,8,4071,,D4,,,,,,,,n333_1D4e,4071,,gutim,333,
333,1893.5407,0.565,144,70,8,4071,,A#4,,,,,,,,n333_1As4e,4071,,gutim,333,
333,1893.5407,0.565,144,71,14,4071,,B4,,,,,,,,n333_1B4e,4071,,gutim,333,
333,1893.5407,0.6709,144,29,8,4071,,F1,,,,,,,,n333_5F1e,4071,,gutim,333,
333,1893.5407,0.565,144,42,8,4071,,Gb2,,,,,,,,n333_5Gb2e_1,4071,,gutim,333,
,,,,,,,,,,,,,,,,,,334,,,
334,1894.2469,1.8824,144,52,14,4072,,E3,,,,,,,,n334_1E3h,4072,,gutim,334,
334,1894.2469,1.8824,144,59,14,4072,,B3,,,,,,,,n334_1B3h,4072,,gutim,334,
334,1894.2469,0.9412,144,37,14,4072,,C#2,,,,,,,,n334_5Cs2q,4072,,gutim,334,
334,1894.2469,0.9412,144,44,14,4072,,G#2,,,,,,,,n334_5Gs2q,4072,,gutim,334,
334,1894.2469,0.9412,144,50,14,4072,,D3,,,,,,,,n334_5D3q,4072,,gutim,334,
334,1895.7175,1.1765,144,44,14,4073,,G#2,,,,,,,,n334_5Gs2e_0,4073,,gutim,334,
334,1896.5998,1.1176,144,52,14,4074,,E3,,,,,,,,n334_1E3q,4074,,gutim,334,
334,1896.5998,0.9412,144,59,14,4074,,B3,,,,,,,,n334_1B3q,4074,,gutim,334,
334,1897.188,0.4706,144,37,14,4075,,C#2,,,,,,,,n334_5Cs2e,4075,,gutim,334,
334,1897.188,0.4706,144,44,14,4075,,G#2,,,,,,,,n334_5Gs2e_2,4075,,gutim,334,
334,1897.188,0.4706,144,50,14,4075,,D3,,,,,,,,n334_5D3e,4075,,gutim,334,
,,,,,,,7261,,,,,,,,,,,,gutim,,
,,,,,,,,,,,,,,,,,,336,,,
336,1908.3645,0.4706,144,83,11,4076,,B5,,,,,,,,n336_1B5e,4076,,gutim,336,
336,1908.4626,0.0784,144,38,11,4077,,D2,,,,,,,,n336_5D2t,4077,,gutim,336,
336,1908.5626,0.06,144,93,8,4078,,A6,g,,,,,,,ng336_5A6e,4078,,gutim,336,
336,1908.6376,0.06,144,41,8,4079,,F2,g,,,,,,,ng336_5F2e,4079,,gutim,336,
336,1908.7126,0.0784,144,56,11,4080,,Ab3,,,,,,,,n336_5Ab3t,4080,,gutim,336,
336,1908.8106,0.2353,144,50,11,4081,,D3,,,,,,,,n336_5D3s,4081,,gutim,336,
336,1909.1047,0.0944,144,29,11,4082,,F1,,,,,,,,n336_5F1t_0,4082,,gutim,336,
336,1909.2227,0.1409,144,68,11,4083,,Ab4,,,,,,,,n336_5Ab4t_0,4083,,gutim,336,
336,1909.3988,0.0944,144,26,10,4084,,D1,,,,,,,,n336_5D1t_0,4084,,gutim,336,
336,1909.5168,0.1409,144,37,10,4085,,Db2,,,,,,,,n336_5Db2t_0,4085,,gutim,336,
336,1909.6929,0.1409,144,68,10,4086,,Ab4,,,,,,,,n336_5Ab4t_1,4086,,gutim,336,
336,1909.8691,0.0944,144,26,9,4087,,D1,,,,,,,,n336_5D1t_1,4087,,gutim,336,
336,1909.9871,0.1042,144,37,9,4088,,Db2,,,,,,,,n336_5Db2t_1,4088,,gutim,336,
336,1910.1173,0.1042,144,68,9,4089,,Ab4,,,,,,,,n336_5Ab4t_2,4089,,gutim,336,
336,1910.1173,0.1042,144,81,9,4089,,A5,,,,,,,,n336_5A5t_0,4089,,gutim,336,
336,1910.2475,0.1569,144,26,8,4090,,D1,,,,,,,,n336_5D1t_2,4090,,gutim,336,
336,1910.4436,0.1042,144,68,8,4091,,Ab4,,,,,,,,n336_5Ab4t_3,4091,,gutim,336,
336,1910.4436,0.1042,144,81,8,4091,,A5,,,,,,,,n336_5A5t_1,4091,,gutim,336,
336,1910.5738,0.0944,144,29,8,4092,,F1,,,,,,,,n336_5F1t_1,4092,,gutim,336,
336,1910.6917,0.0944,144,26,7,4093,,D1,,,,,,,,n336_5D1t_3,4093,,gutim,336,
336,1910.6917,0.0944,144,37,7,4093,,Db2,,,,,,,,n336_5Db2t_2,4093,,gutim,336,
336,1910.8097,0.0944,144,68,7,4094,,Ab4,,,,,,,,n336_5Ab4t_4,4094,,gutim,336,
336,1910.9276,0.0944,144,26,7,4095,,D1,,,,,,,,n336_5D1t_4,4095,,gutim,336,
336,1910.9276,0.0944,144,29,7,4095,,F1,,,,,,,,n336_5F1t_2,4095,,gutim,336,
336,1910.9276,0.0944,144,37,7,4095,,Db2,,,,,,,,n336_5Db2t_3,4095,,gutim,336,
336,1911.0456,0.0944,144,68,7,4096,,Ab4,,,,,,,,n336_5Ab4t_5,4096,,gutim,336,
336,1911.0456,0.0944,144,81,7,4096,,A5,,,,,,,,n336_5A5t_2,4096,,gutim,336,
336,1911.2217,0.1887,144,50,8,4097,,D3,,,,,,,,n336_1D3s_0,4097,,gutim,336,
336,1911.2217,0.1887,144,58,8,4097,,A#3,,,,,,,,n336_1As3s_0,4097,,gutim,336,
336,1911.2217,0.1887,144,59,8,4097,,B3,,,,,,,,n336_1B3s_0,4097,,gutim,336,
336,1911.4577,0.1887,144,29,6,4098,,F1,,,,,,,,n336_1F1s_0,4098,,gutim,336,
336,1911.4577,0.1887,144,50,6,4098,,D3,,,,,,,,n336_1D3s_1,4098,,gutim,336,
336,1911.4577,0.1887,144,58,6,4098,,A#3,,,,,,,,n336_1As3s_1,4098,,gutim,336,
336,1911.4577,0.1887,144,59,6,4098,,B3,,,,,,,,n336_1B3s_1,4098,,gutim,336,
336,1911.6936,0.2819,144,29,5,4099,,F1,,,,,,,,n336_1F1s_1,4099,,gutim,336,
336,1911.6936,0.2819,144,41,5,4099,,F2,,,,,,,,n336_1F2s,4099,,gutim,336,
336,1911.6936,0.2819,144,50,14,4099,,D3,,,,,,,,n336_1D3s_2,4099,,gutim,336,
336,1911.6936,0.2819,144,58,14,4099,,A#3,,,,,,,,n336_1As3s_2,4099,,gutim,336,
336,1911.6936,0.2819,144,59,14,4099,,B3,,,,,,,,n336_1B3s_2,4099,,gutim,336,
,,,,,,,7264,,,,,,,,,,,,gutim,,
,,,,,,,,,,,,,,,,,,338,,,
338,1921.7518,0.0931,144,89,14,4100,,F6,,,,,,,,n338_1F6t_0,4100,,gutim,338,
338,1921.8498,0.0931,144,100,14,4101,,E7,,,,,,,,n338_1E7t_0,4101,,gutim,338,
338,1921.9478,0.1397,144,82,14,4102,,Bb5,,,,,,,,n338_1Bb5t_0,4102,,gutim,338,
338,1922.0949,0.0931,144,100,14,4103,,E7,,,,,,,,n338_1E7t_1,4103,,gutim,338,
338,1922.1929,0.1397,144,89,14,4104,,F6,,,,,,,,n338_1F6t_1,4104,,gutim,338,
338,1922.34,0.1397,144,82,14,4105,,Bb5,,,,,,,,n338_1Bb5t_1,4105,,gutim,338,
338,1922.4871,0.2794,144,100,14,4106,,E7,,,,,,,,n338_1E7s,4106,,gutim,338,
,,,,,,,7268,,,,,,,,,,,,gutim,,
,,,,,,,,,,,,,,,,,,343,,,
343,1949.6929,2.2353,144,65,11,4107,,F4,,,,,,,,n343_1F4h,4107,,gutim,343,
343,1949.6929,1.8824,144,76,11,4107,,E5,,,,,,,,n343_1E5h,4107,,gutim,343,
343,1949.6929,2.2353,144,32,14,4107,,Ab1,,,,,,,,n343_5Ab1h,4107,,gutim,343,
343,1949.6929,1.8824,144,36,14,4107,,C2,,,,,,,,n343_5C2h,4107,,gutim,343,
343,1949.6929,1.8824,144,46,14,4107,,Bb2,,,,,,,,n343_5Bb2h,4107,,gutim,343,
343,1953.0753,0.1176,144,65,11,4108,,F4,,,,,,,,n343_1F4t,4108,,gutim,343,
343,1953.0753,0.1176,144,76,11,4108,,E5,,,,,,,,n343_1E5t,4108,,gutim,343,
343,1953.0753,0.1176,144,32,11,4108,,Ab1,,,,,,,,n343_5Ab1t,4108,,gutim,343,
343,1953.0753,0.1176,144,36,11,4108,,C2,,,,,,,,n343_5C2t,4108,,gutim,343,
343,1953.0753,0.1176,144,46,11,4108,,Bb2,,,,,,,,n343_5Bb2t,4108,,gutim,343,
343,1953.2224,0.4706,144,84,8,4109,,C6,,,,,,,,n343_1C6e,4109,,gutim,343,
343,1953.2224,0.4706,144,41,8,4109,,F2,,,,,,,,n343_5F2e,4109,,gutim,343,
343,1953.2224,0.4706,144,42,8,4109,,Gb2,,,,,,,,n343_5Gb2e,4109,,gutim,343,
343,1953.8106,1.3971,144,52,11,4110,,E3,,,,,,,,n343_1E3e_0,4110,,gutim,343,
343,1953.8106,1.1765,144,59,11,4110,,B3,,,,,,,,n343_1B3e_0,4110,,gutim,343,
343,1953.8106,1.3971,144,32,11,4110,,Ab1,,,,,,,,n343_5Ab1e_0,4110,,gutim,343,
343,1955.2812,3.0588,144,84,8,4111,,C6,,,,,,,,n343_1C6s,4111,,gutim,343,
343,1955.2812,3.0588,144,41,8,4111,,F2,,,,,,,,n343_5F2s,4111,,gutim,343,
343,1955.2812,3.0588,144,42,8,4111,,Gb2,,,,,,,,n343_5Gb2s,4111,,gutim,343,
,,,,,,,,,,,,,,,,,,344,,,
344,1959.1047,2.8235,144,65,8,4112,,F4,,,,,,,,n344_1F4h,4112,,gutim,344,
344,1959.1047,2.8235,144,76,8,4112,,E5,,,,,,,,n344_1E5h,4112,,gutim,344,
344,1959.1047,2.8235,144,32,8,4112,,Ab1,,,,,,,,n344_5Ab1h,4112,,gutim,344,
344,1959.1047,2.8235,144,36,8,4112,,C2,,,,,,,,n344_5C2h,4112,,gutim,344,
344,1959.1047,2.8235,144,46,8,4112,,Bb2,,,,,,,,n344_5Bb2h,4112,,gutim,344,
,,,,,,,,,,,,,,,,,,345,,,
345,1962.6341,1.1176,144,52,8,4113,,E3,,,,,,,,n345_1E3q,4113,,gutim,345,
345,1962.6341,0.9412,144,59,8,4113,,B3,,,,,,,,n345_1B3q,4113,,gutim,345,
345,1962.6341,1.1176,144,32,8,4113,,Ab1,,,,,,,,n345_5Ab1q_1,4113,,gutim,345,
345,1963.8106,2.8235,144,65,14,4114,,F4,,,,,,,,n345_1F4h,4114,,gutim,345,
345,1963.8106,2.8235,144,76,14,4114,,E5,,,,,,,,n345_1E5h,4114,,gutim,345,
345,1963.8106,2.8235,144,32,5,4114,,Ab1,,,,,,,,n345_5Ab1h,4114,,gutim,345,
345,1963.8106,2.8235,144,36,5,4114,,C2,,,,,,,,n345_5C2h,4114,,gutim,345,
345,1963.8106,2.8235,144,46,14,4114,,Bb2,,,,,,,,n345_5Bb2h,4114,,gutim,345,
,,,,,,,7271,,,,,,,,,,,,gutim,,
,,,,,,,,,,,,,,,,,,346,,,
346,1976.3025,4.7415,144,32,14,4115,,Ab1,,,,,,,,n346_5Ab1e,4115,,gutim,346,
,,,,,,,7273,,,,,,,,,,,,gutim,,
,,,,,,,,,,,,,,,,,,348,,,
348,1988.2565,0.2027,144,64,22,4116,,E4,,,,,,,,n348_5E4s,4116,,gutim,348,
348,1988.5099,0.2035,144,83,22,4117,,B5,,,,,,,,n348_5B5s,4117,,gutim,348,
348,1988.7643,0.2043,144,43,22,4118,,G2,,,,,,,,n348_5G2s_0,4118,,gutim,348,
348,1989.0196,0.2051,144,83,14,4119,,B5,,,,,,,,n348_1B5s,4119,,gutim,348,
348,1989.0196,0.2051,144,43,22,4119,,G2,,,,,,,,n348_5G2s_1,4119,,gutim,348,
348,1989.0196,0.2051,144,46,14,4119,,Bb2,,,,,,,,n348_5Bb2s,4119,,gutim,348,
348,1989.0196,0.2051,144,52,14,4119,,E3,,,,,,,,n348_5E3s,4119,,gutim,348,
348,1989.2761,0.206,144,99,14,4120,,Eb7,,,,,,,,n348_1Eb7s,4120,,gutim,348,
