meas,sec,art_dur_sec,status,d0,d1,oloc,section,sci_pitch,grace,even,even_target,dyn,dyn_target,tempo,tempo_target,note_id,loc,bar,src,src_meas,index
,,,,,,,5918,,,,,,,,,,,,gutim,,
,,,,,,,,,,,,,,,,,,1,,,
1,0.0,0.0712,144,65,11,0,,F4,g,e,,d,,,,gut_ng1_1F4e_0,0,,gutim,1,
1,0.075,0.0712,144,63,14,1,,Eb4,g,e,,,,,,gut_ng1_1Eb4e,1,,gutim,1,
1,0.15,0.0712,144,45,16,2,,A2,g,e,,,,,,gut_ng1_1A2e,2,,gutim,1,
1,0.225,0.057,144,30,19,3,,F#1,g,e,,,,,,gut_ng1_1Fs1e,3,,gutim,1,
1,0.3,0.057,144,37,21,4,,C#2,g,e,,,,,,gut_ng1_1Cs2e,4,,gutim,1,
1,0.375,0.0712,144,65,24,5,,F4,g,e,,d,,,,gut_ng1_1F4e_1,5,,gutim,1,
1,0.45,1.3571,144,87,22,6,,Eb6,,e,,d,,,,gut_n1_1Eb6w,6,,gutim,1,
1,0.45,2.8571,144,36,20,6,,C2,,E,,d,,,,gut_n1_5C2w_0,6,,gutim,1,
1,0.45,2.8571,144,46,8,6,,Bb2,,E,5919,D,5919,,,gut_n1_5Bb2w_0,6,,gutim,1,
,,,,,,,,,,,,,,,,,,2,,,
2,4.0214,2.2857,144,85,8,7,,Db6,,,,,,,,gut_n2_1Db6b,7,,gutim,2,
2,6.8786,2.2857,144,100,20,8,,E7,,,,,,,,gut_n2_1E7b,8,,gutim,2,
,,,,,,,,,,,,,,,,,,4,,,
4,13.3071,0.2857,144,80,22,9,,G#5,,,,,,,,gut_n4_1Gs5q,9,,gutim,4,
4,13.6643,2.2857,144,93,23,10,,A6,,,,,,,,gut_n4_1A6b,10,,gutim,4,
4,16.2964,0.06,144,93,23,11,,A6,g,,,,,,,gut_ng4_1A6e,11,,gutim,4,
4,16.3714,0.06,144,36,23,12,,C2,g,,,,,,,gut_ng4_1C2e,12,,gutim,4,
4,16.4464,0.06,144,66,23,13,,F#4,g,,,,,,,gut_ng4_1Fs4e,13,,gutim,4,
4,16.5214,0.3393,144,66,22,14,,F#4,,,,,,,,gut_n4_1Fs4q,14,,gutim,4,
,,,,,,,,,,,,,,,,,,5,,,
5,16.8786,2.5446,144,100,20,15,,E7,,,,,,,,gut_n5_1E7w,15,,gutim,5,
5,19.5571,0.1429,144,92,11,16,,G#6,,,,,,,,gut_n5_1Gs6e,16,,gutim,5,
5,19.5571,0.7143,144,45,8,16,,A2,,,,,,,,gut_n5_5A2e,16,,gutim,5,
,,,,,,,,,,,,,,,,,,6,,,
6,20.0036,2.6429,144,79,11,17,,G5,,,,,,,,gut_n6_1G5s,17,,gutim,6,
6,20.45,2.2857,144,46,8,18,,Bb2,,,,,,,,gut_n6_5Bb2b,18,,gutim,6,
6,22.8571,0.06,144,36,11,19,,C2,g,e,,,,,,gut_ng6_1C2e,19,,gutim,6,
6,22.9321,0.06,144,81,13,20,,A5,g,e,,,,,,gut_ng6_1A5e_0,20,,gutim,6,
6,23.0071,0.06,144,88,15,21,,E6,g,e,,,,,,gut_ng6_1E6e,21,,gutim,6,
6,23.0821,0.06,144,54,18,22,,F#3,g,e,,,,,,gut_ng6_1Fs3e,22,,gutim,6,
6,23.1571,0.06,144,80,20,23,,G#5,g,e,,,,,,gut_ng6_1Gs5e,23,,gutim,6,
6,23.2321,0.06,144,81,22,24,,A5,g,E,,,,,,gut_ng6_1A5e_1,24,,gutim,6,
,,,,,,,5919,,,,,,,,,,,,gutim,,
,,,,,,,,,,,,,,,,,,7,,,
7,23.3071,2.5714,144,50,5,25,,D3,,,,d,,,,gut_n7_1D3b,25,,gutim,7,
7,23.3071,2.5714,144,52,5,25,,E3,,,,d,,,,gut_n7_1E3b,25,,gutim,7,
7,23.3071,9.7143,144,24,22,25,,C1,,,,d,,,,gut_n7_5C1b,25,,gutim,7,
7,26.5214,0.8571,144,84,5,26,,C6,,,,,,,,gut_n7_1C6h,26,,gutim,7,
7,26.5214,0.8571,144,89,5,26,,F6,,,,,,,,gut_n7_1F6h,26,,gutim,7,
,,,,,,,,,,,,,,,,,,8,,,
8,27.5929,6.8571,144,57,11,27,,A3,,,,,,,,gut_n8_5A3b,27,,gutim,8,
8,28.069,0.7619,144,85,5,28,,C#6,,,,,,,,gut_n8_1Cs6q,28,,gutim,8,
8,29.3786,0.2857,144,44,11,29,,Ab2,,,,,,,,gut_n8_1Ab2q,29,,gutim,8,
8,29.7357,0.4762,144,58,9,30,,Bb3,,,,,,,,gut_n8_1Bb3h,30,,gutim,8,
8,30.331,0.0476,144,97,5,31,,C#7,,,,,,,,gut_n8_1Cs7s,31,,gutim,8,
8,30.3905,0.0476,144,46,5,32,,Bb2,,,,,,,,gut_n8_1Bb2s,32,,gutim,8,
8,30.45,0.381,144,40,6,33,,E2,,,,,,,,gut_n8_1E2h,33,,gutim,8,
8,30.9262,0.381,144,85,8,34,,C#6,,,,,,,,gut_n8_1Cs6h_1,34,,gutim,8,
8,31.4024,0.381,144,72,5,35,,C5,,,,,,,,gut_n8_1C5h,35,,gutim,8,
,,,,,,,,,,,,,,,,,,9,,,
9,33.3071,1.7143,144,32,5,36,,G#1,,,,,,,,gut_n9_5Gs1w,36,,gutim,9,
9,34.2857,0.06,144,52,11,37,,E3,g,e,,,,,,gut_ng9_1E3e,37,,gutim,9,
9,34.3607,0.06,144,58,12,38,,Bb3,g,e,,,,,,gut_ng9_1Bb3e,38,,gutim,9,
9,34.4357,0.06,144,84,12,39,,C6,g,e,,,,,,gut_ng9_1C6e,39,,gutim,9,
9,34.5107,0.06,144,97,13,40,,C#7,g,e,,,,,,gut_ng9_1Cs7e,40,,gutim,9,
9,34.5857,0.0375,144,44,13,41,,G#2,g,e,,,,,,gut_ng9_1Gs2e,41,,gutim,9,
9,34.6607,0.06,144,70,14,42,,Bb4,g,e,,,,,,gut_ng9_1Bb4e,42,,gutim,9,
9,34.7357,2.8571,144,64,14,43,,E4,,E,,,,,,gut_n9_1E4h_0,43,,gutim,9,
9,35.45,0.5714,144,76,22,44,,E5,,,,,,,,gut_n9_1E5h,44,,gutim,9,
,,,,,,,,,,,,,,,,,,10,,,
10,36.1643,1.7143,144,68,22,45,,G#4,,,,,,,,gut_n10_1Gs4w,45,,gutim,10,
10,36.1643,0.4286,144,37,5,45,,C#2,,,,,,,,gut_n10_5Cs2q,45,,gutim,10,
10,36.7,0.4286,144,35,5,46,,B1,,,,,,,,gut_n10_5B1q,46,,gutim,10,
10,37.2357,0.8571,144,69,20,47,,A4,,,,,,,,gut_n10_5A4h,47,,gutim,10,
10,38.3071,0.06,144,37,20,48,,C#2,g,e,,,,,,gut_ng10_1Cs2e,48,,gutim,10,
10,38.3071,0.06,144,42,20,48,,F#2,g,e,,,,,,gut_ng10_1Fs2e,48,,gutim,10,
10,38.3071,0.06,144,64,20,48,,E4,g,e,,,,,,gut_ng10_1E4e,48,,gutim,10,
10,38.3821,0.06,144,50,20,49,,D3,g,e,,,,,,gut_ng10_1D3e,49,,gutim,10,
10,38.3821,0.06,144,77,20,49,,F5,g,e,,,,,,gut_ng10_1F5e,49,,gutim,10,
10,38.4571,0.06,144,69,20,50,,A4,g,e,,,,,,gut_ng10_1A4e,50,,gutim,10,
10,38.5321,0.06,144,45,20,51,,A2,g,e,,,,,,gut_ng10_1A2e,51,,gutim,10,
10,38.5321,0.06,144,49,20,51,,C#3,g,e,,,,,,gut_ng10_1Cs3e,51,,gutim,10,
10,38.5321,0.06,144,101,20,51,,F7,g,e,,,,,,gut_ng10_1F7e,51,,gutim,10,
10,38.6071,0.06,144,65,20,52,,F4,g,e,,,,,,gut_ng10_1F4e,52,,gutim,10,
10,38.6821,0.06,144,103,20,53,,G7,g,E,,,,,,gut_ng10_1G7e,53,,gutim,10,
,,,,,,,,,,,,,,,,,,11,,,
11,40.45,2.2857,144,96,14,54,,C7,,,,,,,,gut_n11_1C7b,54,,gutim,11,
11,43.0821,0.06,144,46,14,55,,Bb2,g,e,,d,,,,gut_ng11_1Bb2e,55,,gutim,11,
11,43.1571,0.06,144,32,5,56,,Ab1,g,e,,d,,,,gut_ng11_1Ab1e,56,,gutim,11,
11,43.2321,0.06,144,65,17,57,,F4,g,e,,d,,,,gut_ng11_1F4e,57,,gutim,11,
11,43.3071,2.1281,144,85,20,58,,Db6,,E,5920,D,5920,,,gut_n11_1Db6w,58,,gutim,11,
,,,,,,,,,,,,,,,,,,12,,,
12,45.8172,0.06,144,80,5,59,,Ab5,g,,,,,,,gut_ng12_1Ab5e,59,,gutim,12,
12,45.8922,0.06,144,62,5,60,,D4,g,,,,,,,gut_ng12_1D4e,60,,gutim,12,
12,45.9672,0.1552,144,90,8,61,,F#6,,,,,,,,gut_n12_1Fs6s,61,,gutim,12,
12,46.0319,0.0517,144,45,8,62,,A2,,,,,,,,gut_n12_5A2t,62,,gutim,12,
12,46.0966,0.0517,144,57,8,63,,A3,,,,,,,,gut_n12_5A3t,63,,gutim,12,
12,46.1612,0.0517,144,103,5,64,,G7,,,,,,,,gut_n12_1G7t,64,,gutim,12,
12,46.1612,0.0517,144,38,8,64,,D2,,,,,,,,gut_n12_5D2t,64,,gutim,12,
,,,,,,,5920,,,,,,,,,,,,gutim,,
12,46.4845,0.1379,144,59,8,65,,B3,,,,,,,,gut_n12_1B3e,65,,gutim,12,
12,46.4845,1.5172,144,46,8,65,,Bb2,,,,,,,,gut_n12_5Bb2h,65,,gutim,12,
12,46.4845,1.5172,144,52,8,65,,E3,,,,,,,,gut_n12_5E3h,65,,gutim,12,
12,46.8293,0.1379,144,89,8,66,,F6,,e,,,,t,,gut_n12_1F6e,66,,gutim,12,
12,46.8293,0.1379,144,106,8,66,,Bb7,,e,,,,t,,gut_n12_1Bb7e,66,,gutim,12,
12,47.0017,0.1379,144,78,8,67,,F#5,,e,,,,t,,gut_n12_1Fs5e_0,67,,gutim,12,
12,47.1741,0.1379,144,47,8,68,,B2,,e,,,,t,,gut_n12_1B2e,68,,gutim,12,
12,47.3466,0.069,144,63,14,69,,Eb4,,e,,,,t,,gut_n12_1Eb4s,69,,gutim,12,
12,47.3466,0.1379,144,68,14,69,,Ab4,,e,,,,t,,gut_n12_1Ab4s_0,69,,gutim,12,
12,47.4328,0.069,144,65,15,70,,F4,,,,,,,,gut_n12_1F4s,70,,gutim,12,
12,47.519,0.1379,144,37,17,71,,C#2,,e,,,,t,,gut_n12_1Cs2e,71,,gutim,12,
12,47.519,0.1379,144,45,17,71,,A2,,e,,,,t,,gut_n12_1A2e,71,,gutim,12,
12,47.519,0.1379,144,48,17,71,,C3,,e,,,,t,,gut_n12_1C3e,71,,gutim,12,
12,47.6914,0.069,144,35,8,72,,B1,,e,,,,t,,gut_n12_1B1s,72,,gutim,12,
12,47.7776,0.069,144,50,9,73,,D3,,,,,,,,gut_n12_1D3s,73,,gutim,12,
12,47.8638,0.4138,144,69,11,74,,A4,,E,5921,,,T,5921,gut_n12_1A4e,74,,gutim,12,
12,48.381,0.069,144,69,8,75,,A4,,,,,,,,gut_n12_1A4s_0,75,,gutim,12,
12,48.381,0.4828,144,73,8,75,,C#5,,,,,,,,gut_n12_1Cs5s_0,75,,gutim,12,
12,48.381,0.4828,144,49,14,75,,C#3,,,,,,,,gut_n12_5Cs3e_0,75,,gutim,12,
12,48.4672,0.069,144,54,8,76,,F#3,,,,,,,,gut_n12_1Fs3s,76,,gutim,12,
12,48.5534,0.069,144,68,7,77,,G#4,,,,,,,,gut_n12_1Gs4s_0,77,,gutim,12,
12,48.5534,0.1379,144,50,14,77,,D3,,,,,,,,gut_n12_5D3e,77,,gutim,12,
12,48.7259,0.069,144,69,5,78,,A4,,,,,,,,gut_n12_1A4s_1,78,,gutim,12,
12,48.8121,0.1379,144,76,9,79,,E5,,,,,,,,gut_n12_1E5e,79,,gutim,12,
12,48.8121,0.1379,144,78,9,79,,F#5,,,,,,,,gut_n12_1Fs5e_1,79,,gutim,12,
12,48.9845,0.2069,144,68,5,80,,G#4,,,,,,,,gut_n12_1Gs4s_1,80,,gutim,12,
12,48.9845,0.069,144,101,17,80,,F7,,,,,,,,gut_n12_1F7s,80,,gutim,12,
12,48.9845,0.4138,144,53,14,80,,F3,,,,,,,,gut_n12_5F3s,80,,gutim,12,
,,,,,,,,,,,,,,,,,,13,,,
13,49.2431,0.2069,144,38,14,81,,D2,,,,,,,,gut_n13_5D2e,81,,gutim,13,
,,,,,,,,,,,,,,,,,,14,,,
14,49.5017,0.8276,144,62,5,82,,D4,,,,d,,,,gut_n14_1D4h,82,,gutim,14,
14,49.5017,0.8276,144,76,11,82,,E5,,,,d,,,,gut_n14_1E5h,82,,gutim,14,
14,49.5017,0.8276,144,35,8,82,,B1,,,,d,,,,gut_n14_5B1h,82,,gutim,14,
14,49.5017,0.8276,144,47,8,82,,B2,,,,d,,,,gut_n14_5B2h,82,,gutim,14,
14,49.5017,0.8276,144,48,8,82,,C3,,,,d,,,,gut_n14_5C3h,82,,gutim,14,
14,49.7085,0.3314,144,33,17,83,,A1,,,,d,,,,gut_n14_6A1e,83,,gutim,14,
14,50.1227,0.3308,144,86,14,84,,D6,,,,d,,,,gut_n14_2D6q,84,,gutim,14,
14,50.1227,0.3308,144,91,20,84,,G6,,,,d,,,,gut_n14_2G6q,84,,gutim,14,
14,50.1227,0.3308,144,24,8,84,,C1,,,,d,,,,gut_n14_6C1q,84,,gutim,14,
14,50.3862,0.06,144,57,8,85,,A3,g,,,D,,,,gut_ng14_5A3e,85,,gutim,14,
14,50.4612,0.06,144,50,11,86,,D3,g,,,,,,,gut_ng14_5D3e,86,,gutim,14,
14,50.5362,0.5517,144,37,20,87,,Db2,,,,,,,,gut_n14_5Db2q,87,,gutim,14,
14,50.5362,9.1034,144,34,24,87,,Bb1,,,,,,,,gut_n14_6Bb1w,87,,gutim,14,
14,51.0534,0.1379,144,34,14,88,,Bb1,,,,,,,,gut_n14_5Bb1e,88,,gutim,14,
14,51.0534,0.1379,144,46,14,88,,Bb2,,,,,,,,gut_n14_5Bb2e,88,,gutim,14,
14,51.2259,0.1379,144,94,17,89,,Bb6,,,,,,,,gut_n14_2Bb6e,89,,gutim,14,
14,51.2259,0.1379,144,35,15,89,,B1,,,,,,,,gut_n14_5B1e,89,,gutim,14,
14,51.3983,0.3448,144,89,16,90,,F6,,,,,,,,gut_n14_2F6e_0,90,,gutim,14,
14,51.8293,2.2759,144,69,14,91,,A4,,,,,,,,gut_n14_2A4e,91,,gutim,14,
14,52.6052,1.2414,144,56,11,92,,Ab3,,,,,,,,gut_n14_5Ab3h,92,,gutim,14,
,,,,,,,,,,,,,,,,,,15,,,
15,54.1569,0.9828,144,76,11,93,,E5,,,,,,,,gut_n15_1E5h,93,,gutim,15,
15,54.1569,0.4914,144,66,11,93,,F#4,,,,,,,,gut_n15_5Fs4q,93,,gutim,15,
15,54.6741,2.9483,144,25,17,94,,C#1,,,,,,,,gut_n15_2Cs1w,94,,gutim,15,
15,54.6741,0.4914,144,35,17,94,,B1,,,,,,,,gut_n15_5B1q,94,,gutim,15,
15,55.1914,0.2457,144,26,17,95,,D1,,,,,,,,gut_n15_1D1e,95,,gutim,15,
15,55.1914,0.4914,144,54,10,95,,F#3,,,,,,,,gut_n15_5Fs3q,95,,gutim,15,
15,55.45,0.2457,144,82,8,96,,Bb5,,,,,,,,gut_n15_1Bb5e,96,,gutim,15,
15,56.4845,0.7371,144,81,8,97,,A5,,,,,,,,gut_n15_1A5q,97,,gutim,15,
15,57.1103,0.0712,144,66,7,98,,F#4,g,,,,,,,gut_ng15_1Fs4e_0,98,,gutim,15,
15,57.1103,0.0712,144,78,7,98,,F#5,g,,,,,,,gut_ng15_1Fs5e,98,,gutim,15,
15,57.1853,0.0712,144,68,7,99,,G#4,g,,,,,,,gut_ng15_1Gs4e,99,,gutim,15,
15,57.2603,1.0345,144,47,11,100,,B2,,,,,,,,gut_n15_5B2q,100,,gutim,15,
,,,,,,,,,,,,,,,,,,16,,,
16,58.5534,0.7371,144,94,4,101,,Bb6,,,,,,,,gut_n16_1Bb6q,101,,gutim,16,
16,59.8466,1.6552,144,73,24,102,,C#5,,,,d,,,,gut_n16_2Cs5w,102,,gutim,16,
16,59.8466,0.5517,144,58,20,102,,A#3,,,,d,,,,gut_n16_5As3q,102,,gutim,16,
16,60.019,0.2759,144,76,11,103,,E5,,,,d,,,,gut_n16_1E5q,103,,gutim,16,
16,60.5362,0.2759,144,97,22,104,,C#7,,,,d,,,,gut_n16_1Cs7q,104,,gutim,16,
16,60.5362,0.2759,144,30,20,104,,F#1,,,,D,5921,,,gut_n16_5Fs1q,104,,gutim,16,
16,61.2259,0.5517,144,55,14,105,,G3,,,,,,,,gut_n16_5G3h,105,,gutim,16,
,,,,,,,5921,,,,,,,,,,,,gutim,,
,,,,,,,,,,,,,,,,,,17,,,
17,61.9155,0.4138,144,46,11,106,,Bb2,,,,d,,,,gut_n17_5Bb2e_0,106,,gutim,17,
17,61.9155,1.0345,144,32,17,106,,G#1,,,,d,,,,gut_n17_6Gs1h,106,,gutim,17,
17,61.9155,1.0345,144,42,8,106,,F#2,,,,d,,,,gut_n17_6Fs2h,106,,gutim,17,
17,62.1741,0.1293,144,38,8,107,,D2,,,,d,,,,gut_n17_1D2e,107,,gutim,17,
17,62.1741,0.4138,144,50,8,107,,D3,,,,d,,,,gut_n17_5D3e_0,107,,gutim,17,
17,62.4328,0.4138,144,30,14,108,,F#1,,,,d,,,,gut_n17_1Fs1q,108,,gutim,17,
17,62.95,0.8276,144,64,20,109,,E4,,,,d,,,,gut_n17_1E4h,109,,gutim,17,
17,63.2086,0.1293,144,49,4,110,,C#3,,,,,,,,gut_n17_6Cs3e,110,,gutim,17,
17,63.4672,0.2069,144,66,5,111,,F#4,,,,d,,,,gut_n17_2Fs4e,111,,gutim,17,
17,63.4672,0.4138,144,43,20,111,,G2,,,,d,,,,gut_n17_6G2q,111,,gutim,17,
17,63.7259,0.1034,144,75,5,112,,Eb5,,,,d,,,,gut_n17_2Eb5s,112,,gutim,17,
17,63.8552,0.1034,144,101,11,113,,F7,,,,D,5922,,,gut_n17_2F7s,113,,gutim,17,
,,,,,,,,,,,,,,,,,,18,,,
18,63.9845,0.1379,144,98,16,114,,D7,,,,,,,,gut_n18_1D7e,114,,gutim,18,
18,64.1569,0.2069,144,66,11,115,,F#4,,,,,,,,gut_n18_1Fs4e,115,,gutim,18,
,,,,,,,,,,,,,,,,,,19,,,
19,64.4155,0.2069,144,47,15,116,,B2,,e,,,,,,gut_n19_5B2e,116,,gutim,19,
19,64.6741,0.2069,144,56,18,117,,G#3,,e,,,,,,gut_n19_5Gs3e,117,,gutim,19,
19,64.9328,0.2069,144,38,22,118,,D2,,e,,,,,,gut_n19_5D2e,118,,gutim,19,
19,65.1914,0.2069,144,82,22,119,,Bb5,,E,5922,,,,,gut_n19_5Bb5e,119,,gutim,19,
,,,,,,,5922,,,,,,,,,,,,gutim,,
,,,,,,,,,,,,,,,,,,20,,,
20,65.45,2.069,144,68,22,120,,Ab4,,,,,,,,gut_n20_2Ab4h_0,120,,gutim,20,
20,65.45,0.2586,144,35,5,120,,B1,,,,,,,,gut_n20_6B1q,120,,gutim,20,
20,65.644,0.0517,144,77,8,121,,F5,,,,,,,,gut_n20_1F5t,121,,gutim,20,
20,65.7086,0.0259,144,42,6,122,,F#2,,,,,,,,gut_n20_1Fs2x,122,,gutim,20,
20,65.7409,0.0259,144,49,6,123,,C#3,,,,,,,,gut_n20_1Cs3x,123,,gutim,20,
20,65.7733,0.3621,144,75,5,124,,Eb5,,,,,,,,gut_n20_1Eb5s,124,,gutim,20,
20,65.9672,0.9655,144,46,22,125,,Bb2,,,,d,,,,gut_n20_5Bb2h,125,,gutim,20,
20,66.1397,0.1379,144,52,11,126,,E3,,,,d,,,,gut_n20_6E3e,126,,gutim,20,
20,66.3121,0.1379,144,58,12,127,,Bb3,,,,,,,,gut_n20_6Bb3e,127,,gutim,20,
20,66.4845,2.4828,144,84,17,128,,C6,,,,d,,,,gut_n20_1C6w,128,,gutim,20,
20,67.0017,0.1379,144,50,8,129,,D3,,,,d,,,,gut_n20_5D3e,129,,gutim,20,
20,67.0017,0.4138,144,24,8,129,,C1,,,,d,,,,gut_n20_6C1q,129,,gutim,20,
20,67.1741,0.1379,144,69,20,130,,A4,,,,d,,,,gut_n20_5A4e,130,,gutim,20,
20,67.3466,0.2759,144,76,24,131,,E5,,,,d,,,,gut_n20_5E5q,131,,gutim,20,
20,67.6914,0.2759,144,98,24,132,,D7,,,,d,,,,gut_n20_5D7q,132,,gutim,20,
20,68.0362,4.1379,144,78,24,133,,F#5,,,,d,,,,gut_n20_2Fs5h,133,,gutim,20,
20,68.0362,0.2586,144,74,24,133,,D5,,,,d,,,,gut_n20_5D5q,133,,gutim,20,
,,,,,,,,,,,,,,,,,,21,,,
21,69.5879,0.4138,144,34,14,134,,Bb1,,,,D,,,,gut_n21_5Bb1q,134,,gutim,21,
21,69.5879,0.4138,144,44,14,134,,Ab2,,,,D,5923,,,gut_n21_5Ab2q,134,,gutim,21,
21,70.2474,0.06,144,30,20,135,,Gb1,g,e,,,,,,gut_ng21_5Gb1e_0,135,,gutim,21,
21,70.3224,0.06,144,55,18,136,,G3,g,e,,,,,,gut_ng21_5G3e,136,,gutim,21,
21,70.3974,0.06,144,46,15,137,,Bb2,g,e,,,,,,gut_ng21_5Bb2e,137,,gutim,21,
21,70.4724,0.06,144,30,12,138,,Gb1,g,e,,,,,,gut_ng21_5Gb1e_1,138,,gutim,21,
21,70.5474,0.06,144,86,10,139,,D6,g,e,,,,,,gut_ng21_5D6e,139,,gutim,21,
21,70.6224,6.2069,144,34,8,140,,Bb1,,E,5923,,,,,gut_n21_6Bb1w,140,,gutim,21,
21,72.0017,3.1121,144,54,11,141,,F#3,,,,,,,,gut_n21_5Fs3e_0,141,,gutim,21,
21,72.0017,1.4741,144,57,11,141,,A3,,,,,,,,gut_n21_5A3e,141,,gutim,21,
21,72.8638,0.5517,144,56,11,142,,G#3,,,,,,,,gut_n21_1Gs3q_0,142,,gutim,21,
21,73.2086,4.9138,144,47,5,143,,B2,,,,,,,,gut_n21_5B2q,143,,gutim,21,
21,73.5966,0.0517,144,37,8,144,,Db2,,,,,,,,gut_n21_2Db2t,144,,gutim,21,
21,73.6612,0.0517,144,65,8,145,,F4,,,,,,,,gut_n21_2F4t,145,,gutim,21,
,,,,,,,,,,,,,,,,,,22,,,
22,75.2776,2.9483,144,50,5,146,,D3,,,,,,,,gut_n22_5D3w,146,,gutim,22,
,,,,,,,5923,,,,,,,,,,,,gutim,,
,,,,,,,,,,,,,,,,,,23,,,
23,78.381,1.0714,144,94,24,147,,Bb6,,,,d,,,,gut_n23_1Bb6h,147,,gutim,23,
23,78.381,2.5714,144,63,5,147,,Eb4,,,,d,,,,gut_n23_2Eb4w,147,,gutim,23,
23,78.9167,1.9286,144,33,22,148,,A1,,,,d,,,,gut_n23_6A1w,148,,gutim,23,
23,79.1846,0.2143,144,58,17,149,,Bb3,,,,d,,,,gut_n23_5Bb3e,149,,gutim,23,
23,79.4525,3.4286,144,52,18,150,,E3,,,,,,,,gut_n23_5E3b,150,,gutim,23,
23,79.7203,1.0714,144,38,20,151,,D2,,,,d,,,,gut_n23_1D2e,151,,gutim,23,
23,81.3275,0.2545,144,91,22,152,,G6,,,,,,,,gut_n23_6G6e,152,,gutim,23,
23,81.8632,0.0714,144,37,14,153,,C#2,,,,d,,,,gut_n23_2Cs2s,153,,gutim,23,
23,81.9525,0.0714,144,35,14,154,,B1,,,,d,,,,gut_n23_2B1s,154,,gutim,23,
23,82.0417,0.0714,144,89,14,155,,F6,,,,d,,,,gut_n23_2F6s,155,,gutim,23,
23,82.131,0.1283,144,69,14,156,,A4,,e,,d,,,,gut_n23_2A4s,156,,gutim,23,
23,82.2915,0.1283,144,62,17,157,,D4,,e,,,,,,gut_n23_2D4s,157,,gutim,23,
23,82.3989,0.2143,144,74,11,158,,D5,,,,d,,,,gut_n23_1D5s_0,158,,gutim,23,
23,82.4512,0.1283,144,49,19,159,,C#3,,e,,,,,,gut_n23_2Cs3s,159,,gutim,23,
23,82.5328,0.9643,144,53,22,160,,F3,,,,d,,,,gut_n23_1F3s,160,,gutim,23,
23,82.6123,0.0435,144,44,8,161,,G#2,,e,,d,,,,gut_n23_2Gs2t,161,,gutim,23,
23,82.6123,0.0435,144,101,22,161,,F7,,e,,d,,,,gut_n23_2F7t,161,,gutim,23,
23,82.6667,0.8571,144,60,22,162,,C4,,,,d,,,,gut_n23_1C4h,162,,gutim,23,
23,82.6667,0.8571,144,88,8,162,,E6,,,,d,,,,gut_n23_1E6h,162,,gutim,23,
23,82.7742,0.1283,144,47,20,163,,B2,,e,,d,,,,gut_n23_6B2s,163,,gutim,23,
23,82.7742,0.1283,144,74,20,163,,D5,,e,,d,,,,gut_n23_6D5s,163,,gutim,23,
23,82.9346,0.2143,144,50,14,164,,D3,,E,5924,,,,,gut_n23_6D3s_0,164,,gutim,23,
23,83.0685,0.1071,144,36,8,165,,C2,,,,d,,,,gut_n23_6C2s,165,,gutim,23,
23,83.2025,0.2143,144,69,22,166,,A4,,,,d,,,,gut_n23_2A4e,166,,gutim,23,
23,83.4703,0.2143,144,101,22,167,,F7,,,,D,5924,,,gut_n23_2F7e,167,,gutim,23,
,,,,,,,5924,,,,,,,,,,,,gutim,,
,,,,,,,,,,,,,,,,,,24,,,
24,83.7382,0.2857,144,40,11,168,,E2,,,,d,,,,gut_n24_1E2q,168,,gutim,24,
24,83.7382,1.7143,144,78,11,168,,F#5,,,,d,,,,gut_n24_2Fs5w,168,,gutim,24,
24,83.7382,1.7143,144,84,22,168,,C6,,,,d,,,,gut_n24_2C6w,168,,gutim,24,
24,83.7382,0.2679,144,31,11,168,,G1,,,,d,,,,gut_n24_5G1q,168,,gutim,24,
24,83.7382,1.5,144,37,20,168,,C#2,,,,d,,,,gut_n24_6Cs2h,168,,gutim,24,
24,84.0953,0.2857,144,90,11,169,,F#6,,,,d,,,,gut_n24_1Fs6q,169,,gutim,24,
24,84.4525,0.0714,144,81,8,170,,A5,,,,,,,,gut_n24_1A5s,170,,gutim,24,
24,84.5417,0.0714,144,102,8,171,,F#7,,,,,,,,gut_n24_1Fs7s,171,,gutim,24,
24,84.631,0.1429,144,56,11,172,,G#3,,,,,,,,gut_n24_1Gs3e,172,,gutim,24,
24,84.8096,0.5714,144,69,20,173,,A4,,,,d,,,,gut_n24_1A4h_0,173,,gutim,24,
24,85.5239,0.5714,144,60,17,174,,C4,,,,,,,,gut_n24_1C4h,174,,gutim,24,
24,85.6132,1.5,144,35,11,175,,B1,,,,,,,,gut_n24_6B1e,175,,gutim,24,
24,85.881,0.8571,144,81,5,176,,A5,,,,d,,,,gut_n24_2A5h,176,,gutim,24,
24,85.881,0.8571,144,87,5,176,,D#6,,,,d,,,,gut_n24_2Ds6h,176,,gutim,24,
24,85.881,0.8571,144,97,22,176,,C#7,,,,d,,,,gut_n24_2Cs7h,176,,gutim,24,
24,86.2382,0.5714,144,40,13,177,,E2,,,,,,,,gut_n24_1E2h,177,,gutim,24,
24,86.9525,0.1429,144,44,11,178,,G#2,,,,d,,,,gut_n24_2Gs2e,178,,gutim,24,
24,87.131,0.2857,144,90,12,179,,F#6,,,,,,,,gut_n24_2Fs6q,179,,gutim,24,
24,87.4882,2.3571,144,69,22,180,,A4,,,,D,5925,,,gut_n24_1A4h_1,180,,gutim,24,
24,87.4882,0.2857,144,60,22,180,,C4,,,,,,,,gut_n24_2C4q,180,,gutim,24,
24,87.4882,2.3571,144,56,5,180,,G#3,,,,,,,,gut_n24_5Gs3h,180,,gutim,24,
24,87.8453,0.2857,144,69,20,181,,A4,,,,,,,,gut_n24_2A4q,181,,gutim,24,
24,88.2025,0.0714,144,52,17,182,,E3,,,,,,,,gut_n24_2E3s,182,,gutim,24,
24,88.2917,0.1429,144,78,17,183,,F#5,,,,,,,,gut_n24_2Fs5e,183,,gutim,24,
24,88.4703,0.2857,144,32,17,184,,G#1,,,,,,,,gut_n24_2Gs1s,184,,gutim,24,
24,88.8275,0.2143,144,62,5,185,,D4,,,,,,,,gut_n24_2D4e,185,,gutim,24,
24,88.8275,0.4286,144,48,8,185,,C3,,,,,,,,gut_n24_5C3e,185,,gutim,24,
,,,,,,,,,,,,,,,,,,25,,,
25,89.0953,4.2857,144,34,7,186,,Bb1,,,,,,,,gut_n25_6Bb1w_0,186,,gutim,25,
25,89.3632,0.8571,144,40,5,187,,E2,,,,,,,,gut_n25_5E2e,187,,gutim,25,
25,90.4346,2.3571,144,69,8,188,,A4,,,,,,,,gut_n25_1A4q,188,,gutim,25,
25,90.4346,2.3571,144,84,8,188,,C6,,,,,,,,gut_n25_1C6q,188,,gutim,25,
25,92.3096,0.8571,144,44,14,189,,Ab2,,,,,,,,gut_n25_2Ab2h,189,,gutim,25,
25,92.3096,0.6429,144,25,5,189,,Db1,,,,,,,,gut_n25_5Db1q,189,,gutim,25,
25,93.1132,0.0714,144,46,5,190,,Bb2,,,,,,,,gut_n25_5Bb2s,190,,gutim,25,
25,93.2025,0.0714,144,37,6,191,,Db2,,,,,,,,gut_n25_5Db2s,191,,gutim,25,
25,93.2917,0.9286,144,88,8,192,,E6,,,,,,,,gut_n25_5E6s,192,,gutim,25,
25,93.306,0.0712,144,52,17,193,,E3,g,,,,,,,gut_ng25_1E3e,193,,gutim,25,
25,93.381,0.6786,144,58,17,194,,Bb3,,,,,,,,gut_n25_1Bb3h,194,,gutim,25,
25,94.0953,0.7143,144,46,14,195,,Bb2,,,,,,,,gut_n25_1Bb2q,195,,gutim,25,
,,,,,,,,,,,,,,,,,,26,,,
26,94.4525,0.8571,144,54,11,196,,Gb3,,,,,,t,,gut_n26_6Gb3h,196,,gutim,26,
26,94.9882,1.9286,144,56,8,197,,Ab3,,,,,,,,gut_n26_1Ab3w,197,,gutim,26,
26,94.9882,0.8571,144,30,11,197,,Gb1,,,,,,t,,gut_n26_5Gb1h,197,,gutim,26,
26,95.5239,0.8571,144,24,11,198,,C1,,,,,,t,,gut_n26_6C1h,198,,gutim,26,
26,96.0596,0.4286,144,43,5,199,,G2,,,,,,T,5925,gut_n26_5G2q,199,,gutim,26,
26,96.8632,0.4286,144,66,8,200,,F#4,,,,,,,,gut_n26_2Fs4e_0,200,,gutim,26,
26,96.8632,0.2143,144,75,8,200,,D#5,,,,,,,,gut_n26_2Ds5e,200,,gutim,26,
26,96.8632,0.2143,144,97,8,200,,C#7,,,,,,,,gut_n26_2Cs7e,200,,gutim,26,
26,97.131,0.2143,144,30,8,201,,Gb1,,,,,,,,gut_n26_6Gb1e,201,,gutim,26,
26,97.3989,0.2143,144,72,5,202,,C5,,,,,,,,gut_n26_1C5e,202,,gutim,26,
26,97.3989,0.6429,144,56,11,202,,G#3,,,,,,,,gut_n26_2Gs3e,202,,gutim,26,
26,97.8007,0.3214,144,34,11,203,,Bb1,,,,,,,,gut_n26_6Bb1e,203,,gutim,26,
26,98.2025,1.0179,144,64,17,204,,E4,,,,,,,,gut_n26_1E4h,204,,gutim,26,
26,98.2025,0.6429,144,47,11,204,,B2,,,,,,,,gut_n26_6B2q,204,,gutim,26,
26,98.9167,0.2857,144,50,11,205,,D3,,,,,,,,gut_n26_5D3q,205,,gutim,26,
26,99.006,0.6429,144,38,11,206,,D2,,,,,,,,gut_n26_6D2e,206,,gutim,26,
26,99.2739,0.5089,144,86,11,207,,D6,,,,,,,,gut_n26_1D6q,207,,gutim,26,
26,99.3596,0.06,144,76,5,208,,E5,g,e,,,,,,gut_ng26_5E5e,208,,gutim,26,
26,99.4346,0.06,144,37,6,209,,Db2,g,e,,,,,,gut_ng26_5Db2e,209,,gutim,26,
26,99.5096,0.06,144,56,8,210,,Ab3,g,e,,,,,,gut_ng26_5Ab3e,210,,gutim,26,
26,99.5846,0.06,144,46,10,211,,Bb2,g,e,,,,,,gut_ng26_5Bb2e,211,,gutim,26,
26,99.6596,0.06,144,72,11,212,,C5,g,e,,,,,,gut_ng26_5C5e,212,,gutim,26,
26,99.7346,0.06,144,25,8,213,,Db1,g,E,,,,,,gut_ng26_5Db1e,213,,gutim,26,
,,,,,,,5925,,,,,,,,,,,,gutim,,
,,,,,,,,,,,,,,,,,,27,,,
27,99.8096,1.7143,144,88,11,214,,E6,,,,,,,,gut_n27_1E6q,214,,gutim,27,
27,99.8096,0.8571,144,54,11,214,,F#3,,,,,,,,gut_n27_2Fs3h,214,,gutim,27,
27,99.8096,1.7143,144,56,5,214,,G#3,,,,,,,,gut_n27_5Gs3w,214,,gutim,27,
27,99.8096,0.9643,144,48,5,214,,C3,,,,,,,,gut_n27_6C3h,214,,gutim,27,
27,100.3453,1.2857,144,84,11,215,,C6,,,,,,,,gut_n27_1C6h,215,,gutim,27,
27,100.881,0.8571,144,63,8,216,,D#4,,,,,,,,gut_n27_2Ds4h,216,,gutim,27,
27,101.9525,0.2679,144,24,5,217,,C1,,e,,,,,,gut_n27_6C1q,217,,gutim,27,
27,102.4882,2.1429,144,34,5,218,,Bb1,,e,,,,,,gut_n27_6Bb1q,218,,gutim,27,
27,103.0239,1.7143,144,66,5,219,,F#4,,,,,,,,gut_n27_2Fs4w,219,,gutim,27,
27,103.0239,0.5089,144,44,5,219,,Ab2,,e,,,,,,gut_n27_5Ab2q,219,,gutim,27,
27,103.5596,0.2545,144,60,7,220,,C4,,e,,,,,,gut_n27_5C4e,220,,gutim,27,
27,104.006,0.0714,144,46,5,221,,Bb2,,,,,,,,gut_n27_5Bb2s,221,,gutim,27,
27,104.0953,0.8571,144,90,5,222,,F#6,,e,,,,,,gut_n27_1Fs6q_0,222,,gutim,27,
27,104.0953,0.0714,144,30,5,222,,Gb1,,,,,,,,gut_n27_5Gb1s,222,,gutim,27,
27,104.1846,0.0714,144,55,5,223,,G3,,,,,,,,gut_n27_5G3s,223,,gutim,27,
27,104.2739,0.0714,144,98,5,224,,D7,,,,,,,,gut_n27_5D7s,224,,gutim,27,
27,104.3632,0.4286,144,46,5,225,,Bb2,,,,,,,,gut_n27_5Bb2e_0,225,,gutim,27,
27,104.631,0.4286,144,64,5,226,,E4,,e,,,,,,gut_n27_1E4q,226,,gutim,27,
27,104.8989,0.2143,144,76,5,227,,E5,,,,,,,,gut_n27_5E5e,227,,gutim,27,
27,105.0775,0.1786,144,66,11,228,,F#4,,,,,,,,gut_n27_5Fs4s,228,,gutim,27,
,,,,,,,,,,,,,,,,,,28,,,
28,105.1667,0.067,144,69,5,229,,A4,,,,,,,,gut_n28_1A4s,229,,gutim,28,
28,105.1667,0.4286,144,42,5,229,,F#2,,e,,,,,,gut_n28_6Fs2q,229,,gutim,28,
28,105.4346,0.2143,144,98,5,230,,D7,,,,,,,,gut_n28_1D7e,230,,gutim,28,
28,105.7025,0.2143,144,55,5,231,,G3,,e,,,,,,gut_n28_6G3e,231,,gutim,28,
28,106.2382,0.2143,144,46,5,232,,Bb2,,,,,,,,gut_n28_2Bb2e,232,,gutim,28,
28,106.2382,3.4286,144,38,5,232,,D2,,,,,,,,gut_n28_5D2h,232,,gutim,28,
28,106.2382,0.2143,144,40,5,232,,E2,,E,5926,,,,,gut_n28_6E2e,232,,gutim,28,
28,106.506,0.2143,144,86,6,233,,D6,,,,,,,,gut_n28_2D6e,233,,gutim,28,
28,106.506,0.2143,144,32,6,233,,Ab1,,,,,,,,gut_n28_6Ab1e,233,,gutim,28,
28,107.6667,0.1429,144,62,11,234,,D4,,,,d,,,,gut_n28_1D4e_0,234,,gutim,28,
28,107.8453,0.1429,144,36,12,235,,C2,,,,,,,,gut_n28_1C2e,235,,gutim,28,
28,108.0239,0.1696,144,75,11,236,,Eb5,,,,d,,,,gut_n28_1Eb5e,236,,gutim,28,
28,108.2025,0.1696,144,62,11,237,,D4,,,,d,,,,gut_n28_1D4e_1,237,,gutim,28,
28,108.381,0.8571,144,68,5,238,,G#4,,,,d,,,,gut_n28_1Gs4h,238,,gutim,28,
28,108.381,1.7143,144,46,11,238,,Bb2,,,,d,,,,gut_n28_6Bb2h_0,238,,gutim,28,
28,109.4525,0.5357,144,44,5,239,,G#2,,,,,,,,gut_n28_2Gs2q,239,,gutim,28,
28,109.4525,0.8571,144,47,5,239,,Cb3,,,,d,,,,gut_n28_6Cb3h,239,,gutim,28,
28,109.4525,0.8571,144,54,5,239,,F#3,,,,d,,,,gut_n28_6Fs3h,239,,gutim,28,
28,109.9882,0.4286,144,69,5,240,,A4,,,,D,5926,,,gut_n28_1A4q,240,,gutim,28,
28,110.1221,0.5357,144,90,6,241,,F#6,,,,,,,,gut_n28_2Fs6e,241,,gutim,28,
,,,,,,,5926,,,,,,,,,,,,gutim,,
,,,,,,,,,,,,,,,,,,29,,,
29,110.7917,0.5357,144,60,11,242,,C4,,,,d,,,,gut_n29_6C4e_0,242,,gutim,29,
29,111.2382,0.1429,144,78,8,243,,F#5,,e,,,,,,gut_n29_1Fs5e,243,,gutim,29,
29,111.2382,0.1696,144,42,5,243,,F#2,,,,d,,,,gut_n29_5Fs2e,243,,gutim,29,
29,111.4167,0.1429,144,87,9,244,,D#6,,e,,,,,,gut_n29_1Ds6e,244,,gutim,29,
29,111.4167,0.1696,144,36,5,244,,C2,,,,d,,,,gut_n29_5C2e_0,244,,gutim,29,
29,111.4614,0.3214,144,40,5,245,,E2,,,,,,,,gut_n29_6E2s,245,,gutim,29,
29,111.5953,0.2143,144,36,14,246,,C2,,e,,,,,,gut_n29_6C2e,246,,gutim,29,
29,111.7739,0.2857,144,69,9,247,,A4,,e,,,,,,gut_n29_1A4q,247,,gutim,29,
29,111.9525,0.1696,144,62,14,248,,D4,,e,,,,,,gut_n29_5D4e,248,,gutim,29,
29,112.131,0.1429,144,64,9,249,,E4,,,,,,,,gut_n29_1E4e,249,,gutim,29,
29,112.131,0.1696,144,66,17,249,,F#4,,e,,,,,,gut_n29_5Fs4e,249,,gutim,29,
29,112.131,0.1696,144,69,17,249,,A4,,e,,,,,,gut_n29_5A4e,249,,gutim,29,
29,112.3096,0.1696,144,36,20,250,,C2,,E,5927,D,5927,,,gut_n29_5C2e_1,250,,gutim,29,
29,112.5167,0.0712,144,34,20,251,,Bb1,g,,,,,,,gut_ng29_5Bb1e,251,,gutim,29,
29,112.5917,0.0712,144,24,20,252,,C1,g,,,,,,,gut_ng29_5C1e,252,,gutim,29,
29,112.6667,0.2679,144,68,9,253,,G#4,,,,,,,,gut_n29_1Gs4q,253,,gutim,29,
29,112.6667,1.0179,144,54,20,253,,F#3,,,,,,,,gut_n29_5Fs3h,253,,gutim,29,
29,113.2025,0.1071,144,30,5,254,,F#1,,,,,,,,gut_n29_6Fs1s_0,254,,gutim,29,
29,113.2025,0.1071,144,36,5,254,,C2,,,,,,,,gut_n29_6C2s,254,,gutim,29,
29,113.6042,0.1607,144,30,5,255,,F#1,,,,,,,,gut_n29_6Fs1s_1,255,,gutim,29,
,,,,,,,,,,,,,,,,,,30,,,
30,113.7382,0.8571,144,52,8,256,,E3,,,,,,,,gut_n30_1E3h,256,,gutim,30,
30,113.7382,0.5357,144,42,6,256,,F#2,,,,,,,,gut_n30_5Fs2q,256,,gutim,30,
30,113.8051,0.1607,144,55,8,257,,G3,,,,,,,,gut_n30_6G3s,257,,gutim,30,
30,114.006,0.3214,144,76,8,258,,E5,,,,,,,,gut_n30_6E5e,258,,gutim,30,
30,114.4078,0.5357,144,64,5,259,,E4,,,,,,,,gut_n30_5E4e_0,259,,gutim,30,
30,114.4078,0.3214,144,98,2,259,,D7,,,,,,,,gut_n30_6D7e,259,,gutim,30,
30,114.8096,1.0714,144,88,2,260,,E6,,,,,,,,gut_n30_1E6h,260,,gutim,30,
30,115.0775,0.7634,144,69,6,261,,A4,,,,,,,,gut_n30_5A4e,261,,gutim,30,
30,115.881,0.2545,144,68,5,262,,G#4,,,,,,,,gut_n30_5Gs4e,262,,gutim,30,
,,,,,,,5927,,,,,,,,,,,,gutim,,
30,116.3417,0.06,144,54,5,263,,F#3,g,,,,,,,gut_ng30_5Fs3e_0,263,,gutim,30,
30,116.3417,0.06,144,62,5,263,,D4,g,,,,,,,gut_ng30_5D4e,263,,gutim,30,
30,116.8775,0.06,144,78,5,264,,F#5,g,,,,,,,gut_ng30_1Fs5e,264,,gutim,30,
30,116.8775,0.06,144,84,5,264,,C6,g,,,,,,,gut_ng30_1C6e,264,,gutim,30,
30,116.8775,0.06,144,53,5,264,,E#3,g,,,,,,,gut_ng30_5Es3e,264,,gutim,30,
,,,,,,,,,,,,,,,,,,31,,,
31,116.9525,1.7143,144,48,17,265,,C3,,,,,,,,gut_n31_2C3w,265,,gutim,31,
31,116.9525,0.2034,144,49,17,265,,C#3,,,,,,,,gut_n31_5Cs3e,265,,gutim,31,
31,116.9525,0.2034,144,52,17,265,,E3,,,,,,,,gut_n31_5E3e,265,,gutim,31,
31,116.9525,0.0537,144,44,17,265,,G#2,,,,,,,,gut_n31_6Gs2s,265,,gutim,31,
31,117.0048,0.051,144,60,20,266,,C4,,,,,,,,gut_n31_1C4t,266,,gutim,31,
31,117.0585,0.1021,144,69,20,267,,A4,,,,,,,,gut_n31_1A4s,267,,gutim,31,
31,117.1673,0.2034,144,44,20,268,,G#2,,,,,,,,gut_n31_5Gs2e,268,,gutim,31,
31,117.1673,0.0537,144,40,20,268,,E2,,,,,,,,gut_n31_6E2s,268,,gutim,31,
31,117.3822,0.1034,144,61,20,269,,C#4,,,,,,,,gut_n31_5Cs4s,269,,gutim,31,
31,117.4875,0.051,144,70,11,270,,Bb4,,,,,,,,gut_n31_1Bb4t,270,,gutim,31,
31,117.491,0.2143,144,69,11,271,,A4,,,,,,,,gut_n31_5A4e,271,,gutim,31,
31,117.5412,0.051,144,61,12,272,,Db4,,,,,,,,gut_n31_1Db4t,272,,gutim,31,
31,117.5949,0.2034,144,72,14,273,,C5,,,,,,,,gut_n31_1C5e,273,,gutim,31,
31,117.809,0.2041,144,70,20,274,,Bb4,,,,d,,,,gut_n31_1Bb4e,274,,gutim,31,
31,118.0267,0.4286,144,52,17,275,,E3,,,,d,,,,gut_n31_5E3q,275,,gutim,31,
31,118.0267,0.2143,144,35,8,275,,B1,,,,d,,,,gut_n31_6B1e,275,,gutim,31,
31,118.5624,3.0,144,37,20,276,,C#2,,,,d,,,,gut_n31_5Cs2q,276,,gutim,31,
31,118.5624,0.8571,144,32,11,276,,G#1,,,,d,,,,gut_n31_6Gs1h,276,,gutim,31,
31,119.0953,0.5,144,84,11,277,,C6,,,,,,,,gut_n31_1C6q,277,,gutim,31,
31,119.0981,2.5714,144,48,20,278,,C3,,,,d,,,,gut_n31_5C3w,278,,gutim,31,
31,119.1953,0.06,144,84,11,279,,C6,g,,,,,,,gut_ng31_1C6e,279,,gutim,31,
31,119.2703,0.06,144,58,15,280,,Bb3,g,,,,,,,gut_ng31_1Bb3e,280,,gutim,31,
31,119.3453,0.06,144,32,20,281,,Ab1,g,,,D,,,,gut_ng31_1Ab1e,281,,gutim,31,
31,119.3453,0.06,144,97,20,281,,C#7,g,,,,,,,gut_ng31_1Cs7e,281,,gutim,31,
31,119.7203,0.5,144,61,14,282,,C#4,,,,,,,,gut_n31_1Cs4s,282,,gutim,31,
31,120.3453,0.5,144,52,15,283,,E3,,,,,,,,gut_n31_1E3q,283,,gutim,31,
31,120.9703,0.5,144,82,11,284,,Bb5,,,,,,,,gut_n31_1Bb5e,284,,gutim,31,
31,120.9731,1.6429,144,44,20,285,,G#2,,,,,,,,gut_n31_6Gs2e,285,,gutim,31,
31,121.2382,0.5714,144,37,11,286,,C#2,,,,,,,,gut_n31_2Cs2q,286,,gutim,31,
31,121.5953,0.5714,144,32,11,287,,G#1,,,,,,,,gut_n31_1Gs1e,287,,gutim,31,
31,121.9525,0.2857,144,69,14,288,,A4,,,,d,,,,gut_n31_2A4q,288,,gutim,31,
,,,,,,,,,,,,,,,,,,32,,,
32,122.3096,1.0,144,49,17,289,,C#3,,,,,,,,gut_n32_1Cs3h,289,,gutim,32,
32,122.3096,2.5714,144,35,17,289,,B1,,,,d,,,,gut_n32_5B1w,289,,gutim,32,
32,122.6667,1.1429,144,50,17,290,,D3,,,,d,,,,gut_n32_2D3e_0,290,,gutim,32,
32,123.0239,0.2857,144,90,22,291,,F#6,,,,d,,,,gut_n32_6Fs6q,291,,gutim,32,
32,123.5596,0.2857,144,72,20,292,,C5,,,,d,,,,gut_n32_1C5q,292,,gutim,32,
32,124.0953,0.2857,144,23,20,293,,B0,,,,d,,,,gut_n32_2B0q,293,,gutim,32,
32,124.8096,0.5714,144,52,20,294,,E3,,,,d,,,,gut_n32_2E3h,294,,gutim,32,
32,124.8096,0.1429,144,53,11,294,,F3,,,,d,,,,gut_n32_6F3e,294,,gutim,32,
32,125.1667,0.0848,144,49,11,295,,C#3,,,,D,5928,,,gut_n32_6Cs3s,295,,gutim,32,
32,125.256,0.0848,144,62,16,296,,D4,,,,,,,,gut_n32_6D4s,296,,gutim,32,
32,125.3453,0.0848,144,53,20,297,,F3,,,,,,,,gut_n32_6F3s,297,,gutim,32,
32,125.4346,0.0424,144,81,17,298,,A5,,,,,,,,gut_n32_6A5t,298,,gutim,32,
32,125.4792,0.0424,144,23,14,299,,B0,,,,,,,,gut_n32_6B0t,299,,gutim,32,
,,,,,,,,,,,,,,,,,,33,,,
33,125.5239,0.06,144,29,11,300,,F1,g,,,d,,,,gut_ng33_5F1e,300,,gutim,33,
33,125.5989,0.06,144,81,11,301,,A5,g,,,d,,,,gut_ng33_1A5e,301,,gutim,33,
33,125.5989,0.06,144,48,11,301,,C3,g,,,D,,,,gut_ng33_5C3e,301,,gutim,33,
,,,,,,,5928,,,,,,,,,,,,gutim,,
33,125.6739,1.7143,144,76,11,302,,E5,,,,,,,,gut_n33_1E5w,302,,gutim,33,
33,125.6739,2.7991,144,55,11,302,,G3,,,,,,,,gut_n33_2G3w,302,,gutim,33,
33,125.6739,1.8661,144,62,17,302,,D4,,,,,,,,gut_n33_5D4h,302,,gutim,33,
33,125.6739,1.7143,144,51,17,302,,Eb3,,,,,,,,gut_n33_6Eb3w,302,,gutim,33,
33,127.6382,6.2768,144,49,20,303,,C#3,,,,,,,,gut_n33_5Cs3e,303,,gutim,33,
33,127.8167,2.1429,144,80,14,304,,G#5,,,,d,,,,gut_n33_1Gs5h,304,,gutim,33,
33,127.8167,5.1429,144,34,14,304,,Bb1,,,,d,,,,gut_n33_6Bb1w,304,,gutim,33,
33,128.6203,6.8705,144,59,11,305,,B3,,,,d,,,,gut_n33_2B3e,305,,gutim,33,
33,129.4239,0.4286,144,78,5,306,,F#5,,,,d,,,,gut_n33_1Fs5q,306,,gutim,33,
,,,,,,,,,,,,,,,,,,34,,,
34,131.031,1.7143,144,81,2,307,,A5,,,,,,,,gut_n34_1A5w,307,,gutim,34,
34,131.031,3.8571,144,58,20,307,,A#3,,,,d,,,,gut_n34_2As3w,307,,gutim,34,
34,131.031,3.8571,144,69,22,307,,A4,,,,d,,,,gut_n34_2A4w,307,,gutim,34,
,,,,,,,,,,,,,,,,,,35,,,
35,134.2453,1.7143,144,48,11,308,,C3,,,,d,,,,gut_n35_6C3w,308,,gutim,35,
35,134.2453,1.7143,144,56,5,308,,Ab3,,,,d,,,,gut_n35_6Ab3w,308,,gutim,35,
35,135.1382,0.3571,144,44,20,309,,Ab2,,,,D,,,,gut_n35_5Ab2e_0,309,,gutim,35,
35,135.5846,6.5,144,81,22,310,,A5,,,,,,,,gut_n35_1A5e,310,,gutim,35,
35,135.5846,0.2857,144,70,17,310,,Bb4,,,,,,,,gut_n35_5Bb4e,310,,gutim,35,
35,135.9417,0.0714,144,84,18,311,,C6,,e,,,,,,gut_n35_5C6s,311,,gutim,35,
35,136.031,0.0714,144,52,19,312,,E3,,e,,,,,,gut_n35_5E3s,312,,gutim,35,
35,136.1203,0.0714,144,61,20,313,,C#4,,e,,,,,,gut_n35_5Cs4s,313,,gutim,35,
35,136.2096,0.0714,144,82,21,314,,Bb5,,e,,,,,,gut_n35_5Bb5s,314,,gutim,35,
35,136.2989,0.0714,144,32,22,315,,Ab1,,e,,,,,,gut_n35_5Ab1s,315,,gutim,35,
35,136.3882,0.8571,144,76,11,316,,E5,,E,,,,,,gut_n35_2E5h,316,,gutim,35,
35,136.3882,1.0,144,84,22,316,,C6,,E,5929,,,,,gut_n35_2C6h,316,,gutim,35,
35,137.1025,0.1429,144,85,5,317,,C#6,,,,d,,,,gut_n35_5Cs6e,317,,gutim,35,
35,137.1025,0.1429,144,93,5,317,,A6,,,,d,,,,gut_n35_5A6e,317,,gutim,35,
35,137.281,0.1429,144,42,5,318,,F#2,,,,d,,,,gut_n35_5Fs2e,318,,gutim,35,
35,137.281,0.1429,144,75,5,318,,D#5,,,,d,,,,gut_n35_5Ds5e,318,,gutim,35,
35,137.4596,5.1429,144,50,24,319,,D3,,,,d,,,,gut_n35_6D3w,319,,gutim,35,
35,137.6382,5.0,144,61,24,320,,C#4,,,,d,,,,gut_n35_2Cs4q,320,,gutim,35,
35,137.6382,0.1429,144,46,5,320,,Bb2,,,,d,,,,gut_n35_5Bb2e,320,,gutim,35,
35,139.0667,3.8571,144,60,22,321,,C4,,,,d,,,,gut_n35_5C4q,321,,gutim,35,
,,,,,,,,,,,,,,,,,,36,,,
36,139.6025,3.4286,144,97,24,322,,C#7,,,,d,,,,gut_n36_2Cs7b,322,,gutim,36,
36,143.7096,8.9286,144,53,20,323,,F3,,,,D,5929,,,gut_n36_1F3e,323,,gutim,36,
,,,,,,,,,,,,,,,,,,37,,,
37,147.1025,0.4286,144,101,22,324,,F7,,,,,,,,gut_n37_2F7q,324,,gutim,37,
37,147.1025,0.8571,144,40,20,324,,E2,,,,,,,,gut_n37_6E2h,324,,gutim,37,
37,147.8167,0.2857,144,52,20,325,,E3,,,,,,,,gut_n37_5E3s,325,,gutim,37,
37,147.906,0.2143,144,42,20,326,,F#2,,,,,,,,gut_n37_5Fs2e,326,,gutim,37,
37,148.1739,0.2143,144,69,14,327,,A4,,,,,,,,gut_n37_2A4e,327,,gutim,37,
37,148.1739,9.4286,144,52,20,327,,E3,,,,,,,,gut_n37_5E3w,327,,gutim,37,
37,149.2453,4.5,144,47,8,328,,B2,,,,,,,,gut_n37_6B2h,328,,gutim,37,
,,,,,,,,,,,,,,,,,,38,,,
38,154.6025,0.2143,144,42,8,329,,F#2,,,,,,,,gut_n38_5Fs2e,329,,gutim,38,
38,154.7203,0.06,144,94,8,330,,A#6,g,,,,,,,gut_ng38_1As6e,330,,gutim,38,
38,154.7203,0.06,144,23,5,330,,B0,g,,,,,,,gut_ng38_6B0e,330,,gutim,38,
38,154.7953,0.06,144,68,7,331,,G#4,g,,,,,,,gut_ng38_1Gs4e,331,,gutim,38,
38,154.8703,0.2143,144,64,17,332,,E4,,,,,,,,gut_n38_1E4e,332,,gutim,38,
38,154.9882,0.06,144,90,11,333,,F#6,g,,,,,,,gut_ng38_1Fs6e,333,,gutim,38,
38,155.0632,0.06,144,40,11,334,,E2,g,,,,,,,gut_ng38_1E2e,334,,gutim,38,
38,155.1382,0.2143,144,68,14,335,,G#4,,,,,,,,gut_n38_1Gs4e,335,,gutim,38,
38,155.1382,3.8571,144,78,11,335,,F#5,,,,,,,,gut_n38_1Fs5e_0,335,,gutim,38,
,,,,,,,,,,,,,,,,,,39,,,
39,156.2096,3.0,144,66,20,336,,F#4,,,,,,,,gut_n39_6Fs4w,336,,gutim,39,
39,159.1989,0.06,144,62,14,337,,D4,g,,,,,,,gut_ng39_5D4e,337,,gutim,39,
39,159.2739,0.06,144,81,11,338,,A5,g,,,,,,,gut_ng39_5A5e,338,,gutim,39,
39,159.3489,0.06,144,23,8,339,,B0,g,,,,,,,gut_ng39_5B0e,339,,gutim,39,
39,159.4239,0.4286,144,49,5,340,,C#3,,,,,,,,gut_n39_5Cs3q,340,,gutim,39,
,,,,,,,5929,,,,,,,,,,,,gutim,,
,,,,,,,,,,,,,,,,,,40,,,
40,159.9596,0.3055,144,67,8,341,,G4,,,,d,,,,gut_n40_1G4e,341,,gutim,40,
40,159.9596,0.043,144,96,8,341,,C7,,,,d,,,,gut_n40_2C7t,341,,gutim,40,
40,159.9596,0.043,144,105,8,341,,A7,,,,d,,,,gut_n40_2A7t,341,,gutim,40,
40,159.9596,1.1429,144,63,11,341,,D#4,,,,d,,,,gut_n40_5Ds4h,341,,gutim,40,
40,160.0133,0.1283,144,100,9,342,,E7,,,,,,,,gut_n40_2E7s,342,,gutim,40,
40,160.1738,0.4075,144,56,11,343,,G#3,,,,,,,,gut_n40_2Gs3e,343,,gutim,40,
40,160.2798,0.3055,144,71,11,344,,B4,,,,,,,,gut_n40_1B4e,344,,gutim,40,
40,160.6027,0.3432,144,93,8,345,,A6,,,,,,,,gut_n40_1A6q,345,,gutim,40,
40,160.6027,0.4069,144,74,11,345,,D5,,,,,,,,gut_n40_2D5q,345,,gutim,40,
40,161.031,0.1021,144,61,8,346,,C#4,,,,,,,,gut_n40_2Cs4s,346,,gutim,40,
40,161.1385,0.0859,144,74,8,347,,D5,,,,,,,,gut_n40_2D5s,347,,gutim,40,
40,161.2459,0.3432,144,84,11,348,,C6,,,,d,,,,gut_n40_2C6e,348,,gutim,40,
40,161.2452,0.3432,144,48,11,348,,C3,,,,d,,,,gut_n40_6C3e,348,,gutim,40,
40,161.3882,0.1429,144,97,17,349,,C#7,,,,d,,,,gut_n40_5Cs7e,349,,gutim,40,
40,161.6749,0.3421,144,75,11,350,,Eb5,,,,d,,,,gut_n40_2Eb5q,350,,gutim,40,
40,161.6742,0.4069,144,49,11,350,,Db3,,,,d,,,,gut_n40_6Db3q,350,,gutim,40,
40,161.8775,0.0712,144,55,11,351,,G3,g,,,d,,,,gut_ng40_6G3e,351,,gutim,40,
40,161.9525,0.0712,144,48,11,352,,C3,g,,,d,,,,gut_ng40_6C3e,352,,gutim,40,
40,162.0275,0.0712,144,59,11,353,,B3,g,,,d,,,,gut_ng40_6B3e,353,,gutim,40,
40,162.1025,0.8571,144,88,11,354,,E6,,,,d,,,,gut_n40_2E6h,354,,gutim,40,
40,162.1025,0.8571,144,93,11,354,,A6,,,,d,,,,gut_n40_2A6h,354,,gutim,40,
40,162.281,0.8482,144,41,20,355,,F2,,,,D,5930,,,gut_n40_6F2q_0,355,,gutim,40,
40,163.1739,1.0179,144,44,8,356,,Ab2,,,,,,,,gut_n40_6Ab2h,356,,gutim,40,
40,163.1739,1.0179,144,54,8,356,,Gb3,,,,,,,,gut_n40_6Gb3h,356,,gutim,40,
,,,,,,,5930,,,,,,,,,,,,gutim,,
,,,,,,,,,,,,,,,,,,41,,,
41,164.2453,0.06,144,84,8,357,,C6,g,e,,d,,,,gut_ng41_1C6e,357,,gutim,41,
41,164.2453,0.06,144,80,8,357,,Ab5,g,e,,d,,,,gut_ng41_5Ab5e,357,,gutim,41,
41,164.3203,0.06,144,52,9,358,,E3,g,e,,d,,,,gut_ng41_1E3e,358,,gutim,41,
41,164.3203,0.06,144,48,9,358,,C3,g,e,,D,,,,gut_ng41_5C3e,358,,gutim,41,
41,164.3953,0.06,144,77,11,359,,F5,g,e,,,,,,gut_ng41_1F5e,359,,gutim,41,
41,164.3953,0.06,144,105,24,359,,A7,g,e,,d,,,,gut_ng41_2A7e,359,,gutim,41,
41,164.3953,0.06,144,63,11,359,,Eb4,g,e,,,,,,gut_ng41_5Eb4e,359,,gutim,41,
41,164.4703,0.1429,144,59,11,360,,B3,,E,,,,,,gut_n41_5B3e,360,,gutim,41,
41,164.4703,3.4286,144,43,11,360,,G2,,,,,,,,gut_n41_6G2b,360,,gutim,41,
41,164.6489,0.2857,144,43,11,361,,G2,,,,,,,,gut_n41_5G2q,361,,gutim,41,
41,164.8261,0.0474,144,62,11,362,,D4,,,,,,,,gut_n41_1D4t,362,,gutim,41,
41,164.8854,0.0474,144,88,12,363,,E6,,,,,,,,gut_n41_1E6t,363,,gutim,41,
41,164.9447,0.0474,144,49,14,364,,C#3,,,,,,,,gut_n41_1Cs3t,364,,gutim,41,
41,165.1075,0.06,144,96,14,365,,C7,g,,,d,,,,gut_ng41_1C7e,365,,gutim,41,
41,165.1825,0.2874,144,100,14,366,,E7,,,,d,,,,gut_n41_1E7q,366,,gutim,41,
41,165.5417,2.5714,144,84,22,367,,C6,,,,D,,,,gut_n41_1C6w,367,,gutim,41,
41,167.3275,0.2857,144,29,24,368,,F1,,e,,d,,t,,gut_n41_5F1q,368,,gutim,41,
41,167.6846,0.2857,144,51,24,369,,Eb3,,e,,,,t,,gut_n41_5Eb3q,369,,gutim,41,
41,168.0417,0.2857,144,85,22,370,,Db6,,,,,,,,gut_n41_2Db6q,370,,gutim,41,
41,168.0417,0.2857,144,56,17,370,,Ab3,,e,,d,,t,,gut_n41_5Ab3q,370,,gutim,41,
41,168.3989,0.2857,144,61,14,371,,Db4,,e,,,,t,,gut_n41_2Db4q,371,,gutim,41,
41,168.3989,1.0,144,32,22,371,,Ab1,,e,,d,,t,,gut_n41_5Ab1q,371,,gutim,41,
41,168.3989,0.2857,144,42,11,371,,Gb2,,E,,d,,T,,gut_n41_5Gb2q,371,,gutim,41,
,,,,,,,,,,,,,,,,,,42,,,
42,168.756,1.7143,144,87,20,372,,D#6,,e,,d,,t,,gut_n42_1Ds6w,372,,gutim,42,
42,168.756,1.7143,144,88,20,372,,E6,,e,,d,,t,,gut_n42_1E6w,372,,gutim,42,
42,168.756,0.0357,144,88,20,372,,E6,,,,,,,,gut_n42_2E6t,372,,gutim,42,
42,168.756,1.7143,144,36,20,372,,C2,,e,,D,,t,,gut_n42_6C2w,372,,gutim,42,
42,168.8007,0.0357,144,62,20,373,,D4,,e,,d,,T,5931,gut_n42_2D4t,373,,gutim,42,
42,168.8453,0.0357,144,41,20,374,,F2,,e,,d,,,,gut_n42_2F2t,374,,gutim,42,
42,168.8453,0.0357,144,49,20,374,,Db3,,e,,d,,,,gut_n42_2Db3t,374,,gutim,42,
42,168.89,1.6071,144,84,22,375,,C6,,E,,d,,,,gut_n42_2C6e,375,,gutim,42,
42,168.89,1.6071,144,85,20,375,,Db6,,E,,d,,,,gut_n42_2Db6e,375,,gutim,42,
42,169.6489,0.7857,144,82,14,376,,Bb5,,,,,,,,gut_n42_5Bb5e,376,,gutim,42,
42,170.631,0.0536,144,84,20,377,,C6,,,,,,,,gut_n42_5C6t,377,,gutim,42,
42,170.698,0.0536,144,52,14,378,,E3,,,,,,,,gut_n42_5E3t,378,,gutim,42,
42,170.765,0.0536,144,82,8,379,,Bb5,,,,,,,,gut_n42_5Bb5t,379,,gutim,42,
42,170.8989,0.0714,144,84,22,380,,C6,,,,,,,,gut_n42_1C6s,380,,gutim,42,
42,170.8989,1.7143,144,75,22,380,,Eb5,,,,d,,,,gut_n42_2Eb5w,380,,gutim,42,
42,170.8989,0.0714,144,35,8,380,,B1,,,,d,,,,gut_n42_5B1s,380,,gutim,42,
42,170.8989,0.0714,144,36,8,380,,C2,,e,,d,,,,gut_n42_6C2s,380,,gutim,42,
42,170.9882,0.0714,144,61,23,381,,C#4,,e,,,,,,gut_n42_1Cs4s,381,,gutim,42,
42,170.9882,0.0714,144,64,23,381,,E4,,e,,,,,,gut_n42_1E4s,381,,gutim,42,
42,171.0775,0.0714,144,69,17,382,,A4,,e,,d,,,,gut_n42_1A4s,382,,gutim,42,
42,171.0775,0.0714,144,82,17,382,,Bb5,,e,,d,,,,gut_n42_1Bb5s,382,,gutim,42,
42,171.1667,0.1339,144,68,17,383,,G#4,,E,5931,d,,,,gut_n42_1Gs4e,383,,gutim,42,
42,171.1667,0.6429,144,52,11,383,,E3,,,,d,,,,gut_n42_6E3e,383,,gutim,42,
42,171.256,1.2143,144,53,11,384,,F3,,,,D,,,,gut_n42_5F3e_0,384,,gutim,42,
42,171.5685,1.3929,144,62,22,385,,D4,,,,,,,,gut_n42_1D4e,385,,gutim,42,
42,172.1042,0.375,144,43,11,386,,G2,,,,,,,,gut_n42_6G2e,386,,gutim,42,
42,172.573,0.1607,144,21,5,387,,A0,,,,,,,,gut_n42_6A0s,387,,gutim,42,
,,,,,,,,,,,,,,,,,,43,,,
43,173.0417,0.06,144,77,8,388,,F5,g,,,d,,,,gut_ng43_2F5e,388,,gutim,43,
43,173.1167,1.1429,144,63,11,389,,Eb4,,,,d,,,,gut_n43_2Eb4h,389,,gutim,43,
43,173.1167,1.0714,144,62,14,389,,D4,,,,,,,,gut_n43_1D4h,389,,gutim,43,
43,173.1167,0.8571,144,75,14,389,,Eb5,,,,,,,,gut_n43_1Eb5h,389,,gutim,43,
43,173.1167,0.8571,144,28,8,389,,E1,,,,d,,,,gut_n43_6E1h,389,,gutim,43,
43,173.1167,0.8571,144,31,8,389,,G1,,,,d,,,,gut_n43_6G1h,389,,gutim,43,
43,174.1132,0.06,144,36,14,390,,C2,g,,,D,5931,,,gut_ng43_5C2e,390,,gutim,43,
43,174.456,1.0714,144,88,22,391,,E6,,,,d,,,,gut_n43_1E6e,391,,gutim,43,
43,174.5453,1.1429,144,80,14,392,,Ab5,,,,d,,,,gut_n43_2Ab5e_0,392,,gutim,43,
43,174.5453,0.5714,144,48,8,392,,C3,,,,d,,,,gut_n43_6C3e,392,,gutim,43,
43,175.2596,0.5714,144,75,11,393,,Eb5,,,,d,,,,gut_n43_2Eb5q,393,,gutim,43,
43,175.2596,0.0536,144,61,8,393,,Db4,,,,d,,,,gut_n43_5Db4t,393,,gutim,43,
43,175.2596,0.4286,144,37,14,393,,Db2,,,,d,,,,gut_n43_6Db2q,393,,gutim,43,
43,175.3266,0.1071,144,32,8,394,,Ab1,,,,d,,,,gut_n43_5Ab1s,394,,gutim,43,
43,175.5275,0.1071,144,82,5,395,,Bb5,,,,d,,,,gut_n43_1Bb5s,395,,gutim,43,
43,175.6614,0.1071,144,84,5,396,,C6,,,,,,,,gut_n43_1C6s,396,,gutim,43,
43,175.6614,0.1071,144,56,8,396,,Ab3,,,,d,,,,gut_n43_5Ab3s,396,,gutim,43,
43,175.7953,0.1429,144,48,5,397,,C3,,,,d,,,,gut_n43_5C3e,397,,gutim,43,
43,175.7953,0.1429,144,52,5,397,,E3,,,,d,,,,gut_n43_5E3e,397,,gutim,43,
43,175.9739,0.5714,144,21,17,398,,A0,,,,d,,,,gut_n43_5A0q_0,398,,gutim,43,
43,175.9739,0.5714,144,32,17,398,,G#1,,,,d,,,,gut_n43_5Gs1q_0,398,,gutim,43,
43,175.9739,0.5714,144,40,17,398,,E2,,,,d,,,,gut_n43_5E2q_0,398,,gutim,43,
43,175.9739,0.5714,144,47,17,398,,B2,,,,d,,,,gut_n43_5B2q_0,398,,gutim,43,
43,176.6882,0.5714,144,103,17,399,,G7,,,,D,,,,gut_n43_2G7h,399,,gutim,43,
43,176.6882,0.5714,144,35,14,399,,B1,,,,D,,,,gut_n43_5B1h,399,,gutim,43,
,,,,,,,5931,,,,,,,,,,,,gutim,,
,,,,,,,,,,,,,,,,,,44,,,
44,177.4025,0.06,144,105,17,400,,A7,g,,,d,,,,gut_ng44_2A7e,400,,gutim,44,
44,177.4775,0.8571,144,75,20,401,,Eb5,,,,d,,,,gut_n44_1Eb5h,401,,gutim,44,
44,177.4775,0.8571,144,63,8,401,,Eb4,,,,d,,,,gut_n44_2Eb4h,401,,gutim,44,
44,178.281,0.5,144,62,17,402,,D4,,,,d,,,,gut_n44_5D4e,402,,gutim,44,
44,178.281,0.2143,144,60,5,402,,C4,,,,d,,,,gut_n44_6C4e,402,,gutim,44,
44,178.906,1.1429,144,37,17,403,,Db2,,,,d,,,,gut_n44_5Db2e_0,403,,gutim,44,
44,180.156,0.1429,144,24,8,404,,C1,,,,D,,,,gut_n44_6C1e,404,,gutim,44,
44,180.3346,1.7857,144,85,8,405,,C#6,,,,,,,,gut_n44_1Cs6q,405,,gutim,44,
44,180.3346,0.2857,144,59,11,405,,B3,,,,,,,,gut_n44_5B3q,405,,gutim,44,
44,180.3346,0.5714,144,47,20,405,,B2,,,,,,,,gut_n44_6B2q_0,405,,gutim,44,
44,181.0489,0.2857,144,36,22,406,,C2,,,,,,,,gut_n44_6C2q,406,,gutim,44,
44,181.406,0.2857,144,103,22,407,,G7,,,,,,,,gut_n44_6G7q,407,,gutim,44,
,,,,,,,,,,,,,,,,,,45,,,
45,181.7632,1.9286,144,55,20,408,,G3,,,,d,,,,gut_n45_2G3w,408,,gutim,45,
45,181.7632,0.0636,144,48,14,408,,C3,,,,d,,,,gut_n45_5C3t,408,,gutim,45,
45,181.7632,0.2143,144,43,8,408,,G2,,,,D,5932,,,gut_n45_6G2e,408,,gutim,45,
45,181.8301,0.4453,144,49,14,409,,Db3,,,,d,,,,gut_n45_5Db3e,409,,gutim,45,
45,182.5667,1.7143,144,42,11,410,,F#2,,,,d,,,,gut_n45_5Fs2e_0,410,,gutim,45,
45,182.5667,1.7143,144,54,11,410,,F#3,,,,d,,,,gut_n45_5Fs3e_0,410,,gutim,45,
45,182.5667,1.0714,144,25,17,410,,C#1,,,,d,,,,gut_n45_6Cs1e,410,,gutim,45,
45,183.906,0.2143,144,75,11,411,,D#5,,,,d,,,,gut_n45_1Ds5e,411,,gutim,45,
45,183.906,0.2143,144,46,17,411,,A#2,,,,,,,,gut_n45_6As2e,411,,gutim,45,
45,184.1739,0.4286,144,37,8,412,,C#2,,,,D,,,,gut_n45_1Cs2e_0,412,,gutim,45,
45,184.7096,0.5089,144,41,5,413,,F2,,,,,,,,gut_n45_5F2e_0,413,,gutim,45,
45,184.7096,0.4286,144,36,5,413,,C2,,,,,,,,gut_n45_6C2e_0,413,,gutim,45,
,,,,,,,5932,,,,,,,,,,,,gutim,,
,,,,,,,,,,,,,,,,,,46,,,
46,186.0489,3.4286,144,75,8,414,,Eb5,,,,d,,,,gut_n46_1Eb5b,414,,gutim,46,
46,186.0489,1.2857,144,72,11,414,,C5,,,,d,,,,gut_n46_2C5h,414,,gutim,46,
46,186.0489,3.308,144,57,11,414,,A3,,,,d,,,,gut_n46_5A3w,414,,gutim,46,
46,187.656,1.2857,144,76,5,415,,E5,,,,d,,,,gut_n46_2E5h,415,,gutim,46,
46,189.2632,0.1339,144,25,8,416,,C#1,,,,d,,,,gut_n46_6Cs1e,416,,gutim,46,
46,189.531,0.7634,144,52,5,417,,E3,,,,,,,,gut_n46_5E3e,417,,gutim,46,
46,189.531,0.6429,144,56,11,417,,G#3,,,,,,,,gut_n46_6Gs3e,417,,gutim,46,
,,,,,,,,,,,,,,,,,,47,,,
47,190.3346,2.5714,144,84,14,418,,C6,,,,d,,,,gut_n47_1C6w,418,,gutim,47,
47,190.3346,2.5714,144,77,22,418,,F5,,,,d,,,,gut_n47_2F5w,418,,gutim,47,
47,190.3346,3.4286,144,56,8,418,,Ab3,,,,d,,,,gut_n47_5Ab3b,418,,gutim,47,
47,193.5489,0.8571,144,46,11,419,,Bb2,,,,d,,,,gut_n47_2Bb2h,419,,gutim,47,
47,193.5489,5.1429,144,40,24,419,,E2,,,,d,,,,gut_n47_6E2h,419,,gutim,47,
,,,,,,,,,,,,,,,,,,48,,,
48,194.6203,4.2857,144,62,8,420,,D4,,,,d,,,,gut_n48_2D4b,420,,gutim,48,
48,197.031,2.3571,144,44,22,421,,G#2,,,,D,5933,,,gut_n48_5Gs2h,421,,gutim,48,
48,198.3703,0.4286,144,49,5,422,,C#3,,,,D,,,,gut_n48_1Cs3q,422,,gutim,48,
,,,,,,,,,,,,,,,,,,49,,,
49,198.906,0.4286,144,93,5,423,,A6,,,,,,,,gut_n49_1A6q,423,,gutim,49,
49,199.9775,0.067,144,49,2,424,,C#3,,,,,,,,gut_n49_2Cs3s,424,,gutim,49,
49,199.9775,2.5714,144,31,14,424,,G1,,,,,,,,gut_n49_6G1w,424,,gutim,49,
49,200.2453,0.2143,144,81,5,425,,A5,,,,,,,,gut_n49_1A5e,425,,gutim,49,
49,200.3792,0.0636,144,62,14,426,,D4,,,,,,,,gut_n49_2D4t,426,,gutim,49,
49,200.4462,0.1272,144,84,15,427,,C6,,,,,,,,gut_n49_2C6t_0,427,,gutim,49,
49,200.5132,0.3214,144,90,11,428,,F#6,,e,,,,,,gut_n49_1Fs6e,428,,gutim,49,
49,200.5132,0.1908,144,80,11,428,,G#5,,,,,,,,gut_n49_2Gs5t,428,,gutim,49,
49,200.5132,0.1004,144,23,14,428,,B0,,,,,,,,gut_n49_5B0s,428,,gutim,49,
49,200.5801,0.1071,144,88,20,429,,E6,,,,,,,,gut_n49_2E6s,429,,gutim,49,
49,200.7141,0.1607,144,63,21,430,,D#4,,e,,,,,,gut_n49_2Ds4s,430,,gutim,49,
49,200.7141,0.1071,144,49,14,430,,C#3,,,,,,,,gut_n49_5Cs3s,430,,gutim,49,
49,200.848,0.0536,144,44,13,431,,G#2,,,,,,,,gut_n49_5Gs2t,431,,gutim,49,
49,200.915,0.9643,144,59,20,432,,B3,,,,,,,,gut_n49_1B3s,432,,gutim,49,
49,200.915,0.1607,144,59,20,432,,B3,,e,,,,,,gut_n49_2B3s,432,,gutim,49,
49,201.1159,0.1607,144,21,15,433,,A0,,e,,,,,,gut_n49_2A0s,433,,gutim,49,
49,201.3167,0.0636,144,43,11,434,,G2,,E,,,,,,gut_n49_2G2s,434,,gutim,49,
49,202.1203,0.2545,144,65,8,435,,F4,,,,,,,,gut_n49_1F4e,435,,gutim,49,
49,202.1203,0.8571,144,49,20,435,,C#3,,,,,,,,gut_n49_5Cs3h,435,,gutim,49,
49,202.656,0.3055,144,72,11,436,,C5,,,,,,,,gut_n49_1C5e,436,,gutim,49,
49,202.9776,0.3055,144,50,12,437,,D3,,,,,,,,gut_n49_1D3e,437,,gutim,49,
,,,,,,,,,,,,,,,,,,50,,,
50,203.1917,0.06,144,25,14,438,,C#1,g,,,d,,,,gut_ng50_5Cs1e,438,,gutim,50,
50,203.2667,3.4286,144,88,12,439,,E6,,,,d,,,,gut_n50_2E6b,439,,gutim,50,
50,203.2667,3.4286,144,36,17,439,,C2,,,,d,,,,gut_n50_5C2b,439,,gutim,50,
50,203.2667,0.0859,144,90,12,439,,F#6,,e,,,,,,gut_n50_6Fs6s,439,,gutim,50,
50,203.3735,0.2573,144,37,17,440,,C#2,,,,d,,,,gut_n50_1Cs2e,440,,gutim,50,
50,203.3742,0.0859,144,31,11,440,,G1,,e,,d,,,,gut_n50_6G1s,440,,gutim,50,
50,203.4816,0.0859,144,65,11,441,,F4,,e,,d,,,,gut_n50_6F4s,441,,gutim,50,
50,203.589,0.0859,144,48,8,442,,C3,,e,,d,,,,gut_n50_6C3s,442,,gutim,50,
50,203.695,0.3002,144,76,12,443,,E5,,,,D,5934,,,gut_n50_1E5s,443,,gutim,50,
50,203.6964,0.0848,144,32,7,443,,Ab1,,E,5934,,,,,gut_n50_6Ab1s,443,,gutim,50,
,,,,,,,5933,,,,,,,,,,,,gutim,,
50,207.3275,0.06,144,78,8,444,,F#5,g,,,,,,,gut_ng50_2Fs5e,444,,gutim,50,
50,207.4025,0.06,144,36,8,445,,C2,g,,,,,,,gut_ng50_2C2e,445,,gutim,50,
,,,,,,,,,,,,,,,,,,51,,,
51,207.5525,1.7143,144,65,11,446,,F4,,,,d,,,,gut_n51_1F4w,446,,gutim,51,
51,207.5525,1.7143,144,80,2,446,,G#5,,,,d,,,,gut_n51_1Gs5w,446,,gutim,51,
51,207.5525,3.0,144,63,20,446,,D#4,,,,d,,,,gut_n51_2Ds4w,446,,gutim,51,
51,207.5525,0.2143,144,64,11,446,,E4,,,,d,,,,gut_n51_5E4e,446,,gutim,51,
51,207.5525,1.7143,144,56,20,446,,G#3,,,,d,,,,gut_n51_6Gs3w,446,,gutim,51,
51,207.8203,2.7857,144,54,17,447,,F#3,,,,d,,,,gut_n51_5Fs3e,447,,gutim,51,
51,211.2275,0.06,144,74,8,448,,D5,g,,,D,,,,gut_ng51_1D5e,448,,gutim,51,
51,211.3025,1.2857,144,80,20,449,,G#5,,,,,,,,gut_n51_1Gs5q,449,,gutim,51,
51,211.3025,0.4286,144,56,8,449,,G#3,,,,,,,,gut_n51_5Gs3q,449,,gutim,51,
51,211.5703,0.2143,144,81,19,450,,A5,,,,,,,,gut_n51_2A5e,450,,gutim,51,
,,,,,,,,,,,,,,,,,,52,,,
52,211.8382,3.4286,144,93,22,451,,A6,,,,,,,,gut_n52_2A6b,451,,gutim,52,
52,211.8382,3.4286,144,42,22,451,,F#2,,,,,,,,gut_n52_5Fs2b,451,,gutim,52,
52,212.9096,1.2857,144,87,22,452,,D#6,,,,,,t,,gut_n52_1Ds6h,452,,gutim,52,
52,214.4417,0.06,144,62,5,453,,D4,g,,,,,,,gut_ng52_1D4e,453,,gutim,52,
52,214.5167,1.2857,144,81,5,454,,A5,,,,,,t,,gut_n52_1A5h,454,,gutim,52,
,,,,,,,,,,,,,,,,,,53,,,
53,216.1239,3.4286,144,69,24,455,,A4,,,,,,T,5934,gut_n53_2A4b,455,,gutim,53,
53,216.9275,2.7857,144,25,17,456,,C#1,,,,,,,,gut_n53_5Cs1e,456,,gutim,53,
53,218.1167,0.0712,144,49,5,457,,C#3,g,,,d,,,,gut_ng53_1Cs3e,457,,gutim,53,
53,218.1917,0.0712,144,84,5,458,,C6,g,,,d,,,,gut_ng53_1C6e,458,,gutim,53,
53,218.2667,2.0357,144,75,20,459,,D#5,,,,d,,,,gut_n53_1Ds5w,459,,gutim,53,
53,218.2667,2.0357,144,88,5,459,,E6,,,,d,,,,gut_n53_1E6w,459,,gutim,53,
53,219.3382,0.8571,144,35,20,460,,B1,,,,D,5935,,,gut_n53_6B1h,460,,gutim,53,
,,,,,,,5934,,,,,,,,,,,,gutim,,
,,,,,,,,,,,,,,,,,,54,,,
54,220.4096,3.308,144,46,20,461,,Bb2,,,,d,,,,gut_n54_5Bb2w,461,,gutim,54,
54,220.4096,8.1429,144,36,5,461,,C2,,,,d,,,,gut_n54_6C2b,461,,gutim,54,
54,220.4096,4.0714,144,37,20,461,,Db2,,,,D,5936,,,gut_n54_6Db2b,461,,gutim,54,
54,223.8917,1.7812,144,56,14,462,,Ab3,,,,,,,,gut_n54_5Ab3q,462,,gutim,54,
,,,,,,,,,,,,,,,,,,55,,,
55,224.6953,2.0357,144,47,5,463,,B2,,,,d,,,,gut_n55_5B2h_0,463,,gutim,55,
55,224.6953,1.0179,144,52,11,463,,E3,,,,d,,,,gut_n55_5E3h,463,,gutim,55,
55,225.7667,0.8571,144,87,8,464,,Eb6,,,,d,,,,gut_n55_1Eb6h,464,,gutim,55,
55,225.7667,0.3214,144,84,8,464,,C6,,,,,,,,gut_n55_2C6e,464,,gutim,55,
55,226.3025,9.0,144,59,22,465,,B3,,,,D,,,,gut_n55_2B3q,465,,gutim,55,
,,,,,,,,,,,,,,,,,,56,,,
56,228.981,3.4286,144,64,14,466,,E4,,,,,,,,gut_n56_2E4b,466,,gutim,56,
56,228.981,3.4286,144,91,8,466,,G6,,,,,,,,gut_n56_2G6b,466,,gutim,56,
56,230.5882,5.5714,144,53,8,467,,F3,,,,,,,,gut_n56_5F3q,467,,gutim,56,
56,230.5882,6.6161,144,28,14,467,,E1,,,,,,,,gut_n56_6E1q,467,,gutim,56,
56,230.706,0.06,144,60,2,468,,C4,g,,,,,,,gut_ng56_1C4e,468,,gutim,56,
56,230.781,0.06,144,74,2,469,,D5,g,,,,,,,gut_ng56_1D5e,469,,gutim,56,
,,,,,,,,,,,,,,,,,,57,,,
57,233.2667,3.4286,144,68,2,470,,G#4,,,,,,,,gut_n57_2Gs4b,470,,gutim,57,
57,233.2667,4.0714,144,24,8,470,,C1,,,,,,,,gut_n57_6C1b,470,,gutim,57,
57,233.3337,0.0536,144,37,7,471,,C#2,,,,,,,,gut_n57_1Cs2t,471,,gutim,57,
,,,,,,,5935,,,,,,,,,,,,gutim,,
,,,,,,,,,,,,,,,,,,58,,,
58,237.5525,0.0714,144,76,11,472,,E5,,e,,,,,,gut_n58_1E5s,472,,gutim,58,
58,237.6417,0.0714,144,56,14,473,,G#3,,e,,,,,,gut_n58_1Gs3s,473,,gutim,58,
58,237.731,0.0714,144,37,17,474,,C#2,,e,,,,,,gut_n58_1Cs2s,474,,gutim,58,
58,237.8203,0.0714,144,84,20,475,,C6,,e,,,,,,gut_n58_1C6s,475,,gutim,58,
58,237.9096,0.1429,144,25,20,476,,C#1,,E,5936,,,,,gut_n58_1Cs1e,476,,gutim,58,
58,238.0882,0.5714,144,46,20,477,,Bb2,,,,,,,,gut_n58_5Bb2q,477,,gutim,58,
58,238.8025,0.2857,144,88,17,478,,E6,,,,,,,,gut_n58_5E6q,478,,gutim,58,
58,239.1596,0.1429,144,56,11,479,,Ab3,,,,,,,,gut_n58_5Ab3e,479,,gutim,58,
58,239.3382,0.1429,144,84,5,480,,C6,,,,,,,,gut_n58_5C6e,480,,gutim,58,
,,,,,,,5936,,,,,,,,,,,,gutim,,
58,241.3025,0.2545,144,43,17,481,,G2,,,,,,,,gut_n58_5G2e,481,,gutim,58,
58,241.5703,0.0536,144,86,5,482,,D6,,,,,,,,gut_n58_1D6t,482,,gutim,58,
58,241.5703,0.1272,144,21,10,482,,A0,,,,,,,,gut_n58_5A0s,482,,gutim,58,
58,241.6373,0.0536,144,40,5,483,,E2,,,,,,,,gut_n58_1E2t,483,,gutim,58,
58,241.7042,0.0536,144,49,5,484,,C#3,,,,,,,,gut_n58_1Cs3t,484,,gutim,58,
,,,,,,,,,,,,,,,,,,59,,,
59,241.8382,1.7143,144,80,11,485,,G#5,,,,d,,,,gut_n59_1Gs5w,485,,gutim,59,
59,241.8382,0.0424,144,82,5,485,,A#5,,e,,d,,,,gut_n59_2As5t,485,,gutim,59,
59,241.8382,1.7143,144,45,24,485,,A2,,,,d,,,,gut_n59_6A2w,485,,gutim,59,
59,241.8382,1.7143,144,48,14,485,,C3,,,,D,5937,,,gut_n59_6C3w,485,,gutim,59,
59,241.8828,0.0424,144,68,6,486,,G#4,,e,,,,,,gut_n59_2Gs4t,486,,gutim,59,
59,241.9275,0.0424,144,42,8,487,,F#2,,e,,,,,,gut_n59_2Fs2t,487,,gutim,59,
59,241.9721,0.3817,144,50,8,488,,D3,,E,5937,,,,,gut_n59_2D3e,488,,gutim,59,
59,242.2989,0.0712,144,91,2,489,,G6,g,,,,,,,gut_ng59_2G6e,489,,gutim,59,
59,242.3739,0.2545,144,80,14,490,,G#5,,,,,,t,,gut_n59_2Gs5e,490,,gutim,59,
59,242.6417,0.2545,144,21,15,491,,A0,,,,,,t,,gut_n59_2A0e,491,,gutim,59,
59,242.9096,0.2545,144,43,14,492,,G2,,,,,,T,5937,gut_n59_2G2e,492,,gutim,59,
59,243.1025,0.06,144,63,13,493,,D#4,g,,,,,,,gut_ng59_2Ds4e,493,,gutim,59,
59,243.1775,2.0357,144,59,13,494,,B3,,,,,,,,gut_n59_2B3q,494,,gutim,59,
59,243.7132,1.7143,144,40,5,495,,E2,,,,,,,,gut_n59_5E2e,495,,gutim,59,
59,245.3203,0.1272,144,43,8,496,,G2,,,,,,,,gut_n59_2G2s,496,,gutim,59,
59,245.4542,0.1272,144,33,7,497,,A1,,,,,,,,gut_n59_2A1s,497,,gutim,59,
59,245.5882,0.1272,144,51,5,498,,Eb3,,,,,,,,gut_n59_2Eb3s,498,,gutim,59,
59,245.856,0.1272,144,72,5,499,,C5,,,,,,,,gut_n59_2C5s,499,,gutim,59,
59,245.99,0.0636,144,49,5,500,,Db3,,,,,,,,gut_n59_2Db3s,500,,gutim,59,
,,,,,,,5937,,,,,,,,,,,,gutim,,
,,,,,,,,,,,,,,,,,,60,,,
60,246.1239,3.0536,144,80,14,501,,Ab5,,,,d,,,,gut_n60_1Ab5w,501,,gutim,60,
60,246.1239,1.7812,144,68,5,501,,Ab4,,,,d,,,,gut_n60_5Ab4h,501,,gutim,60,
60,247.9989,0.0848,144,59,5,502,,B3,,,,,,,,gut_n60_5B3s,502,,gutim,60,
60,248.0882,0.0714,144,45,5,503,,A2,,,,,,,,gut_n60_5A2s,503,,gutim,60,
60,248.1775,0.0424,144,63,5,504,,D#4,,,,,,,,gut_n60_5Ds4t,504,,gutim,60,
60,248.2221,0.0424,144,21,4,505,,A0,,,,,,,,gut_n60_5A0t,505,,gutim,60,
60,248.2667,1.0179,144,47,2,506,,B2,,,,,,,,gut_n60_5B2h,506,,gutim,60,
60,249.3382,0.0563,144,40,11,507,,E2,,e,,,,,,gut_n60_1E2t,507,,gutim,60,
60,249.3975,0.0563,144,74,11,508,,D5,,e,,,,,,gut_n60_1D5t,508,,gutim,60,
60,249.4568,0.0296,144,49,11,509,,C#3,,e,,,,,,gut_n60_1Cs3t,509,,gutim,60,
60,249.5161,0.0296,144,60,11,510,,C4,,e,,,,,,gut_n60_1C4t,510,,gutim,60,
60,249.5753,0.0296,144,86,14,511,,D6,,e,,,,,,gut_n60_1D6t,511,,gutim,60,
60,249.6346,0.0296,144,52,14,512,,E3,,e,,,,,,gut_n60_1E3t,512,,gutim,60,
60,249.6939,0.0848,144,72,14,513,,C5,,E,5938,d,,,,gut_n60_1C5t,513,,gutim,60,
60,249.7832,0.0848,144,61,14,514,,C#4,,,,d,,,,gut_n60_1Cs4t,514,,gutim,60,
60,249.8725,0.2857,144,92,17,515,,G#6,,,,d,,,,gut_n60_1Gs6q,515,,gutim,60,
60,250.2296,0.2868,144,52,17,516,,E3,,,,d,,,,gut_n60_1E3e,516,,gutim,60,
,,,,,,,,,,,,,,,,,,61,,,
61,250.4096,1.5268,144,43,5,517,,G2,,,,d,,,,gut_n61_6G2h,517,,gutim,61,
61,250.5882,0.2857,144,61,17,518,,C#4,,,,d,,,,gut_n61_1Cs4q,518,,gutim,61,
61,250.9453,0.2857,144,80,20,519,,G#5,,,,D,5938,,,gut_n61_1Gs5q_0,519,,gutim,61,
61,251.3025,0.2857,144,86,20,520,,D6,,,,,,,,gut_n61_1D6q,520,,gutim,61,
61,251.6596,0.1429,144,49,20,521,,C#3,,,,,,,,gut_n61_1Cs3e,521,,gutim,61,
61,251.8382,0.0714,144,40,20,522,,E2,,,,,,,,gut_n61_1E2s,522,,gutim,61,
61,251.9275,0.0714,144,72,20,523,,C5,,,,,,,,gut_n61_1C5s,523,,gutim,61,
61,252.0167,5.7,144,80,20,524,,G#5,,,,,,,,gut_n61_1Gs5q_1,524,,gutim,61,
61,252.0167,0.2545,144,47,5,524,,B2,,,,,,,,gut_n61_6B2e,524,,gutim,61,
61,252.5525,6.8571,144,32,8,525,,Ab1,,,,,,,,gut_n61_6Ab1w,525,,gutim,61,
,,,,,,,,,,,,,,,,,,62,,,
62,256.1239,0.0563,144,69,2,526,,A4,,,,,,,,gut_n62_2A4t,526,,gutim,62,
62,256.1832,0.0563,144,63,2,527,,Eb4,,,,,,,,gut_n62_2Eb4t,527,,gutim,62,
62,256.2425,0.057,144,36,2,528,,C2,,,,,,,,gut_n62_2C2t,528,,gutim,62,
,,,,,,,,,,,,,,,,,,63,,,
63,258.981,1.7143,144,31,2,529,,G1,,,,,,,,gut_n63_5G1w,529,,gutim,63,
63,259.3667,0.0712,144,82,8,530,,Bb5,g,,,,,,,gut_ng63_1Bb5e,530,,gutim,63,
63,259.4417,0.0712,144,103,8,531,,G7,g,,,,,,,gut_ng63_1G7e,531,,gutim,63,
63,259.5167,1.0179,144,40,5,532,,E2,,,,,,,,gut_n63_1E2h,532,,gutim,63,
63,260.5882,1.0179,144,86,20,533,,D6,,,,,,,,gut_n63_1D6h,533,,gutim,63,
63,261.6596,0.2545,144,72,17,534,,C5,,,,,,,,gut_n63_1C5e,534,,gutim,63,
63,261.9275,0.0848,144,49,16,535,,C#3,,,,,,,,gut_n63_1Cs3s,535,,gutim,63,
63,262.106,0.0848,144,61,14,536,,C#4,,,,,,,,gut_n63_1Cs4s,536,,gutim,63,
63,262.1953,1.0179,144,92,14,537,,G#6,,,,,,,,gut_n63_1Gs6h,537,,gutim,63,
63,262.731,4.7143,144,62,5,538,,D4,,,,,,,,gut_n63_5D4q,538,,gutim,63,
,,,,,,,,,,,,,,,,,,64,,,
64,263.2667,4.0714,144,85,24,539,,C#6,,,,,,,,gut_n64_1Cs6b,539,,gutim,64,
,,,,,,,,,,,,,,,,,,65,,,
65,268.6239,5.0893,144,54,14,540,,F#3,,,,,,,,gut_n65_1Fs3w,540,,gutim,65,
65,268.6239,1.2723,144,49,8,540,,C#3,,,,,,,,gut_n65_5Cs3h,540,,gutim,65,
65,269.9632,1.2723,144,53,5,541,,F3,,,,,,,,gut_n65_5F3e,541,,gutim,65,
,,,,,,,,,,,,,,,,,,66,,,
66,273.981,1.2723,144,65,5,542,,F4,,,,,,,,gut_n66_1F4h,542,,gutim,66,
66,275.3203,0.6362,144,43,2,543,,G2,,,,,,,,gut_n66_1G2e_0,543,,gutim,66,
,,,,,,,5938,,,,,,,,,,,,gutim,,
66,275.9739,0.06,144,42,8,544,,F#2,g,,,,,,,gut_ng66_1Fs2e,544,,gutim,66,
66,276.0489,0.06,144,82,9,545,,A#5,g,,,,,,,gut_ng66_1As5e,545,,gutim,66,
,,,,,,,,,,,,,,,,,,67,,,
67,276.1239,10.2857,144,75,11,546,,D#5,,,,,,,,gut_n67_1Ds5b,546,,gutim,67,
67,276.1239,0.2857,144,68,9,546,,G#4,,,,,,,,gut_n67_2Gs4q,546,,gutim,67,
67,276.5096,0.06,144,70,5,547,,Bb4,g,,,,,,,gut_ng67_2Bb4e,547,,gutim,67,
67,276.5846,0.06,144,62,6,548,,D4,g,,,,,,,gut_ng67_2D4e,548,,gutim,67,
67,276.6596,0.8571,144,78,8,549,,F#5,,,,d,,,,gut_n67_2Fs5h,549,,gutim,67,
67,276.6596,1.7143,144,85,20,549,,C#6,,,,d,,,,gut_n67_2Cs6h_0,549,,gutim,67,
67,276.6596,0.1696,144,36,11,549,,C2,,,,d,,,,gut_n67_5C2e_0,549,,gutim,67,
67,276.6596,0.2143,144,28,20,549,,E1,,,,d,,,,gut_n67_6E1e,549,,gutim,67,
67,276.6596,0.2143,144,37,20,549,,Db2,,,,d,,,,gut_n67_6Db2e,549,,gutim,67,
67,276.8382,0.0848,144,44,21,550,,Ab2,,,,,,,,gut_n67_5Ab2e,550,,gutim,67,
67,277.0167,0.0893,144,53,17,551,,F3,,,,,,,,gut_n67_5F3e,551,,gutim,67,
67,277.3739,0.0893,144,76,17,552,,E5,,,,,,,,gut_n67_6E5e,552,,gutim,67,
67,277.5525,0.0893,144,54,20,553,,F#3,,,,,,,,gut_n67_6Fs3e,553,,gutim,67,
67,277.731,0.5089,144,48,20,554,,C3,,,,,,,,gut_n67_5C3q,554,,gutim,67,
67,277.731,0.2143,144,39,8,554,,Eb2,,,,,,,,gut_n67_6Eb2e,554,,gutim,67,
67,278.2667,0.2545,144,56,17,555,,Ab3,,,,,,,,gut_n67_5Ab3e,555,,gutim,67,
67,278.2667,0.2679,144,57,5,555,,A3,,,,,,,,gut_n67_6A3q,555,,gutim,67,
67,278.8025,0.0848,144,76,14,556,,E5,,,,,,,,gut_n67_2E5s_0,556,,gutim,67,
67,278.8025,0.2034,144,48,22,556,,C3,,,,,,,,gut_n67_5C3e,556,,gutim,67,
67,278.9025,0.057,144,65,14,557,,F4,g,,,,,,,gut_ng67_2F4e,557,,gutim,67,
67,278.9775,0.0848,144,48,20,558,,C3,,,,,,,,gut_n67_2C3s,558,,gutim,67,
67,278.9775,0.0848,144,54,20,558,,F#3,,,,,,,,gut_n67_2Fs3s,558,,gutim,67,
67,278.9775,0.0848,144,56,20,558,,Ab3,,,,,,,,gut_n67_2Ab3s,558,,gutim,67,
67,278.9775,0.0848,144,65,20,558,,F4,,,,,,,,gut_n67_2F4s,558,,gutim,67,
67,278.9775,0.0848,144,76,20,558,,E5,,,,,,,,gut_n67_2E5s_1,558,,gutim,67,
67,279.0667,0.1696,144,62,11,559,,D4,,,,d,,,,gut_n67_2D4e,559,,gutim,67,
67,279.1016,0.3055,144,27,20,560,,Eb1,,,,d,,,,gut_n67_5Eb1e,560,,gutim,67,
67,279.1016,0.3055,144,36,20,560,,C2,,,,d,,,,gut_n67_5C2e_1,560,,gutim,67,
67,279.2453,0.1696,144,91,11,561,,G6,,,,D,,,,gut_n67_2G6e,561,,gutim,67,
67,279.4239,0.1713,144,82,11,562,,Bb5,,,,d,,t,,gut_n67_2Bb5e,562,,gutim,67,
67,279.6373,0.1713,144,23,8,563,,B0,,,,d,,t,,gut_n67_5B0e,563,,gutim,67,
67,279.6373,0.1713,144,30,8,563,,F#1,,,,d,,t,,gut_n67_5Fs1e,563,,gutim,67,
67,279.8515,0.1713,144,50,17,564,,D3,,,,D,5939,t,,gut_n67_5D3e,564,,gutim,67,
67,280.0663,0.1713,144,68,16,565,,Ab4,,,,,,t,,gut_n67_2Ab4e,565,,gutim,67,
67,280.2805,0.1719,144,103,14,566,,G7,,,,,,T,5939,gut_n67_2G7e,566,,gutim,67,
67,280.2798,0.0859,144,44,20,566,,G#2,,,,,,,,gut_n67_5Gs2s,566,,gutim,67,
67,280.3872,0.0865,144,42,20,567,,F#2,,,,,,,,gut_n67_5Fs2s,567,,gutim,67,
,,,,,,,,,,,,,,,,,,68,,,
68,280.6739,0.0714,144,48,20,568,,C3,,e,,,,,,gut_n68_2C3s_0,568,,gutim,68,
68,280.7632,0.0714,144,65,21,569,,F4,,e,,,,,,gut_n68_2F4s,569,,gutim,68,
68,280.7632,0.0714,144,70,21,569,,Bb4,,e,,,,,,gut_n68_2Bb4s,569,,gutim,68,
68,280.8525,0.0714,144,54,22,570,,F#3,,e,,,,,,gut_n68_2Fs3s,570,,gutim,68,
68,280.8525,0.4286,144,50,20,570,,D3,,,,,,,,gut_n68_6D3e,570,,gutim,68,
68,280.9417,0.0714,144,48,23,571,,C3,,e,,,,,,gut_n68_2C3s_1,571,,gutim,68,
68,280.9417,0.0714,144,56,23,571,,Ab3,,e,,,,,,gut_n68_2Ab3s,571,,gutim,68,
68,280.9417,0.0714,144,76,23,571,,E5,,e,,,,,,gut_n68_2E5s,571,,gutim,68,
68,280.9417,0.0714,144,82,23,571,,Bb5,,E,5939,,,,,gut_n68_2Bb5s,571,,gutim,68,
68,281.031,6.4286,144,66,24,572,,Gb4,,,,,,,,gut_n68_2Gb4w,572,,gutim,68,
68,281.031,6.4286,144,70,24,572,,Bb4,,,,,,,,gut_n68_2Bb4w,572,,gutim,68,
68,281.031,6.4286,144,76,24,572,,E5,,,,,,,,gut_n68_2E5w,572,,gutim,68,
68,281.031,6.4286,144,86,24,572,,D6,,,,,,,,gut_n68_2D6w,572,,gutim,68,
68,281.5667,0.5725,144,47,5,573,,B2,,,,,,,,gut_n68_6B2q,573,,gutim,68,
68,282.1694,0.5725,144,31,5,574,,G1,,,,,,,,gut_n68_6G1e,574,,gutim,68,
68,282.7721,1.3929,144,53,22,575,,F3,,,,d,,,,gut_n68_5F3e_0,575,,gutim,68,
68,282.7721,0.6362,144,68,5,575,,Ab4,,,,,,,,gut_n68_6Ab4e_0,575,,gutim,68,
68,283.1739,0.5089,144,77,17,576,,F5,,,,d,,,,gut_n68_6F5e_0,576,,gutim,68,
68,283.1739,0.5089,144,90,22,576,,Gb6,,,,d,,,,gut_n68_6Gb6e_0,576,,gutim,68,
68,283.7096,0.2545,144,57,20,577,,A3,,,,d,,t,,gut_n68_6A3e,577,,gutim,68,
68,283.7096,0.2545,144,65,22,577,,F4,,,,d,,t,,gut_n68_6F4e,577,,gutim,68,
68,283.9775,0.1209,144,32,20,578,,G#1,,,,d,,t,,gut_n68_6Gs1e,578,,gutim,68,
68,283.9775,0.2545,144,35,5,578,,B1,,,,d,,t,,gut_n68_6B1e,578,,gutim,68,
68,284.2453,0.1429,144,102,22,579,,F#7,,,,D,5940,t,,gut_n68_6Fs7e,579,,gutim,68,
68,284.4239,0.1429,144,60,22,580,,C4,,,,,,,,gut_n68_6C4e,580,,gutim,68,
68,284.5132,7.0714,144,36,22,581,,C2,,,,,,T,,gut_n68_5C2e,581,,gutim,68,
68,284.6025,0.1429,144,44,22,582,,Ab2,,,,,,,,gut_n68_6Ab2e,582,,gutim,68,
,,,,,,,,,,,,,,,,,,69,,,
69,284.781,6.8571,144,40,20,583,,E2,,,,,,,,gut_n69_5E2b,583,,gutim,69,
69,285.2417,0.06,144,45,14,584,,A2,g,,,,,,,gut_ng69_6A2e,584,,gutim,69,
69,285.3167,4.2857,144,54,14,585,,F#3,,,,,,,,gut_n69_6Fs3w,585,,gutim,69,
,,,,,,,,,,,,,,,,,,70,,,
70,290.1382,0.4286,144,59,5,586,,B3,,,,,,,,gut_n70_2B3q,586,,gutim,70,
,,,,,,,5939,,,,,,,,,,,,gutim,,
,,,,,,,,,,,,,,,,,,71,,,
71,293.3525,0.8571,144,60,8,587,,C4,,,,,,t,,gut_n71_2C4h,587,,gutim,71,
71,293.3525,0.5089,144,85,8,587,,C#6,,,,,,,,gut_n71_5Cs6q,587,,gutim,71,
71,293.8882,1.0179,144,54,8,588,,F#3,,,,,,t,,gut_n71_5Fs3h,588,,gutim,71,
71,294.4239,1.7143,144,77,4,589,,F5,,,,,,t,,gut_n71_2F5w,589,,gutim,71,
71,294.9596,1.0179,144,45,9,590,,A2,,,,,,T,5940,gut_n71_5A2h,590,,gutim,71,
,,,,,,,,,,,,,,,,,,72,,,
72,297.6382,0.4286,144,97,8,591,,C#7,,,,,,,,gut_n72_1Cs7q,591,,gutim,72,
72,298.1739,0.8571,144,98,14,592,,D7,,,,,,,,gut_n72_1D7h,592,,gutim,72,
72,299.1703,0.06,144,54,15,593,,F#3,g,,,,,,,gut_ng72_5Fs3e,593,,gutim,72,
72,299.2453,0.0536,144,90,11,594,,F#6,,,,,,,,gut_n72_1Fs6t,594,,gutim,72,
72,299.2453,0.0636,144,46,20,594,,A#2,,,,,,,,gut_n72_5As2t,594,,gutim,72,
72,299.3123,0.1607,144,65,11,595,,F4,,,,,,,,gut_n72_1F4s,595,,gutim,72,
72,299.3123,0.0636,144,59,20,595,,B3,,,,,,,,gut_n72_5B3t,595,,gutim,72,
72,299.3792,0.3817,144,60,19,596,,C4,,,,,,,,gut_n72_5C4e,596,,gutim,72,
,,,,,,,,,,,,,,,,,,73,,,
73,302.4596,3.0,144,102,24,597,,F#7,,,,,,,,gut_n73_1Fs7w,597,,gutim,73,
,,,,,,,,,,,,,,,,,,74,,,
74,307.8167,3.6429,144,27,5,598,,Eb1,,,,,,,,gut_n74_5Eb1q,598,,gutim,74,
,,,,,,,,,,,,,,,,,,75,,,
75,312.3703,1.5268,144,44,20,599,,Ab2,,,,,,,,gut_n75_5Ab2e_0,599,,gutim,75,
75,313.1739,1.2857,144,76,14,600,,E5,,,,,,,,gut_n75_1E5h,600,,gutim,75,
75,313.9775,0.7634,144,42,11,601,,Gb2,,,,,,,,gut_n75_5Gb2q,601,,gutim,75,
,,,,,,,5940a,,,,,,,,,,,,gutim,,
,,,,,,,,,,,,,,,,,,76,,,
76,314.781,0.1429,144,62,17,602,,D4,,,,,,,,gut_n76_2D4e,602,,gutim,76,
76,314.781,0.0859,144,98,11,602,,D7,,e,,,,,,gut_n76_5D7s,602,,gutim,76,
76,314.8878,0.0859,144,34,15,603,,Bb1,,e,,,,,,gut_n76_5Bb1s,603,,gutim,76,
76,314.9596,0.1429,144,90,17,604,,F#6,,,,,,,,gut_n76_2Fs6e,604,,gutim,76,
76,314.9952,0.0859,144,48,18,605,,C3,,e,,,,,,gut_n76_5C3s,605,,gutim,76,
76,315.1026,0.0859,144,42,22,606,,F#2,,e,,,,,,gut_n76_5Fs2s,606,,gutim,76,
76,315.1382,0.1429,144,70,17,607,,Bb4,,,,,,,,gut_n76_2Bb4e,607,,gutim,76,
76,315.1667,0.06,144,33,8,608,,A1,g,,,d,,,,gut_ng76_1A1e,608,,gutim,76,
76,315.21,0.0854,144,47,22,609,,B2,,E,,,,,,gut_n76_5B2s,609,,gutim,76,
76,315.2417,0.06,144,85,8,610,,C#6,g,,,d,,,,gut_ng76_1Cs6e,610,,gutim,76,
76,315.3167,0.2545,144,80,8,611,,Ab5,,,,d,,,,gut_n76_1Ab5e,611,,gutim,76,
76,315.3167,6.2857,144,34,20,611,,Bb1,,,,d,,,,gut_n76_5Bb1w,611,,gutim,76,
76,315.3167,9.0,144,42,8,611,,Gb2,,,,d,,,,gut_n76_5Gb2w,611,,gutim,76,
76,315.3167,0.3214,144,39,20,611,,Eb2,,,,d,,,,gut_n76_6Eb2e,611,,gutim,76,
76,315.5846,0.1209,144,84,9,612,,C6,,,,,,,,gut_n76_1C6e,612,,gutim,76,
76,315.6275,0.0712,144,64,20,613,,E4,g,e,,,,,,gut_ng76_6E4e,613,,gutim,76,
76,315.7025,0.0712,144,36,20,614,,C2,g,e,,,,,,gut_ng76_6C2e,614,,gutim,76,
76,315.7025,0.0712,144,62,20,614,,D4,g,e,,,,,,gut_ng76_6D4e,614,,gutim,76,
76,315.7775,0.0712,144,42,21,615,,Gb2,g,e,,,,,,gut_ng76_6Gb2e,615,,gutim,76,
76,315.7775,0.0712,144,76,21,615,,E5,g,e,,,,,,gut_ng76_6E5e,615,,gutim,76,
76,315.8525,0.1429,144,82,14,616,,Bb5,,E,,d,,,,gut_n76_1Bb5e,616,,gutim,76,
76,315.8525,0.1429,144,90,22,616,,Gb6,,E,,d,,,,gut_n76_1Gb6e,616,,gutim,76,
76,315.8525,0.0848,144,76,20,616,,E5,,e,,,,,,gut_n76_2E5s,616,,gutim,76,
76,315.9417,0.0848,144,65,22,617,,F4,,e,,,,,,gut_n76_2F4s,617,,gutim,76,
76,316.031,0.1429,144,68,22,618,,Ab4,,,,,,,,gut_n76_1Ab4e,618,,gutim,76,
76,316.031,0.0714,144,54,22,618,,Gb3,,e,,,,,,gut_n76_2Gb3s,618,,gutim,76,
76,316.031,0.1696,144,27,22,618,,Eb1,,,,,,,,gut_n76_6Eb1e,618,,gutim,76,
76,316.1203,0.2143,144,41,22,619,,F2,,e,,,,,,gut_n76_2F2e,619,,gutim,76,
76,316.1203,0.2143,144,48,22,619,,C3,,e,,,,,,gut_n76_2C3e,619,,gutim,76,
76,316.2096,0.1429,144,103,22,620,,G7,,,,,,,,gut_n76_1G7e,620,,gutim,76,
76,316.2096,0.1429,144,58,22,620,,Bb3,,E,,,,,,gut_n76_6Bb3e,620,,gutim,76,
,,,,,,,,,,,,,,,,,,77,,,
77,319.6025,0.1021,144,102,11,621,,F#7,,,,,,,,gut_n77_1Fs7s,621,,gutim,77,
77,319.7099,0.1021,144,92,12,622,,G#6,,,,,,,,gut_n77_1Gs6s,622,,gutim,77,
77,319.8173,0.1021,144,41,14,623,,F2,,,,,,,,gut_n77_1F2s,623,,gutim,77,
77,319.9882,0.0712,144,92,18,624,,G#6,g,,,,,,,gut_ng77_1Gs6e,624,,gutim,77,
77,320.0632,0.0712,144,102,19,625,,F#7,g,,,,,,,gut_ng77_1Fs7e,625,,gutim,77,
77,320.1382,2.4429,144,96,20,626,,C7,,,,,,,,gut_n77_1C7w,626,,gutim,77,
77,320.2721,0.1272,144,65,8,627,,F4,,,,,,,,gut_n77_2F4s,627,,gutim,77,
77,320.406,0.2545,144,56,8,628,,Ab3,,,,,,,,gut_n77_2Ab3e,628,,gutim,77,
77,323.1739,0.1429,144,98,5,629,,D7,,,,,,,,gut_n77_2D7e,629,,gutim,77,
,,,,,,,,,,,,,,,,,,78,,,
78,324.9596,0.2545,144,54,5,630,,F#3,,,,,,,,gut_n78_6Fs3e,630,,gutim,78,
78,325.2275,0.2545,144,76,5,631,,E5,,,,,,,,gut_n78_6E5e,631,,gutim,78,
78,325.4953,2.1429,144,29,17,632,,F1,,,,,,,,gut_n78_6F1w,632,,gutim,78,
78,326.5667,1.2857,144,65,2,633,,F4,,,,,,,,gut_n78_1F4h,633,,gutim,78,
78,326.5667,1.5268,144,55,2,633,,G3,,,,,,,,gut_n78_5G3h,633,,gutim,78,
,,,,,,,,,,,,,,,,,,79,,,
79,328.1739,0.4286,144,77,1,634,,F5,,,,,,,,gut_n79_1F5q,634,,gutim,79,
79,328.1739,0.4286,144,40,1,634,,E2,,,,,,,,gut_n79_5E2q,634,,gutim,79,
79,328.1739,2.1429,144,28,2,634,,E1,,,,,,,,gut_n79_6E1w,634,,gutim,79,
79,330.7775,0.06,144,62,24,635,,D4,g,,,,,,,gut_ng79_1D4e,635,,gutim,79,
79,330.8525,0.0712,144,102,24,636,,F#7,g,e,,d,,,,gut_ng79_1Fs7e,636,,gutim,79,
79,330.9275,0.0712,144,88,24,637,,E6,g,e,,d,,,,gut_ng79_1E6e,637,,gutim,79,
79,331.0025,0.0712,144,70,24,638,,Bb4,g,e,,d,,,,gut_ng79_1Bb4e,638,,gutim,79,
79,331.031,14.4196,144,42,24,639,,F#2,,,,,,,,gut_n79_5Fs2q_0,639,,gutim,79,
79,331.0775,0.06,144,27,24,640,,Eb1,g,E,5941,D,5941,,,gut_ng79_1Eb1e,640,,gutim,79,
,,,,,,,,,,,,,,,,,,80,,,
80,333.531,0.1272,144,80,17,641,,Ab5,,,,,,,,gut_n80_1Ab5s,641,,gutim,80,
80,333.665,0.1071,144,96,13,642,,C7,,,,,,,,gut_n80_1C7s,642,,gutim,80,
80,333.7989,0.1071,144,40,9,643,,E2,,,,,,,,gut_n80_1E2s,643,,gutim,80,
80,333.9328,0.1071,144,29,5,644,,F1,,,,,,,,gut_n80_1F1s,644,,gutim,80,
,,,,,,,5940b,,,,,,,,,,,,gutim,,
,,,,,,,,,,,,,,,,,,81,,,
81,346.2096,1.1875,144,48,5,645,,C3,,,,,,,,gut_n81_5C3h,645,,gutim,81,
,,,,,,,,,,,,,,,,,,82,,,
82,347.4596,0.5938,144,47,2,646,,B2,,,,,,,,gut_n82_5B2q,646,,gutim,82,
82,348.1739,0.0848,144,22,2,647,,A#0,,,,,,,,gut_n82_1As0s,647,,gutim,82,
82,348.2632,0.0848,144,30,2,648,,F#1,,,,,,,,gut_n82_1Fs1s,648,,gutim,82,
82,348.3525,0.0424,144,35,2,649,,B1,,,,,,,,gut_n82_1B1s,649,,gutim,82,
,,,,,,,5941,,,,,,,,,,,,gutim,,
82,349.0667,0.4821,144,82,17,650,,Bb5,,,,,,,,gut_n82_1Bb5q,650,,gutim,82,
82,349.5275,0.06,144,97,17,651,,Db7,g,,,,,,,gut_ng82_1Db7e,651,,gutim,82,
,,,,,,,,,,,,,,,,,,83,,,
83,349.6025,0.0714,144,30,14,652,,F#1,,,,d,,,,gut_n83_2Fs1s,652,,gutim,83,
83,349.6025,0.5714,144,32,14,652,,Ab1,,,,d,,,,gut_n83_5Ab1q,652,,gutim,83,
83,349.6025,1.7143,144,44,22,652,,Ab2,,,,d,,,,gut_n83_6Ab2w,652,,gutim,83,
83,349.6917,0.0848,144,55,20,653,,G3,,,,d,,,,gut_n83_2G3e,653,,gutim,83,
83,349.8703,0.0848,144,21,20,654,,A0,,,,d,,,,gut_n83_2A0e,654,,gutim,83,
83,350.0489,0.5714,144,77,20,655,,F5,,,,,,,,gut_n83_2F5s_0,655,,gutim,83,
83,350.1382,1.5268,144,88,20,656,,E6,,,,d,,,,gut_n83_1E6h,656,,gutim,83,
83,350.3167,0.2857,144,72,8,657,,C5,,,,d,,,,gut_n83_2C5q,657,,gutim,83,
83,350.6739,0.2857,144,76,8,658,,E5,,,,,,,,gut_n83_2E5s,658,,gutim,83,
83,350.806,0.0375,144,97,5,659,,C#7,g,,,d,,,,gut_ng83_2Cs7e,659,,gutim,83,
83,350.881,0.0375,144,56,5,660,,G#3,g,,,d,,,,gut_ng83_2Gs3e,660,,gutim,83,
83,350.956,0.0375,144,62,5,661,,D4,g,,,D,,,,gut_ng83_2D4e,661,,gutim,83,
83,351.031,0.0893,144,84,8,662,,C6,,,,,,,,gut_n83_2C6e,662,,gutim,83,
83,351.2989,0.0714,144,97,8,663,,C#7,,e,,,,,,gut_n83_2Cs7s,663,,gutim,83,
83,351.3882,0.0714,144,72,9,664,,C5,,e,,,,,,gut_n83_2C5s,664,,gutim,83,
83,351.4775,0.0714,144,50,9,665,,D3,,e,,,,,,gut_n83_2D3s,665,,gutim,83,
83,351.656,0.0714,144,85,10,666,,C#6,,e,,,,,,gut_n83_2Cs6s,666,,gutim,83,
83,351.7453,1.5268,144,62,11,667,,D4,,e,,,,t,,gut_n83_1D4q,667,,gutim,83,
83,351.7453,7.0714,144,44,11,667,,Ab2,,E,,,,,,gut_n83_6Ab2q,667,,gutim,83,
,,,,,,,,,,,,,,,,,,84,,,
84,352.281,0.4286,144,53,11,668,,F3,,e,,,,t,,gut_n84_5F3q,668,,gutim,84,
84,352.5489,2.7857,144,30,5,669,,F#1,,,,,,,,gut_n84_2Fs1e,669,,gutim,84,
84,352.8167,0.8571,144,31,11,670,,G1,,e,,,,t,,gut_n84_5G1h,670,,gutim,84,
84,353.3525,0.1696,144,102,22,671,,F#7,,e,,,,t,,gut_n84_1Fs7e,671,,gutim,84,
84,353.531,0.1696,144,27,22,672,,D#1,,,,,,,,gut_n84_1Ds1e,672,,gutim,84,
84,353.7096,0.1696,144,70,22,673,,A#4,,,,,,,,gut_n84_1As4e,673,,gutim,84,
84,353.8882,0.8571,144,33,2,674,,A1,,E,5942,,,T,5942,gut_n84_5A1h,674,,gutim,84,
,,,,,,,,,,,,,,,,,,85,,,
85,354.9596,1.7143,144,68,11,675,,Ab4,,,,,,,,gut_n85_1Ab4w,675,,gutim,85,
85,356.031,0.2857,144,50,5,676,,D3,,,,,,,,gut_n85_2D3q,676,,gutim,85,
85,356.3882,0.2857,144,91,17,677,,G6,,,,,,,,gut_n85_2G6q,677,,gutim,85,
85,356.7453,0.2857,144,68,14,678,,Ab4,,,,,,,,gut_n85_2Ab4q,678,,gutim,85,
85,357.0275,0.06,144,30,5,679,,F#1,g,,,,,,,gut_ng85_6Fs1e,679,,gutim,85,
85,357.1025,0.4286,144,84,20,680,,C6,,,,,,,,gut_n85_1C6q,680,,gutim,85,
85,357.1025,0.1429,144,82,17,680,,Bb5,,,,,,,,gut_n85_2Bb5e,680,,gutim,85,
85,357.281,0.1429,144,50,19,681,,D3,,,,,,,,gut_n85_2D3e,681,,gutim,85,
85,357.4596,0.1429,144,68,21,682,,Ab4,,,,,,,,gut_n85_2Ab4e,682,,gutim,85,
85,357.5632,0.06,144,103,23,683,,G7,g,,,,,,,gut_ng85_2G7e,683,,gutim,85,
,,,,,,,,,,,,,,,,,,86,,,
86,357.6382,2.1429,144,82,24,684,,Bb5,,,,,,,,gut_n86_1Bb5w,684,,gutim,86,
86,357.6382,2.1429,144,90,24,684,,Gb6,,,,,,,,gut_n86_1Gb6w,684,,gutim,86,
,,,,,,,,,,,,,,,,,,87,,,
87,360.3167,0.1429,144,88,14,685,,E6,,,,d,,,,gut_n87_1E6e,685,,gutim,87,
87,360.4203,0.06,144,62,14,686,,D4,g,,,d,,,,gut_ng87_1D4e,686,,gutim,87,
87,360.4953,0.1429,144,102,22,687,,F#7,,,,d,,,,gut_n87_1Fs7e_0,687,,gutim,87,
87,360.5846,5.7857,144,48,22,688,,C3,,,,d,,,,gut_n87_6C3e,688,,gutim,87,
87,360.6739,0.1696,144,70,17,689,,Bb4,,,,,,,,gut_n87_1Bb4e,689,,gutim,87,
87,360.7775,0.06,144,39,11,690,,Eb2,g,,,d,,,,gut_ng87_6Eb2e,690,,gutim,87,
87,361.3882,0.5089,144,41,11,691,,F2,,,,d,,,,gut_n87_1F2q,691,,gutim,87,
87,361.9239,0.5089,144,64,8,692,,E4,,,,,,,,gut_n87_1E4q,692,,gutim,87,
87,362.3846,0.06,144,80,20,693,,G#5,g,,,d,,,,gut_ng87_1Gs5e,693,,gutim,87,
87,362.4596,0.1429,144,102,20,694,,F#7,,,,D,5942,,,gut_n87_1Fs7e_1,694,,gutim,87,
87,362.6382,0.1429,144,96,21,695,,C7,,,,,,,,gut_n87_1C7e,695,,gutim,87,
87,362.8167,0.1429,144,52,21,696,,E3,,,,,,,,gut_n87_1E3e,696,,gutim,87,
87,362.9203,0.06,144,29,14,697,,F1,g,,,,,,,gut_ng87_5F1e,697,,gutim,87,
,,,,,,,,,,,,,,,,,,88,,,
88,362.9953,0.4286,144,102,24,698,,F#7,,,,,,,,gut_n88_1Fs7q,698,,gutim,88,
88,363.6203,3.9286,144,80,24,699,,G#5,,,,,,,,gut_n88_1Gs5s,699,,gutim,88,
,,,,,,,,,,,,,,,,,,89,,,
89,366.7453,1.2857,144,88,24,700,,E6,,,,,,,,gut_n89_2E6h,700,,gutim,89,
89,366.7453,1.2857,144,97,24,700,,C#7,,,,,,,,gut_n89_2Cs7h,700,,gutim,89,
89,367.9953,0.5,144,21,24,701,,A0,,,,,,,,gut_n89_5A0q,701,,gutim,89,
,,,,,,,,,,,,,,,,,,90,,,
90,368.531,0.2857,144,96,24,702,,C7,,,,,,,,gut_n90_1C7q,702,,gutim,90,
90,368.6203,0.0714,144,42,24,703,,F#2,,,,,,,,gut_n90_5Fs2s,703,,gutim,90,
90,368.7096,0.0714,144,55,21,704,,G3,,,,,,,,gut_n90_5G3s,704,,gutim,90,
90,368.7989,0.0714,144,77,19,705,,F5,,,,,,,,gut_n90_5F5s,705,,gutim,90,
90,368.8989,0.06,144,33,14,706,,A1,g,,,,,,,gut_ng90_5A1e,706,,gutim,90,
90,368.9739,0.5714,144,67,14,707,,G4,,,,,,,,gut_n90_1G4q,707,,gutim,90,
,,,,,,,5942,,,,,,,,,,,,gutim,,
90,369.5096,1.2857,144,62,24,708,,D4,,,,,,,,gut_n90_2D4h,708,,gutim,90,
90,369.8667,0.5938,144,29,24,709,,F1,,,,,,,,gut_n90_5F1e,709,,gutim,90,
90,370.4917,0.0848,144,52,20,710,,E3,,,,,,,,gut_n90_5E3s,710,,gutim,90,
90,370.581,0.1429,144,80,24,711,,G#5,,,,,,,,gut_n90_1Gs5e_1,711,,gutim,90,
90,370.7596,0.1429,144,102,22,712,,F#7,,,,,,,,gut_n90_1Fs7e,712,,gutim,90,
90,370.9382,0.1429,144,29,20,713,,F1,,,,,,,,gut_n90_1F1e,713,,gutim,90,
,,,,,,,,,,,,,,,,,,91,,,
91,371.1167,2.1429,144,62,18,714,,D4,,,,,,,,gut_n91_2D4q,714,,gutim,91,
91,371.1167,0.0859,144,68,18,714,,G#4,,,,,,,,gut_n91_6Gs4s,714,,gutim,91,
91,371.3316,0.1713,144,90,15,715,,F#6,,,,,,,,gut_n91_6Fs6e,715,,gutim,91,
91,371.5457,0.1719,144,40,13,716,,E2,,,,,,,,gut_n91_6E2s_0,716,,gutim,91,
91,371.6525,0.4286,144,100,24,717,,E7,,,,,,,,gut_n91_1E7q,717,,gutim,91,
91,371.974,0.1713,144,29,8,718,,F1,,,,,,,,gut_n91_6F1e,718,,gutim,91,
91,372.1882,0.3393,144,80,5,719,,Ab5,,,,,,,,gut_n91_1Ab5q,719,,gutim,91,
91,372.3221,0.2143,144,65,11,720,,F4,,,,,,,,gut_n91_5F4e,720,,gutim,91,
91,372.5453,0.1696,144,84,2,721,,C6,,,,,,,,gut_n91_1C6e,721,,gutim,91,
91,372.59,0.0636,144,65,9,722,,F4,,,,,,,,gut_n91_5F4t,722,,gutim,91,
91,372.6569,0.0636,144,30,8,723,,Gb1,,,,,,,,gut_n91_5Gb1t,723,,gutim,91,
91,372.8132,0.0446,144,44,5,724,,Ab2,,,,,,,,gut_n91_5Ab2s,724,,gutim,91,
91,372.9025,0.0446,144,30,5,725,,Gb1,,,,,,,,gut_n91_5Gb1s,725,,gutim,91,
91,372.9917,0.2143,144,48,5,726,,C3,,,,,,,,gut_n91_5C3e,726,,gutim,91,
,,,,,,,5943,,,,,,,,,,,,gutim,,
,,,,,,,,,,,,,,,,,,92,,,
92,373.7953,6.0,144,30,24,727,,Gb1,,,,,,,,gut_n92_5Gb1w,727,,gutim,92,
,,,,,,,,,,,,,,,,,,93,,,
93,376.4739,3.8571,144,68,11,728,,Ab4,,,,,,,,gut_n93_1Ab4w,728,,gutim,93,
,,,,,,,,,,,,,,,,,,94,,,
94,381.2953,0.0712,144,53,8,729,,F3,g,,,d,,,,gut_ng94_6F3e,729,,gutim,94,
94,381.3703,0.0712,144,48,9,730,,C3,g,,,,,,,gut_ng94_6C3e,730,,gutim,94,
94,381.4453,0.06,144,66,17,731,,Gb4,g,,,d,,,,gut_ng94_1Gb4e,731,,gutim,94,
94,381.4453,0.0712,144,42,11,731,,Gb2,g,,,,,,,gut_ng94_6Gb2e,731,,gutim,94,
94,381.5203,0.06,144,65,22,732,,F4,g,,,d,,,,gut_ng94_1F4e,732,,gutim,94,
94,381.5203,0.0712,144,36,20,732,,C2,g,,,d,,,,gut_ng94_6C2e,732,,gutim,94,
94,381.5953,1.5,144,76,20,733,,E5,,,,d,,,,gut_n94_1E5h,733,,gutim,94,
94,381.5953,1.6286,144,23,22,733,,B0,,,,d,,,,gut_n94_6B0w,733,,gutim,94,
94,381.5953,2.0357,144,32,22,733,,G#1,,,,d,,,,gut_n94_6Gs1w,733,,gutim,94,
94,382.5328,0.1071,144,32,22,734,,G#1,,,,D,,,,gut_n94_5Gs1s,734,,gutim,94,
94,383.4703,0.0335,144,82,20,735,,Bb5,,,,,,,,gut_n94_5Bb5t,735,,gutim,94,
94,383.5373,0.0335,144,24,20,736,,C1,,,,,,,,gut_n94_5C1t,736,,gutim,94,
94,383.6042,1.8214,144,41,20,737,,F2,,,,,,,,gut_n94_5F2s,737,,gutim,94,
94,383.7382,1.7143,144,50,20,738,,D3,,,,d,,,,gut_n94_5D3w,738,,gutim,94,
94,383.7382,1.7143,144,60,11,738,,C4,,,,d,,,,gut_n94_5C4w,738,,gutim,94,
94,384.0953,1.4286,144,64,17,739,,E4,,,,d,,,,gut_n94_1E4e,739,,gutim,94,
94,384.9882,0.7143,144,32,11,740,,G#1,,,,D,5944,,,gut_n94_6Gs1q_0,740,,gutim,94,
,,,,,,,5944,,,,,,,,,,,,gutim,,
,,,,,,,,,,,,,,,,,,95,,,
95,385.881,1.9286,144,56,8,741,,Ab3,,,,,,,,gut_n95_1Ab3w,741,,gutim,95,
95,385.881,0.6107,144,37,22,741,,Db2,,,,d,,,,gut_n95_5Db2q,741,,gutim,95,
95,385.881,0.043,144,36,14,741,,C2,,e,,d,,,,gut_n95_6C2t_0,741,,gutim,95,
95,385.9347,0.043,144,71,20,742,,B4,,e,,d,,,,gut_n95_6B4t,742,,gutim,95,
95,385.9885,0.043,144,64,20,743,,E4,,e,,d,,,,gut_n95_6E4t,743,,gutim,95,
95,386.0422,0.043,144,41,20,744,,F2,,e,,d,,,,gut_n95_6F2t,744,,gutim,95,
95,386.0959,0.0424,144,36,20,745,,C2,,e,,d,,,,gut_n95_6C2t_1,745,,gutim,95,
95,386.1489,0.5714,144,64,20,746,,E4,,E,5945,d,,,,gut_n95_6E4e,746,,gutim,95,
95,386.6846,3.308,144,27,20,747,,Eb1,,,,,,,,gut_n95_5Eb1e,747,,gutim,95,
95,386.8632,0.6786,144,32,14,748,,Ab1,,,,,,,,gut_n95_6Ab1s_0,748,,gutim,95,
95,387.5775,0.4241,144,53,8,749,,F3,,,,,,,,gut_n95_6F3s,749,,gutim,95,
95,388.0239,1.7143,144,35,11,750,,B1,,,,d,,,,gut_n95_2B1w,750,,gutim,95,
95,388.2167,0.06,144,64,20,751,,E4,g,,,d,,,,gut_ng95_1E4e,751,,gutim,95,
95,388.2917,0.1429,144,72,5,752,,C5,,,,d,,,,gut_n95_1C5e,752,,gutim,95,
95,388.2917,0.1429,144,82,20,752,,Bb5,,,,d,,,,gut_n95_1Bb5e,752,,gutim,95,
95,388.4703,0.0446,144,41,17,753,,F2,,,,d,,,,gut_n95_1F2s,753,,gutim,95,
95,388.5596,0.4286,144,62,11,754,,D4,,,,d,,,,gut_n95_1D4q,754,,gutim,95,
95,389.0953,0.8571,144,66,14,755,,Gb4,,,,,,,,gut_n95_1Gb4h,755,,gutim,95,
95,389.0953,0.8571,144,70,24,755,,Bb4,,,,,,,,gut_n95_1Bb4h,755,,gutim,95,
95,389.0953,0.4286,144,82,17,755,,Bb5,,,,D,,,,gut_n95_6Bb5q,755,,gutim,95,
95,389.631,0.4286,144,64,11,756,,E4,,,,,,,,gut_n95_6E4q_1,756,,gutim,95,
,,,,,,,,,,,,,,,,,,96,,,
96,390.1667,0.0536,144,94,11,757,,Bb6,,,,,,,,gut_n96_2Bb6t,757,,gutim,96,
96,390.1667,0.7634,144,58,8,757,,Bb3,,,,,,,,gut_n96_5Bb3q,757,,gutim,96,
96,390.2337,0.0536,144,85,12,758,,Db6,,,,,,,,gut_n96_1Db6t,758,,gutim,96,
96,390.2337,0.0536,144,65,12,758,,F4,,,,,,,,gut_n96_2F4t_0,758,,gutim,96,
96,390.3007,0.0536,144,72,14,759,,C5,,,,,,,,gut_n96_1C5t,759,,gutim,96,
96,390.3007,0.0536,144,66,14,759,,Gb4,,,,,,,,gut_n96_2Gb4t,759,,gutim,96,
96,390.3676,0.0536,144,65,12,760,,F4,,,,,,,,gut_n96_2F4t_1,760,,gutim,96,
96,390.3676,0.0536,144,55,11,760,,G3,,,,,,,,gut_n96_6G3t,760,,gutim,96,
96,390.4346,0.2143,144,100,11,761,,E7,,,,,,,,gut_n96_1E7e,761,,gutim,96,
96,390.4346,0.2143,144,62,11,761,,D4,,,,,,,,gut_n96_2D4e,761,,gutim,96,
96,390.4346,0.2143,144,57,5,761,,A3,,,,,,,,gut_n96_6A3e,761,,gutim,96,
,,,,,,,5945,,,,,,,,,,,,gutim,,
96,390.9703,0.2143,144,101,5,762,,F7,,,,d,,,,gut_n96_1F7e,762,,gutim,96,
96,390.9703,0.2143,144,93,14,762,,A6,,,,d,,,,gut_n96_2A6e,762,,gutim,96,
96,390.9703,0.2143,144,68,5,762,,Ab4,,,,D,5945,,,gut_n96_5Ab4e,762,,gutim,96,
96,392.0417,0.1339,144,32,11,763,,Ab1,,,,d,,,,gut_n96_5Ab1e,763,,gutim,96,
96,392.7114,1.6071,144,53,5,764,,F3,,,,d,,,,gut_n96_5F3s,764,,gutim,96,
,,,,,,,,,,,,,,,,,,97,,,
97,394.4525,3.4286,144,27,5,765,,Eb1,,,,d,,,,gut_n97_6Eb1b,765,,gutim,97,
97,396.5953,0.0446,144,48,14,766,,C3,,,,D,5946,,,gut_n97_5C3s,766,,gutim,97,
97,396.6846,0.0446,144,76,17,767,,E5,,,,,,,,gut_n97_5E5s,767,,gutim,97,
97,396.7739,0.0446,144,53,19,768,,F3,,,,,,,,gut_n97_5F3s,768,,gutim,97,
97,396.8632,1.5,144,36,22,769,,C2,,,,,,,,gut_n97_5C2e,769,,gutim,97,
,,,,,,,,,,,,,,,,,,98,,,
98,398.7382,0.8571,144,36,8,770,,C2,,,,,,,,gut_n98_5C2h,770,,gutim,98,
98,399.7346,0.06,144,85,8,771,,C#6,g,,,,,,,gut_ng98_1Cs6e,771,,gutim,98,
98,399.8096,0.2143,144,88,8,772,,E6,,,,,,,,gut_n98_1E6e,772,,gutim,98,
98,399.8096,0.2143,144,94,22,772,,Bb6,,,,,,,,gut_n98_1Bb6e,772,,gutim,98,
98,399.8096,0.2143,144,36,5,772,,C2,,,,,,,,gut_n98_5C2e,772,,gutim,98,
98,400.0775,1.9286,144,66,11,773,,F#4,,,,,,,,gut_n98_1Fs4e,773,,gutim,98,
98,400.0775,5.3571,144,35,4,773,,B1,,,,,,,,gut_n98_5B1e,773,,gutim,98,
98,400.0775,0.2143,144,30,4,773,,F#1,,,,,,,,gut_n98_6Fs1e,773,,gutim,98,
98,401.2828,4.8214,144,53,20,774,,F3,,,,,,,,gut_n98_6F3s,774,,gutim,98,
98,402.4882,3.4286,144,23,14,775,,B0,,e,,,,,,gut_n98_5B0q,775,,gutim,98,
,,,,,,,,,,,,,,,,,,99,,,
99,404.0953,1.5268,144,62,11,776,,D4,,e,,,,,,gut_n99_1D4h,776,,gutim,99,
99,405.7025,1.0179,144,65,7,777,,F4,,E,5946,,,,,gut_n99_1F4h,777,,gutim,99,
99,406.6989,0.06,144,66,8,778,,F#4,g,,,,,,,gut_ng99_1Fs4e,778,,gutim,99,
99,406.6989,0.06,144,72,8,778,,C5,g,,,,,,,gut_ng99_1C5e,778,,gutim,99,
,,,,,,,5946,,,,,,,,,,,,gutim,,
,,,,,,,,,,,,,,,,,,100,,,
100,407.3096,5.1429,144,62,7,779,,D4,,,,,,,,gut_n100_5D4b,779,,gutim,100,
100,407.3096,5.1429,144,76,7,779,,E5,,,,,,,,gut_n100_5E5b,779,,gutim,100,
100,411.0596,0.4286,144,102,22,780,,F#7,,,,d,,,,gut_n100_1Fs7q,780,,gutim,100,
,,,,,,,,,,,,,,,,,,101,,,
101,413.7382,1.7143,144,46,5,781,,Bb2,,,,d,,,,gut_n101_5Bb2w,781,,gutim,101,
101,413.7382,1.7143,144,57,5,781,,A3,,,,d,,,,gut_n101_5A3w,781,,gutim,101,
101,413.7382,0.2143,144,27,14,781,,Eb1,,,,d,,,,gut_n101_6Eb1e,781,,gutim,101,
101,413.7382,0.2143,144,32,14,781,,Ab1,,,,d,,,,gut_n101_6Ab1e,781,,gutim,101,
101,414.2739,1.5268,144,50,20,782,,D3,,,,,,,,gut_n101_6D3h,782,,gutim,101,
,,,,,,,,,,,,,,,,,,102,,,
102,415.881,0.4286,144,98,5,783,,D7,,,,d,,,,gut_n102_1D7q,783,,gutim,102,
102,415.881,0.4286,144,103,5,783,,G7,,,,d,,,,gut_n102_1G7q,783,,gutim,102,
102,415.881,0.2545,144,44,5,783,,Ab2,,,,d,,,,gut_n102_5Ab2e,783,,gutim,102,
102,416.4167,0.5089,144,48,5,784,,C3,,,,d,,,,gut_n102_5C3q,784,,gutim,102,
102,416.7275,0.06,144,68,8,785,,Ab4,g,,,d,,,,gut_ng102_1Ab4e_0,785,,gutim,102,
102,416.7275,0.0712,144,53,5,785,,F3,g,,,d,,,,gut_ng102_5F3e_0,785,,gutim,102,
102,416.8025,0.0712,144,42,5,786,,F#2,g,,,d,,,,gut_ng102_5Fs2e_0,786,,gutim,102,
102,416.8775,0.06,144,74,7,787,,D5,g,,,d,,,,gut_ng102_1D5e,787,,gutim,102,
102,416.8775,0.0712,144,47,5,787,,B2,g,,,d,,,,gut_ng102_5B2e,787,,gutim,102,
102,416.8775,0.0712,144,53,5,787,,F3,g,,,d,,,,gut_ng102_5F3e_1,787,,gutim,102,
102,416.9525,0.2545,144,48,5,788,,C3,,,,d,,,,gut_n102_1C3e_0,788,,gutim,102,
102,417.0525,0.0712,144,84,5,789,,C6,g,,,,,,,gut_ng102_1C6e,789,,gutim,102,
102,417.2203,0.2545,144,95,5,790,,B6,,,,,,,,gut_n102_1B6e,790,,gutim,102,
102,418.0239,0.1696,144,44,5,791,,Ab2,,,,,,,,gut_n102_1Ab2e,791,,gutim,102,
102,418.0239,1.7143,144,32,5,791,,G#1,,,,,,,,gut_n102_5Gs1w,791,,gutim,102,
102,418.0239,1.7143,144,42,5,791,,F#2,,,,,,,,gut_n102_5Fs2w,791,,gutim,102,
102,418.2025,0.0848,144,48,5,792,,C3,,,,,,,,gut_n102_1C3e_1,792,,gutim,102,
102,418.381,0.0893,144,42,5,793,,Gb2,,,,,,,,gut_n102_1Gb2e,793,,gutim,102,
102,418.5596,0.06,144,65,5,794,,F4,g,,,,,,,gut_ng102_1F4e,794,,gutim,102,
102,418.6346,0.06,144,30,5,795,,F#1,g,,,,,,,gut_ng102_1Fs1e,795,,gutim,102,
102,419.0953,1.2857,144,50,11,796,,D3,,,,D,5947,,,gut_n102_1D3h,796,,gutim,102,
102,419.0953,0.4286,144,48,5,796,,C3,,,,,,,,gut_n102_2C3q,796,,gutim,102,
,,,,,,,5947,,,,,,,,,,,,gutim,,
102,420.5525,0.06,144,45,8,797,,A2,g,,,d,,,,gut_ng102_6A2e,797,,gutim,102,
102,420.6275,0.06,144,25,8,798,,C#1,g,,,d,,,,gut_ng102_6Cs1e,798,,gutim,102,
102,420.6275,0.06,144,58,8,798,,Bb3,g,,,d,,,,gut_ng102_6Bb3e,798,,gutim,102,
102,420.6275,0.06,144,72,8,798,,C5,g,,,d,,,,gut_ng102_6C5e,798,,gutim,102,
,,,,,,,,,,,,,,,,,,103,,,
103,420.7025,0.274,144,74,11,799,,D5,,,,d,,,,gut_n103_1D5e,799,,gutim,103,
103,420.7025,0.9231,144,62,20,799,,D4,,,,d,,,,gut_n103_2D4h,799,,gutim,103,
103,420.7025,0.0457,144,61,20,799,,Db4,,,,d,,,,gut_n103_5Db4t,799,,gutim,103,
103,420.7505,0.0457,144,32,22,800,,Ab1,,,,d,,,,gut_n103_5Ab1t,800,,gutim,103,
103,420.7986,0.5385,144,27,22,801,,Eb1,,,,D,5948,,,gut_n103_5Eb1s,801,,gutim,103,
103,421.1352,0.5769,144,69,8,802,,A4,,,,,,,,gut_n103_1A4s,802,,gutim,103,
103,421.4717,0.3077,144,83,11,803,,B5,,,,,,,,gut_n103_5B5q,803,,gutim,103,
103,421.4717,0.1538,144,91,15,803,,G6,,,,,,,,gut_n103_6G6e,803,,gutim,103,
103,421.664,0.1538,144,70,13,804,,Bb4,,,,,,,,gut_n103_6Bb4e,804,,gutim,103,
103,421.8563,0.4615,144,46,11,805,,Bb2,,,,,,,,gut_n103_5Bb2q,805,,gutim,103,
103,421.8563,0.3077,144,43,5,805,,G2,,,,,,,,gut_n103_6G2q,805,,gutim,103,
103,422.0005,0.1154,144,55,11,806,,G3,,,,,,,,gut_n103_2G3s,806,,gutim,103,
103,422.1448,0.0769,144,102,20,807,,F#7,,,,,,,,gut_n103_2Fs7s,807,,gutim,103,
103,422.2409,0.0769,144,27,16,808,,Eb1,,,,,,,,gut_n103_2Eb1s,808,,gutim,103,
103,422.3371,0.0769,144,88,11,809,,E6,,,,,,,,gut_n103_2E6s,809,,gutim,103,
,,,,,,,5948,,,,,,,,,,,,gutim,,
103,422.4332,0.137,144,83,17,810,,B5,,e,,d,,,,gut_n103_1B5s,810,,gutim,103,
103,422.4332,0.2308,144,77,11,810,,F5,,e,,d,,,,gut_n103_2F5e,810,,gutim,103,
103,422.4332,0.2308,144,48,5,810,,C3,,e,,d,,,,gut_n103_6C3e,810,,gutim,103,
103,422.5775,0.137,144,73,10,811,,C#5,,e,,,,,,gut_n103_1Cs5s,811,,gutim,103,
103,422.7217,0.9231,144,56,14,812,,Ab3,,e,,d,,,,gut_n103_5Ab3e,812,,gutim,103,
103,422.7217,0.1154,144,55,5,812,,G3,,e,,d,,,,gut_n103_6G3s,812,,gutim,103,
103,422.8659,0.1154,144,86,8,813,,D6,,E,,,,,,gut_n103_2D6s,813,,gutim,103,
,,,,,,,,,,,,,,,,,,104,,,
104,423.0102,0.06,144,61,5,814,,C#4,g,,,,,,,gut_ng104_1Cs4e,814,,gutim,104,
104,423.0852,0.06,144,43,5,815,,G2,g,,,,,,,gut_ng104_1G2e,815,,gutim,104,
104,423.1602,0.3077,144,83,17,816,,B5,,,,,,,,gut_n104_1B5q,816,,gutim,104,
104,423.1602,7.3846,144,64,17,816,,E4,,,,,,,,gut_n104_2E4w,816,,gutim,104,
104,423.1602,0.1538,144,34,5,816,,Bb1,,,,,,,,gut_n104_6Bb1e,816,,gutim,104,
104,423.3525,0.1538,144,86,5,817,,D6,,,,,,,,gut_n104_6D6e,817,,gutim,104,
104,423.5448,0.1538,144,48,5,818,,C3,,,,,,,,gut_n104_6C3e,818,,gutim,104,
104,424.314,0.9231,144,72,5,819,,C5,,,,,,,,gut_n104_1C5h,819,,gutim,104,
104,424.314,0.2308,144,39,14,819,,Eb2,,,,,,,,gut_n104_5Eb2e,819,,gutim,104,
104,424.6025,0.2308,144,81,5,820,,A5,,,,,,,,gut_n104_5A5e,820,,gutim,104,
104,424.6025,0.2308,144,95,14,820,,B6,,,,,,,,gut_n104_5B6e,820,,gutim,104,
104,424.8909,0.2308,144,44,14,821,,Ab2,,,,,,,,gut_n104_5Ab2e,821,,gutim,104,
104,425.0352,0.3462,144,43,8,822,,G2,,,,,,,,gut_n104_6G2e,822,,gutim,104,
104,425.0928,0.06,144,88,8,823,,E6,g,e,,d,,,,gut_ng104_1E6e,823,,gutim,104,
104,425.1678,0.06,144,101,8,824,,F7,g,e,,d,,,,gut_ng104_1F7e,824,,gutim,104,
104,425.2428,0.06,144,70,8,825,,Bb4,g,e,,d,,,,gut_ng104_1Bb4e,825,,gutim,104,
104,425.2428,0.06,144,73,8,825,,Db5,g,e,,d,,,,gut_ng104_1Db5e,825,,gutim,104,
104,425.2428,0.06,144,93,8,825,,A6,g,e,,d,,,,gut_ng104_1A6e,825,,gutim,104,
,,,,,,,,,,,,,,,,,,105,,,
105,425.4678,0.2308,144,95,8,826,,B6,,E,5949,d,,,,gut_n105_1B6e,826,,gutim,105,
105,425.4678,1.3846,144,49,8,826,,C#3,,E,,d,,,,gut_n105_5Cs3h,826,,gutim,105,
105,425.4678,3.2308,144,45,8,826,,A2,,E,,d,,,,gut_n105_6A2w,826,,gutim,105,
105,425.4678,3.2308,144,56,8,826,,G#3,,E,,d,,,,gut_n105_6Gs3w,826,,gutim,105,
105,425.7563,0.9231,144,76,8,827,,E5,,,,,,,,gut_n105_1E5q,827,,gutim,105,
105,427.1236,0.06,144,43,8,828,,G2,g,,,,,,,gut_ng105_5G2e,828,,gutim,105,
105,427.1986,0.4615,144,62,5,829,,D4,,,,,,,,gut_n105_1D4q,829,,gutim,105,
105,427.1986,1.8462,144,53,5,829,,F3,,,,,,,,gut_n105_5F3q,829,,gutim,105,
105,427.7005,0.06,144,37,11,830,,C#2,g,,,,,,,gut_ng105_5Cs2e,830,,gutim,105,
,,,,,,,,,,,,,,,,,,106,,,
106,427.7755,1.3846,144,69,11,831,,A4,,,,d,,,,gut_n106_1A4h,831,,gutim,106,
106,427.7755,1.3846,144,74,5,831,,D5,,,,d,,,,gut_n106_1D5h,831,,gutim,106,
106,429.3563,0.0712,144,27,5,832,,D#1,g,,,d,,,,gut_ng106_5Ds1e,832,,gutim,106,
106,429.4313,0.0712,144,25,5,833,,C#1,g,,,d,,,,gut_ng106_5Cs1e,833,,gutim,106,
106,429.4313,0.0712,144,47,5,833,,B2,g,,,d,,,,gut_ng106_5B2e,833,,gutim,106,
106,429.5063,1.6442,144,46,5,834,,Bb2,,,,d,,,,gut_n106_5Bb2q,834,,gutim,106,
106,429.7948,0.2308,144,101,20,835,,F7,,,,d,,,,gut_n106_1F7e,835,,gutim,106,
106,429.8948,0.06,144,94,14,836,,Bb6,g,,,d,,,,gut_ng106_1Bb6e,836,,gutim,106,
106,429.9698,0.06,144,32,14,837,,Ab1,g,,,d,,,,gut_ng106_1Ab1e,837,,gutim,106,
,,,,,,,,,,,,,,,,,,107,,,
107,430.0832,0.2308,144,77,8,838,,F5,,,,,,,,gut_n107_1F5e,838,,gutim,107,
107,430.0832,0.6923,144,43,8,838,,G2,,,,d,,,,gut_n107_6G2q,838,,gutim,107,
107,430.9486,0.6923,144,65,5,839,,F4,,,,,,,,gut_n107_6F4e,839,,gutim,107,
107,431.2371,2.7692,144,81,17,840,,A5,,,,d,,,,gut_n107_1A5q_0,840,,gutim,107,
107,431.2371,0.4615,144,23,17,840,,B0,,,,d,,,,gut_n107_6B0q,840,,gutim,107,
107,431.6217,2.4615,144,73,17,841,,Db5,,,,d,,,,gut_n107_5Db5h,841,,gutim,107,
107,431.814,0.4615,144,94,17,842,,Bb6,,,,d,,,,gut_n107_1Bb6q,842,,gutim,107,
107,431.814,0.4615,144,25,17,842,,Db1,,,,d,,,,gut_n107_6Db1q,842,,gutim,107,
,,,,,,,,,,,,,,,,,,108,,,
108,432.3909,1.8462,144,55,20,843,,G3,,,,d,,,,gut_n108_6G3w,843,,gutim,108,
108,432.3909,1.8462,144,62,20,843,,D4,,,,d,,,,gut_n108_6D4w,843,,gutim,108,
108,432.6794,0.5481,144,66,17,844,,Gb4,,,,D,5949,,,gut_n108_2Gb4e_0,844,,gutim,108,
108,433.2563,1.3702,144,65,17,845,,F4,,,,,,,,gut_n108_2F4e,845,,gutim,108,
,,,,,,,5949,,,,,,,,,,,,gutim,,
,,,,,,,,,,,,,,,,,,109,,,
109,434.6986,6.4615,144,45,14,846,,A2,,,,,,,,gut_n109_5A2w,846,,gutim,109,
109,434.6986,0.4615,144,36,5,846,,C2,,,,,,,,gut_n109_6C2q,846,,gutim,109,
109,435.8525,0.1154,144,97,8,847,,C#7,,,,,,,,gut_n109_1Cs7s,847,,gutim,109,
109,435.9967,0.1154,144,50,6,848,,D3,,,,,,,,gut_n109_1D3s,848,,gutim,109,
109,436.1409,0.2308,144,76,5,849,,E5,,,,,,,,gut_n109_1E5e_0,849,,gutim,109,
109,436.7178,0.274,144,85,5,850,,C#6,,,,,,,,gut_n109_1Cs6e,850,,gutim,109,
109,437.0063,0.274,144,72,9,851,,C5,,,,,,,,gut_n109_1C5e,851,,gutim,109,
109,437.2948,0.274,144,76,5,852,,E5,,,,,,,,gut_n109_1E5e_1,852,,gutim,109,
,,,,,,,,,,,,,,,,,,110,,,
110,438.7371,0.0913,144,39,11,853,,D#2,,,,,,,,gut_n110_1Ds2s,853,,gutim,110,
110,438.8332,0.0913,144,58,10,854,,A#3,,,,,,,,gut_n110_1As3s,854,,gutim,110,
110,438.9294,0.0913,144,49,8,855,,C#3,,,,,,,,gut_n110_1Cs3s,855,,gutim,110,
110,439.0255,3.6923,144,56,22,856,,G#3,,,,,,,,gut_n110_6Gs3e,856,,gutim,110,
,,,,,,,,,,,,,,,,,,111,,,
111,442.7755,0.3077,144,66,22,857,,F#4,,,,d,,,,gut_n111_5Fs4q,857,,gutim,111,
111,443.1602,0.6154,144,23,22,858,,B0,,,,d,,,,gut_n111_5B0h,858,,gutim,111,
111,443.6409,0.2308,144,74,8,859,,D5,,,,d,,,,gut_n111_2D5e,859,,gutim,111,
111,443.6409,0.2308,144,72,20,859,,C5,,,,d,,,,gut_n111_6C5e,859,,gutim,111,
111,443.9294,1.0769,144,62,22,860,,D4,,,,d,,,,gut_n111_2D4h,860,,gutim,111,
111,444.314,0.6154,144,53,5,861,,F3,,,,d,,,,gut_n111_5F3h,861,,gutim,111,
111,445.0832,0.2308,144,89,22,862,,F6,,,,d,,,,gut_n111_1F6e,862,,gutim,111,
111,445.0832,0.6154,144,30,5,862,,Gb1,,,,d,,,,gut_n111_5Gb1q,862,,gutim,111,
111,445.2755,0.0385,144,94,22,863,,Bb6,,,,d,,,,gut_n111_2Bb6t,863,,gutim,111,
111,445.3236,0.0385,144,65,22,864,,F4,,,,D,,,,gut_n111_2F4t,864,,gutim,111,
111,445.4236,0.06,144,62,21,865,,D4,g,,,,,,,gut_ng111_2D4e,865,,gutim,111,
111,445.4986,0.06,144,66,20,866,,Gb4,g,,,,,,,gut_ng111_2Gb4e,866,,gutim,111,
111,445.5736,0.06,144,65,18,867,,F4,g,,,,,,,gut_ng111_2F4e,867,,gutim,111,
111,445.6486,0.2308,144,66,17,868,,Gb4,,,,,,,,gut_n111_2Gb4e,868,,gutim,111,
111,445.7486,0.06,144,76,22,869,,E5,g,,,,,,,gut_ng111_2E5e,869,,gutim,111,
111,445.8236,0.06,144,58,22,870,,Bb3,g,,,,,,,gut_ng111_2Bb3e,870,,gutim,111,
111,445.8986,0.06,144,73,22,871,,Db5,g,,,,,,,gut_ng111_2Db5e,871,,gutim,111,
,,,,,,,,,,,,,,,,,,112,,,
112,446.4428,0.3077,144,44,5,872,,Ab2,,,,,,,,gut_n112_5Ab2q,872,,gutim,112,
112,446.539,1.0962,144,45,22,873,,A2,,,,,,,,gut_n112_6A2e,873,,gutim,112,
112,447.6928,0.2308,144,62,16,874,,D4,,,,,,,,gut_n112_2D4e,874,,gutim,112,
112,447.9813,0.137,144,76,14,875,,E5,,,,,,,,gut_n112_1E5s,875,,gutim,112,
112,447.9813,0.0577,144,76,14,875,,E5,,,,,,,,gut_n112_2E5t_0,875,,gutim,112,
112,448.0534,0.0577,144,57,11,876,,A3,,,,,,,,gut_n112_2A3t,876,,gutim,112,
112,448.1255,0.1154,144,89,17,877,,F6,,,,,,,,gut_n112_1F6s,877,,gutim,112,
112,448.1255,0.0577,144,72,10,877,,C5,,,,,,,,gut_n112_2C5t,877,,gutim,112,
112,448.1977,0.0577,144,76,10,878,,E5,,,,,,,,gut_n112_2E5t_1,878,,gutim,112,
112,448.2698,2.5385,144,61,18,879,,C#4,,,,,,,,gut_n112_1Cs4e,879,,gutim,112,
112,448.2698,1.3077,144,56,8,879,,G#3,,,,,,,,gut_n112_2Gs3e,879,,gutim,112,
,,,,,,,,,,,,,,,,,,113,,,
113,449.9044,1.3462,144,72,4,880,,C5,,,,,,,,gut_n113_2C5q,880,,gutim,113,
113,451.5871,0.1731,144,62,5,881,,D4,,e,,d,,,,gut_n113_2D4s,881,,gutim,113,
113,451.6592,0.0685,144,52,5,882,,E3,,,,,,,,gut_n113_6E3t,882,,gutim,113,
113,451.7313,0.1154,144,93,5,883,,A6,,e,,d,,,,gut_n113_2A6s,883,,gutim,113,
113,451.8755,0.1154,144,56,5,884,,G#3,,e,,d,,,,gut_n113_2Gs3s,884,,gutim,113,
,,,,,,,,,,,,,,,,,,114,,,
114,452.0198,0.6154,144,45,5,885,,A2,,E,5950,d,,,,gut_n114_5A2h,885,,gutim,114,
114,452.5967,0.0913,144,35,5,886,,B1,,,,D,5950,,,gut_n114_1B1s,886,,gutim,114,
114,452.6928,0.0913,144,65,5,887,,F4,,,,,,,,gut_n114_1F4s,887,,gutim,114,
114,452.789,0.0457,144,62,4,888,,D4,,,,,,,,gut_n114_1D4t,888,,gutim,114,
114,452.8371,0.0457,144,72,2,889,,C5,,,,,,,,gut_n114_1C5t,889,,gutim,114,
,,,,,,,5950,,,,,,,,,,,,gutim,,
114,453.4621,1.6154,144,33,5,890,,A1,,,,,,,,gut_n114_5A1e,890,,gutim,114,
,,,,,,,,,,,,,,,,,,115,,,
115,455.4813,1.8462,144,89,8,891,,F6,,,,,,,,gut_n115_2F6w,891,,gutim,115,
115,455.4813,0.8221,144,32,8,891,,Ab1,,,,,,,,gut_n115_5Ab1q,891,,gutim,115,
115,456.3467,3.4615,144,72,11,892,,C5,,,,,,,,gut_n115_1C5e,892,,gutim,115,
115,457.2121,0.5481,144,50,8,893,,D3,,,,,,,,gut_n115_5D3q,893,,gutim,115,
,,,,,,,,,,,,,,,,,,116,,,
116,457.789,2.3077,144,81,5,894,,A5,,,,d,,,,gut_n116_1A5w,894,,gutim,116,
116,457.789,2.3077,144,45,5,894,,A2,,,,d,,,,gut_n116_5A2w,894,,gutim,116,
116,457.789,2.3077,144,58,5,894,,Bb3,,,,d,,,,gut_n116_5Bb3w,894,,gutim,116,
116,457.8852,0.3846,144,76,5,895,,E5,,,,d,,,,gut_n116_2E5s_0,895,,gutim,116,
116,457.9813,0.3077,144,57,5,896,,A3,,,,d,,,,gut_n116_2A3s,896,,gutim,116,
116,458.3659,0.1538,144,74,5,897,,D5,,,,d,,,,gut_n116_2D5e,897,,gutim,116,
116,458.5582,0.1538,144,24,5,898,,C1,,,,d,,,,gut_n116_2C1e,898,,gutim,116,
116,458.7505,0.1538,144,105,5,899,,A7,,,,D,,,,gut_n116_2A7e,899,,gutim,116,
116,458.9428,1.3846,144,68,4,900,,G#4,,,,,,,,gut_n116_2Gs4h,900,,gutim,116,
116,460.5986,0.06,144,54,14,901,,F#3,g,,,d,,,,gut_ng116_5Fs3e,901,,gutim,116,
,,,,,,,,,,,,,,,,,,117,,,
117,460.6736,0.9231,144,83,14,902,,B5,,e,,d,,,,gut_n117_1B5h,902,,gutim,117,
117,460.6736,0.3077,144,73,5,902,,C#5,,e,,d,,,,gut_n117_2Cs5q,902,,gutim,117,
117,460.6736,1.8462,144,64,11,902,,E4,,e,,d,,,,gut_n117_5E4w,902,,gutim,117,
117,461.0582,0.3077,144,30,8,903,,F#1,,e,,d,,,,gut_n117_2Fs1q,903,,gutim,117,
117,461.4428,0.3077,144,95,8,904,,B6,,e,,d,,,,gut_n117_2B6q,904,,gutim,117,
117,461.4428,0.3077,144,98,14,904,,D7,,e,,d,,,,gut_n117_2D7q,904,,gutim,117,
117,461.8275,0.3654,144,45,5,905,,A2,,E,5951,d,,,,gut_n117_2A2q,905,,gutim,117,
117,462.2121,0.1827,144,46,11,906,,Bb2,,,,,,,,gut_n117_2Bb2e,906,,gutim,117,
117,462.2121,0.1827,144,53,4,906,,F3,,,,,,,,gut_n117_2F3e,906,,gutim,117,
117,462.8313,0.06,144,42,8,907,,Gb2,g,,,d,,,,gut_ng117_5Gb2e,907,,gutim,117,
117,462.9063,0.06,144,39,8,908,,Eb2,g,,,D,5951,,,gut_ng117_5Eb2e,908,,gutim,117,
,,,,,,,5951,,,,,,,,,,,,gutim,,
,,,,,,,,,,,,,,,,,,118,,,
118,462.9813,1.8462,144,71,20,909,,B4,,,,d,,,,gut_n118_1B4w,909,,gutim,118,
118,462.9813,0.3077,144,61,14,909,,C#4,,,,d,,,,gut_n118_2Cs4q,909,,gutim,118,
118,462.9813,0.0962,144,24,8,909,,C1,,,,d,,,,gut_n118_5C1e,909,,gutim,118,
118,462.9813,0.1538,144,59,8,909,,B3,,,,d,,,,gut_n118_5B3e,909,,gutim,118,
118,462.9813,1.8462,144,31,14,909,,G1,,,,d,,,,gut_n118_6G1w,909,,gutim,118,
118,463.3659,0.1827,144,32,11,910,,Ab1,,,,D,,,,gut_n118_5Ab1e,910,,gutim,118,
118,463.7505,0.3077,144,55,9,911,,G3,,,,,,,,gut_n118_5G3q,911,,gutim,118,
118,464.0602,0.06,144,61,8,912,,Db4,g,,,,,,,gut_ng118_5Db4e,912,,gutim,118,
118,464.1352,0.9231,144,27,8,913,,Eb1,,,,,,,,gut_n118_5Eb1h,913,,gutim,118,
118,465.139,0.06,144,73,8,914,,C#5,g,,,,,,,gut_ng118_5Cs5e,914,,gutim,118,
118,465.214,0.06,144,53,4,915,,F3,g,,,,,,,gut_ng118_5F3e,915,,gutim,118,
,,,,,,,,,,,,,,,,,,119,,,
119,465.289,0.4615,144,86,20,916,,D6,,,,,,,,gut_n119_1D6q,916,,gutim,119,
119,465.289,3.6923,144,73,20,916,,C#5,,,,,,,,gut_n119_2Cs5w,916,,gutim,119,
119,465.289,0.1154,144,56,20,916,,G#3,,,,,,,,gut_n119_5Gs3s,916,,gutim,119,
119,465.4332,0.1154,144,93,20,917,,A6,,,,,,,,gut_n119_5A6s,917,,gutim,119,
119,465.5775,3.4615,144,64,11,918,,E4,,,,,,,,gut_n119_5E4e,918,,gutim,119,
119,465.8659,7.3846,144,52,22,919,,E3,,,,,,,,gut_n119_6E3h,919,,gutim,119,
,,,,,,,,,,,,,,,,,,121,,,
121,469.9044,2.7692,144,86,20,920,,D6,,,,,,,,gut_n121_1D6w,920,,gutim,121,
121,469.9044,0.2308,144,30,22,920,,F#1,,,,,,,,gut_n121_5Fs1q,920,,gutim,121,
121,469.9044,0.4615,144,36,22,920,,C2,,,,,,,,gut_n121_5C2q,920,,gutim,121,
121,472.0678,2.3077,144,45,22,921,,A2,,,,,,,,gut_n121_5A2s,921,,gutim,121,
,,,,,,,,,,,,,,,,,,122,,,
122,473.3659,5.5385,144,81,22,922,,A5,,e,,d,,t,,gut_n122_1A5h,922,,gutim,122,
122,473.3659,0.4615,144,97,17,922,,C#7,,e,,d,,t,,gut_n122_2Cs7q,922,,gutim,122,
122,473.9428,0.4615,144,50,20,923,,D3,,e,,d,,t,,gut_n122_2D3q,923,,gutim,122,
,,,,,,,,,,,,,,,,,,123,,,
123,474.5198,0.9231,144,72,22,924,,C5,,e,,D,,t,,gut_n123_2C5h,924,,gutim,123,
123,474.9525,0.1154,144,101,11,925,,F7,,,,,,,,gut_n123_5F7s,925,,gutim,123,
123,475.0967,1.0962,144,34,10,926,,Bb1,,e,,,,t,,gut_n123_6Bb1h,926,,gutim,123,
123,475.6736,1.3702,144,76,24,927,,E5,,e,,,,t,,gut_n123_2E5h,927,,gutim,123,
123,475.6736,1.3702,144,88,20,927,,E6,,e,,,,t,,gut_n123_2E6h,927,,gutim,123,
123,476.2505,0.9591,144,42,8,928,,Gb2,,E,5952,,,T,5952,gut_n123_6Gb2q,928,,gutim,123,
,,,,,,,,,,,,,,,,,,124,,,
124,477.1159,0.137,144,73,20,929,,Db5,,,,,,,,gut_n124_2Db5s,929,,gutim,124,
124,477.2602,0.274,144,58,17,930,,Bb3,,,,,,,,gut_n124_2Bb3s_0,930,,gutim,124,
,,,,,,,5952,,,,,,,,,,,,gutim,,
124,477.5486,0.2308,144,81,8,931,,A5,,,,,,,,gut_n124_2A5e,931,,gutim,124,
124,477.8371,0.274,144,53,6,932,,F3,,,,,,,,gut_n124_2F3s_0,932,,gutim,124,
124,478.1255,0.137,144,49,5,933,,Db3,,,,,,,,gut_n124_2Db3s,933,,gutim,124,
124,478.1255,0.1154,144,71,5,933,,B4,,,,,,,,gut_n124_5B4s,933,,gutim,124,
124,478.2698,0.1154,144,64,4,934,,E4,,,,,,,,gut_n124_5E4s,934,,gutim,124,
124,478.414,0.1154,144,54,3,935,,F#3,,,,,,,,gut_n124_5Fs3s,935,,gutim,124,
124,478.514,0.06,144,58,22,936,,Bb3,g,,,,,,,gut_ng124_5Bb3e,936,,gutim,124,
124,478.589,1.8462,144,45,2,937,,A2,,,,,,,,gut_n124_5A2q,937,,gutim,124,
,,,,,,,,,,,,,,,,,,125,,,
125,479.7428,0.5481,144,71,5,938,,B4,,,,,,,,gut_n125_2B4q,938,,gutim,125,
125,480.3198,0.5481,144,86,6,939,,D6,,,,,,,,gut_n125_2D6q,939,,gutim,125,
125,480.3198,5.5385,144,55,20,939,,G3,,,,,,,,gut_n125_6G3h,939,,gutim,125,
125,480.8967,0.0685,144,89,2,940,,F6,,,,d,,,,gut_n125_2F6t,940,,gutim,125,
125,480.8967,0.0685,144,100,2,940,,E7,,,,d,,,,gut_n125_2E7t,940,,gutim,125,
125,480.8967,0.2308,144,42,8,940,,F#2,,,,,,,,gut_n125_5Fs2e,940,,gutim,125,
125,480.9688,0.0685,144,92,2,941,,Ab6,,,,d,,,,gut_n125_2Ab6t,941,,gutim,125,
,,,,,,,,,,,,,,,,,,126,,,
126,481.4736,1.8462,144,77,24,942,,F5,,,,d,,,,gut_n126_2F5w,942,,gutim,126,
126,481.4736,1.8462,144,84,24,942,,C6,,,,d,,,,gut_n126_2C6w,942,,gutim,126,
126,481.7621,0.2308,144,42,8,943,,Gb2,,,,d,,,,gut_n126_5Gb2e,943,,gutim,126,
126,481.7621,0.2308,144,56,8,943,,Ab3,,,,d,,,,gut_n126_5Ab3e,943,,gutim,126,
126,482.0505,1.3846,144,31,17,944,,G1,,,,d,,,,gut_n126_5G1h,944,,gutim,126,
126,482.6275,0.9231,144,64,17,945,,E4,,,,,,,,gut_n126_1E4q_0,945,,gutim,126,
126,482.6275,0.9231,144,80,17,945,,G#5,,,,,,,,gut_n126_1Gs5q_0,945,,gutim,126,
126,482.6275,0.9231,144,83,17,945,,B5,,,,,,,,gut_n126_1B5q_0,945,,gutim,126,
126,483.2044,0.4615,144,98,14,946,,D7,,,,,,,,gut_n126_1D7q,946,,gutim,126,
126,483.2044,2.7692,144,53,14,946,,F3,,,,,,,,gut_n126_6F3q,946,,gutim,126,
,,,,,,,,,,,,,,,,,,127,,,
127,484.3582,0.4615,144,71,5,947,,B4,,,,d,,,,gut_n127_1B4q,947,,gutim,127,
127,484.3582,0.4615,144,46,5,947,,Bb2,,,,D,5953,,,gut_n127_5Bb2q,947,,gutim,127,
127,485.4371,0.06,144,100,5,948,,E7,g,,,,,,,gut_ng127_1E7e,948,,gutim,127,
127,485.5121,0.1154,144,65,5,949,,F4,,,,,,,,gut_n127_1F4s,949,,gutim,127,
127,485.9448,0.0721,144,48,5,950,,C3,,,,,,,,gut_n127_5C3s,950,,gutim,127,
,,,,,,,,,,,,,,,,,,128,,,
128,486.089,0.1154,144,58,5,951,,Bb3,,,,,,,,gut_n128_1Bb3s,951,,gutim,128,
128,486.2332,0.2308,144,68,5,952,,Ab4,,,,,,,,gut_n128_1Ab4e,952,,gutim,128,
,,,,,,,5953,,,,,,,,,,,,gutim,,
128,486.6659,0.4615,144,92,20,953,,Ab6,,,,,,,,gut_n128_1Ab6q,953,,gutim,128,
128,486.738,2.7115,144,62,24,954,,D4,,,,,,,,gut_n128_5D4e,954,,gutim,128,
128,487.2428,2.3077,144,77,21,955,,F5,,,,,,,,gut_n128_1F5h,955,,gutim,128,
,,,,,,,,,,,,,,,,,,129,,,
129,488.3967,0.1731,144,28,11,956,,E1,,,,,,,,gut_n129_2E1s,956,,gutim,129,
129,488.613,0.1082,144,47,11,957,,B2,,,,,,,,gut_n129_2B2s,957,,gutim,129,
129,488.8294,0.0685,144,80,14,958,,Ab5,,,,,,,,gut_n129_2Ab5t_0,958,,gutim,129,
129,488.9015,0.0685,144,70,14,959,,Bb4,,,,,,,,gut_n129_2Bb4t,959,,gutim,129,
129,488.9729,1.0,144,36,14,960,,C2,,,,,,,,gut_n129_6C2h,960,,gutim,129,
129,489.4063,0.6166,144,49,20,961,,Db3,,,,,,,,gut_n129_2Db3s,961,,gutim,129,
129,490.0553,0.0685,144,80,12,962,,Ab5,,,,,,,,gut_n129_2Ab5t_1,962,,gutim,129,
129,490.1275,0.0769,144,33,11,963,,A1,,e,,,,,,gut_n129_2A1s,963,,gutim,129,
129,490.2236,0.0769,144,74,11,964,,D5,,e,,,,,,gut_n129_2D5s,964,,gutim,129,
129,490.2229,0.0769,144,25,8,964,,Db1,,e,,,,,,gut_n129_6Db1s,964,,gutim,129,
129,490.3198,0.0769,144,77,9,965,,F5,,e,,,,,,gut_n129_2F5s,965,,gutim,129,
129,490.319,0.1538,144,84,8,965,,C6,,,,,,,,gut_n129_5C6e,965,,gutim,129,
129,490.4159,0.0769,144,61,7,966,,C#4,,e,,,,,,gut_n129_2Cs4s,966,,gutim,129,
129,490.5121,0.0769,144,57,5,967,,A3,,E,5954,,,,,gut_n129_2A3s,967,,gutim,129,
129,490.5113,0.1538,144,47,8,967,,B2,,E,,,,,,gut_n129_6B2e,967,,gutim,129,
129,490.5544,0.06,144,73,5,968,,C#5,g,,,,,,,gut_ng129_1Cs5e,968,,gutim,129,
129,490.6294,0.06,144,81,5,969,,A5,g,,,,,,,gut_ng129_1A5e,969,,gutim,129,
129,490.6294,0.06,144,86,5,969,,D6,g,,,,,,,gut_ng129_1D6e,969,,gutim,129,
,,,,,,,5954,,,,,,,,,,,,gutim,,
,,,,,,,,,,,,,,,,,,130,,,
130,490.7044,0.4615,144,92,5,970,,Ab6,,,,,,,,gut_n130_1Ab6q,970,,gutim,130,
130,490.7044,0.4615,144,96,5,970,,C7,,,,,,,,gut_n130_1C7q,970,,gutim,130,
130,490.7044,0.4615,144,105,5,970,,A7,,,,,,,,gut_n130_1A7q,970,,gutim,130,
130,490.7044,2.5577,144,63,5,970,,Eb4,,,,,,,,gut_n130_6Eb4w,970,,gutim,130,
130,491.2813,0.6154,144,68,5,971,,Ab4,,,,,,,,gut_n130_1Ab4q,971,,gutim,130,
130,492.0505,0.3077,144,100,5,972,,E7,,,,,,,,gut_n130_1E7q,972,,gutim,130,
130,492.2909,0.0577,144,74,5,973,,D5,,,,,,,,gut_n130_2D5t,973,,gutim,130,
130,492.363,0.0577,144,61,5,974,,Db4,,,,,,,,gut_n130_2Db4t,974,,gutim,130,
130,492.4352,0.0962,144,45,5,975,,A2,,,,,,,,gut_n130_2A2e,975,,gutim,130,
130,492.4352,1.8462,144,32,5,975,,Ab1,,,,,,,,gut_n130_5Ab1q,975,,gutim,130,
130,492.8198,0.1538,144,58,5,976,,Bb3,,,,,,,,gut_n130_2Bb3e,976,,gutim,130,
130,492.9371,0.06,144,77,5,977,,F5,g,,,,,,,gut_ng130_1F5e,977,,gutim,130,
,,,,,,,,,,,,,,,,,,131,,,
131,493.0121,0.2191,144,61,5,978,,Db4,,,,,,,,gut_n131_1Db4e,978,,gutim,131,
131,493.2427,0.1099,144,80,5,979,,Ab5,,,,,,,,gut_n131_1Ab5s_0,979,,gutim,131,
131,493.3967,1.8269,144,56,5,980,,Ab3,,,,,,,,gut_n131_6Ab3e,980,,gutim,131,
131,493.4741,0.0925,144,77,5,981,,F5,,,,,,,,gut_n131_1F5s,981,,gutim,131,
131,493.5898,0.0925,144,62,4,982,,D4,,,,,,,,gut_n131_1D4s,982,,gutim,131,
131,493.7054,0.0925,144,80,2,983,,Ab5,,,,,,,,gut_n131_1Ab5s_1,983,,gutim,131,
131,494.7428,0.4615,144,65,2,984,,F4,,,,,,,,gut_n131_1F4q,984,,gutim,131,
131,494.7428,0.4615,144,74,2,984,,D5,,,,,,,,gut_n131_1D5q,984,,gutim,131,
131,494.7428,0.06,144,72,2,984,,C5,g,,,,,,,gut_ng131_5C5e,984,,gutim,131,
131,494.8178,0.06,144,27,2,985,,D#1,g,,,,,,,gut_ng131_5Ds1e,985,,gutim,131,
131,494.8928,0.06,144,59,2,986,,B3,g,,,,,,,gut_ng131_5B3e,986,,gutim,131,
131,494.9678,0.06,144,30,2,987,,F#1,g,,,,,,,gut_ng131_5Fs1e,987,,gutim,131,
,,,,,,,,,,,,,,,,,,133,,,
133,498.2044,3.2308,144,85,24,988,,C#6,,,,,,,,gut_n133_2Cs6h,988,,gutim,133,
133,498.7813,0.9231,144,28,5,989,,E1,,,,,,,,gut_n133_5E1h,989,,gutim,133,
133,498.9736,0.3077,144,95,24,990,,B6,,,,,,,,gut_n133_1B6q,990,,gutim,133,
133,499.8602,0.06,144,60,5,991,,C4,g,,,,,,,gut_ng133_5C4e,991,,gutim,133,
,,,,,,,,,,,,,,,,,,134,,,
134,499.9352,0.4615,144,45,11,992,,A2,,,,,,,,gut_n134_5A2q,992,,gutim,134,
134,499.9352,0.274,144,47,5,992,,B2,,,,,,,,gut_n134_6B2e,992,,gutim,134,
134,500.2236,0.274,144,43,4,993,,G2,,,,,,,,gut_n134_6G2e,993,,gutim,134,
134,500.5121,0.137,144,30,4,994,,F#1,,,,,,,,gut_n134_6Fs1s,994,,gutim,134,
134,500.8005,0.4615,144,80,5,995,,G#5,,,,d,,,,gut_n134_6Gs5e_0,995,,gutim,134,
134,500.939,0.0712,144,27,2,996,,D#1,g,,,,,,,gut_ng134_6Ds1e,996,,gutim,134,
134,501.014,0.0712,144,32,2,997,,G#1,g,,,,,,,gut_ng134_6Gs1e,997,,gutim,134,
134,501.089,0.9231,144,83,5,998,,B5,,,,d,,,,gut_n134_1B5h,998,,gutim,134,
134,501.3775,0.0769,144,28,5,999,,E1,,,,d,,,,gut_n134_6E1s,999,,gutim,134,
134,501.4736,0.0769,144,41,5,1000,,F2,,,,d,,,,gut_n134_6F2s,1000,,gutim,134,
134,501.5698,0.0769,144,35,5,1001,,B1,,,,d,,,,gut_n134_6B1s,1001,,gutim,134,
134,501.6659,0.4615,144,73,8,1002,,C#5,,,,,,,,gut_n134_6Cs5q,1002,,gutim,134,
134,502.1678,0.06,144,76,7,1003,,E5,g,,,,,,,gut_ng134_1E5e,1003,,gutim,134,
,,,,,,,,,,,,,,,,,,135,,,
135,502.2428,1.8462,144,100,24,1004,,E7,,,,d,,,,gut_n135_1E7w,1004,,gutim,135,
135,502.2428,1.2308,144,45,11,1004,,A2,,,,d,,,,gut_n135_5A2w,1004,,gutim,135,
135,503.7813,0.6154,144,51,5,1005,,Eb3,,,,d,,,,gut_n135_5Eb3h,1005,,gutim,135,
135,503.7813,0.6154,144,53,8,1005,,F3,,,,d,,,,gut_n135_5F3h,1005,,gutim,135,
,,,,,,,,,,,,,,,,,,136,,,
136,505.3621,0.06,144,95,2,1006,,B6,g,,,d,,,,gut_ng136_1B6e,1006,,gutim,136,
136,505.4371,0.06,144,94,2,1007,,Bb6,g,,,d,,,,gut_ng136_1Bb6e,1007,,gutim,136,
136,505.4371,0.06,144,96,2,1007,,C7,g,,,d,,,,gut_ng136_1C7e,1007,,gutim,136,
136,505.5121,0.1538,144,97,5,1008,,Db7,,,,d,,,,gut_n136_1Db7e,1008,,gutim,136,
136,505.5121,0.1538,144,66,5,1008,,Gb4,,,,d,,,,gut_n136_5Gb4e,1008,,gutim,136,
136,505.6121,0.06,144,66,5,1009,,Gb4,g,,,,,,,gut_ng136_5Gb4e,1009,,gutim,136,
136,505.6871,0.06,144,65,5,1010,,F4,g,,,D,5955,,,gut_ng136_5F4e,1010,,gutim,136,
136,506.3813,0.06,144,44,2,1011,,Ab2,g,,,,,,,gut_ng136_5Ab2e,1011,,gutim,136,
136,506.4563,0.06,144,106,2,1012,,Bb7,g,,,,,,,gut_ng136_1Bb7e,1012,,gutim,136,
136,506.4563,0.06,144,36,2,1012,,C2,g,,,,,,,gut_ng136_5C2e,1012,,gutim,136,
,,,,,,,1000,,,,,,,,,,,,Scriabin-3_Op74_4,,
136,506.5563,0.4,144,72,11,1013,,C5,,,,,,,,op4_n1_1C5q,1013,,Scriabin-3_Op74_4,1,
136,506.5563,0.4,144,64,11,1013,,E4,,,,,,,,op4_n1_2E4q,1013,,Scriabin-3_Op74_4,1,
136,506.5563,0.4,144,57,11,1013,,A3,,,,,,,,op4_n1_5A3q,1013,,Scriabin-3_Op74_4,1,
136,506.5563,0.4,144,49,11,1013,,C#3,,,,,,,,op4_n1_6Cs3q,1013,,Scriabin-3_Op74_4,1,
,,,,,,,,,,,,,,,,,,137,,,
137,507.0563,0.6,144,71,11,1014,,B4,,,,,,,,op4_n2_1B4q,1014,,Scriabin-3_Op74_4,2,
137,507.0563,0.4,144,60,11,1014,,C4,,,,,,,,op4_n2_2C4q,1014,,Scriabin-3_Op74_4,2,
137,507.0563,0.4,144,56,11,1014,,G#3,,,,,,,,op4_n2_5Gs3q,1014,,Scriabin-3_Op74_4,2,
137,507.0563,0.8,144,53,11,1014,,F3,,,,,,,,op4_n2_6F3h,1014,,Scriabin-3_Op74_4,2,
137,507.5563,0.4,144,63,11,1015,,D#4,,,,,,,,op4_n2_2Ds4q,1015,,Scriabin-3_Op74_4,2,
137,507.5563,0.4,144,57,11,1015,,A3,,,,,,,,op4_n2_5A3q_0,1015,,Scriabin-3_Op74_4,2,
137,507.8063,0.2,144,68,11,1016,,G#4,,,,,,,,op4_n2_1Gs4e,1016,,Scriabin-3_Op74_4,2,
137,508.0563,0.2,144,75,11,1017,,D#5,,,,,,,,op4_n2_1Ds5e,1017,,Scriabin-3_Op74_4,2,
137,508.0563,0.6,144,64,11,1017,,E4,,,,,,,,op4_n2_2E4q,1017,,Scriabin-3_Op74_4,2,
137,508.0563,0.4,144,57,11,1017,,A3,,,,,,,,op4_n2_5A3q_1,1017,,Scriabin-3_Op74_4,2,
137,508.0563,0.4,144,49,11,1017,,C#3,,,,,,,,op4_n2_6Cs3q,1017,,Scriabin-3_Op74_4,2,
137,508.3063,0.2,144,72,11,1018,,C5,,,,,,,,op4_n2_1C5e,1018,,Scriabin-3_Op74_4,2,
,,,,,,,,,,,,,,,,,,138,,,
138,508.5563,0.4,144,69,11,1019,,A4,,,,,,,,op4_n3_1A4q,1019,,Scriabin-3_Op74_4,3,
138,508.5563,0.4,144,58,11,1019,,A#3,,,,,,,,op4_n3_5As3q,1019,,Scriabin-3_Op74_4,3,
138,508.5563,0.4,144,54,11,1019,,F#3,,,,,,,,op4_n3_6Fs3q,1019,,Scriabin-3_Op74_4,3,
138,508.8063,0.2,144,63,11,1020,,D#4,,,,,,,,op4_n3_2Ds4e,1020,,Scriabin-3_Op74_4,3,
138,509.0563,0.2,144,66,11,1021,,Gb4,,,,,,,,op4_n3_1Gb4e,1021,,Scriabin-3_Op74_4,3,
138,509.0563,0.2,144,62,11,1021,,D4,,,,,,,,op4_n3_2D4e,1021,,Scriabin-3_Op74_4,3,
138,509.0563,0.2,144,59,11,1021,,B3,,,,,,,,op4_n3_5B3e,1021,,Scriabin-3_Op74_4,3,
138,509.0563,0.2,144,53,11,1021,,F3,,,,,,,,op4_n3_6F3e,1021,,Scriabin-3_Op74_4,3,
138,509.3063,0.4,144,69,11,1022,,A4,,,,,,,,op4_n3_1A4e_0,1022,,Scriabin-3_Op74_4,3,
138,509.3063,0.2,144,65,11,1022,,F4,,,,,,,,op4_n3_2F4e,1022,,Scriabin-3_Op74_4,3,
138,509.3063,0.2,144,56,11,1022,,G#3,,,,,,,,op4_n3_5Gs3e,1022,,Scriabin-3_Op74_4,3,
138,509.3063,0.2,144,50,11,1022,,D3,,,,,,,,op4_n3_6D3e,1022,,Scriabin-3_Op74_4,3,
138,509.5563,0.2,144,64,11,1023,,E4,,,,,,,,op4_n3_2E4e_1,1023,,Scriabin-3_Op74_4,3,
138,509.5563,0.2,144,75,11,1023,,D#5,,,,,,,,op4_n3_2Ds5e,1023,,Scriabin-3_Op74_4,3,
138,509.5563,0.4,144,57,11,1023,,A3,,,,,,,,op4_n3_5A3q,1023,,Scriabin-3_Op74_4,3,
138,509.5563,0.4,144,49,11,1023,,C#3,,,,,,,,op4_n3_6Cs3q,1023,,Scriabin-3_Op74_4,3,
138,509.8063,0.2,144,72,11,1024,,C5,,,,,,,,op4_n3_1C5e,1024,,Scriabin-3_Op74_4,3,
138,509.8063,0.2,144,68,11,1024,,G#4,,,,,,,,op4_n3_2Gs4e,1024,,Scriabin-3_Op74_4,3,
,,,,,,,,,,,,,,,,,,139,,,
139,510.0563,0.4,144,76,11,1025,,E5,,,,,,,,op4_n4_1E5q,1025,,Scriabin-3_Op74_4,4,
139,510.0563,0.1333,144,67,11,1025,,G4,,,,,,,,op4_n4_2G4e,1025,,Scriabin-3_Op74_4,4,
139,510.0563,0.4,144,63,11,1025,,D#4,,,,,,,,op4_n4_4Ds4q,1025,,Scriabin-3_Op74_4,4,
139,510.0563,0.4,144,58,11,1025,,Bb3,,,,,,,,op4_n4_5Bb3q,1025,,Scriabin-3_Op74_4,4,
139,510.0563,0.8,144,54,11,1025,,F#3,,,,,,,,op4_n4_6Fs3h,1025,,Scriabin-3_Op74_4,4,
139,510.223,0.1333,144,72,11,1026,,B#4,,,,,,,,op4_n4_2Bs4e,1026,,Scriabin-3_Op74_4,4,
139,510.38960000000003,0.1333,144,71,11,1027,,B4,,,,,,,,op4_n4_2B4e,1027,,Scriabin-3_Op74_4,4,
139,510.5563,0.4,144,79,11,1028,,G5,,,,,,,,op4_n4_1G5q,1028,,Scriabin-3_Op74_4,4,
139,510.5563,0.4,144,70,11,1028,,A#4,,,,,,,,op4_n4_2As4q,1028,,Scriabin-3_Op74_4,4,
139,510.5563,0.4,144,62,11,1028,,D4,,,,,,,,op4_n4_4D4q,1028,,Scriabin-3_Op74_4,4,
139,510.5563,0.4,144,62,11,1028,,D4,,,,,,,,op4_n4_5D4q,1028,,Scriabin-3_Op74_4,4,
139,511.0563,0.2,144,80,11,1029,,G#5,,,,,,,,op4_n4_1Gs5e,1029,,Scriabin-3_Op74_4,4,
139,511.0563,0.4,144,69,11,1029,,A4,,,,,,,,op4_n4_2A4q,1029,,Scriabin-3_Op74_4,4,
139,511.0563,0.4,144,61,11,1029,,C#4,,,,,,,,op4_n4_5Cs4q,1029,,Scriabin-3_Op74_4,4,
139,511.0563,0.4,144,53,11,1029,,E#3,,,,,,,,op4_n4_6Es3q,1029,,Scriabin-3_Op74_4,4,
139,511.3063,0.2,144,77,11,1030,,F5,,,,,,,,op4_n4_1F5e,1030,,Scriabin-3_Op74_4,4,
,,,,,,,,,,,,,,,,,,140,,,
140,511.5563,0.8,144,81,11,1031,,A5,,,,,,,,op4_n5_1A5h,1031,,Scriabin-3_Op74_4,5,
140,511.5563,0.2,144,68,11,1031,,G#4,,,,,,,,op4_n5_2Gs4e,1031,,Scriabin-3_Op74_4,5,
140,511.5563,0.2667,144,60,11,1031,,C4,,,,,,,,op4_n5_5C4q,1031,,Scriabin-3_Op74_4,5,
140,511.5563,0.2667,144,52,11,1031,,E3,,,,,,,,op4_n5_6E3q,1031,,Scriabin-3_Op74_4,5,
140,511.8063,0.2,144,67,11,1032,,G4,,,,,,,,op4_n5_2G4e,1032,,Scriabin-3_Op74_4,5,
140,511.88960000000003,0.2667,144,59,11,1033,,B3,,,,,,,,op4_n5_5B3q,1033,,Scriabin-3_Op74_4,5,
140,511.88960000000003,0.2667,144,51,11,1033,,D#3,,,,,,,,op4_n5_6Ds3q,1033,,Scriabin-3_Op74_4,5,
140,512.0563,0.2,144,66,11,1034,,F#4,,,,,,,,op4_n5_2Fs4e,1034,,Scriabin-3_Op74_4,5,
140,512.2230000000001,0.2667,144,58,11,1035,,Bb3,,,,,,,,op4_n5_5Bb3q,1035,,Scriabin-3_Op74_4,5,
140,512.2230000000001,0.2667,144,50,11,1035,,D3,,,,,,,,op4_n5_6D3q,1035,,Scriabin-3_Op74_4,5,
140,512.3063,0.2,144,65,11,1036,,F4,,,,,,,,op4_n5_2F4e,1036,,Scriabin-3_Op74_4,5,
140,512.5563,0.2,144,80,11,1037,,G#5,,,,,,,,op4_n5_1Gs5e,1037,,Scriabin-3_Op74_4,5,
140,512.5563,0.4,144,64,11,1037,,E4,,,,,,,,op4_n5_2E4q,1037,,Scriabin-3_Op74_4,5,
140,512.5563,0.4,144,57,11,1037,,A3,,,,,,,,op4_n5_5A3q,1037,,Scriabin-3_Op74_4,5,
140,512.5563,0.4,144,49,11,1037,,C#3,,,,,,,,op4_n5_6Cs3q,1037,,Scriabin-3_Op74_4,5,
140,512.8063,0.2,144,72,11,1038,,C5,,,,,,,,op4_n5_1C5e,1038,,Scriabin-3_Op74_4,5,
,,,,,,,,,,,,,,,,,,141,,,
141,513.0563,0.6,144,71,11,1039,,B4,,,,,,,,op4_n6_1B4q,1039,,Scriabin-3_Op74_4,6,
141,513.0563,0.4,144,60,11,1039,,C4,,,,,,,,op4_n6_2C4q,1039,,Scriabin-3_Op74_4,6,
141,513.0563,0.4,144,56,11,1039,,G#3,,,,,,,,op4_n6_5Gs3q,1039,,Scriabin-3_Op74_4,6,
141,513.0563,0.8,144,53,11,1039,,F3,,,,,,,,op4_n6_6F3h,1039,,Scriabin-3_Op74_4,6,
141,513.5563,0.4,144,63,11,1040,,D#4,,,,,,,,op4_n6_2Ds4q,1040,,Scriabin-3_Op74_4,6,
141,513.5563,0.4,144,57,11,1040,,A3,,,,,,,,op4_n6_5A3q_0,1040,,Scriabin-3_Op74_4,6,
141,513.8063,0.2,144,68,11,1041,,G#4,,,,,,,,op4_n6_1Gs4e,1041,,Scriabin-3_Op74_4,6,
141,514.0563,0.2,144,75,11,1042,,D#5,,,,,,,,op4_n6_1Ds5e,1042,,Scriabin-3_Op74_4,6,
141,514.0563,0.6,144,64,11,1042,,E4,,,,,,,,op4_n6_2E4q,1042,,Scriabin-3_Op74_4,6,
141,514.0563,0.4,144,57,11,1042,,A3,,,,,,,,op4_n6_5A3q_1,1042,,Scriabin-3_Op74_4,6,
141,514.0563,0.4,144,49,11,1042,,C#3,,,,,,,,op4_n6_6Cs3q,1042,,Scriabin-3_Op74_4,6,
141,514.3063,0.2,144,72,11,1043,,C5,,,,,,,,op4_n6_1C5e,1043,,Scriabin-3_Op74_4,6,
,,,,,,,,,,,,,,,,,,142,,,
142,514.5563,0.4,144,69,11,1044,,A4,,,,,,,,op4_n7_1A4q,1044,,Scriabin-3_Op74_4,7,
142,514.5563,0.4,144,58,11,1044,,A#3,,,,,,,,op4_n7_5As3q,1044,,Scriabin-3_Op74_4,7,
142,514.5563,0.4,144,54,11,1044,,F#3,,,,,,,,op4_n7_6Fs3q,1044,,Scriabin-3_Op74_4,7,
142,514.8063,0.2,144,63,11,1045,,D#4,,,,,,,,op4_n7_2Ds4e,1045,,Scriabin-3_Op74_4,7,
142,515.0563,0.2,144,66,11,1046,,Gb4,,,,,,,,op4_n7_1Gb4e,1046,,Scriabin-3_Op74_4,7,
142,515.0563,0.2,144,62,11,1046,,D4,,,,,,,,op4_n7_2D4e,1046,,Scriabin-3_Op74_4,7,
142,515.0563,0.2,144,59,11,1046,,B3,,,,,,,,op4_n7_5B3e,1046,,Scriabin-3_Op74_4,7,
142,515.0563,0.2,144,53,11,1046,,F3,,,,,,,,op4_n7_6F3e,1046,,Scriabin-3_Op74_4,7,
142,515.3063,0.4,144,69,11,1047,,A4,,,,,,,,op4_n7_1A4e_0,1047,,Scriabin-3_Op74_4,7,
142,515.3063,0.2,144,65,11,1047,,F4,,,,,,,,op4_n7_2F4e,1047,,Scriabin-3_Op74_4,7,
142,515.3063,0.2,144,56,11,1047,,G#3,,,,,,,,op4_n7_5Gs3e,1047,,Scriabin-3_Op74_4,7,
142,515.3063,0.2,144,50,11,1047,,D3,,,,,,,,op4_n7_6D3e,1047,,Scriabin-3_Op74_4,7,
142,515.5563,0.3,144,64,11,1048,,E4,,,,,,,,op4_n7_2E4e_1,1048,,Scriabin-3_Op74_4,7,
142,515.5563,0.3,144,75,11,1048,,D#5,,,,,,,,op4_n7_2Ds5e,1048,,Scriabin-3_Op74_4,7,
142,515.5563,0.4,144,57,11,1048,,A3,,,,,,,,op4_n7_5A3q,1048,,Scriabin-3_Op74_4,7,
142,515.5563,0.4,144,49,11,1048,,C#3,,,,,,,,op4_n7_6Cs3q,1048,,Scriabin-3_Op74_4,7,
142,515.8063,0.2,144,72,11,1049,,C5,,,,,,,,op4_n7_1C5e,1049,,Scriabin-3_Op74_4,7,
142,515.9313,0.1,144,68,11,1050,,G#4,,,,,,,,op4_n7_2Gs4s,1050,,Scriabin-3_Op74_4,7,
,,,,,,,,,,,,,,,,,,143,,,
143,516.0563,0.4,144,76,11,1051,,E5,,,,,,,,op4_n8_1E5q,1051,,Scriabin-3_Op74_4,8,
143,516.0563,0.4,144,63,11,1051,,D#4,,,,,,,,op4_n8_2Ds4q,1051,,Scriabin-3_Op74_4,8,
143,516.0563,0.1333,144,67,11,1051,,G4,,,,,,,,op4_n8_4G4e,1051,,Scriabin-3_Op74_4,8,
143,516.0563,0.4,144,58,11,1051,,A#3,,,,,,,,op4_n8_5As3q,1051,,Scriabin-3_Op74_4,8,
143,516.0563,0.8,144,54,11,1051,,F#3,,,,,,,,op4_n8_6Fs3h,1051,,Scriabin-3_Op74_4,8,
143,516.2230000000001,0.1333,144,72,11,1052,,B#4,,,,,,,,op4_n8_4Bs4e,1052,,Scriabin-3_Op74_4,8,
143,516.3896,0.1333,144,71,11,1053,,B4,,,,,,,,op4_n8_4B4e,1053,,Scriabin-3_Op74_4,8,
143,516.5563,0.4,144,79,11,1054,,G5,,,,,,,,op4_n8_1G5q,1054,,Scriabin-3_Op74_4,8,
143,516.5563,0.4,144,62,11,1054,,D4,,,,,,,,op4_n8_2D4q,1054,,Scriabin-3_Op74_4,8,
143,516.5563,0.2,144,70,11,1054,,A#4,,,,,,,,op4_n8_4As4e,1054,,Scriabin-3_Op74_4,8,
143,516.5563,0.4,144,62,11,1054,,D4,,,,,,,,op4_n8_5D4q,1054,,Scriabin-3_Op74_4,8,
143,516.8063,0.2,144,69,11,1055,,A4,,,,,,,,op4_n8_4A4e,1055,,Scriabin-3_Op74_4,8,
143,517.0563,0.2,144,79,11,1056,,G5,,,,,,,,op4_n8_1G5e,1056,,Scriabin-3_Op74_4,8,
143,517.0563,0.4,144,68,11,1056,,Ab4,,,,,,,,op4_n8_2Ab4q,1056,,Scriabin-3_Op74_4,8,
143,517.0563,0.4,144,61,11,1056,,Db4,,,,,,,,op4_n8_5Db4q,1056,,Scriabin-3_Op74_4,8,
143,517.0563,0.4,144,53,11,1056,,F3,,,,,,,,op4_n8_6F3q,1056,,Scriabin-3_Op74_4,8,
143,517.3063,0.2,144,76,11,1057,,Fb5,,,,,,,,op4_n8_1Fb5e,1057,,Scriabin-3_Op74_4,8,
143,517.3063,0.2,144,72,11,1057,,C5,,,,,,,,op4_n8_4C5e,1057,,Scriabin-3_Op74_4,8,
,,,,,,,,,,,,,,,,,,144,,,
144,517.5563,0.4,144,80,11,1058,,Ab5,,,,,,,,op4_n9_1Ab5q,1058,,Scriabin-3_Op74_4,9,
144,517.5563,0.1333,144,71,11,1058,,Cb5,,,,,,,,op4_n9_2Cb5e,1058,,Scriabin-3_Op74_4,9,
144,517.5563,0.4,144,67,11,1058,,G4,,,,,,,,op4_n9_4G4q,1058,,Scriabin-3_Op74_4,9,
144,517.5563,0.4,144,62,11,1058,,D4,,,,,,,,op4_n9_5D4q,1058,,Scriabin-3_Op74_4,9,
144,517.5563,0.8,144,58,11,1058,,Bb3,,,,,,,,op4_n9_6Bb3h,1058,,Scriabin-3_Op74_4,9,
144,517.7230000000001,0.1333,144,76,11,1059,,E5,,,,,,,,op4_n9_2E5e,1059,,Scriabin-3_Op74_4,9,
144,517.8896,0.1333,144,75,11,1060,,Eb5,,,,,,,,op4_n9_2Eb5e,1060,,Scriabin-3_Op74_4,9,
144,518.0563,0.4,144,83,11,1061,,Cb6,,,,,,,,op4_n9_1Cb6q,1061,,Scriabin-3_Op74_4,9,
144,518.0563,0.4,144,74,11,1061,,D5,,,,,,,,op4_n9_2D5q,1061,,Scriabin-3_Op74_4,9,
144,518.0563,0.4,144,66,11,1061,,Gb4,,,,,,,,op4_n9_4Gb4q,1061,,Scriabin-3_Op74_4,9,
144,518.0563,0.4,144,66,11,1061,,Gb4,,,,,,,,op4_n9_5Gb4q,1061,,Scriabin-3_Op74_4,9,
144,518.5563,0.2,144,84,11,1062,,C6,,,,,,,,op4_n9_1C6e,1062,,Scriabin-3_Op74_4,9,
144,518.5563,0.4,144,73,11,1062,,Db5,,,,,,,,op4_n9_2Db5q,1062,,Scriabin-3_Op74_4,9,
144,518.5563,0.4,144,65,11,1062,,F4,,,,,,,,op4_n9_5F4q,1062,,Scriabin-3_Op74_4,9,
144,518.5563,0.4,144,57,11,1062,,A3,,,,,,,,op4_n9_6A3q,1062,,Scriabin-3_Op74_4,9,
144,518.8063,0.2,144,81,11,1063,,A5,,,,,,,,op4_n9_1A5e,1063,,Scriabin-3_Op74_4,9,
,,,,,,,,,,,,,,,,,,145,,,
145,519.0563,0.2,144,72,11,1064,,C5,,,,,,,,op4_n10_2C5e,1064,,Scriabin-3_Op74_4,10,
145,519.0563,0.8,144,85,11,1064,,Db6,,,,,,,,op4_n10_4Db6h,1064,,Scriabin-3_Op74_4,10,
145,519.0563,0.2667,144,64,11,1064,,Fb4,,,,,,,,op4_n10_5Fb4q,1064,,Scriabin-3_Op74_4,10,
145,519.0563,0.2667,144,56,11,1064,,Ab3,,,,,,,,op4_n10_6Ab3q,1064,,Scriabin-3_Op74_4,10,
145,519.3063,0.2,144,71,11,1065,,Cb5,,,,,,,,op4_n10_2Cb5e,1065,,Scriabin-3_Op74_4,10,
145,519.3896,0.2667,144,63,11,1066,,Eb4,,,,,,,,op4_n10_5Eb4q_0,1066,,Scriabin-3_Op74_4,10,
145,519.3896,0.2667,144,55,11,1066,,G3,,,,,,,,op4_n10_6G3q_0,1066,,Scriabin-3_Op74_4,10,
145,519.5563,0.2,144,70,11,1067,,Bb4,,,,,,,,op4_n10_2Bb4e_0,1067,,Scriabin-3_Op74_4,10,
145,519.7230000000001,0.2667,144,63,11,1068,,Eb4,,,,,,,,op4_n10_5Eb4q_1,1068,,Scriabin-3_Op74_4,10,
145,519.7230000000001,0.2667,144,55,11,1068,,G3,,,,,,,,op4_n10_6G3q_1,1068,,Scriabin-3_Op74_4,10,
145,519.8063,0.2,144,70,11,1069,,Bb4,,,,,,,,op4_n10_2Bb4e_1,1069,,Scriabin-3_Op74_4,10,
145,520.0563,0.2,144,79,11,1070,,G5,,,,,,,,op4_n10_1G5e,1070,,Scriabin-3_Op74_4,10,
145,520.0563,0.4,144,68,11,1070,,Ab4,,,,,,,,op4_n10_2Ab4q,1070,,Scriabin-3_Op74_4,10,
145,520.0563,0.4,144,61,11,1070,,Db4,,,,,,,,op4_n10_5Db4q,1070,,Scriabin-3_Op74_4,10,
145,520.0563,0.4,144,53,11,1070,,F3,,,,,,,,op4_n10_6F3q,1070,,Scriabin-3_Op74_4,10,
145,520.3063,0.2,144,76,11,1071,,Fb5,,,,,,,,op4_n10_1Fb5e,1071,,Scriabin-3_Op74_4,10,
145,520.3063,0.2,144,72,11,1071,,C5,,,,,,,,op4_n10_4C5e,1071,,Scriabin-3_Op74_4,10,
,,,,,,,,,,,,,,,,,,146,,,
146,520.5563,0.4,144,80,11,1072,,Ab5,,,,,,,,op4_n11_1Ab5q,1072,,Scriabin-3_Op74_4,11,
146,520.5563,0.4,144,67,11,1072,,G4,,,,,,,,op4_n11_2G4q,1072,,Scriabin-3_Op74_4,11,
146,520.5563,0.1333,144,71,11,1072,,Cb5,,,,,,,,op4_n11_4Cb5e,1072,,Scriabin-3_Op74_4,11,
146,520.5563,0.4,144,62,11,1072,,D4,,,,,,,,op4_n11_5D4q,1072,,Scriabin-3_Op74_4,11,
146,520.5563,0.8,144,58,11,1072,,Bb3,,,,,,,,op4_n11_6Bb3h,1072,,Scriabin-3_Op74_4,11,
146,520.7230000000001,0.1333,144,76,11,1073,,E5,,,,,,,,op4_n11_4E5e,1073,,Scriabin-3_Op74_4,11,
146,520.8896,0.1333,144,75,11,1074,,Eb5,,,,,,,,op4_n11_4Eb5e,1074,,Scriabin-3_Op74_4,11,
146,521.0563,0.4,144,83,11,1075,,Cb6,,,,,,,,op4_n11_1Cb6q,1075,,Scriabin-3_Op74_4,11,
146,521.0563,0.4,144,66,11,1075,,Gb4,,,,,,,,op4_n11_2Gb4q,1075,,Scriabin-3_Op74_4,11,
146,521.0563,0.4,144,74,11,1075,,D5,,,,,,,,op4_n11_4D5q,1075,,Scriabin-3_Op74_4,11,
146,521.0563,0.4,144,66,11,1075,,Gb4,,,,,,,,op4_n11_5Gb4q,1075,,Scriabin-3_Op74_4,11,
146,521.5563,0.2,144,84,11,1076,,C6,,,,,,,,op4_n11_1C6e,1076,,Scriabin-3_Op74_4,11,
146,521.5563,0.4,144,73,11,1076,,Db5,,,,,,,,op4_n11_4Db5q,1076,,Scriabin-3_Op74_4,11,
146,521.5563,0.4,144,65,11,1076,,F4,,,,,,,,op4_n11_5F4q,1076,,Scriabin-3_Op74_4,11,
146,521.5563,0.4,144,57,11,1076,,A3,,,,,,,,op4_n11_6A3q,1076,,Scriabin-3_Op74_4,11,
146,521.8063,0.2,144,81,11,1077,,A5,,,,,,,,op4_n11_1A5e,1077,,Scriabin-3_Op74_4,11,
,,,,,,,,,,,,,,,,,,147,,,
147,522.0563,0.8,144,85,11,1078,,Db6,,,,,,,,op4_n12_1Db6h,1078,,Scriabin-3_Op74_4,12,
147,522.0563,0.2,144,72,11,1078,,C5,,,,,,,,op4_n12_2C5e_0,1078,,Scriabin-3_Op74_4,12,
147,522.0563,0.2667,144,64,11,1078,,Fb4,,,,,,,,op4_n12_5Fb4q_0,1078,,Scriabin-3_Op74_4,12,
147,522.0563,0.2667,144,56,11,1078,,Ab3,,,,,,,,op4_n12_6Ab3q_0,1078,,Scriabin-3_Op74_4,12,
147,522.3063,0.4,144,71,11,1079,,Cb5,,,,,,,,op4_n12_2Cb5q,1079,,Scriabin-3_Op74_4,12,
147,522.3896,0.2667,144,63,11,1080,,Eb4,,,,,,,,op4_n12_5Eb4q,1080,,Scriabin-3_Op74_4,12,
147,522.3896,0.2667,144,55,11,1080,,G3,,,,,,,,op4_n12_6G3q,1080,,Scriabin-3_Op74_4,12,
147,522.7230000000001,0.2667,144,64,11,1081,,Fb4,,,,,,,,op4_n12_5Fb4q_1,1081,,Scriabin-3_Op74_4,12,
147,522.7230000000001,0.2667,144,56,11,1081,,Ab3,,,,,,,,op4_n12_6Ab3q_1,1081,,Scriabin-3_Op74_4,12,
147,522.8063,0.2,144,72,11,1082,,C5,,,,,,,,op4_n12_2C5e_1,1082,,Scriabin-3_Op74_4,12,
147,523.0563,0.2,144,84,11,1083,,C6,,,,,,,,op4_n12_1C6e,1083,,Scriabin-3_Op74_4,12,
147,523.0563,0.4,144,73,11,1083,,Db5,,,,,,,,op4_n12_2Db5q,1083,,Scriabin-3_Op74_4,12,
147,523.0563,0.4,144,65,11,1083,,F4,,,,,,,,op4_n12_5F4q,1083,,Scriabin-3_Op74_4,12,
147,523.0563,0.4,144,57,11,1083,,A3,,,,,,,,op4_n12_6A3q,1083,,Scriabin-3_Op74_4,12,
147,523.3063,0.2,144,81,11,1084,,A5,,,,,,,,op4_n12_1A5e,1084,,Scriabin-3_Op74_4,12,
,,,,,,,,,,,,,,,,,,148,,,
148,523.5563,0.8,144,85,11,1085,,Db6,,,,,,,,op4_n13_1Db6h,1085,,Scriabin-3_Op74_4,13,
148,523.5563,0.2,144,72,11,1085,,C5,,,,,,,,op4_n13_2C5e_0,1085,,Scriabin-3_Op74_4,13,
148,523.5563,0.2667,144,64,11,1085,,Fb4,,,,,,,,op4_n13_5Fb4q_0,1085,,Scriabin-3_Op74_4,13,
148,523.5563,0.2667,144,56,11,1085,,Ab3,,,,,,,,op4_n13_6Ab3q_0,1085,,Scriabin-3_Op74_4,13,
148,523.8063,0.4,144,71,11,1086,,Cb5,,,,,,,,op4_n13_2Cb5q,1086,,Scriabin-3_Op74_4,13,
148,523.8896,0.2667,144,63,11,1087,,Eb4,,,,,,,,op4_n13_5Eb4q,1087,,Scriabin-3_Op74_4,13,
148,523.8896,0.2667,144,55,11,1087,,G3,,,,,,,,op4_n13_6G3q,1087,,Scriabin-3_Op74_4,13,
148,524.2230000000001,0.2667,144,64,11,1088,,Fb4,,,,,,,,op4_n13_5Fb4q_1,1088,,Scriabin-3_Op74_4,13,
148,524.2230000000001,0.2667,144,56,11,1088,,Ab3,,,,,,,,op4_n13_6Ab3q_1,1088,,Scriabin-3_Op74_4,13,
148,524.3063,0.2,144,72,11,1089,,C5,,,,,,,,op4_n13_2C5e_1,1089,,Scriabin-3_Op74_4,13,
148,524.5563,0.2,144,84,11,1090,,C6,,,,,,,,op4_n13_1C6e,1090,,Scriabin-3_Op74_4,13,
148,524.5563,0.4,144,73,11,1090,,Db5,,,,,,,,op4_n13_2Db5q,1090,,Scriabin-3_Op74_4,13,
148,524.5563,0.4,144,65,11,1090,,F4,,,,,,,,op4_n13_5F4q,1090,,Scriabin-3_Op74_4,13,
148,524.5563,0.4,144,57,11,1090,,A3,,,,,,,,op4_n13_6A3q,1090,,Scriabin-3_Op74_4,13,
148,524.8063,0.2,144,81,11,1091,,A5,,,,,,,,op4_n13_1A5e,1091,,Scriabin-3_Op74_4,13,
,,,,,,,,,,,,,,,,,,149,,,
149,525.0563,0.4,144,85,11,1092,,Db6,,,,,,,,op4_n14_1Db6q,1092,,Scriabin-3_Op74_4,14,
149,525.0563,0.4,144,72,11,1092,,C5,,,,,,,,op4_n14_2C5q,1092,,Scriabin-3_Op74_4,14,
149,525.0563,0.4,144,64,11,1092,,Fb4,,,,,,,,op4_n14_5Fb4q,1092,,Scriabin-3_Op74_4,14,
149,525.0563,0.4,144,56,11,1092,,Ab3,,,,,,,,op4_n14_6Ab3q,1092,,Scriabin-3_Op74_4,14,
149,525.5563,0.2,144,80,11,1093,,Ab5,,,,,,,,op4_n14_1Ab5e,1093,,Scriabin-3_Op74_4,14,
149,525.5563,0.4,144,71,11,1093,,Cb5,,,,,,,,op4_n14_2Cb5q,1093,,Scriabin-3_Op74_4,14,
149,525.5563,0.4,144,63,11,1093,,Eb4,,,,,,,,op4_n14_5Eb4q,1093,,Scriabin-3_Op74_4,14,
149,525.5563,0.4,144,55,11,1093,,G3,,,,,,,,op4_n14_6G3q,1093,,Scriabin-3_Op74_4,14,
149,525.8063,0.2,144,77,11,1094,,F5,,,,,,,,op4_n14_1F5e,1094,,Scriabin-3_Op74_4,14,
149,526.0563,0.4,144,81,11,1095,,A5,,,,,,,,op4_n14_1A5q,1095,,Scriabin-3_Op74_4,14,
149,526.0563,0.4,144,70,11,1095,,Bb4,,,,,,,,op4_n14_2Bb4q,1095,,Scriabin-3_Op74_4,14,
149,526.0563,0.4,144,62,11,1095,,D4,,,,,,,,op4_n14_5D4q,1095,,Scriabin-3_Op74_4,14,
149,526.0563,0.4,144,54,11,1095,,F#3,,,,,,,,op4_n14_6Fs3q,1095,,Scriabin-3_Op74_4,14,
,,,,,,,,,,,,,,,,,,150,,,
150,526.5563,0.2,144,76,11,1096,,E5,,,,,,,,op4_n15_1E5e,1096,,Scriabin-3_Op74_4,15,
150,526.5563,0.4,144,69,11,1096,,A4,,,,,,,,op4_n15_2A4q_0,1096,,Scriabin-3_Op74_4,15,
150,526.5563,0.4,144,61,11,1096,,Db4,,,,,,,,op4_n15_5Db4q,1096,,Scriabin-3_Op74_4,15,
150,526.5563,0.4,144,53,11,1096,,F3,,,,,,,,op4_n15_6F3q,1096,,Scriabin-3_Op74_4,15,
150,526.8063,0.2,144,73,11,1097,,Db5,,,,,,,,op4_n15_1Db5e,1097,,Scriabin-3_Op74_4,15,
150,527.0563,0.4,144,77,11,1098,,F5,,,,,,,,op4_n15_1F5q,1098,,Scriabin-3_Op74_4,15,
150,527.0563,0.4,144,68,11,1098,,Ab4,,,,,,,,op4_n15_2Ab4q,1098,,Scriabin-3_Op74_4,15,
150,527.0563,0.4,144,60,11,1098,,C4,,,,,,,,op4_n15_5C4q,1098,,Scriabin-3_Op74_4,15,
150,527.0563,0.4,144,52,11,1098,,E3,,,,,,,,op4_n15_6E3q,1098,,Scriabin-3_Op74_4,15,
150,527.5563,0.2,144,80,11,1099,,G#5,,,,,,,,op4_n15_1Gs5e,1099,,Scriabin-3_Op74_4,15,
150,527.5563,0.4,144,69,11,1099,,A4,,,,,,,,op4_n15_2A4q_1,1099,,Scriabin-3_Op74_4,15,
150,527.5563,0.4,144,61,11,1099,,C#4,,,,,,,,op4_n15_5Cs4q,1099,,Scriabin-3_Op74_4,15,
150,527.5563,0.4,144,53,11,1099,,E#3,,,,,,,,op4_n15_6Es3q,1099,,Scriabin-3_Op74_4,15,
150,527.8063,0.2,144,77,11,1100,,F5,,,,,,,,op4_n15_1F5e,1100,,Scriabin-3_Op74_4,15,
,,,,,,,,,,,,,,,,,,151,,,
151,528.0563,0.4,144,81,11,1101,,A5,,,,,,,,op4_n16_1A5q,1101,,Scriabin-3_Op74_4,16,
151,528.0563,0.4,144,68,11,1101,,G#4,,,,,,,,op4_n16_2Gs4q,1101,,Scriabin-3_Op74_4,16,
151,528.0563,0.4,144,60,11,1101,,C4,,,,,,,,op4_n16_5C4q,1101,,Scriabin-3_Op74_4,16,
151,528.0563,0.4,144,52,11,1101,,E3,,,,,,,,op4_n16_6E3q,1101,,Scriabin-3_Op74_4,16,
151,528.5563,0.2,144,76,11,1102,,E5,,,,,,,,op4_n16_1E5e,1102,,Scriabin-3_Op74_4,16,
151,528.5563,0.4,144,67,11,1102,,G4,,,,,,,,op4_n16_2G4q,1102,,Scriabin-3_Op74_4,16,
151,528.5563,0.4,144,59,11,1102,,B3,,,,,,,,op4_n16_5B3q,1102,,Scriabin-3_Op74_4,16,
151,528.5563,0.4,144,51,11,1102,,D#3,,,,,,,,op4_n16_6Ds3q,1102,,Scriabin-3_Op74_4,16,
151,528.8063,0.2,144,73,11,1103,,C#5,,,,,,,,op4_n16_1Cs5e,1103,,Scriabin-3_Op74_4,16,
151,529.0563,0.4,144,77,11,1104,,F5,,,,,,,,op4_n16_1F5q,1104,,Scriabin-3_Op74_4,16,
151,529.0563,0.4,144,66,11,1104,,Gb4,,,,,,,,op4_n16_2Gb4q,1104,,Scriabin-3_Op74_4,16,
151,529.0563,0.4,144,58,11,1104,,Bb3,,,,,,,,op4_n16_5Bb3q,1104,,Scriabin-3_Op74_4,16,
151,529.0563,0.4,144,50,11,1104,,D3,,,,,,,,op4_n16_6D3q,1104,,Scriabin-3_Op74_4,16,
,,,,,,,,,,,,,,,,,,152,,,
152,529.5563,0.2,144,72,11,1105,,C5,,,,,,,,op4_n17_1C5e,1105,,Scriabin-3_Op74_4,17,
152,529.5563,0.4,144,65,11,1105,,F4,,,,,,,,op4_n17_2F4q,1105,,Scriabin-3_Op74_4,17,
152,529.5563,0.4,144,57,11,1105,,A3,,,,,,,,op4_n17_5A3q,1105,,Scriabin-3_Op74_4,17,
152,529.5563,0.4,144,49,11,1105,,C#3,,,,,,,,op4_n17_6Cs3q,1105,,Scriabin-3_Op74_4,17,
152,529.8063,0.2,144,69,11,1106,,A4,,,,,,,,op4_n17_1A4e,1106,,Scriabin-3_Op74_4,17,
152,530.0563,1.6,144,73,11,1107,,Db5,,,,,,,,op4_n17_1Db5h,1107,,Scriabin-3_Op74_4,17,
152,530.0563,1.6,144,64,11,1107,,E4,,,,,,,,op4_n17_2E4h,1107,,Scriabin-3_Op74_4,17,
152,530.0563,1.6,144,56,11,1107,,G#3,,,,,,,,op4_n17_5Gs3h,1107,,Scriabin-3_Op74_4,17,
152,530.0563,1.6,144,48,11,1107,,B#2,,,,,,,,op4_n17_6Bs2h,1107,,Scriabin-3_Op74_4,17,
,,,,,,,,,,,,,,,,,,153,,,
153,532.0563,0.2,144,75,11,1108,,D#5,,,,,,,,op4_n18_1Ds5e,1108,,Scriabin-3_Op74_4,18,
153,532.0563,0.4,144,64,11,1108,,E4,,,,,,,,op4_n18_2E4q,1108,,Scriabin-3_Op74_4,18,
153,532.0563,0.2,144,56,11,1108,,G#3,,,,,,,,op4_n18_5Gs3e,1108,,Scriabin-3_Op74_4,18,
153,532.0563,0.2,144,48,11,1108,,B#2,,,,,,,,op4_n18_6Bs2e,1108,,Scriabin-3_Op74_4,18,
153,532.3063,0.2,144,72,11,1109,,C5,,,,,,,,op4_n18_1C5e,1109,,Scriabin-3_Op74_4,18,
153,532.3063,0.2,144,57,11,1109,,A3,,,,,,,,op4_n18_5A3e,1109,,Scriabin-3_Op74_4,18,
153,532.3063,0.2,144,49,11,1109,,C#3,,,,,,,,op4_n18_6Cs3e,1109,,Scriabin-3_Op74_4,18,
,,,,,,,,,,,,,,,,,,154,,,
154,532.5563,0.6,144,71,11,1110,,B4,,,,,,,,op4_n19_1B4q,1110,,Scriabin-3_Op74_4,19,
154,532.5563,0.4,144,60,11,1110,,C4,,,,,,,,op4_n19_2C4q,1110,,Scriabin-3_Op74_4,19,
154,532.5563,0.4,144,56,11,1110,,G#3,,,,,,,,op4_n19_5Gs3q,1110,,Scriabin-3_Op74_4,19,
154,532.5563,2.0,144,53,11,1110,,F3,,,,,,,,op4_n19_6F3h,1110,,Scriabin-3_Op74_4,19,
154,533.0563,1.6,144,63,11,1111,,D#4,,,,,,,,op4_n19_2Ds4h,1111,,Scriabin-3_Op74_4,19,
154,533.0563,1.6,144,57,11,1111,,A3,,,,,,,,op4_n19_5A3h,1111,,Scriabin-3_Op74_4,19,
154,533.3063,1.4,144,68,11,1112,,G#4,,,,,,,,op4_n19_1Gs4e,1112,,Scriabin-3_Op74_4,19,
,,,,,,,,,,,,,,,,,,155,,,
155,535.0563,0.2,144,75,11,1113,,D#5,,,,,,,,op4_n20_1Ds5e,1113,,Scriabin-3_Op74_4,20,
155,535.0563,0.6,144,64,11,1113,,E4,,,,,,,,op4_n20_2E4q,1113,,Scriabin-3_Op74_4,20,
155,535.0563,0.4,144,57,11,1113,,A3,,,,,,,,op4_n20_5A3q,1113,,Scriabin-3_Op74_4,20,
155,535.0563,0.4,144,49,11,1113,,C#3,,,,,,,,op4_n20_6Cs3q,1113,,Scriabin-3_Op74_4,20,
155,535.3063,0.2,144,72,11,1114,,C5,,,,,,,,op4_n20_1C5e,1114,,Scriabin-3_Op74_4,20,
,,,,,,,,,,,,,,,,,,156,,,
156,535.5563,0.4,144,69,11,1115,,A4,,,,,,,,op4_n21_1A4q_0,1115,,Scriabin-3_Op74_4,21,
156,535.5563,0.4,144,58,11,1115,,A#3,,,,,,,,op4_n21_5As3q,1115,,Scriabin-3_Op74_4,21,
156,535.5563,0.4,144,54,11,1115,,F#3,,,,,,,,op4_n21_6Fs3q,1115,,Scriabin-3_Op74_4,21,
156,535.8063,0.2,144,63,11,1116,,D#4,,,,,,,,op4_n21_2Ds4e,1116,,Scriabin-3_Op74_4,21,
156,536.0563,0.2,144,66,11,1117,,Gb4,,,,,,,,op4_n21_1Gb4e,1117,,Scriabin-3_Op74_4,21,
156,536.0563,0.2,144,62,11,1117,,D4,,,,,,,,op4_n21_2D4e,1117,,Scriabin-3_Op74_4,21,
156,536.0563,0.2,144,59,11,1117,,B3,,,,,,,,op4_n21_5B3e,1117,,Scriabin-3_Op74_4,21,
156,536.0563,0.2,144,53,11,1117,,F3,,,,,,,,op4_n21_6F3e,1117,,Scriabin-3_Op74_4,21,
156,536.3063,1.4,144,69,11,1118,,A4,,,,,,,,op4_n21_1A4e,1118,,Scriabin-3_Op74_4,21,
156,536.3063,1.4,144,65,11,1118,,F4,,,,,,,,op4_n21_2F4e,1118,,Scriabin-3_Op74_4,21,
156,536.3063,1.4,144,56,11,1118,,G#3,,,,,,,,op4_n21_5Gs3e,1118,,Scriabin-3_Op74_4,21,
156,536.3063,1.4,144,50,11,1118,,D3,,,,,,,,op4_n21_6D3e,1118,,Scriabin-3_Op74_4,21,
,,,,,,,,,,,,,,,,,,157,,,
157,538.0563,0.2,144,76,11,1119,,E5,,,,,,,,op4_n22_1E5e,1119,,Scriabin-3_Op74_4,22,
157,538.0563,0.4,144,65,11,1119,,F4,,,,,,,,op4_n22_2F4q,1119,,Scriabin-3_Op74_4,22,
157,538.0563,0.2,144,57,11,1119,,A3,,,,,,,,op4_n22_5A3e,1119,,Scriabin-3_Op74_4,22,
157,538.0563,0.4,144,50,11,1119,,D3,,,,,,,,op4_n22_6D3q,1119,,Scriabin-3_Op74_4,22,
157,538.3063,0.2,144,73,11,1120,,Db5,,,,,,,,op4_n22_1Db5e,1120,,Scriabin-3_Op74_4,22,
157,538.3063,0.2,144,69,11,1120,,A4,,,,,,,,op4_n22_4A4e,1120,,Scriabin-3_Op74_4,22,
157,538.3063,0.2,144,58,11,1120,,Bb3,,,,,,,,op4_n22_5Bb3e,1120,,Scriabin-3_Op74_4,22,
,,,,,,,,,,,,,,,,,,158,,,
158,538.5563,0.4,144,70,11,1121,,Bb4,,,,,,,,op4_n23_1Bb4q,1121,,Scriabin-3_Op74_4,23,
158,538.5563,0.2,144,65,11,1121,,F4,,,,,,,,op4_n23_2F4e,1121,,Scriabin-3_Op74_4,23,
158,538.5563,0.4,144,59,11,1121,,B3,,,,,,,,op4_n23_5B3q,1121,,Scriabin-3_Op74_4,23,
158,538.5563,0.4,144,55,11,1121,,G3,,,,,,,,op4_n23_6G3q,1121,,Scriabin-3_Op74_4,23,
158,538.8063,0.2,144,64,11,1122,,E4,,,,,,,,op4_n23_2E4e,1122,,Scriabin-3_Op74_4,23,
158,539.0563,1.2,144,67,11,1123,,G4,,,,,,,,op4_n23_1G4h,1123,,Scriabin-3_Op74_4,23,
158,539.0563,1.2,144,63,11,1123,,Eb4,,,,,,,,op4_n23_2Eb4h,1123,,Scriabin-3_Op74_4,23,
158,539.0563,1.2,144,60,11,1123,,C4,,,,,,,,op4_n23_5C4h,1123,,Scriabin-3_Op74_4,23,
158,539.0563,1.2,144,54,11,1123,,F#3,,,,,,,,op4_n23_6Fs3h,1123,,Scriabin-3_Op74_4,23,
,,,,,,,,,,,,,,,,,,159,,,
159,540.5563,0.8,144,70,11,1124,,Bb4,,,,,,,,op4_n24_1Bb4h,1124,,Scriabin-3_Op74_4,24,
159,540.5563,0.8,144,66,11,1124,,F#4,,,,,,,,op4_n24_2Fs4h,1124,,Scriabin-3_Op74_4,24,
159,540.5563,0.8,144,57,11,1124,,A3,,,,,,,,op4_n24_5A3h,1124,,Scriabin-3_Op74_4,24,
159,540.5563,0.8,144,51,11,1124,,D#3,,,,,,,,op4_n24_6Ds3h,1124,,Scriabin-3_Op74_4,24,
,,,,,,,,,,,,,,,,,,160,,,
160,541.5563,1.2,144,73,11,1125,,C#5,,,,,,,,op4_n25_1Cs5h,1125,,Scriabin-3_Op74_4,25,
160,541.5563,1.2,144,69,11,1125,,A4,,,,,,,,op4_n25_2A4h,1125,,Scriabin-3_Op74_4,25,
160,541.5563,1.2,144,60,11,1125,,C4,,,,,,,,op4_n25_5C4h,1125,,Scriabin-3_Op74_4,25,
160,541.5563,1.2,144,45,11,1125,,A2,,,,,,,,op4_n25_6A2h,1125,,Scriabin-3_Op74_4,25,
160,541.5563,1.2,144,52,11,1125,,E3,,,,,,,,op4_n25_6E3h,1125,,Scriabin-3_Op74_4,25,
,,,,,,,5955,,,,,,,,,,,,gutim,,
160,543.0313,0.3077,144,100,2,1126,,E7,,,,,,,,gut_n136_1E7q,1126,,gutim,136,
,,,,,,,,,,,,,,,,,,161,,,
161,543.6082,0.3077,144,97,24,1127,,C#7,,,,,,,,gut_n137_1Cs7q,1127,,gutim,137,
161,544.3775,1.0769,144,50,16,1128,,D3,,,,,,,,gut_n137_5D3e,1128,,gutim,137,
161,545.3602000000001,0.06,144,72,5,1129,,C5,g,,,,,,,gut_ng137_1C5e,1129,,gutim,137,
161,545.4352,0.274,144,40,5,1130,,E2,,,,,,,,gut_n137_6E2e,1130,,gutim,137,
161,545.5735999999999,0.06,144,36,5,1131,,C2,g,,,,,,,gut_ng137_5C2e,1131,,gutim,137,
161,545.6486,0.06,144,57,5,1132,,A3,g,,,,,,,gut_ng137_5A3e,1132,,gutim,137,
,,,,,,,,,,,,,,,,,,162,,,
162,545.7236,4.9327,144,72,11,1133,,C5,,,,,,,,gut_n138_2C5w,1133,,gutim,138,
162,545.7236,0.2308,144,47,5,1133,,B2,,,,,,,,gut_n138_5B2e,1133,,gutim,138,
162,545.7236,1.0962,144,44,24,1133,,G#2,,,,,,,,gut_n138_6Gs2h,1133,,gutim,138,
162,546.3005,1.1538,144,77,10,1134,,F5,,,,,,,,gut_n138_1F5h,1134,,gutim,138,
162,546.8775,3.2308,144,44,24,1135,,G#2,,,,,,,,gut_n138_6Gs2w,1135,,gutim,138,
162,547.7428,0.9231,144,70,5,1136,,Bb4,,,,,,,,gut_n138_1Bb4e,1136,,gutim,138,
162,550.264,0.06,144,65,5,1137,,F4,g,,,,,,,gut_ng138_1F4e,1137,,gutim,138,
162,550.339,2.3077,144,68,11,1138,,Ab4,,,,,,,,gut_n138_1Ab4q,1138,,gutim,138,
162,550.339,0.1154,144,52,5,1138,,E3,,,,,,,,gut_n138_5E3s,1138,,gutim,138,
162,550.4832,1.0385,144,72,5,1139,,C5,,,,,,,,gut_n138_5C5e,1139,,gutim,138,
,,,,,,,,,,,,,,,,,,163,,,
163,550.9159,2.1923,144,36,5,1140,,C2,,,,,,,,gut_n139_2C2w,1140,,gutim,139,
163,550.9159,1.8462,144,60,2,1140,,C4,,,,,,,,gut_n139_6C4w,1140,,gutim,139,
163,551.7813,1.1538,144,27,14,1141,,Eb1,,,,,,,,gut_n139_5Eb1e,1141,,gutim,139,
163,551.7813,1.1538,144,53,5,1141,,F3,,,,,,,,gut_n139_5F3e,1141,,gutim,139,
163,553.1486,0.0712,144,30,20,1142,,F#1,g,,,,,,,gut_ng139_5Fs1e,1142,,gutim,139,
,,,,,,,,,,,,,,,,,,164,,,
164,553.2236,0.1538,144,86,20,1143,,D6,,e,,d,,,,gut_n140_1D6e,1143,,gutim,140,
164,553.2236,0.1538,144,100,20,1143,,E7,,e,,d,,,,gut_n140_1E7e,1143,,gutim,140,
164,553.2236,0.2191,144,35,20,1143,,B1,,,,,,,,gut_n140_5B1e,1143,,gutim,140,
164,553.2236,0.2191,144,36,20,1143,,C2,,,,,,,,gut_n140_5C2e,1143,,gutim,140,
164,553.4159,0.3077,144,78,20,1144,,F#5,,e,,d,,,,gut_n140_1Fs5e_0,1144,,gutim,140,
164,553.4159,0.1538,144,85,20,1144,,C#6,,e,,d,,,,gut_n140_1Cs6e,1144,,gutim,140,
164,553.4542,0.4389,144,58,20,1145,,Bb3,,,,,,,,gut_n140_5Bb3e,1145,,gutim,140,
164,553.6082,0.1538,144,60,20,1146,,C4,,e,,d,,,,gut_n140_1C4e,1146,,gutim,140,
164,553.6082,0.1538,144,63,20,1146,,Eb4,,e,,d,,,,gut_n140_1Eb4e,1146,,gutim,140,
164,553.8005,0.1538,144,56,17,1147,,Ab3,,E,5956,,,,,gut_n140_1Ab3e,1147,,gutim,140,
164,553.9162,0.4382,144,38,14,1148,,D2,,,,,,,,gut_n140_5D2q,1148,,gutim,140,
164,553.9928,0.1538,144,69,14,1149,,A4,,,,,,,,gut_n140_1A4e,1149,,gutim,140,
164,554.3775,0.1154,144,72,5,1150,,C5,,,,,,,,gut_n140_1C5s,1150,,gutim,140,
164,554.5217,0.3462,144,80,5,1151,,Ab5,,,,,,,,gut_n140_1Ab5e,1151,,gutim,140,
164,554.5217,0.0577,144,64,14,1151,,E4,,,,,,,,gut_n140_5E4t,1151,,gutim,140,
164,554.5938,0.0685,144,50,17,1152,,D3,,,,,,,,gut_n140_5D3t,1152,,gutim,140,
164,554.6659,0.137,144,42,14,1153,,F#2,,,,,,,,gut_n140_5Fs2e,1153,,gutim,140,
164,554.8794,0.06,144,36,8,1154,,C2,g,,,d,,,,gut_ng140_5C2e,1154,,gutim,140,
164,554.9544,0.4615,144,88,14,1155,,E6,,,,d,,,,gut_n140_1E6q,1155,,gutim,140,
164,554.9544,0.4615,144,44,14,1155,,Ab2,,,,d,,,,gut_n140_5Ab2q,1155,,gutim,140,
164,555.3813,0.06,144,48,8,1156,,C3,g,,,d,,,,gut_ng140_5C3e,1156,,gutim,140,
164,555.3813,0.06,144,76,8,1156,,E5,g,,,d,,,,gut_ng140_5E5e,1156,,gutim,140,
164,555.4563,0.06,144,54,8,1157,,F#3,g,,,d,,,,gut_ng140_5Fs3e,1157,,gutim,140,
164,555.4563,0.06,144,55,8,1157,,G3,g,,,D,5956,,,gut_ng140_5G3e,1157,,gutim,140,
,,,,,,,5956,,,,,,,,,,,,gutim,,
,,,,,,,,,,,,,,,,,,165,,,
165,555.5313,1.8462,144,64,8,1158,,E4,,,,d,,,,gut_n141_2E4w,1158,,gutim,141,
165,555.5313,1.8462,144,70,8,1158,,Bb4,,,,d,,,,gut_n141_2Bb4w,1158,,gutim,141,
165,555.5313,1.8462,144,58,8,1158,,Bb3,,,,D,,,,gut_n141_6Bb3w,1158,,gutim,141,
165,556.2525,0.0685,144,28,8,1159,,E1,,,,,,,,gut_n141_5E1t,1159,,gutim,141,
165,556.3246,0.0685,144,47,10,1160,,B2,,,,,,,,gut_n141_5B2t,1160,,gutim,141,
165,556.3967,0.0457,144,60,11,1161,,C4,,,,,,,,gut_n141_5C4t,1161,,gutim,141,
165,556.4448,0.0457,144,40,12,1162,,E2,,,,,,,,gut_n141_5E2t,1162,,gutim,141,
165,556.4928,0.0457,144,53,13,1163,,F3,,,,,,,,gut_n141_5F3t,1163,,gutim,141,
165,556.5409,0.0685,144,68,14,1164,,Ab4,,,,,,,,gut_n141_5Ab4t,1164,,gutim,141,
165,556.613,0.0685,144,41,13,1165,,F2,,,,,,,,gut_n141_5F2t,1165,,gutim,141,
165,556.8775,2.6154,144,58,10,1166,,Bb3,,,,,,,,gut_n141_5Bb3q_0,1166,,gutim,141,
165,556.9736,0.9231,144,80,11,1167,,Ab5,,,,,,,,gut_n141_1Ab5q,1167,,gutim,141,
,,,,,,,,,,,,,,,,,,166,,,
166,557.839,3.6923,144,59,14,1168,,B3,,,,d,,,,gut_n142_2B3w,1168,,gutim,142,
166,558.2717,0.1154,144,47,5,1169,,B2,,,,,,,,gut_n142_6B2s,1169,,gutim,142,
166,558.4159,0.5481,144,88,5,1170,,E6,,,,D,5957,,,gut_n142_1E6q,1170,,gutim,142,
166,558.9928,0.274,144,53,2,1171,,F3,,,,,,,,gut_n142_1F3e,1171,,gutim,142,
166,558.9928,2.8846,144,38,2,1171,,D2,,,,,,,,gut_n142_6D2h,1171,,gutim,142,
,,,,,,,,,,,,,,,,,,168,,,
168,562.5986,0.3462,144,76,2,1172,,E5,,,,,,,,gut_n144_1E5e,1172,,gutim,144,
,,,,,,,5957,,,,,,,,,,,,gutim,,
168,563.0313,0.4111,144,35,2,1173,,B1,,,,,,,,gut_n144_5B1e,1173,,gutim,144,
168,563.0313,1.1538,144,32,2,1173,,G#1,,,,,,,,gut_n144_6Gs1q_0,1173,,gutim,144,
168,563.464,0.137,144,58,4,1174,,A#3,,,,,,,,gut_n144_5As3s,1174,,gutim,144,
168,563.6082,0.137,144,42,4,1175,,F#2,,,,,,,,gut_n144_5Fs2s,1175,,gutim,144,
168,563.7525,0.6851,144,86,5,1176,,D6,,,,,,,,gut_n144_5D6e_0,1176,,gutim,144,
168,563.8967,0.6923,144,24,5,1177,,C1,,,,,,,,gut_n144_1C1q,1177,,gutim,144,
168,564.4736,0.274,144,48,4,1178,,C3,,,,,,,,gut_n144_5C3e,1178,,gutim,144,
168,564.6871,0.06,144,64,2,1179,,E4,g,,,,,,,gut_ng144_2E4e,1179,,gutim,144,
,,,,,,,,,,,,,,,,,,169,,,
169,564.7621,0.9231,144,74,4,1180,,D5,,,,,,,,gut_n145_2D5h,1180,,gutim,145,
169,564.7621,1.8462,144,55,2,1180,,G3,,,,,,,,gut_n145_5G3w,1180,,gutim,145,
169,564.7621,1.8462,144,58,2,1180,,Bb3,,,,,,,,gut_n145_5Bb3w,1180,,gutim,145,
169,565.339,1.3846,144,83,2,1181,,B5,,,,,,,,gut_n145_1B5h,1181,,gutim,145,
169,565.9159,0.4615,144,91,11,1182,,G6,,,,,,,,gut_n145_2G6q,1182,,gutim,145,
169,566.4928,0.2308,144,56,5,1183,,Ab3,,,,,,,,gut_n145_2Ab3e,1183,,gutim,145,
169,566.7813,0.2308,144,84,5,1184,,C6,,,,,,,,gut_n145_2C6e,1184,,gutim,145,
,,,,,,,,,,,,,,,,,,170,,,
170,567.0698,0.9231,144,56,11,1185,,Ab3,,,,,,,,gut_n146_2Ab3h,1185,,gutim,146,
170,567.0698,2.7692,144,36,11,1185,,C2,,,,,,,,gut_n146_5C2w,1185,,gutim,146,
170,567.0698,2.7692,144,42,11,1185,,Gb2,,,,,,,,gut_n146_5Gb2w,1185,,gutim,146,
170,567.0698,2.7692,144,51,11,1185,,Eb3,,,,,,,,gut_n146_5Eb3w,1185,,gutim,146,
170,567.0698,0.9231,144,33,11,1185,,A1,,,,,,,,gut_n146_6A1h,1185,,gutim,146,
170,568.2236,1.8462,144,73,11,1186,,C#5,,,,d,,,,gut_n146_1Cs5h,1186,,gutim,146,
170,568.2236,0.9231,144,64,11,1186,,E4,,,,d,,,,gut_n146_2E4h,1186,,gutim,146,
,,,,,,,,,,,,,,,,,,171,,,
171,569.3775,0.9231,144,74,12,1187,,D5,,,,,,,,gut_n147_2D5h,1187,,gutim,147,
171,570.5313,0.3462,144,30,17,1188,,F#1,,,,d,,,,gut_n147_2Fs1e,1188,,gutim,147,
171,570.5313,0.6923,144,32,17,1188,,Ab1,,,,d,,,,gut_n147_5Ab1q,1188,,gutim,147,
171,570.5313,0.6923,144,36,17,1188,,C2,,,,d,,,,gut_n147_5C2q,1188,,gutim,147,
171,570.5313,0.6923,144,45,17,1188,,A2,,,,d,,,,gut_n147_5A2q,1188,,gutim,147,
171,570.5313,1.3846,144,48,17,1188,,C3,,,,d,,,,gut_n147_6C3h,1188,,gutim,147,
171,570.964,0.3462,144,31,11,1189,,G1,,,,D,5958,,,gut_n147_2G1s,1189,,gutim,147,
171,571.3967,0.6923,144,106,5,1190,,Bb7,,,,,,,,gut_n147_2Bb7q,1190,,gutim,147,
171,571.3967,0.6923,144,56,17,1190,,Ab3,,,,,,,,gut_n147_5Ab3q,1190,,gutim,147,
,,,,,,,,,,,,,,,,,,172,,,
172,572.2621,0.1154,144,74,5,1191,,D5,,,,,,,,gut_n148_1D5s,1191,,gutim,148,
172,572.2621,2.3077,144,70,5,1191,,Bb4,,,,,,,,gut_n148_2Bb4q,1191,,gutim,148,
172,572.2621,0.9231,144,62,11,1191,,D4,,,,,,,,gut_n148_5D4h,1191,,gutim,148,
172,572.2621,0.4111,144,55,2,1191,,G3,,,,,,,,gut_n148_6G3e,1191,,gutim,148,
172,572.6948,0.4111,144,61,11,1192,,C#4,,,,,,,,gut_n148_6Cs4s,1192,,gutim,148,
172,573.1275,0.1302,144,32,8,1193,,G#1,,,,,,,,gut_n148_6Gs1e,1193,,gutim,148,
,,,,,,,5958,,,,,,,,,,,,gutim,,
172,573.6082,1.2308,144,32,24,1194,,G#1,,,,,,,,gut_n148_6Gs1q,1194,,gutim,148,
,,,,,,,,,,,,,,,,,,173,,,
173,575.1467,0.4615,144,76,17,1195,,E5,,,,,,,,gut_n149_1E5q,1195,,gutim,149,
173,575.2467,0.06,144,76,8,1196,,E5,g,,,,,,,gut_ng149_1E5e,1196,,gutim,149,
173,575.3217,0.06,144,36,7,1197,,C2,g,,,,,,,gut_ng149_1C2e,1197,,gutim,149,
173,575.3967,0.06,144,105,6,1198,,A7,g,,,,,,,gut_ng149_1A7e_0,1198,,gutim,149,
173,575.4717,0.06,144,28,5,1199,,E1,g,,,,,,,gut_ng149_1E1e,1199,,gutim,149,
173,575.5467,0.06,144,73,11,1200,,C#5,g,,,,,,,gut_ng149_1Cs5e,1200,,gutim,149,
173,575.7236,1.3846,144,95,14,1201,,B6,,,,,,,,gut_n149_1B6h,1201,,gutim,149,
173,576.7332,0.8846,144,45,5,1202,,A2,,,,,,,,gut_n149_6A2s,1202,,gutim,149,
173,577.2294,0.06,144,74,16,1203,,D5,g,e,,,,,,gut_ng149_1D5e,1203,,gutim,149,
173,577.3044,0.06,144,105,18,1204,,A7,g,e,,,,,,gut_ng149_1A7e_1,1204,,gutim,149,
173,577.3794,0.06,144,24,19,1205,,C1,g,e,,,,,,gut_ng149_1C1e,1205,,gutim,149,
173,577.4544,3.6923,144,64,20,1206,,E4,,E,,,,,,gut_n149_1E4q,1206,,gutim,149,
173,577.6467,0.3077,144,54,14,1207,,Gb3,,,,,,,,gut_n149_5Gb3q,1207,,gutim,149,
173,577.839,1.2308,144,53,14,1208,,F3,,,,,,,,gut_n149_6F3e,1208,,gutim,149,
,,,,,,,,,,,,,,,,,,174,,,
174,578.0313,0.3077,144,39,17,1209,,Eb2,,,,,,,,gut_n150_5Eb2q,1209,,gutim,150,
174,578.4159,0.3077,144,82,20,1210,,Bb5,,,,,,,,gut_n150_5Bb5q,1210,,gutim,150,
174,579.3775,0.3077,144,30,8,1211,,Gb1,,,,,,,,gut_n150_6Gb1q,1211,,gutim,150,
174,579.9544,0.3077,144,66,14,1212,,F#4,,,,,,,,gut_n150_2Fs4q,1212,,gutim,150,
174,580.339,0.06,144,106,20,1213,,Bb7,g,e,,,,,,gut_ng150_2Bb7e,1213,,gutim,150,
174,580.339,0.2885,144,44,20,1213,,Ab2,,,,,,,,gut_n150_5Ab2q,1213,,gutim,150,
174,580.414,0.06,144,78,20,1214,,F#5,g,e,,,,,,gut_ng150_2Fs5e,1214,,gutim,150,
174,580.489,0.06,144,86,21,1215,,D6,g,e,,,,,,gut_ng150_2D6e,1215,,gutim,150,
174,580.564,0.06,144,63,21,1216,,D#4,g,e,,,,,,gut_ng150_2Ds4e,1216,,gutim,150,
174,580.639,0.06,144,94,22,1217,,Bb6,g,e,,,,,,gut_ng150_2Bb6e,1217,,gutim,150,
174,580.6909,0.06,144,73,17,1218,,C#5,g,,,,,,,gut_ng150_5Cs5e,1218,,gutim,150,
174,580.714,0.06,144,56,22,1219,,Ab3,g,e,,,,,,gut_ng150_2Ab3e,1219,,gutim,150,
174,580.7659,0.06,144,57,17,1220,,A3,g,,,,,,,gut_ng150_5A3e,1220,,gutim,150,
174,580.8409,0.06,144,54,17,1221,,F#3,g,,,,,,,gut_ng150_5Fs3e,1221,,gutim,150,
,,,,,,,,,,,,,,,,,,175,,,
175,580.9159,1.8462,144,74,20,1222,,D5,,E,5959,,,,,gut_n151_2D5w,1222,,gutim,151,
175,582.0698,2.4231,144,72,20,1223,,C5,,,,d,,,,gut_n151_1C5q,1223,,gutim,151,
175,582.0698,0.4615,144,24,20,1223,,C1,,,,,,,,gut_n151_6C1q,1223,,gutim,151,
175,582.6467,1.9615,144,74,22,1224,,D5,,,,,,,,gut_n151_1D5h,1224,,gutim,151,
175,582.6467,0.5481,144,38,8,1224,,D2,,,,d,,,,gut_n151_6D2q,1224,,gutim,151,
175,583.1486,0.0712,144,30,8,1225,,F#1,g,,,d,,,,gut_ng151_6Fs1e,1225,,gutim,151,
175,583.1486,0.0712,144,36,8,1225,,C2,g,,,d,,,,gut_ng151_6C2e,1225,,gutim,151,
175,583.2236,0.9231,144,66,20,1226,,F#4,,,,d,,,,gut_n151_2Fs4h,1226,,gutim,151,
175,583.2236,0.0712,144,53,14,1226,,F3,g,,,d,,,,gut_ng151_6F3e,1226,,gutim,151,
175,583.2986,0.0712,144,46,14,1227,,Bb2,g,,,d,,,,gut_ng151_6Bb2e,1227,,gutim,151,
,,,,,,,,,,,,,,,,,,176,,,
176,584.3775,0.4615,144,51,22,1228,,Eb3,,,,d,,,,gut_n152_5Eb3q,1228,,gutim,152,
176,584.8044,0.06,144,83,20,1229,,B5,g,,,,,,,gut_ng152_5B5e,1229,,gutim,152,
176,584.8794,0.06,144,42,20,1230,,F#2,g,,,d,,,,gut_ng152_5Fs2e,1230,,gutim,152,
176,584.9544,0.1154,144,44,22,1231,,Ab2,,,,d,,,,gut_n152_2Ab2s,1231,,gutim,152,
176,584.9544,2.375,144,57,14,1231,,A3,,,,d,,,,gut_n152_5A3w,1231,,gutim,152,
176,585.0986,0.0385,144,106,18,1232,,Bb7,,,,,,,,gut_n152_2Bb7t,1232,,gutim,152,
176,585.1467,0.0385,144,98,17,1233,,D7,,,,,,,,gut_n152_2D7t,1233,,gutim,152,
176,585.1948,0.0385,144,56,15,1234,,Ab3,,,,,,,,gut_n152_2Ab3t,1234,,gutim,152,
176,585.2428,1.9183,144,63,14,1235,,Eb4,,,,D,5959,,,gut_n152_2Eb4e,1235,,gutim,152,
176,586.3005,0.3654,144,94,8,1236,,Bb6,,,,,,,,gut_n152_1Bb6q,1236,,gutim,152,
176,586.3005,0.3654,144,97,8,1236,,Db7,,,,,,,,gut_n152_1Db7q,1236,,gutim,152,
176,586.8775,0.3654,144,66,8,1237,,Gb4,,,,,,,,gut_n152_1Gb4q,1237,,gutim,152,
176,587.2621,0.5481,144,56,20,1238,,Ab3,,,,,,,,gut_n152_1Ab3q,1238,,gutim,152,
176,587.4544,0.1827,144,65,5,1239,,F4,,,,,,,,gut_n152_5F4e,1239,,gutim,152,
,,,,,,,5959,,,,,,,,,,,,gutim,,
,,,,,,,,,,,,,,,,,,177,,,
177,587.839,0.4615,144,73,11,1240,,Db5,,,,d,,,,gut_n153_2Db5q,1240,,gutim,153,
177,587.839,0.2308,144,36,22,1240,,C2,,,,d,,,,gut_n153_5C2e,1240,,gutim,153,
177,587.839,4.6154,144,27,22,1240,,Eb1,,,,d,,,,gut_n153_6Eb1w,1240,,gutim,153,
177,588.1275,0.2308,144,69,22,1241,,A4,,,,d,,,,gut_n153_5A4e,1241,,gutim,153,
177,588.2236,3.1538,144,72,5,1242,,C5,,,,d,,,,gut_n153_1C5e,1242,,gutim,153,
177,588.4159,0.4615,144,88,20,1243,,E6,,,,d,,,,gut_n153_2E6q,1243,,gutim,153,
177,588.4159,0.4615,144,98,11,1243,,D7,,,,d,,,,gut_n153_2D7q,1243,,gutim,153,
177,588.9928,1.8462,144,60,11,1244,,C4,,,,d,,,,gut_n153_2C4w,1244,,gutim,153,
,,,,,,,,,,,,,,,,,,178,,,
178,591.3005,0.1442,144,31,11,1245,,G1,,,,D,,,,gut_n154_5G1e,1245,,gutim,154,
178,591.3005,1.8462,144,24,20,1245,,C1,,,,d,,,,gut_n154_6C1w,1245,,gutim,154,
178,591.589,0.4615,144,48,10,1246,,C3,,,,,,,,gut_n154_5C3e_0,1246,,gutim,154,
178,592.0909,0.06,144,76,2,1247,,E5,g,,,,,,,gut_ng154_1E5e,1247,,gutim,154,
178,592.1659,0.1154,144,64,8,1248,,E4,,,,d,,,,gut_n154_1E4s,1248,,gutim,154,
178,592.1659,0.1154,144,51,17,1248,,Eb3,,,,d,,,,gut_n154_2Eb3s,1248,,gutim,154,
178,592.1659,0.1154,144,56,17,1248,,Ab3,,,,d,,,,gut_n154_2Ab3s,1248,,gutim,154,
178,592.1659,0.1154,144,32,8,1248,,Ab1,,,,d,,,,gut_n154_5Ab1s,1248,,gutim,154,
178,592.3102,0.1154,144,105,17,1249,,A7,,,,d,,,,gut_n154_2A7s,1249,,gutim,154,
178,592.3794,0.06,144,105,13,1250,,A7,g,,,,,,,gut_ng154_1A7e,1250,,gutim,154,
178,592.4544,0.9231,144,64,11,1251,,E4,,,,d,,,,gut_n154_1E4h,1251,,gutim,154,
178,592.4544,0.2308,144,48,8,1251,,C3,,,,d,,,,gut_n154_5C3e_2,1251,,gutim,154,
178,592.4544,0.2308,144,54,8,1251,,F#3,,,,d,,,,gut_n154_5Fs3e,1251,,gutim,154,
178,593.6082,0.9231,144,51,22,1252,,D#3,,,,d,,,,gut_n154_1Ds3h,1252,,gutim,154,
178,593.6082,0.1442,144,44,8,1252,,G#2,,,,d,,,,gut_n154_5Gs2e,1252,,gutim,154,
178,593.6082,0.2308,144,46,8,1252,,A#2,,,,d,,,,gut_n154_5As2e,1252,,gutim,154,
178,593.6082,2.3077,144,30,22,1252,,F#1,,,,d,,,,gut_n154_6Fs1h,1252,,gutim,154,
178,593.8967,0.1442,144,61,8,1253,,C#4,,,,d,,,,gut_n154_5Cs4e,1253,,gutim,154,
178,594.1852,0.2308,144,83,5,1254,,B5,,,,d,,,,gut_n154_2B5e,1254,,gutim,154,
178,594.1852,0.2885,144,40,20,1254,,E2,,,,,,,,gut_n154_5E2q,1254,,gutim,154,
178,594.4736,0.1154,144,96,11,1255,,C7,,,,d,,,,gut_n154_2C7s,1255,,gutim,154,
178,594.4736,0.1154,144,98,5,1255,,D7,,,,d,,,,gut_n154_2D7s,1255,,gutim,154,
178,594.6178,0.1154,144,74,11,1256,,D5,,,,d,,,,gut_n154_2D5s,1256,,gutim,154,
,,,,,,,,,,,,,,,,,,179,,,
179,594.7621,2.7692,144,64,11,1257,,E4,,,,d,,,,gut_n155_1E4w,1257,,gutim,155,
179,594.7621,2.7692,144,44,22,1257,,G#2,,,,D,,,,gut_n155_5Gs2w,1257,,gutim,155,
179,596.4928,4.6154,144,59,14,1258,,B3,,,,,,,,gut_n155_6B3h,1258,,gutim,155,
,,,,,,,,,,,,,,,,,,180,,,
180,599.089,0.2308,144,70,20,1259,,Bb4,,,,,,,,gut_n156_1Bb4e,1259,,gutim,156,
180,599.3775,0.2308,144,100,21,1260,,E7,,,,,,,,gut_n156_1E7e,1260,,gutim,156,
180,599.6659,0.2308,144,69,20,1261,,A4,,,,,,,,gut_n156_1A4e,1261,,gutim,156,
180,599.9544,0.4615,144,42,20,1262,,F#2,,,,,,,,gut_n156_1Fs2q,1262,,gutim,156,
180,600.0701,0.0578,144,36,18,1263,,C2,,,,,,,,gut_n156_5C2s,1263,,gutim,156,
180,600.1858,0.0578,144,44,16,1264,,G#2,,,,,,,,gut_n156_5Gs2s,1264,,gutim,156,
180,600.3014,0.0578,144,57,14,1265,,A3,,,,,,,,gut_n156_5A3s,1265,,gutim,156,
180,601.0332,0.06,144,58,2,1266,,A#3,g,,,,,,,gut_ng156_5As3e,1266,,gutim,156,
180,601.1082,0.8077,144,76,22,1267,,E5,,,,,,,,gut_n156_2E5q,1267,,gutim,156,
180,601.1082,0.4615,144,81,17,1267,,A5,,,,,,,,gut_n156_2A5q,1267,,gutim,156,
180,601.1082,0.137,144,45,14,1267,,A2,,,,,,,,gut_n156_5A2e,1267,,gutim,156,
180,601.1082,0.2308,144,48,14,1267,,C3,,,,,,,,gut_n156_5C3e,1267,,gutim,156,
180,601.3967,0.2308,144,25,15,1268,,Db1,,,,,,,,gut_n156_5Db1e,1268,,gutim,156,
180,601.3967,0.2308,144,53,15,1268,,F3,,,,,,,,gut_n156_5F3e,1268,,gutim,156,
,,,,,,,,,,,,,,,,,,181,,,
181,601.6852,0.4615,144,67,8,1269,,G4,,,,,,,,gut_n157_1G4e_0,1269,,gutim,157,
181,601.6852,0.2308,144,74,8,1269,,D5,,,,,,,,gut_n157_1D5e,1269,,gutim,157,
181,601.6852,3.2308,144,51,11,1269,,Eb3,,,,,,,,gut_n157_5Eb3w,1269,,gutim,157,
181,601.9736,0.2308,144,68,7,1270,,Ab4,,,,,,,,gut_n157_1Ab4e,1270,,gutim,157,
181,602.1178,2.8846,144,35,22,1271,,B1,,,,,,,,gut_n157_2B1s,1271,,gutim,157,
181,602.2621,3.0769,144,55,20,1272,,G3,,,,d,,,,gut_n157_6G3q_0,1272,,gutim,157,
181,602.5505,0.2308,144,61,11,1273,,Db4,,,,d,,,,gut_n157_1Db4e,1273,,gutim,157,
181,602.764,0.06,144,80,11,1274,,Ab5,g,,,d,,,,gut_ng157_1Ab5e,1274,,gutim,157,
181,602.839,0.2308,144,33,11,1275,,A1,,,,d,,,,gut_n157_1A1e,1275,,gutim,157,
181,602.839,0.4615,144,57,8,1275,,A3,,,,d,,,,gut_n157_6A3q,1275,,gutim,157,
181,603.1275,0.2308,144,41,11,1276,,F2,,,,d,,,,gut_n157_1F2e,1276,,gutim,157,
181,603.4159,1.8462,144,61,14,1277,,Db4,,,,d,,,,gut_n157_1Db4h,1277,,gutim,157,
181,603.9928,1.3846,144,24,17,1278,,C1,,,,D,,,,gut_n157_5C1q_0,1278,,gutim,157,
181,603.9928,0.4615,144,32,17,1278,,Ab1,,,,D,,,,gut_n157_5Ab1q,1278,,gutim,157,
,,,,,,,,,,,,,,,,,,182,,,
182,605.7236,0.3077,144,73,14,1279,,Db5,,,,,,,,gut_n158_1Db5q,1279,,gutim,158,
182,605.7236,0.3077,144,86,14,1279,,D6,,,,,,,,gut_n158_1D6q,1279,,gutim,158,
182,605.7236,0.3077,144,56,20,1279,,Ab3,,,,,,,,gut_n158_6Ab3q,1279,,gutim,158,
182,606.1082,0.3077,144,42,20,1280,,F#2,,,,,,,,gut_n158_6Fs2q,1280,,gutim,158,
182,606.1082,0.3077,144,45,20,1280,,A2,,,,,,,,gut_n158_6A2q,1280,,gutim,158,
182,606.1082,0.3077,144,53,20,1280,,F3,,,,,,,,gut_n158_6F3q,1280,,gutim,158,
182,606.1082,0.3077,144,58,20,1280,,Bb3,,,,,,,,gut_n158_6Bb3q,1280,,gutim,158,
182,606.4928,0.1538,144,68,14,1281,,Ab4,,,,,,,,gut_n158_1Ab4e,1281,,gutim,158,
182,606.4928,0.3077,144,40,19,1281,,E2,,,,,,,,gut_n158_6E2q,1281,,gutim,158,
182,606.4928,0.3077,144,46,19,1281,,Bb2,,,,,,,,gut_n158_6Bb2q,1281,,gutim,158,
182,606.4928,0.3077,144,52,19,1281,,E3,,,,,,,,gut_n158_6E3q,1281,,gutim,158,
182,606.6852,0.1538,144,41,15,1282,,F2,,,,,,,,gut_n158_1F2e,1282,,gutim,158,
182,606.8775,0.4615,144,95,17,1283,,B6,,,,,,,,gut_n158_1B6q,1283,,gutim,158,
182,606.8775,0.3462,144,62,17,1283,,D4,,,,,,,,gut_n158_2D4e,1283,,gutim,158,
182,606.8775,0.3462,144,88,17,1283,,E6,,,,,,,,gut_n158_2E6e,1283,,gutim,158,
182,606.8775,0.3462,144,54,19,1283,,Gb3,,,,,,,,gut_n158_6Gb3e,1283,,gutim,158,
182,607.3102,0.3462,144,46,22,1284,,Bb2,,,,,,,,gut_n158_6Bb2s,1284,,gutim,158,
182,607.3102,0.3462,144,49,22,1284,,Db3,,,,,,,,gut_n158_6Db3s,1284,,gutim,158,
,,,,,,,5960,,,,,,,,,,,,gutim,,
182,607.7428,39.4615,144,21,23,1285,,A0,,,,,,,,gut_n158_6A0e,1285,,gutim,158,
,,,,,,,,,,,,,,,,,,183,,,
183,608.0313,1.1538,144,59,11,1286,,B3,,,,,,,,gut_n159_5B3h,1286,,gutim,159,
183,609.4736,0.6923,144,45,17,1287,,A2,,,,,,,,gut_n159_5A2e,1287,,gutim,159,
183,609.4736,0.6923,144,55,8,1287,,G3,,,,,,,,gut_n159_5G3e,1287,,gutim,159,
,,,,,,,,,,,,,,,,,,184,,,
184,610.339,0.1154,144,56,11,1288,,G#3,,e,,,,t,,gut_n160_1Gs3s,1288,,gutim,160,
184,610.339,1.8462,144,93,17,1288,,A6,,,,,,,,gut_n160_2A6w,1288,,gutim,160,
184,610.4832,0.1154,144,33,13,1289,,A1,,e,,,,t,,gut_n160_1A1s_0,1289,,gutim,160,
184,610.6275,0.1154,144,62,14,1290,,D4,,e,,,,t,,gut_n160_1D4s,1290,,gutim,160,
184,610.7717,0.1154,144,72,16,1291,,C5,,e,,,,t,,gut_n160_1C5s,1291,,gutim,160,
184,610.9159,0.1154,144,52,17,1292,,E3,,e,,,,t,,gut_n160_1E3s,1292,,gutim,160,
184,611.0602,0.1154,144,33,19,1293,,A1,,e,,,,t,,gut_n160_1A1s_1,1293,,gutim,160,
184,611.2044,0.1154,144,68,20,1294,,Ab4,,e,,,,t,,gut_n160_1Ab4s,1294,,gutim,160,
184,611.3486,1.5,144,84,22,1295,,C6,,E,5961,,,T,5961,gut_n160_1C6s,1295,,gutim,160,
,,,,,,,,,,,,,,,,,,185,,,
185,612.6467,0.06,144,76,24,1296,,E5,g,,,,,,,gut_ng161_1E5e,1296,,gutim,161,
185,612.7217,0.06,144,68,24,1297,,G#4,g,,,,,,,gut_ng161_1Gs4e_0,1297,,gutim,161,
185,612.7967,0.06,144,45,24,1298,,A2,g,,,,,,,gut_ng161_1A2e,1298,,gutim,161,
185,612.8717,0.06,144,86,24,1299,,D6,g,,,,,,,gut_ng161_1D6e,1299,,gutim,161,
185,612.9467,0.06,144,68,24,1300,,G#4,g,,,,,,,gut_ng161_1Gs4e_1,1300,,gutim,161,
,,,,,,,,,,,,,,,,,,186,,,
186,614.9544,2.6034,144,65,20,1301,,F4,,,,,,,,gut_n162_1F4w,1301,,gutim,162,
186,614.9544,2.1923,144,85,20,1301,,Db6,,,,,,,,gut_n162_1Db6w,1301,,gutim,162,
,,,,,,,,,,,,,,,,,,187,,,
187,617.6948,1.2332,144,58,21,1302,,Bb3,,,,,,,,gut_n163_1Bb3s,1302,,gutim,163,
187,617.839,0.8221,144,64,22,1303,,E4,,,,,,,,gut_n163_5E4q,1303,,gutim,163,
187,618.2717,0.4111,144,72,11,1304,,C5,,,,d,,,,gut_n163_2C5s,1304,,gutim,163,
187,618.7044,0.0457,144,56,17,1305,,G#3,,,,d,,,,gut_n163_5Gs3t,1305,,gutim,163,
187,618.7525,0.4111,144,33,24,1306,,A1,,,,d,,,,gut_n163_5A1t,1306,,gutim,163,
187,618.9928,2.0,144,36,22,1307,,C2,,,,d,,,,gut_n163_1C2q,1307,,gutim,163,
187,619.1852,0.0457,144,96,20,1308,,C7,,,,,,,,gut_n163_2C7t,1308,,gutim,163,
187,619.2332,0.0457,144,74,13,1309,,D5,,,,,,,,gut_n163_2D5t,1309,,gutim,163,
187,619.2813,0.274,144,64,8,1310,,E4,,,,d,,,,gut_n163_2E4e,1310,,gutim,163,
,,,,,,,,,,,,,,,,,,188,,,
188,619.5698,0.9231,144,58,20,1311,,Bb3,,,,d,,,,gut_n164_6Bb3h,1311,,gutim,164,
188,620.1467,0.5769,144,72,14,1312,,C5,,,,d,,,,gut_n164_2C5q,1312,,gutim,164,
188,620.1467,0.6851,144,41,8,1312,,F2,,,,d,,,,gut_n164_5F2q,1312,,gutim,164,
188,620.7236,0.1154,144,28,20,1313,,E1,,,,D,5961,,,gut_n164_6E1s,1313,,gutim,164,
188,620.8678,0.4111,144,49,11,1314,,Db3,,,,,,,,gut_n164_5Db3e,1314,,gutim,164,
188,621.4928,12.1538,144,70,22,1315,,Bb4,,,,,,,,gut_n164_1Bb4q,1315,,gutim,164,
188,621.589,2.0769,144,64,11,1316,,E4,,,,,,,,gut_n164_5E4e,1316,,gutim,164,
,,,,,,,,,,,,,,,,,,189,,,
189,621.8775,0.0712,144,88,11,1317,,E6,g,,,,,,,gut_ng165_1E6e,1317,,gutim,165,
189,621.9525,2.1923,144,77,11,1318,,F5,,,,,,,,gut_n165_1F5w,1318,,gutim,165,
189,622.5294,5.7692,144,38,22,1319,,D2,,,,,,,,gut_n165_6D2h,1319,,gutim,165,
,,,,,,,,,,,,,,,,,,190,,,
190,625.414,1.0,144,71,17,1320,,Cb5,,,,,,,,gut_n166_2Cb5h,1320,,gutim,166,
190,625.414,0.06,144,70,11,1320,,A#4,g,,,,,,,gut_ng166_5As4e,1320,,gutim,166,
190,625.489,0.06,144,42,11,1321,,F#2,g,,,,,,,gut_ng166_5Fs2e,1321,,gutim,166,
,,,,,,,5961,,,,,,,,,,,,gutim,,
190,626.7602,0.3077,144,21,17,1322,,A0,,,,,,,,gut_n166_5A0q,1322,,gutim,166,
190,626.7602,1.0769,144,32,11,1322,,G#1,,,,,,,,gut_n166_5Gs1q,1322,,gutim,166,
,,,,,,,,,,,,,,,,,,191,,,
191,628.1063,0.1538,144,70,17,1323,,Bb4,,,,,,,,gut_n167_2Bb4e,1323,,gutim,167,
191,628.1063,1.0769,144,31,17,1323,,G1,,,,,,,,gut_n167_5G1e,1323,,gutim,167,
191,629.3025,0.06,144,89,14,1324,,F6,g,,,,,,,gut_ng167_2F6e,1324,,gutim,167,
191,629.3775,0.06,144,60,17,1325,,C4,g,,,,,,,gut_ng167_2C4e,1325,,gutim,167,
191,629.4525,2.3077,144,82,20,1326,,Bb5,,,,,,,,gut_n167_2Bb5q,1326,,gutim,167,
191,629.4525,2.1538,144,51,20,1326,,Eb3,,,,,,,,gut_n167_5Eb3q,1326,,gutim,167,
191,629.7409,0.2308,144,30,19,1327,,F#1,,,,,,,,gut_n167_6Fs1e,1327,,gutim,167,
,,,,,,,,,,,,,,,,,,192,,,
192,630.0294,2.3077,144,68,5,1328,,Ab4,,,,,,,,gut_n168_2Ab4w,1328,,gutim,168,
192,631.4717,0.5385,144,53,20,1329,,F3,,,,,,,,gut_n168_5F3e,1329,,gutim,168,
192,632.1448,0.1538,144,71,17,1330,,B4,,,,,,,,gut_n168_5B4e,1330,,gutim,168,
192,632.5294,0.1538,144,21,20,1331,,A0,,,,,,,,gut_n168_5A0e,1331,,gutim,168,
192,632.7217,0.4615,144,88,22,1332,,E6,,,,,,,,gut_n168_5E6e,1332,,gutim,168,
192,633.2986,0.1538,144,31,17,1333,,G1,,,,,,,,gut_n168_5G1e,1333,,gutim,168,
192,633.8755,0.1827,144,76,17,1334,,E5,,,,,,,,gut_n168_2E5e,1334,,gutim,168,
192,634.0678,0.3654,144,59,14,1335,,B3,,,,,,,,gut_n168_2B3q,1335,,gutim,168,
,,,,,,,,,,,,,,,,,,193,,,
193,635.6063,0.0511,144,44,20,1336,,Ab2,,e,,d,,,,gut_n169_2Ab2t,1336,,gutim,169,
193,635.6063,0.0511,144,58,20,1336,,Bb3,,e,,d,,,,gut_n169_2Bb3t,1336,,gutim,169,
193,635.6702,0.0511,144,60,20,1337,,C4,,e,,d,,,,gut_n169_2C4t,1337,,gutim,169,
193,635.734,0.0517,144,100,20,1338,,E7,,e,,d,,,,gut_n169_2E7t,1338,,gutim,169,
193,635.7986,0.0577,144,82,20,1339,,Bb5,,E,5962,d,,,,gut_n169_2Bb5t,1339,,gutim,169,
193,636.7602,0.9135,144,86,14,1340,,D6,,,,,,,,gut_n169_1D6h,1340,,gutim,169,
193,637.7217,0.1827,144,48,8,1341,,C3,,,,,,,,gut_n169_1C3e,1341,,gutim,169,
193,637.7217,0.3654,144,46,5,1341,,Bb2,,,,,,,,gut_n169_5Bb2q,1341,,gutim,169,
193,638.1063,0.0769,144,71,20,1342,,B4,,,,,,,,gut_n169_1B4s,1342,,gutim,169,
193,638.1063,0.0769,144,82,20,1342,,A#5,,,,,,,,gut_n169_1As5s,1342,,gutim,169,
193,638.1063,0.0769,144,85,20,1342,,C#6,,,,,,,,gut_n169_1Cs6s,1342,,gutim,169,
193,638.1063,0.0913,144,64,2,1342,,E4,,,,,,,,gut_n169_5E4s,1342,,gutim,169,
193,638.2025,0.0913,144,54,8,1343,,F#3,,,,,,,,gut_n169_5Fs3s,1343,,gutim,169,
193,638.2986,0.0913,144,60,7,1344,,C4,,,,,,,,gut_n169_5C4s,1344,,gutim,169,
193,638.5332,0.0712,144,42,7,1345,,F#2,g,,,,,,,gut_ng169_5Fs2e,1345,,gutim,169,
193,638.6082,0.0712,144,55,8,1346,,G3,g,,,,,,,gut_ng169_5G3e,1346,,gutim,169,
193,638.6832,1.8269,144,64,11,1347,,E4,,,,,,,,gut_n169_2E4q,1347,,gutim,169,
193,638.6832,1.8269,144,70,11,1347,,Bb4,,,,,,,,gut_n169_2Bb4q,1347,,gutim,169,
193,638.6832,2.375,144,32,11,1347,,G#1,,,,,,,,gut_n169_5Gs1q,1347,,gutim,169,
,,,,,,,,,,,,,,,,,,194,,,
194,640.6063,0.274,144,86,5,1348,,D6,,,,,,,,gut_n170_2D6e,1348,,gutim,170,
194,640.6063,0.0457,144,35,8,1348,,B1,,,,,,,,gut_n170_5B1t,1348,,gutim,170,
194,640.6544,0.0457,144,30,8,1349,,F#1,,,,,,,,gut_n170_5Fs1t,1349,,gutim,170,
194,640.8948,0.4567,144,67,2,1350,,G4,,,,,,,,gut_n170_2G4s,1350,,gutim,170,
194,641.1832,0.3077,144,48,17,1351,,C3,,,,,,,,gut_n170_5C3q,1351,,gutim,170,
194,641.3755,0.9135,144,54,11,1352,,F#3,,,,,,,,gut_n170_2Fs3e_0,1352,,gutim,170,
194,641.7602,0.5481,144,89,22,1353,,F6,,,,,,,,gut_n170_1F6q,1353,,gutim,170,
194,642.3371,0.3654,144,83,19,1354,,B5,,,,,,,,gut_n170_1B5q,1354,,gutim,170,
194,642.5294,0.1538,144,60,17,1355,,C4,,,,,,,,gut_n170_2C4e,1355,,gutim,170,
194,643.1486,0.06,144,55,8,1356,,G3,g,,,d,,,,gut_ng170_5G3e,1356,,gutim,170,
194,643.2236,0.06,144,48,8,1357,,C3,g,,,d,,,,gut_ng170_5C3e,1357,,gutim,170,
194,643.2986,1.2308,144,77,17,1358,,F5,,,,d,,,,gut_n170_1F5q,1358,,gutim,170,
194,643.2986,0.9231,144,58,8,1358,,Bb3,,,,d,,,,gut_n170_5Bb3q,1358,,gutim,170,
,,,,,,,,,,,,,,,,,,195,,,
195,644.7409,0.0769,144,79,14,1359,,G5,,,,d,,,,gut_n171_2G5s,1359,,gutim,171,
195,644.7409,0.0769,144,81,20,1359,,A5,,,,d,,,,gut_n171_2A5s,1359,,gutim,171,
195,644.8371,0.0769,144,68,20,1360,,G#4,,,,d,,,,gut_n171_2Gs4s,1360,,gutim,171,
195,644.8371,0.0769,144,71,20,1360,,B4,,,,d,,,,gut_n171_2B4s,1360,,gutim,171,
195,644.8371,0.0769,144,52,20,1360,,E3,,,,,,,,gut_n171_5E3s,1360,,gutim,171,
195,644.8371,0.0769,144,60,8,1360,,C4,,,,,,,,gut_n171_5C4s,1360,,gutim,171,
195,644.9332,0.0769,144,88,8,1361,,E6,,,,d,,,,gut_n171_2E6s,1361,,gutim,171,
195,644.9332,2.8462,144,37,8,1361,,C#2,,,,,,,,gut_n171_5Cs2s,1361,,gutim,171,
195,647.3371,0.9231,144,105,20,1362,,A7,,,,D,5962,,,gut_n171_1A7h,1362,,gutim,171,
195,647.3371,4.6154,144,44,5,1362,,G#2,,,,,,,,gut_n171_5Gs2h,1362,,gutim,171,
,,,,,,,,,,,,,,,,,,196,,,
196,650.2217,2.3077,144,97,11,1363,,C#7,,,,,,,,gut_n172_1Cs7q,1363,,gutim,172,
,,,,,,,,,,,,,,,,,,197,,,
197,653.1063,0.2308,144,40,2,1364,,E2,,,,,,,,gut_n173_5E2e,1364,,gutim,173,
197,653.1063,0.2308,144,60,2,1364,,C4,,,,,,,,gut_n173_5C4e,1364,,gutim,173,
197,653.2448,0.06,144,65,11,1365,,F4,g,,,,,,,gut_ng173_1F4e,1365,,gutim,173,
197,653.3198,0.06,144,50,11,1366,,D3,g,,,,,,,gut_ng173_1D3e,1366,,gutim,173,
,,,,,,,5962,,,,,,,,,,,,gutim,,
197,653.3948,2.6034,144,73,14,1367,,C#5,,,,,,,,gut_n173_1Cs5e,1367,,gutim,173,
197,656.1352,0.3462,144,30,5,1368,,F#1,,,,,,,,gut_n173_1Fs1e,1368,,gutim,173,
197,656.4178,0.06,144,79,11,1369,,G5,g,,,,,,,gut_ng173_1G5e,1369,,gutim,173,
197,656.4928,0.06,144,60,14,1370,,C4,g,,,,,,,gut_ng173_1C4e,1370,,gutim,173,
197,656.4928,0.06,144,93,14,1370,,A6,g,,,,,,,gut_ng173_1A6e,1370,,gutim,173,
197,656.5678,0.4615,144,52,17,1371,,E3,,,,d,,,,gut_n173_5E3q,1371,,gutim,173,
197,656.5678,1.9038,144,46,17,1371,,Bb2,,,,,,,,gut_n173_6Bb2q_0,1371,,gutim,173,
197,656.9948,0.06,144,67,11,1372,,G4,g,,,d,,,,gut_ng173_5G4e,1372,,gutim,173,
197,657.0698,0.06,144,49,11,1373,,Db3,g,,,d,,,,gut_ng173_5Db3e,1373,,gutim,173,
197,657.1448,0.3425,144,29,5,1374,,F1,,,,d,,,,gut_n173_1F1s_0,1374,,gutim,173,
197,657.1448,0.0721,144,26,5,1374,,D1,,,,d,,,,gut_n173_2D1s,1374,,gutim,173,
197,657.1448,0.0577,144,32,14,1374,,Ab1,,,,d,,,,gut_n173_5Ab1t,1374,,gutim,173,
197,657.2169,0.0577,144,56,11,1375,,Ab3,,,,d,,,,gut_n173_5Ab3t,1375,,gutim,173,
197,657.289,0.0721,144,25,11,1376,,Db1,,,,d,,,,gut_n173_2Db1s,1376,,gutim,173,
197,657.289,0.5481,144,41,11,1376,,F2,,,,D,5963,,,gut_n173_5F2e,1376,,gutim,173,
197,657.5053,0.3425,144,54,8,1377,,Gb3,,,,,,,,gut_n173_1Gb3s,1377,,gutim,173,
,,,,,,,,,,,,,,,,,,198,,,
198,657.8659,0.274,144,95,14,1378,,B6,,e,,,,,,gut_n174_1B6e,1378,,gutim,174,
198,657.8659,0.4111,144,49,14,1378,,Db3,,,,,,,,gut_n174_5Db3e,1378,,gutim,174,
198,658.2265,0.3425,144,62,11,1379,,D4,,e,,,,,,gut_n174_1D4t,1379,,gutim,174,
198,658.2986,0.4615,144,69,17,1380,,A4,,,,,,,,gut_n174_5A4q,1380,,gutim,174,
198,658.5871,0.3425,144,70,8,1381,,Bb4,,e,,,,,,gut_n174_1Bb4e,1381,,gutim,174,
198,658.8755,0.2308,144,38,8,1382,,D2,,,,,,,,gut_n174_2D2e,1382,,gutim,174,
198,658.8755,0.0577,144,52,8,1382,,E3,,,,,,,,gut_n174_6E3t,1382,,gutim,174,
198,658.9477,0.1731,144,71,8,1383,,B4,,e,,,,,,gut_n174_6B4s,1383,,gutim,174,
198,659.0919,0.0685,144,21,8,1384,,A0,,,,,,,,gut_n174_5A0t,1384,,gutim,174,
198,659.164,0.137,144,31,8,1385,,G1,,,,,,,,gut_n174_5G1s,1385,,gutim,174,
198,659.3082,0.137,144,34,8,1386,,Bb1,,,,,,,,gut_n174_5Bb1s,1386,,gutim,174,
198,659.3082,0.1154,144,88,8,1386,,E6,,E,5963,,,,,gut_n174_6E6s,1386,,gutim,174,
,,,,,,,5963,,,,,,,,,,,,gutim,,
198,659.4525,12.9231,144,41,14,1387,,F2,,,,,,,,gut_n174_5F2q,1387,,gutim,174,
198,659.4525,0.1154,144,87,8,1387,,Eb6,,,,,,,,gut_n174_6Eb6s,1387,,gutim,174,
,,,,,,,,,,,,,,,,,,200,,,
200,669.9544,0.0712,144,29,11,1388,,F1,g,,,d,,,,gut_ng176_6F1e,1388,,gutim,176,
200,670.0294,5.8462,144,82,11,1389,,A#5,,,,d,,,,gut_n176_1As5w,1389,,gutim,176,
200,670.0294,0.7308,144,28,5,1389,,E1,,,,d,,,,gut_n176_6E1h,1389,,gutim,176,
,,,,,,,,,,,,,,,,,,201,,,
201,675.3178,0.2308,144,97,5,1390,,C#7,,,,d,,,,gut_n177_2Cs7e,1390,,gutim,177,
201,675.3178,1.8462,144,41,24,1390,,F2,,,,d,,,,gut_n177_6F2q,1390,,gutim,177,
201,675.4621,0.1154,144,54,11,1391,,F#3,,,,d,,,,gut_n177_5Fs3s,1391,,gutim,177,
201,675.6063,0.1154,144,62,10,1392,,D4,,,,d,,,,gut_n177_2D4s,1392,,gutim,177,
201,676.039,2.3077,144,83,14,1393,,B5,,,,d,,,,gut_n177_2B5s,1393,,gutim,177,
,,,,,,,,,,,,,,,,,,202,,,
202,677.0486,0.2308,144,45,5,1394,,A2,,,,D,,,,gut_n178_5A2e,1394,,gutim,178,
202,677.3371,0.274,144,86,14,1395,,D6,,,,,,,,gut_n178_1D6e_0,1395,,gutim,178,
202,677.6255,0.274,144,80,14,1396,,G#5,,,,,,,,gut_n178_1Gs5e,1396,,gutim,178,
202,677.6255,51.9231,144,42,8,1396,,Gb2,,,,,,,,gut_n178_5Gb2e_0,1396,,gutim,178,
202,677.6255,0.2308,144,52,8,1396,,E3,,,,,,,,gut_n178_5E3e,1396,,gutim,178,
202,677.6255,2.5385,144,41,24,1396,,F2,,,,,,,,gut_n178_6F2q,1396,,gutim,178,
202,678.8486,0.06,144,86,17,1397,,D6,g,,,,,,,gut_ng178_2D6e,1397,,gutim,178,
202,678.9236,0.2308,144,45,17,1398,,A2,,,,,,,,gut_n178_2A2s_0,1398,,gutim,178,
202,678.9236,0.4615,144,50,17,1398,,D3,,,,,,,,gut_n178_2D3s_0,1398,,gutim,178,
202,679.2121,0.2308,144,53,18,1399,,F3,,,,,,,,gut_n178_2F3e,1399,,gutim,178,
202,679.4198,0.06,144,73,20,1400,,C#5,g,,,d,,,,gut_ng178_5Cs5e,1400,,gutim,178,
202,679.4948,0.06,144,57,20,1401,,A3,g,,,d,,,,gut_ng178_5A3e,1401,,gutim,178,
202,679.5698,0.06,144,80,20,1402,,G#5,g,,,d,,,,gut_ng178_5Gs5e,1402,,gutim,178,
202,679.6448,0.5769,144,61,22,1403,,Db4,,,,d,,,,gut_n178_5Db4q,1403,,gutim,178,
202,680.2217,0.1154,144,70,8,1404,,Bb4,,,,d,,,,gut_n178_1Bb4s,1404,,gutim,178,
202,680.2217,3.4615,144,79,14,1404,,G5,,,,d,,,,gut_n178_2G5q,1404,,gutim,178,
202,680.3659,3.3462,144,86,24,1405,,D6,,,,D,5964,,,gut_n178_1D6e_1,1405,,gutim,178,
,,,,,,,,,,,,,,,,,,203,,,
203,681.8082,0.1154,144,42,20,1406,,F#2,,,,,,,,gut_n179_6Fs2s,1406,,gutim,179,
203,684.2602,0.2308,144,93,24,1407,,A6,,,,,,,,gut_n179_1A6e,1407,,gutim,179,
203,684.2602,0.2308,144,41,22,1407,,F2,,,,,,,,gut_n179_6F2e,1407,,gutim,179,
203,684.2602,0.2308,144,49,22,1407,,C#3,,,,,,,,gut_n179_6Cs3e,1407,,gutim,179,
203,684.5486,0.8077,144,85,22,1408,,C#6,,,,,,,,gut_n179_1Cs6e,1408,,gutim,179,
203,684.5486,0.4615,144,62,22,1408,,D4,,,,,,,,gut_n179_6D4q,1408,,gutim,179,
203,684.5486,0.4615,144,64,22,1408,,E4,,,,,,,,gut_n179_6E4q,1408,,gutim,179,
203,684.5486,0.4615,144,68,22,1408,,G#4,,,,,,,,gut_n179_6Gs4q,1408,,gutim,179,
,,,,,,,,,,,,,,,,,,204,,,
204,685.5582,0.0721,144,70,22,1409,,Bb4,,,,,,,,gut_n180_1Bb4s,1409,,gutim,180,
204,685.7025,0.0721,144,77,22,1410,,F5,,,,,,,,gut_n180_1F5s,1410,,gutim,180,
,,,,,,,5964,,,,,,,,,,,,gutim,,
204,685.9909,2.8846,144,58,22,1411,,Bb3,,,,,,,,gut_n180_6Bb3w,1411,,gutim,180,
204,689.5967,0.3462,144,28,24,1412,,E1,,,,,,,,gut_n180_6E1e,1412,,gutim,180,
,,,,,,,,,,,,,,,,,,205,,,
205,690.0294,1.3846,144,105,24,1413,,A7,,,,,,,,gut_n181_2A7h,1413,,gutim,181,
205,691.7602,0.9231,144,97,11,1414,,C#7,,,,,,,,gut_n181_2Cs7h,1414,,gutim,181,
205,692.0486,0.4615,144,72,11,1415,,C5,,,,,,,,gut_n181_1C5e_0,1415,,gutim,181,
205,692.6255,0.4615,144,37,11,1416,,C#2,,,,,,,,gut_n181_1Cs2e_0,1416,,gutim,181,
205,692.914,0.2308,144,77,5,1417,,F5,,,,,,,,gut_n181_2F5e,1417,,gutim,181,
205,693.4909,0.4615,144,95,20,1418,,B6,,,,,,,,gut_n181_1B6q,1418,,gutim,181,
205,693.4909,0.7308,144,79,14,1418,,G5,,,,,,,,gut_n181_2G5q,1418,,gutim,181,
205,694.0678,0.4615,144,62,22,1419,,D4,,,,,,,,gut_n181_1D4q,1419,,gutim,181,
205,694.2602,0.0769,144,52,17,1420,,E3,,,,,,,,gut_n181_2E3s,1420,,gutim,181,
205,694.3563,0.0769,144,32,14,1421,,G#1,,,,,,,,gut_n181_2Gs1s,1421,,gutim,181,
205,694.4525,0.0769,144,25,12,1422,,C#1,,,,,,,,gut_n181_2Cs1s,1422,,gutim,181,
,,,,,,,,,,,,,,,,,,206,,,
206,694.6448,0.0577,144,29,24,1423,,F1,,,,,,,,gut_n182_6F1t,1423,,gutim,182,
206,694.7169,0.3837,144,54,24,1424,,Gb3,,,,,,,,gut_n182_1Gb3e,1424,,gutim,182,
206,694.7169,0.0577,144,60,20,1424,,C4,,,,,,,,gut_n182_6C4t,1424,,gutim,182,
206,694.789,0.1731,144,52,20,1425,,E3,,,,,,,,gut_n182_6E3t_0,1425,,gutim,182,
206,694.8611,0.0577,144,37,20,1426,,C#2,,,,,,,,gut_n182_6Cs2t,1426,,gutim,182,
206,695.0053,0.1731,144,33,11,1427,,A1,,,,,,,,gut_n182_6A1s,1427,,gutim,182,
206,695.2217,0.5481,144,82,20,1428,,Bb5,,,,,,,,gut_n182_1Bb5q,1428,,gutim,182,
206,695.6486,0.0712,144,79,17,1429,,G5,g,e,,d,,,,gut_ng182_1G5e,1429,,gutim,182,
206,695.7236,0.0712,144,41,17,1430,,F2,g,e,,d,,,,gut_ng182_1F2e,1430,,gutim,182,
206,695.7236,0.0712,144,49,17,1430,,Db3,g,e,,d,,,,gut_ng182_1Db3e,1430,,gutim,182,
206,695.7986,9.6827,144,64,22,1431,,E4,,,,,,,,gut_n182_2E4w,1431,,gutim,182,
206,695.7986,0.06,144,83,22,1431,,B5,g,e,,d,,,,gut_ng182_6B5e,1431,,gutim,182,
206,695.8736,0.06,144,50,14,1432,,D3,g,e,,d,,,,gut_ng182_6D3e,1432,,gutim,182,
206,695.9486,0.06,144,64,11,1433,,E4,g,e,,d,,,,gut_ng182_6E4e,1433,,gutim,182,
206,695.9486,0.06,144,70,22,1433,,Bb4,g,e,,d,,,,gut_ng182_6Bb4e,1433,,gutim,182,
206,696.0236,0.06,144,42,14,1434,,F#2,g,E,5965,D,5965,,,gut_ng182_6Fs2e,1434,,gutim,182,
,,,,,,,,,,,,,,,,,,208,,,
208,704.0198,0.6851,144,80,22,1435,,G#5,,,,,,,,gut_n184_1Gs5e_0,1435,,gutim,184,
208,704.7409,0.6851,144,33,16,1436,,A1,,,,,,,,gut_n184_1A1e_0,1436,,gutim,184,
208,705.4621,0.3197,144,41,10,1437,,F2,,,,,,,,gut_n184_1F2s,1437,,gutim,184,
208,705.7986,0.0913,144,74,7,1438,,D5,,,,,,,,gut_n184_1D5e,1438,,gutim,184,
208,705.9909,0.0962,144,29,5,1439,,F1,,,,,,,,gut_n184_1F1e,1439,,gutim,184,
208,705.9909,0.1538,144,32,5,1439,,Ab1,,,,,,,,gut_n184_1Ab1e,1439,,gutim,184,
208,708.2025,4.6923,144,54,5,1440,,F#3,,,,,,,,gut_n184_6Fs3e,1440,,gutim,184,
,,,,,,,,,,,,,,,,,,209,,,
209,711.9525,0.6154,144,97,11,1441,,C#7,,,,,,,,gut_n185_1Cs7h,1441,,gutim,185,
209,712.914,0.7692,144,33,11,1442,,A1,,,,,,,,gut_n185_1A1e,1442,,gutim,185,
,,,,,,,,,,,,,,,,,,210,,,
210,713.8755,0.1538,144,29,11,1443,,F1,,,,,,,,gut_n186_1F1e,1443,,gutim,186,
210,714.0678,0.1538,144,70,10,1444,,A#4,,,,,,,,gut_n186_6As4e,1444,,gutim,186,
210,714.2602,1.3846,144,85,8,1445,,Db6,,,,,,,,gut_n186_2Db6h,1445,,gutim,186,
210,715.339,0.06,144,44,14,1446,,Ab2,g,,,,,,,gut_ng186_5Ab2e,1446,,gutim,186,
210,715.414,1.0962,144,89,17,1447,,F6,,,,,,,,gut_n186_1F6h,1447,,gutim,186,
210,715.414,0.06,144,21,17,1447,,A0,g,,,,,,,gut_ng186_6A0e,1447,,gutim,186,
210,715.489,0.06,144,28,18,1448,,E1,g,,,,,,,gut_ng186_6E1e,1448,,gutim,186,
210,715.564,0.06,144,58,18,1449,,Bb3,g,,,,,,,gut_ng186_6Bb3e_0,1449,,gutim,186,
210,715.639,0.06,144,40,19,1450,,E2,g,,,,,,,gut_ng186_6E2e,1450,,gutim,186,
210,715.714,0.06,144,33,20,1451,,A1,g,,,,,,,gut_ng186_6A1e,1451,,gutim,186,
,,,,,,,5965,,,,,,,,,,,,gutim,,
210,716.5678,4.3846,144,82,14,1452,,Bb5,,,,,,,,gut_n186_1Bb5h,1452,,gutim,186,
210,716.5678,4.3846,144,86,14,1452,,D6,,,,,,,,gut_n186_1D6h,1452,,gutim,186,
210,716.5678,1.0962,144,97,20,1452,,C#7,,,,,,,,gut_n186_1Cs7h,1452,,gutim,186,
210,716.5678,8.3077,144,79,22,1452,,G5,,,,,,,,gut_n186_2G5h,1452,,gutim,186,
210,716.6428,0.06,144,45,20,1453,,A2,g,,,,,,,gut_ng186_6A2e,1453,,gutim,186,
210,716.7178,0.06,144,58,20,1454,,Bb3,g,,,,,,,gut_ng186_6Bb3e_1,1454,,gutim,186,
,,,,,,,,,,,,,,,,,,211,,,
211,721.1832,0.06,144,80,8,1455,,Ab5,g,,,d,,,,gut_ng187_1Ab5e,1455,,gutim,187,
211,721.1832,0.06,144,85,20,1455,,Db6,g,,,d,,,,gut_ng187_1Db6e,1455,,gutim,187,
211,721.1832,11.7692,144,32,8,1455,,Ab1,,,,d,,,,gut_n187_6Ab1h,1455,,gutim,187,
211,721.2582,0.06,144,52,20,1456,,E3,g,,,d,,,,gut_ng187_1E3e,1456,,gutim,187,
211,721.2582,0.06,144,61,8,1456,,C#4,g,,,d,,,,gut_ng187_1Cs4e,1456,,gutim,187,
211,721.3332,0.06,144,70,20,1457,,A#4,g,,,d,,,,gut_ng187_1As4e,1457,,gutim,187,
,,,,,,,,,,,,,,,,,,212,,,
212,725.7986,0.6154,144,97,14,1458,,C#7,,,,d,,,,gut_n188_1Cs7h,1458,,gutim,188,
212,726.7602,0.0385,144,33,14,1459,,A1,,,,,,,,gut_n188_1A1t,1459,,gutim,188,
212,726.8082,0.0385,144,40,20,1460,,E2,,,,,,,,gut_n188_1E2t,1460,,gutim,188,
212,726.8563,0.0769,144,29,24,1461,,F1,,,,d,,,,gut_n188_1F1s,1461,,gutim,188,
,,,,,,,,,,,,,,,,,,213,,,
213,726.9525,0.0769,144,70,20,1462,,A#4,,,,d,,,,gut_n189_1As4s,1462,,gutim,189,
213,726.9525,11.0769,144,52,22,1462,,E3,,,,d,,,,gut_n189_5E3b,1462,,gutim,189,
213,727.0486,0.0385,144,82,10,1463,,A#5,,,,,,,,gut_n189_1As5t,1463,,gutim,189,
213,727.0967,0.8077,144,97,5,1464,,C#7,,,,D,,,,gut_n189_1Cs7e,1464,,gutim,189,
,,,,,,,,,,,,,,,,,,214,,,
214,731.8563,0.5769,144,29,20,1465,,F1,,,,,,,,gut_n190_1F1e_0,1465,,gutim,190,
214,732.5775,0.0721,144,81,11,1466,,A5,,,,,,,,gut_n190_1A5s,1466,,gutim,190,
214,732.7217,0.1827,144,56,11,1467,,G#3,,,,,,,,gut_n190_1Gs3e,1467,,gutim,190,
214,732.914,0.1827,144,49,10,1468,,C#3,,,,,,,,gut_n190_1Cs3e,1468,,gutim,190,
214,733.1063,0.1827,144,69,10,1469,,A4,,,,,,,,gut_n190_1A4e,1469,,gutim,190,
214,733.2986,0.3654,144,41,9,1470,,F2,,,,,,,,gut_n190_1F2q,1470,,gutim,190,
214,733.6832,0.1827,144,49,7,1471,,Db3,,,,,,,,gut_n190_1Db3e,1471,,gutim,190,
214,734.014,0.06,144,53,6,1472,,F3,g,,,,,,,gut_ng190_2F3e,1472,,gutim,190,
214,734.089,0.06,144,80,5,1473,,Ab5,g,,,,,,,gut_ng190_2Ab5e,1473,,gutim,190,
214,734.164,1.0962,144,82,6,1474,,Bb5,,,,,,,,gut_n190_1Bb5e,1474,,gutim,190,
214,734.164,0.1442,144,38,5,1474,,D2,,,,,,,,gut_n190_2D2e,1474,,gutim,190,
214,735.3178,0.137,144,29,4,1475,,F1,,,,,,,,gut_n190_1F1s,1475,,gutim,190,
214,735.8948,0.0913,144,48,2,1476,,C3,,,,,,,,gut_n190_1C3s,1476,,gutim,190,
214,735.9909,0.0913,144,89,2,1477,,F6,,,,,,,,gut_n190_1F6s,1477,,gutim,190,
214,736.0871,0.0913,144,100,2,1478,,E7,,,,,,,,gut_n190_1E7s,1478,,gutim,190,
,,,,,,,,,,,,,,,,,,215,,,
215,737.914,0.0712,144,68,2,1479,,G#4,g,,,,,,,gut_ng191_1Gs4e,1479,,gutim,191,
215,737.989,0.0712,144,81,2,1480,,A5,g,,,,,,,gut_ng191_1A5e,1480,,gutim,191,
215,740.2217,0.5481,144,94,8,1481,,Bb6,,,,,,,,gut_n191_1Bb6q,1481,,gutim,191,
215,740.2217,1.8462,144,38,8,1481,,D2,,,,,,,,gut_n191_6D2q,1481,,gutim,191,
,,,,,,,,,,,,,,,,,,216,,,
216,742.5294,2.3077,144,41,8,1482,,F2,,,,,,,,gut_n192_6F2q,1482,,gutim,192,
216,743.3948,20.0769,144,44,5,1483,,Ab2,,,,,,,,gut_n192_5Ab2e,1483,,gutim,192,
,,,,,,,5966,,,,,,,,,,,,gutim,,
,,,,,,,,,,,,,,,,,,217,,,
217,747.7217,16.6154,144,32,22,1484,,Ab1,,,,D,5966,,,gut_n193_6Ab1w,1484,,gutim,193,
,,,,,,,,,,,,,,,,,,218,,,
218,751.1832,2.7692,144,84,24,1485,,C6,,,,d,,,,gut_n194_1C6w,1485,,gutim,194,
,,,,,,,,,,,,,,,,,,220,,,
220,768.4909,0.5481,144,60,5,1486,,C4,,,,d,,,,gut_n196_6C4q,1486,,gutim,196,
220,769.0678,0.2603,144,25,5,1487,,C#1,,,,D,5967,,,gut_n196_6Cs1q,1487,,gutim,196,
220,769.6448,3.6923,144,69,24,1488,,A4,,,,,,,,gut_n196_6A4b,1488,,gutim,196,
220,774.2602,3.6923,144,61,5,1489,,C#4,,,,,,,,gut_n196_6Cs4b,1489,,gutim,196,
,,,,,,,2000,,,,,,,,,,,,Scriabin-4_Op74_3,,
220,773.3602000000001,0.2375,144,58,11,1490,,A#3,,,,,,,,op3_n1_1As3e,1490,,Scriabin-4_Op74_3,1,
220,773.3602000000001,1.8,144,58,11,1490,,A#3,,,,,,,,op3_n1_2As3h,1490,,Scriabin-4_Op74_3,1,
220,773.6102000000001,0.95,144,69,11,1491,,A4,,,,,,,,op3_n1_1A4q_0,1491,,Scriabin-4_Op74_3,1,
220,773.8602000000001,0.2375,144,48,11,1492,,B#2,,,,,,,,op3_n1_6Bs2e_0,1492,,Scriabin-4_Op74_3,1,
220,774.1102000000001,0.475,144,42,11,1493,,F#2,,,,,,,,op3_n1_6Fs2q_0,1493,,Scriabin-4_Op74_3,1,
220,774.6102000000001,0.2375,144,68,11,1494,,G#4,,,,,,,,op3_n1_1Gs4e,1494,,Scriabin-4_Op74_3,1,
220,774.6102000000001,0.475,144,48,11,1494,,B#2,,,,,,,,op3_n1_6Bs2e_1,1494,,Scriabin-4_Op74_3,1,
220,774.8602000000001,0.2375,144,67,11,1495,,G4,,,,,,,,op3_n1_1G4e,1495,,Scriabin-4_Op74_3,1,
220,775.1102000000001,0.2375,144,64,11,1496,,E4,,,,,,,,op3_n1_1E4e,1496,,Scriabin-4_Op74_3,1,
220,775.1102000000001,0.475,144,42,11,1496,,F#2,,,,,,,,op3_n1_6Fs2q_1,1496,,Scriabin-4_Op74_3,1,
220,775.3602000000001,0.2375,144,63,11,1497,,D#4,,,,,,,,op3_n1_1Ds4e,1497,,Scriabin-4_Op74_3,1,
,,,,,,,,,,,,,,,,,,221,,,
221,775.6102000000001,2.1375,144,61,11,1498,,C#4,,,,,,,,op3_n2_1Cs4h,1498,,Scriabin-4_Op74_3,2,
221,775.6102000000001,2.1375,144,64,11,1498,,E4,,,,,,,,op3_n2_1E4h,1498,,Scriabin-4_Op74_3,2,
221,775.6102000000001,2.1375,144,69,11,1498,,A4,,,,,,,,op3_n2_1A4h,1498,,Scriabin-4_Op74_3,2,
221,775.6102000000001,2.1375,144,73,11,1498,,C#5,,,,,,,,op3_n2_1Cs5h,1498,,Scriabin-4_Op74_3,2,
221,775.6102000000001,1.8,144,55,11,1498,,G3,,,,,,,,op3_n2_5G3h,1498,,Scriabin-4_Op74_3,2,
221,775.8602000000001,0.2375,144,48,11,1499,,B#2,,,,,,,,op3_n2_6Bs2e_0,1499,,Scriabin-4_Op74_3,2,
221,776.1102000000001,0.2375,144,42,11,1500,,F#2,,,,,,,,op3_n2_6Fs2e_0,1500,,Scriabin-4_Op74_3,2,
221,776.3602000000001,0.475,144,48,11,1501,,B#2,,,,,,,,op3_n2_6Bs2q,1501,,Scriabin-4_Op74_3,2,
221,776.8602000000001,0.2375,144,42,11,1502,,F#2,,,,,,,,op3_n2_6Fs2e_1,1502,,Scriabin-4_Op74_3,2,
221,777.1102000000001,0.2375,144,48,11,1503,,B#2,,,,,,,,op3_n2_6Bs2e_1,1503,,Scriabin-4_Op74_3,2,
221,777.3602000000001,0.2375,144,42,11,1504,,F#2,,,,,,,,op3_n2_6Fs2e_2,1504,,Scriabin-4_Op74_3,2,
221,777.6102000000001,0.2375,144,48,11,1505,,B#2,,,,,,,,op3_n2_6Bs2e_2,1505,,Scriabin-4_Op74_3,2,
,,,,,,,,,,,,,,,,,,222,,,
222,777.8602000000001,1.8,144,58,11,1506,,A#3,,,,,,,,op3_n3_5As3h,1506,,Scriabin-4_Op74_3,3,
222,778.1102000000001,0.2,144,64,11,1507,,E4,,,,,,,,op3_n3_1E4e,1507,,Scriabin-4_Op74_3,3,
222,778.1102000000001,1.9,144,64,11,1507,,E4,,,,,,,,op3_n3_2E4q,1507,,Scriabin-4_Op74_3,3,
222,778.3602000000001,0.6,144,75,11,1508,,D#5,,,,,,,,op3_n3_1Ds5e,1508,,Scriabin-4_Op74_3,3,
222,778.3602000000001,0.2375,144,48,11,1508,,B#2,,,,,,,,op3_n3_6Bs2e_0,1508,,Scriabin-4_Op74_3,3,
222,778.6102000000001,0.475,144,42,11,1509,,F#2,,,,,,,,op3_n3_6Fs2q_0,1509,,Scriabin-4_Op74_3,3,
222,779.1102000000001,0.2,144,74,11,1510,,D5,,,,,,,,op3_n3_1D5e,1510,,Scriabin-4_Op74_3,3,
222,779.1102000000001,0.475,144,48,11,1510,,B#2,,,,,,,,op3_n3_6Bs2e_1,1510,,Scriabin-4_Op74_3,3,
222,779.3602000000001,0.2,144,73,11,1511,,C#5,,,,,,,,op3_n3_1Cs5e,1511,,Scriabin-4_Op74_3,3,
222,779.6102000000001,0.2,144,70,11,1512,,A#4,,,,,,,,op3_n3_1As4e,1512,,Scriabin-4_Op74_3,3,
222,779.6102000000001,0.475,144,42,11,1512,,F#2,,,,,,,,op3_n3_6Fs2q_1,1512,,Scriabin-4_Op74_3,3,
222,779.8602000000001,0.2,144,69,11,1513,,A4,,,,,,,,op3_n3_1A4e,1513,,Scriabin-4_Op74_3,3,
,,,,,,,,,,,,,,,,,,223,,,
223,780.1102000000001,2.1375,144,67,11,1514,,G4,,,,,,,,op3_n4_2G4h,1514,,Scriabin-4_Op74_3,4,
223,780.1102000000001,2.1375,144,70,11,1514,,A#4,,,,,,,,op3_n4_2As4h,1514,,Scriabin-4_Op74_3,4,
223,780.1102000000001,2.1375,144,75,11,1514,,D#5,,,,,,,,op3_n4_2Ds5h,1514,,Scriabin-4_Op74_3,4,
223,780.1102000000001,2.1375,144,79,11,1514,,G5,,,,,,,,op3_n4_2G5h,1514,,Scriabin-4_Op74_3,4,
223,780.1102000000001,1.8,144,61,11,1514,,C#4,,,,,,,,op3_n4_5Cs4h,1514,,Scriabin-4_Op74_3,4,
223,780.3602000000001,1.33,144,81,11,1515,,A5,,,,,,,,op3_n4_1A5q_0,1515,,Scriabin-4_Op74_3,4,
223,780.3602000000001,0.2375,144,48,11,1515,,B#2,,,,,,,,op3_n4_6Bs2e_0,1515,,Scriabin-4_Op74_3,4,
223,780.6102000000001,0.2375,144,42,11,1516,,F#2,,,,,,,,op3_n4_6Fs2e_0,1516,,Scriabin-4_Op74_3,4,
223,780.8602000000001,0.475,144,48,11,1517,,B#2,,,,,,,,op3_n4_6Bs2q,1517,,Scriabin-4_Op74_3,4,
223,781.3602000000001,0.2375,144,42,11,1518,,F#2,,,,,,,,op3_n4_6Fs2e_1,1518,,Scriabin-4_Op74_3,4,
223,781.6102000000001,0.2375,144,48,11,1519,,B#2,,,,,,,,op3_n4_6Bs2e_1,1519,,Scriabin-4_Op74_3,4,
223,781.8602000000001,0.2375,144,42,11,1520,,F#2,,,,,,,,op3_n4_6Fs2e_2,1520,,Scriabin-4_Op74_3,4,
223,782.1102000000001,0.19,144,81,11,1521,,A5,,,,,,,,op3_n4_1A5e,1521,,Scriabin-4_Op74_3,4,
223,782.1102000000001,0.2375,144,48,11,1521,,B#2,,,,,,,,op3_n4_6Bs2e_2,1521,,Scriabin-4_Op74_3,4,
,,,,,,,,,,,,,,,,,,224,,,
224,782.3602000000001,1.1875,144,81,11,1522,,A5,,,,,,,,op3_n5_1A5q_0,1522,,Scriabin-4_Op74_3,5,
224,782.3602000000001,1.8,144,70,11,1522,,A#4,,,,,,,,op3_n5_2As4h,1522,,Scriabin-4_Op74_3,5,
224,782.3602000000001,1.8,144,64,11,1522,,E4,,,,,,,,op3_n5_5E4h,1522,,Scriabin-4_Op74_3,5,
224,782.8602000000001,0.2375,144,48,11,1523,,B#2,,,,,,,,op3_n5_6Bs2e_0,1523,,Scriabin-4_Op74_3,5,
224,783.1102000000001,0.475,144,42,11,1524,,F#2,,,,,,,,op3_n5_6Fs2q_0,1524,,Scriabin-4_Op74_3,5,
224,783.6102000000001,0.2375,144,80,11,1525,,G#5,,,,,,,,op3_n5_1Gs5e,1525,,Scriabin-4_Op74_3,5,
224,783.6102000000001,0.475,144,48,11,1525,,B#2,,,,,,,,op3_n5_6Bs2e_1,1525,,Scriabin-4_Op74_3,5,
224,783.8602000000001,0.2375,144,79,11,1526,,G5,,,,,,,,op3_n5_1G5e,1526,,Scriabin-4_Op74_3,5,
224,784.1102000000001,0.2375,144,76,11,1527,,E5,,,,,,,,op3_n5_1E5e,1527,,Scriabin-4_Op74_3,5,
224,784.1102000000001,0.475,144,42,11,1527,,F#2,,,,,,,,op3_n5_6Fs2q_1,1527,,Scriabin-4_Op74_3,5,
224,784.3602000000001,0.2375,144,75,11,1528,,D#5,,,,,,,,op3_n5_1Ds5e,1528,,Scriabin-4_Op74_3,5,
,,,,,,,,,,,,,,,,,,225,,,
225,784.6102000000001,2.1375,144,78,11,1529,,F#5,,,,,,,,op3_n6_1Fs5h,1529,,Scriabin-4_Op74_3,6,
225,784.6102000000001,1.8,144,67,11,1529,,G4,,,,,,,,op3_n6_2G4h,1529,,Scriabin-4_Op74_3,6,
225,784.6102000000001,1.8,144,61,11,1529,,C#4,,,,,,,,op3_n6_5Cs4h,1529,,Scriabin-4_Op74_3,6,
225,784.8602000000001,1.6625,144,58,11,1530,,A#3,,,,,,,,op3_n6_4As3q_0,1530,,Scriabin-4_Op74_3,6,
225,784.8602000000001,1.4,144,70,11,1530,,A#4,,,,,,,,op3_n6_4As4q_0,1530,,Scriabin-4_Op74_3,6,
225,784.8602000000001,0.2375,144,51,11,1530,,D#3,,,,,,,,op3_n6_6Ds3e_0,1530,,Scriabin-4_Op74_3,6,
225,785.1102000000001,0.2375,144,45,11,1531,,A2,,,,,,,,op3_n6_6A2e_0,1531,,Scriabin-4_Op74_3,6,
225,785.3602000000001,0.475,144,51,11,1532,,D#3,,,,,,,,op3_n6_6Ds3q,1532,,Scriabin-4_Op74_3,6,
225,785.8602000000001,0.2375,144,45,11,1533,,A2,,,,,,,,op3_n6_6A2e_1,1533,,Scriabin-4_Op74_3,6,
225,786.1102000000001,0.2375,144,51,11,1534,,D#3,,,,,,,,op3_n6_6Ds3e_1,1534,,Scriabin-4_Op74_3,6,
225,786.3602000000001,0.2375,144,45,11,1535,,A2,,,,,,,,op3_n6_6A2e_2,1535,,Scriabin-4_Op74_3,6,
225,786.6102000000001,0.95,144,58,11,1536,,A#3,,,,,,,,op3_n6_4As3e,1536,,Scriabin-4_Op74_3,6,
225,786.6102000000001,0.8,144,70,11,1536,,A#4,,,,,,,,op3_n6_4As4e,1536,,Scriabin-4_Op74_3,6,
225,786.6102000000001,0.2375,144,51,11,1536,,D#3,,,,,,,,op3_n6_6Ds3e_2,1536,,Scriabin-4_Op74_3,6,
,,,,,,,,,,,,,,,,,,226,,,
226,786.8602000000001,1.8,144,61,11,1537,,C#4,,,,,,,,op3_n7_5Cs4h,1537,,Scriabin-4_Op74_3,7,
226,787.1102000000001,0.95,144,78,11,1538,,F#5,,,,,,,,op3_n7_1Fs5q_0,1538,,Scriabin-4_Op74_3,7,
226,787.1102000000001,1.6,144,67,11,1538,,G4,,,,,,,,op3_n7_2G4q,1538,,Scriabin-4_Op74_3,7,
226,787.3602000000001,0.2375,144,51,11,1539,,D#3,,,,,,,,op3_n7_6Ds3e_0,1539,,Scriabin-4_Op74_3,7,
226,787.6102000000001,0.475,144,45,11,1540,,A2,,,,,,,,op3_n7_6A2q_0,1540,,Scriabin-4_Op74_3,7,
226,788.1102000000001,0.2375,144,77,11,1541,,E#5,,,,,,,,op3_n7_1Es5e,1541,,Scriabin-4_Op74_3,7,
226,788.1102000000001,0.475,144,51,11,1541,,D#3,,,,,,,,op3_n7_6Ds3e_1,1541,,Scriabin-4_Op74_3,7,
226,788.3602000000001,0.2375,144,76,11,1542,,E5,,,,,,,,op3_n7_1E5e,1542,,Scriabin-4_Op74_3,7,
226,788.6102000000001,0.2375,144,73,11,1543,,C#5,,,,,,,,op3_n7_1Cs5e,1543,,Scriabin-4_Op74_3,7,
226,788.6102000000001,0.475,144,45,11,1543,,A2,,,,,,,,op3_n7_6A2q_1,1543,,Scriabin-4_Op74_3,7,
226,788.8602000000001,0.2375,144,72,11,1544,,B#4,,,,,,,,op3_n7_1Bs4e,1544,,Scriabin-4_Op74_3,7,
,,,,,,,,,,,,,,,,,,227,,,
227,789.1102000000001,1.8,144,64,11,1545,,E4,,,,,,,,op3_n8_5E4h,1545,,Scriabin-4_Op74_3,8,
227,789.3602000000001,0.95,144,75,11,1546,,D#5,,,,,,,,op3_n8_1Ds5q_0,1546,,Scriabin-4_Op74_3,8,
227,789.6102000000001,0.2375,144,54,11,1547,,F#3,,,,,,,,op3_n8_6Fs3e_0,1547,,Scriabin-4_Op74_3,8,
227,789.8602000000001,0.475,144,48,11,1548,,B#2,,,,,,,,op3_n8_6Bs2q_0,1548,,Scriabin-4_Op74_3,8,
227,790.3602000000001,0.2375,144,74,11,1549,,D5,,,,,,,,op3_n8_1D5e,1549,,Scriabin-4_Op74_3,8,
227,790.3602000000001,0.475,144,54,11,1549,,F#3,,,,,,,,op3_n8_6Fs3e_1,1549,,Scriabin-4_Op74_3,8,
227,790.6102000000001,0.2375,144,73,11,1550,,C#5,,,,,,,,op3_n8_1Cs5e,1550,,Scriabin-4_Op74_3,8,
227,790.8602000000001,0.2375,144,70,11,1551,,A#4,,,,,,,,op3_n8_1As4e,1551,,Scriabin-4_Op74_3,8,
227,790.8602000000001,0.475,144,48,11,1551,,B#2,,,,,,,,op3_n8_6Bs2q_1,1551,,Scriabin-4_Op74_3,8,
227,791.1102000000001,0.2375,144,69,11,1552,,A4,,,,,,,,op3_n8_1A4e,1552,,Scriabin-4_Op74_3,8,
,,,,,,,,,,,,,,,,,,228,,,
228,791.3602000000001,0.95,144,72,11,1553,,C5,,,,,,,,op3_n9_1C5q,1553,,Scriabin-4_Op74_3,9,
228,791.3602000000001,1.8,144,51,11,1553,,D#3,,,,,,,,op3_n9_6Ds3h,1553,,Scriabin-4_Op74_3,9,
228,791.3602000000001,1.8,144,57,11,1553,,A3,,,,,,,,op3_n9_6A3h,1553,,Scriabin-4_Op74_3,9,
228,791.3602000000001,1.8,144,61,11,1553,,C#4,,,,,,,,op3_n9_6Cs4h,1553,,Scriabin-4_Op74_3,9,
228,791.3602000000001,1.8,144,64,11,1553,,E4,,,,,,,,op3_n9_6E4h,1553,,Scriabin-4_Op74_3,9,
228,792.3602000000001,0.2375,144,67,11,1554,,G4,,,,,,,,op3_n9_1G4e,1554,,Scriabin-4_Op74_3,9,
228,792.6102000000001,0.2375,144,66,11,1555,,F#4,,,,,,,,op3_n9_1Fs4e,1555,,Scriabin-4_Op74_3,9,
228,792.8602000000001,0.2375,144,69,11,1556,,A4,,,,,,,,op3_n9_1A4e_0,1556,,Scriabin-4_Op74_3,9,
228,793.1102000000001,0.2375,144,70,11,1557,,A#4,,,,,,,,op3_n9_1As4e,1557,,Scriabin-4_Op74_3,9,
228,793.3602000000001,0.2375,144,69,11,1558,,A4,,,,,,,,op3_n9_1A4e_1,1558,,Scriabin-4_Op74_3,9,
,,,,,,,,,,,,,,,,,,229,,,
229,793.6102000000001,0.2375,144,72,11,1559,,C5,,,,,,,,op3_n10_1C5e,1559,,Scriabin-4_Op74_3,10,
229,793.6102000000001,1.8,144,51,11,1559,,D#3,,,,,,,,op3_n10_6Ds3h,1559,,Scriabin-4_Op74_3,10,
229,793.6102000000001,1.8,144,57,11,1559,,A3,,,,,,,,op3_n10_6A3h,1559,,Scriabin-4_Op74_3,10,
229,793.6102000000001,1.8,144,61,11,1559,,C#4,,,,,,,,op3_n10_6Cs4h,1559,,Scriabin-4_Op74_3,10,
229,793.6102000000001,1.8,144,64,11,1559,,E4,,,,,,,,op3_n10_6E4h,1559,,Scriabin-4_Op74_3,10,
229,793.8602000000001,0.2375,144,67,11,1560,,G4,,,,,,,,op3_n10_1G4e,1560,,Scriabin-4_Op74_3,10,
229,794.1102000000001,0.2375,144,66,11,1561,,F#4,,,,,,,,op3_n10_1Fs4e,1561,,Scriabin-4_Op74_3,10,
229,794.3602000000001,0.2375,144,69,11,1562,,A4,,,,,,,,op3_n10_1A4e_0,1562,,Scriabin-4_Op74_3,10,
229,794.6102000000001,0.2375,144,70,11,1563,,A#4,,,,,,,,op3_n10_1As4e_0,1563,,Scriabin-4_Op74_3,10,
229,794.8602000000001,0.2375,144,69,11,1564,,A4,,,,,,,,op3_n10_1A4e_1,1564,,Scriabin-4_Op74_3,10,
229,795.1102000000001,0.2375,144,72,11,1565,,B#4,,,,,,,,op3_n10_1Bs4e,1565,,Scriabin-4_Op74_3,10,
229,795.3602000000001,0.2375,144,70,11,1566,,A#4,,,,,,,,op3_n10_1As4e_1,1566,,Scriabin-4_Op74_3,10,
229,795.6102000000001,0.2375,144,69,11,1567,,A4,,,,,,,,op3_n10_1A4e_2,1567,,Scriabin-4_Op74_3,10,
,,,,,,,,,,,,,,,,,,230,,,
230,795.8602000000001,0.2375,144,72,11,1568,,B#4,,,,,,,,op3_n11_1Bs4e_0,1568,,Scriabin-4_Op74_3,11,
230,795.8602000000001,3.6,144,48,11,1568,,B#2,,,,,,,,op3_n11_6Bs2h,1568,,Scriabin-4_Op74_3,11,
230,795.8602000000001,3.6,144,54,11,1568,,F#3,,,,,,,,op3_n11_6Fs3h,1568,,Scriabin-4_Op74_3,11,
230,795.8602000000001,3.6,144,58,11,1568,,A#3,,,,,,,,op3_n11_6As3h,1568,,Scriabin-4_Op74_3,11,
230,795.8602000000001,3.0,144,64,11,1568,,E4,,,,,,,,op3_n11_6E4h,1568,,Scriabin-4_Op74_3,11,
230,796.1102000000001,0.2375,144,73,11,1569,,C#5,,,,,,,,op3_n11_1Cs5e_0,1569,,Scriabin-4_Op74_3,11,
230,796.3602000000001,0.2375,144,72,11,1570,,B#4,,,,,,,,op3_n11_1Bs4e_1,1570,,Scriabin-4_Op74_3,11,
230,796.6102000000001,0.2375,144,75,11,1571,,D#5,,,,,,,,op3_n11_1Ds5e,1571,,Scriabin-4_Op74_3,11,
230,796.8602000000001,0.2375,144,70,11,1572,,A#4,,,,,,,,op3_n11_1As4e,1572,,Scriabin-4_Op74_3,11,
230,797.1102000000001,0.2375,144,69,11,1573,,A4,,,,,,,,op3_n11_1A4e,1573,,Scriabin-4_Op74_3,11,
230,797.3602000000001,0.2375,144,72,11,1574,,B#4,,,,,,,,op3_n11_1Bs4e_2,1574,,Scriabin-4_Op74_3,11,
230,797.6102000000001,0.2375,144,73,11,1575,,C#5,,,,,,,,op3_n11_1Cs5e_1,1575,,Scriabin-4_Op74_3,11,
230,797.8602000000001,0.2375,144,72,11,1576,,B#4,,,,,,,,op3_n11_1Bs4e_3,1576,,Scriabin-4_Op74_3,11,
,,,,,,,,,,,,,,,,,,231,,,
231,798.1102000000001,0.2375,144,75,11,1577,,D#5,,,,,,,,op3_n12_1Ds5e,1577,,Scriabin-4_Op74_3,12,
231,798.3602000000001,0.2375,144,73,11,1578,,C#5,,,,,,,,op3_n12_1Cs5e,1578,,Scriabin-4_Op74_3,12,
231,798.6102000000001,0.2375,144,72,11,1579,,B#4,,,,,,,,op3_n12_1Bs4e,1579,,Scriabin-4_Op74_3,12,
231,798.8602000000001,0.2375,144,70,11,1580,,A#4,,,,,,,,op3_n12_1As4e,1580,,Scriabin-4_Op74_3,12,
231,799.1102000000001,0.2375,144,69,11,1581,,A4,,,,,,,,op3_n12_1A4e,1581,,Scriabin-4_Op74_3,12,
231,799.3602000000001,0.2375,144,67,11,1582,,G4,,,,,,,,op3_n12_1G4e,1582,,Scriabin-4_Op74_3,12,
231,799.6102000000001,0.3562,144,66,11,1583,,F#4,,,,,,,,op3_n12_1Fs4e,1583,,Scriabin-4_Op74_3,12,
231,799.9852000000001,0.3562,144,64,11,1584,,E4,,,,,,,,op3_n12_1E4e,1584,,Scriabin-4_Op74_3,12,
,,,,,,,,,,,,,,,,,,232,,,
232,800.3602000000001,0.2375,144,52,11,1585,,E3,,,,,,,,op3_n13_1E3e,1585,,Scriabin-4_Op74_3,13,
232,800.3602000000001,1.8,144,52,11,1585,,E3,,,,,,,,op3_n13_2E3h,1585,,Scriabin-4_Op74_3,13,
232,800.6102000000001,0.95,144,63,11,1586,,D#4,,,,,,,,op3_n13_1Ds4q_0,1586,,Scriabin-4_Op74_3,13,
232,800.8602000000001,0.2375,144,42,11,1587,,F#2,,,,,,,,op3_n13_6Fs2e_0,1587,,Scriabin-4_Op74_3,13,
232,801.1102000000001,0.475,144,36,11,1588,,B#1,,,,,,,,op3_n13_6Bs1q_0,1588,,Scriabin-4_Op74_3,13,
232,801.6102000000001,0.2375,144,62,11,1589,,D4,,,,,,,,op3_n13_1D4e,1589,,Scriabin-4_Op74_3,13,
232,801.6102000000001,0.475,144,42,11,1589,,F#2,,,,,,,,op3_n13_6Fs2e_1,1589,,Scriabin-4_Op74_3,13,
232,801.8602000000001,0.2375,144,61,11,1590,,C#4,,,,,,,,op3_n13_1Cs4e,1590,,Scriabin-4_Op74_3,13,
232,802.1102000000001,0.2375,144,58,11,1591,,A#3,,,,,,,,op3_n13_1As3e,1591,,Scriabin-4_Op74_3,13,
232,802.1102000000001,0.475,144,36,11,1591,,B#1,,,,,,,,op3_n13_6Bs1q_1,1591,,Scriabin-4_Op74_3,13,
232,802.3602000000001,0.2375,144,57,11,1592,,A3,,,,,,,,op3_n13_1A3e,1592,,Scriabin-4_Op74_3,13,
,,,,,,,,,,,,,,,,,,233,,,
233,802.6102000000001,1.8,144,55,11,1593,,G3,,,,,,,,op3_n14_1G3h,1593,,Scriabin-4_Op74_3,14,
233,802.6102000000001,1.8,144,58,11,1593,,A#3,,,,,,,,op3_n14_1As3h,1593,,Scriabin-4_Op74_3,14,
233,802.6102000000001,1.8,144,63,11,1593,,D#4,,,,,,,,op3_n14_1Ds4h,1593,,Scriabin-4_Op74_3,14,
233,802.6102000000001,1.8,144,67,11,1593,,G4,,,,,,,,op3_n14_1G4h,1593,,Scriabin-4_Op74_3,14,
233,802.6102000000001,1.8,144,49,11,1593,,C#3,,,,,,,,op3_n14_5Cs3h,1593,,Scriabin-4_Op74_3,14,
233,802.8602000000001,0.2,144,42,11,1594,,F#2,,,,,,,,op3_n14_6Fs2e_0,1594,,Scriabin-4_Op74_3,14,
233,803.1102000000001,0.2,144,36,11,1595,,B#1,,,,,,,,op3_n14_6Bs1e_0,1595,,Scriabin-4_Op74_3,14,
233,803.3602000000001,0.4,144,42,11,1596,,F#2,,,,,,,,op3_n14_6Fs2q,1596,,Scriabin-4_Op74_3,14,
233,803.8602000000001,0.2,144,36,11,1597,,B#1,,,,,,,,op3_n14_6Bs1e_1,1597,,Scriabin-4_Op74_3,14,
233,804.1102000000001,0.2,144,42,11,1598,,F#2,,,,,,,,op3_n14_6Fs2e_1,1598,,Scriabin-4_Op74_3,14,
233,804.3602000000001,0.2,144,36,11,1599,,B#1,,,,,,,,op3_n14_6Bs1e_2,1599,,Scriabin-4_Op74_3,14,
233,804.6102000000001,0.2,144,42,11,1600,,F#2,,,,,,,,op3_n14_6Fs2e_2,1600,,Scriabin-4_Op74_3,14,
,,,,,,,,,,,,,,,,,,234,,,
234,804.8602000000001,1.8,144,52,11,1601,,E3,,,,,,,,op3_n15_5E3h,1601,,Scriabin-4_Op74_3,15,
234,805.1102000000001,0.2375,144,58,11,1602,,A#3,,,,,,,,op3_n15_1As3e,1602,,Scriabin-4_Op74_3,15,
234,805.1102000000001,1.9,144,58,11,1602,,A#3,,,,,,,,op3_n15_2As3q,1602,,Scriabin-4_Op74_3,15,
234,805.3602000000001,0.7125,144,69,11,1603,,A4,,,,,,,,op3_n15_1A4e,1603,,Scriabin-4_Op74_3,15,
234,805.3602000000001,0.2375,144,42,11,1603,,F#2,,,,,,,,op3_n15_6Fs2e_0,1603,,Scriabin-4_Op74_3,15,
234,805.6102000000001,0.475,144,36,11,1604,,B#1,,,,,,,,op3_n15_6Bs1q_0,1604,,Scriabin-4_Op74_3,15,
234,806.1102000000001,0.2375,144,68,11,1605,,G#4,,,,,,,,op3_n15_1Gs4e,1605,,Scriabin-4_Op74_3,15,
234,806.1102000000001,0.475,144,42,11,1605,,F#2,,,,,,,,op3_n15_6Fs2e_1,1605,,Scriabin-4_Op74_3,15,
234,806.3602000000001,0.2375,144,67,11,1606,,G4,,,,,,,,op3_n15_1G4e,1606,,Scriabin-4_Op74_3,15,
234,806.6102000000001,0.2375,144,64,11,1607,,E4,,,,,,,,op3_n15_1E4e,1607,,Scriabin-4_Op74_3,15,
234,806.6102000000001,0.475,144,36,11,1607,,B#1,,,,,,,,op3_n15_6Bs1q_1,1607,,Scriabin-4_Op74_3,15,
234,806.8602000000001,0.2375,144,63,11,1608,,D#4,,,,,,,,op3_n15_1Ds4e,1608,,Scriabin-4_Op74_3,15,
,,,,,,,,,,,,,,,,,,235,,,
235,807.1102000000001,1.9,144,61,11,1609,,C#4,,,,,,,,op3_n16_2Cs4h,1609,,Scriabin-4_Op74_3,16,
235,807.1102000000001,1.9,144,64,11,1609,,E4,,,,,,,,op3_n16_2E4h,1609,,Scriabin-4_Op74_3,16,
235,807.1102000000001,1.9,144,69,11,1609,,A4,,,,,,,,op3_n16_2A4h,1609,,Scriabin-4_Op74_3,16,
235,807.1102000000001,1.9,144,73,11,1609,,C#5,,,,,,,,op3_n16_2Cs5h,1609,,Scriabin-4_Op74_3,16,
235,807.1102000000001,1.8,144,55,11,1609,,G3,,,,,,,,op3_n16_5G3h,1609,,Scriabin-4_Op74_3,16,
235,807.3602000000001,1.33,144,75,11,1610,,D#5,,,,,,,,op3_n16_1Ds5q_0,1610,,Scriabin-4_Op74_3,16,
235,807.3602000000001,0.2375,144,42,11,1610,,F#2,,,,,,,,op3_n16_6Fs2e_0,1610,,Scriabin-4_Op74_3,16,
235,807.6102000000001,0.2375,144,36,11,1611,,B#1,,,,,,,,op3_n16_6Bs1e_0,1611,,Scriabin-4_Op74_3,16,
235,807.8602000000001,0.475,144,42,11,1612,,F#2,,,,,,,,op3_n16_6Fs2q,1612,,Scriabin-4_Op74_3,16,
235,808.3602000000001,0.2375,144,36,11,1613,,B#1,,,,,,,,op3_n16_6Bs1e_1,1613,,Scriabin-4_Op74_3,16,
235,808.6102000000001,0.2375,144,42,11,1614,,F#2,,,,,,,,op3_n16_6Fs2e_1,1614,,Scriabin-4_Op74_3,16,
235,808.8602000000001,0.2375,144,36,11,1615,,B#1,,,,,,,,op3_n16_6Bs1e_2,1615,,Scriabin-4_Op74_3,16,
235,809.1102000000001,0.19,144,75,11,1616,,D#5,,,,,,,,op3_n16_1Ds5e,1616,,Scriabin-4_Op74_3,16,
235,809.1102000000001,0.2375,144,42,11,1616,,F#2,,,,,,,,op3_n16_6Fs2e_2,1616,,Scriabin-4_Op74_3,16,
,,,,,,,,,,,,,,,,,,236,,,
236,809.3602000000001,1.1875,144,75,11,1617,,D#5,,,,,,,,op3_n17_1Ds5q_0,1617,,Scriabin-4_Op74_3,17,
236,809.3602000000001,1.8,144,64,11,1617,,E4,,,,,,,,op3_n17_2E4h,1617,,Scriabin-4_Op74_3,17,
236,809.3602000000001,1.8,144,58,11,1617,,A#3,,,,,,,,op3_n17_5As3h,1617,,Scriabin-4_Op74_3,17,
236,809.8602000000001,0.2375,144,42,11,1618,,F#2,,,,,,,,op3_n17_6Fs2e_0,1618,,Scriabin-4_Op74_3,17,
236,810.1102000000001,0.475,144,36,11,1619,,B#1,,,,,,,,op3_n17_6Bs1q_0,1619,,Scriabin-4_Op74_3,17,
236,810.6102000000001,0.2375,144,74,11,1620,,D5,,,,,,,,op3_n17_1D5e,1620,,Scriabin-4_Op74_3,17,
236,810.6102000000001,0.475,144,42,11,1620,,F#2,,,,,,,,op3_n17_6Fs2e_1,1620,,Scriabin-4_Op74_3,17,
236,810.8602000000001,0.2375,144,73,11,1621,,C#5,,,,,,,,op3_n17_1Cs5e,1621,,Scriabin-4_Op74_3,17,
236,811.1102000000001,0.2375,144,70,11,1622,,A#4,,,,,,,,op3_n17_1As4e,1622,,Scriabin-4_Op74_3,17,
236,811.1102000000001,0.475,144,36,11,1622,,B#1,,,,,,,,op3_n17_6Bs1q_1,1622,,Scriabin-4_Op74_3,17,
236,811.3602000000001,0.2375,144,69,11,1623,,A4,,,,,,,,op3_n17_1A4e,1623,,Scriabin-4_Op74_3,17,
,,,,,,,,,,,,,,,,,,237,,,
237,811.6102000000001,2.1375,144,72,11,1624,,B#4,,,,,,,,op3_n18_1Bs4h,1624,,Scriabin-4_Op74_3,18,
237,811.6102000000001,1.8,144,61,11,1624,,C#4,,,,,,,,op3_n18_2Cs4h,1624,,Scriabin-4_Op74_3,18,
237,811.6102000000001,1.8,144,55,11,1624,,G3,,,,,,,,op3_n18_5G3h,1624,,Scriabin-4_Op74_3,18,
237,811.8602000000001,1.4,144,52,11,1625,,E3,,,,,,,,op3_n18_4E3q_0,1625,,Scriabin-4_Op74_3,18,
237,811.8602000000001,1.4,144,64,11,1625,,E4,,,,,,,,op3_n18_4E4q_0,1625,,Scriabin-4_Op74_3,18,
237,811.8602000000001,0.2375,144,45,11,1625,,A2,,,,,,,,op3_n18_6A2e_0,1625,,Scriabin-4_Op74_3,18,
237,812.1102000000001,0.2375,144,39,11,1626,,D#2,,,,,,,,op3_n18_6Ds2e_0,1626,,Scriabin-4_Op74_3,18,
237,812.3602000000001,0.475,144,45,11,1627,,A2,,,,,,,,op3_n18_6A2q,1627,,Scriabin-4_Op74_3,18,
237,812.8602000000001,0.2375,144,39,11,1628,,D#2,,,,,,,,op3_n18_6Ds2e_1,1628,,Scriabin-4_Op74_3,18,
237,813.1102000000001,0.2375,144,45,11,1629,,A2,,,,,,,,op3_n18_6A2e_1,1629,,Scriabin-4_Op74_3,18,
237,813.3602000000001,0.2375,144,39,11,1630,,D#2,,,,,,,,op3_n18_6Ds2e_2,1630,,Scriabin-4_Op74_3,18,
237,813.6102000000001,0.95,144,52,11,1631,,E3,,,,,,,,op3_n18_4E3e,1631,,Scriabin-4_Op74_3,18,
237,813.6102000000001,0.8,144,64,11,1631,,E4,,,,,,,,op3_n18_4E4e,1631,,Scriabin-4_Op74_3,18,
237,813.6102000000001,0.2375,144,45,11,1631,,A2,,,,,,,,op3_n18_6A2e_2,1631,,Scriabin-4_Op74_3,18,
,,,,,,,,,,,,,,,,,,238,,,
238,813.8602000000001,1.8,144,55,11,1632,,G3,,,,,,,,op3_n19_5G3h,1632,,Scriabin-4_Op74_3,19,
238,814.1102000000001,0.95,144,72,11,1633,,B#4,,,,,,,,op3_n19_1Bs4q_0,1633,,Scriabin-4_Op74_3,19,
238,814.1102000000001,1.6,144,61,11,1633,,C#4,,,,,,,,op3_n19_2Cs4q,1633,,Scriabin-4_Op74_3,19,
238,814.3602000000001,0.2375,144,45,11,1634,,A2,,,,,,,,op3_n19_6A2e_0,1634,,Scriabin-4_Op74_3,19,
238,814.6102000000001,0.475,144,39,11,1635,,D#2,,,,,,,,op3_n19_6Ds2q_0,1635,,Scriabin-4_Op74_3,19,
238,815.1102000000001,0.2375,144,71,11,1636,,B4,,,,,,,,op3_n19_1B4e,1636,,Scriabin-4_Op74_3,19,
238,815.1102000000001,0.475,144,45,11,1636,,A2,,,,,,,,op3_n19_6A2e_1,1636,,Scriabin-4_Op74_3,19,
238,815.3602000000001,0.2375,144,70,11,1637,,A#4,,,,,,,,op3_n19_1As4e,1637,,Scriabin-4_Op74_3,19,
238,815.6102000000001,0.2375,144,67,11,1638,,G4,,,,,,,,op3_n19_1G4e,1638,,Scriabin-4_Op74_3,19,
238,815.6102000000001,0.475,144,39,11,1638,,D#2,,,,,,,,op3_n19_6Ds2q_1,1638,,Scriabin-4_Op74_3,19,
238,815.8602000000001,0.2375,144,66,11,1639,,F#4,,,,,,,,op3_n19_1Fs4e,1639,,Scriabin-4_Op74_3,19,
,,,,,,,,,,,,,,,,,,239,,,
239,816.1102000000001,1.8,144,58,11,1640,,A#3,,,,,,,,op3_n20_5As3h,1640,,Scriabin-4_Op74_3,20,
239,816.3602000000001,0.95,144,69,11,1641,,A4,,,,,,,,op3_n20_1A4q_0,1641,,Scriabin-4_Op74_3,20,
239,816.6102000000001,0.2375,144,48,11,1642,,B#2,,,,,,,,op3_n20_6Bs2e_0,1642,,Scriabin-4_Op74_3,20,
239,816.8602000000001,0.475,144,42,11,1643,,F#2,,,,,,,,op3_n20_6Fs2q_0,1643,,Scriabin-4_Op74_3,20,
239,817.3602000000001,0.2375,144,68,11,1644,,G#4,,,,,,,,op3_n20_1Gs4e,1644,,Scriabin-4_Op74_3,20,
239,817.3602000000001,0.475,144,48,11,1644,,B#2,,,,,,,,op3_n20_6Bs2e_1,1644,,Scriabin-4_Op74_3,20,
239,817.6102000000001,0.2375,144,67,11,1645,,G4,,,,,,,,op3_n20_1G4e,1645,,Scriabin-4_Op74_3,20,
239,817.8602000000001,0.2375,144,64,11,1646,,E4,,,,,,,,op3_n20_1E4e,1646,,Scriabin-4_Op74_3,20,
239,817.8602000000001,0.475,144,42,11,1646,,F#2,,,,,,,,op3_n20_6Fs2q_1,1646,,Scriabin-4_Op74_3,20,
239,818.1102000000001,0.2375,144,63,11,1647,,D#4,,,,,,,,op3_n20_1Ds4e,1647,,Scriabin-4_Op74_3,20,
,,,,,,,,,,,,,,,,,,240,,,
240,818.3602000000001,0.95,144,66,11,1648,,F#4,,,,,,,,op3_n21_1Fs4q,1648,,Scriabin-4_Op74_3,21,
240,818.3602000000001,3.6,144,45,11,1648,,A2,,,,,,,,op3_n21_6A2h,1648,,Scriabin-4_Op74_3,21,
240,818.3602000000001,3.6,144,50,11,1648,,D3,,,,,,,,op3_n21_6D3h,1648,,Scriabin-4_Op74_3,21,
240,818.3602000000001,3.6,144,56,11,1648,,G#3,,,,,,,,op3_n21_6Gs3h,1648,,Scriabin-4_Op74_3,21,
240,818.3602000000001,3.6,144,58,11,1648,,A#3,,,,,,,,op3_n21_6As3h,1648,,Scriabin-4_Op74_3,21,
240,819.3602000000001,0.2375,144,61,11,1649,,C#4,,,,,,,,op3_n21_1Cs4e,1649,,Scriabin-4_Op74_3,21,
240,819.6102000000001,0.2375,144,60,11,1650,,B#3,,,,,,,,op3_n21_1Bs3e,1650,,Scriabin-4_Op74_3,21,
240,819.8602000000001,0.2375,144,63,11,1651,,D#4,,,,,,,,op3_n21_1Ds4e_0,1651,,Scriabin-4_Op74_3,21,
240,820.1102000000001,0.2375,144,64,11,1652,,E4,,,,,,,,op3_n21_1E4e,1652,,Scriabin-4_Op74_3,21,
240,820.3602000000001,0.2375,144,63,11,1653,,D#4,,,,,,,,op3_n21_1Ds4e_1,1653,,Scriabin-4_Op74_3,21,
,,,,,,,,,,,,,,,,,,241,,,
241,820.6102000000001,0.2375,144,66,11,1654,,F#4,,,,,,,,op3_n22_1Fs4e_0,1654,,Scriabin-4_Op74_3,22,
241,820.8602000000001,0.2375,144,61,11,1655,,C#4,,,,,,,,op3_n22_1Cs4e,1655,,Scriabin-4_Op74_3,22,
241,821.1102000000001,0.2375,144,60,11,1656,,B#3,,,,,,,,op3_n22_1Bs3e,1656,,Scriabin-4_Op74_3,22,
241,821.3602000000001,0.2375,144,63,11,1657,,D#4,,,,,,,,op3_n22_1Ds4e_0,1657,,Scriabin-4_Op74_3,22,
241,821.6102000000001,0.2375,144,64,11,1658,,E4,,,,,,,,op3_n22_1E4e_0,1658,,Scriabin-4_Op74_3,22,
241,821.8602000000001,0.2375,144,63,11,1659,,D#4,,,,,,,,op3_n22_1Ds4e_1,1659,,Scriabin-4_Op74_3,22,
241,822.1102000000001,0.2375,144,66,11,1660,,F#4,,,,,,,,op3_n22_1Fs4e_1,1660,,Scriabin-4_Op74_3,22,
241,822.3602000000001,0.2375,144,64,11,1661,,E4,,,,,,,,op3_n22_1E4e_1,1661,,Scriabin-4_Op74_3,22,
241,822.6102000000001,0.2375,144,63,11,1662,,D#4,,,,,,,,op3_n22_1Ds4e_2,1662,,Scriabin-4_Op74_3,22,
,,,,,,,,,,,,,,,,,,242,,,
242,822.8602000000001,0.2375,144,66,11,1663,,F#4,,,,,,,,op3_n23_1Fs4e_0,1663,,Scriabin-4_Op74_3,23,
242,822.8602000000001,3.6,144,42,11,1663,,F#2,,,,,,,,op3_n23_5Fs2h,1663,,Scriabin-4_Op74_3,23,
242,822.8602000000001,3.6,144,48,11,1663,,B#2,,,,,,,,op3_n23_5Bs2h,1663,,Scriabin-4_Op74_3,23,
242,822.8602000000001,3.6,144,52,11,1663,,E3,,,,,,,,op3_n23_5E3h,1663,,Scriabin-4_Op74_3,23,
242,822.8602000000001,3.0,144,58,11,1663,,A#3,,,,,,,,op3_n23_5As3h,1663,,Scriabin-4_Op74_3,23,
242,823.1102000000001,0.2375,144,67,11,1664,,G4,,,,,,,,op3_n23_1G4e_0,1664,,Scriabin-4_Op74_3,23,
242,823.3602000000001,0.2375,144,66,11,1665,,F#4,,,,,,,,op3_n23_1Fs4e_1,1665,,Scriabin-4_Op74_3,23,
242,823.6102000000001,0.2375,144,69,11,1666,,A4,,,,,,,,op3_n23_1A4e,1666,,Scriabin-4_Op74_3,23,
242,823.8602000000001,0.2375,144,64,11,1667,,E4,,,,,,,,op3_n23_1E4e,1667,,Scriabin-4_Op74_3,23,
242,824.1102000000001,0.2375,144,63,11,1668,,D#4,,,,,,,,op3_n23_1Ds4e,1668,,Scriabin-4_Op74_3,23,
242,824.3602000000001,0.2375,144,66,11,1669,,F#4,,,,,,,,op3_n23_1Fs4e_2,1669,,Scriabin-4_Op74_3,23,
242,824.6102000000001,0.2375,144,67,11,1670,,G4,,,,,,,,op3_n23_1G4e_1,1670,,Scriabin-4_Op74_3,23,
242,824.8602000000001,0.2375,144,66,11,1671,,F#4,,,,,,,,op3_n23_1Fs4e_3,1671,,Scriabin-4_Op74_3,23,
,,,,,,,,,,,,,,,,,,243,,,
243,825.1102000000001,0.2375,144,69,11,1672,,A4,,,,,,,,op3_n24_1A4e,1672,,Scriabin-4_Op74_3,24,
243,825.3602000000001,0.2375,144,67,11,1673,,G4,,,,,,,,op3_n24_1G4e,1673,,Scriabin-4_Op74_3,24,
243,825.6102000000001,0.2375,144,66,11,1674,,F#4,,,,,,,,op3_n24_1Fs4e,1674,,Scriabin-4_Op74_3,24,
243,825.8602000000001,0.2375,144,64,11,1675,,E4,,,,,,,,op3_n24_1E4e,1675,,Scriabin-4_Op74_3,24,
243,826.1102000000001,0.2375,144,63,11,1676,,D#4,,,,,,,,op3_n24_1Ds4e,1676,,Scriabin-4_Op74_3,24,
243,826.3602000000001,0.2375,144,61,11,1677,,C#4,,,,,,,,op3_n24_1Cs4e,1677,,Scriabin-4_Op74_3,24,
243,826.6102000000001,0.2375,144,60,11,1678,,B#3,,,,,,,,op3_n24_1Bs3e,1678,,Scriabin-4_Op74_3,24,
243,826.8602000000001,0.2375,144,58,11,1679,,A#3,,,,,,,,op3_n24_1As3e,1679,,Scriabin-4_Op74_3,24,
243,827.1102000000001,0.2375,144,57,11,1680,,A3,,,,,,,,op3_n24_1A3e,1680,,Scriabin-4_Op74_3,24,
,,,,,,,,,,,,,,,,,,244,,,
244,828.3602000000001,0.2256,144,63,11,1681,,D#4,,,,,,,,op3_n25_1Ds4e,1681,,Scriabin-4_Op74_3,25,
244,828.6102000000001,0.2256,144,61,11,1682,,C#4,,,,,,,,op3_n25_1Cs4e,1682,,Scriabin-4_Op74_3,25,
244,828.8602000000001,0.2256,144,60,11,1683,,B#3,,,,,,,,op3_n25_1Bs3e,1683,,Scriabin-4_Op74_3,25,
244,829.1102000000001,0.2256,144,58,11,1684,,A#3,,,,,,,,op3_n25_1As3e,1684,,Scriabin-4_Op74_3,25,
244,829.3602000000001,0.2256,144,57,11,1685,,A3,,,,,,,,op3_n25_1A3e,1685,,Scriabin-4_Op74_3,25,
,,,,,,,,,,,,,,,,,,245,,,
245,829.6102000000001,0.0712,144,52,11,1686,,E3,g,,,,,,,op3_ng26_1E3e,1686,,Scriabin-4_Op74_3,26,
245,829.6852000000001,2.1375,144,52,11,1687,,E3,,,,,,,,op3_n26_1E3h,1687,,Scriabin-4_Op74_3,26,
245,829.6852000000001,2.1375,144,56,11,1687,,G#3,,,,,,,,op3_n26_1Gs3h,1687,,Scriabin-4_Op74_3,26,
245,829.6852000000001,2.1375,144,58,11,1687,,A#3,,,,,,,,op3_n26_1As3h,1687,,Scriabin-4_Op74_3,26,
245,829.6852000000001,2.1375,144,60,11,1687,,B#3,,,,,,,,op3_n26_1Bs3h,1687,,Scriabin-4_Op74_3,26,
245,829.6852000000001,2.1375,144,63,11,1687,,D#4,,,,,,,,op3_n26_1Ds4h,1687,,Scriabin-4_Op74_3,26,
245,829.6852000000001,1.8,144,30,11,1687,,F#1,,,,,,,,op3_n26_5Fs1h,1687,,Scriabin-4_Op74_3,26,
245,829.6852000000001,1.8,144,42,11,1687,,F#2,,,,,,,,op3_n26_5Fs2h,1687,,Scriabin-4_Op74_3,26,
,,,,,,,5967,,,,,,,,,,,,gutim,,
,,,,,,,,,,,,,,,,,,222,,,
222,799.2005,0.0789,144,45,5,1688,,A2,,,,,,t,,gut_n197_5A2t_0,1688,,gutim,197,
222,799.2835,0.0789,144,30,5,1689,,F#1,,,,,,,,gut_n197_5Fs1t_0,1689,,gutim,197,
222,799.3666000000001,0.0789,144,37,5,1690,,C#2,,,,,,,,gut_n197_5Cs2t_0,1690,,gutim,197,
222,799.4496,0.0789,144,45,5,1691,,A2,,,,,,,,gut_n197_5A2t_1,1691,,gutim,197,
222,799.5326,0.0789,144,37,5,1692,,C#2,,,,,,,,gut_n197_5Cs2t_1,1692,,gutim,197,
222,799.6156000000001,0.1586,144,30,5,1693,,F#1,,,,,,,,gut_n197_5Fs1s_0,1693,,gutim,197,
222,799.7826,0.0789,144,45,5,1694,,A2,,,,,,,,gut_n197_5A2t_2,1694,,gutim,197,
222,799.8656000000001,0.0789,144,37,5,1695,,C#2,,,,,,,,gut_n197_5Cs2t_2,1695,,gutim,197,
222,799.9486,0.0789,144,45,5,1696,,A2,,,,,,t,,gut_n197_5A2t_3,1696,,gutim,197,
222,800.0316,0.0789,144,30,5,1697,,F#1,,,,,,,,gut_n197_5Fs1t_1,1697,,gutim,197,
222,800.1146,0.0789,144,37,5,1698,,C#2,,,,,,,,gut_n197_5Cs2t_3,1698,,gutim,197,
222,800.1976000000001,0.0789,144,45,5,1699,,A2,,,,,,,,gut_n197_5A2t_4,1699,,gutim,197,
222,800.2806,0.0789,144,37,5,1700,,C#2,,,,,,,,gut_n197_5Cs2t_4,1700,,gutim,197,
222,800.3636,0.1586,144,30,5,1701,,F#1,,,,,,,,gut_n197_5Fs1s_1,1701,,gutim,197,
222,800.5306,0.0789,144,45,5,1702,,A2,,,,,,,,gut_n197_5A2t_5,1702,,gutim,197,
222,800.6136,0.0789,144,37,5,1703,,C#2,,,,,,,,gut_n197_5Cs2t_5,1703,,gutim,197,
222,800.6966,0.0789,144,45,5,1704,,A2,,,,,,t,,gut_n197_5A2t_6,1704,,gutim,197,
222,800.7796000000001,0.0789,144,30,5,1705,,F#1,,,,,,,,gut_n197_5Fs1t_2,1705,,gutim,197,
222,800.8626,0.0789,144,37,5,1706,,C#2,,,,,,,,gut_n197_5Cs2t_6,1706,,gutim,197,
222,800.9457000000001,0.0789,144,45,5,1707,,A2,,,,,,,,gut_n197_5A2t_7,1707,,gutim,197,
222,801.0287000000001,0.0789,144,37,6,1708,,C#2,,,,,,,,gut_n197_5Cs2t_7,1708,,gutim,197,
222,801.1117,0.1586,144,30,6,1709,,F#1,,,,,,,,gut_n197_5Fs1s_2,1709,,gutim,197,
222,801.2787000000001,0.0789,144,45,6,1710,,A2,,,,,,,,gut_n197_5A2t_8,1710,,gutim,197,
222,801.3617,0.0789,144,37,6,1711,,C#2,,,,,,,,gut_n197_5Cs2t_8,1711,,gutim,197,
222,801.4447,0.0789,144,45,6,1712,,A2,,,,,,T,,gut_n197_5A2t_9,1712,,gutim,197,
222,801.5277000000001,0.0789,144,30,6,1713,,F#1,,,,,,,,gut_n197_5Fs1t_3,1713,,gutim,197,
222,801.6107000000001,0.0789,144,37,6,1714,,C#2,,,,,,,,gut_n197_5Cs2t_9,1714,,gutim,197,
222,801.6937,0.0789,144,45,7,1715,,A2,,,,,,,,gut_n197_5A2t_10,1715,,gutim,197,
222,801.7767,0.0789,144,37,7,1716,,C#2,,,,,,,,gut_n197_5Cs2t_10,1716,,gutim,197,
222,801.8597000000001,0.1586,144,30,7,1717,,F#1,,,,,,,,gut_n197_5Fs1s_3,1717,,gutim,197,
222,802.0267,0.0789,144,45,7,1718,,A2,,e,,,,,,gut_n197_5A2t_11,1718,,gutim,197,
222,802.1097000000001,0.0789,144,37,7,1719,,C#2,,e,,,,,,gut_n197_5Cs2t_11,1719,,gutim,197,
222,802.1927000000001,0.0789,144,45,7,1720,,A2,,e,,,,,,gut_n197_5A2t_12,1720,,gutim,197,
222,802.2757,0.0789,144,30,7,1721,,F#1,,e,,,,,,gut_n197_5Fs1t_4,1721,,gutim,197,
222,802.3587,0.0789,144,37,8,1722,,C#2,,e,,,,,,gut_n197_5Cs2t_12,1722,,gutim,197,
222,802.4418000000001,0.0789,144,45,8,1723,,A2,,e,,,,,,gut_n197_5A2t_13,1723,,gutim,197,
222,802.5248,0.0789,144,37,8,1724,,C#2,,e,,,,,,gut_n197_5Cs2t_13,1724,,gutim,197,
222,802.6078,0.1586,144,30,8,1725,,F#1,,E,,,,,,gut_n197_5Fs1s_4,1725,,gutim,197,
222,802.7748,0.0789,144,45,8,1726,,A2,,,,,,,,gut_n197_5A2t_14,1726,,gutim,197,
222,802.8578,0.0789,144,37,8,1727,,C#2,,,,,,,,gut_n197_5Cs2t_14,1727,,gutim,197,
222,802.9408000000001,0.0789,144,45,8,1728,,A2,,,,,,,,gut_n197_5A2t_15,1728,,gutim,197,
222,803.0238,0.0789,144,30,9,1729,,F#1,,,,,,,,gut_n197_5Fs1t_5,1729,,gutim,197,
222,803.1068,0.0789,144,37,9,1730,,C#2,,,,,,,,gut_n197_5Cs2t_15,1730,,gutim,197,
222,803.1898,0.0789,144,45,9,1731,,A2,,,,,,,,gut_n197_5A2t_16,1731,,gutim,197,
222,803.2728000000001,0.0789,144,37,9,1732,,C#2,,,,,,,,gut_n197_5Cs2t_16,1732,,gutim,197,
222,803.3558,0.1586,144,30,9,1733,,F#1,,,,,,,,gut_n197_5Fs1s_5,1733,,gutim,197,
222,803.5228000000001,0.1586,144,37,9,1734,,C#2,,,,,,,,gut_n197_5Cs2s,1734,,gutim,197,
,,,,,,,,,,,,,,,,,,223,,,
223,803.7005,0.06,144,65,11,1735,,F4,g,,,,,,,gut_ng198_5F4e,1735,,gutim,198,
223,803.7755000000001,1.2,144,75,11,1736,,Eb5,,,,,,,,gut_n198_1Eb5h,1736,,gutim,198,
223,803.7755000000001,0.2398,144,24,8,1736,,C1,,,,,,,,gut_n198_5C1e,1736,,gutim,198,
223,803.7755000000001,0.2398,144,34,8,1736,,Bb1,,,,,,,,gut_n198_5Bb1e_0,1736,,gutim,198,
223,804.0753000000001,0.1429,144,24,8,1737,,C1,,,,,,,,gut_n198_5C1s_0,1737,,gutim,198,
223,804.0753000000001,0.1429,144,34,8,1737,,Bb1,,,,,,,,gut_n198_5Bb1s_0,1737,,gutim,198,
223,804.2257000000001,0.1429,144,34,9,1738,,Bb1,,,,,,,,gut_n198_5Bb1s_1,1738,,gutim,198,
223,804.3761000000001,0.2857,144,24,9,1739,,C1,,,,,,,,gut_n198_5C1s_1,1739,,gutim,198,
223,804.6769,0.1429,144,34,9,1740,,Bb1,,,,,,,,gut_n198_5Bb1s_2,1740,,gutim,198,
223,804.8273,0.1429,144,24,9,1741,,C1,,,,,,,,gut_n198_5C1s_3,1741,,gutim,198,
223,804.9777,0.2848,144,34,9,1742,,Bb1,,,,,,,,gut_n198_5Bb1e_1,1742,,gutim,198,
223,805.2775,0.1429,144,24,10,1743,,C1,,,,,,,,gut_n198_5C1s_4,1743,,gutim,198,
223,805.4279,0.1429,144,34,10,1744,,Bb1,,,,,,,,gut_n198_5Bb1s_3,1744,,gutim,198,
223,805.5783,0.1429,144,24,10,1745,,C1,,,,,,,,gut_n198_5C1s_5,1745,,gutim,198,
223,805.7287,0.4277,144,34,10,1746,,Bb1,,,,,,,,gut_n198_5Bb1e_2,1746,,gutim,198,
223,806.1789,0.1429,144,24,11,1747,,C1,,,,,,,,gut_n198_5C1s_6,1747,,gutim,198,
223,806.3293,0.4277,144,34,11,1748,,Bb1,,,,,,,,gut_n198_5Bb1e_3,1748,,gutim,198,
223,806.7755000000001,3.6,144,24,17,1749,,C1,,,,d,,t,,gut_n198_1C1h,1749,,gutim,198,
223,806.7794,0.0789,144,45,5,1750,,A2,,,,d,,,,gut_n198_5A2t_0,1750,,gutim,198,
223,806.8625000000001,0.0789,144,30,5,1751,,F#1,,,,d,,,,gut_n198_5Fs1t_0,1751,,gutim,198,
223,806.9455,0.0789,144,37,5,1752,,C#2,,,,d,,,,gut_n198_5Cs2t_0,1752,,gutim,198,
223,807.0285,0.0789,144,45,5,1753,,A2,,,,d,,,,gut_n198_5A2t_1,1753,,gutim,198,
223,807.1115000000001,0.0789,144,37,5,1754,,C#2,,,,d,,,,gut_n198_5Cs2t_1,1754,,gutim,198,
223,807.1945000000001,0.1586,144,30,5,1755,,F#1,,,,d,,,,gut_n198_5Fs1s_0,1755,,gutim,198,
223,807.3615000000001,0.0789,144,45,5,1756,,A2,,,,d,,,,gut_n198_5A2t_2,1756,,gutim,198,
223,807.4445000000001,0.0789,144,37,5,1757,,C#2,,,,d,,,,gut_n198_5Cs2t_2,1757,,gutim,198,
223,807.5275,0.0789,144,45,5,1758,,A2,,,,d,,,,gut_n198_5A2t_3,1758,,gutim,198,
223,807.6105,0.0789,144,30,5,1759,,F#1,,,,d,,,,gut_n198_5Fs1t_1,1759,,gutim,198,
223,807.6935000000001,0.0789,144,37,5,1760,,C#2,,,,d,,,,gut_n198_5Cs2t_3,1760,,gutim,198,
223,807.7765,0.0789,144,45,5,1761,,A2,,,,d,,,,gut_n198_5A2t_4,1761,,gutim,198,
223,807.8595,0.0789,144,37,5,1762,,C#2,,,,d,,,,gut_n198_5Cs2t_4,1762,,gutim,198,
223,807.9425,0.1586,144,30,5,1763,,F#1,,,,D,,,,gut_n198_5Fs1s_1,1763,,gutim,198,
223,808.1095,0.0789,144,45,5,1764,,A2,,,,,,,,gut_n198_5A2t_5,1764,,gutim,198,
223,808.1925,0.0789,144,37,5,1765,,C#2,,,,,,,,gut_n198_5Cs2t_5,1765,,gutim,198,
,,,,,,,,,,,,,,,,,,224,,,
224,808.2755000000001,0.0789,144,45,5,1766,,A2,,,,,,t,,gut_n199_5A2t_0,1766,,gutim,199,
224,808.3585,0.0789,144,30,5,1767,,F#1,,,,,,,,gut_n199_5Fs1t_0,1767,,gutim,199,
224,808.4416,0.0789,144,37,5,1768,,C#2,,,,,,,,gut_n199_5Cs2t_0,1768,,gutim,199,
224,808.5246000000001,0.0789,144,45,5,1769,,A2,,,,,,,,gut_n199_5A2t_1,1769,,gutim,199,
224,808.6076,0.0789,144,37,5,1770,,C#2,,,,,,,,gut_n199_5Cs2t_1,1770,,gutim,199,
224,808.6906,0.1586,144,30,5,1771,,F#1,,,,,,,,gut_n199_5Fs1s_0,1771,,gutim,199,
224,808.8576,0.0789,144,45,5,1772,,A2,,e,,d,,,,gut_n199_5A2t_2,1772,,gutim,199,
224,808.9406,0.0789,144,37,5,1773,,C#2,,e,,d,,,,gut_n199_5Cs2t_2,1773,,gutim,199,
224,809.0236000000001,0.0789,144,45,5,1774,,A2,,e,,d,,,,gut_n199_5A2t_3,1774,,gutim,199,
224,809.1066000000001,0.0789,144,30,5,1775,,F#1,,e,,d,,,,gut_n199_5Fs1t_1,1775,,gutim,199,
224,809.1896,0.0789,144,37,5,1776,,C#2,,e,,d,,,,gut_n199_5Cs2t_3,1776,,gutim,199,
224,809.2726,0.0789,144,45,5,1777,,A2,,e,,d,,,,gut_n199_5A2t_4,1777,,gutim,199,
224,809.3556000000001,0.0789,144,37,5,1778,,C#2,,e,,d,,,,gut_n199_5Cs2t_4,1778,,gutim,199,
224,809.4386000000001,0.1586,144,30,5,1779,,F#1,,E,,d,,,,gut_n199_5Fs1s_1,1779,,gutim,199,
224,809.6056000000001,0.0789,144,45,5,1780,,A2,,,,,,,,gut_n199_5A2t_5,1780,,gutim,199,
224,809.6886000000001,0.0789,144,37,5,1781,,C#2,,,,,,,,gut_n199_5Cs2t_5,1781,,gutim,199,
224,809.7716,0.0789,144,45,5,1782,,A2,,,,,,t,,gut_n199_5A2t_6,1782,,gutim,199,
224,809.8546,0.0789,144,30,5,1783,,F#1,,,,,,,,gut_n199_5Fs1t_2,1783,,gutim,199,
224,809.9376000000001,0.0789,144,37,5,1784,,C#2,,,,,,,,gut_n199_5Cs2t_6,1784,,gutim,199,
224,810.0207,0.0789,144,45,5,1785,,A2,,,,,,,,gut_n199_5A2t_7,1785,,gutim,199,
224,810.1037,0.0789,144,37,5,1786,,C#2,,,,,,,,gut_n199_5Cs2t_7,1786,,gutim,199,
224,810.1867000000001,0.1586,144,30,5,1787,,F#1,,,,,,,,gut_n199_5Fs1s_2,1787,,gutim,199,
224,810.3537,0.0789,144,45,5,1788,,A2,,,,,,,,gut_n199_5A2t_8,1788,,gutim,199,
224,810.4367000000001,0.0789,144,37,5,1789,,C#2,,,,,,,,gut_n199_5Cs2t_8,1789,,gutim,199,
224,810.5197000000001,0.0789,144,45,5,1790,,A2,,,,,,,,gut_n199_5A2t_9,1790,,gutim,199,
224,810.6027,0.0789,144,30,5,1791,,F#1,,,,,,,,gut_n199_5Fs1t_3,1791,,gutim,199,
224,810.6857,0.0789,144,37,5,1792,,C#2,,,,,,,,gut_n199_5Cs2t_9,1792,,gutim,199,
224,810.7687000000001,0.0789,144,45,5,1793,,A2,,,,,,,,gut_n199_5A2t_10,1793,,gutim,199,
224,810.8517,0.0789,144,37,5,1794,,C#2,,,,,,,,gut_n199_5Cs2t_10,1794,,gutim,199,
224,810.9347,0.1586,144,30,5,1795,,F#1,,,,,,,,gut_n199_5Fs1s_3,1795,,gutim,199,
224,811.1017,0.0789,144,45,5,1796,,A2,,,,,,,,gut_n199_5A2t_11,1796,,gutim,199,
224,811.1847,0.0789,144,37,5,1797,,C#2,,,,,,,,gut_n199_5Cs2t_11,1797,,gutim,199,
224,811.2755000000001,2.4,144,73,8,1798,,C#5,,,,,,t,,gut_n199_1Cs5h,1798,,gutim,199,
224,811.4347,0.0789,144,37,5,1799,,C#2,,,,,,,,gut_n199_5Cs2t_12,1799,,gutim,199,
224,811.5177,0.0789,144,45,5,1800,,A2,,,,,,,,gut_n199_5A2t_12,1800,,gutim,199,
224,811.6007000000001,0.0789,144,37,5,1801,,C#2,,,,,,,,gut_n199_5Cs2t_13,1801,,gutim,199,
224,811.6837,0.1586,144,30,5,1802,,F#1,,,,,,,,gut_n199_5Fs1s_4,1802,,gutim,199,
224,811.8507000000001,0.0789,144,45,6,1803,,A2,,,,,,,,gut_n199_5A2t_13,1803,,gutim,199,
224,811.9337,0.0789,144,37,6,1804,,C#2,,,,,,,,gut_n199_5Cs2t_14,1804,,gutim,199,
224,812.0168,0.0789,144,45,6,1805,,A2,,,,,,,,gut_n199_5A2t_14,1805,,gutim,199,
224,812.0998000000001,0.0789,144,30,6,1806,,F#1,,,,,,,,gut_n199_5Fs1t_4,1806,,gutim,199,
224,812.1828,0.0789,144,37,6,1807,,C#2,,,,,,,,gut_n199_5Cs2t_15,1807,,gutim,199,
224,812.2658,0.0789,144,45,6,1808,,A2,,,,,,,,gut_n199_5A2t_15,1808,,gutim,199,
224,812.3488000000001,0.0789,144,37,7,1809,,C#2,,,,,,,,gut_n199_5Cs2t_16,1809,,gutim,199,
224,812.4318000000001,0.1586,144,30,7,1810,,F#1,,,,,,,,gut_n199_5Fs1s_5,1810,,gutim,199,
224,812.5988000000001,0.0789,144,45,7,1811,,A2,,,,,,,,gut_n199_5A2t_16,1811,,gutim,199,
224,812.6818000000001,0.0789,144,37,7,1812,,C#2,,,,,,,,gut_n199_5Cs2t_17,1812,,gutim,199,
,,,,,,,,,,,,,,,,,,225,,,
225,812.7755000000001,0.0789,144,45,7,1813,,A2,,,,,,T,5969,gut_n200_5A2t_0,1813,,gutim,200,
225,812.8585,0.0789,144,30,7,1814,,F#1,,,,,,,,gut_n200_5Fs1t_0,1814,,gutim,200,
225,812.9416,0.0789,144,37,8,1815,,C#2,,,,,,,,gut_n200_5Cs2t_0,1815,,gutim,200,
225,813.0246000000001,0.0789,144,45,8,1816,,A2,,,,,,,,gut_n200_5A2t_1,1816,,gutim,200,
225,813.1076,0.0789,144,37,8,1817,,C#2,,,,,,,,gut_n200_5Cs2t_1,1817,,gutim,200,
225,813.1906,0.1586,144,30,8,1818,,F#1,,,,,,,,gut_n200_5Fs1s_0,1818,,gutim,200,
225,813.3576,0.0789,144,45,8,1819,,A2,,,,,,,,gut_n200_5A2t_2,1819,,gutim,200,
225,813.4406,0.0789,144,37,8,1820,,C#2,,,,,,,,gut_n200_5Cs2t_2,1820,,gutim,200,
225,813.5236000000001,0.0789,144,45,9,1821,,A2,,,,,,,,gut_n200_5A2t_3,1821,,gutim,200,
225,813.6066000000001,0.0789,144,30,9,1822,,F#1,,,,,,,,gut_n200_5Fs1t_1,1822,,gutim,200,
225,813.6896,0.0789,144,37,9,1823,,C#2,,,,,,,,gut_n200_5Cs2t_3,1823,,gutim,200,
225,813.7726,0.0789,144,45,9,1824,,A2,,,,,,,,gut_n200_5A2t_4,1824,,gutim,200,
225,813.8556000000001,0.0789,144,37,9,1825,,C#2,,,,,,,,gut_n200_5Cs2t_4,1825,,gutim,200,
225,813.9386000000001,0.3164,144,30,9,1826,,F#1,,,,,,,,gut_n200_5Fs1e,1826,,gutim,200,
225,814.2716,0.0789,144,45,5,1827,,A2,,e,,d,,,,gut_n200_5A2t_5,1827,,gutim,200,
225,814.2755000000001,2.4,144,24,14,1828,,C1,,,,d,,,,gut_n200_1C1w,1828,,gutim,200,
225,814.3546,0.0789,144,30,5,1829,,F#1,,e,,,,,,gut_n200_5Fs1t_2,1829,,gutim,200,
225,814.4376000000001,0.0789,144,37,5,1830,,C#2,,e,,,,,,gut_n200_5Cs2t_5,1830,,gutim,200,
225,814.5207,0.0789,144,45,5,1831,,A2,,e,,,,,,gut_n200_5A2t_6,1831,,gutim,200,
225,814.6037,0.0789,144,37,5,1832,,C#2,,e,,,,,,gut_n200_5Cs2t_6,1832,,gutim,200,
225,814.6867000000001,0.1586,144,30,5,1833,,F#1,,E,,,,,,gut_n200_5Fs1s_1,1833,,gutim,200,
225,814.8537,0.0789,144,45,5,1834,,A2,,,,,,,,gut_n200_5A2t_7,1834,,gutim,200,
225,814.9367000000001,0.0789,144,37,5,1835,,C#2,,,,,,,,gut_n200_5Cs2t_7,1835,,gutim,200,
225,815.0197000000001,0.0789,144,45,5,1836,,A2,,,,,,,,gut_n200_5A2t_8,1836,,gutim,200,
225,815.1027,0.0789,144,30,5,1837,,F#1,,,,,,,,gut_n200_5Fs1t_3,1837,,gutim,200,
225,815.1857,0.0789,144,37,5,1838,,C#2,,,,,,,,gut_n200_5Cs2t_8,1838,,gutim,200,
225,815.2687000000001,0.0789,144,45,5,1839,,A2,,,,,,,,gut_n200_5A2t_9,1839,,gutim,200,
225,815.3517,0.0789,144,37,5,1840,,C#2,,,,,,,,gut_n200_5Cs2t_9,1840,,gutim,200,
225,815.4347,0.1586,144,30,5,1841,,F#1,,,,,,,,gut_n200_5Fs1s_2,1841,,gutim,200,
225,815.6017,0.0789,144,45,5,1842,,A2,,,,,,,,gut_n200_5A2t_10,1842,,gutim,200,
225,815.6847,0.0789,144,37,5,1843,,C#2,,,,,,,,gut_n200_5Cs2t_10,1843,,gutim,200,
225,815.7677,0.0789,144,45,5,1844,,A2,,,,,,,,gut_n200_5A2t_11,1844,,gutim,200,
225,815.8507000000001,0.0789,144,30,5,1845,,F#1,,,,,,,,gut_n200_5Fs1t_4,1845,,gutim,200,
225,815.9337,0.0789,144,37,5,1846,,C#2,,,,,,,,gut_n200_5Cs2t_11,1846,,gutim,200,
225,816.0168,0.0789,144,45,5,1847,,A2,,,,,,,,gut_n200_5A2t_12,1847,,gutim,200,
225,816.0998000000001,0.0789,144,37,5,1848,,C#2,,,,,,,,gut_n200_5Cs2t_12,1848,,gutim,200,
225,816.1828,0.1586,144,30,5,1849,,F#1,,,,,,,,gut_n200_5Fs1s_3,1849,,gutim,200,
225,816.3498000000001,0.0789,144,45,5,1850,,A2,,,,,,,,gut_n200_5A2t_13,1850,,gutim,200,
225,816.4328,0.0789,144,37,5,1851,,C#2,,,,,,,,gut_n200_5Cs2t_13,1851,,gutim,200,
225,816.5158,0.0789,144,45,5,1852,,A2,,,,,,,,gut_n200_5A2t_14,1852,,gutim,200,
225,816.5988000000001,0.0789,144,30,5,1853,,F#1,,,,,,,,gut_n200_5Fs1t_5,1853,,gutim,200,
225,816.6818000000001,0.0789,144,37,5,1854,,C#2,,,,,,,,gut_n200_5Cs2t_14,1854,,gutim,200,
225,816.7648,0.0789,144,45,5,1855,,A2,,,,,,,,gut_n200_5A2t_15,1855,,gutim,200,
225,816.8478,0.0789,144,37,5,1856,,C#2,,,,,,,,gut_n200_5Cs2t_15,1856,,gutim,200,
225,816.9308000000001,0.1586,144,30,5,1857,,F#1,,,,,,,,gut_n200_5Fs1s_4,1857,,gutim,200,
225,817.0978,0.0789,144,45,5,1858,,A2,,,,d,,,,gut_n200_5A2t_16,1858,,gutim,200,
225,817.1808000000001,0.0789,144,37,5,1859,,C#2,,,,D,,,,gut_n200_5Cs2t_16,1859,,gutim,200,
,,,,,,,5968,,,,,,,,,,,,gutim,,
,,,,,,,,,,,,,,,,,,226,,,
226,817.2755000000001,3.6,144,88,17,1860,,E6,,,,d,,,,gut_n201_1E6w,1860,,gutim,201,
226,817.2755000000001,0.1336,144,24,17,1860,,C1,,,,d,,,,gut_n201_5C1s,1860,,gutim,201,
226,817.4425,0.0789,144,37,5,1861,,C#2,,,,d,,,,gut_n201_5Cs2t_0,1861,,gutim,201,
226,817.5255000000001,0.0789,144,30,5,1862,,F#1,,,,d,,,,gut_n201_5Fs1t_0,1862,,gutim,201,
226,817.6085,0.1586,144,37,5,1863,,C#2,,,,d,,,,gut_n201_5Cs2s_0,1863,,gutim,201,
226,817.7755000000001,0.0789,144,30,5,1864,,F#1,,e,,d,,,,gut_n201_5Fs1t_1,1864,,gutim,201,
226,817.8585,0.0789,144,45,5,1865,,A2,,e,,d,,,,gut_n201_5A2t_0,1865,,gutim,201,
226,817.9416,0.0789,144,37,5,1866,,C#2,,e,,d,,,,gut_n201_5Cs2t_1,1866,,gutim,201,
226,818.0246000000001,0.0789,144,45,5,1867,,A2,,e,,d,,,,gut_n201_5A2t_1,1867,,gutim,201,
226,818.1076,0.0789,144,30,5,1868,,F#1,,e,,d,,,,gut_n201_5Fs1t_2,1868,,gutim,201,
226,818.1906,0.0789,144,37,5,1869,,C#2,,e,,d,,,,gut_n201_5Cs2t_2,1869,,gutim,201,
226,818.2736000000001,0.0789,144,30,5,1870,,F#1,,e,,d,,,,gut_n201_5Fs1t_3,1870,,gutim,201,
226,818.3566000000001,0.1586,144,37,5,1871,,C#2,,E,,d,,,,gut_n201_5Cs2s_1,1871,,gutim,201,
226,818.5236000000001,0.0789,144,30,5,1872,,F#1,,,,,,,,gut_n201_5Fs1t_4,1872,,gutim,201,
226,818.6066000000001,0.0789,144,45,5,1873,,A2,,,,,,,,gut_n201_5A2t_2,1873,,gutim,201,
226,818.6896,0.0789,144,37,5,1874,,C#2,,,,,,,,gut_n201_5Cs2t_3,1874,,gutim,201,
226,818.7726,0.0789,144,45,5,1875,,A2,,,,,,,,gut_n201_5A2t_3,1875,,gutim,201,
226,818.8556000000001,0.0789,144,30,5,1876,,F#1,,,,,,,,gut_n201_5Fs1t_5,1876,,gutim,201,
226,818.9386000000001,0.0789,144,37,5,1877,,C#2,,,,,,,,gut_n201_5Cs2t_4,1877,,gutim,201,
226,819.0216,0.0789,144,30,5,1878,,F#1,,,,,,,,gut_n201_5Fs1t_6,1878,,gutim,201,
226,819.1046,0.1586,144,37,5,1879,,C#2,,,,,,,,gut_n201_5Cs2s_2,1879,,gutim,201,
226,819.2716,0.0789,144,30,5,1880,,F#1,,,,,,,,gut_n201_5Fs1t_7,1880,,gutim,201,
226,819.3546,0.0789,144,45,5,1881,,A2,,,,,,,,gut_n201_5A2t_4,1881,,gutim,201,
226,819.4376000000001,0.0789,144,37,5,1882,,C#2,,,,,,,,gut_n201_5Cs2t_5,1882,,gutim,201,
226,819.5207,0.0789,144,45,5,1883,,A2,,,,,,,,gut_n201_5A2t_5,1883,,gutim,201,
226,819.6037,0.0789,144,30,5,1884,,F#1,,,,,,,,gut_n201_5Fs1t_8,1884,,gutim,201,
226,819.6867000000001,0.0789,144,37,5,1885,,C#2,,,,,,,,gut_n201_5Cs2t_6,1885,,gutim,201,
226,819.7697000000001,0.0789,144,30,5,1886,,F#1,,,,,,,,gut_n201_5Fs1t_9,1886,,gutim,201,
226,819.8527,0.1586,144,37,5,1887,,C#2,,,,,,,,gut_n201_5Cs2s_3,1887,,gutim,201,
226,820.0197000000001,0.0789,144,30,5,1888,,F#1,,,,,,,,gut_n201_5Fs1t_10,1888,,gutim,201,
226,820.1027,0.0789,144,45,5,1889,,A2,,,,,,,,gut_n201_5A2t_6,1889,,gutim,201,
226,820.1857,0.0789,144,37,5,1890,,C#2,,,,,,,,gut_n201_5Cs2t_7,1890,,gutim,201,
226,820.2687000000001,0.0789,144,45,5,1891,,A2,,,,,,,,gut_n201_5A2t_7,1891,,gutim,201,
226,820.3517,0.0789,144,30,5,1892,,F#1,,,,,,,,gut_n201_5Fs1t_11,1892,,gutim,201,
226,820.4347,0.0789,144,37,5,1893,,C#2,,,,,,,,gut_n201_5Cs2t_8,1893,,gutim,201,
226,820.5177,0.0789,144,30,5,1894,,F#1,,,,,,,,gut_n201_5Fs1t_12,1894,,gutim,201,
226,820.6007000000001,0.1586,144,37,5,1895,,C#2,,,,,,,,gut_n201_5Cs2s_4,1895,,gutim,201,
226,820.7677,0.0789,144,30,5,1896,,F#1,,e,,d,,,,gut_n201_5Fs1t_13,1896,,gutim,201,
226,820.8507000000001,0.0789,144,45,5,1897,,A2,,e,,d,,,,gut_n201_5A2t_8,1897,,gutim,201,
226,820.9337,0.0789,144,37,5,1898,,C#2,,e,,d,,,,gut_n201_5Cs2t_9,1898,,gutim,201,
226,821.0168,0.0789,144,45,5,1899,,A2,,e,,d,,,,gut_n201_5A2t_9,1899,,gutim,201,
226,821.0998000000001,0.0789,144,30,5,1900,,F#1,,e,,d,,,,gut_n201_5Fs1t_14,1900,,gutim,201,
226,821.1828,0.0789,144,37,5,1901,,C#2,,e,,d,,,,gut_n201_5Cs2t_10,1901,,gutim,201,
226,821.2658,0.0789,144,30,5,1902,,F#1,,e,,d,,,,gut_n201_5Fs1t_15,1902,,gutim,201,
226,821.3488000000001,0.1586,144,37,5,1903,,C#2,,E,,d,,,,gut_n201_5Cs2s_5,1903,,gutim,201,
226,821.5158,0.0789,144,30,5,1904,,F#1,,,,,,,,gut_n201_5Fs1t_16,1904,,gutim,201,
226,821.5988000000001,0.0789,144,45,5,1905,,A2,,,,,,,,gut_n201_5A2t_10,1905,,gutim,201,
226,821.6818000000001,0.0789,144,37,5,1906,,C#2,,,,,,,,gut_n201_5Cs2t_11,1906,,gutim,201,
,,,,,,,,,,,,,,,,,,227,,,
227,821.7755000000001,0.2398,144,24,8,1907,,C1,,,,,,,,gut_n202_1C1e,1907,,gutim,202,
227,821.7755000000001,0.2398,144,34,8,1907,,Bb1,,,,,,,,gut_n202_1Bb1e_0,1907,,gutim,202,
227,821.7755000000001,0.0789,144,45,5,1907,,A2,,,,,,,,gut_n202_5A2t_0,1907,,gutim,202,
227,821.8585,0.0789,144,30,5,1908,,F#1,,,,,,,,gut_n202_5Fs1t_0,1908,,gutim,202,
227,821.9416,0.0789,144,37,5,1909,,C#2,,,,,,,,gut_n202_5Cs2t_0,1909,,gutim,202,
227,822.0246000000001,0.0789,144,30,5,1910,,F#1,,,,,,,,gut_n202_5Fs1t_1,1910,,gutim,202,
227,822.0753000000001,0.1429,144,24,8,1911,,C1,,,,,,,,gut_n202_1C1s_0,1911,,gutim,202,
227,822.0753000000001,0.1429,144,34,8,1911,,Bb1,,,,,,,,gut_n202_1Bb1s_0,1911,,gutim,202,
227,822.1076,0.1586,144,37,5,1912,,C#2,,,,,,,,gut_n202_5Cs2s_0,1912,,gutim,202,
227,822.2257000000001,0.1429,144,34,9,1913,,Bb1,,,,,,,,gut_n202_1Bb1s_1,1913,,gutim,202,
227,822.2746000000001,0.0789,144,30,5,1914,,F#1,,e,,d,,,,gut_n202_5Fs1t_2,1914,,gutim,202,
227,822.3576,0.0789,144,45,5,1915,,A2,,e,,d,,,,gut_n202_5A2t_1,1915,,gutim,202,
227,822.3761000000001,0.2857,144,24,9,1916,,C1,,,,,,,,gut_n202_1C1s_1,1916,,gutim,202,
227,822.4406,0.0789,144,37,5,1917,,C#2,,e,,d,,,,gut_n202_5Cs2t_1,1917,,gutim,202,
227,822.5236000000001,0.0789,144,45,5,1918,,A2,,e,,d,,,,gut_n202_5A2t_2,1918,,gutim,202,
227,822.6066000000001,0.0789,144,30,5,1919,,F#1,,e,,d,,,,gut_n202_5Fs1t_3,1919,,gutim,202,
227,822.6769,0.1429,144,34,9,1920,,Bb1,,,,,,,,gut_n202_1Bb1s_2,1920,,gutim,202,
227,822.6896,0.0789,144,37,5,1921,,C#2,,e,,d,,,,gut_n202_5Cs2t_2,1921,,gutim,202,
227,822.7726,0.0789,144,30,5,1922,,F#1,,e,,d,,,,gut_n202_5Fs1t_4,1922,,gutim,202,
227,822.8273,0.1429,144,24,10,1923,,C1,,,,,,,,gut_n202_1C1s_3,1923,,gutim,202,
227,822.8556000000001,0.1586,144,37,5,1924,,C#2,,E,,d,,,,gut_n202_5Cs2s_1,1924,,gutim,202,
227,822.9777,0.2848,144,34,10,1925,,Bb1,,,,,,,,gut_n202_1Bb1e_1,1925,,gutim,202,
227,823.0226,0.0789,144,30,5,1926,,F#1,,,,,,,,gut_n202_5Fs1t_5,1926,,gutim,202,
227,823.1056000000001,0.0789,144,45,5,1927,,A2,,,,,,,,gut_n202_5A2t_3,1927,,gutim,202,
227,823.1886000000001,0.0789,144,37,5,1928,,C#2,,,,,,,,gut_n202_5Cs2t_3,1928,,gutim,202,
227,823.2716,0.0789,144,45,5,1929,,A2,,,,,,,,gut_n202_5A2t_4,1929,,gutim,202,
227,823.2775,0.1429,144,24,10,1930,,C1,,,,,,,,gut_n202_1C1s_4,1930,,gutim,202,
227,823.3546,0.0789,144,30,5,1931,,F#1,,,,,,,,gut_n202_5Fs1t_6,1931,,gutim,202,
227,823.4279,0.1429,144,34,11,1932,,Bb1,,,,,,,,gut_n202_1Bb1s_3,1932,,gutim,202,
227,823.4376000000001,0.0789,144,37,5,1933,,C#2,,,,,,,,gut_n202_5Cs2t_4,1933,,gutim,202,
227,823.5207,0.0789,144,30,5,1934,,F#1,,,,,,,,gut_n202_5Fs1t_7,1934,,gutim,202,
227,823.5783,0.1429,144,24,11,1935,,C1,,,,,,,,gut_n202_1C1s_5,1935,,gutim,202,
227,823.6037,0.1586,144,37,5,1936,,C#2,,,,,,,,gut_n202_5Cs2s_2,1936,,gutim,202,
227,823.7287,0.4277,144,34,11,1937,,Bb1,,,,,,,,gut_n202_1Bb1e_2,1937,,gutim,202,
227,823.7707,0.0789,144,30,5,1938,,F#1,,e,,d,,,,gut_n202_5Fs1t_8,1938,,gutim,202,
227,823.8537,0.0789,144,45,5,1939,,A2,,e,,d,,,,gut_n202_5A2t_5,1939,,gutim,202,
227,823.9367000000001,0.0789,144,37,5,1940,,C#2,,e,,d,,,,gut_n202_5Cs2t_5,1940,,gutim,202,
227,824.0197000000001,0.0789,144,45,5,1941,,A2,,e,,d,,,,gut_n202_5A2t_6,1941,,gutim,202,
227,824.1027,0.0789,144,30,5,1942,,F#1,,e,,d,,,,gut_n202_5Fs1t_9,1942,,gutim,202,
227,824.1789,0.1429,144,24,12,1943,,C1,,,,,,,,gut_n202_1C1s_6,1943,,gutim,202,
227,824.1857,0.0789,144,37,5,1944,,C#2,,e,,d,,,,gut_n202_5Cs2t_6,1944,,gutim,202,
227,824.2687000000001,0.0789,144,30,5,1945,,F#1,,e,,d,,,,gut_n202_5Fs1t_10,1945,,gutim,202,
227,824.3293,0.424,144,34,12,1946,,Bb1,,,,,,,,gut_n202_1Bb1e_3,1946,,gutim,202,
227,824.3517,0.1586,144,37,5,1947,,C#2,,E,,d,,,,gut_n202_5Cs2s_3,1947,,gutim,202,
227,824.5187000000001,0.0789,144,30,5,1948,,F#1,,,,,,,,gut_n202_5Fs1t_11,1948,,gutim,202,
227,824.6017,0.0789,144,45,5,1949,,A2,,,,,,,,gut_n202_5A2t_7,1949,,gutim,202,
227,824.6847,0.0789,144,37,5,1950,,C#2,,,,,,,,gut_n202_5Cs2t_7,1950,,gutim,202,
227,824.7677,0.0789,144,45,5,1951,,A2,,,,,,,,gut_n202_5A2t_8,1951,,gutim,202,
227,824.8507000000001,0.0789,144,30,5,1952,,F#1,,,,,,,,gut_n202_5Fs1t_12,1952,,gutim,202,
227,824.9337,0.0789,144,37,5,1953,,C#2,,,,,,,,gut_n202_5Cs2t_8,1953,,gutim,202,
227,825.0168,0.0789,144,30,5,1954,,F#1,,,,,,,,gut_n202_5Fs1t_13,1954,,gutim,202,
227,825.0998000000001,0.1586,144,37,5,1955,,C#2,,,,,,,,gut_n202_5Cs2s_4,1955,,gutim,202,
227,825.2668,0.0789,144,30,5,1956,,F#1,,,,,,,,gut_n202_5Fs1t_14,1956,,gutim,202,
227,825.3498000000001,0.0789,144,45,5,1957,,A2,,,,,,,,gut_n202_5A2t_9,1957,,gutim,202,
227,825.4328,0.0789,144,37,5,1958,,C#2,,,,,,,,gut_n202_5Cs2t_9,1958,,gutim,202,
227,825.5158,0.0789,144,45,5,1959,,A2,,,,,,,,gut_n202_5A2t_10,1959,,gutim,202,
227,825.5988000000001,0.0789,144,30,5,1960,,F#1,,,,,,,,gut_n202_5Fs1t_15,1960,,gutim,202,
227,825.6818000000001,0.0789,144,37,5,1961,,C#2,,,,,,,,gut_n202_5Cs2t_10,1961,,gutim,202,
227,825.7648,0.0789,144,30,5,1962,,F#1,,,,,,,,gut_n202_5Fs1t_16,1962,,gutim,202,
227,825.8478,0.1586,144,37,5,1963,,C#2,,,,,,,,gut_n202_5Cs2s_5,1963,,gutim,202,
227,826.0148,0.0789,144,30,5,1964,,F#1,,,,,,,,gut_n202_5Fs1t_17,1964,,gutim,202,
227,826.0978,0.0789,144,45,5,1965,,A2,,,,,,,,gut_n202_5A2t_11,1965,,gutim,202,
227,826.1808000000001,0.0789,144,37,5,1966,,C#2,,,,,,,,gut_n202_5Cs2t_11,1966,,gutim,202,
,,,,,,,,,,,,,,,,,,228,,,
228,826.2755000000001,0.0789,144,45,5,1967,,A2,,,,,,,,gut_n203_5A2t_0,1967,,gutim,203,
228,826.3585,0.0789,144,30,5,1968,,F#1,,,,,,,,gut_n203_5Fs1t_0,1968,,gutim,203,
228,826.4416,0.0789,144,37,5,1969,,C#2,,,,,,,,gut_n203_5Cs2t_0,1969,,gutim,203,
228,826.5246000000001,0.0789,144,30,5,1970,,F#1,,,,,,,,gut_n203_5Fs1t_1,1970,,gutim,203,
228,826.6076,0.1586,144,37,5,1971,,C#2,,,,,,,,gut_n203_5Cs2s_0,1971,,gutim,203,
228,826.7746000000001,0.0789,144,30,5,1972,,F#1,,,,,,,,gut_n203_5Fs1t_2,1972,,gutim,203,
228,826.8576,0.0789,144,45,5,1973,,A2,,,,,,,,gut_n203_5A2t_1,1973,,gutim,203,
228,826.9406,0.0789,144,37,5,1974,,C#2,,,,,,,,gut_n203_5Cs2t_1,1974,,gutim,203,
228,827.0236000000001,0.0789,144,45,5,1975,,A2,,,,,,,,gut_n203_5A2t_2,1975,,gutim,203,
228,827.1066000000001,0.0789,144,30,5,1976,,F#1,,,,,,,,gut_n203_5Fs1t_3,1976,,gutim,203,
228,827.1896,0.0789,144,37,5,1977,,C#2,,,,,,,,gut_n203_5Cs2t_2,1977,,gutim,203,
228,827.2726,0.0789,144,30,5,1978,,F#1,,,,,,,,gut_n203_5Fs1t_4,1978,,gutim,203,
228,827.3556000000001,0.1586,144,37,5,1979,,C#2,,,,,,,,gut_n203_5Cs2s_1,1979,,gutim,203,
228,827.5226,0.0789,144,30,5,1980,,F#1,,,,,,,,gut_n203_5Fs1t_5,1980,,gutim,203,
228,827.6056000000001,0.0789,144,45,5,1981,,A2,,,,,,,,gut_n203_5A2t_3,1981,,gutim,203,
228,827.6886000000001,0.0789,144,37,5,1982,,C#2,,,,,,,,gut_n203_5Cs2t_3,1982,,gutim,203,
228,827.7716,0.0789,144,45,5,1983,,A2,,,,,,,,gut_n203_5A2t_4,1983,,gutim,203,
228,827.8546,0.0789,144,30,5,1984,,F#1,,,,,,,,gut_n203_5Fs1t_6,1984,,gutim,203,
228,827.9376000000001,0.0789,144,37,5,1985,,C#2,,,,,,,,gut_n203_5Cs2t_4,1985,,gutim,203,
228,828.0207,0.0789,144,30,5,1986,,F#1,,,,,,,,gut_n203_5Fs1t_7,1986,,gutim,203,
228,828.1037,0.1586,144,37,5,1987,,C#2,,,,,,,,gut_n203_5Cs2s_2,1987,,gutim,203,
228,828.2707,0.0789,144,30,5,1988,,F#1,,,,,,,,gut_n203_5Fs1t_8,1988,,gutim,203,
228,828.3537,0.0789,144,45,5,1989,,A2,,,,,,,,gut_n203_5A2t_5,1989,,gutim,203,
228,828.4367000000001,0.0789,144,37,5,1990,,C#2,,,,,,,,gut_n203_5Cs2t_5,1990,,gutim,203,
228,828.5197000000001,0.0789,144,45,5,1991,,A2,,,,,,,,gut_n203_5A2t_6,1991,,gutim,203,
228,828.6027,0.0789,144,30,5,1992,,F#1,,,,,,,,gut_n203_5Fs1t_9,1992,,gutim,203,
228,828.6857,0.0789,144,37,5,1993,,C#2,,,,,,,,gut_n203_5Cs2t_6,1993,,gutim,203,
228,828.7687000000001,0.0789,144,30,5,1994,,F#1,,,,,,,,gut_n203_5Fs1t_10,1994,,gutim,203,
228,828.8517,0.1586,144,37,5,1995,,C#2,,,,,,,,gut_n203_5Cs2s_3,1995,,gutim,203,
228,829.0187000000001,0.0789,144,30,5,1996,,F#1,,,,,,,,gut_n203_5Fs1t_11,1996,,gutim,203,
228,829.1017,0.0789,144,45,5,1997,,A2,,,,,,,,gut_n203_5A2t_7,1997,,gutim,203,
228,829.1847,0.0789,144,37,5,1998,,C#2,,,,,,,,gut_n203_5Cs2t_7,1998,,gutim,203,
228,829.2677,0.0789,144,45,5,1999,,A2,,,,,,,,gut_n203_5A2t_8,1999,,gutim,203,
228,829.3507000000001,0.0789,144,30,5,2000,,F#1,,,,,,,,gut_n203_5Fs1t_12,2000,,gutim,203,
228,829.4337,0.0789,144,37,5,2001,,C#2,,,,,,,,gut_n203_5Cs2t_8,2001,,gutim,203,
228,829.5168,0.0789,144,30,5,2002,,F#1,,,,,,,,gut_n203_5Fs1t_13,2002,,gutim,203,
228,829.5998000000001,0.1586,144,37,5,2003,,C#2,,,,,,,,gut_n203_5Cs2s_4,2003,,gutim,203,
228,829.7668,0.0789,144,30,5,2004,,F#1,,e,,d,,,,gut_n203_5Fs1t_14,2004,,gutim,203,
228,829.8498000000001,0.0789,144,45,5,2005,,A2,,e,,d,,,,gut_n203_5A2t_9,2005,,gutim,203,
228,829.9328,0.0789,144,37,5,2006,,C#2,,e,,d,,,,gut_n203_5Cs2t_9,2006,,gutim,203,
228,830.0158,0.0789,144,45,5,2007,,A2,,e,,d,,,,gut_n203_5A2t_10,2007,,gutim,203,
228,830.0988000000001,0.0789,144,30,5,2008,,F#1,,e,,d,,,,gut_n203_5Fs1t_15,2008,,gutim,203,
228,830.1818000000001,0.0789,144,37,5,2009,,C#2,,e,,d,,,,gut_n203_5Cs2t_10,2009,,gutim,203,
228,830.2648,0.0789,144,30,5,2010,,F#1,,e,,d,,,,gut_n203_5Fs1t_16,2010,,gutim,203,
228,830.3478,0.1586,144,37,5,2011,,C#2,,E,,d,,,,gut_n203_5Cs2s_5,2011,,gutim,203,
228,830.5148,0.0789,144,30,5,2012,,F#1,,,,,,,,gut_n203_5Fs1t_17,2012,,gutim,203,
228,830.5978,0.0789,144,45,5,2013,,A2,,,,d,,,,gut_n203_5A2t_11,2013,,gutim,203,
228,830.6808000000001,0.0789,144,37,5,2014,,C#2,,,,d,,,,gut_n203_5Cs2t_11,2014,,gutim,203,
,,,,,,,,,,,,,,,,,,229,,,
229,830.7755000000001,0.7914,144,80,17,2015,,G#5,,,,d,,,,gut_n204_1Gs5q,2015,,gutim,204,
229,830.7755000000001,0.7125,144,88,17,2015,,E6,,,,d,,,,gut_n204_1E6q,2015,,gutim,204,
229,830.7755000000001,0.1336,144,24,17,2015,,C1,,,,d,,,,gut_n204_5C1s,2015,,gutim,204,
229,830.9425,0.0789,144,37,5,2016,,C#2,,,,d,,,,gut_n204_5Cs2t_0,2016,,gutim,204,
229,831.0255000000001,0.0789,144,30,5,2017,,F#1,,,,d,,,,gut_n204_5Fs1t_0,2017,,gutim,204,
229,831.1085,0.1586,144,37,5,2018,,C#2,,,,D,,,,gut_n204_5Cs2s_0,2018,,gutim,204,
229,831.2755000000001,0.0789,144,30,5,2019,,F#1,,,,,,,,gut_n204_5Fs1t_1,2019,,gutim,204,
229,831.3585,0.0789,144,45,5,2020,,A2,,,,,,,,gut_n204_5A2t_0,2020,,gutim,204,
229,831.4416,0.0789,144,37,5,2021,,C#2,,,,,,,,gut_n204_5Cs2t_1,2021,,gutim,204,
229,831.5246000000001,0.0789,144,45,5,2022,,A2,,,,,,,,gut_n204_5A2t_1,2022,,gutim,204,
229,831.6085,0.3164,144,81,14,2023,,A5,,,,,,,,gut_n204_1A5e,2023,,gutim,204,
229,831.6076,0.0789,144,30,5,2023,,F#1,,,,,,,,gut_n204_5Fs1t_2,2023,,gutim,204,
229,831.6906,0.0789,144,37,5,2024,,C#2,,,,,,,,gut_n204_5Cs2t_2,2024,,gutim,204,
229,831.7736000000001,0.0789,144,30,5,2025,,F#1,,,,,,,,gut_n204_5Fs1t_3,2025,,gutim,204,
229,831.8566000000001,0.1586,144,37,5,2026,,C#2,,,,,,,,gut_n204_5Cs2s_1,2026,,gutim,204,
229,831.9416,3.1673,144,54,11,2027,,F#3,,,,,,,,gut_n204_1Fs3e,2027,,gutim,204,
229,832.0236000000001,0.0789,144,30,5,2028,,F#1,,,,,,,,gut_n204_5Fs1t_4,2028,,gutim,204,
229,832.1066000000001,0.0789,144,45,5,2029,,A2,,,,,,,,gut_n204_5A2t_2,2029,,gutim,204,
229,832.1896,0.0789,144,37,5,2030,,C#2,,,,,,,,gut_n204_5Cs2t_3,2030,,gutim,204,
229,832.2726,0.0789,144,45,5,2031,,A2,,,,,,,,gut_n204_5A2t_3,2031,,gutim,204,
229,832.3556000000001,0.0789,144,30,5,2032,,F#1,,,,,,,,gut_n204_5Fs1t_5,2032,,gutim,204,
229,832.4386000000001,0.0789,144,37,5,2033,,C#2,,,,,,,,gut_n204_5Cs2t_4,2033,,gutim,204,
229,832.5216,0.0789,144,30,5,2034,,F#1,,,,,,,,gut_n204_5Fs1t_6,2034,,gutim,204,
229,832.6046,0.1586,144,37,5,2035,,C#2,,,,,,,,gut_n204_5Cs2s_2,2035,,gutim,204,
229,832.7716,0.0789,144,30,5,2036,,F#1,,,,,,,,gut_n204_5Fs1t_7,2036,,gutim,204,
229,832.8546,0.0789,144,45,5,2037,,A2,,,,,,,,gut_n204_5A2t_4,2037,,gutim,204,
229,832.9376000000001,0.0789,144,37,5,2038,,C#2,,,,,,,,gut_n204_5Cs2t_5,2038,,gutim,204,
229,833.0207,0.0789,144,45,5,2039,,A2,,,,,,,,gut_n204_5A2t_5,2039,,gutim,204,
229,833.1037,0.0789,144,30,5,2040,,F#1,,,,,,,,gut_n204_5Fs1t_8,2040,,gutim,204,
229,833.1867000000001,0.0789,144,37,5,2041,,C#2,,,,,,,,gut_n204_5Cs2t_6,2041,,gutim,204,
229,833.2697000000001,0.0789,144,30,5,2042,,F#1,,,,,,,,gut_n204_5Fs1t_9,2042,,gutim,204,
229,833.3527,0.1586,144,37,5,2043,,C#2,,,,,,,,gut_n204_5Cs2s_3,2043,,gutim,204,
229,833.5197000000001,0.0789,144,30,5,2044,,F#1,,,,,,,,gut_n204_5Fs1t_10,2044,,gutim,204,
229,833.6027,0.0789,144,45,5,2045,,A2,,,,,,,,gut_n204_5A2t_6,2045,,gutim,204,
229,833.6857,0.0789,144,37,5,2046,,C#2,,,,,,,,gut_n204_5Cs2t_7,2046,,gutim,204,
229,833.7687000000001,0.0789,144,45,5,2047,,A2,,,,,,,,gut_n204_5A2t_7,2047,,gutim,204,
229,833.8517,0.0789,144,30,5,2048,,F#1,,,,,,,,gut_n204_5Fs1t_11,2048,,gutim,204,
229,833.9347,0.0789,144,37,5,2049,,C#2,,,,,,,,gut_n204_5Cs2t_8,2049,,gutim,204,
229,834.0177,0.0789,144,30,5,2050,,F#1,,,,,,,,gut_n204_5Fs1t_12,2050,,gutim,204,
229,834.1007000000001,0.1586,144,37,5,2051,,C#2,,,,,,,,gut_n204_5Cs2s_4,2051,,gutim,204,
229,834.2677,0.0789,144,30,5,2052,,F#1,,e,,d,,,,gut_n204_5Fs1t_13,2052,,gutim,204,
229,834.3507000000001,0.0789,144,45,5,2053,,A2,,e,,d,,,,gut_n204_5A2t_8,2053,,gutim,204,
229,834.4337,0.0789,144,37,5,2054,,C#2,,E,5969,D,5969,,,gut_n204_5Cs2t_9,2054,,gutim,204,
,,,,,,,5969,,,,,,,,,,,,gutim,,
229,834.5168,0.0789,144,69,5,2055,,A4,,,,d,,,,gut_n204_5A4t_0,2055,,gutim,204,
229,834.5998000000001,0.0789,144,24,5,2056,,C1,,e,,d,,,,gut_n204_5C1t_0,2056,,gutim,204,
229,834.6828,0.0789,144,30,5,2057,,F#1,,e,,d,,,,gut_n204_5Fs1t_14,2057,,gutim,204,
229,834.7658,0.0789,144,69,5,2058,,A4,,e,,d,,,,gut_n204_5A4t_1,2058,,gutim,204,
229,834.8488000000001,0.0789,144,24,5,2059,,C1,,e,,d,,,,gut_n204_5C1t_1,2059,,gutim,204,
229,834.9318000000001,0.1586,144,30,5,2060,,F#1,,E,,d,,,,gut_n204_5Fs1s,2060,,gutim,204,
229,835.0988000000001,0.0789,144,69,5,2061,,A4,,,,,,,,gut_n204_5A4t_2,2061,,gutim,204,
229,835.1818000000001,0.0789,144,37,5,2062,,C#2,,,,,,,,gut_n204_5Cs2t_10,2062,,gutim,204,
,,,,,,,,,,,,,,,,,,230,,,
230,835.2755000000001,0.0789,144,69,5,2063,,A4,,,,,,,,gut_n205_5A4t_0,2063,,gutim,205,
230,835.3585,0.0789,144,24,5,2064,,C1,,,,,,,,gut_n205_5C1t_0,2064,,gutim,205,
230,835.4416,0.0789,144,30,5,2065,,F#1,,,,,,,,gut_n205_5Fs1t_0,2065,,gutim,205,
230,835.5246000000001,0.0789,144,69,5,2066,,A4,,,,,,,,gut_n205_5A4t_1,2066,,gutim,205,
230,835.6076,0.0789,144,24,5,2067,,C1,,,,,,,,gut_n205_5C1t_1,2067,,gutim,205,
230,835.6906,0.1586,144,30,5,2068,,F#1,,,,,,,,gut_n205_5Fs1s_0,2068,,gutim,205,
230,835.8576,0.0789,144,69,5,2069,,A4,,,,,,,,gut_n205_5A4t_2,2069,,gutim,205,
230,835.9406,0.0789,144,37,5,2070,,C#2,,,,,,,,gut_n205_5Cs2t_0,2070,,gutim,205,
230,836.0236000000001,0.0789,144,69,5,2071,,A4,,,,,,,,gut_n205_5A4t_3,2071,,gutim,205,
230,836.1066000000001,0.0789,144,24,5,2072,,C1,,,,,,,,gut_n205_5C1t_2,2072,,gutim,205,
230,836.1896,0.0789,144,30,5,2073,,F#1,,,,,,,,gut_n205_5Fs1t_1,2073,,gutim,205,
230,836.2726,0.0789,144,69,5,2074,,A4,,,,,,,,gut_n205_5A4t_4,2074,,gutim,205,
230,836.3556000000001,0.0789,144,24,5,2075,,C1,,,,,,,,gut_n205_5C1t_3,2075,,gutim,205,
230,836.4386000000001,0.1586,144,30,5,2076,,F#1,,,,,,,,gut_n205_5Fs1s_1,2076,,gutim,205,
230,836.6056000000001,0.0789,144,69,5,2077,,A4,,e,,d,,,,gut_n205_5A4t_5,2077,,gutim,205,
230,836.6886000000001,0.0789,144,37,5,2078,,C#2,,e,,d,,,,gut_n205_5Cs2t_1,2078,,gutim,205,
230,836.7716,0.0789,144,69,5,2079,,A4,,e,,d,,,,gut_n205_5A4t_6,2079,,gutim,205,
230,836.8546,0.0789,144,24,5,2080,,C1,,e,,d,,,,gut_n205_5C1t_4,2080,,gutim,205,
230,836.9376000000001,0.0789,144,30,5,2081,,F#1,,e,,d,,,,gut_n205_5Fs1t_2,2081,,gutim,205,
230,837.0207,0.0789,144,69,5,2082,,A4,,e,,d,,,,gut_n205_5A4t_7,2082,,gutim,205,
230,837.1037,0.0789,144,24,5,2083,,C1,,e,,d,,,,gut_n205_5C1t_5,2083,,gutim,205,
230,837.1867000000001,0.1586,144,30,5,2084,,F#1,,E,,d,,,,gut_n205_5Fs1s_2,2084,,gutim,205,
230,837.3537,0.0789,144,69,5,2085,,A4,,,,,,,,gut_n205_5A4t_8,2085,,gutim,205,
230,837.4367000000001,0.0789,144,37,5,2086,,C#2,,,,,,,,gut_n205_5Cs2t_2,2086,,gutim,205,
230,837.5197000000001,0.0789,144,69,5,2087,,A4,,,,,,,,gut_n205_5A4t_9,2087,,gutim,205,
230,837.6027,0.0789,144,24,5,2088,,C1,,,,,,,,gut_n205_5C1t_6,2088,,gutim,205,
230,837.6857,0.0789,144,30,5,2089,,F#1,,,,,,,,gut_n205_5Fs1t_3,2089,,gutim,205,
230,837.7687000000001,0.0789,144,69,5,2090,,A4,,,,,,,,gut_n205_5A4t_10,2090,,gutim,205,
230,837.8517,0.0789,144,24,5,2091,,C1,,,,,,,,gut_n205_5C1t_7,2091,,gutim,205,
230,837.9347,0.1586,144,30,5,2092,,F#1,,,,,,,,gut_n205_5Fs1s_3,2092,,gutim,205,
230,838.1017,0.0789,144,69,5,2093,,A4,,,,,,,,gut_n205_5A4t_11,2093,,gutim,205,
230,838.1847,0.0789,144,37,5,2094,,C#2,,,,,,,,gut_n205_5Cs2t_3,2094,,gutim,205,
230,838.2677,0.0789,144,69,5,2095,,A4,,,,,,,,gut_n205_5A4t_12,2095,,gutim,205,
230,838.2755000000001,2.4,144,76,11,2096,,E5,,,,,,,,gut_n205_1E5h,2096,,gutim,205,
230,838.3507000000001,0.0789,144,36,5,2097,,C2,,,,,,,,gut_n205_5C2t_0,2097,,gutim,205,
230,838.4337,0.0789,144,42,5,2098,,F#2,,,,,,,,gut_n205_5Fs2t_0,2098,,gutim,205,
230,838.5168,0.0789,144,69,5,2099,,A4,,,,,,,,gut_n205_5A4t_13,2099,,gutim,205,
230,838.5998000000001,0.0789,144,36,5,2100,,C2,,,,,,,,gut_n205_5C2t_1,2100,,gutim,205,
230,838.6828,0.1586,144,42,5,2101,,F#2,,,,,,,,gut_n205_5Fs2s_0,2101,,gutim,205,
230,838.8498000000001,0.0789,144,69,5,2102,,A4,,,,,,,,gut_n205_5A4t_14,2102,,gutim,205,
230,838.9328,0.0789,144,36,5,2103,,C2,,,,,,,,gut_n205_5C2t_2,2103,,gutim,205,
230,839.0158,0.0789,144,69,5,2104,,A4,,,,,,,,gut_n205_5A4t_15,2104,,gutim,205,
230,839.0988000000001,0.0789,144,36,5,2105,,C2,,,,,,,,gut_n205_5C2t_3,2105,,gutim,205,
230,839.1818000000001,0.0789,144,42,5,2106,,F#2,,,,,,,,gut_n205_5Fs2t_1,2106,,gutim,205,
230,839.2648,0.0789,144,69,5,2107,,A4,,,,,,,,gut_n205_5A4t_16,2107,,gutim,205,
230,839.3478,0.0789,144,36,5,2108,,C2,,,,,,,,gut_n205_5C2t_4,2108,,gutim,205,
230,839.4308000000001,0.1586,144,42,5,2109,,F#2,,,,,,,,gut_n205_5Fs2s_1,2109,,gutim,205,
230,839.5978,0.0789,144,69,5,2110,,A4,,e,,d,,,,gut_n205_5A4t_17,2110,,gutim,205,
230,839.6808000000001,0.0789,144,36,5,2111,,C2,,e,,d,,,,gut_n205_5C2t_5,2111,,gutim,205,
,,,,,,,,,,,,,,,,,,231,,,
231,839.7755000000001,0.0789,144,69,5,2112,,A4,,e,,d,,,,gut_n206_5A4t_0,2112,,gutim,206,
231,839.8585,0.0789,144,36,5,2113,,C2,,e,,d,,,,gut_n206_5C2t_0,2113,,gutim,206,
231,839.9416,0.0789,144,42,5,2114,,F#2,,e,,d,,,,gut_n206_5Fs2t_0,2114,,gutim,206,
231,840.0246000000001,0.0789,144,69,5,2115,,A4,,e,,d,,,,gut_n206_5A4t_1,2115,,gutim,206,
231,840.1076,0.0789,144,36,5,2116,,C2,,e,,d,,,,gut_n206_5C2t_1,2116,,gutim,206,
231,840.1906,0.1586,144,42,5,2117,,F#2,,E,,d,,,,gut_n206_5Fs2s_0,2117,,gutim,206,
231,840.3576,0.0789,144,69,5,2118,,A4,,,,,,,,gut_n206_5A4t_2,2118,,gutim,206,
231,840.4406,0.0789,144,36,5,2119,,C2,,,,,,,,gut_n206_5C2t_2,2119,,gutim,206,
231,840.5236000000001,0.0789,144,69,5,2120,,A4,,,,,,,,gut_n206_5A4t_3,2120,,gutim,206,
231,840.6066000000001,0.0789,144,36,5,2121,,C2,,,,,,,,gut_n206_5C2t_3,2121,,gutim,206,
231,840.6896,0.0789,144,42,5,2122,,F#2,,,,,,,,gut_n206_5Fs2t_1,2122,,gutim,206,
231,840.7726,0.0789,144,69,5,2123,,A4,,,,,,,,gut_n206_5A4t_4,2123,,gutim,206,
231,840.8556000000001,0.0789,144,36,5,2124,,C2,,,,,,,,gut_n206_5C2t_4,2124,,gutim,206,
231,840.9386000000001,0.1586,144,42,5,2125,,F#2,,,,,,,,gut_n206_5Fs2s_1,2125,,gutim,206,
231,841.1056000000001,0.0789,144,69,5,2126,,A4,,,,,,,,gut_n206_5A4t_5,2126,,gutim,206,
231,841.1886000000001,0.0789,144,36,5,2127,,C2,,,,,,,,gut_n206_5C2t_5,2127,,gutim,206,
231,841.2716,0.0789,144,69,14,2128,,A4,,,,,,,,gut_n206_5A4t_6,2128,,gutim,206,
231,841.3546,0.0789,144,36,14,2129,,C2,,,,,,,,gut_n206_5C2t_6,2129,,gutim,206,
231,841.4376000000001,0.0789,144,42,13,2130,,F#2,,,,,,,,gut_n206_5Fs2t_2,2130,,gutim,206,
231,841.5207,0.3164,144,76,13,2131,,E5,,,,,,,,gut_n206_5E5e_0,2131,,gutim,206,
231,841.8537,0.0789,144,69,12,2132,,A4,,,,,,,,gut_n206_5A4t_7,2132,,gutim,206,
231,841.9367000000001,0.0789,144,36,12,2133,,C2,,,,,,,,gut_n206_5C2t_7,2133,,gutim,206,
231,842.1867000000001,0.0789,144,42,11,2134,,F#2,,,,,,,,gut_n206_5Fs2t_3,2134,,gutim,206,
231,842.2697000000001,0.3164,144,76,11,2135,,E5,,,,,,,,gut_n206_5E5e_1,2135,,gutim,206,
231,842.6027,0.1586,144,68,9,2136,,G#4,,,,,,,,gut_n206_5Gs4s,2136,,gutim,206,
231,842.8527,0.0789,144,36,9,2137,,C2,,,,,,,,gut_n206_5C2t_8,2137,,gutim,206,
231,842.9357,0.0789,144,42,8,2138,,F#2,,,,,,,,gut_n206_5Fs2t_4,2138,,gutim,206,
231,843.0187000000001,0.3164,144,76,8,2139,,E5,,,,,,,,gut_n206_5E5e_2,2139,,gutim,206,
231,843.3517,0.0789,144,68,8,2140,,G#4,,,,,,,,gut_n206_5Gs4t,2140,,gutim,206,
231,843.4347,0.0789,144,69,8,2141,,A4,,,,,,,,gut_n206_5A4t_8,2141,,gutim,206,
231,843.9005000000001,0.0714,144,33,5,2142,,A1,,,,,,,,gut_n206_5A1t_0,2142,,gutim,206,
231,843.9757000000001,0.0714,144,79,5,2143,,G5,,,,,,,,gut_n206_5G5t,2143,,gutim,206,
231,844.0509000000001,0.0714,144,33,5,2144,,A1,,,,,,,,gut_n206_5A1t_1,2144,,gutim,206,
231,844.1261000000001,0.1419,144,79,6,2145,,G5,,,,,,,,gut_n206_5G5s,2145,,gutim,206,
,,,,,,,,,,,,,,,,,,232,,,
232,844.2755000000001,0.0714,144,34,6,2146,,Bb1,,,,,,,,gut_n207_5Bb1t_0,2146,,gutim,207,
232,844.3507000000001,0.0714,144,33,6,2147,,A1,,,,,,,,gut_n207_5A1t_0,2147,,gutim,207,
232,844.4259000000001,0.0714,144,34,6,2148,,Bb1,,,,,,,,gut_n207_5Bb1t_1,2148,,gutim,207,
232,844.4425,0.1586,144,79,6,2149,,G5,,,,,,,,gut_n207_1G5s_0,2149,,gutim,207,
232,844.5011000000001,0.1429,144,33,6,2150,,A1,,,,,,,,gut_n207_5A1s_0,2150,,gutim,207,
232,844.6095,0.1586,144,73,7,2151,,Db5,,,,,,,,gut_n207_1Db5s_0,2151,,gutim,207,
232,844.6515,0.0714,144,34,7,2152,,Bb1,,,,,,,,gut_n207_5Bb1t_2,2152,,gutim,207,
232,844.7267,0.0714,144,33,7,2153,,A1,,,,,,,,gut_n207_5A1t_1,2153,,gutim,207,
232,844.7765,0.2375,144,79,7,2154,,G5,,,,,,,,gut_n207_1G5s_1,2154,,gutim,207,
232,844.8019,0.0714,144,34,7,2155,,Bb1,,,,,,,,gut_n207_5Bb1t_3,2155,,gutim,207,
232,844.8771,0.1429,144,33,7,2156,,A1,,,,,,,,gut_n207_5A1s_1,2156,,gutim,207,
232,845.0265,0.1586,144,73,8,2157,,Db5,,e,,d,,,,gut_n207_1Db5s_1,2157,,gutim,207,
232,845.0275,0.0714,144,34,8,2157,,Bb1,,,,,,,,gut_n207_5Bb1t_4,2157,,gutim,207,
232,845.1027,0.0714,144,33,8,2158,,A1,,,,,,,,gut_n207_5A1t_2,2158,,gutim,207,
232,845.1779,0.0714,144,34,8,2159,,Bb1,,,,,,,,gut_n207_5Bb1t_5,2159,,gutim,207,
232,845.1935000000001,0.1586,144,79,8,2160,,G5,,e,,d,,,,gut_n207_1G5s_2,2160,,gutim,207,
232,845.2531,0.1429,144,33,8,2161,,A1,,,,,,,,gut_n207_5A1s_2,2161,,gutim,207,
232,845.3605,0.1586,144,73,9,2162,,Db5,,e,,d,,,,gut_n207_1Db5s_2,2162,,gutim,207,
232,845.4035,0.0714,144,34,9,2163,,Bb1,,,,,,,,gut_n207_5Bb1t_6,2163,,gutim,207,
232,845.4787,0.0714,144,33,9,2164,,A1,,,,,,,,gut_n207_5A1t_3,2164,,gutim,207,
232,845.5275,0.2375,144,79,9,2165,,G5,,E,5970,D,5970,,,gut_n207_1G5s_3,2165,,gutim,207,
232,845.5539,0.0714,144,34,9,2166,,Bb1,,,,,,,,gut_n207_5Bb1t_7,2166,,gutim,207,
232,845.6291,0.1392,144,33,9,2167,,A1,,,,,,,,gut_n207_5A1s_3,2167,,gutim,207,
,,,,,,,5970,,,,,,,,,,,,gutim,,
232,845.7775,0.0789,144,69,11,2168,,A4,,,,,,,,gut_n207_1A4t,2168,,gutim,207,
232,845.7755000000001,1.2,144,46,11,2168,,Bb2,,,,,,,,gut_n207_5Bb2h,2168,,gutim,207,
232,845.8605,0.0789,144,36,11,2169,,C2,,,,,,,,gut_n207_1C2t_0,2169,,gutim,207,
232,845.9435000000001,0.0789,144,42,10,2170,,F#2,,,,,,,,gut_n207_1Fs2t,2170,,gutim,207,
232,846.0265,0.3164,144,76,10,2171,,E5,,,,,,,,gut_n207_1E5e,2171,,gutim,207,
232,846.3595,0.3173,144,68,9,2172,,G#4,,,,,,,,gut_n207_1Gs4s_0,2172,,gutim,207,
232,846.6935000000001,0.1586,144,76,7,2173,,E5,,,,,,,,gut_n207_1E5s,2173,,gutim,207,
232,846.8605,0.1586,144,68,6,2174,,G#4,,,,,,,,gut_n207_1Gs4s_2,2174,,gutim,207,
232,847.0275,0.1586,144,69,6,2175,,A4,,,,,,,,gut_n207_1A4s_0,2175,,gutim,207,
232,847.1945000000001,0.0789,144,68,5,2176,,G#4,,,,,,,,gut_n207_1Gs4t,2176,,gutim,207,
232,847.2775,0.0714,144,36,5,2177,,C2,,,,,,,,gut_n207_1C2t_1,2177,,gutim,207,
232,847.3527,0.0714,144,81,5,2178,,A5,,,,,,,,gut_n207_1A5t_0,2178,,gutim,207,
232,847.4279,0.0714,144,88,5,2179,,E6,,,,,,,,gut_n207_1E6t_0,2179,,gutim,207,
232,847.5031,0.0714,144,81,5,2180,,A5,,,,,,,,gut_n207_1A5t_1,2180,,gutim,207,
232,847.5783,0.1429,144,88,5,2181,,E6,,,,,,,,gut_n207_1E6t_1,2181,,gutim,207,
232,847.7287,0.0714,144,81,5,2182,,A5,,,,,,,,gut_n207_1A5t_2,2182,,gutim,207,
232,847.8039,0.1429,144,88,5,2183,,E6,,,,,,,,gut_n207_1E6s,2183,,gutim,207,
232,847.9543,0.0714,144,54,5,2184,,F#3,,e,,d,,,,gut_n207_1Fs3t_0,2184,,gutim,207,
232,848.0294,0.0714,144,36,5,2185,,C2,,e,,d,,,,gut_n207_1C2t_2,2185,,gutim,207,
232,848.1046,0.0714,144,81,5,2186,,A5,,e,,d,,,,gut_n207_1A5t_3,2186,,gutim,207,
232,848.1798,0.0714,144,88,5,2187,,E6,,e,,d,,,,gut_n207_1E6t_3,2187,,gutim,207,
232,848.255,0.0714,144,54,5,2188,,F#3,,e,,d,,,,gut_n207_1Fs3t_1,2188,,gutim,207,
232,848.3302,0.1429,144,80,5,2189,,G#5,,E,,D,5971,,,gut_n207_1Gs5t_0,2189,,gutim,207,
232,848.4806000000001,0.0714,144,81,5,2190,,A5,,,,,,,,gut_n207_1A5t_4,2190,,gutim,207,
232,848.5558000000001,0.0714,144,54,5,2191,,F#3,,,,,,,,gut_n207_1Fs3t_2,2191,,gutim,207,
232,848.6310000000001,0.1373,144,69,5,2192,,A4,,,,,,,,gut_n207_1A4s_1,2192,,gutim,207,
,,,,,,,,,,,,,,,,,,233,,,
233,848.7755000000001,1.2,144,36,5,2193,,C2,,,,,,,,gut_n208_1C2h,2193,,gutim,208,
233,848.7755000000001,1.2,144,46,11,2193,,Bb2,,,,,,,,gut_n208_5Bb2h_0,2193,,gutim,208,
233,850.2755000000001,0.05,144,36,20,2194,,C2,,,,,,,,gut_n208_5C2t_0,2194,,gutim,208,
233,850.3380000000001,0.0594,144,81,19,2195,,A5,,,,,,,,gut_n208_5A5t_0,2195,,gutim,208,
233,850.4005000000001,0.0594,144,88,19,2196,,E6,,,,,,,,gut_n208_5E6t_0,2196,,gutim,208,
233,850.4630000000001,0.0891,144,24,18,2197,,C1,,,,,,,,gut_n208_5C1t,2197,,gutim,208,
233,850.5568000000001,0.0891,144,88,18,2198,,E6,,,,,,,,gut_n208_5E6t_1,2198,,gutim,208,
233,850.6505000000001,0.0594,144,48,17,2199,,C3,,,,,,,,gut_n208_5C3t_0,2199,,gutim,208,
233,850.7130000000001,0.0594,144,81,16,2200,,A5,,,,,,,,gut_n208_5A5t_1,2200,,gutim,208,
233,850.7755000000001,0.0594,144,88,16,2201,,E6,,,,,,,,gut_n208_5E6t_2,2201,,gutim,208,
233,850.8380000000001,0.0891,144,36,15,2202,,C2,,,,,,,,gut_n208_5C2t_1,2202,,gutim,208,
233,850.9318000000001,0.0891,144,88,14,2203,,E6,,,,,,,,gut_n208_5E6t_3,2203,,gutim,208,
233,851.0255000000001,0.0594,144,54,13,2204,,F#3,,e,,,,,,gut_n208_5Fs3t_0,2204,,gutim,208,
233,851.0880000000001,0.0594,144,80,13,2205,,G#5,,e,,,,,,gut_n208_5Gs5t_0,2205,,gutim,208,
233,851.1505000000001,0.0594,144,81,12,2206,,A5,,e,,,,,,gut_n208_5A5t_2,2206,,gutim,208,
233,851.2130000000001,0.0594,144,54,12,2207,,F#3,,e,,,,,,gut_n208_5Fs3t_1,2207,,gutim,208,
233,851.2755000000001,0.0594,144,88,11,2208,,E6,,e,,,,,,gut_n208_5E6t_4,2208,,gutim,208,
233,851.3380000000001,0.0594,144,80,11,2209,,G#5,,e,,,,,,gut_n208_5Gs5t_1,2209,,gutim,208,
233,851.4005000000001,0.0594,144,48,10,2210,,C3,,e,,,,,,gut_n208_5C3t_1,2210,,gutim,208,
233,851.4630000000001,0.0594,144,88,10,2211,,E6,,e,,,,,,gut_n208_5E6t_5,2211,,gutim,208,
233,851.5255000000001,0.0594,144,54,9,2212,,F#3,,e,,,,,,gut_n208_5Fs3t_2,2212,,gutim,208,
233,851.5880000000001,0.0594,144,80,9,2213,,G#5,,e,,,,,,gut_n208_5Gs5t_2,2213,,gutim,208,
233,851.6505000000001,0.0594,144,81,8,2214,,A5,,e,,,,,,gut_n208_5A5t_3,2214,,gutim,208,
233,851.7130000000001,0.0594,144,93,8,2215,,A6,,E,5971,,,,,gut_n208_5A6t,2215,,gutim,208,
,,,,,,,5971,,,,,,,,,,,,gutim,,
233,851.7755000000001,2.2857,144,75,14,2216,,Eb5,,,,d,,,,gut_n208_1Eb5h,2216,,gutim,208,
233,851.7755000000001,0.3046,144,50,8,2216,,D3,,,,d,,,,gut_n208_2D3e,2216,,gutim,208,
233,851.7755000000001,0.3046,144,64,8,2216,,E4,,,,d,,,,gut_n208_2E4e_0,2216,,gutim,208,
233,851.7755000000001,2.2857,144,46,11,2216,,Bb2,,,,d,,,,gut_n208_5Bb2h_1,2216,,gutim,208,
233,851.7755000000001,2.2857,144,36,17,2216,,C2,,,,d,,,,gut_n208_6C2h,2216,,gutim,208,
233,852.1562,0.4573,144,64,9,2217,,E4,,,,,,,,gut_n208_2E4e_1,2217,,gutim,208,
233,852.1562,0.4573,144,77,9,2217,,F5,,,,,,,,gut_n208_2F5e,2217,,gutim,208,
233,852.7279000000001,0.9147,144,50,11,2218,,D3,,,,,,,,gut_n208_2D3q,2218,,gutim,208,
233,852.7279000000001,0.9147,144,64,11,2218,,E4,,,,,,,,gut_n208_2E4q,2218,,gutim,208,
,,,,,,,,,,,,,,,,,,234,,,
234,853.8713,0.6091,144,50,15,2219,,D3,,,,,,,,gut_n209_2D3q,2219,,gutim,209,
234,853.8713,0.6091,144,64,15,2219,,E4,,,,,,,,gut_n209_2E4q,2219,,gutim,209,
234,853.8713,0.6091,144,77,15,2219,,F5,,,,,,,,gut_n209_2F5q,2219,,gutim,209,
234,854.6327,2.2857,144,75,17,2220,,Eb5,,,,d,,,,gut_n209_1Eb5h,2220,,gutim,209,
234,854.6327,2.2857,144,50,17,2220,,D3,,,,d,,,,gut_n209_2D3h,2220,,gutim,209,
234,854.6327,2.2857,144,64,17,2220,,E4,,,,d,,,,gut_n209_2E4h,2220,,gutim,209,
234,854.6327,2.2857,144,77,17,2220,,F5,,,,d,,,,gut_n209_2F5h,2220,,gutim,209,
234,854.6327,2.2857,144,46,8,2220,,Bb2,,,,d,,,,gut_n209_5Bb2h,2220,,gutim,209,
234,854.6327,2.2857,144,36,8,2220,,C2,,,,d,,,,gut_n209_6C2h,2220,,gutim,209,
234,857.4898000000001,0.1905,144,75,14,2221,,Eb5,,,,d,,,,gut_n209_1Eb5s,2221,,gutim,209,
234,857.4898000000001,0.1905,144,50,14,2221,,D3,,,,d,,,,gut_n209_2D3s_1,2221,,gutim,209,
234,857.4898000000001,0.1905,144,64,14,2221,,E4,,,,d,,,,gut_n209_2E4s_1,2221,,gutim,209,
234,857.4898000000001,0.1905,144,77,14,2221,,F5,,,,d,,,,gut_n209_2F5s,2221,,gutim,209,
234,857.4898000000001,0.1905,144,46,14,2221,,Bb2,,,,d,,,,gut_n209_5Bb2s,2221,,gutim,209,
234,857.4898000000001,0.1905,144,36,14,2221,,C2,,,,d,,,,gut_n209_6C2s,2221,,gutim,209,
,,,,,,,,,,,,,,,,,,235,,,
235,860.0295000000001,0.3016,144,64,8,2222,,E4,,,,D,5972,,,gut_n210_1E4e_0,2222,,gutim,210,
235,860.3470000000001,0.3016,144,84,11,2223,,C6,,,,,,,,gut_n210_1C6e_0,2223,,gutim,210,
235,860.6644,0.9048,144,56,14,2224,,Ab3,,,,,,,,gut_n210_1Ab3q_0,2224,,gutim,210,
235,860.6644,0.9048,144,64,14,2224,,E4,,,,,,,,gut_n210_1E4q_0,2224,,gutim,210,
235,860.6644,0.9048,144,84,14,2224,,C6,,,,,,,,gut_n210_1C6q_0,2224,,gutim,210,
235,861.6168,0.6032,144,56,5,2225,,Ab3,,,,,,,,gut_n210_1Ab3q_1,2225,,gutim,210,
235,861.6168,0.6032,144,64,5,2225,,E4,,,,,,,,gut_n210_1E4q_1,2225,,gutim,210,
235,861.6168,0.6032,144,84,5,2225,,C6,,,,,,,,gut_n210_1C6q_1,2225,,gutim,210,
235,862.2517,0.5431,144,50,8,2226,,D3,,,,,,,,gut_n210_1D3e,2226,,gutim,210,
235,862.8234,0.3617,144,77,11,2227,,F5,,,,,,,,gut_n210_1F5e,2227,,gutim,210,
235,863.2041,1.5238,144,50,14,2228,,D3,,,,,,,,gut_n210_1D3h,2228,,gutim,210,
235,863.2041,1.5238,144,69,14,2228,,A4,,,,,,,,gut_n210_1A4h,2228,,gutim,210,
235,863.2041,1.5238,144,77,14,2228,,F5,,,,,,,,gut_n210_1F5h,2228,,gutim,210,
235,864.1565,0.3016,144,46,14,2229,,Bb2,,,,,,,,gut_n210_5Bb2e,2229,,gutim,210,
235,864.474,0.3016,144,73,10,2230,,Db5,,,,,,,,gut_n210_5Db5e,2230,,gutim,210,
235,864.7914000000001,0.3016,144,45,5,2231,,A2,,,,,,,,gut_n210_5A2e,2231,,gutim,210,
,,,,,,,,,,,,,,,,,,236,,,
236,865.1089000000001,0.0594,144,65,5,2232,,F4,,,,,,,,gut_n211_1F4t_0,2232,,gutim,211,
236,865.1714000000001,0.0594,144,79,5,2233,,G5,,,,,,,,gut_n211_1G5t_0,2233,,gutim,211,
236,865.2339000000001,0.0594,144,65,5,2234,,F4,,,,,,,,gut_n211_1F4t_1,2234,,gutim,211,
236,865.2964000000001,0.0891,144,79,5,2235,,G5,,,,,,,,gut_n211_1G5t_1,2235,,gutim,211,
236,865.3901000000001,0.0891,144,65,5,2236,,F4,,,,,,,,gut_n211_1F4t_2,2236,,gutim,211,
236,865.4839000000001,0.3562,144,73,5,2237,,Db5,,,,,,,,gut_n211_1Db5e,2237,,gutim,211,
236,865.4839000000001,0.3562,144,45,5,2237,,A2,,,,,,,,gut_n211_5A2e_0,2237,,gutim,211,
236,865.4839000000001,0.3562,144,46,5,2237,,Bb2,,,,,,,,gut_n211_5Bb2e_0,2237,,gutim,211,
236,865.8589000000001,0.0594,144,65,7,2238,,F4,,,,,,,,gut_n211_1F4t_3,2238,,gutim,211,
236,865.8589000000001,0.0594,144,73,7,2238,,Db5,,,,,,,,gut_n211_1Db5t_0,2238,,gutim,211,
236,865.8589000000001,0.2848,144,46,7,2238,,Bb2,,,,,,,,gut_n211_5Bb2e_1,2238,,gutim,211,
236,865.9214000000001,0.0594,144,79,7,2239,,G5,,,,,,,,gut_n211_1G5t_2,2239,,gutim,211,
236,865.9839000000001,0.0594,144,65,7,2240,,F4,,,,,,,,gut_n211_1F4t_4,2240,,gutim,211,
236,866.0464000000001,0.0891,144,73,7,2241,,Db5,,,,,,,,gut_n211_1Db5t_1,2241,,gutim,211,
236,866.0464000000001,0.0891,144,79,7,2241,,G5,,,,,,,,gut_n211_1G5t_3,2241,,gutim,211,
236,866.1401000000001,0.0891,144,65,7,2242,,F4,,,,,,,,gut_n211_1F4t_5,2242,,gutim,211,
236,866.1587000000001,0.4277,144,45,8,2243,,A2,,,,,,,,gut_n211_5A2e_1,2243,,gutim,211,
236,866.6089000000001,0.0594,144,65,9,2244,,F4,,,,,,,,gut_n211_1F4t_6,2244,,gutim,211,
236,866.6089000000001,0.0594,144,73,9,2244,,Db5,,,,,,,,gut_n211_1Db5t_2,2244,,gutim,211,
236,866.6089000000001,0.2848,144,46,9,2244,,Bb2,,,,,,,,gut_n211_5Bb2e_2,2244,,gutim,211,
236,866.6714000000001,0.0594,144,79,9,2245,,G5,,,,,,,,gut_n211_1G5t_4,2245,,gutim,211,
236,866.7339000000001,0.0594,144,65,9,2246,,F4,,,,,,,,gut_n211_1F4t_7,2246,,gutim,211,
236,866.7964000000001,0.0891,144,73,9,2247,,Db5,,,,,,,,gut_n211_1Db5t_3,2247,,gutim,211,
236,866.7964000000001,0.0891,144,79,9,2247,,G5,,,,,,,,gut_n211_1G5t_5,2247,,gutim,211,
236,866.8901000000001,0.0891,144,65,9,2248,,F4,,,,,,,,gut_n211_1F4t_8,2248,,gutim,211,
236,866.9087000000001,0.4277,144,45,9,2249,,A2,,,,,,,,gut_n211_5A2e_2,2249,,gutim,211,
236,867.8589000000001,0.2,144,56,9,2250,,Ab3,,,,,,,,gut_n211_1Ab3e,2250,,gutim,211,
236,867.8589000000001,0.2,144,64,9,2250,,E4,,,,,,,,gut_n211_1E4e,2250,,gutim,211,
236,867.8589000000001,0.2,144,84,9,2250,,C6,,,,,,,,gut_n211_1C6e,2250,,gutim,211,
236,868.1089000000001,0.2375,144,70,11,2251,,Bb4,,,,,,,,gut_n211_1Bb4s,2251,,gutim,211,
236,868.3589000000001,0.2375,144,85,14,2252,,Db6,,,,,,,,gut_n211_1Db6s,2252,,gutim,211,
236,868.6089000000001,0.0789,144,56,16,2253,,Ab3,,,,,,,,gut_n211_1Ab3t_0,2253,,gutim,211,
236,868.6089000000001,0.0789,144,64,16,2253,,E4,,,,,,,,gut_n211_1E4t_0,2253,,gutim,211,
236,868.6089000000001,0.0789,144,84,16,2253,,C6,,,,,,,,gut_n211_1C6t_0,2253,,gutim,211,
236,868.6919,0.0789,144,70,17,2254,,Bb4,,,,,,,,gut_n211_1Bb4t,2254,,gutim,211,
236,868.6919,0.0789,144,97,17,2254,,Db7,,,,,,,,gut_n211_1Db7t,2254,,gutim,211,
236,868.7749,0.0798,144,56,17,2255,,Ab3,,,,,,,,gut_n211_1Ab3t_1,2255,,gutim,211,
236,868.7749,0.0798,144,64,17,2255,,E4,,,,,,,,gut_n211_1E4t_1,2255,,gutim,211,
236,868.7749,0.0798,144,84,17,2255,,C6,,,,,,,,gut_n211_1C6t_1,2255,,gutim,211,
,,,,,,,5972,,,,,,,,,,,,gutim,,
,,,,,,,,,,,,,,,,,,237,,,
237,871.1089000000001,0.0789,144,46,5,2256,,Bb2,,e,,d,,,,gut_n212_5Bb2t_0,2256,,gutim,212,
237,871.1919,0.0789,144,40,5,2257,,E2,,e,,d,,,,gut_n212_5E2t_0,2257,,gutim,212,
237,871.2749,0.0789,144,97,5,2258,,Db7,,e,,d,,,,gut_n212_5Db7t_0,2258,,gutim,212,
237,871.3579000000001,0.0789,144,46,5,2259,,Bb2,,e,,d,,,,gut_n212_5Bb2t_1,2259,,gutim,212,
237,871.4409,0.0789,144,97,5,2260,,Db7,,e,,d,,,,gut_n212_5Db7t_1,2260,,gutim,212,
237,871.5239,0.0789,144,40,5,2261,,E2,,e,,d,,,,gut_n212_5E2t_1,2261,,gutim,212,
237,871.6069,0.0789,144,84,5,2262,,C6,,e,,d,,,,gut_n212_5C6t,2262,,gutim,212,
237,871.6899000000001,0.1586,144,32,5,2263,,Ab1,,E,,D,5973,,,gut_n212_5Ab1s,2263,,gutim,212,
237,871.8569,0.0789,144,46,5,2264,,Bb2,,,,,,,,gut_n212_5Bb2t_2,2264,,gutim,212,
237,871.9399000000001,0.0789,144,40,5,2265,,E2,,,,,,,,gut_n212_5E2t_2,2265,,gutim,212,
237,872.0229,0.0789,144,32,5,2266,,Ab1,,,,,,,,gut_n212_5Ab1t_0,2266,,gutim,212,
237,872.1059,0.0789,144,46,5,2267,,Bb2,,,,,,,,gut_n212_5Bb2t_3,2267,,gutim,212,
237,872.1890000000001,0.1586,144,40,5,2268,,E2,,,,,,,,gut_n212_5E2s_0,2268,,gutim,212,
237,872.3559,0.0789,144,32,5,2269,,Ab1,,,,,,,,gut_n212_5Ab1t_1,2269,,gutim,212,
237,872.4390000000001,0.0789,144,46,6,2270,,Bb2,,,,,,,,gut_n212_5Bb2t_4,2270,,gutim,212,
237,872.522,0.0789,144,40,6,2271,,E2,,,,,,,,gut_n212_5E2t_3,2271,,gutim,212,
237,872.605,0.0789,144,46,6,2272,,Bb2,,,,,,,,gut_n212_5Bb2t_5,2272,,gutim,212,
237,872.6880000000001,0.0789,144,40,6,2273,,E2,,,,,,,,gut_n212_5E2t_4,2273,,gutim,212,
237,872.7593,0.1429,144,97,5,2274,,Db7,,,,,,,,gut_n212_1Db7s_0,2274,,gutim,212,
237,872.7710000000001,0.0789,144,32,6,2275,,Ab1,,,,,,,,gut_n212_5Ab1t_2,2275,,gutim,212,
237,872.854,0.0789,144,46,6,2276,,Bb2,,,,,,,,gut_n212_5Bb2t_6,2276,,gutim,212,
237,872.9097,0.1429,144,84,5,2277,,C6,,,,,,,,gut_n212_1C6s_0,2277,,gutim,212,
237,872.937,0.1586,144,40,6,2278,,E2,,,,,,,,gut_n212_5E2s_1,2278,,gutim,212,
237,873.0600000000001,0.1429,144,97,5,2279,,Db7,,,,,,,,gut_n212_1Db7s_1,2279,,gutim,212,
237,873.104,0.0789,144,32,7,2280,,Ab1,,,,,,,,gut_n212_5Ab1t_3,2280,,gutim,212,
237,873.187,0.0789,144,46,7,2281,,Bb2,,,,,,,,gut_n212_5Bb2t_7,2281,,gutim,212,
237,873.2104,0.1429,144,84,5,2282,,C6,,,,,,,,gut_n212_1C6s_1,2282,,gutim,212,
237,873.2700000000001,0.0789,144,40,7,2283,,E2,,,,,,,,gut_n212_5E2t_5,2283,,gutim,212,
237,873.3530000000001,0.0789,144,46,7,2284,,Bb2,,,,,,,,gut_n212_5Bb2t_8,2284,,gutim,212,
237,873.436,0.0789,144,40,7,2285,,E2,,,,,,,,gut_n212_5E2t_6,2285,,gutim,212,
237,873.5112,0.1429,144,97,5,2286,,Db7,,e,,,,,,gut_n212_1Db7s_2,2286,,gutim,212,
237,873.519,0.0789,144,32,7,2287,,Ab1,,,,,,,,gut_n212_5Ab1t_4,2287,,gutim,212,
237,873.6020000000001,0.0789,144,46,7,2288,,Bb2,,,,,,,,gut_n212_5Bb2t_9,2288,,gutim,212,
237,873.6616,0.1429,144,84,5,2289,,C6,,e,,,,,,gut_n212_1C6s_2,2289,,gutim,212,
237,873.6850000000001,0.1586,144,40,8,2290,,E2,,,,,,,,gut_n212_5E2s_2,2290,,gutim,212,
237,873.812,0.1429,144,97,5,2291,,Db7,,e,,,,,,gut_n212_1Db7s_3,2291,,gutim,212,
237,873.8520000000001,0.0789,144,32,8,2292,,Ab1,,,,,,,,gut_n212_5Ab1t_5,2292,,gutim,212,
237,873.9350000000001,0.0789,144,46,8,2293,,Bb2,,,,,,,,gut_n212_5Bb2t_10,2293,,gutim,212,
237,873.9624,0.1392,144,84,5,2294,,C6,,e,,,,,,gut_n212_1C6s_3,2294,,gutim,212,
237,874.0181,0.0789,144,40,8,2295,,E2,,,,,,,,gut_n212_5E2t_7,2295,,gutim,212,
,,,,,,,,,,,,,,,,,,238,,,
238,874.1089000000001,0.0789,144,46,8,2296,,Bb2,,e,,,,,,gut_n213_5Bb2t_0,2296,,gutim,213,
238,874.1919,0.0789,144,40,8,2297,,E2,,,,,,,,gut_n213_5E2t,2297,,gutim,213,
238,874.2593,0.1429,144,97,5,2298,,Db7,,e,,,,,,gut_n213_1Db7s_0,2298,,gutim,213,
238,874.2749,0.0789,144,32,8,2299,,Ab1,,,,,,,,gut_n213_5Ab1t,2299,,gutim,213,
238,874.3579000000001,0.0789,144,46,9,2300,,Bb2,,,,,,,,gut_n213_5Bb2t_1,2300,,gutim,213,
238,874.4097,0.1429,144,84,5,2301,,C6,,e,,,,,,gut_n213_1C6s_0,2301,,gutim,213,
238,874.4409,0.1586,144,40,9,2302,,E2,,,,,,,,gut_n213_5E2s,2302,,gutim,213,
238,874.5600000000001,0.1429,144,97,5,2303,,Db7,,e,,,,,,gut_n213_1Db7s_1,2303,,gutim,213,
238,874.6079000000001,0.2375,144,32,9,2304,,Ab1,,,,,,,,gut_n213_5Ab1s,2304,,gutim,213,
238,874.7104,0.141,144,84,5,2305,,C6,,e,,,,,,gut_n213_1C6s_1,2305,,gutim,213,
238,874.8579000000001,0.0789,144,52,8,2306,,E3,,E,,,,,,gut_n213_5E3t_0,2306,,gutim,213,
238,874.9409,0.0789,144,58,8,2307,,Bb3,,,,,,,,gut_n213_5Bb3t_0,2307,,gutim,213,
238,875.0239,0.0789,144,72,8,2308,,C5,,e,,,,,,gut_n213_5C5t_0,2308,,gutim,213,
238,875.1069,0.0789,144,85,8,2309,,Db6,,e,,,,,,gut_n213_5Db6t_0,2309,,gutim,213,
238,875.1899000000001,0.0789,144,44,8,2310,,Ab2,,e,,,,,,gut_n213_5Ab2t_0,2310,,gutim,213,
238,875.2729,0.0789,144,58,9,2311,,Bb3,,e,,,,,,gut_n213_5Bb3t_1,2311,,gutim,213,
238,875.3559,0.0789,144,72,9,2312,,C5,,e,,,,,,gut_n213_5C5t_1,2312,,gutim,213,
238,875.4390000000001,0.0789,144,85,9,2313,,Db6,,e,,,,,,gut_n213_5Db6t_1,2313,,gutim,213,
238,875.522,0.0789,144,58,9,2314,,Bb3,,e,,,,,,gut_n213_5Bb3t_2,2314,,gutim,213,
238,875.605,0.0789,144,52,9,2315,,E3,,e,,,,,,gut_n213_5E3t_1,2315,,gutim,213,
238,875.6880000000001,0.0789,144,72,9,2316,,C5,,e,,,,,,gut_n213_5C5t_2,2316,,gutim,213,
238,875.7710000000001,0.0789,144,44,10,2317,,Ab2,,e,,,,,,gut_n213_5Ab2t_1,2317,,gutim,213,
238,875.854,0.0789,144,58,10,2318,,Bb3,,e,,,,,,gut_n213_5Bb3t_3,2318,,gutim,213,
238,875.937,0.1586,144,85,10,2319,,Db6,,E,,,,,,gut_n213_5Db6s,2319,,gutim,213,
238,876.104,0.0789,144,52,10,2320,,E3,,,,,,,,gut_n213_5E3t_2,2320,,gutim,213,
238,876.187,0.0789,144,72,10,2321,,C5,,,,,,,,gut_n213_5C5t_3,2321,,gutim,213,
238,876.2700000000001,0.0789,144,44,11,2322,,Ab2,,,,,,,,gut_n213_5Ab2t_2,2322,,gutim,213,
238,876.3530000000001,0.0789,144,58,11,2323,,Bb3,,,,,,,,gut_n213_5Bb3t_4,2323,,gutim,213,
238,876.436,0.0789,144,52,11,2324,,E3,,,,,,,,gut_n213_5E3t_3,2324,,gutim,213,
238,876.5093,0.1429,144,85,11,2325,,Db6,,,,,,,,gut_n213_1Db6s_0,2325,,gutim,213,
238,876.519,0.0789,144,44,11,2326,,Ab2,,,,,,,,gut_n213_5Ab2t_3,2326,,gutim,213,
238,876.6020000000001,0.0789,144,58,11,2327,,Bb3,,,,,,,,gut_n213_5Bb3t_5,2327,,gutim,213,
238,876.6597,0.1429,144,72,11,2328,,C5,,,,,,,,gut_n213_1C5s_0,2328,,gutim,213,
238,876.6850000000001,0.1586,144,52,11,2329,,E3,,,,,,,,gut_n213_5E3s_0,2329,,gutim,213,
238,876.8100000000001,0.1429,144,85,12,2330,,Db6,,,,,,,,gut_n213_1Db6s_1,2330,,gutim,213,
238,876.8520000000001,0.0789,144,44,12,2331,,Ab2,,e,,,,,,gut_n213_5Ab2t_4,2331,,gutim,213,
238,876.9350000000001,0.0789,144,58,12,2332,,Bb3,,e,,,,,,gut_n213_5Bb3t_6,2332,,gutim,213,
238,876.9604,0.1429,144,72,12,2333,,C5,,,,,,,,gut_n213_1C5s_1,2333,,gutim,213,
238,877.0181,0.0789,144,52,12,2334,,E3,,e,,,,,,gut_n213_5E3t_4,2334,,gutim,213,
238,877.1011000000001,0.0789,144,58,12,2335,,Bb3,,e,,,,,,gut_n213_5Bb3t_7,2335,,gutim,213,
238,877.1841000000001,0.0789,144,52,12,2336,,E3,,e,,,,,,gut_n213_5E3t_5,2336,,gutim,213,
238,877.2612,0.1429,144,85,12,2337,,Db6,,,,,,,,gut_n213_1Db6s_2,2337,,gutim,213,
238,877.2671,0.0789,144,44,13,2338,,Ab2,,e,,,,,,gut_n213_5Ab2t_5,2338,,gutim,213,
238,877.3501,0.0789,144,58,13,2339,,Bb3,,e,,,,,,gut_n213_5Bb3t_8,2339,,gutim,213,
238,877.4116,0.1429,144,72,13,2340,,C5,,,,,,,,gut_n213_1C5s_2,2340,,gutim,213,
238,877.4331000000001,0.1586,144,52,13,2341,,E3,,E,,,,,,gut_n213_5E3s_1,2341,,gutim,213,
238,877.562,0.1429,144,85,13,2342,,Db6,,,,,,,,gut_n213_1Db6s_3,2342,,gutim,213,
238,877.6001,0.0789,144,44,13,2343,,Ab2,,,,,,,,gut_n213_5Ab2t_6,2343,,gutim,213,
238,877.6831000000001,0.0789,144,58,13,2344,,Bb3,,,,,,,,gut_n213_5Bb3t_9,2344,,gutim,213,
238,877.7124,0.1429,144,72,13,2345,,C5,,,,,,,,gut_n213_1C5s_3,2345,,gutim,213,
238,877.7661,0.0789,144,52,14,2346,,E3,,,,,,,,gut_n213_5E3t_6,2346,,gutim,213,
238,877.8491,0.0789,144,58,14,2347,,Bb3,,,,,,,,gut_n213_5Bb3t_10,2347,,gutim,213,
238,877.9321,0.0789,144,52,14,2348,,E3,,,,,,,,gut_n213_5E3t_7,2348,,gutim,213,
238,878.0132000000001,0.1429,144,85,14,2349,,Db6,,e,,,,,,gut_n213_1Db6s_4,2349,,gutim,213,
238,878.0151000000001,0.0789,144,44,14,2349,,Ab2,,,,,,,,gut_n213_5Ab2t_7,2349,,gutim,213,
238,878.0981,0.0789,144,58,14,2350,,Bb3,,,,,,,,gut_n213_5Bb3t_11,2350,,gutim,213,
238,878.1636000000001,0.1429,144,72,14,2351,,C5,,e,,,,,,gut_n213_1C5s_4,2351,,gutim,213,
238,878.1811,0.1586,144,52,14,2352,,E3,,,,,,,,gut_n213_5E3s_2,2352,,gutim,213,
238,878.3140000000001,0.1429,144,85,14,2353,,Db6,,e,,,,,,gut_n213_1Db6s_5,2353,,gutim,213,
238,878.3481,0.0789,144,44,14,2354,,Ab2,,,,,,,,gut_n213_5Ab2t_8,2354,,gutim,213,
238,878.4311,0.0789,144,58,14,2355,,Bb3,,,,,,,,gut_n213_5Bb3t_12,2355,,gutim,213,
238,878.4643000000001,0.1373,144,72,14,2356,,C5,,E,5973,,,,,gut_n213_1C5s_5,2356,,gutim,213,
238,878.5141000000001,0.0789,144,52,14,2357,,E3,,,,,,,,gut_n213_5E3t_8,2357,,gutim,213,
,,,,,,,,,,,,,,,,,,239,,,
239,878.6089000000001,0.0712,144,77,11,2358,,F5,g,,,,,,,gut_ng214_1F5e,2358,,gutim,214,
239,878.6839,0.2848,144,57,11,2359,,A3,,,,,,,,gut_n214_1A3e_0,2359,,gutim,214,
239,878.6839,2.4,144,36,8,2359,,C2,,,,,,,,gut_n214_5C2w,2359,,gutim,214,
239,878.6839,0.2398,144,64,17,2359,,E4,,,,,,,,gut_n214_6E4e_0,2359,,gutim,214,
,,,,,,,5973,,,,,,,,,,,,gutim,,
239,878.9837,0.3602,144,57,11,2360,,A3,,,,,,,,gut_n214_1A3e_1,2360,,gutim,214,
239,878.9837,0.3602,144,77,11,2360,,F5,,,,,,,,gut_n214_1F5e_0,2360,,gutim,214,
239,878.9837,0.3602,144,64,15,2360,,E4,,,,,,,,gut_n214_6E4e_1,2360,,gutim,214,
239,878.9837,0.3602,144,70,15,2360,,Bb4,,,,,,,,gut_n214_6Bb4e_0,2360,,gutim,214,
239,879.4339,0.6,144,57,11,2361,,A3,,,,,,,,gut_n214_1A3e_2,2361,,gutim,214,
239,879.4339,0.6,144,77,11,2361,,F5,,,,,,,,gut_n214_1F5e_1,2361,,gutim,214,
239,879.4339,0.7203,144,64,13,2361,,E4,,,,,,,,gut_n214_6E4e_2,2361,,gutim,214,
239,879.4339,0.7203,144,70,13,2361,,Bb4,,,,,,,,gut_n214_6Bb4e_1,2361,,gutim,214,
239,880.1839,0.475,144,100,14,2362,,E7,,,,,,,,gut_n214_1E7q,2362,,gutim,214,
239,880.3343000000001,0.4797,144,57,8,2363,,A3,,,,,,,,gut_n214_6A3q,2363,,gutim,214,
239,880.3343000000001,0.4797,144,64,8,2363,,E4,,,,,,,,gut_n214_6E4q,2363,,gutim,214,
239,880.3343000000001,0.4797,144,70,8,2363,,Bb4,,,,,,,,gut_n214_6Bb4q,2363,,gutim,214,
239,880.3343000000001,0.4797,144,77,8,2363,,F5,,,,,,,,gut_n214_6F5q,2363,,gutim,214,
239,880.6839,0.7125,144,92,11,2364,,G#6,,,,,,,,gut_n214_1Gs6q,2364,,gutim,214,
239,881.4339,0.2375,144,66,8,2365,,F#4,,,,,,,,gut_n214_1Fs4e,2365,,gutim,214,
239,881.4339,0.2375,144,92,8,2365,,G#6,,,,,,,,gut_n214_1Gs6e,2365,,gutim,214,
239,881.4339,0.2375,144,100,8,2365,,E7,,,,,,,,gut_n214_1E7e,2365,,gutim,214,
239,881.6839,0.0789,144,37,5,2366,,C#2,,,,,,,,gut_n214_5Cs2t_0,2366,,gutim,214,
239,881.7669000000001,0.0789,144,35,5,2367,,B1,,,,,,,,gut_n214_5B1t_0,2367,,gutim,214,
239,881.8499,0.0789,144,37,5,2368,,C#2,,,,,,,,gut_n214_5Cs2t_1,2368,,gutim,214,
239,881.9329,0.0789,144,35,5,2369,,B1,,,,,,,,gut_n214_5B1t_1,2369,,gutim,214,
239,882.0159000000001,0.0789,144,37,5,2370,,C#2,,,,,,,,gut_n214_5Cs2t_2,2370,,gutim,214,
239,882.0989000000001,0.0789,144,35,5,2371,,B1,,,,,,,,gut_n214_5B1t_2,2371,,gutim,214,
239,882.1819,0.0789,144,37,5,2372,,C#2,,,,,,,,gut_n214_5Cs2t_3,2372,,gutim,214,
239,882.2649,0.0789,144,35,5,2373,,B1,,,,,,,,gut_n214_5B1t_3,2373,,gutim,214,
239,882.3479000000001,0.0789,144,37,5,2374,,C#2,,,,,,,,gut_n214_5Cs2t_4,2374,,gutim,214,
239,882.4309000000001,0.0789,144,35,5,2375,,B1,,,,,,,,gut_n214_5B1t_4,2375,,gutim,214,
239,882.514,0.0789,144,37,5,2376,,C#2,,,,,,,,gut_n214_5Cs2t_5,2376,,gutim,214,
239,882.5970000000001,0.0789,144,35,5,2377,,B1,,,,,,,,gut_n214_5B1t_5,2377,,gutim,214,
239,882.6800000000001,0.1586,144,57,5,2378,,A3,,,,,,,,gut_n214_5A3s,2378,,gutim,214,
239,882.8470000000001,0.1586,144,37,8,2379,,C#2,,,,,,,,gut_n214_5Cs2s,2379,,gutim,214,
239,883.014,0.1614,144,35,11,2380,,B1,,,,,,,,gut_n214_5B1s,2380,,gutim,214,
,,,,,,,5974,,,,,,,,,,,,gutim,,
,,,,,,,,,,,,,,,,,,240,,,
240,883.1839,0.604,144,66,11,2381,,F#4,,,,d,,,,gut_n215_1Fs4q_0,2381,,gutim,215,
240,883.1839,0.604,144,92,11,2381,,G#6,,,,d,,,,gut_n215_1Gs6q_0,2381,,gutim,215,
240,883.1839,0.604,144,100,11,2381,,E7,,,,d,,,,gut_n215_1E7q,2381,,gutim,215,
240,883.1839,0.604,144,64,14,2381,,E4,,,,d,,,,gut_n215_5E4q_0,2381,,gutim,215,
240,883.1839,0.604,144,70,14,2381,,Bb4,,,,d,,,,gut_n215_5Bb4q_0,2381,,gutim,215,
240,883.9389,0.161,144,93,8,2382,,A6,,,,d,,,,gut_n215_5A6s,2382,,gutim,215,
240,884.1083000000001,0.0802,144,85,7,2383,,C#6,,,,D,,,,gut_n215_5Cs6t_0,2383,,gutim,215,
240,884.1927000000001,0.0803,144,86,7,2384,,D6,,,,,,,,gut_n215_5D6t_0,2384,,gutim,215,
240,884.2773000000001,0.0804,144,83,7,2385,,B5,,,,,,,,gut_n215_5B5t_0,2385,,gutim,215,
240,884.3620000000001,0.0806,144,86,6,2386,,D6,,,,,,,,gut_n215_5D6t_1,2386,,gutim,215,
240,884.4468,0.0807,144,83,6,2387,,B5,,,,,,,,gut_n215_5B5t_1,2387,,gutim,215,
240,884.5317,0.0808,144,86,5,2388,,D6,,,,,,,,gut_n215_5D6t_2,2388,,gutim,215,
240,884.6168,0.0809,144,101,5,2389,,F7,,,,,,,,gut_n215_5F7t,2389,,gutim,215,
240,884.7040000000001,0.2933,144,69,14,2390,,A4,,,,,,,,gut_n215_1A4e,2390,,gutim,215,
240,884.7040000000001,0.247,144,75,14,2390,,Eb5,,,,,,,,gut_n215_1Eb5e,2390,,gutim,215,
240,884.9593000000001,0.0814,144,85,5,2391,,C#6,,e,,d,,,,gut_n215_5Cs6t_1,2391,,gutim,215,
240,885.0127,0.1477,144,101,5,2392,,F7,,,,,,,,gut_n215_1F7s_0,2392,,gutim,215,
240,885.0450000000001,0.0815,144,86,5,2393,,D6,,e,,d,,,,gut_n215_5D6t_3,2393,,gutim,215,
240,885.1308,0.0817,144,83,5,2394,,B5,,e,,d,,,,gut_n215_5B5t_2,2394,,gutim,215,
240,885.1682000000001,0.1481,144,93,5,2395,,A6,,,,,,,,gut_n215_1A6s_0,2395,,gutim,215,
240,885.2168,0.0818,144,85,5,2396,,C#6,,e,,d,,,,gut_n215_5Cs6t_2,2396,,gutim,215,
240,885.3029,0.0819,144,83,5,2397,,B5,,e,,d,,,,gut_n215_5B5t_3,2397,,gutim,215,
240,885.3241,0.1485,144,101,5,2398,,F7,,,,,,,,gut_n215_1F7s_1,2398,,gutim,215,
240,885.3891000000001,0.082,144,86,5,2399,,D6,,e,,d,,,,gut_n215_5D6t_4,2399,,gutim,215,
240,885.4754,0.0822,144,85,5,2400,,C#6,,e,,d,,,,gut_n215_5Cs6t_3,2400,,gutim,215,
240,885.5619,0.0823,144,86,5,2401,,D6,,e,,d,,,,gut_n215_5D6t_5,2401,,gutim,215,
240,885.6373000000001,0.1494,144,93,5,2402,,A6,,,,,,,,gut_n215_1A6s_1,2402,,gutim,215,
240,885.6485,0.0824,144,83,5,2403,,B5,,e,,d,,,,gut_n215_5B5t_4,2403,,gutim,215,
240,885.7352000000001,0.0825,144,85,5,2404,,C#6,,e,,d,,,,gut_n215_5Cs6t_4,2404,,gutim,215,
240,885.7945000000001,0.1498,144,101,5,2405,,F7,,,,,,,,gut_n215_1F7s_2,2405,,gutim,215,
240,885.8221000000001,0.0827,144,83,5,2406,,B5,,e,,d,,,,gut_n215_5B5t_5,2406,,gutim,215,
240,885.9091000000001,0.0828,144,86,5,2407,,D6,,e,,d,,,,gut_n215_5D6t_6,2407,,gutim,215,
240,885.9522000000001,0.1502,144,93,5,2408,,A6,,,,,,,,gut_n215_1A6s_2,2408,,gutim,215,
240,885.9963,0.0829,144,85,5,2409,,C#6,,e,,d,,,,gut_n215_5Cs6t_5,2409,,gutim,215,
240,886.0835000000001,0.083,144,83,5,2410,,B5,,e,,d,,,,gut_n215_5B5t_6,2410,,gutim,215,
240,886.1103,0.1477,144,101,5,2411,,F7,,,,,,,,gut_n215_1F7s_3,2411,,gutim,215,
240,886.1709000000001,0.0832,144,86,5,2412,,D6,,E,5975,D,,,,gut_n215_5D6t_7,2412,,gutim,215,
,,,,,,,5975,,,,,,,,,,,,gutim,,
240,886.2585,0.6377,144,64,8,2413,,E4,,,,d,,,,gut_n215_5E4q_1,2413,,gutim,215,
240,886.2585,0.6377,144,70,8,2413,,Bb4,,,,d,,,,gut_n215_5Bb4q_1,2413,,gutim,215,
240,886.2657,0.6378,144,66,8,2414,,F#4,,,,d,,,,gut_n215_1Fs4q_1,2414,,gutim,215,
240,886.2657,0.6378,144,92,8,2414,,G#6,,,,d,,,,gut_n215_1Gs6q_1,2414,,gutim,215,
240,886.2657,0.6378,144,101,8,2414,,F7,,,,D,5975,,,gut_n215_1F7q,2414,,gutim,215,
240,886.464,0.1131,144,93,8,2415,,A6,,,,,,,,gut_n215_2A6t,2415,,gutim,215,
240,886.5830000000001,0.0759,144,85,8,2416,,C#6,,,,,,,,gut_n215_2Cs6t,2416,,gutim,215,
240,886.6629,0.076,144,86,8,2417,,D6,,,,,,,,gut_n215_2D6t_0,2417,,gutim,215,
240,886.7429000000001,0.1137,144,83,8,2418,,B5,,,,,,,,gut_n215_2B5t,2418,,gutim,215,
240,886.8626,0.1139,144,86,8,2419,,D6,,,,,,,,gut_n215_2D6t_1,2419,,gutim,215,
240,886.9825000000001,0.0764,144,101,8,2420,,F7,,,,,,,,gut_n215_2F7t,2420,,gutim,215,
240,887.0629,0.1143,144,73,8,2421,,C#5,,,,,,,,gut_n215_1Cs5t_0,2421,,gutim,215,
240,887.0629,0.7681,144,69,14,2421,,A4,,,,,,,,gut_n215_5A4q,2421,,gutim,215,
240,887.0629,0.6468,144,75,14,2421,,Eb5,,,,,,,,gut_n215_5Eb5q,2421,,gutim,215,
240,887.1822000000001,0.1146,144,71,8,2422,,B4,,,,,,,,gut_n215_1B4t_0,2422,,gutim,215,
240,887.3028,0.1148,144,86,8,2423,,D6,,,,,,,,gut_n215_1D6t,2423,,gutim,215,
240,887.4237,0.077,144,101,9,2424,,F7,,,,,,,,gut_n215_1F7t,2424,,gutim,215,
240,887.5047000000001,0.1152,144,93,9,2425,,A6,,,,,,,,gut_n215_1A6t,2425,,gutim,215,
240,887.6260000000001,0.1155,144,73,9,2426,,C#5,,,,,,,,gut_n215_1Cs5t_1,2426,,gutim,215,
240,887.7475000000001,0.0774,144,71,9,2427,,B4,,,,,,,,gut_n215_1B4t_1,2427,,gutim,215,
240,887.8290000000001,0.1179,144,81,10,2428,,A5,,,,,,,,gut_n215_1A5x,2428,,gutim,215,
,,,,,,,,,,,,,,,,,,241,,,
241,887.9531000000001,0.1161,144,61,10,2429,,C#4,,,,,,,,gut_n216_1Cs4t,2429,,gutim,216,
241,888.0754000000001,0.1164,144,59,10,2430,,B3,,,,,,,,gut_n216_1B3t_0,2430,,gutim,216,
241,888.1979,0.0781,144,74,10,2431,,D5,,,,,,,,gut_n216_1D5t_0,2431,,gutim,216,
241,888.2800000000001,0.1168,144,59,10,2432,,B3,,,,,,,,gut_n216_1B3t_1,2432,,gutim,216,
241,888.403,0.117,144,74,11,2433,,D5,,,,,,,,gut_n216_1D5t_1,2433,,gutim,216,
241,888.5262,0.0785,144,101,11,2434,,F7,,,,,,,,gut_n216_1F7t,2434,,gutim,216,
241,888.6088000000001,0.1574,144,69,11,2435,,A4,,,,,,,,gut_n216_1A4t_0,2435,,gutim,216,
241,888.7745,0.1178,144,49,8,2436,,C#3,,,,,,,,gut_n216_1Cs3t,2436,,gutim,216,
241,888.8985,0.1181,144,62,8,2437,,D4,,,,,,,,gut_n216_1D4t,2437,,gutim,216,
241,889.0228000000001,0.1585,144,47,8,2438,,B2,,,,,,,,gut_n216_1B2s,2438,,gutim,216,
241,889.1896,0.159,144,62,8,2439,,D4,,,,,,,,gut_n216_1D4s,2439,,gutim,216,
241,889.3570000000001,0.1594,144,89,8,2440,,F6,,,,,,,,gut_n216_1F6s,2440,,gutim,216,
241,889.5248,0.1329,144,69,14,2441,,A4,,,,,,,,gut_n216_1A4s,2441,,gutim,216,
241,889.5248,0.1329,144,75,14,2441,,Eb5,,,,,,,,gut_n216_1Eb5s,2441,,gutim,216,
241,889.6647,0.1332,144,54,14,2442,,Gb3,,,,,,,,gut_n216_1Gb3s,2442,,gutim,216,
241,889.8049000000001,0.1335,144,77,14,2443,,F5,,,,,,,,gut_n216_1F5s,2443,,gutim,216,
241,889.9455,0.2681,144,61,14,2444,,Db4,,,,,,,,gut_n216_1Db4e,2444,,gutim,216,
241,890.2277,0.0672,144,69,17,2445,,A4,,,,,,,,gut_n216_1A4t_2,2445,,gutim,216,
241,890.2277,0.0672,144,75,17,2445,,Eb5,,,,,,,,gut_n216_1Eb5t_0,2445,,gutim,216,
241,890.2277,0.0672,144,77,17,2445,,F5,,,,,,,,gut_n216_1F5t_0,2445,,gutim,216,
241,890.2984,0.0673,144,54,18,2446,,Gb3,,,,,,,,gut_n216_1Gb3t_0,2446,,gutim,216,
241,890.3693000000001,0.0674,144,69,19,2447,,A4,,,,,,,,gut_n216_1A4t_3,2447,,gutim,216,
241,890.3693000000001,0.0674,144,75,19,2447,,Eb5,,,,,,,,gut_n216_1Eb5t_1,2447,,gutim,216,
241,890.3693000000001,0.0674,144,77,19,2447,,F5,,,,,,,,gut_n216_1F5t_1,2447,,gutim,216,
241,890.4402,0.0675,144,61,19,2448,,Db4,,,,,,,,gut_n216_1Db4t_0,2448,,gutim,216,
241,890.5113,0.1014,144,69,20,2449,,A4,,,,,,,,gut_n216_1A4t_4,2449,,gutim,216,
241,890.5113,0.1014,144,75,20,2449,,Eb5,,,,,,,,gut_n216_1Eb5t_2,2449,,gutim,216,
241,890.5113,0.1014,144,77,20,2449,,F5,,,,,,,,gut_n216_1F5t_2,2449,,gutim,216,
241,890.618,0.1016,144,61,20,2450,,Db4,,,,,,,,gut_n216_1Db4t_1,2450,,gutim,216,
241,890.7249,0.0678,144,54,20,2451,,Gb3,,,,,,,,gut_n216_1Gb3t_1,2451,,gutim,216,
241,891.2254,0.6962,144,64,14,2452,,E4,,,,,,,,gut_n216_5E4q,2452,,gutim,216,
241,891.2254,0.6962,144,70,14,2452,,Bb4,,,,,,,,gut_n216_5Bb4q,2452,,gutim,216,
241,891.2254,0.6962,144,84,14,2452,,C6,,,,,,,,gut_n216_5C6q,2452,,gutim,216,
241,892.3153000000001,0.0881,144,75,20,2453,,Eb5,,,,,,,,gut_n216_1Eb5t_3,2453,,gutim,216,
241,892.4254000000001,0.0883,144,57,20,2454,,A3,,,,,,,,gut_n216_1A3t_0,2454,,gutim,216,
241,892.5358,0.059,144,42,20,2455,,Gb2,,,,,,,,gut_n216_1Gb2t_0,2455,,gutim,216,
241,892.6094,0.059,144,57,20,2456,,A3,,,,,,,,gut_n216_1A3t_1,2456,,gutim,216,
241,892.6094,0.059,144,75,20,2456,,Eb5,,,,,,,,gut_n216_1Eb5t_4,2456,,gutim,216,
241,892.6094,0.059,144,77,20,2456,,F5,,,,,,,,gut_n216_1F5t_3,2456,,gutim,216,
241,892.6832,0.0591,144,42,20,2457,,Gb2,,,,,,,,gut_n216_1Gb2t_1,2457,,gutim,216,
241,892.7571,0.0888,144,49,20,2458,,Db3,,,,,,,,gut_n216_1Db3t,2458,,gutim,216,
241,892.8681,0.089,144,42,20,2459,,Gb2,,,,,,,,gut_n216_1Gb2t_2,2459,,gutim,216,
,,,,,,,,,,,,,,,,,,242,,,
242,892.9793000000001,0.2381,144,64,17,2460,,E4,,,,,,,,gut_n217_1E4e,2460,,gutim,217,
242,892.9793000000001,0.2381,144,70,17,2460,,Bb4,,,,,,,,gut_n217_1Bb4e,2460,,gutim,217,
242,892.9793000000001,0.2381,144,84,17,2460,,C6,,,,,,,,gut_n217_1C6e,2460,,gutim,217,
242,893.277,0.3595,144,56,18,2461,,G#3,,,,,,,,gut_n217_1Gs3e,2461,,gutim,217,
242,893.7264,2.3453,144,64,20,2462,,E4,,,,,,,,gut_n217_1E4s,2462,,gutim,217,
242,893.7264,2.3453,144,70,20,2462,,Bb4,,,,,,,,gut_n217_1Bb4s,2462,,gutim,217,
242,893.7264,2.3453,144,84,20,2462,,C6,,,,,,,,gut_n217_1C6s,2462,,gutim,217,
242,893.7264,2.3453,144,97,20,2462,,Db7,,,,,,,,gut_n217_1Db7s,2462,,gutim,217,
242,894.1036,0.1294,144,69,14,2463,,A4,,,,,,,,gut_n217_5A4t_0,2463,,gutim,217,
242,894.2398000000001,0.0868,144,49,14,2464,,C#3,,,,,,,,gut_n217_5Cs3t,2464,,gutim,217,
242,894.3312000000001,0.0869,144,50,13,2465,,D3,,,,,,,,gut_n217_5D3t_0,2465,,gutim,217,
242,894.4227000000001,0.1301,144,47,13,2466,,B2,,,,,,,,gut_n217_5B2t,2466,,gutim,217,
242,894.5596,0.1304,144,50,13,2467,,D3,,,,,,,,gut_n217_5D3t_1,2467,,gutim,217,
242,894.6969,0.0875,144,77,13,2468,,F5,,,,,,,,gut_n217_5F5t,2468,,gutim,217,
242,894.7890000000001,0.1309,144,37,12,2469,,C#2,,e,,,,,,gut_n217_5Cs2t_0,2469,,gutim,217,
242,894.7890000000001,0.1309,144,69,12,2469,,A4,,e,,,,,,gut_n217_5A4t_1,2469,,gutim,217,
242,894.9268000000001,0.1313,144,35,12,2470,,B1,,e,,,,,,gut_n217_5B1t_0,2470,,gutim,217,
242,895.065,0.1316,144,50,12,2471,,D3,,e,,,,,,gut_n217_5D3t_2,2471,,gutim,217,
242,895.2035000000001,0.0883,144,35,11,2472,,B1,,E,,,,,,gut_n217_5B1t_1,2472,,gutim,217,
242,895.2035000000001,0.0883,144,37,11,2472,,C#2,,E,,,,,,gut_n217_5Cs2t_1,2472,,gutim,217,
242,895.2035000000001,0.0883,144,65,11,2472,,F4,,E,5976,,,,,gut_n217_5F4t,2472,,gutim,217,
242,895.2964000000001,0.1321,144,57,11,2473,,A3,,,,,,,,gut_n217_5A3t,2473,,gutim,217,
242,895.4355,0.1324,144,37,11,2474,,C#2,,,,,,,,gut_n217_5Cs2t_2,2474,,gutim,217,
242,895.5749000000001,0.0889,144,35,11,2475,,B1,,,,,,,,gut_n217_5B1t_2,2475,,gutim,217,
242,895.6684,0.133,144,45,10,2476,,A2,,,,,,,,gut_n217_5A2x,2476,,gutim,217,
242,895.8084,0.1333,144,25,10,2477,,C#1,,,,,,,,gut_n217_5Cs1t_0,2477,,gutim,217,
242,895.9487,0.1336,144,23,10,2478,,B0,,,,,,,,gut_n217_5B0t_0,2478,,gutim,217,
242,896.0894000000001,0.0897,144,38,9,2479,,D2,,,,,,,,gut_n217_5D2t_0,2479,,gutim,217,
242,896.1838,0.1342,144,23,9,2480,,B0,,,,,,,,gut_n217_5B0t_1,2480,,gutim,217,
242,896.325,0.1345,144,38,9,2481,,D2,,,,,,,,gut_n217_5D2t_1,2481,,gutim,217,
242,896.4666000000001,0.0903,144,53,9,2482,,F3,,,,,,,,gut_n217_5F3t,2482,,gutim,217,
242,896.5616,0.181,144,33,8,2483,,A1,,,,,,,,gut_n217_5A1t_0,2483,,gutim,217,
242,896.7521,0.1355,144,25,8,2484,,C#1,,,,,,,,gut_n217_5Cs1t_1,2484,,gutim,217,
242,896.8948,0.1359,144,26,8,2485,,D1,,,,,,,,gut_n217_5D1t,2485,,gutim,217,
242,897.0378000000001,0.1825,144,23,8,2486,,B0,,,,,,,,gut_n217_5B0s_0,2486,,gutim,217,
242,897.2299,0.1831,144,26,8,2487,,D1,,,,,,,,gut_n217_5D1s_0,2487,,gutim,217,
242,897.4226000000001,0.1837,144,41,8,2488,,F2,,,,,,,,gut_n217_5F2s_0,2488,,gutim,217,
242,897.6160000000001,0.2756,144,23,8,2489,,B0,,,,,,,,gut_n217_5B0s_1,2489,,gutim,217,
242,897.6160000000001,0.2756,144,25,8,2489,,C#1,,,,,,,,gut_n217_5Cs1s,2489,,gutim,217,
242,897.6160000000001,0.2756,144,33,8,2489,,A1,,,,,,,,gut_n217_5A1s,2489,,gutim,217,
242,897.9061,0.1853,144,26,8,2490,,D1,,,,,,,,gut_n217_5D1s_1,2490,,gutim,217,
242,898.1011000000001,0.1859,144,41,8,2491,,F2,,,,,,,,gut_n217_5F2s_1,2491,,gutim,217,
242,898.3453000000001,0.1163,144,34,14,2492,,Bb1,,,,,,,,gut_n217_1Bb1t,2492,,gutim,217,
242,898.4677,0.1166,144,41,13,2493,,F2,,,,,,,,gut_n217_1F2t,2493,,gutim,217,
,,,,,,,,,,,,,,,,,,243,,,
243,898.5904,0.3512,144,61,12,2494,,Db4,,,,,,,,gut_n218_1Db4s,2494,,gutim,218,
243,898.9602000000001,0.1176,144,34,10,2495,,Bb1,,,,,,,,gut_n218_1Bb1t,2495,,gutim,218,
243,898.9602000000001,0.1176,144,53,10,2495,,F3,,,,,,,,gut_n218_1F3t,2495,,gutim,218,
243,899.0839000000001,0.1178,144,61,9,2496,,Db4,,,,,,,,gut_n218_1Db4t,2496,,gutim,218,
243,899.2080000000001,0.3551,144,34,8,2497,,Bb1,,,,,,,,gut_n218_1Bb1s,2497,,gutim,218,
243,899.5818,3.2,144,73,8,2498,,Db5,,,,,,,,gut_n218_1Db5w,2498,,gutim,218,
,,,,,,,5976,,,,,,,,,,,,gutim,,
,,,,,,,,,,,,,,,,,,244,,,
244,904.3318,1.3538,144,75,14,2499,,Eb5,,,,d,,,,gut_n219_1Eb5h,2499,,gutim,219,
244,904.3318,0.8,144,81,14,2499,,A5,,,,d,,,,gut_n219_2A5h,2499,,gutim,219,
244,904.3318,0.1875,144,68,5,2499,,Ab4,,,,d,,t,,gut_n219_5Ab4e,2499,,gutim,219,
244,904.7068,0.1875,144,50,6,2500,,D3,,,,d,,,,gut_n219_5D3e,2500,,gutim,219,
244,905.0818,0.7125,144,78,8,2501,,F#5,,,,,,t,,gut_n219_5Fs5q,2501,,gutim,219,
244,905.1755,0.075,144,33,22,2502,,A1,,,,d,,,,gut_n219_6A1t_0,2502,,gutim,219,
244,905.2693,0.3,144,67,22,2503,,G4,,,,d,,,,gut_n219_6G4e,2503,,gutim,219,
244,905.3318,0.4,144,62,14,2504,,D4,,,,d,,,,gut_n219_2D4q,2504,,gutim,219,
244,905.6443,0.075,144,33,8,2505,,A1,,,,d,,,,gut_n219_6A1t_1,2505,,gutim,219,
244,905.738,0.075,144,67,8,2506,,G4,,,,d,,,,gut_n219_6G4t,2506,,gutim,219,
244,905.8318,0.7125,144,77,14,2507,,F5,,,,d,,,,gut_n219_1F5q,2507,,gutim,219,
244,905.8318,0.0625,144,47,8,2507,,B2,,,,,,t,,gut_n219_2B2s,2507,,gutim,219,
244,905.8318,1.425,144,40,8,2507,,E2,,,,,,,,gut_n219_5E2h,2507,,gutim,219,
244,905.8318,1.2,144,34,8,2507,,Bb1,,,,d,,,,gut_n219_6Bb1h,2507,,gutim,219,
244,905.9568,0.0625,144,94,11,2508,,Bb6,,,,,,,,gut_n219_2Bb6s,2508,,gutim,219,
244,906.3318,0.2,144,101,8,2509,,F7,,,,,,,,gut_n219_2F7e,2509,,gutim,219,
244,906.5818,0.3562,144,75,7,2510,,Eb5,,,,,,t,,gut_n219_1Eb5e,2510,,gutim,219,
244,906.5818,0.6,144,78,5,2510,,F#5,,,,D,5977,,,gut_n219_2Fs5q,2510,,gutim,219,
244,907.1818000000001,0.0712,144,59,7,2511,,B3,g,,,,,,,gut_ng219_1B3e,2511,,gutim,219,
244,907.2568,0.0712,144,68,7,2512,,G#4,g,,,,,,,gut_ng219_1Gs4e,2512,,gutim,219,
,,,,,,,,,,,,,,,,,,245,,,
245,907.3318,0.7125,144,69,8,2513,,A4,,,,,,T,,gut_n220_1A4q,2513,,gutim,220,
245,907.3318,0.7125,144,82,8,2513,,Bb5,,,,,,T,5977,gut_n220_1Bb5q_0,2513,,gutim,220,
245,907.3318,0.1187,144,37,8,2513,,C#2,,,,,,,,gut_n220_5Cs2s_0,2513,,gutim,220,
245,907.3318,0.4203,144,24,8,2513,,C1,,,,,,,,gut_n220_6C1e,2513,,gutim,220,
245,907.4568,0.1187,144,35,8,2514,,B1,,,,,,,,gut_n220_5B1s_0,2514,,gutim,220,
245,907.5818,0.1187,144,37,8,2515,,C#2,,,,,,,,gut_n220_5Cs2s_1,2515,,gutim,220,
245,907.7068,0.1187,144,35,8,2516,,B1,,,,,,,,gut_n220_5B1s_1,2516,,gutim,220,
245,907.8318,0.2,144,57,8,2517,,A3,,,,,,,,gut_n220_5A3e,2517,,gutim,220,
245,907.8562000000001,0.0602,144,88,8,2518,,E6,,,,,,,,gut_n220_6E6t_0,2518,,gutim,220,
245,907.9314,0.0602,144,24,8,2519,,C1,,,,,,,,gut_n220_6C1t,2519,,gutim,220,
245,908.0066,0.4203,144,88,8,2520,,E6,,,,,,,,gut_n220_6E6t_1,2520,,gutim,220,
245,908.0818,0.6,144,82,8,2521,,Bb5,,,,,,,,gut_n220_1Bb5q_1,2521,,gutim,220,
245,908.5319000000001,0.0714,144,81,8,2522,,A5,,,,,,,,gut_n220_6A5t_0,2522,,gutim,220,
245,908.6071000000001,0.0714,144,54,8,2523,,F#3,,,,,,,,gut_n220_6Fs3t,2523,,gutim,220,
245,908.6823,0.1429,144,80,8,2524,,G#5,,,,,,,,gut_n220_6Gs5s,2524,,gutim,220,
245,908.8318,0.6,144,38,8,2525,,D2,,,,,,,,gut_n220_1D2q,2525,,gutim,220,
245,908.8318,0.6,144,25,8,2525,,C#1,,,,,,,,gut_n220_5Cs1q,2525,,gutim,220,
245,908.8318,0.0714,144,81,8,2525,,A5,,,,,,,,gut_n220_6A5t_1,2525,,gutim,220,
245,908.9069000000001,0.0714,144,80,8,2526,,G#5,,,,,,,,gut_n220_6Gs5t,2526,,gutim,220,
245,908.9821000000001,0.0714,144,36,8,2527,,C2,,,,,,,,gut_n220_6C2t,2527,,gutim,220,
245,909.0573,0.0714,144,69,8,2528,,A4,,,,,,,,gut_n220_6A4t_0,2528,,gutim,220,
245,909.1325,0.2134,144,76,8,2529,,E5,,,,,,,,gut_n220_6E5s,2529,,gutim,220,
245,909.3571000000001,0.0714,144,68,8,2530,,G#4,,e,,,,,,gut_n220_6Gs4t_0,2530,,gutim,220,
245,909.4323,0.0714,144,76,8,2531,,E5,,e,,,,,,gut_n220_6E5t_0,2531,,gutim,220,
245,909.5075,0.0714,144,68,8,2532,,G#4,,e,,,,,,gut_n220_6Gs4t_1,2532,,gutim,220,
245,909.5818,0.15,144,38,8,2533,,D2,,,,,,,,gut_n220_5D2s,2533,,gutim,220,
245,909.5818,0.0714,144,76,8,2533,,E5,,e,,,,,,gut_n220_6E5t_1,2533,,gutim,220,
245,909.6569000000001,0.0714,144,68,8,2534,,G#4,,e,,,,,,gut_n220_6Gs4t_2,2534,,gutim,220,
245,909.7321000000001,0.0714,144,42,8,2535,,F#2,,e,,,,,,gut_n220_6Fs2t_0,2535,,gutim,220,
245,909.8044000000001,0.0714,144,69,8,2536,,A4,,e,,,,,,gut_n220_6A4t_1,2536,,gutim,220,
245,909.8318,0.4,144,77,8,2537,,F5,,,,,,,,gut_n220_1F5q,2537,,gutim,220,
245,909.8796000000001,0.0714,144,68,8,2538,,G#4,,e,,,,,,gut_n220_6Gs4t_3,2538,,gutim,220,
245,909.9568,0.0891,144,66,8,2539,,F#4,,,,,,,,gut_n220_5Fs4t,2539,,gutim,220,
245,909.9568,0.0714,144,69,8,2539,,A4,,e,,,,,,gut_n220_6A4t_2,2539,,gutim,220,
245,910.0319000000001,0.0714,144,76,8,2540,,E5,,e,,,,,,gut_n220_6E5t_2,2540,,gutim,220,
245,910.0505,0.0891,144,56,8,2541,,G#3,,,,,,,,gut_n220_5Gs3t,2541,,gutim,220,
245,910.1062000000001,0.0714,144,68,8,2542,,G#4,,e,,,,,,gut_n220_6Gs4t_4,2542,,gutim,220,
245,910.1443,0.075,144,26,8,2543,,D1,,,,,,,,gut_n220_5D1t,2543,,gutim,220,
245,910.1794000000001,0.0602,144,42,8,2544,,F#2,,e,,,,,,gut_n220_6Fs2t_1,2544,,gutim,220,
245,910.2556000000001,0.0609,144,57,8,2545,,A3,,E,5977,,,,,gut_n220_6A3t,2545,,gutim,220,
,,,,,,,5977,,,,,,,,,,,,gutim,,
,,,,,,,,,,,,,,,,,,246,,,
246,910.3318,0.15,144,62,8,2546,,D4,,,,d,,,,gut_n221_5D4s,2546,,gutim,221,
246,910.3318,0.6,144,24,8,2546,,C1,,,,d,,,,gut_n221_6C1q_0,2546,,gutim,221,
246,910.3318,0.6,144,52,17,2546,,E3,,,,d,,,,gut_n221_6E3q_0,2546,,gutim,221,
246,910.3318,0.6,144,59,11,2546,,B3,,,,d,,,,gut_n221_6B3q,2546,,gutim,221,
246,910.5193,0.45,144,36,11,2547,,C2,,,,d,,,,gut_n221_5C2e,2547,,gutim,221,
246,910.6316,0.2398,144,45,11,2548,,A2,,,,D,,,,gut_n221_1A2e,2548,,gutim,221,
246,910.9314,0.1203,144,45,14,2549,,A2,,,,,,,,gut_n221_1A2s,2549,,gutim,221,
246,910.9314,0.1203,144,79,14,2549,,G5,,,,,,,,gut_n221_1G5s,2549,,gutim,221,
246,911.0818,0.15,144,46,15,2550,,Bb2,,,,,,,,gut_n221_5Bb2s_0,2550,,gutim,221,
246,911.2693,0.1,144,73,17,2551,,Db5,,,,,,,,gut_n221_5Db5s_0,2551,,gutim,221,
246,911.3943,0.1,144,46,18,2552,,Bb2,,,,,,,,gut_n221_5Bb2s_1,2552,,gutim,221,
246,911.3943,0.1,144,53,18,2552,,F3,,,,,,,,gut_n221_5F3s,2552,,gutim,221,
246,911.3943,0.1,144,73,18,2552,,Db5,,,,,,,,gut_n221_5Db5s_1,2552,,gutim,221,
246,911.5193,0.15,144,33,19,2553,,A1,,,,,,,,gut_n221_5A1s,2553,,gutim,221,
246,911.6193000000001,0.0712,144,81,21,2554,,A5,g,,,,,,,gut_ng221_5A5e,2554,,gutim,221,
246,911.6943,0.0712,144,74,21,2555,,D5,g,,,,,,,gut_ng221_5D5e,2555,,gutim,221,
246,911.7693,0.1187,144,79,22,2556,,G5,,,,,,,,gut_n221_5G5s,2556,,gutim,221,
246,911.8943,0.0891,144,37,11,2557,,C#2,,e,,d,,,,gut_n221_1Cs2t,2557,,gutim,221,
246,911.8943,1.2,144,34,22,2557,,Bb1,,,,d,,,,gut_n221_5Bb1h,2557,,gutim,221,
246,911.988,0.0891,144,35,11,2558,,B1,,e,,d,,,,gut_n221_1B1t,2558,,gutim,221,
246,912.0818,0.0891,144,74,11,2559,,D5,,e,,d,,,,gut_n221_1D5t,2559,,gutim,221,
246,912.1755,0.0891,144,89,11,2560,,F6,,E,,d,,,,gut_n221_1F6t,2560,,gutim,221,
246,912.4568,0.0891,144,62,22,2561,,D4,,,,d,,,,gut_n221_6D4t,2561,,gutim,221,
246,912.5505,0.0445,144,36,22,2562,,C2,,,,d,,,,gut_n221_6C2t,2562,,gutim,221,
246,912.6443,0.225,144,59,17,2563,,B3,,,,d,,,,gut_n221_1B3s,2563,,gutim,221,
246,912.6443,0.6,144,24,8,2563,,C1,,,,d,,,,gut_n221_6C1q_1,2563,,gutim,221,
246,912.6443,0.6,144,46,8,2563,,Bb2,,,,d,,,,gut_n221_6Bb2q,2563,,gutim,221,
246,912.6443,0.6,144,52,8,2563,,E3,,,,d,,,,gut_n221_6E3q_1,2563,,gutim,221,
246,912.9255,0.375,144,82,17,2564,,Bb5,,,,D,,,,gut_n221_1Bb5t,2564,,gutim,221,
,,,,,,,,,,,,,,,,,,247,,,
247,913.3943,0.0891,144,49,11,2565,,C#3,,,,,,,,gut_n222_1Cs3t,2565,,gutim,222,
247,913.488,0.0891,144,47,12,2566,,B2,,,,,,,,gut_n222_1B2t,2566,,gutim,222,
247,913.5818,0.0891,144,74,14,2567,,D5,,,,,,,,gut_n222_1D5t,2567,,gutim,222,
247,913.6755,0.0891,144,89,16,2568,,F6,,,,,,,,gut_n222_1F6t,2568,,gutim,222,
247,913.7693,1.0687,144,69,17,2569,,A4,,,,,,,,gut_n222_1A4e,2569,,gutim,222,
247,913.8943,0.1187,144,52,11,2570,,E3,,,,,,,,gut_n222_5E3s,2570,,gutim,222,
247,914.0193,0.1187,144,62,13,2571,,D4,,,,,,,,gut_n222_5D4s,2571,,gutim,222,
247,914.1443,0.15,144,34,15,2572,,Bb1,,,,,,,,gut_n222_6Bb1s,2572,,gutim,222,
247,914.3318,0.15,144,52,17,2573,,E3,,,,,,,,gut_n222_6E3s,2573,,gutim,222,
247,914.4568,0.15,144,24,8,2574,,C1,,,,,,,,gut_n222_5C1s,2574,,gutim,222,
247,914.5193,0.15,144,62,20,2575,,D4,,,,,,,,gut_n222_6D4s,2575,,gutim,222,
247,914.6443,0.1,144,64,11,2576,,E4,,,,,,,,gut_n222_5E4s_0,2576,,gutim,222,
247,914.7693,0.1,144,42,12,2577,,F#2,,,,,,,,gut_n222_5Fs2s,2577,,gutim,222,
247,914.8943,1.2,144,68,20,2578,,G#4,,,,,,,,gut_n222_1Gs4h,2578,,gutim,222,
247,914.8943,0.15,144,64,14,2578,,E4,,,,,,,,gut_n222_5E4s_1,2578,,gutim,222,
247,915.0818,0.0891,144,56,11,2579,,G#3,,e,,,,,,gut_n222_5Gs3t_0,2579,,gutim,222,
247,915.1755,0.0891,144,57,10,2580,,A3,,e,,,,,,gut_n222_5A3t_0,2580,,gutim,222,
247,915.2693,0.0891,144,56,9,2581,,G#3,,e,,,,,,gut_n222_5Gs3t_1,2581,,gutim,222,
247,915.363,0.0891,144,57,7,2582,,A3,,e,,,,,,gut_n222_5A3t_1,2582,,gutim,222,
247,915.4568,0.0594,144,24,6,2583,,C1,,E,5978,,,,,gut_n222_5C1t,2583,,gutim,222,
247,915.5193,0.1187,144,30,5,2584,,F#1,,,,,,,,gut_n222_5Fs1s,2584,,gutim,222,
,,,,,,,,,,,,,,,,,,248,,,
248,916.7693,0.3,144,34,11,2585,,Bb1,,,,d,,,,gut_n223_5Bb1e,2585,,gutim,223,
248,916.7693,0.3,144,52,11,2585,,E3,,,,d,,,,gut_n223_5E3e,2585,,gutim,223,
248,916.7693,0.3,144,62,11,2585,,D4,,,,d,,,,gut_n223_5D4e,2585,,gutim,223,
248,916.7693,0.3,144,64,11,2585,,E4,,,,d,,,,gut_n223_5E4e,2585,,gutim,223,
248,916.7693,0.3,144,24,8,2585,,C1,,,,d,,,,gut_n223_6C1e,2585,,gutim,223,
248,916.7693,0.3,144,30,8,2585,,F#1,,,,d,,,,gut_n223_6Fs1e,2585,,gutim,223,
248,916.7693,0.3,144,56,8,2585,,G#3,,,,d,,,,gut_n223_6Gs3e,2585,,gutim,223,
248,916.7693,0.3,144,57,8,2585,,A3,,,,d,,,,gut_n223_6A3e,2585,,gutim,223,
248,917.1443,0.3,144,68,17,2586,,G#4,,,,d,,,,gut_n223_1Gs4e,2586,,gutim,223,
248,917.1443,0.3,144,78,17,2586,,F#5,,,,d,,,,gut_n223_1Fs5e,2586,,gutim,223,
248,917.5193,0.2,144,59,11,2587,,B3,,,,D,5978,,,gut_n223_1B3e,2587,,gutim,223,
248,917.7693,0.05,144,50,10,2588,,D3,,,,,,,,gut_n223_1D3t_0,2588,,gutim,223,
248,917.8318,0.05,144,82,9,2589,,Bb5,,,,,,,,gut_n223_1Bb5t_0,2589,,gutim,223,
248,917.8943,0.05,144,59,9,2590,,B3,,,,,,,,gut_n223_1B3t_0,2590,,gutim,223,
248,917.9568,0.05,144,82,8,2591,,Bb5,,,,,,,,gut_n223_1Bb5t_1,2591,,gutim,223,
248,918.0193,0.075,144,59,8,2592,,B3,,,,,,,,gut_n223_1B3t_1,2592,,gutim,223,
248,918.113,0.075,144,94,6,2593,,Bb6,,,,,,,,gut_n223_1Bb6t,2593,,gutim,223,
248,918.2068,0.05,144,50,5,2594,,D3,,,,,,,,gut_n223_1D3t_1,2594,,gutim,223,
,,,,,,,5978,,,,,,,,,,,,gutim,,
,,,,,,,,,,,,,,,,,,249,,,
249,920.5693,0.06,144,36,8,2595,,C2,g,,,,,,,gut_ng224_5C2e,2595,,gutim,224,
249,920.6443,0.475,144,69,8,2596,,A4,,,,,,,,gut_n224_5A4e_0,2596,,gutim,224,
249,921.1443,0.475,144,54,8,2597,,F#3,,,,,,,,gut_n224_5Fs3q,2597,,gutim,224,
249,921.4193,0.06,144,90,8,2598,,F#6,g,,,,,,,gut_ng224_1Fs6e_0,2598,,gutim,224,
249,921.4943000000001,0.06,144,80,8,2599,,G#5,g,,,,,,,gut_ng224_1Gs5e,2599,,gutim,224,
249,921.5693,0.06,144,90,8,2600,,F#6,g,,,,,,,gut_ng224_1Fs6e_1,2600,,gutim,224,
249,921.6443,0.0891,144,71,8,2601,,B4,,,,,,,,gut_n224_1B4t_0,2601,,gutim,224,
249,921.738,0.1336,144,80,8,2602,,G#5,,,,,,,,gut_n224_1Gs5t_0,2602,,gutim,224,
249,921.8786,0.1336,144,90,8,2603,,F#6,,,,,,,,gut_n224_1Fs6t_0,2603,,gutim,224,
249,922.0193,0.0891,144,71,9,2604,,B4,,,,,,,,gut_n224_1B4t_1,2604,,gutim,224,
249,922.113,0.1336,144,80,11,2605,,G#5,,,,,,,,gut_n224_1Gs5t_1,2605,,gutim,224,
249,922.2536,0.1336,144,90,12,2606,,F#6,,,,,,,,gut_n224_1Fs6t_1,2606,,gutim,224,
,,,,,,,,,,,,,,,,,,250,,,
250,922.3943,0.6,144,59,12,2607,,B3,,,,,,,,gut_n225_1B3q,2607,,gutim,225,
250,922.3943,0.2375,144,52,14,2607,,E3,,,,,,,,gut_n225_5E3e,2607,,gutim,225,
250,922.3943,0.2375,144,62,14,2607,,D4,,,,,,,,gut_n225_5D4e_0,2607,,gutim,225,
250,922.6443,0.1187,144,34,16,2608,,Bb1,,,,,,,,gut_n225_5Bb1s,2608,,gutim,225,
250,922.7693,0.1187,144,52,16,2609,,E3,,,,,,,,gut_n225_5E3s,2609,,gutim,225,
250,922.8943,0.2375,144,62,17,2610,,D4,,,,,,,,gut_n225_5D4e_1,2610,,gutim,225,
250,923.1443,0.0594,144,59,14,2611,,B3,,,,,,,,gut_n225_1B3t,2611,,gutim,225,
250,923.2068,0.0594,144,90,15,2612,,F#6,,,,,,,,gut_n225_1Fs6t_0,2612,,gutim,225,
250,923.2693,0.0891,144,80,16,2613,,G#5,,,,,,,,gut_n225_1Gs5t,2613,,gutim,225,
250,923.363,0.0891,144,90,18,2614,,F#6,,,,,,,,gut_n225_1Fs6t_1,2614,,gutim,225,
250,923.4568,0.1781,144,59,20,2615,,B3,,,,,,,,gut_n225_1B3s,2615,,gutim,225,
250,923.6443,0.1781,144,94,20,2616,,A#6,,,,,,,,gut_n225_1As6s,2616,,gutim,225,
250,923.8318,0.0594,144,50,20,2617,,D3,,,,,,,,gut_n225_1D3t,2617,,gutim,225,
250,923.8943,0.475,144,57,11,2618,,A3,,,,d,,,,gut_n225_5A3q,2618,,gutim,225,
250,924.3943,0.95,144,42,11,2619,,F#2,,,,d,,,,gut_n225_5Fs2h,2619,,gutim,225,
250,925.1443,0.2,144,50,20,2620,,D3,,,,d,,,,gut_n225_1D3e,2620,,gutim,225,
250,925.1443,0.2,144,59,20,2620,,B3,,,,d,,,,gut_n225_1B3e,2620,,gutim,225,
250,925.1443,0.2,144,80,20,2620,,G#5,,,,d,,,,gut_n225_1Gs5e,2620,,gutim,225,
250,925.1443,0.2,144,90,20,2620,,F#6,,,,d,,,,gut_n225_1Fs6e,2620,,gutim,225,
250,925.1443,0.2,144,94,20,2620,,A#6,,,,d,,,,gut_n225_1As6e,2620,,gutim,225,
,,,,,,,,,,,,,,,,,,251,,,
251,925.3943,0.2,144,34,22,2621,,Bb1,,,,d,,,,gut_n226_1Bb1e,2621,,gutim,226,
251,925.3943,0.2,144,73,22,2621,,Db5,,,,d,,,,gut_n226_1Db5e,2621,,gutim,226,
251,925.3943,0.15,144,58,20,2621,,Bb3,,,,d,,,,gut_n226_5Bb3s,2621,,gutim,226,
251,925.5818,0.1,144,85,20,2622,,Db6,,,,d,,,,gut_n226_5Db6s,2622,,gutim,226,
251,925.6443,0.2375,144,76,11,2623,,E5,,,,d,,,,gut_n226_1E5e,2623,,gutim,226,
251,925.7068,0.05,144,32,20,2624,,Ab1,,,,d,,,,gut_n226_5Ab1t,2624,,gutim,226,
251,925.8943,0.2375,144,68,11,2625,,G#4,,,,d,,,,gut_n226_1Gs4e,2625,,gutim,226,
251,926.0818,0.0594,144,52,17,2626,,E3,,,,d,,,,gut_n226_5E3t_0,2626,,gutim,226,
251,926.1443,0.0594,144,62,17,2627,,D4,,,,d,,,,gut_n226_5D4t_0,2627,,gutim,226,
251,926.2068,0.0594,144,34,22,2628,,Bb1,,,,d,,,,gut_n226_5Bb1t_0,2628,,gutim,226,
251,926.2693,0.0594,144,52,22,2629,,E3,,,,d,,,,gut_n226_5E3t_1,2629,,gutim,226,
251,926.3318,0.0594,144,34,22,2630,,Bb1,,,,d,,,,gut_n226_5Bb1t_1,2630,,gutim,226,
251,926.3318,0.0594,144,62,22,2630,,D4,,,,d,,,,gut_n226_5D4t_1,2630,,gutim,226,
251,926.3943,0.0594,144,30,22,2631,,Gb1,,,,d,,,,gut_n226_5Gb1t,2631,,gutim,226,
251,926.3943,0.0594,144,52,22,2631,,E3,,,,d,,,,gut_n226_5E3t_2,2631,,gutim,226,
251,926.4568,0.0594,144,34,22,2632,,Bb1,,,,d,,,,gut_n226_5Bb1t_2,2632,,gutim,226,
251,926.4568,0.0594,144,43,22,2632,,G2,,,,d,,,,gut_n226_5G2t,2632,,gutim,226,
251,926.4568,0.0594,144,62,22,2632,,D4,,,,d,,,,gut_n226_5D4t_2,2632,,gutim,226,
251,926.7693,1.225,144,50,22,2633,,D3,,,,d,,,,gut_n226_1D3s,2633,,gutim,226,
251,926.7693,1.225,144,59,22,2633,,B3,,,,d,,,,gut_n226_1B3s,2633,,gutim,226,
251,926.7693,1.225,144,80,22,2633,,G#5,,,,d,,,,gut_n226_1Gs5s,2633,,gutim,226,
251,926.7693,1.225,144,90,22,2633,,F#6,,,,d,,,,gut_n226_1Fs6s,2633,,gutim,226,
251,926.7693,1.225,144,94,22,2633,,A#6,,,,d,,,,gut_n226_1As6s,2633,,gutim,226,
251,927.2693,0.0594,144,70,11,2634,,Bb4,,,,D,5979,,,gut_n226_5Bb4t_0,2634,,gutim,226,
251,927.3318,0.0594,144,66,12,2635,,F#4,,,,,,,,gut_n226_5Fs4t,2635,,gutim,226,
251,927.3943,0.0594,144,88,13,2636,,E6,,,,,,,,gut_n226_5E6t_0,2636,,gutim,226,
251,927.4568,0.0891,144,70,14,2637,,Bb4,,,,,,,,gut_n226_5Bb4t_1,2637,,gutim,226,
251,927.5505,0.0891,144,88,15,2638,,E6,,,,,,,,gut_n226_5E6t_1,2638,,gutim,226,
251,927.6443,0.0594,144,70,16,2639,,Bb4,,,,,,,,gut_n226_5Bb4t_2,2639,,gutim,226,
251,927.7068,0.0594,144,79,17,2640,,G5,,,,,,,,gut_n226_5G5t_0,2640,,gutim,226,
251,927.7693,0.0594,144,98,18,2641,,D7,,,,,,,,gut_n226_5D7t_0,2641,,gutim,226,
251,927.8318,0.0891,144,88,19,2642,,E6,,,,,,,,gut_n226_5E6t_2,2642,,gutim,226,
251,927.9255,0.0891,144,98,21,2643,,D7,,,,,,,,gut_n226_5D7t_1,2643,,gutim,226,
251,928.0193,0.0594,144,54,22,2644,,F#3,,,,,,,,gut_n226_5Fs3t_0,2644,,gutim,226,
251,928.0818,0.0594,144,88,22,2645,,E6,,,,,,,,gut_n226_5E6t_3,2645,,gutim,226,
251,928.1443,0.0594,144,79,22,2646,,G5,,,,,,,,gut_n226_5G5t_1,2646,,gutim,226,
251,928.2068,0.0891,144,54,22,2647,,F#3,,,,,,,,gut_n226_5Fs3t_1,2647,,gutim,226,
251,928.3005,0.075,144,69,14,2648,,A4,,,,,,,,gut_n226_1A4t,2648,,gutim,226,
251,928.3005,0.0891,144,79,22,2648,,G5,,,,,,,,gut_n226_5G5t_2,2648,,gutim,226,
,,,,,,,,,,,,,,,,,,252,,,
252,928.3943,0.075,144,54,17,2649,,F#3,,e,,,,,,gut_n227_1Fs3t,2649,,gutim,227,
252,928.3943,0.075,144,69,17,2649,,A4,,e,,,,,,gut_n227_1A4t,2649,,gutim,227,
252,928.488,0.525,144,54,20,2650,,F#3,,e,,,,,,gut_n227_1Fs3e,2650,,gutim,227,
252,928.488,0.525,144,61,20,2650,,C#4,,e,,,,,,gut_n227_1Cs4e,2650,,gutim,227,
252,928.5818,0.075,144,69,14,2651,,A4,,e,,,,,,gut_n227_5A4t,2651,,gutim,227,
252,928.6755,0.075,144,37,14,2652,,C#2,,e,,,,,,gut_n227_5Cs2t,2652,,gutim,227,
252,928.7693,0.3,144,50,14,2653,,D3,,E,5979,,,,,gut_n227_5D3e,2653,,gutim,227,
252,929.1443,0.2,144,47,14,2654,,B2,,,,,,,,gut_n227_5B2e_0,2654,,gutim,227,
252,929.3943,0.2,144,94,22,2655,,A#6,,,,,,,,gut_n227_5As6e,2655,,gutim,227,
252,929.6443,0.2,144,94,22,2656,,A#6,,,,,,,,gut_n227_1As6e,2656,,gutim,227,
252,929.6443,0.2,144,38,22,2656,,D2,,,,,,,,gut_n227_5D2e,2656,,gutim,227,
252,929.6443,0.2,144,47,22,2656,,B2,,,,,,,,gut_n227_5B2e_1,2656,,gutim,227,
,,,,,,,5979,,,,,,,,,,,,gutim,,
252,930.2693,0.1125,144,74,8,2657,,D5,,,,d,,,,gut_n227_5D5t,2657,,gutim,227,
252,930.4099,0.075,144,36,8,2658,,C2,,,,d,,,,gut_n227_5C2t_0,2658,,gutim,227,
252,930.5036,0.1125,144,46,8,2659,,Bb2,,,,d,,,,gut_n227_5Bb2t_0,2659,,gutim,227,
252,930.6443,0.1125,144,78,8,2660,,F#5,,,,d,,,,gut_n227_1Fs5t_0,2660,,gutim,227,
252,930.7849,0.075,144,87,8,2661,,D#6,,,,d,,,,gut_n227_1Ds6t,2661,,gutim,227,
252,930.8786,0.1125,144,74,11,2662,,D5,,,,d,,,,gut_n227_1D5t,2662,,gutim,227,
252,930.8786,0.1125,144,78,11,2662,,F#5,,,,d,,,,gut_n227_1Fs5t_1,2662,,gutim,227,
252,930.8786,0.1125,144,36,11,2662,,C2,,,,d,,,,gut_n227_5C2t_1,2662,,gutim,227,
252,930.8786,0.1125,144,46,11,2662,,Bb2,,,,d,,,,gut_n227_5Bb2t_1,2662,,gutim,227,
252,931.0193,0.1125,144,75,20,2663,,D#5,,,,d,,,,gut_n227_1Ds5t_0,2663,,gutim,227,
252,931.1599,0.075,144,75,20,2664,,D#5,,,,d,,,,gut_n227_1Ds5t_1,2664,,gutim,227,
252,931.1599,0.075,144,57,20,2664,,A3,,,,d,,,,gut_n227_5A3t_0,2664,,gutim,227,
252,931.2536,0.1125,144,75,20,2665,,D#5,,,,d,,,,gut_n227_1Ds5t_2,2665,,gutim,227,
252,931.2536,0.1125,144,77,20,2665,,F5,,,,d,,,,gut_n227_1F5t,2665,,gutim,227,
252,931.2536,0.1125,144,57,20,2665,,A3,,,,d,,,,gut_n227_5A3t_1,2665,,gutim,227,
,,,,,,,,,,,,,,,,,,253,,,
253,931.3943,0.2,144,74,11,2666,,D5,,,,d,,,,gut_n228_1D5e,2666,,gutim,228,
253,931.3943,0.2,144,78,11,2666,,F#5,,,,d,,,,gut_n228_1Fs5e,2666,,gutim,228,
253,931.3943,0.2,144,87,11,2666,,D#6,,,,d,,,,gut_n228_1Ds6e,2666,,gutim,228,
253,931.3943,0.2,144,36,11,2666,,C2,,,,d,,,,gut_n228_5C2e,2666,,gutim,228,
253,931.3943,0.2,144,46,11,2666,,Bb2,,,,d,,,,gut_n228_5Bb2e,2666,,gutim,228,
253,931.6443,0.0891,144,66,13,2667,,F#4,,,,D,,,,gut_n228_5Fs4t_0,2667,,gutim,228,
253,931.738,0.0594,144,47,14,2668,,B2,,,,,,,,gut_n228_5B2t_0,2668,,gutim,228,
253,931.8005,0.0891,144,66,14,2669,,F#4,,,,,,,,gut_n228_5Fs4t_1,2669,,gutim,228,
253,931.8943,0.0594,144,47,15,2670,,B2,,,,,,,,gut_n228_5B2t_1,2670,,gutim,228,
253,931.9568,0.0891,144,56,15,2671,,G#3,,,,,,,,gut_n228_5Gs3t,2671,,gutim,228,
253,932.0505,0.0891,144,78,16,2672,,F#5,,,,,,,,gut_n228_5Fs5t_0,2672,,gutim,228,
253,932.1443,0.0594,144,35,17,2673,,B1,,,,,,,,gut_n228_5B1t,2673,,gutim,228,
253,932.2068,0.0594,144,68,17,2674,,G#4,,,,,,,,gut_n228_5Gs4t_0,2674,,gutim,228,
253,932.2693,0.0594,144,26,18,2675,,D1,,,,,,,,gut_n228_5D1t_0,2675,,gutim,228,
253,932.3318,0.0891,144,82,18,2676,,Bb5,,,,,,,,gut_n228_5Bb5t_0,2676,,gutim,228,
253,932.4255,0.0891,144,26,19,2677,,D1,,,,,,,,gut_n228_5D1t_1,2677,,gutim,228,
253,932.5193,0.0891,144,78,20,2678,,F#5,,,,,,,,gut_n228_5Fs5t_1,2678,,gutim,228,
253,932.613,0.0594,144,47,21,2679,,B2,,,,,,,,gut_n228_5B2t_2,2679,,gutim,228,
253,932.6755,0.0594,144,68,21,2680,,G#4,,,,,,,,gut_n228_5Gs4t_1,2680,,gutim,228,
253,932.738,0.0594,144,38,21,2681,,D2,,,,,,,,gut_n228_5D2t,2681,,gutim,228,
253,932.8005,0.075,144,82,22,2682,,Bb5,,,,,,,,gut_n228_5Bb5t_1,2682,,gutim,228,
253,933.0349,0.1336,144,50,14,2683,,D3,,,,,,,,gut_n228_1D3t_0,2683,,gutim,228,
253,933.1755,0.0891,144,89,16,2684,,F6,,,,,,,,gut_n228_1F6t_0,2684,,gutim,228,
253,933.2693,0.1336,144,47,17,2685,,B2,,,,,,,,gut_n228_1B2t,2685,,gutim,228,
253,933.4099,0.1336,144,50,18,2686,,D3,,,,,,,,gut_n228_1D3t_1,2686,,gutim,228,
253,933.5505,0.0891,144,89,20,2687,,F6,,,,,,,,gut_n228_1F6t_1,2687,,gutim,228,
253,933.6443,0.9,144,68,24,2688,,G#4,,,,,,,,gut_n228_1Gs4q,2688,,gutim,228,
253,934.0193,0.0445,144,42,24,2689,,F#2,,,,,,,,gut_n228_5Fs2x,2689,,gutim,228,
253,934.0661,0.0445,144,49,24,2690,,C#3,,,,,,,,gut_n228_5Cs3x,2690,,gutim,228,
253,934.113,0.525,144,75,24,2691,,D#5,,,,,,,,gut_n228_5Ds5s,2691,,gutim,228,
,,,,,,,,,,,,,,,,,,254,,,
254,934.3943,0.3,144,46,24,2692,,Bb2,,,,,,,,gut_n229_2Bb2e,2692,,gutim,229,
254,934.8318,0.0594,144,52,11,2693,,E3,,e,,,,,,gut_n229_5E3t_0,2693,,gutim,229,
254,934.8943,0.0594,144,58,12,2694,,Bb3,,e,,,,,,gut_n229_5Bb3t_0,2694,,gutim,229,
254,934.9568,0.0594,144,52,13,2695,,E3,,e,,,,,,gut_n229_5E3t_1,2695,,gutim,229,
254,935.0193,0.0594,144,58,14,2696,,Bb3,,e,,,,,,gut_n229_5Bb3t_1,2696,,gutim,229,
254,935.0818,0.0594,144,52,14,2697,,E3,,e,,,,,,gut_n229_5E3t_2,2697,,gutim,229,
254,935.1443,0.0594,144,60,15,2698,,C4,,e,,,,,,gut_n229_5C4t,2698,,gutim,229,
254,935.2068,0.05,144,44,16,2699,,Ab2,,e,,,,,,gut_n229_5Ab2t,2699,,gutim,229,
254,935.2693,0.2,144,97,17,2700,,Db7,,E,,,,,,gut_n229_5Db7e,2700,,gutim,229,
254,935.8943,0.6,144,24,17,2701,,C1,,,,,,,,gut_n229_5C1q,2701,,gutim,229,
254,936.0818,0.15,144,62,14,2702,,D4,,,,d,,,,gut_n229_2D4s,2702,,gutim,229,
254,936.2693,0.3,144,81,14,2703,,A5,,,,d,,,,gut_n229_2A5e,2703,,gutim,229,
254,936.3943,0.4,144,46,24,2704,,Bb2,,,,d,,,,gut_n229_1Bb2q,2704,,gutim,229,
254,936.3943,0.4,144,76,24,2704,,E5,,,,d,,,,gut_n229_1E5q_0,2704,,gutim,229,
254,936.8943,0.4,144,76,24,2705,,E5,,,,d,,,,gut_n229_1E5q_1,2705,,gutim,229,
254,936.8943,0.4,144,98,24,2705,,D7,,,,d,,,,gut_n229_1D7q,2705,,gutim,229,
254,937.2693,0.1,144,56,14,2706,,Ab3,,,,d,,,,gut_n229_5Ab3s,2706,,gutim,229,
254,937.2693,0.1,144,64,14,2706,,E4,,,,d,,,,gut_n229_5E4s,2706,,gutim,229,
254,937.2693,0.1,144,70,14,2706,,Bb4,,,,d,,,,gut_n229_5Bb4s,2706,,gutim,229,
254,937.2693,0.1,144,84,14,2706,,C6,,,,d,,,,gut_n229_5C6s,2706,,gutim,229,
254,937.2693,0.1,144,97,14,2706,,Db7,,,,d,,,,gut_n229_5Db7s,2706,,gutim,229,
,,,,,,,,,,,,,,,,,,255,,,
255,937.3943,1.2,144,68,24,2707,,G#4,,,,d,,,,gut_n230_1Gs4h,2707,,gutim,230,
255,937.3943,1.2,144,78,24,2707,,F#5,,,,d,,,,gut_n230_1Fs5h,2707,,gutim,230,
255,937.7693,0.9,144,24,5,2708,,C1,,,,d,,,,gut_n230_5C1q,2708,,gutim,230,
255,938.8943,0.7125,144,52,5,2709,,E3,,,,d,,,,gut_n230_5E3q,2709,,gutim,230,
255,939.6443,1.0687,144,58,8,2710,,A#3,,,,d,,,,gut_n230_1As3q,2710,,gutim,230,
255,939.6443,0.0714,144,45,5,2710,,A2,,,,d,,,,gut_n230_5A2t_0,2710,,gutim,230,
255,939.7194000000001,0.0714,144,44,5,2711,,G#2,,,,D,,,,gut_n230_5Gs2t_0,2711,,gutim,230,
255,939.7946000000001,0.0714,144,45,5,2712,,A2,,,,,,,,gut_n230_5A2t_1,2712,,gutim,230,
255,939.8698,0.0714,144,44,5,2713,,G#2,,,,,,,,gut_n230_5Gs2t_1,2713,,gutim,230,
255,939.945,0.0714,144,45,5,2714,,A2,,,,,,,,gut_n230_5A2t_2,2714,,gutim,230,
255,940.0202,0.1429,144,44,5,2715,,G#2,,,,,,,,gut_n230_5Gs2s,2715,,gutim,230,
255,940.1706,0.2125,144,45,5,2716,,A2,,,,,,,,gut_n230_5A2s,2716,,gutim,230,
,,,,,,,,,,,,,,,,,,256,,,
256,940.3943,0.475,144,42,5,2717,,F#2,,,,,,,,gut_n231_5Fs2q_0,2717,,gutim,231,
256,940.7693,0.7125,144,78,8,2718,,F#5,,,,,,,,gut_n231_1Fs5e_0,2718,,gutim,231,
256,940.8943,0.05,144,30,24,2719,,F#1,,,,,,,,gut_n231_5Fs1t,2719,,gutim,231,
256,940.9568,0.0297,144,55,20,2720,,G3,,e,,,,,,gut_n231_5G3x_0,2720,,gutim,231,
256,940.988,0.0297,144,52,18,2721,,E3,,e,,,,,,gut_n231_5E3x,2721,,gutim,231,
256,941.0193,0.0297,144,34,15,2722,,Bb1,,e,,,,,,gut_n231_5Bb1x,2722,,gutim,231,
256,941.0505,0.0297,144,30,13,2723,,F#1,,e,,,,,,gut_n231_5Fs1x,2723,,gutim,231,
256,941.0818,0.025,144,62,10,2724,,D4,,e,,,,,,gut_n231_5D4x,2724,,gutim,231,
256,941.113,0.025,144,55,8,2725,,G3,,e,,,,,,gut_n231_5G3x_1,2725,,gutim,231,
256,941.1443,1.8,144,34,8,2726,,Bb1,,E,5980,,,,,gut_n231_5Bb1h,2726,,gutim,231,
256,941.5193,0.0714,144,74,8,2727,,D5,,,,,,,,gut_n231_1D5t_0,2727,,gutim,231,
256,941.5944000000001,0.0714,144,87,8,2728,,Eb6,,,,,,,,gut_n231_1Eb6t_0,2728,,gutim,231,
256,941.6696000000001,0.0714,144,74,8,2729,,D5,,,,,,,,gut_n231_1D5t_1,2729,,gutim,231,
256,941.7448,0.0714,144,87,8,2730,,Eb6,,,,,,,,gut_n231_1Eb6t_1,2730,,gutim,231,
256,941.82,0.0714,144,74,8,2731,,D5,,,,,,,,gut_n231_1D5t_2,2731,,gutim,231,
256,941.8952,0.1429,144,87,8,2732,,Eb6,,,,,,,,gut_n231_1Eb6s,2732,,gutim,231,
256,942.0456,0.2125,144,74,8,2733,,D5,,,,,,,,gut_n231_1D5s,2733,,gutim,231,
256,942.2693,0.3562,144,48,8,2734,,C3,,,,,,,,gut_n231_1C3e,2734,,gutim,231,
256,942.6443,0.7203,144,36,5,2735,,C2,,,,d,,,,gut_n231_5C2q,2735,,gutim,231,
256,942.6443,0.7203,144,42,5,2735,,F#2,,,,d,,,,gut_n231_5Fs2q_1,2735,,gutim,231,
256,942.6443,0.7203,144,44,5,2735,,G#2,,,,d,,,,gut_n231_5Gs2q,2735,,gutim,231,
256,942.6443,0.7203,144,45,5,2735,,A2,,,,d,,,,gut_n231_5A2q,2735,,gutim,231,
256,942.9255,0.15,144,75,22,2736,,D#5,,,,d,,,,gut_n231_1Ds5s_0,2736,,gutim,231,
256,943.113,0.225,144,57,22,2737,,A3,,,,d,,,,gut_n231_1A3s,2737,,gutim,231,
256,943.113,0.225,144,75,22,2737,,D#5,,,,d,,,,gut_n231_1Ds5s_1,2737,,gutim,231,
,,,,,,,,,,,,,,,,,,257,,,
257,943.3943,1.2,144,68,11,2738,,G#4,,,,d,,,,gut_n232_1Gs4h,2738,,gutim,232,
257,943.3943,1.2,144,78,11,2738,,F#5,,,,d,,,,gut_n232_1Fs5h,2738,,gutim,232,
257,943.5446000000001,0.0602,144,45,5,2739,,A2,,,,d,,,,gut_n232_5A2t_0,2739,,gutim,232,
257,943.6198,0.0602,144,44,5,2740,,G#2,,,,D,5980,,,gut_n232_5Gs2t,2740,,gutim,232,
257,943.695,0.0602,144,45,5,2741,,A2,,,,,,,,gut_n232_5A2t_1,2741,,gutim,232,
257,943.7702,0.1203,144,44,5,2742,,G#2,,,,,,,,gut_n232_5Gs2s_1,2742,,gutim,232,
257,943.9206,0.1797,144,45,5,2743,,A2,,,,,,,,gut_n232_5A2s_1,2743,,gutim,232,
257,944.1452,0.2398,144,42,5,2744,,F#2,,,,,,,,gut_n232_5Fs2e_0,2744,,gutim,232,
257,944.445,0.5094,144,36,5,2745,,C2,,,,,,,,gut_n232_5C2e,2745,,gutim,232,
257,944.445,0.5094,144,42,5,2745,,F#2,,,,,,,,gut_n232_5Fs2e_1,2745,,gutim,232,
257,944.445,0.5094,144,44,5,2745,,G#2,,,,,,,,gut_n232_5Gs2e,2745,,gutim,232,
257,944.445,0.5094,144,45,5,2745,,A2,,,,,,,,gut_n232_5A2e,2745,,gutim,232,
257,944.445,0.5094,144,52,5,2745,,E3,,,,,,,,gut_n232_5E3e,2745,,gutim,232,
257,944.8943,0.0469,144,47,20,2746,,B2,,,,,,,,gut_n232_1B2s,2746,,gutim,232,
257,944.8943,0.15,144,68,20,2746,,G#4,,,,,,,,gut_n232_1Gs4s,2746,,gutim,232,
257,944.8943,0.15,144,78,20,2746,,F#5,,,,,,,,gut_n232_1Fs5s,2746,,gutim,232,
257,945.0818,0.45,144,47,8,2747,,B2,,,,,,,,gut_n232_1B2e,2747,,gutim,232,
257,945.0818,0.45,144,68,8,2747,,G#4,,,,,,,,gut_n232_1Gs4e,2747,,gutim,232,
257,945.0818,0.45,144,78,8,2747,,F#5,,,,,,,,gut_n232_1Fs5e,2747,,gutim,232,
257,945.363,0.075,144,42,20,2748,,F#2,,,,,,,,gut_n232_5Fs2t,2748,,gutim,232,
257,945.363,0.075,144,57,20,2748,,A3,,,,,,,,gut_n232_5A3t,2748,,gutim,232,
257,945.4568,0.075,144,49,14,2749,,C#3,,,,,,,,gut_n232_5Cs3t,2749,,gutim,232,
257,945.5505,0.0891,144,75,8,2750,,Eb5,,,,,,,,gut_n232_5Eb5t,2750,,gutim,232,
257,945.5505,0.0891,144,77,8,2750,,F5,,,,,,,,gut_n232_5F5t,2750,,gutim,232,
257,945.6443,0.2398,144,58,8,2751,,Bb3,,,,,,,,gut_n232_1Bb3e,2751,,gutim,232,
257,945.9441,0.3602,144,78,8,2752,,Gb5,,,,,,,,gut_n232_1Gb5e,2752,,gutim,232,
,,,,,,,,,,,,,,,,,,258,,,
258,946.3943,0.0602,144,74,8,2753,,D5,,,,,,,,gut_n233_1D5t,2753,,gutim,233,
258,946.4694000000001,0.0602,144,87,8,2754,,Eb6,,,,,,,,gut_n233_1Eb6t,2754,,gutim,233,
258,946.5446000000001,0.1203,144,74,8,2755,,D5,,,,,,,,gut_n233_1D5s,2755,,gutim,233,
258,946.695,0.3594,144,48,8,2756,,C3,,,,,,,,gut_n233_1C3e,2756,,gutim,233,
258,947.1443,0.2848,144,24,5,2757,,C1,,,,,,,,gut_n233_5C1e,2757,,gutim,233,
258,947.4441,0.4277,144,52,5,2758,,E3,,,,,,,,gut_n233_5E3e,2758,,gutim,233,
258,947.8943,0.0714,144,45,5,2759,,A2,,,,,,,,gut_n233_5A2t,2759,,gutim,233,
258,947.9694000000001,0.0714,144,44,5,2760,,G#2,,,,,,,,gut_n233_5Gs2t,2760,,gutim,233,
258,948.0446000000001,0.1429,144,45,5,2761,,A2,,,,,,,,gut_n233_5A2s,2761,,gutim,233,
258,948.195,0.4268,144,42,5,2762,,F#2,,,,,,,,gut_n233_5Fs2e,2762,,gutim,233,
,,,,,,,5980,,,,,,,,,,,,gutim,,
,,,,,,,,,,,,,,,,,,260,,,
260,952.3943,1.4545,144,70,14,2763,,Bb4,,,,d,,,,gut_n235_1Bb4h,2763,,gutim,235,
260,952.3943,1.4545,144,94,20,2763,,Bb6,,,,d,,,,gut_n235_1Bb6h,2763,,gutim,235,
260,953.3033,2.1818,144,33,5,2764,,A1,,,,d,,,,gut_n235_5A1h,2764,,gutim,235,
260,954.2124,1.4545,144,38,14,2765,,D2,,,,d,,,,gut_n235_1D2h,2765,,gutim,235,
260,954.2124,1.4545,144,64,8,2765,,E4,,,,d,,,,gut_n235_1E4h,2765,,gutim,235,
260,957.3943,0.7273,144,84,11,2766,,C6,,,,d,,,,gut_n235_1C6e,2766,,gutim,235,
260,957.3943,0.3636,144,91,5,2766,,G6,,,,d,,,,gut_n235_1G6e,2766,,gutim,235,
,,,,,,,,,,,,,,,,,,261,,,
261,957.8488000000001,0.4318,144,53,5,2767,,F3,,,,d,,,,gut_n236_1F3e,2767,,gutim,236,
261,958.3033,0.0866,144,49,5,2768,,C#3,,,,D,,,,gut_n236_1Cs3t_0,2768,,gutim,236,
261,958.3033,1.0909,144,53,5,2768,,F3,,,,,,,,gut_n236_5F3e,2768,,gutim,236,
261,958.3033,0.7273,144,34,5,2768,,Bb1,,,,,,,,gut_n236_6Bb1e_0,2768,,gutim,236,
261,958.3945,0.0866,144,47,5,2769,,B2,,,,,,,,gut_n236_1B2t_0,2769,,gutim,236,
261,958.4856000000001,0.0866,144,49,5,2770,,C#3,,,,,,,,gut_n236_1Cs3t_1,2770,,gutim,236,
261,958.5768,0.1732,144,47,5,2771,,B2,,,,,,,,gut_n236_1B2s,2771,,gutim,236,
261,958.7591,0.0866,144,49,5,2772,,C#3,,,,,,,,gut_n236_1Cs3t_2,2772,,gutim,236,
261,958.8502000000001,0.0866,144,47,5,2773,,B2,,,,,,,,gut_n236_1B2t_1,2773,,gutim,236,
261,958.9414,0.0866,144,49,5,2774,,C#3,,,,,,,,gut_n236_1Cs3t_3,2774,,gutim,236,
261,959.0325,0.1458,144,101,5,2775,,F7,,,,,,,,gut_n236_1F7s,2775,,gutim,236,
261,959.2124,0.3636,144,62,8,2776,,D4,,,,,,,,gut_n236_6D4e,2776,,gutim,236,
261,959.3971,0.0866,144,69,5,2777,,A4,,,,,,,,gut_n236_1A4t,2777,,gutim,236,
261,959.4882,0.0866,144,50,5,2778,,D3,,,,,,,,gut_n236_1D3t,2778,,gutim,236,
261,959.5794000000001,0.0832,144,37,5,2779,,C#2,,,,,,,,gut_n236_1Cs2t,2779,,gutim,236,
261,959.5920000000001,0.06,144,68,20,2780,,Ab4,g,,,,,,,gut_ng236_2Ab4e,2780,,gutim,236,
261,959.667,0.9697,144,84,20,2781,,C6,,,,,,,,gut_n236_2C6h,2781,,gutim,236,
261,959.667,0.9697,144,88,20,2781,,E6,,,,,,,,gut_n236_2E6h,2781,,gutim,236,
261,959.667,0.9697,144,97,11,2781,,C#7,,,,,,,,gut_n236_2Cs7h,2781,,gutim,236,
261,959.667,0.0866,144,50,8,2781,,D3,,,,,,,,gut_n236_5D3t_0,2781,,gutim,236,
261,959.7558,0.0866,144,37,8,2782,,C#2,,,,,,,,gut_n236_5Cs2t_0,2782,,gutim,236,
261,959.8469,0.0866,144,50,8,2783,,D3,,,,,,,,gut_n236_5D3t_1,2783,,gutim,236,
261,959.9380000000001,0.1732,144,37,8,2784,,C#2,,,,,,,,gut_n236_5Cs2s,2784,,gutim,236,
261,960.1203,0.0866,144,50,8,2785,,D3,,,,,,,,gut_n236_5D3t_2,2785,,gutim,236,
261,960.2115,0.0866,144,37,8,2786,,C#2,,,,,,,,gut_n236_5Cs2t_1,2786,,gutim,236,
261,960.3026000000001,0.0866,144,50,8,2787,,D3,,,,,,,,gut_n236_5D3t_3,2787,,gutim,236,
261,960.3938,0.1458,144,89,8,2788,,F6,,,,,,,,gut_n236_5F6s,2788,,gutim,236,
261,960.5761,0.2273,144,24,17,2789,,C1,,,,,,,,gut_n236_1C1e,2789,,gutim,236,
261,960.5761,0.0866,144,35,5,2789,,B1,,,,,,,,gut_n236_5B1t_0,2789,,gutim,236,
261,960.6648,0.0866,144,38,5,2790,,D2,,,,,,,,gut_n236_5D2t_0,2790,,gutim,236,
261,960.7560000000001,0.0866,144,35,5,2791,,B1,,,,,,,,gut_n236_5B1t_1,2791,,gutim,236,
261,960.8471000000001,0.1743,144,38,5,2792,,D2,,,,,,,,gut_n236_5D2s,2792,,gutim,236,
261,960.8791,0.9697,144,64,11,2793,,E4,,,,,,,,gut_n236_2E4h,2793,,gutim,236,
261,961.0306,0.108,144,35,5,2794,,B1,,e,,,,,,gut_n236_5B1t_2,2794,,gutim,236,
261,961.1443,0.108,144,38,5,2795,,D2,,e,,,,,,gut_n236_5D2t_1,2795,,gutim,236,
261,961.2579000000001,0.108,144,45,5,2796,,A2,,e,,,,,,gut_n236_5A2t,2796,,gutim,236,
261,961.3715000000001,0.108,144,77,5,2797,,F5,,e,,,,,,gut_n236_5F5t,2797,,gutim,236,
261,961.4852000000001,1.4545,144,66,20,2798,,F#4,,,,,,,,gut_n236_1Fs4h,2798,,gutim,236,
261,961.4852000000001,1.4545,144,78,14,2798,,F#5,,,,,,,,gut_n236_1Fs5h,2798,,gutim,236,
261,961.4852000000001,1.4545,144,37,5,2798,,C#2,,E,5981,,,,,gut_n236_5Cs2h,2798,,gutim,236,
261,962.0889000000001,0.0966,144,102,11,2799,,F#7,,,,,,,,gut_n236_2Fs7s,2799,,gutim,236,
261,962.2096,0.1458,144,69,12,2800,,A4,,,,,,,,gut_n236_2A4s_0,2800,,gutim,236,
261,962.3919000000001,0.0966,144,90,14,2801,,F#6,,,,,,,,gut_n236_2Fs6s_0,2801,,gutim,236,
261,962.5126,0.1458,144,44,15,2802,,G#2,,,,,,,,gut_n236_2Gs2s,2802,,gutim,236,
261,962.6949000000001,0.0966,144,90,17,2803,,F#6,,,,,,,,gut_n236_2Fs6s_1,2803,,gutim,236,
261,962.8157,0.1458,144,69,18,2804,,A4,,,,,,,,gut_n236_2A4s_1,2804,,gutim,236,
261,962.9979000000001,0.0483,144,44,20,2805,,G#2,,,,,,,,gut_n236_2Gs2t,2805,,gutim,236,
261,963.0583,0.0966,144,69,20,2806,,A4,,,,,,,,gut_n236_2A4s_2,2806,,gutim,236,
261,963.1791000000001,0.0483,144,90,21,2807,,F#6,,,,,,,,gut_n236_2Fs6t,2807,,gutim,236,
261,963.2394,0.0511,144,32,22,2808,,G#1,,,,,,,,gut_n236_2Gs1t,2808,,gutim,236,
,,,,,,,,,,,,,,,,,,262,,,
262,963.3069,0.9697,144,57,22,2809,,A3,,,,,,,,gut_n237_5A3h,2809,,gutim,237,
262,964.519,1.9394,144,48,16,2810,,C3,,,,,,,,gut_n237_5C3q,2810,,gutim,237,
262,965.1215000000001,0.4366,144,81,11,2811,,A5,,,,d,,,,gut_n237_1A5e_0,2811,,gutim,237,
262,965.1215000000001,0.4366,144,68,22,2811,,G#4,,,,d,,,,gut_n237_2Gs4e_0,2811,,gutim,237,
262,965.1215000000001,0.4366,144,75,20,2811,,D#5,,,,d,,,,gut_n237_2Ds5e_0,2811,,gutim,237,
262,965.1251000000001,1.0909,144,28,17,2812,,E1,,,,d,,,,gut_n237_6E1q,2812,,gutim,237,
262,965.1251000000001,1.0909,144,35,8,2812,,B1,,,,d,,,,gut_n237_6B1q,2812,,gutim,237,
262,965.6672000000001,0.6562,144,81,11,2813,,A5,,,,d,,,,gut_n237_1A5e_1,2813,,gutim,237,
262,965.6672000000001,0.6562,144,68,17,2813,,G#4,,,,d,,,,gut_n237_2Gs4e_1,2813,,gutim,237,
262,965.6672000000001,0.6562,144,75,17,2813,,D#5,,,,d,,,,gut_n237_2Ds5e_1,2813,,gutim,237,
262,966.4875000000001,0.6544,144,81,11,2814,,A5,,,,d,,,,gut_n237_1A5e_3,2814,,gutim,237,
262,966.4875000000001,0.6544,144,68,11,2814,,G#4,,,,d,,,,gut_n237_2Gs4e_3,2814,,gutim,237,
262,966.4875000000001,0.6544,144,75,11,2814,,D#5,,,,d,,,,gut_n237_2Ds5e_3,2814,,gutim,237,
262,966.4887,0.6544,144,28,11,2814,,E1,,,,d,,,,gut_n237_6E1e_0,2814,,gutim,237,
262,966.9433,0.3636,144,56,5,2815,,G#3,,,,d,,,,gut_n237_5Gs3e,2815,,gutim,237,
262,967.3055,2.6193,144,81,5,2816,,A5,,,,,,,,gut_n237_1A5e_5,2816,,gutim,237,
262,967.3055,2.6193,144,68,5,2816,,G#4,,,,,,,,gut_n237_2Gs4e_5,2816,,gutim,237,
262,967.3055,2.6193,144,75,5,2816,,D#5,,,,,,,,gut_n237_2Ds5e_5,2816,,gutim,237,
262,967.3067000000001,0.4366,144,28,5,2816,,E1,,,,D,5981,,,gut_n237_6E1e_2,2816,,gutim,237,
262,967.3978000000001,0.0866,144,90,5,2817,,F#6,,,,,,,,gut_n237_5Fs6t,2817,,gutim,237,
262,967.4889000000001,0.0866,144,60,5,2818,,C4,,,,,,,,gut_n237_5C4t_0,2818,,gutim,237,
262,967.5801,0.0866,144,69,5,2819,,A4,,,,,,,,gut_n237_5A4t_0,2819,,gutim,237,
262,967.6712,0.1732,144,60,5,2820,,C4,,,,,,,,gut_n237_5C4s_0,2820,,gutim,237,
262,967.8523,2.5909,144,57,11,2821,,A3,,,,,,,,gut_n237_6A3q,2821,,gutim,237,
262,967.8523,2.1818,144,68,11,2821,,G#4,,,,,,,,gut_n237_6Gs4q,2821,,gutim,237,
262,967.8535,0.0866,144,69,5,2822,,A4,,,,,,,,gut_n237_5A4t_1,2822,,gutim,237,
262,967.9411,0.0866,144,60,5,2823,,C4,,,,,,,,gut_n237_5C4t_1,2823,,gutim,237,
262,968.0323000000001,0.0866,144,69,11,2824,,A4,,,,,,,,gut_n237_5A4t_2,2824,,gutim,237,
262,968.1234000000001,0.1732,144,60,11,2825,,C4,,,,,,,,gut_n237_5C4s_1,2825,,gutim,237,
262,968.3057,0.0866,144,69,12,2826,,A4,,,,,,,,gut_n237_5A4t_3,2826,,gutim,237,
262,968.3969000000001,0.0866,144,60,12,2827,,C4,,,,,,,,gut_n237_5C4t_2,2827,,gutim,237,
262,968.488,0.0866,144,69,12,2828,,A4,,,,,,,,gut_n237_5A4t_4,2828,,gutim,237,
262,968.5791,0.1732,144,40,12,2829,,E2,,,,,,,,gut_n237_5E2s,2829,,gutim,237,
,,,,,,,,,,,,,,,,,,263,,,
263,968.7579000000001,0.0866,144,60,13,2830,,C4,,,,,,,,gut_n238_5C4t,2830,,gutim,238,
263,968.7579000000001,1.4545,144,50,13,2830,,D3,,,,,,,,gut_n238_6D3h,2830,,gutim,238,
263,968.8467,0.0866,144,69,13,2831,,A4,,,,,,,,gut_n238_5A4t,2831,,gutim,238,
263,968.9378,0.0866,144,40,13,2832,,E2,,,,,,,,gut_n238_5E2t,2832,,gutim,238,
263,969.029,0.1732,144,78,13,2833,,F#5,,,,,,,,gut_n238_5Fs5s_0,2833,,gutim,238,
263,969.2112000000001,0.1732,144,69,14,2834,,A4,,,,,,,,gut_n238_5A4s,2834,,gutim,238,
263,969.3935,0.2586,144,60,14,2835,,C4,,,,,,,,gut_n238_5C4s,2835,,gutim,238,
263,969.6658,0.1732,144,78,15,2836,,F#5,,,,,,,,gut_n238_5Fs5s_1,2836,,gutim,238,
263,969.8481,0.2598,144,44,15,2837,,G#2,,,,,,,,gut_n238_5Gs2s,2837,,gutim,238,
263,970.1215000000001,1.8182,144,47,8,2838,,B2,,,,,,,,gut_n238_5B2e_0,2838,,gutim,238,
263,970.1215000000001,1.8182,144,48,14,2838,,C3,,,,,,,,gut_n238_5C3e_0,2838,,gutim,238,
263,970.5761,1.4545,144,34,8,2839,,Bb1,,,,,,,,gut_n238_5Bb1h,2839,,gutim,238,
263,971.3029,0.0866,144,47,8,2840,,B2,,,,,,,,gut_n238_1B2t_0,2840,,gutim,238,
263,971.394,0.0866,144,38,8,2841,,D2,,,,,,,,gut_n238_1D2t_0,2841,,gutim,238,
263,971.4852000000001,0.0866,144,47,7,2842,,B2,,,,,,,,gut_n238_1B2t_1,2842,,gutim,238,
263,971.5763000000001,0.0866,144,38,7,2843,,D2,,,,,,,,gut_n238_1D2t_1,2843,,gutim,238,
263,971.6675,0.0866,144,47,6,2844,,B2,,,,,,,,gut_n238_1B2t_2,2844,,gutim,238,
263,971.7586,0.1732,144,38,6,2845,,D2,,,,,,,,gut_n238_1D2s_0,2845,,gutim,238,
263,971.9409,0.1732,144,47,5,2846,,B2,,,,,,,,gut_n238_1B2s,2846,,gutim,238,
263,972.1232,0.2575,144,38,5,2847,,D2,,,,,,,,gut_n238_1D2s_1,2847,,gutim,238,
263,972.3943,0.1818,144,34,8,2848,,Bb1,,,,,,,,gut_n238_6Bb1e,2848,,gutim,238,
263,972.3943,0.3636,144,38,8,2848,,D2,,,,,,,,gut_n238_6D2e,2848,,gutim,238,
263,972.3943,0.3636,144,47,8,2848,,B2,,,,,,,,gut_n238_6B2e,2848,,gutim,238,
263,972.3943,0.3636,144,48,8,2848,,C3,,,,,,,,gut_n238_6C3e,2848,,gutim,238,
,,,,,,,5981,,,,,,,,,,,,gutim,,
263,972.8488000000001,1.0909,144,84,5,2849,,C6,,,,,,,,gut_n238_1C6q,2849,,gutim,238,
263,972.8488000000001,1.0909,144,94,5,2849,,Bb6,,,,,,,,gut_n238_1Bb6q,2849,,gutim,238,
263,973.3033,1.7295,144,48,8,2850,,C3,,e,,d,,,,gut_n238_5C3t_0,2850,,gutim,238,
263,973.3921,1.6429,144,34,8,2851,,Bb1,,e,,d,,,,gut_n238_5Bb1t_0,2851,,gutim,238,
263,973.4833000000001,1.5563,144,47,8,2852,,B2,,e,,d,,,,gut_n238_5B2t_0,2852,,gutim,238,
263,973.5744000000001,1.4698,144,38,8,2853,,D2,,e,,d,,,,gut_n238_5D2t_0,2853,,gutim,238,
263,973.6656,1.3832,144,42,8,2854,,F#2,,E,,d,,,,gut_n238_5Fs2t,2854,,gutim,238,
,,,,,,,,,,,,,,,,,,264,,,
264,974.7581,2.1818,144,24,8,2855,,C1,,,,,,,,gut_n239_6C1e_0,2855,,gutim,239,
264,975.1215000000001,0.5184,144,34,8,2856,,Bb1,,,,,,,,gut_n239_5Bb1e,2856,,gutim,239,
264,975.1215000000001,0.4366,144,38,8,2856,,D2,,,,,,,,gut_n239_5D2e,2856,,gutim,239,
264,975.1215000000001,0.4366,144,42,8,2856,,F#2,,,,,,,,gut_n239_5Fs2e,2856,,gutim,239,
264,975.1215000000001,0.4366,144,47,8,2856,,B2,,,,,,,,gut_n239_5B2e,2856,,gutim,239,
264,975.1215000000001,0.4366,144,48,8,2856,,C3,,,,,,,,gut_n239_5C3e,2856,,gutim,239,
264,975.6648,0.0729,144,34,8,2857,,Bb1,,,,,,,,gut_n239_5Bb1s,2857,,gutim,239,
264,975.6648,0.1458,144,38,8,2857,,D2,,,,,,,,gut_n239_5D2s,2857,,gutim,239,
264,975.6648,0.1458,144,42,8,2857,,F#2,,,,,,,,gut_n239_5Fs2s,2857,,gutim,239,
264,975.6648,0.1458,144,47,8,2857,,B2,,,,,,,,gut_n239_5B2s,2857,,gutim,239,
264,975.6648,0.1458,144,48,8,2857,,C3,,,,,,,,gut_n239_5C3s,2857,,gutim,239,
264,976.0306,1.4545,144,25,5,2858,,Db1,,,,,,,,gut_n239_5Db1h,2858,,gutim,239,
264,976.0306,1.4545,144,44,5,2858,,Ab2,,,,,,,,gut_n239_5Ab2h,2858,,gutim,239,
264,977.5765,0.0866,144,46,5,2859,,Bb2,,,,,,,,gut_n239_6Bb2t_0,2859,,gutim,239,
264,977.6677000000001,0.0866,144,37,5,2860,,Db2,,,,,,,,gut_n239_6Db2t_0,2860,,gutim,239,
264,977.7588000000001,0.0866,144,46,5,2861,,Bb2,,,,,,,,gut_n239_6Bb2t_1,2861,,gutim,239,
264,977.7738,0.06,144,52,5,2862,,E3,g,,,,,,,gut_ng239_1E3e,2862,,gutim,239,
264,977.8488000000001,1.4545,144,58,5,2863,,Bb3,,,,,,,,gut_n239_1Bb3h,2863,,gutim,239,
264,977.8488000000001,0.1732,144,37,5,2863,,Db2,,,,,,,,gut_n239_6Db2s,2863,,gutim,239,
264,978.0311,0.0866,144,46,5,2864,,Bb2,,e,,d,,,,gut_n239_6Bb2t_2,2864,,gutim,239,
264,978.1222,0.0866,144,37,5,2865,,Db2,,e,,d,,,,gut_n239_6Db2t_1,2865,,gutim,239,
264,978.2134000000001,0.0866,144,46,5,2866,,Bb2,,e,,d,,,,gut_n239_6Bb2t_3,2866,,gutim,239,
264,978.3045000000001,0.0866,144,37,5,2867,,Db2,,e,,d,,,,gut_n239_6Db2t_2,2867,,gutim,239,
264,978.3957,0.0866,144,46,5,2868,,Bb2,,e,,d,,,,gut_n239_6Bb2t_4,2868,,gutim,239,
264,978.4868,0.0866,144,76,5,2869,,E5,,e,,d,,,,gut_n239_6E5t,2869,,gutim,239,
264,978.5780000000001,0.0866,144,46,5,2870,,Bb2,,e,,d,,,,gut_n239_6Bb2t_5,2870,,gutim,239,
264,978.6691000000001,0.0866,144,37,5,2871,,Db2,,e,,d,,,,gut_n239_6Db2t_3,2871,,gutim,239,
264,978.7579000000001,0.1458,144,76,5,2872,,E5,,E,,d,,,,gut_n239_6E5s_0,2872,,gutim,239,
264,978.9402,0.2178,144,46,5,2873,,Bb2,,,,,,,,gut_n239_6Bb2s_0,2873,,gutim,239,
264,979.2124,0.1458,144,76,5,2874,,E5,,,,,,,,gut_n239_6E5s_1,2874,,gutim,239,
264,979.3947000000001,0.2178,144,46,5,2875,,Bb2,,,,,,,,gut_n239_6Bb2s_1,2875,,gutim,239,
,,,,,,,,,,,,,,,,,,265,,,
265,979.667,0.1458,144,37,5,2876,,Db2,,,,,,,,gut_n240_2Db2s,2876,,gutim,240,
265,979.8493000000001,0.2907,144,76,5,2877,,E5,,,,,,,,gut_n240_2E5e,2877,,gutim,240,
265,980.2127,0.2907,144,46,5,2878,,Bb2,,,,,,,,gut_n240_2Bb2e,2878,,gutim,240,
265,980.3488000000001,0.108,144,30,11,2879,,F#1,,,,,,,,gut_n240_6Fs1t,2879,,gutim,240,
265,980.4624,0.108,144,43,10,2880,,G2,,,,,,,,gut_n240_6G2t,2880,,gutim,240,
265,980.5761,2.1818,144,86,8,2881,,D6,,,,,,,,gut_n240_2D6h,2881,,gutim,240,
265,980.5761,0.4366,144,56,5,2881,,Ab3,,,,,,,,gut_n240_6Ab3e,2881,,gutim,240,
265,981.1218,0.2907,144,84,5,2882,,C6,,,,,,,,gut_n240_6C6e,2882,,gutim,240,
265,981.4102,0.06,144,42,5,2883,,F#2,g,,,,,,,gut_ng240_6Fs2e,2883,,gutim,240,
265,981.4852000000001,2.9091,144,24,5,2884,,C1,,,,,,,,gut_n240_6C1w,2884,,gutim,240,
265,981.9397,0.0866,144,100,8,2885,,E7,,e,,,,,,gut_n240_1E7t_0,2885,,gutim,240,
265,982.0309000000001,0.0866,144,73,8,2886,,Db5,,e,,,,,,gut_n240_1Db5t,2886,,gutim,240,
265,982.1220000000001,0.0866,144,92,9,2887,,Ab6,,e,,,,,,gut_n240_1Ab6t,2887,,gutim,240,
265,982.2131,0.0866,144,82,9,2888,,Bb5,,e,,,,,,gut_n240_1Bb5t,2888,,gutim,240,
265,982.3043,0.0866,144,96,9,2889,,C7,,e,,,,,,gut_n240_1C7t_0,2889,,gutim,240,
265,982.3954,0.0866,144,100,10,2890,,E7,,e,,,,,,gut_n240_1E7t_1,2890,,gutim,240,
265,982.4866000000001,0.0866,144,61,10,2891,,Db4,,e,,,,,,gut_n240_1Db4t_0,2891,,gutim,240,
265,982.5777,0.0866,144,80,10,2892,,Ab5,,e,,,,,,gut_n240_1Ab5t_0,2892,,gutim,240,
265,982.6689,0.0866,144,70,11,2893,,Bb4,,e,,,,,,gut_n240_1Bb4t_0,2893,,gutim,240,
265,982.76,0.0843,144,96,11,2894,,C7,,E,5982,,,,,gut_n240_1C7t_1,2894,,gutim,240,
265,983.0761,0.108,144,30,11,2895,,F#1,,,,,,,,gut_n240_5Fs1t,2895,,gutim,240,
265,983.1897,0.108,144,43,11,2896,,G2,,,,,,,,gut_n240_5G2t,2896,,gutim,240,
265,983.3033,0.072,144,61,11,2897,,Db4,,,,,,,,gut_n240_1Db4t_1,2897,,gutim,240,
265,983.3033,0.7273,144,74,8,2897,,D5,,,,,,,,gut_n240_2D5q,2897,,gutim,240,
265,983.3791,0.072,144,80,11,2898,,Ab5,,,,,,,,gut_n240_1Ab5t_1,2898,,gutim,240,
265,983.4549000000001,0.072,144,70,12,2899,,Bb4,,,,,,,,gut_n240_1Bb4t_1,2899,,gutim,240,
265,983.5306,0.072,144,80,12,2900,,Ab5,,,,,,,,gut_n240_1Ab5t_2,2900,,gutim,240,
265,983.6064,0.072,144,70,12,2901,,Bb4,,,,,,,,gut_n240_1Bb4t_2,2901,,gutim,240,
265,983.6821,0.072,144,80,12,2902,,Ab5,,,,,,,,gut_n240_1Ab5t_3,2902,,gutim,240,
265,983.7579000000001,0.072,144,70,13,2903,,Bb4,,,,,,,,gut_n240_1Bb4t_3,2903,,gutim,240,
265,983.8336,0.072,144,80,13,2904,,Ab5,,,,,,,,gut_n240_1Ab5t_4,2904,,gutim,240,
265,983.9094,0.108,144,70,13,2905,,Bb4,,,,,,,,gut_n240_1Bb4t_4,2905,,gutim,240,
265,984.023,0.108,144,80,14,2906,,Ab5,,,,,,,,gut_n240_1Ab5t_5,2906,,gutim,240,
265,984.1367,0.072,144,84,14,2907,,C6,,,,,,,,gut_n240_1C6t,2907,,gutim,240,
265,984.4397,0.1818,144,74,8,2908,,D5,,,,d,,,,gut_n240_2D5s,2908,,gutim,240,
265,984.4397,0.1818,144,30,8,2908,,F#1,,,,d,,,,gut_n240_5Fs1s,2908,,gutim,240,
265,984.4397,0.1818,144,43,8,2908,,G2,,,,d,,,,gut_n240_5G2s,2908,,gutim,240,
265,984.8943,0.072,144,46,8,2909,,A#2,,,,d,,,,gut_n240_5As2t_0,2909,,gutim,240,
265,984.97,0.072,144,42,8,2910,,F#2,,,,d,,,,gut_n240_5Fs2t,2910,,gutim,240,
265,985.0458000000001,0.072,144,46,8,2911,,A#2,,,,d,,,,gut_n240_5As2t_1,2911,,gutim,240,
,,,,,,,,,,,,,,,,,,266,,,
266,985.1215000000001,0.7273,144,37,8,2912,,C#2,,,,d,,,,gut_n241_5Cs2q,2912,,gutim,241,
266,985.1215000000001,0.1732,144,42,8,2912,,F#2,,,,d,,,,gut_n241_6Fs2s_0,2912,,gutim,241,
266,985.3038,0.0866,144,46,8,2913,,A#2,,,,d,,,,gut_n241_6As2t,2913,,gutim,241,
266,985.3950000000001,0.1732,144,42,8,2914,,F#2,,,,d,,,,gut_n241_6Fs2s_1,2914,,gutim,241,
266,985.5761,0.1439,144,64,8,2915,,E4,,,,d,,,,gut_n241_1E4s_0,2915,,gutim,241,
266,985.7276,0.1439,144,74,8,2916,,D5,,,,d,,,,gut_n241_1D5s_0,2916,,gutim,241,
266,985.8791,0.1439,144,64,8,2917,,E4,,,,d,,,,gut_n241_1E4s_1,2917,,gutim,241,
266,985.8803,0.1203,144,42,8,2917,,F#2,,,,d,,,,gut_n241_6Fs2s_2,2917,,gutim,241,
266,985.8803,0.1203,144,46,8,2917,,A#2,,,,d,,,,gut_n241_6As2s_0,2917,,gutim,241,
266,985.8803,0.1203,144,55,8,2917,,G3,,,,d,,,,gut_n241_6G3s_0,2917,,gutim,241,
266,986.0306,0.8636,144,74,8,2918,,D5,,,,D,5982,,,gut_n241_1D5q,2918,,gutim,241,
,,,,,,,5982,,,,,,,,,,,,gutim,,
266,986.9397,2.9091,144,24,2,2919,,C1,,,,,,,,gut_n241_5C1w,2919,,gutim,241,
266,987.0912000000001,0.1212,144,64,8,2920,,E4,,,,,,,,gut_n241_1E4s_2,2920,,gutim,241,
266,987.0912000000001,0.1212,144,74,8,2920,,D5,,,,,,,,gut_n241_1D5s_1,2920,,gutim,241,
266,987.0912000000001,0.1212,144,42,8,2920,,F#2,,,,,,,,gut_n241_6Fs2s_3,2920,,gutim,241,
266,987.0912000000001,0.1212,144,46,8,2920,,A#2,,,,,,,,gut_n241_6As2s_1,2920,,gutim,241,
266,987.0912000000001,0.1212,144,55,8,2920,,G3,,,,,,,,gut_n241_6G3s_1,2920,,gutim,241,
266,988.6079000000001,0.06,144,58,14,2921,,Bb3,g,,,,,,,gut_ng241_1Bb3e,2921,,gutim,241,
266,988.6829,0.06,144,74,14,2922,,D5,g,,,,,,,gut_ng241_1D5e,2922,,gutim,241,
266,988.7579000000001,0.1818,144,78,14,2923,,F#5,,,,,,,,gut_n241_1Fs5s,2923,,gutim,241,
266,988.7579000000001,0.7273,144,60,8,2923,,C4,,,,,,,,gut_n241_6C4q,2923,,gutim,241,
266,988.7579000000001,0.7273,144,68,8,2923,,Ab4,,,,,,,,gut_n241_6Ab4q,2923,,gutim,241,
266,988.7579000000001,0.7273,144,88,8,2923,,E6,,,,,,,,gut_n241_6E6q,2923,,gutim,241,
266,988.9852000000001,0.0606,144,87,15,2924,,Eb6,,,,,,,,gut_n241_1Eb6t,2924,,gutim,241,
266,989.0609000000001,0.0606,144,74,17,2925,,D5,,,,,,,,gut_n241_1D5t,2925,,gutim,241,
266,989.1367,0.0606,144,48,18,2926,,C3,,,,,,,,gut_n241_1C3t,2926,,gutim,241,
266,989.2124,0.1458,144,58,11,2927,,Bb3,,,,,,,,gut_n241_1Bb3s,2927,,gutim,241,
266,989.3947000000001,0.2178,144,97,15,2928,,Db7,,,,,,,,gut_n241_1Db7s,2928,,gutim,241,
266,989.667,0.4366,144,58,20,2929,,Bb3,,,,,,,,gut_n241_1Bb3e,2929,,gutim,241,
266,989.667,0.4366,144,84,20,2929,,C6,,,,,,,,gut_n241_1C6e_0,2929,,gutim,241,
266,989.667,0.4366,144,97,20,2929,,Db7,,,,,,,,gut_n241_1Db7e,2929,,gutim,241,
266,990.2127,0.3452,144,84,14,2930,,C6,,,,,,,,gut_n241_1C6e_1,2930,,gutim,241,
266,990.2127,0.2907,144,44,11,2930,,Ab2,,,,,,,,gut_n241_6Ab2e,2930,,gutim,241,
,,,,,,,,,,,,,,,,,,267,,,
267,990.5761,0.1439,144,78,14,2931,,F#5,,,,,,,,gut_n242_1Fs5s,2931,,gutim,242,
267,990.5761,0.7273,144,60,11,2931,,C4,,e,,,,t,,gut_n242_6C4q_0,2931,,gutim,242,
267,990.5761,0.7273,144,68,11,2931,,Ab4,,e,,,,t,,gut_n242_6Ab4q_0,2931,,gutim,242,
267,990.5761,0.7273,144,88,11,2931,,E6,,e,,,,t,,gut_n242_6E6q_0,2931,,gutim,242,
267,990.7276,0.1439,144,87,14,2932,,Eb6,,,,,,,,gut_n242_1Eb6s_0,2932,,gutim,242,
267,990.8791,0.1439,144,36,14,2933,,C2,,,,,,,,gut_n242_1C2s_0,2933,,gutim,242,
267,991.4852000000001,0.7273,144,60,5,2934,,C4,,e,,,,t,,gut_n242_6C4q_1,2934,,gutim,242,
267,991.4852000000001,0.7273,144,68,5,2934,,Ab4,,e,,,,t,,gut_n242_6Ab4q_1,2934,,gutim,242,
267,991.4852000000001,0.7273,144,88,5,2934,,E6,,e,,,,t,,gut_n242_6E6q_1,2934,,gutim,242,
267,992.3943,2.9091,144,24,2,2935,,C1,,e,,,,t,,gut_n242_6C1w,2935,,gutim,242,
267,993.0003,0.0758,144,87,11,2936,,Eb6,,,,,,,,gut_n242_1Eb6s_1,2936,,gutim,242,
267,993.1518000000001,0.0758,144,36,12,2937,,C2,,,,,,,,gut_n242_1C2s_1,2937,,gutim,242,
267,993.3033,0.2424,144,46,12,2938,,Bb2,,E,,,,T,5983,gut_n242_1Bb2e,2938,,gutim,242,
267,993.6064,0.3636,144,78,13,2939,,Gb5,,,,,,,,gut_n242_1Gb5e,2939,,gutim,242,
267,994.0609000000001,0.1212,144,78,15,2940,,Gb5,,,,,,,,gut_n242_1Gb5s_0,2940,,gutim,242,
267,994.0609000000001,0.8485,144,47,2,2940,,B2,,,,,,,,gut_n242_5B2s,2940,,gutim,242,
267,995.1215000000001,0.1439,144,87,15,2941,,Eb6,,,,,,,,gut_n242_1Eb6s_2,2941,,gutim,242,
267,995.1215000000001,0.7273,144,60,2,2941,,C4,,,,,,,,gut_n242_5C4s_0,2941,,gutim,242,
267,995.1215000000001,0.1212,144,68,2,2941,,Ab4,,,,,,,,gut_n242_5Ab4s,2941,,gutim,242,
267,995.273,0.7197,144,78,15,2942,,Gb5,,,,,,,,gut_n242_1Gb5s_1,2942,,gutim,242,
,,,,,,,,,,,,,,,,,,268,,,
268,996.0306,0.06,144,64,11,2943,,E4,g,,,,,,,gut_ng243_1E4e_0,2943,,gutim,243,
268,996.1056000000001,0.06,144,46,11,2944,,Bb2,g,,,,,,,gut_ng243_1Bb2e_0,2944,,gutim,243,
268,996.1056000000001,0.06,144,44,14,2944,,Ab2,g,,,,,,,gut_ng243_5Ab2e,2944,,gutim,243,
268,996.1806,0.06,144,76,11,2945,,E5,g,,,,,,,gut_ng243_1E5e,2945,,gutim,243,
268,996.1806,0.06,144,60,14,2945,,C4,g,,,,,,,gut_ng243_5C4e,2945,,gutim,243,
268,996.2556000000001,0.1458,144,78,11,2946,,F#5,,,,,,,,gut_n243_1Fs5s,2946,,gutim,243,
268,996.2556000000001,0.0729,144,42,14,2946,,F#2,,,,,,,,gut_n243_5Fs2t_0,2946,,gutim,243,
268,996.3468,0.0729,144,55,14,2947,,G3,,,,,,,,gut_n243_5G3t_0,2947,,gutim,243,
268,996.4379,0.0729,144,43,11,2948,,G2,,,,,,,,gut_n243_1G2t,2948,,gutim,243,
268,996.4379,0.0729,144,86,14,2948,,D6,,,,,,,,gut_n243_5D6t,2948,,gutim,243,
268,996.5291000000001,0.0729,144,78,11,2949,,F#5,,,,,,,,gut_n243_1Fs5t_0,2949,,gutim,243,
268,996.5291000000001,0.0729,144,42,14,2949,,F#2,,,,,,,,gut_n243_5Fs2t_1,2949,,gutim,243,
268,996.6202000000001,0.0729,144,55,14,2950,,G3,,,,,,,,gut_n243_5G3t_1,2950,,gutim,243,
268,996.7113,0.0606,144,34,17,2951,,Bb1,,e,,d,,,,gut_n243_5Bb1t,2951,,gutim,243,
268,996.7871,0.0606,144,52,14,2952,,E3,,e,,d,,,,gut_n243_5E3t,2952,,gutim,243,
268,996.8629000000001,0.0606,144,30,11,2953,,F#1,,e,,d,,,,gut_n243_5Fs1t_0,2953,,gutim,243,
268,996.9386000000001,0.0606,144,62,8,2954,,D4,,e,,d,,,,gut_n243_5D4t,2954,,gutim,243,
268,997.0144,0.0606,144,30,5,2955,,F#1,,e,,d,,,,gut_n243_5Fs1t_1,2955,,gutim,243,
268,997.0901,0.0597,144,43,5,2956,,G2,,e,,d,,,,gut_n243_5G2t,2956,,gutim,243,
268,997.1647,0.4318,144,76,5,2957,,E5,,,,,,,,gut_n243_1E5e_0,2957,,gutim,243,
268,997.1647,0.7273,144,24,5,2957,,C1,,E,5983,D,5983,,,gut_n243_5C1q,2957,,gutim,243,
268,997.6193000000001,0.2879,144,76,6,2958,,E5,,,,,,,,gut_n243_1E5e_1,2958,,gutim,243,
268,997.6193000000001,0.2879,144,80,6,2958,,G#5,,,,,,,,gut_n243_1Gs5e,2958,,gutim,243,
268,997.9223000000001,0.4318,144,60,7,2959,,C4,,,,,,,,gut_n243_1C4s,2959,,gutim,243,
268,998.0738,1.4545,144,30,5,2960,,F#1,,,,,,,,gut_n243_5Fs1h,2960,,gutim,243,
268,998.0738,1.4545,144,34,5,2960,,Bb1,,,,,,,,gut_n243_5Bb1h,2960,,gutim,243,
268,998.0738,1.4545,144,43,5,2960,,G2,,,,,,,,gut_n243_5G2h,2960,,gutim,243,
268,998.0738,1.4545,144,52,5,2960,,E3,,,,,,,,gut_n243_5E3h,2960,,gutim,243,
268,998.0738,1.4545,144,62,5,2960,,D4,,,,,,,,gut_n243_5D4h,2960,,gutim,243,
268,998.3768,0.4318,144,76,8,2961,,E5,,,,,,,,gut_n243_1E5e_2,2961,,gutim,243,
268,998.8314,1.0076,144,80,9,2962,,G#5,,,,,,,,gut_n243_1Gs5s,2962,,gutim,243,
268,999.892,0.2159,144,30,8,2963,,F#1,,,,,,,,gut_n243_5Fs1e,2963,,gutim,243,
268,999.892,0.3636,144,34,8,2963,,Bb1,,,,,,,,gut_n243_5Bb1e,2963,,gutim,243,
268,999.892,0.3636,144,43,8,2963,,G2,,,,,,,,gut_n243_5G2e,2963,,gutim,243,
268,999.892,0.3636,144,52,8,2963,,E3,,,,,,,,gut_n243_5E3e,2963,,gutim,243,
268,999.892,0.3636,144,62,8,2963,,D4,,,,,,,,gut_n243_5D4e,2963,,gutim,243,
268,1000.1215000000001,0.06,144,64,5,2964,,E4,g,,,,,,,gut_ng243_1E4e_1,2964,,gutim,243,
268,1000.1965,0.06,144,46,5,2965,,Bb2,g,,,,,,,gut_ng243_1Bb2e_1,2965,,gutim,243,
268,1000.2715000000001,0.06,144,64,5,2966,,E4,g,,,,,,,gut_ng243_1E4e_2,2966,,gutim,243,
268,1000.3465,0.3636,144,74,5,2967,,D5,,,,,,,,gut_n243_1D5e,2967,,gutim,243,
,,,,,,,5983,,,,,,,,,,,,gutim,,
268,1000.8011,0.1818,144,76,11,2968,,E5,,,,,,,,gut_n243_1E5s,2968,,gutim,243,
268,1000.8011,0.0606,144,78,17,2968,,F#5,,,,,,,,gut_n243_5Fs5t,2968,,gutim,243,
268,1000.8768,0.0606,144,69,17,2969,,A4,,,,,,,,gut_n243_5A4t,2969,,gutim,243,
268,1000.9526000000001,0.2424,144,40,17,2970,,E2,,,,,,,,gut_n243_5E2e,2970,,gutim,243,
268,1001.142,0.0909,144,60,17,2971,,C4,,,,,,,,gut_n243_1C4t_0,2971,,gutim,243,
268,1001.2556000000001,0.0909,144,78,17,2972,,F#5,,e,,d,,,,gut_n243_1Fs5t_1,2972,,gutim,243,
268,1001.2556000000001,0.1818,144,76,14,2972,,E5,,,,,,,,gut_n243_5E5s,2972,,gutim,243,
268,1001.2556000000001,0.1818,144,80,14,2972,,G#5,,,,,,,,gut_n243_5Gs5s,2972,,gutim,243,
268,1001.3693000000001,0.0909,144,60,17,2973,,C4,,e,,d,,,,gut_n243_1C4t_1,2973,,gutim,243,
268,1001.4829000000001,0.0909,144,69,17,2974,,A4,,e,,d,,,,gut_n243_1A4t,2974,,gutim,243,
268,1001.5965,0.0909,144,40,17,2975,,E2,,e,,d,,,,gut_n243_1E2t,2975,,gutim,243,
,,,,,,,,,,,,,,,,,,269,,,
269,1001.7102000000001,1.4545,144,24,5,2976,,C1,,E,5984,D,5984,,,gut_n244_5C1h_0,2976,,gutim,244,
269,1002.0736,0.4366,144,44,17,2977,,Ab2,,,,,,,,gut_n244_2Ab2e,2977,,gutim,244,
269,1002.0736,0.4366,144,84,17,2977,,C6,,,,,,,,gut_n244_2C6e,2977,,gutim,244,
269,1002.0736,0.4366,144,97,17,2977,,Db7,,,,,,,,gut_n244_2Db7e,2977,,gutim,244,
269,1002.392,0.0909,144,74,11,2978,,D5,,,,,,,,gut_n244_1D5t_0,2978,,gutim,244,
269,1002.5056000000001,0.0909,144,36,12,2979,,C2,,,,,,,,gut_n244_1C2t_0,2979,,gutim,244,
269,1002.6193000000001,0.0606,144,87,14,2980,,Eb6,,,,,,,,gut_n244_1Eb6t_0,2980,,gutim,244,
269,1002.695,0.0909,144,74,15,2981,,D5,,,,,,,,gut_n244_1D5t_1,2981,,gutim,244,
269,1002.8086000000001,0.0909,144,36,16,2982,,C2,,,,,,,,gut_n244_1C2t_1,2982,,gutim,244,
269,1002.9223000000001,0.0606,144,87,18,2983,,Eb6,,,,,,,,gut_n244_1Eb6t_1,2983,,gutim,244,
269,1002.998,0.0606,144,36,19,2984,,C2,,,,,,,,gut_n244_1C2t_2,2984,,gutim,244,
269,1002.998,0.0606,144,74,19,2984,,D5,,,,,,,,gut_n244_1D5t_2,2984,,gutim,244,
269,1003.0738,0.3636,144,87,20,2985,,Eb6,,,,,,,,gut_n244_1Eb6e,2985,,gutim,244,
269,1003.4533,0.0712,144,86,20,2986,,D6,g,,,,,,,gut_ng244_1D6e,2986,,gutim,244,
269,1003.5283000000001,1.2955,144,82,20,2987,,Bb5,,,,,,,,gut_n244_1Bb5q,2987,,gutim,244,
269,1004.9677,0.1212,144,68,11,2988,,G#4,,,,,,,,gut_n244_1Gs4s,2988,,gutim,244,
269,1005.1193000000001,0.1212,144,78,8,2989,,F#5,,,,,,,,gut_n244_1Fs5s,2989,,gutim,244,
269,1005.2708,0.0606,144,50,5,2990,,D3,,,,,,,,gut_n244_1D3t,2990,,gutim,244,
269,1005.2708,0.0606,144,68,5,2990,,G#4,,,,,,,,gut_n244_1Gs4t,2990,,gutim,244,
269,1005.2708,0.0606,144,78,5,2990,,F#5,,,,,,,,gut_n244_1Fs5t,2990,,gutim,244,
,,,,,,,5984,,,,,,,,,,,,gutim,,
269,1005.3465,0.2424,144,66,14,2991,,F#4,,e,,d,,t,,gut_n244_1Fs4e,2991,,gutim,244,
269,1005.3465,0.8636,144,56,14,2991,,G#3,,e,,d,,t,,gut_n244_2Gs3q_0,2991,,gutim,244,
269,1005.3465,1.4545,144,24,5,2991,,C1,,e,,d,,t,,gut_n244_5C1h_1,2991,,gutim,244,
269,1005.6496000000001,0.4848,144,66,15,2992,,F#4,,,,,,,,gut_n244_1Fs4q,2992,,gutim,244,
269,1005.6496000000001,0.4848,144,81,15,2992,,A5,,,,,,,,gut_n244_1A5q,2992,,gutim,244,
269,1006.2556000000001,0.8636,144,56,11,2993,,G#3,,e,,d,,t,,gut_n244_2Gs3q_1,2993,,gutim,244,
,,,,,,,,,,,,,,,,,,270,,,
270,1007.1647,0.3636,144,56,20,2994,,G#3,,e,,d,,t,,gut_n245_1Gs3e,2994,,gutim,245,
270,1007.1647,0.3636,144,78,20,2994,,F#5,,e,,d,,t,,gut_n245_1Fs5e,2994,,gutim,245,
270,1007.1647,0.3636,144,81,20,2994,,A5,,e,,d,,t,,gut_n245_1A5e_0,2994,,gutim,245,
270,1007.1647,0.7273,144,50,8,2994,,D3,,e,,d,,t,,gut_n245_5D3q,2994,,gutim,245,
270,1007.1647,0.7273,144,59,8,2994,,B3,,e,,d,,t,,gut_n245_5B3q_0,2994,,gutim,245,
270,1007.6193000000001,0.0909,144,60,16,2995,,C4,,,,,,,,gut_n245_1C4t,2995,,gutim,245,
270,1007.7329000000001,0.0909,144,52,14,2996,,E3,,,,,,,,gut_n245_1E3t,2996,,gutim,245,
270,1007.8465,0.1818,144,69,13,2997,,A4,,,,,,,,gut_n245_1A4s,2997,,gutim,245,
270,1008.0738,0.2424,144,60,11,2998,,C4,,e,,,,t,,gut_n245_1C4e,2998,,gutim,245,
270,1008.0738,0.2424,144,69,11,2998,,A4,,e,,,,t,,gut_n245_1A4e,2998,,gutim,245,
270,1008.0738,0.2424,144,81,11,2998,,A5,,e,,,,t,,gut_n245_1A5e_1,2998,,gutim,245,
270,1008.0738,0.7273,144,59,5,2998,,B3,,e,,,,t,,gut_n245_5B3q_1,2998,,gutim,245,
270,1008.3018000000001,0.06,144,82,8,2999,,Bb5,g,,,,,,,gut_ng245_1Bb5e,2999,,gutim,245,
270,1008.3768,0.2879,144,90,8,3000,,F#6,,,,,,,,gut_n245_1Fs6e,3000,,gutim,245,
270,1008.6799000000001,0.1439,144,99,10,3001,,Eb7,,,,,,,,gut_n245_1Eb7s_0,3001,,gutim,245,
270,1008.8314,0.1439,144,72,11,3002,,C5,,,,,,,,gut_n245_1C5s,3002,,gutim,245,
270,1008.9829000000001,0.2159,144,99,11,3003,,Eb7,,e,,,,t,,gut_n245_1Eb7s_1,3003,,gutim,245,
270,1008.9829000000001,0.072,144,54,5,3003,,F#3,,e,,,,t,,gut_n245_5Fs3t_0,3003,,gutim,245,
270,1009.0586000000001,0.072,144,48,5,3004,,C3,,,,,,,,gut_n245_5C3t,3004,,gutim,245,
270,1009.2102000000001,0.2159,144,86,13,3005,,D6,,,,,,,,gut_n245_1D6s,3005,,gutim,245,
270,1009.4374,0.2424,144,48,14,3006,,C3,,,,,,,,gut_n245_1C3e,3006,,gutim,245,
270,1009.5132000000001,0.072,144,46,8,3007,,Bb2,,,,,,,,gut_n245_5Bb2t_0,3007,,gutim,245,
270,1009.5889000000001,0.072,144,50,9,3008,,D3,,,,,,,,gut_n245_5D3t,3008,,gutim,245,
270,1009.6647,0.072,144,54,10,3009,,F#3,,,,,,,,gut_n245_5Fs3t_1,3009,,gutim,245,
270,1009.7405,0.0606,144,36,11,3010,,C2,,,,,,,,gut_n245_5C2t_0,3010,,gutim,245,
270,1009.8162000000001,0.072,144,69,14,3011,,A4,,,,,,,,gut_n245_1A4t,3011,,gutim,245,
270,1009.8162000000001,0.0606,144,63,11,3011,,Eb4,,,,,,,,gut_n245_5Eb4t,3011,,gutim,245,
270,1009.892,0.2879,144,64,14,3012,,E4,,E,,,,T,5985,gut_n245_1E4e,3012,,gutim,245,
270,1009.892,0.108,144,46,12,3012,,Bb2,,,,,,,,gut_n245_5Bb2t_1,3012,,gutim,245,
270,1010.0056000000001,0.108,144,54,14,3013,,F#3,,,,,,,,gut_n245_5Fs3t_2,3013,,gutim,245,
270,1010.1193000000001,0.108,144,75,15,3014,,Eb5,,,,,,,,gut_n245_5Eb5t_0,3014,,gutim,245,
270,1010.195,0.2879,144,68,14,3015,,G#4,,,,,,,,gut_n245_1Gs4e,3015,,gutim,245,
270,1010.2329000000001,0.072,144,46,16,3016,,Bb2,,,,,,,,gut_n245_5Bb2t_2,3016,,gutim,245,
270,1010.2329000000001,0.072,144,62,16,3016,,D4,,,,,,,,gut_n245_5D4t_0,3016,,gutim,245,
270,1010.3086000000001,0.072,144,66,17,3017,,F#4,,,,,,,,gut_n245_5Fs4t,3017,,gutim,245,
270,1010.3844,0.072,144,36,18,3018,,C2,,,,,,,,gut_n245_5C2t_1,3018,,gutim,245,
270,1010.3844,0.072,144,62,18,3018,,D4,,,,,,,,gut_n245_5D4t_1,3018,,gutim,245,
270,1010.4602000000001,0.108,144,75,19,3019,,Eb5,,,,,,,,gut_n245_5Eb5t_1,3019,,gutim,245,
270,1010.5738,0.0909,144,62,20,3020,,D4,,,,,,,,gut_n245_5D4t_2,3020,,gutim,245,
270,1010.6874,0.0909,144,24,20,3021,,C1,,,,,,,,gut_n245_5C1t,3021,,gutim,245,
270,1010.7874,0.0712,144,62,20,3022,,D4,g,,,,,,,gut_ng245_5D4e,3022,,gutim,245,
270,1010.8624000000001,0.0712,144,34,20,3023,,Bb1,g,,,,,,,gut_ng245_5Bb1e,3023,,gutim,245,
270,1010.9374,0.0712,144,24,20,3024,,C1,g,,,,,,,gut_ng245_5C1e,3024,,gutim,245,
270,1011.0124000000001,0.2424,144,66,20,3025,,F#4,,,,,,,,gut_n245_1Fs4e,3025,,gutim,245,
270,1011.3155,1.2121,144,66,20,3026,,F#4,,,,,,,,gut_n245_1Fs4q_0,3026,,gutim,245,
270,1011.3155,1.2121,144,75,20,3026,,Eb5,,,,,,,,gut_n245_1Eb5q_0,3026,,gutim,245,
270,1011.6943,0.2159,144,74,5,3027,,D5,,,,,,,,gut_n245_5D5s,3027,,gutim,245,
270,1011.9215,0.1818,144,42,5,3028,,F#2,,,,,,,,gut_n245_5Fs2s,3028,,gutim,245,
270,1012.1488,0.1818,144,55,5,3029,,G3,,,,,,,,gut_n245_5G3s,3029,,gutim,245,
270,1012.5283000000001,0.06,144,34,5,3030,,A#1,g,,,,,,,gut_ng245_5As1e,3030,,gutim,245,
270,1012.6033,0.2727,144,30,5,3031,,F#1,,,,,,,,gut_n245_5Fs1s,3031,,gutim,245,
,,,,,,,,,,,,,,,,,,271,,,
271,1012.8306,0.6477,144,64,17,3032,,E4,,,,,,,,gut_n246_1E4e,3032,,gutim,246,
271,1012.8306,4.3636,144,24,2,3032,,C1,,,,,,,,gut_n246_6C1w,3032,,gutim,246,
271,1012.9443,0.2727,144,43,4,3033,,G2,,,,,,,,gut_n246_5G2s,3033,,gutim,246,
271,1013.2852,0.3636,144,52,4,3034,,E3,,,,,,,,gut_n246_5E3e,3034,,gutim,246,
271,1013.5124000000001,0.108,144,84,18,3035,,C6,,,,,,,,gut_n246_1C6t_0,3035,,gutim,246,
271,1013.6261000000001,0.108,144,70,18,3036,,Bb4,,,,,,,,gut_n246_1Bb4t,3036,,gutim,246,
271,1013.7397000000001,0.108,144,56,20,3037,,Ab3,,,,,,,,gut_n246_1Ab3t,3037,,gutim,246,
271,1013.7397000000001,0.4848,144,62,3,3037,,D4,,,,,,,,gut_n246_5D4q,3037,,gutim,246,
271,1013.8533,0.108,144,85,21,3038,,Db6,,,,,,,,gut_n246_1Db6t,3038,,gutim,246,
271,1014.3458,0.0606,144,52,2,3039,,E3,,e,,d,,,,gut_n246_5E3t,3039,,gutim,246,
271,1014.4215,0.0606,144,74,2,3040,,D5,,e,,d,,,,gut_n246_5D5t,3040,,gutim,246,
271,1014.4973,0.0606,144,30,2,3041,,F#1,,e,,d,,,,gut_n246_5Fs1t_1,3041,,gutim,246,
271,1014.5730000000001,0.0606,144,43,2,3042,,G2,,e,,d,,,,gut_n246_5G2t,3042,,gutim,246,
271,1014.6488,0.1818,144,88,2,3043,,E6,,E,,D,5985,,,gut_n246_5E6s,3043,,gutim,246,
271,1014.8761000000001,2.7273,144,44,2,3044,,G#2,,,,,,,,gut_n246_5Gs2e,3044,,gutim,246,
271,1016.2397000000001,0.0427,144,84,8,3045,,C6,,,,,,,,gut_n246_1C6x_0,3045,,gutim,246,
271,1016.2847,0.0427,144,90,8,3046,,F#6,,,,,,,,gut_n246_1Fs6x_0,3046,,gutim,246,
271,1016.3297,0.0427,144,100,8,3047,,E7,,,,,,,,gut_n246_1E7x_0,3047,,gutim,246,
271,1016.3746000000001,0.0427,144,105,9,3048,,A7,,,,,,,,gut_n246_1A7x_0,3048,,gutim,246,
271,1016.4196000000001,0.0427,144,104,9,3049,,G#7,,,,,,,,gut_n246_1Gs7x_0,3049,,gutim,246,
271,1016.4646,0.0652,144,90,9,3050,,F#6,,,,,,,,gut_n246_1Fs6x_1,3050,,gutim,246,
271,1016.5333,0.0427,144,105,10,3051,,A7,,,,,,,,gut_n246_1A7x_1,3051,,gutim,246,
271,1016.5782,0.0427,144,104,10,3052,,G#7,,,,,,,,gut_n246_1Gs7x_1,3052,,gutim,246,
271,1016.6232,0.0652,144,100,10,3053,,E7,,,,,,,,gut_n246_1E7x_1,3053,,gutim,246,
271,1016.6919,0.0484,144,104,10,3054,,G#7,,,,,,,,gut_n246_1Gs7x_2,3054,,gutim,246,
271,1016.7428000000001,0.0484,144,105,11,3055,,A7,,,,,,,,gut_n246_1A7x_2,3055,,gutim,246,
271,1016.7937000000001,0.0484,144,84,11,3056,,C6,,,,,,,,gut_n246_1C6x_1,3056,,gutim,246,
271,1016.8446,0.0956,144,90,11,3057,,F#6,,,,,,,,gut_n246_1Fs6t_0,3057,,gutim,246,
271,1016.9452,0.0956,144,105,12,3058,,A7,,,,,,,,gut_n246_1A7t_0,3058,,gutim,246,
271,1017.0458000000001,0.0956,144,84,12,3059,,C6,,,,,,,,gut_n246_1C6t_1,3059,,gutim,246,
271,1017.0458000000001,0.0956,144,90,12,3059,,F#6,,,,,,,,gut_n246_1Fs6t_1,3059,,gutim,246,
271,1017.1464000000001,0.072,144,100,13,3060,,E7,,,,,,,,gut_n246_1E7t_0,3060,,gutim,246,
271,1017.2222,0.072,144,105,13,3061,,A7,,,,,,,,gut_n246_1A7t_1,3061,,gutim,246,
271,1017.2979,0.072,144,104,14,3062,,G#7,,,,,,,,gut_n246_1Gs7t,3062,,gutim,246,
271,1017.3737000000001,0.0866,144,84,14,3063,,C6,,,,,,,,gut_n246_1C6t_2,3063,,gutim,246,
271,1017.4648000000001,0.0866,144,100,14,3064,,E7,,,,,,,,gut_n246_1E7t_1,3064,,gutim,246,
271,1017.556,0.0427,144,104,14,3065,,G#7,,,,,,,,gut_n246_1Gs7x_3,3065,,gutim,246,
271,1017.601,0.072,144,90,8,3066,,F#6,,e,,,,,,gut_n246_1Fs6t_2,3066,,gutim,246,
271,1017.6767000000001,0.072,144,68,10,3067,,G#4,,e,,,,,,gut_n246_1Gs4t,3067,,gutim,246,
271,1017.7525,0.072,144,90,12,3068,,F#6,,e,,,,,,gut_n246_1Fs6t_3,3068,,gutim,246,
271,1017.8282,0.072,144,72,14,3069,,C5,,e,,,,,,gut_n246_1C5t_0,3069,,gutim,246,
271,1017.904,0.072,144,81,16,3070,,A5,,e,,,,,,gut_n246_1A5t,3070,,gutim,246,
271,1017.9798000000001,0.072,144,72,18,3071,,C5,,e,,,,,,gut_n246_1C5t_1,3071,,gutim,246,
271,1018.0555,0.2182,144,64,20,3072,,E4,,E,5985,,,,,gut_n246_1E4s,3072,,gutim,246,
,,,,,,,5985,,,,,,,,,,,,gutim,,
,,,,,,,,,,,,,,,,,,272,,,
272,1018.2852,0.0712,144,86,11,3073,,D6,g,,,,,,,gut_ng247_5D6e,3073,,gutim,247,
272,1018.3602000000001,0.06,144,108,8,3074,,C8,g,,,,,,,gut_ng247_1C8e,3074,,gutim,247,
272,1018.3602000000001,0.0712,144,77,11,3074,,F5,g,,,,,,,gut_ng247_5F5e,3074,,gutim,247,
272,1018.4352,0.2794,144,76,8,3075,,E5,,,,,,,,gut_n247_1E5s,3075,,gutim,247,
272,1018.4352,1.1176,144,73,11,3075,,C#5,,,,,,,,gut_n247_5Cs5q,3075,,gutim,247,
272,1018.7293000000001,0.0931,144,108,10,3076,,C8,,,,,,,,gut_n247_1C8t_0,3076,,gutim,247,
272,1018.8273,0.3725,144,76,10,3077,,E5,,,,,,,,gut_n247_1E5e,3077,,gutim,247,
272,1019.2195,0.0931,144,68,12,3078,,G#4,,e,,,,,,gut_n247_1Gs4t,3078,,gutim,247,
272,1019.3175,0.0931,144,97,12,3079,,C#7,,e,,,,,,gut_n247_1Cs7t_0,3079,,gutim,247,
272,1019.4156,0.0931,144,108,13,3080,,C8,,e,,,,,,gut_n247_1C8t_1,3080,,gutim,247,
272,1019.5136,0.0931,144,97,13,3081,,C#7,,e,,,,,,gut_n247_1Cs7t_1,3081,,gutim,247,
272,1019.6116000000001,0.2096,144,76,13,3082,,E5,,E,5986,,,,,gut_n247_1E5t,3082,,gutim,247,
272,1019.6116000000001,0.9412,144,105,13,3082,,A7,,,,,,,,gut_n247_5A7q,3082,,gutim,247,
272,1019.8322000000001,0.0699,144,68,14,3083,,G#4,,,,,,,,gut_n247_1Gs4x,3083,,gutim,247,
272,1019.9057,0.0699,144,97,14,3084,,C#7,,,,,,,,gut_n247_1Cs7x_0,3084,,gutim,247,
272,1019.9793000000001,0.0699,144,106,15,3085,,Bb7,,,,,,,,gut_n247_1Bb7x,3085,,gutim,247,
272,1020.0528,0.0699,144,108,15,3086,,C8,,,,,,,,gut_n247_1C8x,3086,,gutim,247,
272,1020.1263,0.0699,144,97,15,3087,,C#7,,,,,,,,gut_n247_1Cs7x_1,3087,,gutim,247,
272,1020.1999000000001,0.1397,144,108,16,3088,,C8,,,,,,,,gut_n247_1C8t_2,3088,,gutim,247,
272,1020.3469,0.0699,144,97,16,3089,,C#7,,,,,,,,gut_n247_1Cs7x_2,3089,,gutim,247,
272,1020.4205000000001,0.1397,144,64,16,3090,,E4,,,,,,,,gut_n247_1E4t_0,3090,,gutim,247,
272,1020.5631000000001,0.06,144,61,14,3091,,Db4,g,,,,,,,gut_ng247_5Db4e,3091,,gutim,247,
272,1020.5675,0.0699,144,56,17,3092,,G#3,,,,,,,,gut_n247_1Gs3x,3092,,gutim,247,
272,1020.6410000000001,0.0699,144,85,17,3093,,C#6,,,,,,,,gut_n247_1Cs6x,3093,,gutim,247,
272,1020.6381,0.06,144,84,14,3093,,C6,g,,,,,,,gut_ng247_5C6e,3093,,gutim,247,
272,1020.7146,0.0699,144,94,17,3094,,A#6,,,,,,,,gut_n247_1As6x,3094,,gutim,247,
272,1020.7131,0.06,144,82,14,3094,,Bb5,g,,,,,,,gut_ng247_5Bb5e,3094,,gutim,247,
272,1020.8146,0.0712,144,86,14,3095,,D6,g,,,,,,,gut_ng247_1D6e_0,3095,,gutim,247,
272,1020.8896000000001,0.0712,144,77,14,3096,,F5,g,,,,,,,gut_ng247_1F5e_0,3096,,gutim,247,
272,1020.9646,0.8382,144,73,14,3097,,C#5,,,,,,,,gut_n247_1Cs5e,3097,,gutim,247,
272,1020.9646,0.5588,144,52,14,3097,,E3,,,,,,,,gut_n247_5E3e,3097,,gutim,247,
272,1021.5528,0.0699,144,61,17,3098,,Db4,,,,,,,,gut_n247_5Db4x,3098,,gutim,247,
272,1021.6263,0.0699,144,72,18,3099,,C5,,,,,,,,gut_n247_5C5x,3099,,gutim,247,
272,1021.6999000000001,0.1397,144,61,18,3100,,Db4,,,,,,,,gut_n247_5Db4t,3100,,gutim,247,
272,1021.8469,0.2353,144,69,19,3101,,A4,,,,,,,,gut_n247_1A4s,3101,,gutim,247,
272,1021.8469,0.2096,144,52,19,3101,,E3,,,,,,,,gut_n247_5E3t,3101,,gutim,247,
272,1022.0675,0.0699,144,44,20,3102,,G#2,,,,,,,,gut_n247_5Gs2x,3102,,gutim,247,
272,1022.1410000000001,0.2353,144,93,14,3103,,A6,,,,,,,,gut_n247_1A6s,3103,,gutim,247,
272,1022.1410000000001,0.9412,144,37,17,3103,,C#2,,,,,,,,gut_n247_5Cs2q,3103,,gutim,247,
272,1022.4352,0.0784,144,78,14,3104,,F#5,,,,,,,,gut_n247_1Fs5t_0,3104,,gutim,247,
272,1022.5332000000001,0.0784,144,56,15,3105,,G#3,,,,,,,,gut_n247_1Gs3t,3105,,gutim,247,
272,1022.6312,0.0784,144,78,17,3106,,F#5,,,,,,,,gut_n247_1Fs5t_1,3106,,gutim,247,
272,1022.7293000000001,0.0784,144,60,18,3107,,C4,,,,,,,,gut_n247_1C4t_0,3107,,gutim,247,
272,1022.8273,0.0784,144,69,19,3108,,A4,,,,,,,,gut_n247_1A4t,3108,,gutim,247,
272,1022.9254000000001,0.0784,144,60,21,3109,,C4,,,,,,,,gut_n247_1C4t_1,3109,,gutim,247,
272,1023.0234,0.0699,144,52,22,3110,,E3,,,,d,,,,gut_n247_1E3x,3110,,gutim,247,
272,1023.0234,0.0699,144,72,11,3110,,C5,,,,d,,,,gut_n247_1C5x,3110,,gutim,247,
272,1023.0969,0.0699,144,61,11,3111,,C#4,,,,d,,,,gut_n247_1Cs4x,3111,,gutim,247,
272,1023.1705000000001,0.0699,144,40,11,3112,,E2,,,,d,,,,gut_n247_1E2x,3112,,gutim,247,
272,1023.244,0.0699,144,32,11,3113,,G#1,,,,D,5986,,,gut_n247_1Gs1x,3113,,gutim,247,
,,,,,,,5986,,,,,,,,,,,,gutim,,
272,1023.3175,0.9412,144,84,8,3114,,C6,,,,d,,,,gut_n247_1C6q,3114,,gutim,247,
272,1023.3175,5.4118,144,37,17,3114,,C#2,,,,d,,,,gut_n247_5Cs2h,3114,,gutim,247,
272,1024.344,0.0712,144,86,14,3115,,D6,g,,,d,,,,gut_ng247_1D6e_1,3115,,gutim,247,
272,1024.419,0.0712,144,77,14,3116,,F5,g,,,d,,,,gut_ng247_1F5e_1,3116,,gutim,247,
272,1024.494,0.1863,144,73,14,3117,,C#5,,,,d,,,,gut_n247_1Cs5s,3117,,gutim,247,
272,1024.6901,0.1397,144,73,8,3118,,C#5,,,,d,,,,gut_n247_1Cs5t,3118,,gutim,247,
272,1024.8371,0.0931,144,64,9,3119,,E4,,,,D,,,,gut_n247_1E4t_1,3119,,gutim,247,
272,1024.9352,0.0931,144,82,10,3120,,Bb5,,,,,,,,gut_n247_1Bb5t_0,3120,,gutim,247,
272,1025.0332,0.0931,144,56,11,3121,,Ab3,,,,,,,,gut_n247_1Ab3t_0,3121,,gutim,247,
272,1025.1312,0.1397,144,64,12,3122,,E4,,,,,,,,gut_n247_1E4t_2,3122,,gutim,247,
272,1025.2783,0.0931,144,56,13,3123,,Ab3,,,,,,,,gut_n247_1Ab3t_1,3123,,gutim,247,
272,1025.3763,0.0931,144,82,14,3124,,Bb5,,,,,,,,gut_n247_1Bb5t_1,3124,,gutim,247,
,,,,,,,,,,,,,,,,,,273,,,
273,1025.6705,0.06,144,98,17,3125,,D7,g,,,,,,,gut_ng248_1D7e,3125,,gutim,248,
273,1025.7455,0.06,144,89,17,3126,,F6,g,,,,,,,gut_ng248_1F6e,3126,,gutim,248,
273,1025.8205,0.5588,144,85,18,3127,,C#6,,,,,,,,gut_n248_1Cs6e,3127,,gutim,248,
273,1026.4087,0.1397,144,105,21,3128,,A7,,,,,,,,gut_n248_1A7t,3128,,gutim,248,
273,1026.5557,0.1397,144,47,22,3129,,B2,,,,,,,,gut_n248_1B2t,3129,,gutim,248,
273,1026.7028,0.0931,144,102,22,3130,,F#7,,e,,d,,,,gut_n248_1Fs7t_0,3130,,gutim,248,
273,1026.8008,0.0931,144,32,22,3131,,G#1,,e,,d,,,,gut_n248_1Gs1t,3131,,gutim,248,
273,1026.8989,0.0931,144,102,22,3132,,F#7,,e,,d,,,,gut_n248_1Fs7t_1,3132,,gutim,248,
273,1026.9969,0.0931,144,36,22,3133,,C2,,e,,d,,,,gut_n248_1C2t_0,3133,,gutim,248,
273,1027.095,0.0931,144,93,22,3134,,A6,,e,,d,,,,gut_n248_1A6t_0,3134,,gutim,248,
273,1027.193,0.0931,144,36,22,3135,,C2,,e,,d,,,,gut_n248_1C2t_1,3135,,gutim,248,
273,1027.291,0.2794,144,28,22,3136,,E1,,E,,d,,,,gut_n248_1E1s,3136,,gutim,248,
273,1027.5852,0.5588,144,44,22,3137,,G#2,,,,,,,,gut_n248_1Gs2e,3137,,gutim,248,
273,1028.1734,0.5588,144,73,11,3138,,C#5,,,,,,,,gut_n248_1Cs5e,3138,,gutim,248,
273,1028.7616,0.3725,144,93,14,3139,,A6,,,,,,,,gut_n248_1A6e,3139,,gutim,248,
273,1029.1538,0.1863,144,61,16,3140,,C#4,,,,,,,,gut_n248_1Cs4s_0,3140,,gutim,248,
273,1029.3499,0.0931,144,93,17,3141,,A6,,,,,,,,gut_n248_1A6t_1,3141,,gutim,248,
273,1029.4479,0.1397,144,74,17,3142,,D5,,,,,,,,gut_n248_1D5t_0,3142,,gutim,248,
273,1029.595,0.1397,144,61,18,3143,,C#4,,,,,,,,gut_n248_1Cs4t,3143,,gutim,248,
273,1029.742,0.0931,144,81,19,3144,,A5,,e,,,,,,gut_n248_1A5t_0,3144,,gutim,248,
273,1029.8401,0.0931,144,74,19,3145,,D5,,e,,,,,,gut_n248_1D5t_1,3145,,gutim,248,
273,1029.9381,0.0931,144,59,20,3146,,B3,,e,,,,,,gut_n248_1B3t,3146,,gutim,248,
273,1029.9381,0.0931,144,81,20,3146,,A5,,e,,,,,,gut_n248_1A5t_1,3146,,gutim,248,
273,1030.0361,0.0931,144,65,20,3147,,F4,,e,,,,,,gut_n248_1F4t,3147,,gutim,248,
273,1030.0361,0.0931,144,74,20,3147,,D5,,e,,,,,,gut_n248_1D5t_2,3147,,gutim,248,
273,1030.1342,0.3725,144,59,20,3148,,B3,,E,,,,,,gut_n248_1B3e,3148,,gutim,248,
273,1030.2322,0.1176,144,69,22,3149,,A4,,,,,,,,gut_n248_5A4t,3149,,gutim,248,
273,1030.3793,0.1176,144,37,22,3150,,C#2,,,,,,,,gut_n248_5Cs2t,3150,,gutim,248,
273,1030.5263,1.8824,144,35,22,3151,,B1,,,,,,,,gut_n248_5B1h,3151,,gutim,248,
273,1030.5263,1.8824,144,37,22,3151,,C#2,,,,,,,,gut_n248_5Cs2h_1,3151,,gutim,248,
273,1030.5263,1.8824,144,69,22,3151,,A4,,,,,,,,gut_n248_5A4h,3151,,gutim,248,
273,1030.7223999999999,0.0931,144,73,11,3152,,C#5,,e,,,,,,gut_n248_1Cs5t_0,3152,,gutim,248,
273,1030.8205,0.0931,144,64,11,3153,,E4,,e,,,,,,gut_n248_1E4t_0,3153,,gutim,248,
273,1030.9185,0.0931,144,56,13,3154,,Ab3,,e,,,,,,gut_n248_1Ab3t_0,3154,,gutim,248,
273,1031.0165,0.0931,144,82,15,3155,,Bb5,,e,,,,,,gut_n248_1Bb5t_0,3155,,gutim,248,
273,1031.1145999999999,0.1397,144,56,17,3156,,Ab3,,E,,,,,,gut_n248_1Ab3t_1,3156,,gutim,248,
273,1031.1145999999999,0.1397,144,64,17,3156,,E4,,E,,,,,,gut_n248_1E4t_1,3156,,gutim,248,
273,1031.2616,0.1397,144,73,17,3157,,C#5,,,,,,,,gut_n248_1Cs5t_1,3157,,gutim,248,
273,1031.2616,0.1397,144,82,17,3157,,Bb5,,,,,,,,gut_n248_1Bb5t_1,3157,,gutim,248,
273,1031.8499,0.1176,144,44,22,3158,,G#2,,,,,,,,gut_n248_1Gs2t,3158,,gutim,248,
273,1031.9969,0.2353,144,90,22,3159,,F#6,,,,,,,,gut_n248_1Fs6s,3159,,gutim,248,
273,1032.291,0.3137,144,81,11,3160,,A5,,,,,,,,gut_n248_1A5e,3160,,gutim,248,
273,1032.6832,0.1569,144,61,14,3161,,C#4,,,,,,,,gut_n248_1Cs4s_1,3161,,gutim,248,
,,,,,,,,,,,,,,,,,,274,,,
274,1032.8793,0.0931,144,81,15,3162,,A5,,,,,,,,gut_n249_1A5t_0,3162,,gutim,249,
274,1032.9773,0.1397,144,74,16,3163,,D5,,,,,,,,gut_n249_1D5t_0,3163,,gutim,249,
274,1033.1244,0.1397,144,49,16,3164,,C#3,,,,,,,,gut_n249_1Cs3t,3164,,gutim,249,
274,1033.2714,0.0931,144,81,17,3165,,A5,,e,,,,,,gut_n249_1A5t_1,3165,,gutim,249,
274,1033.3695,0.0931,144,74,18,3166,,D5,,e,,,,,,gut_n249_1D5t_1,3166,,gutim,249,
274,1033.4675,0.0931,144,47,19,3167,,B2,,e,,,,,,gut_n249_1B2t,3167,,gutim,249,
274,1033.4675,0.0931,144,81,19,3167,,A5,,e,,,,,,gut_n249_1A5t_2,3167,,gutim,249,
274,1033.5656,0.0931,144,65,19,3168,,F4,,e,,,,,,gut_n249_1F4t_0,3168,,gutim,249,
274,1033.6636,0.1863,144,47,20,3169,,B2,,E,5987,,,,,gut_n249_1B2s_0,3169,,gutim,249,
274,1033.8597,0.2794,144,65,20,3170,,F4,,,,,,,,gut_n249_1F4s,3170,,gutim,249,
274,1034.1538,0.1863,144,47,13,3171,,B2,,,,d,,,,gut_n249_1B2s_1,3171,,gutim,249,
274,1034.3499,0.2794,144,53,8,3172,,F3,,,,d,,,,gut_n249_1F3s,3172,,gutim,249,
274,1034.644,0.9412,144,35,22,3173,,B1,,,,d,,,,gut_n249_5B1e_0,3173,,gutim,249,
274,1034.644,0.9412,144,37,22,3173,,C#2,,,,d,,,,gut_n249_5Cs2e_0,3173,,gutim,249,
274,1034.644,0.9412,144,69,22,3173,,A4,,,,d,,,,gut_n249_5A4e_0,3173,,gutim,249,
274,1035.3303,0.1397,144,85,11,3174,,Db6,,,,d,,,,gut_n249_1Db6t_0,3174,,gutim,249,
274,1035.4773,0.1397,144,96,12,3175,,C7,,,,D,,,,gut_n249_1C7t_0,3175,,gutim,249,
274,1035.6244,0.0931,144,85,13,3176,,Db6,,,,,,,,gut_n249_1Db6t_1,3176,,gutim,249,
274,1035.7223999999999,0.1397,144,96,13,3177,,C7,,,,,,,,gut_n249_1C7t_1,3177,,gutim,249,
274,1035.8695,0.1397,144,85,14,3178,,Db6,,,,,,,,gut_n249_1Db6t_2,3178,,gutim,249,
274,1036.0165,0.3725,144,64,15,3179,,E4,,,,,,,,gut_n249_1E4e,3179,,gutim,249,
274,1036.4087,0.0699,144,49,11,3180,,C#3,,,,,,,,gut_n249_1Cs3x_0,3180,,gutim,249,
274,1036.4822,0.1048,144,62,12,3181,,D4,,,,,,,,gut_n249_1D4x_0,3181,,gutim,249,
274,1036.5925,0.0699,144,49,13,3182,,C#3,,,,,,,,gut_n249_1Cs3x_1,3182,,gutim,249,
274,1036.666,0.0699,144,62,14,3183,,D4,,,,,,,,gut_n249_1D4x_1,3183,,gutim,249,
274,1036.7395999999999,0.0699,144,49,15,3184,,C#3,,,,,,,,gut_n249_1Cs3x_2,3184,,gutim,249,
274,1036.7395999999999,0.0699,144,53,15,3184,,F3,,,,,,,,gut_n249_1F3x_0,3184,,gutim,249,
274,1036.8131,0.1048,144,69,16,3185,,A4,,,,,,,,gut_n249_1A4x,3185,,gutim,249,
274,1036.9234,0.0699,144,53,17,3186,,F3,,,,,,,,gut_n249_1F3x_1,3186,,gutim,249,
274,1036.9969,0.0699,144,81,18,3187,,A5,,,,,,,,gut_n249_1A5x_0,3187,,gutim,249,
274,1037.0705,0.0699,144,47,19,3188,,B2,,,,,,,,gut_n249_1B2x_0,3188,,gutim,249,
274,1037.0705,0.0699,144,49,19,3188,,C#3,,,,,,,,gut_n249_1Cs3x_3,3188,,gutim,249,
274,1037.144,0.1048,144,81,19,3189,,A5,,,,,,,,gut_n249_1A5x_1,3189,,gutim,249,
274,1037.2543,0.1048,144,47,21,3190,,B2,,,,,,,,gut_n249_1B2x_1,3190,,gutim,249,
274,1037.2543,0.1048,144,49,21,3190,,C#3,,,,,,,,gut_n249_1Cs3x_4,3190,,gutim,249,
274,1037.2543,0.1048,144,53,21,3190,,F3,,,,,,,,gut_n249_1F3x_2,3190,,gutim,249,
274,1037.3645999999999,0.2096,144,35,22,3191,,B1,,,,d,,,,gut_n249_1B1t,3191,,gutim,249,
274,1037.4352,0.06,144,41,11,3192,,F2,g,,,d,,,,gut_ng249_5F2e,3192,,gutim,249,
274,1037.5102,0.06,144,60,11,3193,,C4,g,,,d,,,,gut_ng249_1C4e,3193,,gutim,249,
274,1037.5102,0.06,144,93,11,3193,,A6,g,,,d,,,,gut_ng249_5A6e,3193,,gutim,249,
274,1037.5852,0.1674,144,88,8,3194,,E6,,,,D,,,,gut_n249_1E6t,3194,,gutim,249,
274,1037.5852,1.8824,144,63,11,3194,,Eb4,,,,d,,,,gut_n249_5Eb4h,3194,,gutim,249,
274,1037.5852,1.8824,144,67,11,3194,,G4,,,,d,,,,gut_n249_5G4h,3194,,gutim,249,
274,1037.5852,3.451,144,62,22,3194,,D4,,,,D,5987,,,gut_n249_6D4h,3194,,gutim,249,
274,1037.7613,0.1674,144,92,9,3195,,G#6,,,,,,,,gut_n249_1Gs6t,3195,,gutim,249,
274,1037.9375,0.1121,144,93,11,3196,,A6,,,,,,,,gut_n249_1A6t,3196,,gutim,249,
274,1038.0554,0.3347,144,88,11,3197,,E6,,,,,,,,gut_n249_1E6s,3197,,gutim,249,
274,1038.4078,0.3362,144,92,10,3198,,G#6,,,,,,,,gut_n249_1Gs6s,3198,,gutim,249,
274,1038.7616,0.9412,144,48,8,3199,,C3,,,,,,,,gut_n249_1C3q,3199,,gutim,249,
274,1038.7616,0.9412,144,88,8,3199,,E6,,,,,,,,gut_n249_1E6q,3199,,gutim,249,
274,1038.7616,0.9412,144,92,8,3199,,G#6,,,,,,,,gut_n249_1Gs6q,3199,,gutim,249,
,,,,,,,5987,,,,,,,,,,,,gutim,,
,,,,,,,,,,,,,,,,,,275,,,
275,1041.1145999999999,1.8824,144,34,22,3200,,Bb1,,,,,,,,gut_n250_5Bb1h_0,3200,,gutim,250,
275,1041.8989,0.1569,144,49,11,3201,,C#3,,,,,,,,gut_n250_6Cs3e,3201,,gutim,250,
275,1041.8989,0.3137,144,62,11,3201,,D4,,,,,,,,gut_n250_6D4e,3201,,gutim,250,
275,1043.4675,2.8235,144,34,22,3202,,Bb1,,,,d,,,,gut_n250_5Bb1h_1,3202,,gutim,250,
275,1043.6347,0.0712,144,41,11,3203,,F2,g,,,d,,,,gut_ng250_6F2e,3203,,gutim,250,
275,1043.7096999999999,0.0712,144,93,11,3204,,A6,g,,,d,,,,gut_ng250_6A6e,3204,,gutim,250,
275,1043.7847,0.0712,144,60,11,3205,,C4,g,,,d,,,,gut_ng250_6C4e,3205,,gutim,250,
275,1043.8597,0.7451,144,63,11,3206,,Eb4,,,,d,,,,gut_n250_6Eb4q,3206,,gutim,250,
275,1043.8597,0.7451,144,67,11,3206,,G4,,,,d,,,,gut_n250_6G4q,3206,,gutim,250,
275,1045.8205,0.9412,144,54,11,3207,,F#3,,,,d,,,,gut_n250_6Fs3q,3207,,gutim,250,
275,1046.2907,0.565,144,48,11,3208,,C3,,,,D,,,,gut_n250_1C3e,3208,,gutim,250,
275,1046.2907,0.565,144,88,11,3208,,E6,,,,D,,,,gut_n250_1E6e,3208,,gutim,250,
275,1046.2907,0.565,144,92,11,3208,,G#6,,,,D,5988,,,gut_n250_1Gs6e,3208,,gutim,250,
,,,,,,,,,,,,,,,,,,276,,,
276,1046.9969,1.3418,144,88,14,3209,,E6,,,,,,,,gut_n251_1E6q_0,3209,,gutim,251,
276,1046.9969,1.1299,144,92,14,3209,,G#6,,,,,,,,gut_n251_1Gs6q_0,3209,,gutim,251,
276,1046.9969,1.1299,144,93,14,3209,,A6,,,,,,,,gut_n251_1A6q_0,3209,,gutim,251,
276,1048.4093,0.7525,144,88,10,3210,,E6,,,,,,,,gut_n251_1E6q_1,3210,,gutim,251,
276,1048.4093,0.7525,144,92,10,3210,,G#6,,,,,,,,gut_n251_1Gs6q_1,3210,,gutim,251,
276,1048.4093,0.7525,144,93,10,3210,,A6,,,,,,,,gut_n251_1A6q_1,3210,,gutim,251,
276,1049.0557,0.2794,144,44,22,3211,,G#2,,,,,,,,gut_n251_5Gs2s_0,3211,,gutim,251,
276,1049.3499,1.4118,144,69,8,3212,,A4,,,,,,,,gut_n251_1A4q,3212,,gutim,251,
276,1049.3499,1.4118,144,90,8,3212,,F#6,,,,,,,,gut_n251_1Fs6q,3212,,gutim,251,
276,1049.3499,0.5588,144,58,22,3212,,Bb3,,,,,,,,gut_n251_5Bb3e,3212,,gutim,251,
276,1049.9381,0.0699,144,62,20,3213,,D4,,,,,,,,gut_n251_5D4x_0,3213,,gutim,251,
276,1050.0116,0.0699,144,47,21,3214,,B2,,,,,,,,gut_n251_5B2x_0,3214,,gutim,251,
276,1050.0116,0.0699,144,49,21,3214,,C#3,,,,,,,,gut_n251_5Cs3x_0,3214,,gutim,251,
276,1050.0852,0.1048,144,81,21,3215,,A5,,,,,,,,gut_n251_5A5x_0,3215,,gutim,251,
276,1050.1955,0.1048,144,47,22,3216,,B2,,,,,,,,gut_n251_5B2x_1,3216,,gutim,251,
276,1050.1955,0.1048,144,49,22,3216,,C#3,,,,,,,,gut_n251_5Cs3x_1,3216,,gutim,251,
276,1050.1955,0.1048,144,53,22,3216,,F3,,,,,,,,gut_n251_5F3x_0,3216,,gutim,251,
276,1050.3057,0.2096,144,35,23,3217,,B1,,,,,,,,gut_n251_5B1t_0,3217,,gutim,251,
276,1050.5263,0.4706,144,49,24,3218,,C#3,,,,,,,,gut_n251_5Cs3e_0,3218,,gutim,251,
276,1050.5263,0.4706,144,62,24,3218,,D4,,,,,,,,gut_n251_5D4e_0,3218,,gutim,251,
276,1051.1145999999999,0.2353,144,90,22,3219,,F#6,,,,,,,,gut_n251_1Fs6s_0,3219,,gutim,251,
276,1051.1145999999999,0.4706,144,44,22,3219,,G#2,,,,,,,,gut_n251_5Gs2e,3219,,gutim,251,
276,1051.4087,0.2353,144,69,22,3220,,A4,,,,,,,,gut_n251_1A4s_0,3220,,gutim,251,
276,1052.291,0.0699,144,53,20,3221,,F3,,,,,,,,gut_n251_5F3x_1,3221,,gutim,251,
276,1052.291,0.0699,144,69,20,3221,,A4,,,,,,,,gut_n251_5A4x,3221,,gutim,251,
276,1052.3645999999999,0.0699,144,49,20,3222,,C#3,,,,,,,,gut_n251_5Cs3x_2,3222,,gutim,251,
276,1052.3645999999999,0.0699,144,62,20,3222,,D4,,,,,,,,gut_n251_5D4x_1,3222,,gutim,251,
276,1052.4381,0.1048,144,81,21,3223,,A5,,,,,,,,gut_n251_5A5x_1,3223,,gutim,251,
276,1052.5484,0.1048,144,47,21,3224,,B2,,,,,,,,gut_n251_5B2x_2,3224,,gutim,251,
276,1052.5484,0.1048,144,49,21,3224,,C#3,,,,,,,,gut_n251_5Cs3x_3,3224,,gutim,251,
276,1052.5484,0.1048,144,53,21,3224,,F3,,,,,,,,gut_n251_5F3x_2,3224,,gutim,251,
276,1052.6587,0.2096,144,35,21,3225,,B1,,,,,,,,gut_n251_5B1t_1,3225,,gutim,251,
276,1052.8793,0.7059,144,49,22,3226,,C#3,,,,,,,,gut_n251_5Cs3e_1,3226,,gutim,251,
276,1052.8793,0.7059,144,62,22,3226,,D4,,,,,,,,gut_n251_5D4e_1,3226,,gutim,251,
276,1053.4675,0.2353,144,90,22,3227,,F#6,,,,,,,,gut_n251_1Fs6s_1,3227,,gutim,251,
276,1053.7616,0.2353,144,69,22,3228,,A4,,,,,,,,gut_n251_1A4s_1,3228,,gutim,251,
276,1053.7616,0.2353,144,44,22,3228,,G#2,,,,,,,,gut_n251_5Gs2s_1,3228,,gutim,251,
,,,,,,,,,,,,,,,,,,277,,,
277,1054.0557,0.9412,144,58,22,3229,,Bb3,,,,,,,,gut_n252_5Bb3q,3229,,gutim,252,
277,1055.2322,0.9412,144,35,22,3230,,B1,,,,,,,,gut_n252_5B1q,3230,,gutim,252,
277,1055.2322,0.9412,144,37,22,3230,,C#2,,,,,,,,gut_n252_5Cs2q,3230,,gutim,252,
277,1055.2322,0.9412,144,69,22,3230,,A4,,,,,,,,gut_n252_5A4q,3230,,gutim,252,
277,1056.4087,0.3137,144,68,8,3231,,Ab4,,,,,,,,gut_n252_1Ab4e,3231,,gutim,252,
277,1056.4087,0.2353,144,48,11,3231,,C3,,,,,,,,gut_n252_5C3s,3231,,gutim,252,
277,1056.7028,0.7059,144,64,11,3232,,E4,,,,,,,,gut_n252_5E4e_0,3232,,gutim,252,
277,1056.8008,0.3137,144,84,9,3233,,C6,,,,,,,,gut_n252_1C6e,3233,,gutim,252,
277,1057.193,0.1569,144,58,9,3234,,Bb3,,,,,,,,gut_n252_1Bb3s_0,3234,,gutim,252,
277,1057.3891,0.1569,144,68,10,3235,,Ab4,,,,,,,,gut_n252_1Ab4s_0,3235,,gutim,252,
277,1057.5852,0.2353,144,58,10,3236,,Bb3,,,,,,,,gut_n252_1Bb3s_1,3236,,gutim,252,
277,1057.5852,0.2353,144,84,10,3236,,C6,,,,,,,,gut_n252_1C6s,3236,,gutim,252,
277,1057.8793,0.1569,144,68,11,3237,,Ab4,,,,,,,,gut_n252_1Ab4s_1,3237,,gutim,252,
277,1057.9773,0.3137,144,64,11,3238,,E4,,,,,,,,gut_n252_5E4e_1,3238,,gutim,252,
277,1058.0754,0.2353,144,58,11,3239,,Bb3,,,,,,,,gut_n252_1Bb3s_2,3239,,gutim,252,
277,1058.0754,0.2353,144,68,11,3239,,Ab4,,,,,,,,gut_n252_1Ab4s_2,3239,,gutim,252,
277,1058.3695,0.1569,144,68,12,3240,,Ab4,,,,,,,,gut_n252_1Ab4s_3,3240,,gutim,252,
277,1058.3695,0.3137,144,44,11,3240,,G#2,,,,,,,,gut_n252_5Gs2e,3240,,gutim,252,
277,1058.5656,0.1569,144,58,12,3241,,Bb3,,,,,,,,gut_n252_1Bb3s_3,3241,,gutim,252,
277,1058.5656,0.1569,144,68,12,3241,,Ab4,,,,,,,,gut_n252_1Ab4s_4,3241,,gutim,252,
277,1058.5656,0.1569,144,96,12,3241,,C7,,,,,,,,gut_n252_1C7s,3241,,gutim,252,
277,1058.7616,0.0699,144,108,8,3242,,C8,,,,,,,,gut_n252_1C8x,3242,,gutim,252,
277,1058.8352,0.0699,144,64,8,3243,,E4,,,,,,,,gut_n252_1E4x_0,3243,,gutim,252,
277,1058.9087,0.0699,144,73,9,3244,,Db5,,,,,,,,gut_n252_1Db5x_0,3244,,gutim,252,
277,1058.9822,0.0699,144,64,9,3245,,E4,,,,,,,,gut_n252_1E4x_1,3245,,gutim,252,
277,1059.0557,0.1048,144,73,10,3246,,Db5,,,,,,,,gut_n252_1Db5x_1,3246,,gutim,252,
277,1059.166,0.1048,144,64,10,3247,,E4,,,,,,,,gut_n252_1E4x_2,3247,,gutim,252,
277,1059.2763,0.0699,144,73,11,3248,,Db5,,,,,,,,gut_n252_1Db5x_2,3248,,gutim,252,
277,1059.3499,0.1048,144,96,11,3249,,C7,,,,,,,,gut_n252_1C7x_0,3249,,gutim,252,
277,1059.4602,0.1048,144,86,12,3250,,D6,,,,,,,,gut_n252_1D6x,3250,,gutim,252,
277,1059.5459,0.3137,144,81,12,3251,,A5,,,,,,,,gut_n252_5A5e,3251,,gutim,252,
277,1059.5705,0.0699,144,64,13,3252,,E4,,e,,,,,,gut_n252_1E4x_3,3252,,gutim,252,
277,1059.644,0.0699,144,73,13,3253,,Db5,,e,,,,,,gut_n252_1Db5x_3,3253,,gutim,252,
277,1059.7175,0.0699,144,94,13,3254,,Bb6,,e,,,,,,gut_n252_1Bb6x_0,3254,,gutim,252,
277,1059.791,0.0699,144,96,14,3255,,C7,,e,,,,,,gut_n252_1C7x_1,3255,,gutim,252,
277,1059.8645999999999,0.0699,144,64,14,3256,,E4,,e,,,,,,gut_n252_1E4x_4,3256,,gutim,252,
277,1059.9381,0.0699,144,94,15,3257,,Bb6,,e,,,,,,gut_n252_1Bb6x_1,3257,,gutim,252,
277,1060.0116,0.1048,144,56,15,3258,,Ab3,,E,,,,,,gut_n252_1Ab3x,3258,,gutim,252,
277,1060.0116,0.1048,144,64,15,3258,,E4,,E,,,,,,gut_n252_1E4x_5,3258,,gutim,252,
277,1060.1219,0.0699,144,82,16,3259,,Bb5,,,,,,,,gut_n252_1Bb5x_0,3259,,gutim,252,
277,1060.1955,0.0882,144,44,16,3260,,Ab2,,,,,,,,gut_n252_1Ab2x_0,3260,,gutim,252,
277,1060.3057,0.0588,144,82,17,3261,,Bb5,,,,,,,,gut_n252_1Bb5x_1,3261,,gutim,252,
277,1060.3057,0.0588,144,84,17,3261,,C6,,,,,,,,gut_n252_1C6x_0,3261,,gutim,252,
277,1060.3793,0.0882,144,44,17,3262,,Ab2,,,,,,,,gut_n252_1Ab2x_1,3262,,gutim,252,
277,1060.3793,0.0882,144,52,17,3262,,E3,,,,,,,,gut_n252_1E3x_0,3262,,gutim,252,
277,1060.4895999999999,0.0882,144,82,18,3263,,Bb5,,,,,,,,gut_n252_1Bb5x_2,3263,,gutim,252,
277,1060.4895999999999,0.0882,144,84,18,3263,,C6,,,,,,,,gut_n252_1C6x_1,3263,,gutim,252,
277,1060.5999,0.0588,144,32,18,3264,,Ab1,,,,,,,,gut_n252_1Ab1x_0,3264,,gutim,252,
277,1060.6734,0.0882,144,61,19,3265,,Db4,,e,,,,,,gut_n252_1Db4x_0,3265,,gutim,252,
277,1060.7837,0.0882,144,52,19,3266,,E3,,e,,,,,,gut_n252_1E3x_1,3266,,gutim,252,
277,1060.7837,0.0882,144,61,19,3266,,Db4,,e,,,,,,gut_n252_1Db4x_1,3266,,gutim,252,
277,1060.894,0.0882,144,32,20,3267,,Ab1,,e,,,,,,gut_n252_1Ab1x_1,3267,,gutim,252,
277,1061.0043,0.0882,144,44,20,3268,,Ab2,,e,,,,,,gut_n252_1Ab2x_2,3268,,gutim,252,
277,1061.0043,0.0882,144,82,20,3268,,Bb5,,E,5988,,,,,gut_n252_1Bb5x_3,3268,,gutim,252,
,,,,,,,5988,,,,,,,,,,,,gutim,,
,,,,,,,,,,,,,,,,,,278,,,
278,1061.1145999999999,2.1961,144,84,22,3269,,C6,,,,d,,,,gut_n253_1C6h,3269,,gutim,253,
278,1061.1145999999999,1.2549,144,63,11,3269,,Eb4,,,,D,,,,gut_n253_5Eb4h,3269,,gutim,253,
278,1061.1145999999999,1.2549,144,67,11,3269,,G4,,,,D,,,,gut_n253_5G4h,3269,,gutim,253,
278,1062.6832,0.1569,144,63,18,3270,,Eb4,,,,,,,,gut_n253_5Eb4s,3270,,gutim,253,
278,1062.6832,0.1569,144,67,18,3270,,G4,,,,,,,,gut_n253_5G4s,3270,,gutim,253,
278,1062.6832,0.1569,144,97,18,3270,,C#7,,,,,,,,gut_n253_5Cs7s,3270,,gutim,253,
278,1062.6832,0.1569,144,105,18,3270,,A7,,,,,,,,gut_n253_5A7s,3270,,gutim,253,
278,1062.8793,0.4706,144,63,19,3271,,Eb4,,,,,,,,gut_n253_5Eb4e,3271,,gutim,253,
278,1062.8793,0.4706,144,66,19,3271,,F#4,,,,,,,,gut_n253_5Fs4e,3271,,gutim,253,
278,1062.8793,0.4706,144,67,19,3271,,G4,,,,,,,,gut_n253_5G4e,3271,,gutim,253,
278,1062.8793,0.4706,144,87,19,3271,,Eb6,,,,,,,,gut_n253_5Eb6e,3271,,gutim,253,
278,1063.4675,1.8824,144,35,22,3272,,B1,,,,d,,,,gut_n253_5B1h,3272,,gutim,253,
278,1063.4675,1.8824,144,37,22,3272,,C#2,,,,d,,,,gut_n253_5Cs2h,3272,,gutim,253,
278,1063.4675,1.8824,144,50,22,3272,,D3,,,,d,,,,gut_n253_5D3h,3272,,gutim,253,
278,1063.4675,1.8824,144,69,22,3272,,A4,,,,d,,,,gut_n253_5A4h,3272,,gutim,253,
278,1063.8597,0.9412,144,61,22,3273,,Db4,,,,d,,,,gut_n253_1Db4q_0,3273,,gutim,253,
278,1063.8597,0.9412,144,84,22,3273,,C6,,,,d,,,,gut_n253_1C6q_0,3273,,gutim,253,
278,1065.0361,0.1237,144,84,11,3274,,C6,,,,D,,,,gut_n253_1C6t,3274,,gutim,253,
278,1065.1663,0.1237,144,52,12,3275,,E3,,,,,,,,gut_n253_1E3t,3275,,gutim,253,
278,1065.1663,0.1237,144,61,12,3275,,Db4,,,,,,,,gut_n253_1Db4t,3275,,gutim,253,
278,1065.2966,0.1237,144,44,14,3276,,Ab2,,,,,,,,gut_n253_1Ab2t,3276,,gutim,253,
278,1065.4268,0.374,144,82,15,3277,,Bb5,,,,,,,,gut_n253_1Bb5s,3277,,gutim,253,
278,1065.8205,0.1176,144,35,22,3278,,B1,,,,,,,,gut_n253_5B1t,3278,,gutim,253,
278,1065.8205,0.1176,144,37,22,3278,,C#2,,,,,,,,gut_n253_5Cs2t,3278,,gutim,253,
278,1065.8205,0.1176,144,50,22,3278,,D3,,,,,,,,gut_n253_5D3t,3278,,gutim,253,
278,1065.8205,0.1176,144,69,22,3278,,A4,,,,,,,,gut_n253_5A4t,3278,,gutim,253,
278,1065.9675,0.8235,144,101,22,3279,,F7,,,,,,,,gut_n253_1F7e,3279,,gutim,253,
278,1065.9675,0.4706,144,50,22,3279,,D3,,,,,,,,gut_n253_5D3e,3279,,gutim,253,
278,1066.7028,0.2353,144,45,22,3280,,A2,,,,,,,,gut_n253_5A2s,3280,,gutim,253,
278,1066.9969,0.3725,144,60,22,3281,,C4,,,,,,,,gut_n253_1C4e,3281,,gutim,253,
278,1066.9969,0.3725,144,69,22,3281,,A4,,,,,,,,gut_n253_1A4e,3281,,gutim,253,
278,1066.9969,0.3725,144,90,22,3281,,F#6,,,,,,,,gut_n253_1Fs6e,3281,,gutim,253,
278,1067.3891,0.7451,144,61,22,3282,,Db4,,,,,,,,gut_n253_1Db4q_1,3282,,gutim,253,
278,1067.3891,0.7451,144,84,22,3282,,C6,,,,,,,,gut_n253_1C6q_1,3282,,gutim,253,
278,1067.9773,0.1569,144,49,22,3283,,C#3,,,,,,,,gut_n253_5Cs3s,3283,,gutim,253,
278,1067.9773,0.1569,144,62,22,3283,,D4,,,,,,,,gut_n253_5D4s,3283,,gutim,253,
,,,,,,,,,,,,,,,,,,279,,,
279,1068.1734,0.4706,144,97,22,3284,,C#7,,,,,,,,gut_n254_1Cs7e,3284,,gutim,254,
279,1068.1734,0.4706,144,58,22,3284,,Bb3,,,,,,,,gut_n254_5Bb3e,3284,,gutim,254,
279,1068.7616,0.1176,144,50,22,3285,,D3,,,,,,,,gut_n254_5D3t_0,3285,,gutim,254,
279,1068.9087,0.3529,144,101,22,3286,,F7,,,,,,,,gut_n254_1F7s,3286,,gutim,254,
279,1068.9087,0.3529,144,50,22,3286,,D3,,,,,,,,gut_n254_5D3s_0,3286,,gutim,254,
279,1069.3499,0.1176,144,60,22,3287,,C4,,,,,,,,gut_n254_5C4t_0,3287,,gutim,254,
279,1069.3499,0.1176,144,69,22,3287,,A4,,,,,,,,gut_n254_5A4t_0,3287,,gutim,254,
279,1069.4969,0.3529,144,40,22,3288,,E2,,,,,,,,gut_n254_5E2s,3288,,gutim,254,
279,1069.9381,0.4706,144,40,22,3289,,E2,,,,,,,,gut_n254_5E2e_0,3289,,gutim,254,
279,1069.9381,0.4706,144,44,22,3289,,G#2,,,,,,,,gut_n254_5Gs2e_0,3289,,gutim,254,
279,1069.9381,0.4706,144,60,22,3289,,C4,,,,,,,,gut_n254_5C4e,3289,,gutim,254,
279,1069.9381,0.4706,144,69,22,3289,,A4,,,,,,,,gut_n254_5A4e,3289,,gutim,254,
279,1070.1342,0.3137,144,61,22,3290,,Db4,,,,,,,,gut_n254_1Db4e,3290,,gutim,254,
279,1070.1342,0.3137,144,84,22,3290,,C6,,,,,,,,gut_n254_1C6e,3290,,gutim,254,
279,1070.5263,0.1176,144,40,22,3291,,E2,,e,,,,,,gut_n254_5E2t_0,3291,,gutim,254,
279,1070.5263,0.1176,144,44,22,3291,,G#2,,e,,,,,,gut_n254_5Gs2t_0,3291,,gutim,254,
279,1070.5263,0.1176,144,60,22,3291,,C4,,e,,,,,,gut_n254_5C4t_1,3291,,gutim,254,
279,1070.5263,0.1176,144,69,22,3291,,A4,,e,,,,,,gut_n254_5A4t_1,3291,,gutim,254,
279,1070.6734,0.2353,144,90,22,3292,,F#6,,,,,,,,gut_n254_1Fs6s_0,3292,,gutim,254,
279,1070.6734,0.1176,144,37,22,3292,,C#2,,e,,,,,,gut_n254_5Cs2t_0,3292,,gutim,254,
279,1070.6734,0.1176,144,50,22,3292,,D3,,e,,,,,,gut_n254_5D3t_1,3292,,gutim,254,
279,1070.8205,0.1176,144,35,22,3293,,B1,,e,,,,,,gut_n254_5B1t_0,3293,,gutim,254,
279,1070.9675,0.1176,144,101,22,3294,,F7,,E,,,,,,gut_n254_1F7t_0,3294,,gutim,254,
279,1070.9675,0.4706,144,50,22,3294,,D3,,,,,,,,gut_n254_5D3t_2,3294,,gutim,254,
279,1071.5557,0.1176,144,101,22,3295,,F7,,,,,,,,gut_n254_1F7t_1,3295,,gutim,254,
279,1071.5557,0.1176,144,35,22,3295,,B1,,,,,,,,gut_n254_5B1t_1,3295,,gutim,254,
279,1071.5557,0.1176,144,37,22,3295,,C#2,,,,,,,,gut_n254_5Cs2t_1,3295,,gutim,254,
279,1071.5557,0.1176,144,50,22,3295,,D3,,,,,,,,gut_n254_5D3t_3,3295,,gutim,254,
279,1071.7028,0.8235,144,34,22,3296,,Bb1,,,,,,,,gut_n254_5Bb1e_0,3296,,gutim,254,
279,1072.095,0.1569,144,61,22,3297,,Db4,,,,,,,,gut_n254_1Db4s,3297,,gutim,254,
279,1072.095,0.1569,144,84,22,3297,,C6,,,,,,,,gut_n254_1C6s_0,3297,,gutim,254,
279,1072.291,0.3529,144,60,22,3298,,C4,,,,,,,,gut_n254_1C4s,3298,,gutim,254,
279,1072.291,0.3529,144,69,22,3298,,A4,,,,,,,,gut_n254_1A4s,3298,,gutim,254,
279,1072.291,0.3529,144,90,22,3298,,F#6,,,,,,,,gut_n254_1Fs6s_1,3298,,gutim,254,
279,1072.7322,0.1176,144,60,22,3299,,C4,,,,,,,,gut_n254_1C4t_0,3299,,gutim,254,
279,1072.7322,0.1176,144,69,22,3299,,A4,,,,,,,,gut_n254_1A4t_0,3299,,gutim,254,
279,1072.7322,0.1176,144,40,22,3299,,E2,,,,,,,,gut_n254_5E2t_1,3299,,gutim,254,
279,1072.7322,0.1176,144,44,22,3299,,G#2,,,,,,,,gut_n254_5Gs2t_1,3299,,gutim,254,
279,1072.8793,0.3137,144,34,22,3300,,Bb1,,,,,,,,gut_n254_5Bb1e_1,3300,,gutim,254,
279,1073.2714,0.1569,144,81,22,3301,,A5,,,,,,,,gut_n254_1A5s,3301,,gutim,254,
279,1073.2714,0.1569,144,49,22,3301,,C#3,,,,,,,,gut_n254_5Cs3s,3301,,gutim,254,
279,1073.2714,0.1569,144,62,22,3301,,D4,,,,,,,,gut_n254_5D4s,3301,,gutim,254,
279,1073.4675,0.1176,144,60,22,3302,,C4,,,,,,,,gut_n254_1C4t_1,3302,,gutim,254,
279,1073.4675,0.1176,144,69,22,3302,,A4,,,,,,,,gut_n254_1A4t_1,3302,,gutim,254,
279,1073.4675,0.4706,144,40,22,3302,,E2,,,,,,,,gut_n254_5E2e_1,3302,,gutim,254,
279,1073.4675,0.4706,144,44,22,3302,,G#2,,,,,,,,gut_n254_5Gs2e_1,3302,,gutim,254,
279,1073.6145999999999,0.3529,144,90,22,3303,,F#6,,,,,,,,gut_n254_1Fs6s_2,3303,,gutim,254,
279,1074.4479,0.1569,144,63,14,3304,,Eb4,,,,,,,,gut_n254_1Eb4s,3304,,gutim,254,
279,1074.4479,0.1569,144,67,14,3304,,G4,,,,,,,,gut_n254_1G4s,3304,,gutim,254,
279,1074.4479,0.1569,144,84,14,3304,,C6,,,,,,,,gut_n254_1C6s_1,3304,,gutim,254,
279,1074.4479,0.1569,144,93,14,3304,,A6,,,,,,,,gut_n254_1A6s,3304,,gutim,254,
279,1074.644,0.3137,144,63,15,3305,,Eb4,,,,,,,,gut_n254_1Eb4e,3305,,gutim,254,
279,1074.644,0.3137,144,66,15,3305,,F#4,,,,,,,,gut_n254_1Fs4e,3305,,gutim,254,
279,1074.644,0.3137,144,67,15,3305,,G4,,,,,,,,gut_n254_1G4e,3305,,gutim,254,
279,1074.644,0.3137,144,87,15,3305,,Eb6,,,,,,,,gut_n254_1Eb6e,3305,,gutim,254,
279,1074.742,0.0784,144,69,22,3306,,A4,,e,,d,,,,gut_n254_5A4t_2,3306,,gutim,254,
279,1074.8401,0.0784,144,37,22,3307,,C#2,,e,,d,,,,gut_n254_5Cs2t_2,3307,,gutim,254,
279,1074.9381,0.0784,144,35,22,3308,,B1,,e,,d,,,,gut_n254_5B1t_2,3308,,gutim,254,
279,1075.0361,0.0784,144,50,22,3309,,D3,,e,,d,,,,gut_n254_5D3t_4,3309,,gutim,254,
279,1075.1342,0.0784,144,101,22,3310,,F7,,,,,,,,gut_n254_1F7t_2,3310,,gutim,254,
279,1075.1342,0.0784,144,35,22,3310,,B1,,e,,d,,,,gut_n254_5B1t_3,3310,,gutim,254,
279,1075.1342,0.0784,144,37,22,3310,,C#2,,e,,d,,,,gut_n254_5Cs2t_3,3310,,gutim,254,
,,,,,,,,,,,,,,,,,,280,,,
280,1075.2322,0.3137,144,90,22,3311,,F#6,,,,,,,,gut_n255_1Fs6e_0,3311,,gutim,255,
280,1075.2322,0.4706,144,40,22,3311,,E2,,E,,d,,,,gut_n255_5E2e_0,3311,,gutim,255,
280,1075.2322,0.4706,144,44,22,3311,,G#2,,E,,d,,,,gut_n255_5Gs2e_0,3311,,gutim,255,
280,1075.6244,0.3137,144,61,22,3312,,Db4,,,,,,,,gut_n255_1Db4e,3312,,gutim,255,
280,1075.6244,0.3137,144,84,22,3312,,C6,,,,,,,,gut_n255_1C6e,3312,,gutim,255,
280,1075.8205,0.0368,144,40,22,3313,,E2,,e,,,,,,gut_n255_5E2t,3313,,gutim,255,
280,1075.8205,0.1176,144,44,22,3313,,G#2,,e,,,,,,gut_n255_5Gs2t,3313,,gutim,255,
280,1075.8205,0.1176,144,60,22,3313,,C4,,e,,,,,,gut_n255_5C4t,3313,,gutim,255,
280,1075.8205,0.1176,144,69,22,3313,,A4,,e,,,,,,gut_n255_5A4t_0,3313,,gutim,255,
280,1075.9675,0.1176,144,69,22,3314,,A4,,e,,,,,,gut_n255_5A4t_1,3314,,gutim,255,
280,1076.1145999999999,0.1176,144,35,22,3315,,B1,,e,,,,,,gut_n255_5B1t_0,3315,,gutim,255,
280,1076.2616,0.1176,144,37,22,3316,,C#2,,e,,,,,,gut_n255_5Cs2t_0,3316,,gutim,255,
280,1076.2616,0.1176,144,50,22,3316,,D3,,e,,,,,,gut_n255_5D3t_0,3316,,gutim,255,
280,1076.4087,0.3529,144,97,22,3317,,C#7,,,,,,,,gut_n255_1Cs7s,3317,,gutim,255,
280,1076.4087,0.3137,144,58,22,3317,,Bb3,,E,,,,,,gut_n255_5Bb3e,3317,,gutim,255,
280,1076.8499,0.1176,144,60,22,3318,,C4,,,,,,,,gut_n255_1C4t_0,3318,,gutim,255,
280,1076.8499,0.1176,144,69,22,3318,,A4,,,,,,,,gut_n255_1A4t_0,3318,,gutim,255,
280,1076.8499,0.1176,144,90,22,3318,,F#6,,,,,,,,gut_n255_1Fs6t_0,3318,,gutim,255,
280,1076.9969,0.4706,144,60,22,3319,,C4,,,,,,,,gut_n255_1C4e_0,3319,,gutim,255,
280,1076.9969,0.4706,144,69,22,3319,,A4,,,,,,,,gut_n255_1A4e_0,3319,,gutim,255,
280,1076.9969,0.4706,144,90,22,3319,,F#6,,,,,,,,gut_n255_1Fs6e_1,3319,,gutim,255,
280,1076.9969,0.4706,144,101,22,3319,,F7,,,,,,,,gut_n255_1F7e,3319,,gutim,255,
280,1077.193,0.1569,144,53,22,3320,,F3,,,,,,,,gut_n255_5F3s_0,3320,,gutim,255,
280,1077.3891,0.1569,144,23,22,3321,,B0,,,,,,,,gut_n255_5B0s,3321,,gutim,255,
280,1077.5852,0.6275,144,81,22,3322,,A5,,,,,,,,gut_n255_1A5q,3322,,gutim,255,
280,1077.5852,0.3137,144,49,22,3322,,C#3,,,,,,,,gut_n255_5Cs3e_0,3322,,gutim,255,
280,1077.5852,0.3137,144,53,22,3322,,F3,,,,,,,,gut_n255_5F3e_0,3322,,gutim,255,
280,1077.5852,0.3137,144,62,22,3322,,D4,,,,,,,,gut_n255_5D4e_0,3322,,gutim,255,
280,1077.9773,0.4706,144,23,22,3323,,B0,,,,,,,,gut_n255_5B0e,3323,,gutim,255,
280,1078.5656,0.1569,144,81,22,3324,,A5,,,,,,,,gut_n255_1A5s_0,3324,,gutim,255,
280,1078.5656,0.1569,144,49,22,3324,,C#3,,,,,,,,gut_n255_5Cs3s_0,3324,,gutim,255,
280,1078.5656,0.1569,144,53,22,3324,,F3,,,,,,,,gut_n255_5F3s_1,3324,,gutim,255,
280,1078.5656,0.1569,144,62,22,3324,,D4,,,,,,,,gut_n255_5D4s_0,3324,,gutim,255,
280,1078.7616,0.6275,144,23,22,3325,,B0,,,,,,,,gut_n255_5B0q_0,3325,,gutim,255,
280,1079.3499,0.1176,144,35,22,3326,,B1,,,,,,,,gut_n255_1B1t,3326,,gutim,255,
280,1079.3499,0.1176,144,37,22,3326,,C#2,,,,,,,,gut_n255_1Cs2t,3326,,gutim,255,
280,1079.3499,0.1176,144,50,22,3326,,D3,,,,,,,,gut_n255_1D3t,3326,,gutim,255,
280,1079.3499,0.1176,144,69,22,3326,,A4,,,,,,,,gut_n255_1A4t_1,3326,,gutim,255,
280,1079.4969,0.1176,144,40,22,3327,,E2,,,,,,,,gut_n255_1E2t,3327,,gutim,255,
280,1079.4969,0.1176,144,44,22,3327,,G#2,,,,,,,,gut_n255_1Gs2t,3327,,gutim,255,
280,1079.4969,0.1176,144,60,22,3327,,C4,,,,,,,,gut_n255_1C4t_1,3327,,gutim,255,
280,1079.4969,0.1176,144,69,22,3327,,A4,,,,,,,,gut_n255_1A4t_2,3327,,gutim,255,
280,1079.742,0.1569,144,81,22,3328,,A5,,,,,,,,gut_n255_1A5s_1,3328,,gutim,255,
280,1079.742,0.1569,144,49,22,3328,,C#3,,,,,,,,gut_n255_5Cs3s_1,3328,,gutim,255,
280,1079.742,0.1569,144,53,22,3328,,F3,,,,,,,,gut_n255_5F3s_2,3328,,gutim,255,
280,1079.742,0.1569,144,62,22,3328,,D4,,,,,,,,gut_n255_5D4s_1,3328,,gutim,255,
280,1079.9381,0.3137,144,34,22,3329,,Bb1,,,,,,,,gut_n255_5Bb1e,3329,,gutim,255,
280,1079.9381,0.3137,144,49,22,3329,,C#3,,,,,,,,gut_n255_5Cs3e_1,3329,,gutim,255,
280,1079.9381,0.3137,144,53,22,3329,,F3,,,,,,,,gut_n255_5F3e_1,3329,,gutim,255,
280,1079.9381,0.3137,144,62,22,3329,,D4,,,,,,,,gut_n255_5D4e_1,3329,,gutim,255,
280,1080.3303,0.6275,144,23,22,3330,,B0,,,,,,,,gut_n255_5B0q_1,3330,,gutim,255,
280,1080.6734,0.1176,144,60,22,3331,,C4,,,,,,,,gut_n255_1C4t_2,3331,,gutim,255,
280,1080.6734,0.1176,144,69,22,3331,,A4,,,,,,,,gut_n255_1A4t_3,3331,,gutim,255,
280,1080.6734,0.1176,144,90,22,3331,,F#6,,,,,,,,gut_n255_1Fs6t_1,3331,,gutim,255,
280,1080.8205,0.2353,144,60,22,3332,,C4,,,,,,,,gut_n255_1C4s,3332,,gutim,255,
280,1080.8205,0.2353,144,69,22,3332,,A4,,,,,,,,gut_n255_1A4s,3332,,gutim,255,
280,1080.8205,0.2353,144,90,22,3332,,F#6,,,,,,,,gut_n255_1Fs6s,3332,,gutim,255,
280,1080.8205,0.2353,144,101,22,3332,,F7,,,,,,,,gut_n255_1F7s,3332,,gutim,255,
280,1081.1146,0.3137,144,60,22,3333,,C4,,,,,,,,gut_n255_1C4e_1,3333,,gutim,255,
280,1081.1146,0.3137,144,69,22,3333,,A4,,,,,,,,gut_n255_1A4e_1,3333,,gutim,255,
280,1081.1146,0.4706,144,40,22,3333,,E2,,,,,,,,gut_n255_5E2e_1,3333,,gutim,255,
280,1081.1146,0.4706,144,44,22,3333,,G#2,,,,,,,,gut_n255_5Gs2e_1,3333,,gutim,255,
280,1081.5067000000001,0.6275,144,61,22,3334,,Db4,,,,,,,,gut_n255_1Db4q,3334,,gutim,255,
280,1081.5067000000001,0.6275,144,84,22,3334,,C6,,,,,,,,gut_n255_1C6q,3334,,gutim,255,
280,1081.8499,0.1176,144,69,22,3335,,A4,,,,,,,,gut_n255_5A4t_2,3335,,gutim,255,
280,1081.9969,0.1176,144,35,22,3336,,B1,,,,,,,,gut_n255_5B1t_1,3336,,gutim,255,
280,1082.144,0.1176,144,37,22,3337,,C#2,,,,,,,,gut_n255_5Cs2t_1,3337,,gutim,255,
280,1082.144,0.1176,144,50,22,3337,,D3,,,,,,,,gut_n255_5D3t_1,3337,,gutim,255,
,,,,,,,,,,,,,,,,,,281,,,
281,1082.291,0.3137,144,35,22,3338,,B1,,,,,,,,gut_n256_5B1e,3338,,gutim,256,
281,1082.291,0.3137,144,37,22,3338,,C#2,,,,,,,,gut_n256_5Cs2e,3338,,gutim,256,
281,1082.291,0.3137,144,50,22,3338,,D3,,,,,,,,gut_n256_5D3e,3338,,gutim,256,
281,1082.6832,0.6275,144,61,22,3339,,Db4,,,,,,,,gut_n256_1Db4q_0,3339,,gutim,256,
281,1082.6832,0.6275,144,84,22,3339,,C6,,,,,,,,gut_n256_1C6q_0,3339,,gutim,256,
281,1083.0754,0.1569,144,53,22,3340,,F3,,,,,,,,gut_n256_5F3s,3340,,gutim,256,
281,1083.2714,0.1569,144,23,22,3341,,B0,,,,,,,,gut_n256_5B0s,3341,,gutim,256,
281,1083.5656000000001,0.0931,144,69,22,3342,,A4,,e,,d,,,,gut_n256_5A4t_0,3342,,gutim,256,
281,1083.6636,0.0931,144,37,22,3343,,C#2,,e,,d,,,,gut_n256_5Cs2t_0,3343,,gutim,256,
281,1083.7616,0.0931,144,35,22,3344,,B1,,e,,d,,,,gut_n256_5B1t_0,3344,,gutim,256,
281,1083.8597,0.0931,144,50,22,3345,,D3,,e,,d,,,,gut_n256_5D3t_0,3345,,gutim,256,
281,1083.9577000000002,0.0931,144,35,22,3346,,B1,,e,,d,,,,gut_n256_5B1t_1,3346,,gutim,256,
281,1083.9577000000002,0.0931,144,37,22,3346,,C#2,,E,5989,d,,,,gut_n256_5Cs2t_1,3346,,gutim,256,
281,1084.2028,0.1176,144,40,22,3347,,E2,,,,,,,,gut_n256_5E2t_0,3347,,gutim,256,
281,1084.2028,0.1176,144,44,22,3347,,G#2,,,,,,,,gut_n256_5Gs2t_0,3347,,gutim,256,
281,1084.3499,0.2353,144,40,22,3348,,E2,,,,,,,,gut_n256_5E2s_0,3348,,gutim,256,
281,1084.3499,0.2353,144,44,22,3348,,G#2,,,,,,,,gut_n256_5Gs2s_0,3348,,gutim,256,
281,1084.3499,0.2353,144,60,22,3348,,C4,,,,,,,,gut_n256_5C4s_0,3348,,gutim,256,
281,1084.3499,0.2353,144,69,22,3348,,A4,,,,,,,,gut_n256_5A4s_0,3348,,gutim,256,
281,1084.644,0.4706,144,34,22,3349,,Bb1,,,,,,,,gut_n256_5Bb1e,3349,,gutim,256,
281,1085.0361,0.6275,144,61,22,3350,,Db4,,,,,,,,gut_n256_1Db4q_1,3350,,gutim,256,
281,1085.0361,0.6275,144,84,22,3350,,C6,,,,,,,,gut_n256_1C6q_1,3350,,gutim,256,
281,1085.3793,0.1176,144,35,22,3351,,B1,,,,,,,,gut_n256_5B1t_2,3351,,gutim,256,
281,1085.3793,0.1176,144,37,22,3351,,C#2,,,,,,,,gut_n256_5Cs2t_2,3351,,gutim,256,
281,1085.3793,0.1176,144,50,22,3351,,D3,,,,,,,,gut_n256_5D3t_1,3351,,gutim,256,
281,1085.3793,0.1176,144,69,22,3351,,A4,,,,,,,,gut_n256_5A4t_1,3351,,gutim,256,
281,1085.5263,0.2353,144,40,22,3352,,E2,,,,,,,,gut_n256_5E2s_1,3352,,gutim,256,
281,1085.5263,0.2353,144,44,22,3352,,G#2,,,,,,,,gut_n256_5Gs2s_1,3352,,gutim,256,
281,1085.5263,0.2353,144,60,22,3352,,C4,,,,,,,,gut_n256_5C4s_1,3352,,gutim,256,
281,1085.5263,0.2353,144,69,22,3352,,A4,,,,,,,,gut_n256_5A4s_1,3352,,gutim,256,
281,1085.8205,0.3137,144,58,22,3353,,Bb3,,,,,,,,gut_n256_1Bb3e,3353,,gutim,256,
281,1085.8205,0.3137,144,97,22,3353,,Db7,,,,,,,,gut_n256_1Db7e_0,3353,,gutim,256,
281,1086.2126,0.6275,144,52,22,3354,,E3,,,,,,,,gut_n256_1E3q,3354,,gutim,256,
281,1086.2126,0.6275,144,61,22,3354,,C#4,,,,,,,,gut_n256_1Cs4q,3354,,gutim,256,
281,1086.2126,0.6275,144,84,22,3354,,C6,,,,,,,,gut_n256_1C6q_2,3354,,gutim,256,
281,1086.4087,0.1121,144,64,22,3355,,E4,,,,d,,,,gut_n256_5E4t,3355,,gutim,256,
281,1086.5266000000001,0.2241,144,54,22,3356,,F#3,,,,d,,,,gut_n256_5Fs3s,3356,,gutim,256,
281,1086.7626,0.1121,144,69,22,3357,,A4,,,,d,,,,gut_n256_5A4t_2,3357,,gutim,256,
281,1086.8805,0.1121,144,68,22,3358,,G#4,,,,d,,,,gut_n256_5Gs4t,3358,,gutim,256,
281,1086.9969,0.3137,144,97,22,3359,,Db7,,,,d,,,,gut_n256_1Db7e_1,3359,,gutim,256,
281,1086.9985000000001,0.3137,144,52,22,3360,,E3,,,,d,,,,gut_n256_5E3e,3360,,gutim,256,
281,1086.9985000000001,0.3137,144,58,22,3360,,Bb3,,,,d,,,,gut_n256_5Bb3e,3360,,gutim,256,
281,1087.3891,0.1569,144,84,22,3361,,C6,,,,d,,,,gut_n256_1C6s_0,3361,,gutim,256,
281,1087.3906,0.1556,144,52,22,3361,,E3,,,,d,,,,gut_n256_5E3s_0,3361,,gutim,256,
281,1087.3906,0.1556,144,61,22,3361,,C#4,,,,d,,,,gut_n256_5Cs4s,3361,,gutim,256,
281,1087.5852,0.4706,144,97,22,3362,,Db7,,,,D,5989,,,gut_n256_1Db7e_2,3362,,gutim,256,
281,1087.5852,0.2353,144,52,22,3362,,E3,,,,,,,,gut_n256_5E3s_1,3362,,gutim,256,
281,1087.5852,0.2353,144,58,22,3362,,Bb3,,,,,,,,gut_n256_5Bb3s,3362,,gutim,256,
281,1087.8793,0.1176,144,40,22,3363,,E2,,,,,,,,gut_n256_5E2t_1,3363,,gutim,256,
281,1087.8793,0.1176,144,44,22,3363,,G#2,,,,,,,,gut_n256_5Gs2t_1,3363,,gutim,256,
281,1088.0263,0.1176,144,60,22,3364,,C4,,,,,,,,gut_n256_5C4t,3364,,gutim,256,
281,1088.0263,0.1176,144,69,22,3364,,A4,,,,,,,,gut_n256_5A4t_3,3364,,gutim,256,
281,1088.1734000000001,0.1863,144,68,22,3365,,Ab4,,,,,,,,gut_n256_1Ab4s,3365,,gutim,256,
281,1088.3695,0.1863,144,84,22,3366,,C6,,,,,,,,gut_n256_1C6s_1,3366,,gutim,256,
281,1088.5656000000001,0.0931,144,58,22,3367,,Bb3,,,,,,,,gut_n256_1Bb3t_0,3367,,gutim,256,
281,1088.6636,0.0931,144,68,22,3368,,Ab4,,,,,,,,gut_n256_1Ab4t_0,3368,,gutim,256,
281,1088.7616,0.1397,144,58,22,3369,,Bb3,,,,,,,,gut_n256_1Bb3t_1,3369,,gutim,256,
281,1088.7616,0.1397,144,84,22,3369,,C6,,,,,,,,gut_n256_1C6t,3369,,gutim,256,
281,1088.9087,0.1397,144,68,22,3370,,Ab4,,,,,,,,gut_n256_1Ab4t_1,3370,,gutim,256,
281,1089.0557000000001,0.0931,144,58,22,3371,,Bb3,,,,,,,,gut_n256_1Bb3t_2,3371,,gutim,256,
281,1089.1538,0.0931,144,68,22,3372,,Ab4,,,,,,,,gut_n256_1Ab4t_2,3372,,gutim,256,
281,1089.2518,0.0931,144,58,22,3373,,Bb3,,,,,,,,gut_n256_1Bb3t_3,3373,,gutim,256,
,,,,,,,5989,,,,,,,,,,,,gutim,,
,,,,,,,,,,,,,,,,,,282,,,
282,1089.3499,0.2353,144,60,22,3374,,C4,,,,,,,,gut_n257_1C4s,3374,,gutim,257,
282,1089.3499,0.2353,144,61,22,3374,,Db4,,,,,,,,gut_n257_1Db4s,3374,,gutim,257,
282,1089.3499,0.2353,144,69,22,3374,,A4,,,,,,,,gut_n257_1A4s,3374,,gutim,257,
282,1089.3499,0.0931,144,35,20,3374,,B1,,e,,,,,,gut_n257_5B1t_0,3374,,gutim,257,
282,1089.4479000000001,0.0931,144,58,19,3375,,Bb3,,e,,,,,,gut_n257_5Bb3t_0,3375,,gutim,257,
282,1089.5459,0.0931,144,44,18,3376,,Ab2,,e,,,,,,gut_n257_5Ab2t_0,3376,,gutim,257,
282,1089.644,0.0931,144,58,17,3377,,Bb3,,e,,,,,,gut_n257_5Bb3t_1,3377,,gutim,257,
282,1089.742,0.0931,144,44,17,3378,,Ab2,,e,,,,,,gut_n257_5Ab2t_1,3378,,gutim,257,
282,1089.8401000000001,0.0931,144,58,16,3379,,Bb3,,e,,,,,,gut_n257_5Bb3t_2,3379,,gutim,257,
282,1089.9381,0.0931,144,44,15,3380,,Ab2,,e,,,,,,gut_n257_5Ab2t_2,3380,,gutim,257,
282,1090.0361,0.0931,144,26,14,3381,,D1,,e,,,,,,gut_n257_5D1t,3381,,gutim,257,
282,1090.1342,0.0784,144,58,14,3382,,Bb3,,e,,,,,,gut_n257_5Bb3t_3,3382,,gutim,257,
282,1090.2322000000001,0.2353,144,26,14,3383,,D1,,E,,,,,,gut_n257_5D1s,3383,,gutim,257,
282,1090.2322000000001,0.2353,144,35,14,3383,,B1,,E,,,,,,gut_n257_5B1s,3383,,gutim,257,
282,1090.2322000000001,0.2353,144,44,14,3383,,Ab2,,E,5990,,,,,gut_n257_5Ab2s,3383,,gutim,257,
282,1090.9185,0.1569,144,52,22,3384,,E3,,,,,,,,gut_n257_1E3s_0,3384,,gutim,257,
282,1090.9185,0.1569,144,61,22,3384,,C#4,,,,,,,,gut_n257_1Cs4s_0,3384,,gutim,257,
282,1090.9185,0.1569,144,84,22,3384,,C6,,,,,,,,gut_n257_1C6s_0,3384,,gutim,257,
282,1091.1146,0.4706,144,52,22,3385,,E3,,,,,,,,gut_n257_1E3e,3385,,gutim,257,
282,1091.1146,0.4706,144,58,22,3385,,Bb3,,,,,,,,gut_n257_1Bb3e,3385,,gutim,257,
282,1091.1146,0.4706,144,97,22,3385,,C#7,,,,,,,,gut_n257_1Cs7e,3385,,gutim,257,
282,1091.4087,0.1176,144,40,22,3386,,E2,,,,,,,,gut_n257_5E2t_0,3386,,gutim,257,
282,1091.4087,0.1176,144,44,22,3386,,G#2,,,,,,,,gut_n257_5Gs2t_0,3386,,gutim,257,
282,1091.5557000000001,0.1176,144,35,22,3387,,B1,,,,,,,,gut_n257_5B1t_1,3387,,gutim,257,
282,1091.5557000000001,0.1176,144,37,22,3387,,C#2,,,,,,,,gut_n257_5Cs2t_0,3387,,gutim,257,
282,1091.7028,0.3137,144,90,22,3388,,F#6,,,,,,,,gut_n257_1Fs6e,3388,,gutim,257,
282,1091.7028,0.1176,144,37,22,3388,,C#2,,,,,,,,gut_n257_5Cs2t_1,3388,,gutim,257,
282,1091.7028,0.1176,144,50,22,3388,,D3,,,,,,,,gut_n257_5D3t_0,3388,,gutim,257,
282,1091.8499,0.1176,144,35,22,3389,,B1,,,,,,,,gut_n257_5B1t_2,3389,,gutim,257,
282,1092.095,0.1569,144,63,17,3390,,Eb4,,,,,,,,gut_n257_1Eb4s,3390,,gutim,257,
282,1092.095,0.1569,144,67,17,3390,,G4,,,,,,,,gut_n257_1G4s,3390,,gutim,257,
282,1092.095,0.1569,144,85,17,3390,,Db6,,,,,,,,gut_n257_1Db6s,3390,,gutim,257,
282,1092.095,0.1569,144,93,17,3390,,A6,,,,,,,,gut_n257_1A6s_0,3390,,gutim,257,
282,1092.291,0.4706,144,63,18,3391,,Eb4,,,,,,,,gut_n257_1Eb4e,3391,,gutim,257,
282,1092.291,0.4706,144,66,18,3391,,F#4,,,,,,,,gut_n257_1Fs4e,3391,,gutim,257,
282,1092.291,0.4706,144,67,18,3391,,G4,,,,,,,,gut_n257_1G4e,3391,,gutim,257,
282,1092.291,0.4706,144,87,18,3391,,Eb6,,,,,,,,gut_n257_1Eb6e_0,3391,,gutim,257,
282,1092.8793,0.4706,144,26,5,3392,,D1,,,,d,,,,gut_n257_5D1e_0,3392,,gutim,257,
282,1092.8793,0.4706,144,35,5,3392,,B1,,,,d,,,,gut_n257_5B1e_0,3392,,gutim,257,
282,1092.8793,0.4706,144,44,5,3392,,Ab2,,,,d,,,,gut_n257_5Ab2e_0,3392,,gutim,257,
282,1092.8793,0.4706,144,58,5,3392,,Bb3,,,,d,,,,gut_n257_5Bb3e_0,3392,,gutim,257,
282,1093.2714,0.4657,144,52,22,3393,,E3,,,,d,,,,gut_n257_1E3s_1,3393,,gutim,257,
282,1093.2714,0.4657,144,61,22,3393,,C#4,,,,d,,,,gut_n257_1Cs4s_1,3393,,gutim,257,
282,1093.2714,0.1863,144,84,22,3393,,C6,,,,d,,,,gut_n257_1C6s_1,3393,,gutim,257,
282,1093.4675,0.2794,144,97,22,3394,,C#7,,,,d,,,,gut_n257_1Cs7s,3394,,gutim,257,
282,1093.4675,0.2353,144,52,22,3394,,E3,,,,D,,,,gut_n257_5E3s,3394,,gutim,257,
282,1093.4675,0.2353,144,58,22,3394,,Bb3,,,,D,,,,gut_n257_5Bb3s,3394,,gutim,257,
282,1093.7616,0.1176,144,35,22,3395,,B1,,,,,,,,gut_n257_5B1t_3,3395,,gutim,257,
282,1093.7616,0.1176,144,37,22,3395,,C#2,,,,,,,,gut_n257_5Cs2t_2,3395,,gutim,257,
282,1093.9087,0.1176,144,101,22,3396,,F7,,,,,,,,gut_n257_1F7t,3396,,gutim,257,
282,1093.9087,0.1176,144,50,22,3396,,D3,,,,,,,,gut_n257_5D3t_1,3396,,gutim,257,
282,1094.0557000000001,0.4706,144,34,22,3397,,Bb1,,,,,,,,gut_n257_5Bb1e,3397,,gutim,257,
282,1094.644,0.4706,144,26,5,3398,,D1,,,,,,,,gut_n257_5D1e_1,3398,,gutim,257,
282,1094.644,0.4706,144,35,5,3398,,B1,,,,,,,,gut_n257_5B1e_1,3398,,gutim,257,
282,1094.644,0.4706,144,44,5,3398,,Ab2,,,,,,,,gut_n257_5Ab2e_1,3398,,gutim,257,
282,1094.644,0.4706,144,58,5,3398,,Bb3,,,,,,,,gut_n257_5Bb3e_1,3398,,gutim,257,
282,1095.3793,0.1176,144,60,22,3399,,C4,,,,,,,,gut_n257_1C4t_0,3399,,gutim,257,
282,1095.3793,0.1176,144,69,22,3399,,A4,,,,,,,,gut_n257_1A4t_0,3399,,gutim,257,
282,1095.3793,0.1176,144,40,22,3399,,E2,,,,,,,,gut_n257_5E2t_1,3399,,gutim,257,
282,1095.3793,0.1176,144,44,22,3399,,G#2,,,,,,,,gut_n257_5Gs2t_1,3399,,gutim,257,
282,1095.5263,0.0931,144,60,22,3400,,C4,,,,,,,,gut_n257_1C4t_1,3400,,gutim,257,
282,1095.5263,0.0931,144,69,22,3400,,A4,,,,,,,,gut_n257_1A4t_1,3400,,gutim,257,
282,1095.5263,0.0931,144,90,22,3400,,F#6,,,,,,,,gut_n257_1Fs6t_0,3400,,gutim,257,
282,1095.6244000000002,0.1863,144,93,20,3401,,A6,,,,d,,,,gut_n257_1A6s_1,3401,,gutim,257,
282,1095.6244000000002,0.1569,144,63,20,3401,,Eb4,,,,d,,,,gut_n257_5Eb4s,3401,,gutim,257,
282,1095.6244000000002,0.1569,144,66,20,3401,,F#4,,,,d,,,,gut_n257_5Fs4s,3401,,gutim,257,
282,1095.6244000000002,0.1569,144,67,20,3401,,G4,,,,d,,,,gut_n257_5G4s,3401,,gutim,257,
282,1095.8205,0.3725,144,87,20,3402,,Eb6,,,,,,,,gut_n257_1Eb6e_1,3402,,gutim,257,
282,1095.8205,0.3137,144,63,20,3402,,Eb4,,,,,,,,gut_n257_5Eb4e,3402,,gutim,257,
282,1095.8205,0.3137,144,66,20,3402,,F#4,,,,,,,,gut_n257_5Fs4e,3402,,gutim,257,
282,1095.8205,0.3137,144,67,20,3402,,G4,,,,,,,,gut_n257_5G4e,3402,,gutim,257,
282,1096.2126,0.0784,144,87,21,3403,,Eb6,,,,,,,,gut_n257_1Eb6t_0,3403,,gutim,257,
282,1096.2126,0.0784,144,90,21,3403,,F#6,,,,,,,,gut_n257_1Fs6t_1,3403,,gutim,257,
282,1096.2126,0.0784,144,60,21,3403,,C4,,,,,,,,gut_n257_5C4t_0,3403,,gutim,257,
282,1096.2126,0.0784,144,63,21,3403,,Eb4,,,,,,,,gut_n257_5Eb4t_0,3403,,gutim,257,
282,1096.2126,0.0784,144,66,21,3403,,F#4,,,,,,,,gut_n257_5Fs4t_0,3403,,gutim,257,
282,1096.2126,0.0784,144,67,21,3403,,G4,,,,,,,,gut_n257_5G4t_0,3403,,gutim,257,
282,1096.2126,0.0784,144,69,21,3403,,A4,,,,,,,,gut_n257_5A4t_0,3403,,gutim,257,
282,1096.3107,0.0784,144,87,21,3404,,Eb6,,,,,,,,gut_n257_1Eb6t_1,3404,,gutim,257,
282,1096.3107,0.0784,144,90,21,3404,,F#6,,,,,,,,gut_n257_1Fs6t_2,3404,,gutim,257,
282,1096.3107,0.0784,144,60,21,3404,,C4,,,,,,,,gut_n257_5C4t_1,3404,,gutim,257,
282,1096.3107,0.0784,144,63,21,3404,,Eb4,,,,,,,,gut_n257_5Eb4t_1,3404,,gutim,257,
282,1096.3107,0.0784,144,66,21,3404,,F#4,,,,,,,,gut_n257_5Fs4t_1,3404,,gutim,257,
282,1096.3107,0.0784,144,67,21,3404,,G4,,,,,,,,gut_n257_5G4t_1,3404,,gutim,257,
282,1096.3107,0.0784,144,69,21,3404,,A4,,,,,,,,gut_n257_5A4t_1,3404,,gutim,257,
,,,,,,,,,,,,,,,,,,283,,,
283,1096.8008,0.1863,144,84,22,3405,,C6,,,,d,,,,gut_n258_1C6s,3405,,gutim,258,
283,1096.8008,0.1569,144,52,22,3405,,E3,,,,d,,,,gut_n258_5E3s,3405,,gutim,258,
283,1096.8008,0.1569,144,61,22,3405,,C#4,,,,d,,,,gut_n258_5Cs4s,3405,,gutim,258,
283,1096.9969,0.5588,144,97,22,3406,,C#7,,,,d,,,,gut_n258_1Cs7e,3406,,gutim,258,
283,1096.9969,0.4706,144,52,22,3406,,E3,,,,d,,,,gut_n258_5E3e,3406,,gutim,258,
283,1096.9969,0.4706,144,58,22,3406,,Bb3,,,,d,,,,gut_n258_5Bb3e_0,3406,,gutim,258,
283,1097.5852,0.1176,144,50,22,3407,,D3,,,,,,,,gut_n258_1D3t_0,3407,,gutim,258,
283,1097.5852,0.1176,144,60,22,3407,,C4,,,,,,,,gut_n258_1C4t_0,3407,,gutim,258,
283,1097.5852,0.1176,144,35,22,3407,,B1,,,,,,,,gut_n258_5B1t_0,3407,,gutim,258,
283,1097.5852,0.1176,144,37,22,3407,,C#2,,,,,,,,gut_n258_5Cs2t_0,3407,,gutim,258,
283,1097.5852,0.1176,144,40,22,3407,,E2,,,,,,,,gut_n258_5E2t_0,3407,,gutim,258,
283,1097.5852,0.1176,144,44,22,3407,,G#2,,,,,,,,gut_n258_5Gs2t_0,3407,,gutim,258,
283,1097.7322000000001,0.1176,144,50,22,3408,,D3,,,,,,,,gut_n258_1D3t_1,3408,,gutim,258,
283,1097.7322000000001,0.1176,144,60,22,3408,,C4,,,,,,,,gut_n258_1C4t_1,3408,,gutim,258,
283,1097.7322000000001,0.1176,144,35,22,3408,,B1,,,,,,,,gut_n258_5B1t_1,3408,,gutim,258,
283,1097.7322000000001,0.1176,144,37,22,3408,,C#2,,,,,,,,gut_n258_5Cs2t_1,3408,,gutim,258,
283,1097.7322000000001,0.1176,144,40,22,3408,,E2,,,,,,,,gut_n258_5E2t_1,3408,,gutim,258,
283,1097.7322000000001,0.1176,144,44,22,3408,,G#2,,,,,,,,gut_n258_5Gs2t_1,3408,,gutim,258,
283,1098.1734000000001,0.4706,144,26,5,3409,,D1,,,,d,,,,gut_n258_5D1e_0,3409,,gutim,258,
283,1098.1734000000001,0.4706,144,35,5,3409,,B1,,,,d,,,,gut_n258_5B1e_0,3409,,gutim,258,
283,1098.1734000000001,0.4706,144,44,5,3409,,Ab2,,,,d,,,,gut_n258_5Ab2e,3409,,gutim,258,
283,1098.1734000000001,0.4706,144,58,5,3409,,Bb3,,,,d,,,,gut_n258_5Bb3e_1,3409,,gutim,258,
283,1098.7616,0.3137,144,34,5,3410,,Bb1,,,,d,,,,gut_n258_1Bb1e,3410,,gutim,258,
283,1098.7616,0.0931,144,35,5,3410,,B1,,,,d,,,,gut_n258_5B1t_2,3410,,gutim,258,
283,1098.7616,0.0931,144,37,5,3410,,C#2,,,,d,,,,gut_n258_5Cs2t_2,3410,,gutim,258,
283,1098.8597,0.2794,144,50,5,3411,,D3,,,,d,,,,gut_n258_5D3s,3411,,gutim,258,
283,1099.1538,0.0784,144,50,22,3412,,D3,,,,d,,,,gut_n258_1D3t_2,3412,,gutim,258,
283,1099.1538,0.0784,144,60,22,3412,,C4,,,,d,,,,gut_n258_1C4t_2,3412,,gutim,258,
283,1099.1538,0.0784,144,35,22,3412,,B1,,,,d,,,,gut_n258_5B1t_3,3412,,gutim,258,
283,1099.1538,0.0784,144,37,22,3412,,C#2,,,,d,,,,gut_n258_5Cs2t_3,3412,,gutim,258,
283,1099.1538,0.0784,144,40,22,3412,,E2,,,,d,,,,gut_n258_5E2t_2,3412,,gutim,258,
283,1099.1538,0.0784,144,44,22,3412,,G#2,,,,d,,,,gut_n258_5Gs2t_2,3412,,gutim,258,
283,1099.2518,0.0784,144,50,22,3413,,D3,,,,d,,,,gut_n258_1D3t_3,3413,,gutim,258,
283,1099.2518,0.0784,144,60,22,3413,,C4,,,,d,,,,gut_n258_1C4t_3,3413,,gutim,258,
283,1099.2518,0.0784,144,35,22,3413,,B1,,,,d,,,,gut_n258_5B1t_4,3413,,gutim,258,
283,1099.2518,0.0784,144,37,22,3413,,C#2,,,,d,,,,gut_n258_5Cs2t_4,3413,,gutim,258,
283,1099.2518,0.0784,144,40,22,3413,,E2,,,,d,,,,gut_n258_5E2t_3,3413,,gutim,258,
283,1099.2518,0.0784,144,44,22,3413,,G#2,,,,d,,,,gut_n258_5Gs2t_3,3413,,gutim,258,
283,1099.3499,0.1121,144,64,11,3414,,E4,,,,D,,,,gut_n258_1E4t,3414,,gutim,258,
283,1099.3499,0.4706,144,26,5,3414,,D1,,,,d,,,,gut_n258_5D1e_1,3414,,gutim,258,
283,1099.3499,0.4706,144,35,5,3414,,B1,,,,d,,,,gut_n258_5B1e_1,3414,,gutim,258,
283,1099.3499,0.4706,144,58,5,3414,,Bb3,,,,D,5990,,,gut_n258_5Bb3e_2,3414,,gutim,258,
283,1099.4678000000001,0.2241,144,54,11,3415,,F#3,,,,,,,,gut_n258_1Fs3s,3415,,gutim,258,
283,1099.7037,0.1121,144,69,11,3416,,A4,,,,,,,,gut_n258_1A4t,3416,,gutim,258,
283,1099.8217,0.1106,144,68,11,3417,,G#4,,,,,,,,gut_n258_1Gs4t,3417,,gutim,258,
,,,,,,,5990,,,,,,,,,,,,gutim,,
283,1099.9381,0.1176,144,35,20,3418,,B1,,,,,,,,gut_n258_1B1t,3418,,gutim,258,
283,1099.9381,0.1176,144,37,20,3418,,C#2,,,,,,,,gut_n258_1Cs2t,3418,,gutim,258,
283,1099.9381,0.1176,144,40,20,3418,,E2,,,,,,,,gut_n258_1E2t,3418,,gutim,258,
283,1099.9381,0.1176,144,44,20,3418,,G#2,,,,,,,,gut_n258_1Gs2t,3418,,gutim,258,
283,1099.9381,0.1176,144,50,20,3418,,D3,,,,,,,,gut_n258_1D3t_4,3418,,gutim,258,
283,1099.9381,0.1176,144,60,20,3418,,C4,,,,,,,,gut_n258_1C4t_4,3418,,gutim,258,
283,1100.0361,0.0931,144,32,20,3419,,G#1,,,,,,,,gut_n258_5Gs1t_0,3419,,gutim,258,
283,1100.1342,0.0931,144,48,19,3420,,C3,,,,,,,,gut_n258_5C3t,3420,,gutim,258,
283,1100.2322000000001,0.0931,144,66,19,3421,,F#4,,,,,,,,gut_n258_5Fs4t_0,3421,,gutim,258,
283,1100.3303,0.1397,144,57,18,3422,,A3,,,,,,,,gut_n258_5A3t,3422,,gutim,258,
283,1100.4773,0.1397,144,66,17,3423,,F#4,,,,,,,,gut_n258_5Fs4t_1,3423,,gutim,258,
283,1100.6244000000002,0.0931,144,28,17,3424,,E1,,e,,,,,,gut_n258_5E1t_0,3424,,gutim,258,
283,1100.7224,0.0931,144,32,16,3425,,G#1,,e,,,,,,gut_n258_5Gs1t_1,3425,,gutim,258,
283,1100.8205,0.0931,144,28,15,3426,,E1,,e,,,,,,gut_n258_5E1t_1,3426,,gutim,258,
283,1100.8205,0.0931,144,36,15,3426,,C2,,e,,,,,,gut_n258_5C2t_0,3426,,gutim,258,
283,1100.9185,0.0931,144,66,15,3427,,F#4,,e,,,,,,gut_n258_5Fs4t_2,3427,,gutim,258,
283,1101.0165,0.0931,144,28,14,3428,,E1,,e,,,,,,gut_n258_5E1t_2,3428,,gutim,258,
283,1101.0165,0.0931,144,36,14,3428,,C2,,e,,,,,,gut_n258_5C2t_1,3428,,gutim,258,
283,1101.1146,0.0931,144,32,14,3429,,G#1,,e,,,,,,gut_n258_5Gs1t_2,3429,,gutim,258,
283,1101.1146,0.0931,144,45,14,3429,,A2,,e,,,,,,gut_n258_5A2t_0,3429,,gutim,258,
283,1101.2126,0.1397,144,54,13,3430,,F#3,,E,5991,,,,,gut_n258_5Fs3t_0,3430,,gutim,258,
283,1101.3597,0.1397,144,45,12,3431,,A2,,,,,,,,gut_n258_5A2t_1,3431,,gutim,258,
283,1101.5067000000001,0.1397,144,28,11,3432,,E1,,,,,,,,gut_n258_5E1t_3,3432,,gutim,258,
283,1101.5067000000001,0.1397,144,32,11,3432,,G#1,,,,,,,,gut_n258_5Gs1t_3,3432,,gutim,258,
283,1101.6538,0.1397,144,36,11,3433,,C2,,,,,,,,gut_n258_5C2t_2,3433,,gutim,258,
283,1101.6538,0.1397,144,54,11,3433,,F#3,,,,,,,,gut_n258_5Fs3t_1,3433,,gutim,258,
283,1101.8008,0.1397,144,28,10,3434,,E1,,,,,,,,gut_n258_5E1t_4,3434,,gutim,258,
283,1101.8008,0.1397,144,32,10,3434,,G#1,,,,,,,,gut_n258_5Gs1t_4,3434,,gutim,258,
283,1101.8008,0.1397,144,45,10,3434,,A2,,,,,,,,gut_n258_5A2t_2,3434,,gutim,258,
283,1101.9479000000001,0.1397,144,36,9,3435,,C2,,,,,,,,gut_n258_5C2t_3,3435,,gutim,258,
283,1101.9479000000001,0.1397,144,66,9,3435,,F#4,,,,,,,,gut_n258_5Fs4t_3,3435,,gutim,258,
283,1102.095,0.0784,144,28,8,3436,,E1,,,,,,,,gut_n258_5E1t_5,3436,,gutim,258,
283,1102.193,0.0784,144,45,8,3437,,A2,,,,,,,,gut_n258_5A2t_3,3437,,gutim,258,
283,1102.291,0.7451,144,78,8,3438,,F#5,,,,,,,,gut_n258_1Fs5q,3438,,gutim,258,
283,1102.291,0.2353,144,28,8,3438,,E1,,,,,,,,gut_n258_5E1s,3438,,gutim,258,
283,1102.291,0.2353,144,32,8,3438,,G#1,,,,,,,,gut_n258_5Gs1s,3438,,gutim,258,
283,1102.291,0.2353,144,36,8,3438,,C2,,,,,,,,gut_n258_5C2s,3438,,gutim,258,
283,1102.7293,0.0712,144,24,11,3439,,C1,g,,,,,,,gut_ng258_5C1e,3439,,gutim,258,
283,1102.8043,0.0712,144,30,11,3440,,F#1,g,,,,,,,gut_ng258_5Fs1e,3440,,gutim,258,
283,1102.8793,0.5588,144,40,11,3441,,E2,,,,,,,,gut_n258_5E2e,3441,,gutim,258,
283,1103.0754,0.0931,144,57,8,3442,,A3,,,,,,,,gut_n258_1A3t,3442,,gutim,258,
283,1103.1734000000001,0.2794,144,44,8,3443,,G#2,,,,,,,,gut_n258_1Gs2s,3443,,gutim,258,
,,,,,,,5991,,,,,,,,,,,,gutim,,
,,,,,,,,,,,,,,,,,,284,,,
284,1103.4675,0.2794,144,78,8,3444,,F#5,,,,d,,,,gut_n259_1Fs5s,3444,,gutim,259,
284,1103.7616,0.0931,144,57,8,3445,,A3,,,,d,,,,gut_n259_1A3t,3445,,gutim,259,
284,1103.8597,0.1569,144,52,20,3446,,E3,,,,d,,,,gut_n259_1E3s,3446,,gutim,259,
284,1103.8597,0.1569,144,61,20,3446,,C#4,,,,d,,,,gut_n259_1Cs4s,3446,,gutim,259,
284,1103.8597,0.1569,144,84,20,3446,,C6,,,,d,,,,gut_n259_1C6s_0,3446,,gutim,259,
284,1104.0557000000001,0.4706,144,52,11,3447,,E3,,,,d,,,,gut_n259_1E3e,3447,,gutim,259,
284,1104.0557000000001,0.4706,144,58,11,3447,,Bb3,,,,d,,,,gut_n259_1Bb3e,3447,,gutim,259,
284,1104.0557000000001,0.4706,144,97,11,3447,,C#7,,,,d,,,,gut_n259_1Cs7e_0,3447,,gutim,259,
284,1104.2518,0.0626,144,24,11,3448,,C1,,,,d,,,,gut_n259_5C1x,3448,,gutim,259,
284,1104.3177,0.0626,144,30,12,3449,,F#1,,,,,,,,gut_n259_5Fs1x,3449,,gutim,259,
284,1104.3836000000001,0.1237,144,52,13,3450,,E3,,,,,,,,gut_n259_5E3t_0,3450,,gutim,259,
284,1104.5138,0.0626,144,56,15,3451,,G#3,,,,,,,,gut_n259_5Gs3x,3451,,gutim,259,
284,1104.5796,0.0626,144,57,15,3452,,A3,,,,,,,,gut_n259_5A3x,3452,,gutim,259,
284,1104.644,0.4706,144,66,22,3453,,F#4,,,,d,,,,gut_n259_1Fs4e,3453,,gutim,259,
284,1104.6455,0.5588,144,34,22,3453,,Bb1,,,,d,,,,gut_n259_5Bb1e,3453,,gutim,259,
284,1105.2322000000001,0.5588,144,84,14,3454,,C6,,,,d,,,,gut_n259_1C6s_1,3454,,gutim,259,
284,1105.2338,0.5588,144,52,14,3455,,E3,,,,d,,,,gut_n259_5E3s,3455,,gutim,259,
284,1105.2338,0.5588,144,58,14,3455,,Bb3,,,,d,,,,gut_n259_5Bb3s,3455,,gutim,259,
284,1105.4283,0.3725,144,97,20,3456,,C#7,,,,d,,,,gut_n259_1Cs7e_1,3456,,gutim,259,
284,1105.4298000000001,0.3725,144,61,20,3456,,Db4,,,,d,,,,gut_n259_5Db4e_0,3456,,gutim,259,
284,1105.8220000000001,0.1237,144,24,11,3457,,C1,,,,D,5992,,,gut_n259_5C1t_0,3457,,gutim,259,
284,1105.9522,0.1237,144,30,12,3458,,F#1,,,,,,,,gut_n259_5Fs1t,3458,,gutim,259,
284,1106.0824,0.1863,144,52,13,3459,,E3,,,,,,,,gut_n259_5E3t_1,3459,,gutim,259,
284,1106.2785000000001,0.1237,144,56,15,3460,,G#3,,,,,,,,gut_n259_5Gs3t,3460,,gutim,259,
284,1106.9969,0.9412,144,84,24,3461,,C6,,,,,,,,gut_n259_1C6q,3461,,gutim,259,
284,1106.9969,0.9412,144,97,24,3461,,C#7,,,,,,,,gut_n259_1Cs7q,3461,,gutim,259,
284,1106.9969,0.4706,144,52,24,3461,,E3,,,,,,,,gut_n259_5E3e_1,3461,,gutim,259,
284,1106.9969,0.4706,144,58,24,3461,,Bb3,,,,,,,,gut_n259_5Bb3e_1,3461,,gutim,259,
284,1106.9969,0.4706,144,61,24,3461,,Db4,,,,,,,,gut_n259_5Db4e_1,3461,,gutim,259,
284,1107.5852,0.1863,144,24,14,3462,,C1,,,,,,,,gut_n259_5C1t_1,3462,,gutim,259,
284,1107.7812000000001,0.1863,144,52,15,3463,,E3,,,,,,,,gut_n259_5E3t_2,3463,,gutim,259,
284,1107.9773,0.0626,144,68,16,3464,,G#4,,,,,,,,gut_n259_5Gs4x,3464,,gutim,259,
284,1108.0432,0.1237,144,69,16,3465,,A4,,,,,,,,gut_n259_5A4t,3465,,gutim,259,
284,1108.1734000000001,0.1863,144,24,16,3466,,C1,,,,,,,,gut_n259_5C1t_2,3466,,gutim,259,
284,1108.3695,0.1863,144,52,17,3467,,E3,,,,,,,,gut_n259_5E3t_3,3467,,gutim,259,
284,1108.5656000000001,0.7451,144,68,18,3468,,G#4,,,,,,,,gut_n259_5Gs4t,3468,,gutim,259,
284,1109.3499,0.9412,144,66,8,3469,,F#4,,,,,,,,gut_n259_1Fs4q,3469,,gutim,259,
284,1109.3499,0.9412,144,34,8,3469,,Bb1,,,,,,,,gut_n259_5Bb1q,3469,,gutim,259,
,,,,,,,,,,,,,,,,,,285,,,
285,1110.8793,0.0712,144,37,20,3470,,C#2,g,,,,,,,gut_ng260_5Cs2e_0,3470,,gutim,260,
285,1110.9543,0.0712,144,38,19,3471,,D2,g,,,,,,,gut_ng260_5D2e_0,3471,,gutim,260,
285,1111.0293000000001,0.0712,144,37,18,3472,,C#2,g,,,,,,,gut_ng260_5Cs2e_1,3472,,gutim,260,
285,1111.1043,0.0712,144,38,18,3473,,D2,g,,,,,,,gut_ng260_5D2e_1,3473,,gutim,260,
285,1111.1793,0.0712,144,37,17,3474,,C#2,g,,,,,,,gut_ng260_5Cs2e_2,3474,,gutim,260,
285,1111.1793,0.0712,144,69,17,3474,,A4,g,,,,,,,gut_ng260_5A4e,3474,,gutim,260,
285,1111.2543,0.0712,144,35,16,3475,,B1,g,,,,,,,gut_ng260_5B1e_0,3475,,gutim,260,
285,1111.3293,0.0712,144,41,15,3476,,F2,g,,,,,,,gut_ng260_5F2e_0,3476,,gutim,260,
285,1111.4043000000001,0.0712,144,35,14,3477,,B1,g,,,,,,,gut_ng260_5B1e_1,3477,,gutim,260,
285,1111.4043000000001,0.0712,144,57,14,3477,,A3,g,,,,,,,gut_ng260_5A3e,3477,,gutim,260,
285,1111.4793,0.0712,144,41,13,3478,,F2,g,,,,,,,gut_ng260_5F2e_1,3478,,gutim,260,
285,1111.5543,0.0712,144,23,13,3479,,B0,g,,,,,,,gut_ng260_5B0e,3479,,gutim,260,
285,1111.6293,0.0712,144,41,12,3480,,F2,g,,,,,,,gut_ng260_5F2e_2,3480,,gutim,260,
285,1111.7043,0.7059,144,37,5,3481,,Db2,,,,,,,,gut_n260_2Db2e,3481,,gutim,260,
285,1111.7043,0.2235,144,35,11,3481,,B1,,,,,,,,gut_n260_5B1e,3481,,gutim,260,
285,1111.7043,0.5588,144,38,11,3481,,D2,,,,,,,,gut_n260_5D2e,3481,,gutim,260,
285,1111.7043,0.5588,144,41,11,3481,,F2,,,,,,,,gut_n260_5F2e,3481,,gutim,260,
285,1111.7043,0.5588,144,45,11,3481,,A2,,,,,,,,gut_n260_5A2e,3481,,gutim,260,
,,,,,,,5992,,,,,,,,,,,,gutim,,
285,1112.8043,0.06,144,93,17,3482,,A6,g,,,,,,,gut_ng260_1A6e,3482,,gutim,260,
285,1112.8058,0.06,144,96,8,3482,,C7,g,,,,,,,gut_ng260_5C7e_0,3482,,gutim,260,
285,1112.8793,1.8824,144,63,17,3483,,Eb4,,,,,,,,gut_n260_1Eb4h,3483,,gutim,260,
285,1112.8793,0.1121,144,91,8,3483,,G6,,e,,,,,,gut_n260_2G6t_0,3483,,gutim,260,
285,1112.8808000000001,0.3187,144,100,8,3483,,E7,,,,,,,,gut_n260_5E7s,3483,,gutim,260,
285,1112.9972,0.1121,144,95,8,3484,,B6,,e,,,,,,gut_n260_2B6t_0,3484,,gutim,260,
285,1113.1152,0.1121,144,91,8,3485,,G6,,e,,,,,,gut_n260_2G6t_1,3485,,gutim,260,
285,1113.2163,0.3187,144,56,8,3486,,Ab3,,,,,,,,gut_n260_5Ab3s_0,3486,,gutim,260,
285,1113.2331000000001,0.1121,144,95,8,3487,,B6,,e,,,,,,gut_n260_2B6t_1,3487,,gutim,260,
285,1113.3511,0.1121,144,91,8,3488,,G6,,e,,,,,,gut_n260_2G6t_2,3488,,gutim,260,
285,1113.469,0.1674,144,95,8,3489,,B6,,E,,,,,,gut_n260_2B6t_2,3489,,gutim,260,
285,1113.5518,0.4802,144,62,8,3490,,D4,,,,,,,,gut_n260_5D4s,3490,,gutim,260,
285,1113.6452000000002,0.1674,144,91,8,3491,,G6,,,,,,,,gut_n260_2G6t_3,3491,,gutim,260,
285,1113.8214,0.1121,144,95,8,3492,,B6,,,,,,,,gut_n260_2B6t_3,3492,,gutim,260,
285,1113.9393,0.1121,144,105,8,3493,,A7,,,,,,,,gut_n260_2A7t_0,3493,,gutim,260,
285,1113.9823000000001,0.0712,144,96,9,3494,,C7,g,,,,,,,gut_ng260_5C7e_1,3494,,gutim,260,
285,1114.0573,0.0931,144,72,8,3495,,C5,,,,,,,,gut_n260_2C5t_0,3495,,gutim,260,
285,1114.0573,0.1397,144,100,9,3495,,E7,,e,,,,,,gut_n260_5E7t_0,3495,,gutim,260,
285,1114.1553000000001,0.0931,144,95,8,3496,,B6,,,,,,,,gut_n260_2B6t_4,3496,,gutim,260,
285,1114.2043,0.1397,144,56,9,3497,,Ab3,,e,,,,,,gut_n260_5Ab3t_0,3497,,gutim,260,
285,1114.2534,0.0931,144,84,8,3498,,C6,,,,,,,,gut_n260_2C6t_0,3498,,gutim,260,
285,1114.3514,0.1397,144,95,8,3499,,B6,,,,,,,,gut_n260_2B6t_5,3499,,gutim,260,
285,1114.3514,0.1397,144,62,9,3499,,D4,,e,,,,,,gut_n260_5D4t,3499,,gutim,260,
285,1114.4985000000001,0.1397,144,84,8,3500,,C6,,,,,,,,gut_n260_2C6t_1,3500,,gutim,260,
285,1114.4985000000001,0.1397,144,61,9,3500,,Db4,,e,,,,,,gut_n260_5Db4t,3500,,gutim,260,
285,1114.6455,0.1863,144,95,8,3501,,B6,,E,,,,,,gut_n260_2B6t_6,3501,,gutim,260,
285,1114.8416,0.1237,144,84,8,3502,,C6,,e,,d,,,,gut_n260_2C6t_2,3502,,gutim,260,
285,1114.9718,0.1237,144,99,8,3503,,Eb7,,e,,d,,,,gut_n260_2Eb7t_0,3503,,gutim,260,
285,1115.102,0.1237,144,105,8,3504,,A7,,e,,d,,,,gut_n260_2A7t_1,3504,,gutim,260,
285,1115.2322000000001,0.1237,144,72,8,3505,,C5,,e,,d,,,,gut_n260_2C5t_1,3505,,gutim,260,
285,1115.2338,0.6389,144,96,10,3506,,C7,,,,,,,,gut_n260_5C7e,3506,,gutim,260,
285,1115.3624,0.1237,144,99,8,3507,,Eb7,,e,,d,,,,gut_n260_2Eb7t_1,3507,,gutim,260,
285,1115.4926,0.1863,144,105,8,3508,,A7,,E,,d,,,,gut_n260_2A7t_2,3508,,gutim,260,
285,1115.6887000000002,0.1237,144,99,8,3509,,Eb7,,,,,,,,gut_n260_2Eb7t_2,3509,,gutim,260,
285,1115.8189,0.1863,144,105,8,3510,,A7,,,,,,,,gut_n260_2A7s,3510,,gutim,260,
285,1115.9062000000001,0.6389,144,56,11,3511,,Ab3,,,,,,,,gut_n260_5Ab3s_1,3511,,gutim,260,
285,1116.015,0.1042,144,85,8,3512,,Db6,,,,,,,,gut_n260_1Db6t,3512,,gutim,260,
285,1116.0181,0.3725,144,99,8,3513,,Eb7,,,,,,,,gut_n260_2Eb7e,3513,,gutim,260,
285,1116.1483,0.1237,144,41,14,3514,,F2,,,,,,,,gut_n260_1F2t,3514,,gutim,260,
285,1116.2785000000001,0.1252,144,54,14,3515,,Gb3,,,,,,,,gut_n260_1Gb3t,3515,,gutim,260,
285,1116.5787,0.2401,144,100,11,3516,,E7,,e,,,,,,gut_n260_5E7t_1,3516,,gutim,260,
285,1116.8315,0.2401,144,56,12,3517,,Ab3,,e,,,,,,gut_n260_5Ab3t_2,3517,,gutim,260,
285,1117.0842,0.2401,144,74,12,3518,,D5,,e,,,,,,gut_n260_5D5t,3518,,gutim,260,
285,1117.337,0.2372,144,73,12,3519,,Db5,,e,,,,,,gut_n260_5Db5t,3519,,gutim,260,
,,,,,,,,,,,,,,,,,,286,,,
286,1117.5852,0.0712,144,79,11,3520,,G5,g,E,,,,,,gut_ng261_1G5e,3520,,gutim,261,
286,1117.5852,0.0712,144,62,11,3520,,D4,g,,,,,,,gut_ng261_5D4e,3520,,gutim,261,
286,1117.6602,0.0712,144,72,11,3521,,C5,g,,,,,,,gut_ng261_1C5e,3521,,gutim,261,
286,1117.6602,0.0712,144,72,11,3521,,C5,g,,,,,,,gut_ng261_5C5e,3521,,gutim,261,
286,1117.7352,0.0712,144,83,11,3522,,B5,g,,,,,,,gut_ng261_1B5e,3522,,gutim,261,
286,1117.7352,0.0712,144,61,11,3522,,C#4,g,,,,,,,gut_ng261_5Cs4e,3522,,gutim,261,
286,1117.8102000000001,1.6765,144,93,11,3523,,A6,,,,,,,,gut_n261_1A6q_0,3523,,gutim,261,
286,1117.8102000000001,1.6765,144,76,11,3523,,E5,,,,,,,,gut_n261_5E5q,3523,,gutim,261,
286,1119.5749,0.0931,144,79,14,3524,,G5,,,,,,,,gut_n261_1G5t_0,3524,,gutim,261,
286,1119.6729,0.0931,144,72,14,3525,,C5,,,,,,,,gut_n261_1C5t_0,3525,,gutim,261,
286,1119.7709,0.0931,144,79,14,3526,,G5,,,,,,,,gut_n261_1G5t_1,3526,,gutim,261,
286,1119.8368,0.0626,144,62,11,3527,,D4,,e,,,,,,gut_n261_5D4t_0,3527,,gutim,261,
286,1119.8690000000001,0.0931,144,83,14,3528,,B5,,,,,,,,gut_n261_1B5t_0,3528,,gutim,261,
286,1119.9027,0.0626,144,72,12,3529,,C5,,e,,,,,,gut_n261_5C5t,3529,,gutim,261,
286,1119.967,0.0931,144,72,15,3530,,C5,,,,,,,,gut_n261_1C5t_1,3530,,gutim,261,
286,1119.9686000000002,0.0626,144,62,12,3531,,D4,,e,,,,,,gut_n261_5D4t_1,3531,,gutim,261,
286,1120.0344,0.0626,144,61,13,3532,,C#4,,e,,,,,,gut_n261_5Cs4t,3532,,gutim,261,
286,1120.0651,0.0931,144,83,15,3533,,B5,,,,,,,,gut_n261_1B5t_1,3533,,gutim,261,
286,1120.1003,0.0626,144,62,13,3534,,D4,,e,,,,,,gut_n261_5D4t_2,3534,,gutim,261,
286,1120.1631,1.6765,144,93,17,3535,,A6,,,,,,,,gut_n261_1A6q_1,3535,,gutim,261,
286,1120.1662000000001,0.3725,144,88,14,3535,,E6,,E,,,,,,gut_n261_5E6e,3535,,gutim,261,
286,1120.5583000000001,0.4706,144,56,14,3536,,G#3,,,,,,,,gut_n261_5Gs3e,3536,,gutim,261,
286,1121.1466,0.1569,144,85,20,3537,,C#6,,,,,,,,gut_n261_5Cs6s,3537,,gutim,261,
286,1121.3426,0.1863,144,41,17,3538,,F2,,,,,,,,gut_n261_5F2s_0,3538,,gutim,261,
286,1121.5387,0.0931,144,54,14,3539,,Gb3,,,,,,,,gut_n261_5Gb3t_0,3539,,gutim,261,
286,1121.6368,0.1863,144,41,12,3540,,F2,,,,,,,,gut_n261_5F2s_1,3540,,gutim,261,
286,1121.8328000000001,0.0931,144,54,10,3541,,Gb3,,,,,,,,gut_n261_5Gb3t_1,3541,,gutim,261,
286,1121.9278,0.1863,144,87,17,3542,,D#6,,,,,,,,gut_n261_1Ds6s_0,3542,,gutim,261,
286,1121.9309,0.1863,144,41,8,3542,,F2,,,,,,,,gut_n261_5F2s_2,3542,,gutim,261,
286,1122.1239,0.1863,144,93,17,3543,,A6,,,,,,,,gut_n261_1A6s,3543,,gutim,261,
286,1122.32,0.1863,144,87,17,3544,,D#6,,,,,,,,gut_n261_1Ds6s_1,3544,,gutim,261,
286,1122.42,0.06,144,104,5,3545,,G#7,g,e,,d,,,,gut_ng261_1Gs7e,3545,,gutim,261,
286,1122.4950000000001,0.06,144,76,5,3546,,E5,g,e,,d,,,,gut_ng261_1E5e,3546,,gutim,261,
286,1122.4950000000001,0.06,144,81,5,3546,,A5,g,e,,d,,,,gut_ng261_1A5e,3546,,gutim,261,
286,1122.57,0.06,144,89,5,3547,,F6,g,e,,d,,,,gut_ng261_1F6e,3547,,gutim,261,
286,1122.57,0.06,144,99,5,3547,,D#7,g,e,,d,,,,gut_ng261_1Ds7e,3547,,gutim,261,
286,1122.645,0.2353,144,67,5,3548,,G4,,E,,d,,,,gut_n261_1G4s,3548,,gutim,261,
286,1122.645,0.2353,144,95,5,3548,,B6,,E,,d,,,,gut_n261_1B6s,3548,,gutim,261,
286,1122.645,0.2353,144,105,24,3548,,A7,,E,,d,,,,gut_n261_1A7s,3548,,gutim,261,
286,1122.6480000000001,0.3725,144,72,17,3549,,C5,,E,5993,D,5993,,,gut_n261_5C5e,3549,,gutim,261,
286,1122.9391,0.2353,144,91,5,3550,,G6,,,,,,,,gut_n261_1G6s,3550,,gutim,261,
286,1123.0402000000001,0.3725,144,50,17,3551,,D3,,,,,,,,gut_n261_5D3e,3551,,gutim,261,
286,1123.4323,0.1121,144,76,18,3552,,E5,,,,,,,,gut_n261_5E5t,3552,,gutim,261,
286,1123.5503,0.1121,144,49,19,3553,,C#3,,,,,,,,gut_n261_5Cs3t_0,3553,,gutim,261,
286,1123.6682,0.0742,144,44,19,3554,,G#2,,,,,,,,gut_n261_5Gs2t,3554,,gutim,261,
286,1123.7464,0.0742,144,49,19,3555,,C#3,,,,,,,,gut_n261_5Cs3t_1,3555,,gutim,261,
286,1123.8214,0.1237,144,87,20,3556,,D#6,,,,,,,,gut_n261_1Ds6t_0,3556,,gutim,261,
286,1123.9516,0.1237,144,96,20,3557,,C7,,,,,,,,gut_n261_1C7t,3557,,gutim,261,
286,1124.0819000000001,0.1237,144,87,21,3558,,D#6,,,,,,,,gut_n261_1Ds6t_1,3558,,gutim,261,
286,1124.2121,0.7466,144,100,21,3559,,E7,,,,,,,,gut_n261_1E7e,3559,,gutim,261,
,,,,,,,,,,,,,,,,,,287,,,
287,1124.9979,0.8235,144,84,24,3560,,C6,,,,,,,,gut_n262_1C6e,3560,,gutim,262,
287,1124.9979,0.8235,144,97,24,3560,,Db7,,,,,,,,gut_n262_1Db7e,3560,,gutim,262,
287,1124.9979,0.1176,144,52,24,3560,,E3,,,,,,,,gut_n262_5E3t,3560,,gutim,262,
287,1124.9979,0.1176,144,58,24,3560,,Bb3,,,,,,,,gut_n262_5Bb3t,3560,,gutim,262,
287,1125.145,0.3529,144,32,24,3561,,Ab1,,,,,,,,gut_n262_5Ab1s_0,3561,,gutim,262,
287,1125.5861,0.3529,144,32,24,3562,,Ab1,,,,,,,,gut_n262_5Ab1s_1,3562,,gutim,262,
287,1125.5861,0.3529,144,52,24,3562,,E3,,,,,,,,gut_n262_5E3s,3562,,gutim,262,
287,1125.5861,0.3529,144,58,24,3562,,Bb3,,,,,,,,gut_n262_5Bb3s_0,3562,,gutim,262,
287,1126.0273,0.1176,144,84,24,3563,,C6,,,,,,,,gut_n262_1C6t_0,3563,,gutim,262,
287,1126.0273,0.1176,144,97,24,3563,,Db7,,,,,,,,gut_n262_1Db7t_0,3563,,gutim,262,
287,1126.0273,0.1176,144,32,24,3563,,Ab1,,,,,,,,gut_n262_5Ab1t_0,3563,,gutim,262,
287,1126.0273,0.1176,144,40,24,3563,,E2,,,,,,,,gut_n262_5E2t_0,3563,,gutim,262,
287,1126.1744,0.1176,144,84,23,3564,,C6,,,,,,,,gut_n262_1C6t_1,3564,,gutim,262,
287,1126.1744,0.1176,144,97,23,3564,,Db7,,,,,,,,gut_n262_1Db7t_1,3564,,gutim,262,
287,1126.1744,0.1176,144,32,23,3564,,Ab1,,,,,,,,gut_n262_5Ab1t_1,3564,,gutim,262,
287,1126.1744,0.1176,144,40,23,3564,,E2,,,,,,,,gut_n262_5E2t_1,3564,,gutim,262,
287,1126.3214,0.3529,144,72,22,3565,,C5,,,,,,,,gut_n262_1C5s_0,3565,,gutim,262,
287,1126.3214,0.3529,144,58,22,3565,,Bb3,,,,,,,,gut_n262_5Bb3s_1,3565,,gutim,262,
287,1126.7626,0.2353,144,58,18,3566,,Bb3,,,,,,,,gut_n262_1Bb3s,3566,,gutim,262,
287,1126.7626,0.2353,144,72,18,3566,,C5,,,,,,,,gut_n262_1C5s_1,3566,,gutim,262,
287,1126.7626,0.5882,144,32,18,3566,,Ab1,,,,,,,,gut_n262_5Ab1e_0,3566,,gutim,262,
287,1126.7626,0.5882,144,40,18,3566,,E2,,,,,,,,gut_n262_5E2e,3566,,gutim,262,
287,1127.0567,0.3529,144,72,16,3567,,C5,,,,,,,,gut_n262_1C5s_2,3567,,gutim,262,
287,1127.0567,0.3529,144,85,16,3567,,Db6,,,,,,,,gut_n262_1Db6s_0,3567,,gutim,262,
287,1127.4979,0.3529,144,72,13,3568,,C5,,,,,,,,gut_n262_1C5s_3,3568,,gutim,262,
287,1127.4979,0.3529,144,85,13,3568,,Db6,,,,,,,,gut_n262_1Db6s_1,3568,,gutim,262,
287,1127.4979,0.1176,144,32,13,3568,,Ab1,,,,,,,,gut_n262_5Ab1t_3,3568,,gutim,262,
287,1127.4979,0.1176,144,40,13,3568,,E2,,,,,,,,gut_n262_5E2t_3,3568,,gutim,262,
287,1127.645,0.2353,144,32,11,3569,,Ab1,,,,,,,,gut_n262_5Ab1s_2,3569,,gutim,262,
287,1127.645,0.2353,144,40,11,3569,,E2,,,,,,,,gut_n262_5E2s_0,3569,,gutim,262,
287,1127.645,0.2353,144,46,11,3569,,Bb2,,,,,,,,gut_n262_5Bb2s_0,3569,,gutim,262,
287,1127.9391,0.1176,144,60,9,3570,,C4,,,,,,,,gut_n262_1C4t,3570,,gutim,262,
287,1127.9391,0.1176,144,73,9,3570,,Db5,,,,,,,,gut_n262_1Db5t,3570,,gutim,262,
287,1127.9391,0.1176,144,32,9,3570,,Ab1,,,,,,,,gut_n262_5Ab1t_4,3570,,gutim,262,
287,1127.9391,0.1176,144,40,9,3570,,E2,,,,,,,,gut_n262_5E2t_4,3570,,gutim,262,
287,1127.9391,0.1176,144,46,9,3570,,Bb2,,,,,,,,gut_n262_5Bb2t,3570,,gutim,262,
287,1128.0861,0.3529,144,60,8,3571,,C4,,,,,,,,gut_n262_1C4s,3571,,gutim,262,
287,1128.0861,0.3529,144,73,8,3571,,Db5,,,,,,,,gut_n262_1Db5s,3571,,gutim,262,
287,1128.0861,0.3529,144,32,8,3571,,Ab1,,,,,,,,gut_n262_5Ab1s_3,3571,,gutim,262,
287,1128.0861,0.3529,144,40,8,3571,,E2,,,,,,,,gut_n262_5E2s_1,3571,,gutim,262,
287,1128.0861,0.3529,144,46,8,3571,,Bb2,,,,,,,,gut_n262_5Bb2s_1,3571,,gutim,262,
,,,,,,,5993,,,,,,,,,,,,gutim,,
287,1128.7234,0.1569,144,105,22,3572,,A7,,,,,,,,gut_n262_1A7s,3572,,gutim,262,
287,1128.9195,0.6275,144,105,22,3573,,A7,,,,,,,,gut_n262_1A7q,3573,,gutim,262,
287,1128.9195,0.3762,144,29,22,3573,,F1,,,,,,,,gut_n262_5F1e_0,3573,,gutim,262,
287,1129.3898000000002,0.2512,144,29,22,3574,,F1,,,,,,,,gut_n262_5F1e_1,3574,,gutim,262,
287,1129.7038,0.2512,144,29,22,3575,,F1,,,,,,,,gut_n262_5F1e_2,3575,,gutim,262,
287,1129.7038,0.2512,144,51,22,3575,,Eb3,,,,,,,,gut_n262_5Eb3e_0,3575,,gutim,262,
287,1130.0178,0.3762,144,51,22,3576,,Eb3,,,,,,,,gut_n262_5Eb3e_1,3576,,gutim,262,
287,1130.4881,1.1176,144,85,22,3577,,Db6,,,,,,,,gut_n262_1Db6e,3577,,gutim,262,
287,1130.4881,0.0784,144,51,14,3577,,Eb3,,,,,,,,gut_n262_5Eb3t,3577,,gutim,262,
287,1130.4881,0.0784,144,56,14,3577,,Ab3,,,,,,,,gut_n262_5Ab3t,3577,,gutim,262,
287,1130.5861,0.2353,144,51,15,3578,,Eb3,,,,,,,,gut_n262_5Eb3s,3578,,gutim,262,
287,1130.5861,0.2353,144,56,15,3578,,Ab3,,,,,,,,gut_n262_5Ab3s,3578,,gutim,262,
287,1130.5861,0.2353,144,61,15,3578,,Db4,,,,,,,,gut_n262_5Db4s,3578,,gutim,262,
287,1130.8803,0.3725,144,51,17,3579,,Eb3,,,,,,,,gut_n262_5Eb3e_2,3579,,gutim,262,
287,1130.8803,0.3137,144,56,17,3579,,Ab3,,,,,,,,gut_n262_5Ab3e,3579,,gutim,262,
287,1130.8803,0.3137,144,61,17,3579,,Db4,,,,,,,,gut_n262_5Db4e,3579,,gutim,262,
287,1131.2724,0.3137,144,32,20,3580,,Ab1,,,,,,,,gut_n262_5Ab1e_1,3580,,gutim,262,
287,1131.6646,0.1863,144,82,22,3581,,Bb5,,,,,,,,gut_n262_1Bb5s,3581,,gutim,262,
287,1131.6646,0.1863,144,32,20,3581,,Ab1,,,,,,,,gut_n262_5Ab1s_4,3581,,gutim,262,
287,1131.8607,0.1863,144,85,22,3582,,Db6,,,,,,,,gut_n262_1Db6s_2,3582,,gutim,262,
287,1131.8607,0.1863,144,42,18,3582,,Gb2,,,,,,,,gut_n262_5Gb2s,3582,,gutim,262,
,,,,,,,,,,,,,,,,,,288,,,
288,1132.0567,0.0712,144,93,14,3583,,A6,g,e,,,,,,gut_ng263_1A6e,3583,,gutim,263,
288,1132.0567,0.0712,144,96,14,3583,,C7,g,e,,,,,,gut_ng263_1C7e_0,3583,,gutim,263,
288,1132.1317000000001,0.0712,144,100,15,3584,,E7,g,e,,,,,,gut_ng263_1E7e,3584,,gutim,263,
288,1132.1317000000001,0.0712,144,63,12,3584,,Eb4,g,,,,,,,gut_ng263_5Eb4e_0,3584,,gutim,263,
288,1132.2067,0.0712,144,96,17,3585,,C7,g,e,,,,,,gut_ng263_1C7e_1,3585,,gutim,263,
288,1132.2067,0.0712,144,53,11,3585,,F3,g,,,,,,,gut_ng263_5F3e_0,3585,,gutim,263,
288,1132.2817,0.0712,144,74,18,3586,,D5,g,e,,,,,,gut_ng263_1D5e,3586,,gutim,263,
288,1132.2817,0.0712,144,63,10,3586,,Eb4,g,,,,,,,gut_ng263_5Eb4e_1,3586,,gutim,263,
288,1132.3567,0.0712,144,73,20,3587,,Db5,g,e,,,,,,gut_ng263_1Db5e_0,3587,,gutim,263,
288,1132.3567,0.0712,144,53,10,3587,,F3,g,,,,,,,gut_ng263_5F3e_1,3587,,gutim,263,
288,1132.4317,0.0712,144,68,21,3588,,Ab4,g,e,,,,,,gut_ng263_1Ab4e_0,3588,,gutim,263,
288,1132.4317,0.0712,144,63,9,3588,,Eb4,g,,,,,,,gut_ng263_5Eb4e_2,3588,,gutim,263,
288,1132.5067000000001,0.0712,144,73,22,3589,,Db5,g,E,,,,,,gut_ng263_1Db5e_1,3589,,gutim,263,
288,1132.5067000000001,0.0712,144,53,9,3589,,F3,g,,,,,,,gut_ng263_5F3e_2,3589,,gutim,263,
288,1132.5817,0.0712,144,54,8,3590,,Gb3,g,,,,,,,gut_ng263_5Gb3e,3590,,gutim,263,
288,1132.6567,0.7451,144,84,22,3591,,C6,,,,d,,,,gut_n263_1C6q,3591,,gutim,263,
288,1132.6567,0.7451,144,85,11,3591,,Db6,,,,d,,,,gut_n263_1Db6q,3591,,gutim,263,
288,1132.6567,0.7451,144,87,11,3591,,Eb6,,,,d,,,,gut_n263_1Eb6q,3591,,gutim,263,
288,1132.6567,0.7451,144,88,11,3591,,Fb6,,,,d,,,,gut_n263_1Fb6q,3591,,gutim,263,
288,1132.6567,1.1176,144,48,8,3591,,C3,,,,d,,,,gut_n263_5C3q,3591,,gutim,263,
288,1133.441,0.3137,144,54,17,3592,,Gb3,,,,d,,,,gut_n263_1Gb3e,3592,,gutim,263,
288,1133.8847,0.0712,144,97,22,3593,,C#7,g,,,D,,,,gut_ng263_1Cs7e_0,3593,,gutim,263,
288,1133.9597,0.0712,144,108,21,3594,,C8,g,,,,,,,gut_ng263_1C8e_0,3594,,gutim,263,
288,1134.0347000000002,0.0712,144,97,20,3595,,C#7,g,,,,,,,gut_ng263_1Cs7e_1,3595,,gutim,263,
288,1134.1097,0.0712,144,108,20,3596,,C8,g,,,,,,,gut_ng263_1C8e_1,3596,,gutim,263,
288,1134.1847,0.0712,144,97,19,3597,,C#7,g,,,,,,,gut_ng263_1Cs7e_2,3597,,gutim,263,
288,1134.2597,0.0712,144,88,18,3598,,E6,g,,,,,,,gut_ng263_1E6e,3598,,gutim,263,
288,1134.3347,0.0712,144,106,17,3599,,Bb7,g,,,,,,,gut_ng263_1Bb7e_0,3599,,gutim,263,
288,1134.4097000000002,0.0712,144,76,16,3600,,E5,g,,,,,,,gut_ng263_1E5e_0,3600,,gutim,263,
288,1134.4847,0.0712,144,96,16,3601,,C7,g,,,,,,,gut_ng263_1C7e_2,3601,,gutim,263,
288,1134.5597,0.0712,144,76,15,3602,,E5,g,,,,,,,gut_ng263_1E5e_1,3602,,gutim,263,
288,1134.6347,0.0712,144,94,14,3603,,Bb6,g,,,,,,,gut_ng263_1Bb6e_0,3603,,gutim,263,
288,1134.7097,0.0712,144,68,13,3604,,Ab4,g,,,,,,,gut_ng263_1Ab4e_1,3604,,gutim,263,
288,1134.7847000000002,0.0712,144,76,13,3605,,E5,g,,,,,,,gut_ng263_1E5e_2,3605,,gutim,263,
288,1134.8597,0.0712,144,94,12,3606,,Bb6,g,,,,,,,gut_ng263_1Bb6e_1,3606,,gutim,263,
288,1134.9347,0.0712,144,64,11,3607,,E4,g,,,,,,,gut_ng263_1E4e,3607,,gutim,263,
288,1135.0097,1.1176,144,71,11,3608,,B4,,,,,,,,gut_n263_1B4q,3608,,gutim,263,
288,1135.0097,0.9412,144,56,8,3608,,Ab3,,,,,,,,gut_n263_5Ab3q,3608,,gutim,263,
288,1135.5861,0.0712,144,85,7,3609,,C#6,g,,,,,,,gut_ng263_1Cs6e,3609,,gutim,263,
288,1135.6611,0.0712,144,108,7,3610,,C8,g,,,,,,,gut_ng263_1C8e_2,3610,,gutim,263,
288,1135.7361,0.0712,144,97,6,3611,,C#7,g,,,,,,,gut_ng263_1Cs7e_3,3611,,gutim,263,
288,1135.8111000000001,0.0712,144,76,6,3612,,E5,g,,,,,,,gut_ng263_1E5e_3,3612,,gutim,263,
288,1135.8861,0.0712,144,106,6,3613,,Bb7,g,,,,,,,gut_ng263_1Bb7e_1,3613,,gutim,263,
288,1135.9611,0.0712,144,76,6,3614,,E5,g,,,,,,,gut_ng263_1E5e_4,3614,,gutim,263,
288,1136.0361,0.0712,144,108,5,3615,,C8,g,,,,,,,gut_ng263_1C8e_3,3615,,gutim,263,
288,1136.1111,0.0712,144,68,5,3616,,Ab4,g,,,,,,,gut_ng263_1Ab4e_2,3616,,gutim,263,
288,1136.1861000000001,0.0931,144,37,8,3617,,C#2,,e,,d,,,,gut_n263_5Cs2t_0,3617,,gutim,263,
288,1136.2842,0.0931,144,57,8,3618,,A3,,e,,d,,,,gut_n263_5A3t_0,3618,,gutim,263,
288,1136.3822,0.0931,144,50,8,3619,,D3,,e,,d,,,,gut_n263_5D3t_0,3619,,gutim,263,
288,1136.4803,0.0931,144,37,8,3620,,C#2,,e,,d,,,,gut_n263_5Cs2t_1,3620,,gutim,263,
288,1136.5783000000001,0.0931,144,57,8,3621,,A3,,e,,d,,,,gut_n263_5A3t_1,3621,,gutim,263,
288,1136.6763,0.0931,144,50,8,3622,,D3,,e,,d,,,,gut_n263_5D3t_1,3622,,gutim,263,
288,1136.7744,0.0931,144,57,8,3623,,A3,,e,,d,,,,gut_n263_5A3t_2,3623,,gutim,263,
288,1136.8724,0.3725,144,50,8,3624,,D3,,E,5994,d,,,,gut_n263_5D3e,3624,,gutim,263,
288,1137.0685,0.1397,144,34,20,3625,,Bb1,,,,,,,,gut_n263_1Bb1t_0,3625,,gutim,263,
288,1137.2156,0.1176,144,34,21,3626,,Bb1,,,,,,,,gut_n263_1Bb1t_1,3626,,gutim,263,
288,1137.2156,0.1176,144,66,21,3626,,Gb4,,,,,,,,gut_n263_1Gb4t,3626,,gutim,263,
,,,,,,,,,,,,,,,,,,289,,,
289,1137.3626000000002,0.9412,144,75,22,3627,,Eb5,,,,,,,,gut_n264_1Eb5q,3627,,gutim,264,
289,1137.3626000000002,0.0944,144,72,22,3627,,C5,,,,,,,,gut_n264_2C5t,3627,,gutim,264,
289,1137.3626000000002,0.1176,144,34,22,3627,,Bb1,,,,,,,,gut_n264_5Bb1t,3627,,gutim,264,
289,1137.3626000000002,0.1176,144,66,22,3627,,Gb4,,,,,,,,gut_n264_5Gb4t,3627,,gutim,264,
289,1137.5985,0.1121,144,61,14,3628,,Db4,,,,d,,,,gut_n264_2Db4t_0,3628,,gutim,264,
289,1137.7165,0.1121,144,70,13,3629,,Bb4,,,,,,,,gut_n264_2Bb4t,3629,,gutim,264,
289,1137.8344,0.1121,144,61,12,3630,,Db4,,,,,,,,gut_n264_2Db4t_1,3630,,gutim,264,
289,1137.9524000000001,0.3347,144,52,11,3631,,E3,,,,,,,,gut_n264_2E3s,3631,,gutim,264,
289,1137.9508,0.0931,144,57,8,3631,,A3,,,,d,,,,gut_n264_5A3t,3631,,gutim,264,
289,1138.0489,0.0931,144,50,8,3632,,D3,,,,d,,,,gut_n264_5D3t,3632,,gutim,264,
289,1138.1469,0.1863,144,41,8,3633,,F2,,,,d,,,,gut_n264_5F2s_0,3633,,gutim,264,
289,1138.3047000000001,0.2227,144,44,8,3634,,G#2,,,,,,,,gut_n264_2Gs2s,3634,,gutim,264,
289,1138.343,0.1863,144,35,8,3635,,B1,,,,d,,,,gut_n264_5B1s,3635,,gutim,264,
289,1138.5391,0.6275,144,35,8,3636,,B1,,,,d,,,,gut_n264_5B1q_0,3636,,gutim,264,
289,1138.5391,0.6275,144,41,8,3636,,F2,,,,d,,,,gut_n264_5F2q_0,3636,,gutim,264,
289,1138.5391,0.6275,144,50,8,3636,,D3,,,,d,,,,gut_n264_5D3q_0,3636,,gutim,264,
289,1138.5391,0.6275,144,57,8,3636,,A3,,,,d,,,,gut_n264_5A3q_0,3636,,gutim,264,
289,1138.6861000000001,0.1176,144,84,22,3637,,C6,,,,d,,,,gut_n264_1C6t,3637,,gutim,264,
289,1138.8332,0.2353,144,62,22,3638,,D4,,,,d,,,,gut_n264_1D4s,3638,,gutim,264,
289,1138.8332,0.2353,144,84,22,3638,,C6,,,,d,,,,gut_n264_1C6s,3638,,gutim,264,
289,1139.3234,0.9412,144,35,8,3639,,B1,,,,d,,,,gut_n264_5B1e,3639,,gutim,264,
289,1139.3234,0.9412,144,41,8,3639,,F2,,,,d,,,,gut_n264_5F2e_0,3639,,gutim,264,
289,1139.3234,0.9412,144,50,8,3639,,D3,,,,d,,,,gut_n264_5D3e_0,3639,,gutim,264,
289,1139.3234,0.9412,144,57,8,3639,,A3,,,,d,,,,gut_n264_5A3e,3639,,gutim,264,
289,1139.3893,0.0626,144,63,8,3640,,D#4,,,,D,,,,gut_n264_1Ds4x_0,3640,,gutim,264,
289,1139.4551000000001,0.0626,144,59,9,3641,,B3,,,,,,,,gut_n264_1B3x,3641,,gutim,264,
289,1139.521,0.0626,144,68,10,3642,,G#4,,,,,,,,gut_n264_1Gs4x_0,3642,,gutim,264,
289,1139.5869,0.0626,144,63,12,3643,,D#4,,,,,,,,gut_n264_1Ds4x_1,3643,,gutim,264,
289,1139.6527,0.0626,144,68,13,3644,,G#4,,,,,,,,gut_n264_1Gs4x_1,3644,,gutim,264,
289,1139.7186000000002,0.0931,144,63,14,3645,,D#4,,,,,,,,gut_n264_1Ds4t,3645,,gutim,264,
289,1139.8136,0.0931,144,68,16,3646,,G#4,,,,,,,,gut_n264_1Gs4t,3646,,gutim,264,
289,1139.9116000000001,0.0931,144,59,17,3647,,B3,,,,,,,,gut_n264_1B3t,3647,,gutim,264,
289,1140.0097,0.0931,144,31,19,3648,,G1,,,,,,,,gut_n264_1G1t_0,3648,,gutim,264,
289,1140.1077,0.1863,144,21,21,3649,,A0,,,,,,,,gut_n264_1A0s_0,3649,,gutim,264,
289,1140.4999,0.3137,144,23,20,3650,,B0,,,,d,,,,gut_n264_5B0e,3650,,gutim,264,
289,1140.4999,0.3137,144,37,20,3650,,C#2,,,,d,,,,gut_n264_5Cs2e,3650,,gutim,264,
289,1140.4999,0.3137,144,41,20,3650,,F2,,,,d,,,,gut_n264_5F2e_1,3650,,gutim,264,
289,1140.4999,0.3137,144,50,20,3650,,D3,,,,d,,,,gut_n264_5D3e_1,3650,,gutim,264,
289,1140.5979,0.0931,144,31,22,3651,,G1,,,,d,,,,gut_n264_1G1t_1,3651,,gutim,264,
289,1140.6959,0.7451,144,21,22,3652,,A0,,,,d,,,,gut_n264_1A0s_1,3652,,gutim,264,
289,1141.2842,0.0784,144,23,24,3653,,B0,,,,d,,,,gut_n264_5B0s,3653,,gutim,264,
289,1141.2842,0.1569,144,37,24,3653,,C#2,,,,d,,,,gut_n264_5Cs2s,3653,,gutim,264,
289,1141.2842,0.1569,144,41,24,3653,,F2,,,,d,,,,gut_n264_5F2s_1,3653,,gutim,264,
289,1141.2842,0.1569,144,50,24,3653,,D3,,,,D,5994,,,gut_n264_5D3s,3653,,gutim,264,
,,,,,,,5994,,,,,,,,,,,,gutim,,
289,1141.7744,0.2353,144,48,11,3654,,C3,,,,d,,,,gut_n264_5C3s,3654,,gutim,264,
,,,,,,,,,,,,,,,,,,290,,,
290,1142.0685,0.06,144,53,8,3655,,F3,g,,,d,,,,gut_ng265_5F3e,3655,,gutim,265,
290,1142.1435000000001,0.2794,144,51,11,3656,,D#3,,,,d,,,,gut_n265_1Ds3s,3656,,gutim,265,
290,1142.1435000000001,0.2353,144,52,11,3656,,E3,,,,d,,,,gut_n265_1E3s,3656,,gutim,265,
290,1142.1435000000001,0.2353,144,63,11,3656,,D#4,,,,d,,,,gut_n265_1Ds4s,3656,,gutim,265,
290,1142.1435000000001,0.1397,144,43,8,3656,,G2,,,,D,,,,gut_n265_5G2t_0,3656,,gutim,265,
290,1142.2906,0.0931,144,63,9,3657,,D#4,,,,,,,,gut_n265_5Ds4t,3657,,gutim,265,
290,1142.3886,0.0931,144,52,9,3658,,E3,,,,,,,,gut_n265_5E3t_0,3658,,gutim,265,
290,1142.4376,0.2794,144,56,12,3659,,G#3,,,,,,,,gut_n265_1Gs3s,3659,,gutim,265,
290,1142.4866,0.0931,144,53,9,3660,,F3,,,,,,,,gut_n265_5F3t_0,3660,,gutim,265,
290,1142.5847,0.0931,144,52,9,3661,,E3,,,,,,,,gut_n265_5E3t_1,3661,,gutim,265,
290,1142.6827,0.0931,144,53,10,3662,,F3,,,,,,,,gut_n265_5F3t_1,3662,,gutim,265,
290,1142.7317,0.5588,144,33,14,3663,,A1,,,,,,,,gut_n265_1A1e,3663,,gutim,265,
290,1142.7807,0.0931,144,52,10,3664,,E3,,,,,,,,gut_n265_5E3t_2,3664,,gutim,265,
290,1142.8788,0.1397,144,53,10,3665,,F3,,,,,,,,gut_n265_5F3t_2,3665,,gutim,265,
290,1143.0258000000001,0.1397,144,52,10,3666,,E3,,,,,,,,gut_n265_5E3t_3,3666,,gutim,265,
290,1143.1729,0.1397,144,43,11,3667,,G2,,,,,,,,gut_n265_5G2t_1,3667,,gutim,265,
290,1143.32,0.0931,144,75,11,3668,,D#5,,,,,,,,gut_n265_5Ds5t_0,3668,,gutim,265,
290,1143.4180000000001,0.0931,144,52,11,3669,,E3,,,,,,,,gut_n265_5E3t_4,3669,,gutim,265,
290,1143.516,0.0931,144,47,12,3670,,B2,,,,,,,,gut_n265_5B2t_0,3670,,gutim,265,
290,1143.6141,0.1397,144,75,12,3671,,D#5,,,,,,,,gut_n265_5Ds5t_1,3671,,gutim,265,
290,1143.7611,0.0931,144,47,12,3672,,B2,,,,,,,,gut_n265_5B2t_1,3672,,gutim,265,
290,1143.8592,0.1397,144,65,12,3673,,F4,,,,,,,,gut_n265_5F4t,3673,,gutim,265,
290,1144.0062,0.1397,144,52,13,3674,,E3,,,,,,,,gut_n265_5E3t_5,3674,,gutim,265,
290,1144.1533,0.1397,144,31,13,3675,,G1,,,,,,,,gut_n265_5G1t,3675,,gutim,265,
290,1144.3004,0.0931,144,87,14,3676,,D#6,,,,,,,,gut_n265_5Ds6t,3676,,gutim,265,
290,1144.3984,0.0931,144,40,14,3677,,E2,,,,,,,,gut_n265_5E2t,3677,,gutim,265,
290,1144.4964,1.1176,144,35,14,3678,,B1,,,,d,,,,gut_n265_5B1q,3678,,gutim,265,
290,1144.7906,0.2353,144,62,22,3679,,D4,,,,d,,,,gut_n265_1D4s_0,3679,,gutim,265,
290,1144.7906,0.2353,144,84,22,3679,,C6,,,,d,,,,gut_n265_1C6s_0,3679,,gutim,265,
290,1145.0847,0.3529,144,62,22,3680,,D4,,,,d,,,,gut_n265_1D4s_1,3680,,gutim,265,
290,1145.0847,0.3529,144,84,22,3680,,C6,,,,d,,,,gut_n265_1C6s_1,3680,,gutim,265,
290,1145.0847,0.3529,144,88,22,3680,,E6,,,,d,,,,gut_n265_1E6s,3680,,gutim,265,
290,1145.6729,0.9412,144,62,8,3681,,D4,,,,d,,,,gut_n265_1D4q,3681,,gutim,265,
290,1145.6729,0.9412,144,84,8,3681,,C6,,,,d,,,,gut_n265_1C6q,3681,,gutim,265,
290,1145.6729,0.9412,144,88,8,3681,,E6,,,,d,,,,gut_n265_1E6q,3681,,gutim,265,
290,1146.2611,0.1397,144,52,5,3682,,E3,,,,D,5995,,,gut_n265_5E3t_6,3682,,gutim,265,
290,1146.4082,0.0931,144,60,6,3683,,C4,,,,,,,,gut_n265_5C4t_0,3683,,gutim,265,
290,1146.5062,0.1397,144,52,6,3684,,E3,,,,,,,,gut_n265_5E3t_7,3684,,gutim,265,
290,1146.6244000000002,0.06,144,60,11,3685,,C4,g,,,,,,,gut_ng265_1C4e,3685,,gutim,265,
290,1146.6533,0.0931,144,60,7,3686,,C4,,,,,,,,gut_n265_5C4t_1,3686,,gutim,265,
290,1146.6994,0.06,144,40,11,3687,,E2,g,,,,,,,gut_ng265_1E2e,3687,,gutim,265,
290,1146.7513000000001,0.0931,144,56,8,3688,,Ab3,,,,,,,,gut_n265_5Ab3t,3688,,gutim,265,
290,1146.7744,0.06,144,49,11,3689,,C#3,g,,,,,,,gut_ng265_1Cs3e,3689,,gutim,265,
290,1146.8494,0.0931,144,32,11,3690,,G#1,,,,,,,,gut_n265_1Gs1t,3690,,gutim,265,
290,1146.8494,2.3529,144,25,8,3690,,C#1,,,,,,,,gut_n265_5Cs1h,3690,,gutim,265,
290,1146.9474,0.3725,144,58,10,3691,,A#3,,,,,,,,gut_n265_1As3e,3691,,gutim,265,
290,1147.3396,0.0931,144,61,8,3692,,Db4,,e,,,,,,gut_n265_1Db4t_0,3692,,gutim,265,
290,1147.4376,0.0931,144,70,8,3693,,Bb4,,e,,,,,,gut_n265_1Bb4t,3693,,gutim,265,
290,1147.5357000000001,0.0931,144,72,7,3694,,C5,,e,,,,,,gut_n265_1C5t,3694,,gutim,265,
290,1147.6337,0.0931,144,61,6,3695,,Db4,,e,,,,,,gut_n265_1Db4t_1,3695,,gutim,265,
290,1147.7317,0.0931,144,84,6,3696,,C6,,e,,,,,,gut_n265_1C6t,3696,,gutim,265,
290,1147.8298,0.0466,144,61,5,3697,,Db4,,E,5995,,,,,gut_n265_1Db4x,3697,,gutim,265,
290,1147.8788,0.1397,144,52,5,3698,,E3,,,,,,,,gut_n265_1E3t,3698,,gutim,265,
290,1149.7906,0.0931,144,25,11,3699,,C#1,,,,,,,,gut_n265_5Cs1t_0,3699,,gutim,265,
290,1149.8886,1.3039,144,35,12,3700,,B1,,,,,,,,gut_n265_5B1t_0,3700,,gutim,265,
290,1151.2611,0.0931,144,25,12,3701,,C#1,,,,,,,,gut_n265_5Cs1t_1,3701,,gutim,265,
290,1151.3592,0.0931,144,35,14,3702,,B1,,,,,,,,gut_n265_5B1t_1,3702,,gutim,265,
290,1151.4572,0.0931,144,79,17,3703,,G5,,,,,,,,gut_n265_5G5t,3703,,gutim,265,
,,,,,,,5995,,,,,,,,,,,,gutim,,
,,,,,,,,,,,,,,,,,,291,,,
291,1151.5553,0.0712,144,63,8,3704,,Eb4,g,,,d,,,,gut_ng266_5Eb4e,3704,,gutim,266,
291,1151.6303,0.06,144,93,5,3705,,A6,g,,,d,,,,gut_ng266_2A6e,3705,,gutim,266,
291,1151.6303,0.0712,144,52,11,3705,,E3,g,,,d,,,,gut_ng266_5E3e,3705,,gutim,266,
291,1151.7053,2.6078,144,75,22,3706,,Eb5,,,,d,,,,gut_n266_2Eb5h_0,3706,,gutim,266,
291,1151.7053,1.1176,144,44,5,3706,,Ab2,,,,d,,,,gut_n266_5Ab2q,3706,,gutim,266,
291,1151.7053,1.1176,144,47,14,3706,,B2,,,,d,,,,gut_n266_5B2q,3706,,gutim,266,
291,1151.7053,1.1176,144,51,5,3706,,Eb3,,,,d,,,,gut_n266_5Eb3q,3706,,gutim,266,
291,1152.8817000000001,0.5588,144,75,17,3707,,Eb5,,,,d,,,,gut_n266_1Eb5e,3707,,gutim,266,
291,1153.47,0.1397,144,62,17,3708,,D4,,,,d,,,,gut_n266_1D4t_0,3708,,gutim,266,
291,1153.617,0.1397,144,24,17,3709,,C1,,,,d,,,,gut_n266_1C1t_0,3709,,gutim,266,
291,1153.666,0.1863,144,48,5,3710,,C3,,,,d,,,,gut_n266_5C3s,3710,,gutim,266,
291,1153.8621,0.1863,144,40,5,3711,,E2,,,,d,,,,gut_n266_5E2s,3711,,gutim,266,
291,1154.0582,0.0931,144,48,5,3712,,C3,,,,d,,,,gut_n266_5C3t,3712,,gutim,266,
291,1154.1562000000001,0.0931,144,40,5,3713,,E2,,,,d,,,,gut_n266_5E2t,3713,,gutim,266,
291,1154.4504,0.3725,144,75,14,3714,,Eb5,,,,d,,,,gut_n266_2Eb5e,3714,,gutim,266,
291,1154.8425,2.9804,144,75,14,3715,,Eb5,,,,d,,,,gut_n266_2Eb5h_1,3715,,gutim,266,
291,1154.8425,2.6078,144,37,14,3715,,Db2,,,,D,5996,,,gut_n266_5Db2e_0,3715,,gutim,266,
291,1157.5126,0.06,144,45,9,3716,,A2,g,,,,,,,gut_ng266_1A2e,3716,,gutim,266,
291,1157.5876,1.3838,144,71,9,3717,,B4,,,,,,,,gut_n266_1B4q,3717,,gutim,266,
291,1157.5876,0.3137,144,37,9,3717,,Db2,,,,,,,,gut_n266_5Db2e_1,3717,,gutim,266,
291,1157.9798,1.2185,144,75,8,3718,,Eb5,,,,,,,,gut_n266_2Eb5h_3,3718,,gutim,266,
291,1157.9798,1.2185,144,85,8,3718,,Db6,,,,,,,,gut_n266_2Db6h,3718,,gutim,266,
291,1157.9798,1.447,144,37,8,3718,,Db2,,,,,,,,gut_n266_5Db2h,3718,,gutim,266,
291,1157.9798,1.447,144,47,8,3718,,B2,,,,,,,,gut_n266_5B2h_0,3718,,gutim,266,
291,1159.3173,0.0883,144,42,6,3719,,Gb2,,,,,,,,gut_n266_1Gb2t_0,3719,,gutim,266,
291,1159.4103,0.088,144,29,5,3720,,F1,,,,,,,,gut_n266_1F1t_0,3720,,gutim,266,
291,1159.5029,0.0877,144,42,5,3721,,Gb2,,,,,,,,gut_n266_1Gb2t_1,3721,,gutim,266,
291,1159.5029,1.372,144,36,5,3721,,C2,,,,,,,,gut_n266_5C2h,3721,,gutim,266,
291,1159.5029,1.372,144,47,5,3721,,B2,,,,,,,,gut_n266_5B2h_1,3721,,gutim,266,
291,1159.5952,0.0874,144,29,5,3722,,F1,,,,,,,,gut_n266_1F1t_1,3722,,gutim,266,
291,1159.6872,0.1464,144,103,5,3723,,G7,,,,,,,,gut_n266_2G7s,3723,,gutim,266,
291,1160.4114,0.1021,144,34,11,3724,,Bb1,,e,,,,,,gut_n266_1Bb1t,3724,,gutim,266,
291,1160.5189,0.1021,144,66,9,3725,,Gb4,,e,,,,,,gut_n266_1Gb4t,3725,,gutim,266,
291,1160.6263000000001,0.1021,144,75,6,3726,,Eb5,,e,,,,,,gut_n266_1Eb5t,3726,,gutim,266,
291,1160.7337,0.1021,144,62,4,3727,,D4,,e,,,,,,gut_n266_1D4t_1,3727,,gutim,266,
291,1160.8411,0.1007,144,24,2,3728,,C1,,E,5996,,,,,gut_n266_1C1t_1,3728,,gutim,266,
,,,,,,,5996,,,,,,,,,,,,gutim,,
,,,,,,,,,,,,,,,,,,292,,,
292,1160.9472,0.06,144,75,20,3729,,Eb5,g,,,,,,,gut_ng267_1Eb5e,3729,,gutim,267,
292,1161.0222,0.06,144,48,19,3730,,C3,g,,,,,,,gut_ng267_1C3e,3730,,gutim,267,
292,1161.0972000000002,0.06,144,87,19,3731,,Eb6,g,,,,,,,gut_ng267_1Eb6e,3731,,gutim,267,
292,1161.1722,0.1021,144,49,18,3732,,C#3,,,,,,,,gut_n267_1Cs3t_0,3732,,gutim,267,
292,1161.1722,0.2857,144,55,22,3732,,G3,,,,,,,,gut_n267_5G3e_0,3732,,gutim,267,
292,1161.2796,0.1021,144,59,18,3733,,B3,,,,,,,,gut_n267_1B3t_0,3733,,gutim,267,
292,1161.387,0.1021,144,49,17,3734,,C#3,,,,,,,,gut_n267_1Cs3t_1,3734,,gutim,267,
292,1161.4944,0.4082,144,59,16,3735,,B3,,,,,,,,gut_n267_1B3s_0,3735,,gutim,267,
292,1161.5293000000001,0.0848,144,42,5,3736,,Gb2,,,,,,,,gut_n267_5Gb2t_0,3736,,gutim,267,
292,1161.6186,0.0848,144,29,5,3737,,F1,,,,,,,,gut_n267_5F1t_0,3737,,gutim,267,
292,1161.7079,0.0848,144,42,5,3738,,Gb2,,,,,,,,gut_n267_5Gb2t_1,3738,,gutim,267,
292,1161.7972,0.0848,144,29,5,3739,,F1,,,,,,,,gut_n267_5F1t_1,3739,,gutim,267,
292,1161.9241,0.1021,144,49,13,3740,,C#3,,,,,,,,gut_n267_1Cs3t_2,3740,,gutim,267,
292,1162.0315,0.1021,144,59,12,3741,,B3,,,,,,,,gut_n267_1B3t_1,3741,,gutim,267,
292,1162.1390000000001,0.0994,144,91,11,3742,,G6,,,,,,,,gut_n267_1G6t,3742,,gutim,267,
292,1162.7043,0.0712,144,48,11,3743,,C3,g,,,,,,,gut_ng267_5C3e_0,3743,,gutim,267,
292,1162.7793000000001,0.0848,144,61,8,3744,,Db4,,,,,,,,gut_n267_1Db4t_0,3744,,gutim,267,
292,1162.7793000000001,0.5089,144,54,11,3744,,Gb3,,,,,,,,gut_n267_5Gb3e_0,3744,,gutim,267,
292,1162.8686,0.0848,144,70,9,3745,,Bb4,,,,,,,,gut_n267_1Bb4t_0,3745,,gutim,267,
292,1162.9579,0.0848,144,61,9,3746,,Db4,,,,,,,,gut_n267_1Db4t_1,3746,,gutim,267,
292,1163.0472,0.0848,144,70,10,3747,,Bb4,,,,,,,,gut_n267_1Bb4t_1,3747,,gutim,267,
292,1163.1364,0.1696,144,84,11,3748,,C6,,,,,,,,gut_n267_1C6s,3748,,gutim,267,
292,1163.24,0.0712,144,48,14,3749,,C3,g,,,,,,,gut_ng267_5C3e_1,3749,,gutim,267,
292,1163.315,0.5089,144,54,14,3750,,Gb3,,,,,,,,gut_n267_5Gb3e_1,3750,,gutim,267,
292,1163.8507,3.8571,144,69,17,3751,,A4,,,,,,,,gut_n267_1A4e,3751,,gutim,267,
292,1165.4579,0.3393,144,51,20,3752,,Eb3,,,,,,,,gut_n267_5Eb3e_0,3752,,gutim,267,
292,1165.815,0.1696,144,25,15,3753,,Db1,,,,,,,,gut_n267_5Db1s,3753,,gutim,267,
292,1165.9936,0.1021,144,24,13,3754,,C1,,e,,,,,,gut_n267_5C1t_0,3754,,gutim,267,
292,1166.101,0.1021,144,47,11,3755,,B2,,e,,,,,,gut_n267_5B2t,3755,,gutim,267,
292,1166.2084,0.1021,144,24,10,3756,,C1,,e,,,,,,gut_n267_5C1t_1,3756,,gutim,267,
292,1166.3159,0.1021,144,35,8,3757,,B1,,e,,,,,,gut_n267_5B1t_0,3757,,gutim,267,
292,1166.3159,0.1021,144,39,8,3757,,Eb2,,e,,,,,,gut_n267_5Eb2t,3757,,gutim,267,
292,1166.4233000000002,0.1021,144,24,7,3758,,C1,,e,,,,,,gut_n267_5C1t_2,3758,,gutim,267,
292,1166.5307,0.1021,144,35,5,3759,,B1,,E,5997,,,,,gut_n267_5B1t_1,3759,,gutim,267,
292,1166.6381000000001,0.1021,144,55,5,3760,,G3,,,,,,,,gut_n267_5G3t,3760,,gutim,267,
292,1168.6722,0.2679,144,24,14,3761,,C1,,,,,,,,gut_n267_5C1e_0,3761,,gutim,267,
292,1168.6722,0.4286,144,25,14,3761,,Db1,,,,,,,,gut_n267_5Db1e,3761,,gutim,267,
292,1168.6722,0.4286,144,35,14,3761,,B1,,,,,,,,gut_n267_5B1e,3761,,gutim,267,
292,1168.6722,0.4286,144,51,14,3761,,Eb3,,,,,,,,gut_n267_5Eb3e_1,3761,,gutim,267,
292,1168.6722,0.4286,144,55,14,3761,,G3,,,,,,,,gut_n267_5G3e_1,3761,,gutim,267,
292,1169.2079,0.5089,144,24,8,3762,,C1,,,,,,,,gut_n267_5C1e_1,3762,,gutim,267,
292,1169.2079,0.4286,144,37,8,3762,,Db2,,,,,,,,gut_n267_5Db2e,3762,,gutim,267,
292,1169.2079,0.4286,144,47,8,3762,,B2,,,,,,,,gut_n267_5B2e,3762,,gutim,267,
292,1169.2079,0.4286,144,51,8,3762,,Eb3,,,,,,,,gut_n267_5Eb3e_2,3762,,gutim,267,
292,1169.2079,0.4286,144,55,8,3762,,G3,,,,,,,,gut_n267_5G3e_2,3762,,gutim,267,
,,,,,,,5997,,,,,,,,,,,,gutim,,
,,,,,,,,,,,,,,,,,,293,,,
293,1169.7436,1.7143,144,63,8,3763,,Eb4,,,,,,,,gut_n268_5Eb4h_0,3763,,gutim,268,
293,1170.815,0.0636,144,80,8,3764,,Ab5,,,,,,,,gut_n268_1Ab5x_0,3764,,gutim,268,
293,1170.882,0.0636,144,75,8,3765,,Eb5,,,,,,,,gut_n268_1Eb5x_0,3765,,gutim,268,
293,1170.9489,0.0636,144,80,8,3766,,Ab5,,,,,,,,gut_n268_1Ab5x_1,3766,,gutim,268,
293,1171.0159,0.0636,144,75,8,3767,,Eb5,,,,,,,,gut_n268_1Eb5x_1,3767,,gutim,268,
293,1171.0829,0.0636,144,80,9,3768,,Ab5,,,,,,,,gut_n268_1Ab5x_2,3768,,gutim,268,
293,1171.1498000000001,0.0636,144,75,9,3769,,Eb5,,,,,,,,gut_n268_1Eb5x_2,3769,,gutim,268,
293,1171.2168000000001,0.0636,144,71,9,3770,,B4,,,,,,,,gut_n268_1B4x_0,3770,,gutim,268,
293,1171.2838000000002,0.0954,144,75,9,3771,,Eb5,,e,,,,,,gut_n268_1Eb5x_3,3771,,gutim,268,
293,1171.3842,0.0954,144,80,9,3772,,Ab5,,e,,,,,,gut_n268_1Ab5x_3,3772,,gutim,268,
293,1171.4847,0.0954,144,59,9,3773,,B3,,e,,,,,,gut_n268_1B3x,3773,,gutim,268,
293,1171.5851,0.0954,144,63,10,3774,,Eb4,,e,,,,,,gut_n268_1Eb4x,3774,,gutim,268,
293,1171.6856,0.0954,144,80,10,3775,,Ab5,,e,,,,,,gut_n268_1Ab5x_4,3775,,gutim,268,
293,1171.786,0.0954,144,47,10,3776,,B2,,e,,,,,,gut_n268_1B2x,3776,,gutim,268,
293,1171.8864,0.0636,144,80,10,3777,,Ab5,,E,,,,,,gut_n268_1Ab5x_5,3777,,gutim,268,
293,1171.8864,0.0848,144,33,8,3777,,A1,,,,,,,,gut_n268_5A1t_0,3777,,gutim,268,
293,1171.9534,0.0636,144,75,10,3778,,Eb5,,,,,,,,gut_n268_1Eb5x_4,3778,,gutim,268,
293,1171.9757,0.0848,144,43,8,3779,,G2,,,,,,,,gut_n268_5G2t_0,3779,,gutim,268,
293,1172.0204,0.0636,144,80,10,3780,,Ab5,,,,,,,,gut_n268_1Ab5x_6,3780,,gutim,268,
293,1172.065,0.0848,144,33,8,3781,,A1,,,,,,,,gut_n268_5A1t_1,3781,,gutim,268,
293,1172.0873000000001,0.0636,144,75,10,3782,,Eb5,,,,,,,,gut_n268_1Eb5x_5,3782,,gutim,268,
293,1172.1543000000001,0.0636,144,80,11,3783,,Ab5,,,,,,,,gut_n268_1Ab5x_7,3783,,gutim,268,
293,1172.1543000000001,0.1272,144,43,9,3783,,G2,,,,,,,,gut_n268_5G2t_1,3783,,gutim,268,
293,1172.2213000000002,0.0636,144,75,11,3784,,Eb5,,,,,,,,gut_n268_1Eb5x_6,3784,,gutim,268,
293,1172.2882,0.0636,144,71,11,3785,,B4,,,,,,,,gut_n268_1B4x_1,3785,,gutim,268,
293,1172.2882,0.1272,144,33,9,3785,,A1,,,,,,,,gut_n268_5A1t_2,3785,,gutim,268,
293,1172.3552,0.0954,144,75,11,3786,,Eb5,,e,,,,,,gut_n268_1Eb5x_7,3786,,gutim,268,
293,1172.4222,0.1272,144,43,11,3787,,G2,,,,,,,,gut_n268_5G2t_2,3787,,gutim,268,
293,1172.4556,0.0954,144,80,11,3788,,Ab5,,e,,,,,,gut_n268_1Ab5x_8,3788,,gutim,268,
293,1172.5561,0.0954,144,71,11,3789,,B4,,e,,,,,,gut_n268_1B4x_2,3789,,gutim,268,
293,1172.5561,0.0848,144,33,11,3789,,A1,,,,,,,,gut_n268_5A1t_3,3789,,gutim,268,
293,1172.6454,0.0848,144,43,12,3790,,G2,,,,,,,,gut_n268_5G2t_3,3790,,gutim,268,
293,1172.6565,0.0954,144,75,12,3791,,Eb5,,e,,,,,,gut_n268_1Eb5x_8,3791,,gutim,268,
293,1172.7347,0.0848,144,33,12,3792,,A1,,,,,,,,gut_n268_5A1t_4,3792,,gutim,268,
293,1172.757,0.0954,144,80,12,3793,,Ab5,,e,,,,,,gut_n268_1Ab5x_9,3793,,gutim,268,
293,1172.8239,0.1272,144,43,14,3794,,G2,,,,,,,,gut_n268_5G2t_4,3794,,gutim,268,
293,1172.8574,0.0954,144,71,12,3795,,B4,,E,,,,,,gut_n268_1B4x_3,3795,,gutim,268,
293,1174.0293000000001,1.7143,144,63,8,3796,,Eb4,,,,,,,,gut_n268_5Eb4h_1,3796,,gutim,268,
293,1176.1722,0.1458,144,88,12,3797,,E6,,,,,,,,gut_n268_1E6t_0,3797,,gutim,268,
293,1176.3256000000001,0.1458,144,49,13,3798,,C#3,,,,,,,,gut_n268_1Cs3t_0,3798,,gutim,268,
293,1176.4791,0.2187,144,49,15,3799,,C#3,,,,,,,,gut_n268_1Cs3t_1,3799,,gutim,268,
293,1176.4791,0.2187,144,88,15,3799,,E6,,,,,,,,gut_n268_1E6t_1,3799,,gutim,268,
293,1176.6329,0.06,144,69,17,3800,,A4,g,,,,,,,gut_ng268_5A4e,3800,,gutim,268,
293,1176.7093,0.2187,144,68,17,3801,,G#4,,,,,,,,gut_n268_1Gs4t,3801,,gutim,268,
293,1176.7093,0.2187,144,88,17,3801,,E6,,,,,,,,gut_n268_1E6t_2,3801,,gutim,268,
293,1176.7079,1.0179,144,64,17,3801,,E4,,,,,,,,gut_n268_5E4q,3801,,gutim,268,
293,1176.9395,0.1458,144,84,8,3802,,C6,,,,,,,,gut_n268_1C6t,3802,,gutim,268,
293,1177.0929,0.1431,144,58,8,3803,,Bb3,,,,,,,,gut_n268_1Bb3t,3803,,gutim,268,
293,1177.7793000000001,0.5089,144,68,14,3804,,G#4,,,,,,,,gut_n268_5Gs4e,3804,,gutim,268,
,,,,,,,,,,,,,,,,,,294,,,
294,1178.315,5.1429,144,77,20,3805,,F5,,,,d,,,,gut_n269_1F5w,3805,,gutim,269,
294,1178.315,2.1429,144,58,8,3805,,Bb3,,,,d,,,,gut_n269_2Bb3h_0,3805,,gutim,269,
294,1178.315,2.1429,144,68,8,3805,,Ab4,,,,d,,,,gut_n269_2Ab4h_0,3805,,gutim,269,
294,1178.315,2.1429,144,84,8,3805,,C6,,,,d,,,,gut_n269_2C6h_0,3805,,gutim,269,
294,1178.315,2.1429,144,88,8,3805,,E6,,,,d,,,,gut_n269_2E6h_0,3805,,gutim,269,
294,1178.315,2.1429,144,64,8,3805,,E4,,,,d,,,,gut_n269_6E4h_0,3805,,gutim,269,
294,1178.315,2.1429,144,69,8,3805,,A4,,,,d,,,,gut_n269_6A4h_0,3805,,gutim,269,
294,1180.9936,3.0,144,58,11,3806,,Bb3,,,,,,,,gut_n269_2Bb3q,3806,,gutim,269,
294,1180.9936,3.0,144,68,11,3806,,Ab4,,,,,,,,gut_n269_2Ab4q,3806,,gutim,269,
294,1180.9936,3.0,144,84,11,3806,,C6,,,,,,,,gut_n269_2C6q,3806,,gutim,269,
294,1180.9936,3.0,144,88,11,3806,,E6,,,,,,,,gut_n269_2E6q,3806,,gutim,269,
294,1180.9936,3.0,144,64,11,3806,,E4,,,,,,,,gut_n269_6E4q,3806,,gutim,269,
294,1180.9936,3.0,144,69,11,3806,,A4,,,,,,,,gut_n269_6A4q,3806,,gutim,269,
294,1184.7436,4.9286,144,77,14,3807,,F5,,,,d,,,,gut_n269_1F5h,3807,,gutim,269,
294,1184.7436,1.7143,144,68,5,3807,,Ab4,,,,d,,,,gut_n269_2Ab4h_2,3807,,gutim,269,
294,1184.7436,1.7143,144,40,5,3807,,E2,,,,d,,,,gut_n269_5E2h,3807,,gutim,269,
294,1184.7436,1.7143,144,64,14,3807,,E4,,,,d,,,,gut_n269_6E4h_2,3807,,gutim,269,
294,1184.7436,1.7143,144,69,5,3807,,A4,,,,d,,,,gut_n269_6A4h_2,3807,,gutim,269,
,,,,,,,,,,,,,,,,,,295,,,
295,1186.8864,3.4286,144,68,8,3808,,Ab4,,,,,,,,gut_n270_2Ab4w_0,3808,,gutim,270,
295,1186.8864,3.4286,144,50,8,3808,,D3,,,,D,,,,gut_n270_5D3w,3808,,gutim,270,
295,1186.8864,3.4286,144,64,8,3808,,E4,,,,,,,,gut_n270_6E4w_0,3808,,gutim,270,
295,1186.8864,3.4286,144,69,8,3808,,A4,,,,,,,,gut_n270_6A4w_0,3808,,gutim,270,
295,1190.9043000000001,0.1339,144,62,20,3809,,D4,,,,,,,,gut_n270_1D4s,3809,,gutim,270,
295,1190.9043000000001,0.2143,144,84,20,3809,,C6,,,,,,,,gut_n270_1C6s,3809,,gutim,270,
295,1190.9043000000001,0.2143,144,88,20,3809,,E6,,,,,,,,gut_n270_1E6s,3809,,gutim,270,
295,1191.1722,3.4286,144,62,8,3810,,D4,,,,,,,,gut_n270_1D4w,3810,,gutim,270,
295,1191.1722,3.4286,144,84,8,3810,,C6,,,,,,,,gut_n270_1C6w,3810,,gutim,270,
295,1191.1722,3.4286,144,88,8,3810,,E6,,,,,,,,gut_n270_1E6w,3810,,gutim,270,
295,1191.1722,3.4286,144,68,11,3810,,Ab4,,,,,,,,gut_n270_2Ab4w_1,3810,,gutim,270,
295,1191.1722,3.4286,144,64,8,3810,,E4,,,,,,,,gut_n270_6E4w_1,3810,,gutim,270,
295,1191.1722,3.4286,144,69,8,3810,,A4,,,,,,,,gut_n270_6A4w_1,3810,,gutim,270,
295,1191.7079,0.1429,144,44,20,3811,,G#2,,,,,,,,gut_n270_5Gs2s,3811,,gutim,270,
295,1191.8864,2.0,144,44,11,3812,,G#2,,,,,,,,gut_n270_5Gs2e,3812,,gutim,270,
295,1191.8864,2.0,144,49,11,3812,,C#3,,,,,,,,gut_n270_5Cs3e,3812,,gutim,270,
295,1194.3864,0.1272,144,37,5,3813,,C#2,,,,,,,,gut_n270_5Cs2t_0,3813,,gutim,270,
295,1194.5204,0.1272,144,57,4,3814,,A3,,,,,,,,gut_n270_5A3t_0,3814,,gutim,270,
295,1194.6543000000001,0.0848,144,35,4,3815,,B1,,e,,,,,,gut_n270_5B1t_0,3815,,gutim,270,
295,1194.7436,0.0848,144,41,3,3816,,F2,,e,,,,,,gut_n270_5F2t_0,3816,,gutim,270,
295,1194.8329,0.0848,144,35,3,3817,,B1,,e,,,,,,gut_n270_5B1t_1,3817,,gutim,270,
295,1194.8329,0.0848,144,37,3,3817,,C#2,,e,,,,,,gut_n270_5Cs2t_1,3817,,gutim,270,
295,1194.9222,0.0848,144,41,3,3818,,F2,,e,,,,,,gut_n270_5F2t_1,3818,,gutim,270,
295,1195.0114,0.0848,144,23,2,3819,,B0,,e,,,,,,gut_n270_5B0t,3819,,gutim,270,
295,1195.1007,0.0848,144,57,2,3820,,A3,,e,,,,,,gut_n270_5A3t_1,3820,,gutim,270,
295,1195.19,0.0848,144,41,1,3821,,F2,,e,,,,,,gut_n270_5F2t_2,3821,,gutim,270,
295,1195.2793000000001,0.1696,144,23,1,3822,,B0,,E,5998,,,,,gut_n270_5B0s,3822,,gutim,270,
,,,,,,,,,,,,,,,,,,296,,,
296,1195.4579,1.7143,144,68,14,3823,,Ab4,,,,d,,,,gut_n271_1Ab4h,3823,,gutim,271,
296,1195.4579,1.7143,144,62,5,3823,,D4,,,,d,,,,gut_n271_2D4h,3823,,gutim,271,
296,1195.4579,1.7143,144,84,5,3823,,C6,,,,d,,,,gut_n271_2C6h,3823,,gutim,271,
296,1195.4579,1.7143,144,88,5,3823,,E6,,,,d,,,,gut_n271_2E6h,3823,,gutim,271,
296,1195.4579,1.7143,144,64,14,3823,,E4,,,,d,,,,gut_n271_6E4h,3823,,gutim,271,
296,1195.4579,1.7143,144,69,14,3823,,A4,,,,D,5998,,,gut_n271_6A4h,3823,,gutim,271,
296,1197.6007,0.5714,144,77,20,3824,,F5,,,,,,,,gut_n271_2F5q,3824,,gutim,271,
296,1197.6007,0.5714,144,31,20,3824,,G1,,,,,,,,gut_n271_5G1q,3824,,gutim,271,
296,1197.6007,0.5714,144,40,20,3824,,E2,,,,,,,,gut_n271_5E2q,3824,,gutim,271,
296,1198.315,0.0848,144,52,5,3825,,E3,,,,,,,,gut_n271_2E3t_0,3825,,gutim,271,
296,1198.4043000000001,0.0848,144,60,5,3826,,C4,,,,,,,,gut_n271_2C4t_0,3826,,gutim,271,
296,1198.4936,0.0848,144,52,6,3827,,E3,,,,,,,,gut_n271_2E3t_1,3827,,gutim,271,
296,1198.5829,0.0848,144,60,6,3828,,C4,,,,,,,,gut_n271_2C4t_1,3828,,gutim,271,
296,1198.6722,0.0848,144,52,7,3829,,E3,,,,,,,,gut_n271_2E3t_2,3829,,gutim,271,
296,1198.6722,0.0848,144,60,7,3829,,C4,,,,,,,,gut_n271_2C4t_2,3829,,gutim,271,
296,1198.6722,0.0848,144,90,7,3829,,Gb6,,,,,,,,gut_n271_2Gb6t_0,3829,,gutim,271,
296,1198.7614,0.1696,144,65,7,3830,,F4,,,,,,,,gut_n271_2F4s,3830,,gutim,271,
296,1199.0293000000001,0.0848,144,90,8,3831,,Gb6,,,,,,,,gut_n271_2Gb6t_1,3831,,gutim,271,
296,1199.1186,0.0848,144,77,5,3832,,F5,,,,,,,,gut_n271_2F5t,3832,,gutim,271,
,,,,,,,5998,,,,,,,,,,,,gutim,,
296,1199.3418000000001,0.067,144,55,20,3833,,G3,,,,,,,,gut_n271_5G3t_0,3833,,gutim,271,
296,1199.4757,0.067,144,55,8,3834,,G3,,,,,,,,gut_n271_5G3t_1,3834,,gutim,271,
296,1199.4757,0.1071,144,59,8,3834,,B3,,,,,,,,gut_n271_5B3t_0,3834,,gutim,271,
296,1199.6097,1.8214,144,55,8,3835,,G3,,,,,,,,gut_n271_5G3t_2,3835,,gutim,271,
296,1199.6097,1.8214,144,59,8,3835,,B3,,,,,,,,gut_n271_5B3t_1,3835,,gutim,271,
296,1201.3507,0.0636,144,102,5,3836,,Gb7,,e,,,,,,gut_n271_2Gb7x,3836,,gutim,271,
296,1201.4177,0.0636,144,76,6,3837,,E5,,e,,,,,,gut_n271_2E5x,3837,,gutim,271,
296,1201.4847,0.0636,144,89,7,3838,,F6,,e,,,,,,gut_n271_2F6x,3838,,gutim,271,
296,1201.5516,0.0636,144,84,8,3839,,C6,,e,,,,,,gut_n271_2C6x_0,3839,,gutim,271,
296,1201.6186,0.0636,144,80,9,3840,,Ab5,,e,,,,,,gut_n271_2Ab5x,3840,,gutim,271,
296,1201.6856,0.0954,144,64,10,3841,,E4,,E,,,,,,gut_n271_2E4x,3841,,gutim,271,
296,1201.786,0.0954,144,84,11,3842,,C6,,,,d,,,,gut_n271_2C6x_1,3842,,gutim,271,
296,1201.8864,0.8571,144,48,8,3843,,C3,,,,d,,,,gut_n271_5C3q,3843,,gutim,271,
296,1201.8864,0.8571,144,55,8,3843,,G3,,,,d,,,,gut_n271_5G3q,3843,,gutim,271,
296,1201.8864,0.8571,144,59,8,3843,,B3,,,,d,,,,gut_n271_5B3q,3843,,gutim,271,
296,1202.2079,0.0712,144,38,17,3844,,D2,g,e,,d,,,,gut_ng271_6D2e_0,3844,,gutim,271,
296,1202.2829000000002,0.0712,144,48,16,3845,,C3,g,e,,,,,,gut_ng271_6C3e_0,3845,,gutim,271,
296,1202.3579,0.0712,144,38,14,3846,,D2,g,e,,,,,,gut_ng271_6D2e_1,3846,,gutim,271,
296,1202.4329,0.0712,144,52,13,3847,,E3,g,e,,,,,,gut_ng271_6E3e_0,3847,,gutim,271,
296,1202.5079,0.0712,144,37,12,3848,,Db2,g,e,,,,,,gut_ng271_6Db2e_0,3848,,gutim,271,
296,1202.5829,0.057,144,33,10,3849,,A1,g,e,,,,,,gut_ng271_6A1e_0,3849,,gutim,271,
296,1202.5829,0.0712,144,38,10,3849,,D2,g,e,,,,,,gut_ng271_6D2e_2,3849,,gutim,271,
296,1202.5829,0.0712,144,48,10,3849,,C3,g,e,,,,,,gut_ng271_6C3e_1,3849,,gutim,271,
296,1202.5829,0.0712,144,52,10,3849,,E3,g,e,,,,,,gut_ng271_6E3e_1,3849,,gutim,271,
296,1202.6579000000002,0.0712,144,37,9,3850,,Db2,g,e,,,,,,gut_ng271_6Db2e_1,3850,,gutim,271,
296,1202.7329,0.0712,144,64,8,3851,,E4,g,e,,,,,,gut_ng271_6E4e,3851,,gutim,271,
296,1202.8079,0.0712,144,33,6,3852,,A1,g,e,,,,,,gut_ng271_6A1e_1,3852,,gutim,271,
296,1202.8829,0.0712,144,37,5,3853,,Db2,g,E,,,,,,gut_ng271_6Db2e_2,3853,,gutim,271,
296,1202.9579,0.3817,144,68,11,3854,,Ab4,,,,,,,,gut_n271_2Ab4s,3854,,gutim,271,
296,1203.3597,0.2545,144,62,11,3855,,D4,,,,,,,,gut_n271_2D4s,3855,,gutim,271,
296,1203.6275,0.3817,144,49,11,3856,,C#3,,,,,,,,gut_n271_2Cs3s,3856,,gutim,271,
296,1203.7614,0.1272,144,37,5,3857,,Db2,,,,,,,,gut_n271_6Db2t_0,3857,,gutim,271,
296,1203.8954,0.1071,144,37,8,3858,,Db2,,,,,,,,gut_n271_6Db2t_1,3858,,gutim,271,
,,,,,,,,,,,,,,,,,,297,,,
297,1204.0293000000001,0.1272,144,100,8,3859,,E7,,,,d,,,,gut_n272_1E7t,3859,,gutim,272,
297,1204.0293000000001,0.4286,144,37,11,3859,,Db2,,,,d,,t,,gut_n272_5Db2e,3859,,gutim,272,
297,1204.0293000000001,0.4286,144,52,11,3859,,E3,,,,d,,t,,gut_n272_5E3e,3859,,gutim,272,
297,1204.1632,0.1272,144,68,9,3860,,Ab4,,,,,,,,gut_n272_1Ab4t_0,3860,,gutim,272,
297,1204.2972,0.1908,144,58,10,3861,,Bb3,,,,,,,,gut_n272_1Bb3t_0,3861,,gutim,272,
297,1204.4981,0.1908,144,96,11,3862,,C7,,,,,,,,gut_n272_1C7t_0,3862,,gutim,272,
297,1204.565,0.2143,144,76,8,3863,,E5,,,,,,,,gut_n272_5E5s,3863,,gutim,272,
297,1204.6989,0.1272,144,68,12,3864,,Ab4,,,,,,,,gut_n272_1Ab4t_1,3864,,gutim,272,
297,1204.8329,0.1272,144,58,13,3865,,Bb3,,,,,,,,gut_n272_1Bb3t_1,3865,,gutim,272,
297,1204.8329,0.2143,144,88,8,3865,,E6,,,,,,,,gut_n272_5E6s,3865,,gutim,272,
297,1204.9668000000001,0.1272,144,96,14,3866,,C7,,,,,,,,gut_n272_1C7t_1,3866,,gutim,272,
297,1205.1007,0.0848,144,64,5,3867,,E4,,,,d,,,,gut_n272_1E4t_0,3867,,gutim,272,
297,1205.1007,0.0893,144,44,11,3867,,G#2,,,,d,,t,,gut_n272_5Gs2s,3867,,gutim,272,
297,1205.1007,0.5714,144,53,11,3867,,F3,,,,d,,t,,gut_n272_5F3s,3867,,gutim,272,
297,1205.19,0.0848,144,78,5,3868,,F#5,,,,,,,,gut_n272_1Fs5t,3868,,gutim,272,
297,1205.2793000000001,0.0848,144,72,6,3869,,C5,,,,,,,,gut_n272_1C5t_0,3869,,gutim,272,
297,1205.3686,0.1272,144,64,6,3870,,E4,,,,,,,,gut_n272_1E4t_1,3870,,gutim,272,
297,1205.5025,0.1272,144,72,7,3871,,C5,,,,,,,,gut_n272_1C5t_1,3871,,gutim,272,
297,1205.6364,0.1696,144,78,8,3872,,F#5,,,,,,,,gut_n272_1Fs5s,3872,,gutim,272,
297,1205.815,0.8571,144,76,8,3873,,E5,,,,,,,,gut_n272_1E5e_0,3873,,gutim,272,
297,1205.815,0.8571,144,80,8,3873,,G#5,,,,,,,,gut_n272_1Gs5e_0,3873,,gutim,272,
297,1205.815,0.2857,144,48,11,3873,,C3,,,,,,,,gut_n272_5C3e_0,3873,,gutim,272,
297,1206.1722,0.1272,144,37,11,3874,,C#2,,,,d,,t,,gut_n272_5Cs2t_0,3874,,gutim,272,
297,1206.3061,0.1272,144,45,11,3875,,A2,,,,,,,,gut_n272_5A2t,3875,,gutim,272,
297,1206.44,0.0848,144,35,11,3876,,B1,,,,,,,,gut_n272_5B1t_0,3876,,gutim,272,
297,1206.5293000000001,0.0848,144,41,11,3877,,F2,,,,,,,,gut_n272_5F2t,3877,,gutim,272,
297,1206.6186,0.0848,144,35,11,3878,,B1,,,,,,,,gut_n272_5B1t_1,3878,,gutim,272,
297,1206.6186,0.0848,144,37,11,3878,,C#2,,,,,,,,gut_n272_5Cs2t_1,3878,,gutim,272,
297,1206.7079,0.1696,144,41,11,3879,,F2,,,,,,,,gut_n272_5F2s,3879,,gutim,272,
297,1206.8864,0.1786,144,76,17,3880,,E5,,,,,,,,gut_n272_1E5e_1,3880,,gutim,272,
297,1206.8864,0.2857,144,80,17,3880,,G#5,,,,,,,,gut_n272_1Gs5e_1,3880,,gutim,272,
297,1206.8864,0.2857,144,81,17,3880,,A5,,,,,,,,gut_n272_1A5e,3880,,gutim,272,
297,1206.8864,0.1786,144,48,17,3880,,C3,,,,,,,,gut_n272_5C3e_1,3880,,gutim,272,
297,1206.8864,0.2857,144,54,17,3880,,F#3,,,,,,,,gut_n272_5Fs3e,3880,,gutim,272,
297,1207.2436,0.8571,144,58,8,3881,,Bb3,,,,d,,t,,gut_n272_1Bb3q,3881,,gutim,272,
297,1207.2436,0.8571,144,68,8,3881,,Ab4,,,,d,,t,,gut_n272_1Ab4q,3881,,gutim,272,
297,1207.2436,0.8571,144,96,8,3881,,C7,,,,d,,t,,gut_n272_1C7q,3881,,gutim,272,
297,1207.2436,0.8571,144,100,8,3881,,E7,,,,d,,t,,gut_n272_1E7q,3881,,gutim,272,
297,1207.6007,0.0848,144,42,8,3882,,F#2,,,,,,,,gut_n272_5Fs2t_0,3882,,gutim,272,
297,1207.69,0.0848,144,80,9,3883,,G#5,,,,,,,,gut_n272_5Gs5t,3883,,gutim,272,
297,1207.7793000000001,0.0848,144,81,11,3884,,A5,,,,,,,,gut_n272_5A5t,3884,,gutim,272,
297,1207.8686,0.0848,144,36,12,3885,,C2,,,,,,,,gut_n272_5C2t,3885,,gutim,272,
297,1207.9579,0.0848,144,64,14,3886,,E4,,,,,,,,gut_n272_5E4t,3886,,gutim,272,
297,1208.0472,0.0848,144,42,16,3887,,F#2,,,,,,,,gut_n272_5Fs2t_1,3887,,gutim,272,
297,1208.1364,0.1696,144,68,17,3888,,G#4,,,,,,,,gut_n272_5Gs4s,3888,,gutim,272,
297,1208.315,0.1272,144,88,8,3889,,E6,,,,d,,t,,gut_n272_1E6t,3889,,gutim,272,
297,1208.4489,0.1272,144,56,9,3890,,Ab3,,,,,,,,gut_n272_1Ab3t_0,3890,,gutim,272,
297,1208.5829,0.1908,144,46,10,3891,,Bb2,,,,,,,,gut_n272_1Bb2t_0,3891,,gutim,272,
297,1208.7838000000002,0.1908,144,84,11,3892,,C6,,,,,,,,gut_n272_1C6t_0,3892,,gutim,272,
297,1208.9847,0.1272,144,56,12,3893,,Ab3,,,,,,,,gut_n272_1Ab3t_1,3893,,gutim,272,
297,1209.1186,0.1272,144,46,13,3894,,Bb2,,,,,,,,gut_n272_1Bb2t_1,3894,,gutim,272,
297,1209.2525,0.1272,144,84,14,3895,,C6,,,,,,,,gut_n272_1C6t_1,3895,,gutim,272,
,,,,,,,,,,,,,,,,,,298,,,
298,1209.3864,0.8571,144,69,17,3896,,A4,,,,d,,T,5999,gut_n273_1A4q,3896,,gutim,273,
298,1209.3864,0.1071,144,25,17,3896,,C#1,,,,d,,,,gut_n273_5Cs1t_0,3896,,gutim,273,
298,1209.5204,0.1071,144,57,16,3897,,A3,,,,,,,,gut_n273_5A3t,3897,,gutim,273,
298,1209.6543000000001,0.0714,144,23,14,3898,,B0,,e,,,,,,gut_n273_5B0t_0,3898,,gutim,273,
298,1209.7436,0.0714,144,41,13,3899,,F2,,e,,,,,,gut_n273_5F2t,3899,,gutim,273,
298,1209.8329,0.0714,144,23,13,3900,,B0,,e,,,,,,gut_n273_5B0t_1,3900,,gutim,273,
298,1209.8329,0.0714,144,25,13,3900,,C#1,,e,,,,,,gut_n273_5Cs1t_1,3900,,gutim,273,
298,1209.9222,0.0714,144,29,12,3901,,F1,,e,,,,,,gut_n273_5F1t_0,3901,,gutim,273,
298,1210.0114,0.0714,144,23,11,3902,,B0,,e,,,,,,gut_n273_5B0t_2,3902,,gutim,273,
298,1210.1007,0.0714,144,45,10,3903,,A2,,e,,,,,,gut_n273_5A2t,3903,,gutim,273,
298,1210.19,0.0714,144,29,9,3904,,F1,,e,,,,,,gut_n273_5F1t_1,3904,,gutim,273,
298,1210.2793000000001,1.5714,144,23,8,3905,,B0,,E,,d,,,,gut_n273_5B0s,3905,,gutim,273,
298,1212.2436,0.3393,144,23,11,3906,,B0,,,,d,,,,gut_n273_5B0e,3906,,gutim,273,
298,1212.2436,0.2857,144,25,11,3906,,C#1,,,,d,,,,gut_n273_5Cs1e,3906,,gutim,273,
298,1212.2436,0.2857,144,29,11,3906,,F1,,,,d,,,,gut_n273_5F1e,3906,,gutim,273,
298,1212.2436,0.2857,144,45,11,3906,,A2,,,,d,,,,gut_n273_5A2e,3906,,gutim,273,
298,1212.3329,0.0848,144,64,5,3907,,E4,,,,d,,,,gut_n273_1E4t_0,3907,,gutim,273,
298,1212.4222,0.0848,144,78,5,3908,,F#5,,,,d,,,,gut_n273_1Fs5t,3908,,gutim,273,
298,1212.5114,0.0848,144,72,5,3909,,C5,,,,d,,,,gut_n273_1C5t,3909,,gutim,273,
298,1212.6007,0.1524,144,92,8,3910,,Ab6,,,,d,,,,gut_n273_1Ab6t_0,3910,,gutim,273,
298,1212.6007,0.8571,144,63,11,3910,,Eb4,,,,d,,,,gut_n273_5Eb4q,3910,,gutim,273,
298,1212.6007,0.8571,144,77,11,3910,,F5,,,,D,5999,,,gut_n273_5F5q,3910,,gutim,273,
298,1212.7598,0.1021,144,76,9,3911,,E5,,,,,,,,gut_n273_1E5t,3911,,gutim,273,
298,1212.8672000000001,0.1524,144,92,9,3912,,Ab6,,,,,,,,gut_n273_1Ab6t_1,3912,,gutim,273,
298,1213.0276000000001,0.1021,144,64,10,3913,,E4,,,,,,,,gut_n273_1E4t_1,3913,,gutim,273,
298,1213.1351,0.0504,144,84,10,3914,,C6,,e,,,,,,gut_n273_1C6x_0,3914,,gutim,273,
298,1213.1881,0.0504,144,98,10,3915,,D7,,e,,,,,,gut_n273_1D7x_0,3915,,gutim,273,
298,1213.2411,0.0504,144,84,10,3916,,C6,,e,,,,,,gut_n273_1C6x_1,3916,,gutim,273,
298,1213.2941,0.0504,144,98,11,3917,,D7,,e,,,,,,gut_n273_1D7x_1,3917,,gutim,273,
298,1213.3471,0.0504,144,84,11,3918,,C6,,e,,,,,,gut_n273_1C6x_2,3918,,gutim,273,
298,1213.4001,0.0504,144,73,11,3919,,Db5,,e,,,,,,gut_n273_1Db5x,3919,,gutim,273,
298,1213.4531,0.1021,144,92,11,3920,,Ab6,,E,5999,,,,,gut_n273_1Ab6t_2,3920,,gutim,273,
298,1213.5606,0.1021,144,64,12,3921,,E4,,,,,,,,gut_n273_1E4t_2,3921,,gutim,273,
298,1213.6680000000001,0.1021,144,98,12,3922,,D7,,,,,,,,gut_n273_1D7t_0,3922,,gutim,273,
298,1213.7768,0.1021,144,84,12,3923,,C6,,,,,,,,gut_n273_1C6t,3923,,gutim,273,
298,1213.8842,0.1021,144,98,12,3924,,D7,,,,,,,,gut_n273_1D7t_1,3924,,gutim,273,
298,1213.9916,0.2054,144,84,12,3925,,C6,,,,,,,,gut_n273_1C6s,3925,,gutim,273,
298,1214.2079,0.2143,144,64,22,3926,,E4,,,,,,,,gut_n273_1E4e,3926,,gutim,273,
298,1214.2079,0.4286,144,68,22,3926,,G#4,,,,,,,,gut_n273_1Gs4e,3926,,gutim,273,
298,1214.2079,0.4286,144,69,22,3926,,A4,,,,,,,,gut_n273_1A4e,3926,,gutim,273,
298,1214.2079,0.2143,144,56,14,3926,,Ab3,,,,,,,,gut_n273_2Ab3e,3926,,gutim,273,
298,1214.2079,0.4286,144,60,14,3926,,C4,,,,,,,,gut_n273_2C4e,3926,,gutim,273,
298,1214.2079,0.2143,144,24,22,3926,,C1,,,,,,,,gut_n273_5C1e,3926,,gutim,273,
298,1214.2079,0.4286,144,30,22,3926,,Gb1,,,,,,,,gut_n273_5Gb1e,3926,,gutim,273,
298,1214.2079,0.2143,144,23,8,3926,,B0,,,,,,,,gut_n273_6B0e,3926,,gutim,273,
298,1214.2079,0.4286,144,25,8,3926,,Db1,,,,,,,,gut_n273_6Db1e,3926,,gutim,273,
298,1214.2079,0.4286,144,29,8,3926,,F1,,,,,,,,gut_n273_6F1e,3926,,gutim,273,
,,,,,,,5999,,,,,,,,,,,,gutim,,
,,,,,,,,,,,,,,,,,,299,,,
299,1216.3507,0.0848,144,64,5,3927,,E4,,,,,,,,gut_n274_1E4t,3927,,gutim,274,
299,1216.44,0.0848,144,78,6,3928,,F#5,,,,,,,,gut_n274_1Fs5t_0,3928,,gutim,274,
299,1216.5293000000001,0.0848,144,72,6,3929,,C5,,,,,,,,gut_n274_1C5t_0,3929,,gutim,274,
299,1216.6186,0.0848,144,78,7,3930,,F#5,,,,,,,,gut_n274_1Fs5t_1,3930,,gutim,274,
299,1216.7079,0.0848,144,72,8,3931,,C5,,,,,,,,gut_n274_1C5t_1,3931,,gutim,274,
299,1216.7972,0.0848,144,78,8,3932,,F#5,,,,,,,,gut_n274_1Fs5t_2,3932,,gutim,274,
299,1216.8864,0.1696,144,77,9,3933,,F5,,,,,,,,gut_n274_1F5s,3933,,gutim,274,
299,1217.065,0.3393,144,68,9,3934,,Ab4,,,,,,,,gut_n274_1Ab4e,3934,,gutim,274,
299,1217.4222,1.2857,144,46,8,3935,,Bb2,,,,,,,,gut_n274_1Bb2q,3935,,gutim,274,
299,1217.4222,1.2857,144,56,8,3935,,Ab3,,,,,,,,gut_n274_1Ab3q,3935,,gutim,274,
299,1217.4222,1.2857,144,60,8,3935,,C4,,,,,,,,gut_n274_1C4q,3935,,gutim,274,
299,1217.4222,1.2857,144,23,8,3935,,B0,,,,,,,,gut_n274_5B0q,3935,,gutim,274,
299,1217.4222,1.2857,144,25,8,3935,,Db1,,,,,,,,gut_n274_5Db1q,3935,,gutim,274,
299,1217.4222,1.2857,144,29,8,3935,,F1,,,,,,,,gut_n274_5F1q,3935,,gutim,274,
299,1219.0293000000001,0.4286,144,46,11,3936,,Bb2,,,,,,,,gut_n274_1Bb2e,3936,,gutim,274,
299,1219.0293000000001,0.4286,144,56,11,3936,,Ab3,,,,,,,,gut_n274_1Ab3e,3936,,gutim,274,
299,1219.0293000000001,0.4286,144,60,11,3936,,C4,,,,,,,,gut_n274_1C4e,3936,,gutim,274,
299,1219.0293000000001,0.4286,144,23,5,3936,,B0,,,,,,,,gut_n274_5B0e,3936,,gutim,274,
299,1219.0293000000001,0.4286,144,25,5,3936,,Db1,,,,,,,,gut_n274_5Db1e,3936,,gutim,274,
299,1219.0293000000001,0.4286,144,29,5,3936,,F1,,,,,,,,gut_n274_5F1e,3936,,gutim,274,
299,1219.565,0.0714,144,48,8,3937,,C3,,e,,,,,,gut_n274_5C3t,3937,,gutim,274,
299,1219.6543000000001,0.0714,144,52,8,3938,,E3,,e,,,,,,gut_n274_5E3t_0,3938,,gutim,274,
299,1219.7436,0.0714,144,38,7,3939,,D2,,e,,,,,,gut_n274_5D2t_0,3939,,gutim,274,
299,1219.8329,0.0714,144,52,7,3940,,E3,,e,,,,,,gut_n274_5E3t_1,3940,,gutim,274,
299,1219.9222,0.0714,144,38,6,3941,,D2,,e,,,,,,gut_n274_5D2t_1,3941,,gutim,274,
299,1220.0114,0.0714,144,64,6,3942,,E4,,e,,,,,,gut_n274_5E4t,3942,,gutim,274,
,,,,,,,,,,,,,,,,,,300,,,
300,1220.1007,0.75,144,80,20,3943,,Ab5,,,,d,,,,gut_n275_1Ab5e,3943,,gutim,275,
300,1220.1007,0.2143,144,32,5,3943,,Ab1,,E,,,,,,gut_n275_5Ab1s_0,3943,,gutim,275,
300,1220.3686,0.6429,144,32,4,3944,,Ab1,,,,,,,,gut_n275_5Ab1e,3944,,gutim,275,
300,1220.3686,0.6429,144,37,4,3944,,Db2,,,,,,,,gut_n275_5Db2e,3944,,gutim,275,
300,1221.0382,0.0536,144,48,17,3945,,C3,,,,d,,,,gut_n275_1C3t,3945,,gutim,275,
300,1221.0382,0.1071,144,55,17,3945,,G3,,,,d,,,,gut_n275_1G3t,3945,,gutim,275,
300,1221.0382,0.1071,144,59,17,3945,,B3,,,,d,,,,gut_n275_1B3t,3945,,gutim,275,
300,1221.1722,0.1524,144,80,8,3946,,Ab5,,,,d,,,,gut_n275_1Ab5t,3946,,gutim,275,
300,1221.1722,0.1524,144,93,17,3946,,A6,,,,d,,,,gut_n275_1A6t,3946,,gutim,275,
300,1221.1722,0.1339,144,32,20,3946,,Ab1,,,,d,,,,gut_n275_5Ab1s_1,3946,,gutim,275,
300,1221.1722,0.2143,144,37,4,3946,,Db2,,,,d,,,,gut_n275_5Db2s,3946,,gutim,275,
300,1221.1722,0.8571,144,42,4,3946,,Gb2,,,,d,,,,gut_n275_5Gb2s,3946,,gutim,275,
300,1221.3326,0.1524,144,40,8,3947,,E2,,,,,,,,gut_n275_1E2t,3947,,gutim,275,
300,1221.493,0.1021,144,72,9,3948,,C5,,,,,,,,gut_n275_1C5t_0,3948,,gutim,275,
300,1221.6005,0.1021,144,86,10,3949,,D6,,,,,,,,gut_n275_1D6t_0,3949,,gutim,275,
300,1221.7079,0.1021,144,72,10,3950,,C5,,,,,,,,gut_n275_1C5t_1,3950,,gutim,275,
300,1221.8153,0.1021,144,86,11,3951,,D6,,,,,,,,gut_n275_1D6t_1,3951,,gutim,275,
300,1221.9227,0.1021,144,72,11,3952,,C5,,,,,,,,gut_n275_1C5t_2,3952,,gutim,275,
300,1222.0301,0.2028,144,61,12,3953,,Db4,,,,,,,,gut_n275_1Db4s,3953,,gutim,275,
300,1222.2436,0.1071,144,25,5,3954,,C#1,,,,,,,,gut_n275_5Cs1t_0,3954,,gutim,275,
300,1222.3775,0.1071,144,57,5,3955,,A3,,,,,,,,gut_n275_5A3t_0,3955,,gutim,275,
300,1222.5114,0.0714,144,23,5,3956,,B0,,e,,d,,,,gut_n275_5B0t_0,3956,,gutim,275,
300,1222.6007,0.0714,144,41,5,3957,,F2,,e,,d,,,,gut_n275_5F2t_0,3957,,gutim,275,
300,1222.69,0.0714,144,23,5,3958,,B0,,e,,d,,,,gut_n275_5B0t_1,3958,,gutim,275,
300,1222.69,0.0714,144,25,5,3958,,C#1,,e,,d,,,,gut_n275_5Cs1t_1,3958,,gutim,275,
300,1222.7793000000001,0.0714,144,29,5,3959,,F1,,e,,d,,,,gut_n275_5F1t_0,3959,,gutim,275,
300,1222.8686,0.0714,144,23,5,3960,,B0,,e,,d,,,,gut_n275_5B0t_2,3960,,gutim,275,
300,1222.9579,0.0714,144,45,5,3961,,A2,,e,,d,,,,gut_n275_5A2t_0,3961,,gutim,275,
300,1223.0472,0.1071,144,29,5,3962,,F1,,E,,d,,,,gut_n275_5F1t_1,3962,,gutim,275,
300,1223.1811,0.1071,144,77,11,3963,,F5,,,,d,,,,gut_n275_1F5t_0,3963,,gutim,275,
300,1223.1811,0.1071,144,31,11,3963,,G1,,,,d,,,,gut_n275_5G1t_0,3963,,gutim,275,
300,1223.1811,0.1071,144,40,11,3963,,E2,,,,d,,,,gut_n275_5E2t_0,3963,,gutim,275,
300,1223.315,0.1071,144,77,20,3964,,F5,,,,d,,,,gut_n275_1F5t_1,3964,,gutim,275,
300,1223.315,0.1071,144,87,20,3964,,Eb6,,,,d,,,,gut_n275_1Eb6t,3964,,gutim,275,
300,1223.315,0.1071,144,31,20,3964,,G1,,,,d,,,,gut_n275_5G1t_1,3964,,gutim,275,
300,1223.315,0.1071,144,40,20,3964,,E2,,,,d,,,,gut_n275_5E2t_1,3964,,gutim,275,
300,1223.4489,0.75,144,77,24,3965,,F5,,,,d,,,,gut_n275_1F5e,3965,,gutim,275,
300,1223.4489,0.75,144,87,24,3965,,Eb6,,,,d,,,,gut_n275_1Eb6e,3965,,gutim,275,
300,1223.4489,0.75,144,31,24,3965,,G1,,,,d,,,,gut_n275_5G1e,3965,,gutim,275,
300,1223.4489,0.75,144,35,24,3965,,B1,,,,d,,,,gut_n275_5B1e,3965,,gutim,275,
300,1223.4489,0.75,144,40,24,3965,,E2,,,,d,,,,gut_n275_5E2e,3965,,gutim,275,
300,1224.3864,0.1272,144,25,5,3966,,C#1,,,,D,,,,gut_n275_5Cs1t_2,3966,,gutim,275,
300,1224.5204,0.1272,144,57,5,3967,,A3,,,,,,,,gut_n275_5A3t_1,3967,,gutim,275,
300,1224.6543000000001,0.0848,144,23,5,3968,,B0,,e,,d,,,,gut_n275_5B0t_3,3968,,gutim,275,
300,1224.7436,0.0848,144,41,5,3969,,F2,,e,,d,,,,gut_n275_5F2t_1,3969,,gutim,275,
300,1224.8329,0.0848,144,23,5,3970,,B0,,e,,d,,,,gut_n275_5B0t_4,3970,,gutim,275,
300,1224.8329,0.0848,144,25,5,3970,,C#1,,e,,d,,,,gut_n275_5Cs1t_3,3970,,gutim,275,
300,1224.9222,0.0848,144,29,5,3971,,F1,,e,,d,,,,gut_n275_5F1t_2,3971,,gutim,275,
300,1225.0114,0.0848,144,23,5,3972,,B0,,e,,d,,,,gut_n275_5B0t_5,3972,,gutim,275,
300,1225.1007,0.0848,144,45,5,3973,,A2,,e,,d,,,,gut_n275_5A2t_1,3973,,gutim,275,
300,1225.19,0.0848,144,29,5,3974,,F1,,e,,d,,,,gut_n275_5F1t_3,3974,,gutim,275,
300,1225.2793000000001,1.1875,144,23,5,3975,,B0,,E,,d,,,,gut_n275_5B0s,3975,,gutim,275,
,,,,,,,,,,,,,,,,,,301,,,
301,1226.1543000000001,0.0712,144,25,5,3976,,C#1,g,,,,,,,gut_ng276_5Cs1e_0,3976,,gutim,276,
301,1226.2293,0.0712,144,38,5,3977,,D2,g,,,,,,,gut_ng276_5D2e_0,3977,,gutim,276,
301,1226.3043,0.0712,144,25,5,3978,,C#1,g,,,,,,,gut_ng276_5Cs1e_1,3978,,gutim,276,
301,1226.3793,0.0712,144,38,5,3979,,D2,g,,,,,,,gut_ng276_5D2e_1,3979,,gutim,276,
301,1226.4543,0.0712,144,25,5,3980,,C#1,g,,,,,,,gut_ng276_5Cs1e_2,3980,,gutim,276,
301,1226.5293000000001,1.0179,144,45,5,3981,,A2,,,,,,,,gut_n276_5A2q,3981,,gutim,276,
301,1227.065,0.1524,144,81,8,3982,,A5,,,,,,,,gut_n276_1A5t,3982,,gutim,276,
301,1227.2255,0.1524,144,40,8,3983,,E2,,,,,,,,gut_n276_1E2t,3983,,gutim,276,
301,1227.3859,0.0504,144,72,8,3984,,C5,,,,,,,,gut_n276_1C5x_0,3984,,gutim,276,
301,1227.4389,0.0504,144,86,8,3985,,D6,,,,,,,,gut_n276_1D6x_0,3985,,gutim,276,
301,1227.4919,0.0504,144,72,8,3986,,C5,,,,,,,,gut_n276_1C5x_1,3986,,gutim,276,
301,1227.5449,0.0504,144,86,8,3987,,D6,,,,,,,,gut_n276_1D6x_1,3987,,gutim,276,
301,1227.5979,0.1524,144,72,8,3988,,C5,,,,,,,,gut_n276_1C5t_0,3988,,gutim,276,
301,1227.7584,0.1524,144,61,8,3989,,Db4,,,,,,,,gut_n276_1Db4t_0,3989,,gutim,276,
301,1227.9188000000001,0.1021,144,72,8,3990,,C5,,,,,,,,gut_n276_1C5t_1,3990,,gutim,276,
301,1228.0262,0.1021,144,61,8,3991,,Db4,,,,,,,,gut_n276_1Db4t_1,3991,,gutim,276,
301,1228.3122,0.057,144,98,8,3992,,D7,,e,,d,,,,gut_n276_1D7t_0,3992,,gutim,276,
301,1228.3722,0.057,144,92,8,3993,,Ab6,,e,,d,,,,gut_n276_1Ab6t_0,3993,,gutim,276,
301,1228.4322,0.057,144,73,8,3994,,Db5,,e,,d,,,,gut_n276_1Db5t_0,3994,,gutim,276,
301,1228.4922000000001,0.057,144,64,8,3995,,E4,,e,,d,,,,gut_n276_1E4t_0,3995,,gutim,276,
301,1228.5522,0.1127,144,84,8,3996,,C6,,e,,d,,,,gut_n276_1C6s,3996,,gutim,276,
301,1228.6708,0.0848,144,92,5,3997,,Ab6,,e,,d,,,,gut_n276_1Ab6t_1,3997,,gutim,276,
301,1228.7601,0.0848,144,98,5,3998,,D7,,e,,d,,,,gut_n276_1D7t_1,3998,,gutim,276,
301,1228.8493,0.0848,144,92,5,3999,,Ab6,,e,,d,,,,gut_n276_1Ab6t_2,3999,,gutim,276,
301,1228.9386,0.0848,144,64,5,4000,,E4,,e,,d,,,,gut_n276_1E4t_1,4000,,gutim,276,
301,1229.0279,0.0848,144,92,5,4001,,Ab6,,e,,d,,,,gut_n276_1Ab6t_3,4001,,gutim,276,
301,1229.1172000000001,0.0848,144,98,5,4002,,D7,,e,,d,,,,gut_n276_1D7t_2,4002,,gutim,276,
301,1229.2065,0.1272,144,52,5,4003,,E3,,E,,d,,,,gut_n276_1E3t,4003,,gutim,276,
301,1229.3404,0.0848,144,98,5,4004,,D7,,,,,,,,gut_n276_1D7t_3,4004,,gutim,276,
301,1229.4297000000001,0.0848,144,73,5,4005,,Db5,,,,,,,,gut_n276_1Db5t_1,4005,,gutim,276,
301,1229.519,0.1272,144,84,5,4006,,C6,,,,,,,,gut_n276_1C6t_0,4006,,gutim,276,
301,1229.6529,0.0848,144,61,5,4007,,Db4,,,,,,,,gut_n276_1Db4t_2,4007,,gutim,276,
301,1229.7422000000001,0.1272,144,98,5,4008,,D7,,,,,,,,gut_n276_1D7t_4,4008,,gutim,276,
301,1229.7436,3.4286,144,69,20,4009,,A4,,,,,,,,gut_n276_5A4q,4009,,gutim,276,
301,1229.8761,0.1272,144,84,5,4010,,C6,,,,,,,,gut_n276_1C6t_1,4010,,gutim,276,
301,1230.0101,0.2558,144,73,5,4011,,Db5,,,,,,,,gut_n276_1Db5s,4011,,gutim,276,
,,,,,,,,,,,,,,,,,,302,,,
302,1231.2757000000001,0.0712,144,76,17,4012,,E5,g,,,,,,,gut_ng277_1E5e,4012,,gutim,277,
302,1231.3507,1.5268,144,37,17,4013,,C#2,,,,,,,,gut_n277_1Cs2q,4013,,gutim,277,
302,1233.3543,0.0712,144,50,5,4014,,D3,g,e,,d,,,,gut_ng277_5D3e_0,4014,,gutim,277,
302,1233.4293,0.0712,144,37,5,4015,,C#2,g,e,,d,,,,gut_ng277_5Cs2e_0,4015,,gutim,277,
302,1233.5043,0.0712,144,50,5,4016,,D3,g,e,,d,,,,gut_ng277_5D3e_1,4016,,gutim,277,
302,1233.5793,0.0712,144,37,5,4017,,C#2,g,e,,d,,,,gut_ng277_5Cs2e_1,4017,,gutim,277,
302,1233.6543000000001,0.0712,144,60,5,4018,,C4,g,e,,d,,,,gut_ng277_5C4e_0,4018,,gutim,277,
302,1233.7293,0.0712,144,50,5,4019,,D3,g,e,,d,,,,gut_ng277_5D3e_2,4019,,gutim,277,
302,1233.8043,0.0712,144,37,5,4020,,C#2,g,e,,d,,,,gut_ng277_5Cs2e_2,4020,,gutim,277,
302,1233.8793,0.0712,144,60,5,4021,,C4,g,e,,d,,,,gut_ng277_5C4e_1,4021,,gutim,277,
302,1233.9543,0.0712,144,50,5,4022,,D3,g,e,,d,,,,gut_ng277_5D3e_3,4022,,gutim,277,
302,1234.0293000000001,0.4286,144,54,20,4023,,F#3,,,,d,,,,gut_n277_1Fs3e,4023,,gutim,277,
302,1234.0293000000001,0.4286,144,69,20,4023,,A4,,,,d,,,,gut_n277_1A4e,4023,,gutim,277,
302,1234.0293000000001,0.1272,144,64,5,4023,,E4,,E,,d,,,,gut_n277_5E4t,4023,,gutim,277,
302,1234.1632,0.75,144,32,5,4024,,G#1,,,,,,,,gut_n277_5Gs1e,4024,,gutim,277,
302,1234.1632,0.75,144,64,5,4024,,E4,,,,,,,,gut_n277_5E4e,4024,,gutim,277,
302,1234.565,0.1071,144,37,20,4025,,C#2,,,,,,,,gut_n277_1Cs2t,4025,,gutim,277,
302,1234.565,0.1071,144,76,20,4025,,E5,,,,,,,,gut_n277_1E5t,4025,,gutim,277,
302,1234.6989,0.3214,144,37,20,4026,,C#2,,,,,,,,gut_n277_1Cs2s,4026,,gutim,277,
302,1234.6989,0.3214,144,46,20,4026,,A#2,,,,,,,,gut_n277_1As2s,4026,,gutim,277,
302,1234.6989,0.3214,144,76,20,4026,,E5,,,,,,,,gut_n277_1E5s,4026,,gutim,277,
302,1235.1007,0.2545,144,77,22,4027,,F5,,,,,,,,gut_n277_5F5s,4027,,gutim,277,
302,1235.3686,0.0848,144,31,18,4028,,G1,,e,,,,,,gut_n277_5G1t_0,4028,,gutim,277,
302,1235.4579,0.0848,144,40,17,4029,,E2,,e,,,,,,gut_n277_5E2t_0,4029,,gutim,277,
302,1235.5472,0.0848,144,31,15,4030,,G1,,e,,,,,,gut_n277_5G1t_1,4030,,gutim,277,
302,1235.6364,0.0848,144,40,14,4031,,E2,,e,,,,,,gut_n277_5E2t_1,4031,,gutim,277,
302,1235.7257,0.0848,144,31,13,4032,,G1,,e,,,,,,gut_n277_5G1t_2,4032,,gutim,277,
302,1235.815,0.0848,144,40,11,4033,,E2,,e,,,,,,gut_n277_5E2t_2,4033,,gutim,277,
302,1235.9043000000001,0.057,144,31,10,4034,,G1,,e,,,,,,gut_n277_5G1t_3,4034,,gutim,277,
302,1235.9643,0.057,144,40,9,4035,,E2,,e,,,,,,gut_n277_5E2t_3,4035,,gutim,277,
302,1236.0243,0.1405,144,31,8,4036,,G1,,E,,,,,,gut_n277_5G1t_4,4036,,gutim,277,
,,,,,,,,,,,,,,,,,,303,,,
303,1236.1722,1.2857,144,31,8,4037,,G1,,,,,,,,gut_n278_5G1q,4037,,gutim,278,
303,1236.1722,1.2857,144,40,8,4037,,E2,,,,,,,,gut_n278_5E2q,4037,,gutim,278,
303,1236.1722,1.2857,144,65,8,4037,,F4,,,,,,,,gut_n278_5F4q,4037,,gutim,278,
303,1237.7793000000001,0.4286,144,31,8,4038,,G1,,,,d,,,,gut_n278_5G1e,4038,,gutim,278,
303,1237.7793000000001,0.4286,144,40,8,4038,,E2,,,,d,,,,gut_n278_5E2e,4038,,gutim,278,
303,1237.7793000000001,0.4286,144,53,8,4038,,F3,,,,d,,,,gut_n278_5F3e,4038,,gutim,278,
303,1238.1811,0.1071,144,42,22,4039,,F#2,,,,d,,,,gut_n278_1Fs2t,4039,,gutim,278,
303,1238.1811,0.1071,144,69,22,4039,,A4,,,,d,,,,gut_n278_1A4t,4039,,gutim,278,
303,1238.315,0.2143,144,36,22,4040,,C2,,,,d,,,,gut_n278_1C2s,4040,,gutim,278,
303,1238.315,0.1272,144,25,8,4040,,Db1,,,,d,,,,gut_n278_5Db1t,4040,,gutim,278,
303,1238.315,0.1272,144,51,8,4040,,Eb3,,,,D,6000,,,gut_n278_5Eb3t,4040,,gutim,278,
303,1238.4489,0.1272,144,35,7,4041,,B1,,,,,,,,gut_n278_5B1t,4041,,gutim,278,
303,1238.5829,0.1272,144,55,6,4042,,G3,,,,,,,,gut_n278_5G3t,4042,,gutim,278,
303,1238.7168000000001,0.1071,144,24,5,4043,,C1,,,,,,,,gut_n278_5C1t,4043,,gutim,278,
303,1238.8507,0.0848,144,86,5,4044,,D6,,e,,,,,,gut_n278_1D6t_0,4044,,gutim,278,
303,1238.94,0.0848,144,80,5,4045,,G#5,,e,,,,,,gut_n278_1Gs5t_0,4045,,gutim,278,
303,1239.0293000000001,0.0848,144,61,6,4046,,C#4,,e,,,,,,gut_n278_1Cs4t_0,4046,,gutim,278,
303,1239.1186,0.0848,144,52,6,4047,,E3,,e,,,,,,gut_n278_1E3t_0,4047,,gutim,278,
303,1239.2079,0.0848,144,72,6,4048,,C5,,e,,,,,,gut_n278_1C5t_0,4048,,gutim,278,
303,1239.2972,0.0848,144,80,6,4049,,G#5,,e,,,,,,gut_n278_1Gs5t_1,4049,,gutim,278,
303,1239.3864,0.0848,144,52,7,4050,,E3,,e,,,,,,gut_n278_1E3t_1,4050,,gutim,278,
303,1239.4757,0.0848,144,72,7,4051,,C5,,e,,,,,,gut_n278_1C5t_1,4051,,gutim,278,
303,1239.565,0.0848,144,86,7,4052,,D6,,e,,,,,,gut_n278_1D6t_1,4052,,gutim,278,
303,1239.6543000000001,0.0848,144,72,8,4053,,C5,,e,,,,,,gut_n278_1C5t_2,4053,,gutim,278,
303,1239.7436,0.0848,144,61,8,4054,,C#4,,e,,,,,,gut_n278_1Cs4t_1,4054,,gutim,278,
303,1239.8329,0.0848,144,52,8,4055,,E3,,e,,,,,,gut_n278_1E3t_2,4055,,gutim,278,
303,1239.9222,0.0848,144,72,8,4056,,C5,,e,,,,,,gut_n278_1C5t_3,4056,,gutim,278,
303,1240.0114,0.0848,144,86,9,4057,,D6,,e,,,,,,gut_n278_1D6t_2,4057,,gutim,278,
303,1240.1007,0.0848,144,80,9,4058,,G#5,,e,,,,,,gut_n278_1Gs5t_2,4058,,gutim,278,
303,1240.19,0.1272,144,86,9,4059,,D6,,E,,,,,,gut_n278_1D6t_3,4059,,gutim,278,
303,1240.3239,0.1272,144,72,10,4060,,C5,,,,,,,,gut_n278_1C5t_4,4060,,gutim,278,
303,1240.4579,0.0848,144,49,10,4061,,C#3,,,,,,,,gut_n278_1Cs3t_0,4061,,gutim,278,
303,1240.5472,0.0848,144,40,10,4062,,E2,,,,,,,,gut_n278_1E2t_0,4062,,gutim,278,
303,1240.6364,0.0848,144,72,11,4063,,C5,,,,,,,,gut_n278_1C5t_5,4063,,gutim,278,
303,1240.7257,0.1272,144,80,11,4064,,G#5,,e,,,,,,gut_n278_1Gs5t_3,4064,,gutim,278,
303,1240.8597,0.1272,144,40,11,4065,,E2,,e,,,,,,gut_n278_1E2t_1,4065,,gutim,278,
303,1240.9936,0.1272,144,86,11,4066,,D6,,e,,,,,,gut_n278_1D6t_4,4066,,gutim,278,
303,1241.1275,0.1272,144,72,11,4067,,C5,,e,,,,,,gut_n278_1C5t_6,4067,,gutim,278,
303,1241.2614,0.0848,144,49,11,4068,,C#3,,E,6000,,,,,gut_n278_1Cs3t_1,4068,,gutim,278,
303,1241.3507,0.0848,144,40,11,4069,,E2,,,,,,,,gut_n278_1E2t_2,4069,,gutim,278,
303,1241.44,0.0848,144,72,11,4070,,C5,,,,,,,,gut_n278_1C5t_7,4070,,gutim,278,
,,,,,,,6000,,,,,,,,,,,,gutim,,
,,,,,,,,,,,,,,,,,,304,,,
304,1241.5293000000001,0.4286,144,36,20,4071,,C2,,,,,,,,gut_n279_5C2e,4071,,gutim,279,
304,1241.5293000000001,0.4286,144,42,20,4071,,F#2,,,,,,,,gut_n279_5Fs2e,4071,,gutim,279,
304,1241.5293000000001,0.4286,144,69,20,4071,,A4,,,,,,,,gut_n279_5A4e,4071,,gutim,279,
304,1242.065,0.4286,144,24,8,4072,,C1,,,,d,,,,gut_n279_5C1e,4072,,gutim,279,
304,1242.065,0.4286,144,25,8,4072,,Db1,,,,d,,,,gut_n279_5Db1e,4072,,gutim,279,
304,1242.065,0.4286,144,35,8,4072,,B1,,,,d,,,,gut_n279_5B1e,4072,,gutim,279,
304,1242.065,0.4286,144,43,8,4072,,G2,,,,d,,,,gut_n279_5G2e,4072,,gutim,279,
304,1244.7436,0.1071,144,76,11,4073,,E5,,,,d,,,,gut_n279_1E5t,4073,,gutim,279,
304,1244.7436,0.1071,144,37,11,4073,,C#2,,,,d,,,,gut_n279_5Cs2t,4073,,gutim,279,
304,1244.7436,0.1071,144,46,11,4073,,A#2,,,,d,,,,gut_n279_5As2t,4073,,gutim,279,
304,1244.8775,0.3214,144,76,15,4074,,E5,,,,,,,,gut_n279_1E5s,4074,,gutim,279,
304,1244.8775,0.3214,144,37,13,4074,,C#2,,,,,,,,gut_n279_5Cs2s,4074,,gutim,279,
304,1244.8775,0.3214,144,46,13,4074,,A#2,,,,,,,,gut_n279_5As2s,4074,,gutim,279,
304,1245.2793000000001,0.3214,144,56,20,4075,,G#3,,,,d,,,,gut_n279_1Gs3s,4075,,gutim,279,
304,1245.2793000000001,0.4286,144,37,20,4075,,C#2,,,,d,,,,gut_n279_5Cs2e,4075,,gutim,279,
304,1245.2793000000001,0.4286,144,46,20,4075,,A#2,,,,d,,,,gut_n279_5As2e,4075,,gutim,279,
304,1245.6811,0.1071,144,72,15,4076,,C5,,,,,,,,gut_n279_1C5t,4076,,gutim,279,
304,1245.815,0.2143,144,65,11,4077,,F4,,,,d,,,,gut_n279_5F4s,4077,,gutim,279,
304,1246.0829,0.0848,144,31,10,4078,,G1,,,,D,,,,gut_n279_5G1t_0,4078,,gutim,279,
304,1246.1722,0.0848,144,40,10,4079,,E2,,,,,,,,gut_n279_5E2t_0,4079,,gutim,279,
304,1246.2614,0.0848,144,31,10,4080,,G1,,,,,,,,gut_n279_5G1t_1,4080,,gutim,279,
304,1246.3507,0.0848,144,40,9,4081,,E2,,,,,,,,gut_n279_5E2t_1,4081,,gutim,279,
304,1246.44,0.0848,144,31,9,4082,,G1,,,,,,,,gut_n279_5G1t_2,4082,,gutim,279,
304,1246.5293000000001,0.0848,144,40,9,4083,,E2,,,,,,,,gut_n279_5E2t_2,4083,,gutim,279,
304,1246.6186,0.057,144,31,8,4084,,G1,,,,,,,,gut_n279_5G1t_3,4084,,gutim,279,
304,1246.6786,0.057,144,40,8,4085,,E2,,,,,,,,gut_n279_5E2t_3,4085,,gutim,279,
304,1246.7386000000001,0.1405,144,31,8,4086,,G1,,,,,,,,gut_n279_5G1t_4,4086,,gutim,279,
,,,,,,,,,,,,,,,,,,305,,,
305,1246.8864,1.2857,144,31,8,4087,,G1,,,,,,,,gut_n280_5G1q,4087,,gutim,280,
305,1246.8864,1.2857,144,40,8,4087,,E2,,,,,,,,gut_n280_5E2q,4087,,gutim,280,
305,1246.8864,1.2857,144,53,8,4087,,F3,,,,,,,,gut_n280_5F3q,4087,,gutim,280,
305,1248.4936,0.1429,144,31,8,4088,,G1,,,,,,,,gut_n280_5G1s,4088,,gutim,280,
305,1248.4936,0.1429,144,40,8,4088,,E2,,,,,,,,gut_n280_5E2s,4088,,gutim,280,
305,1248.4936,0.1429,144,41,8,4088,,F2,,,,,,,,gut_n280_5F2s,4088,,gutim,280,
305,1248.6722,0.0949,144,65,8,4089,,F4,,e,,,,,,gut_n280_5F4s,4089,,gutim,280,
305,1248.7907,0.0949,144,43,8,4090,,G2,,e,,,,,,gut_n280_5G2s,4090,,gutim,280,
305,1248.9093,0.0949,144,52,8,4091,,E3,,e,,,,,,gut_n280_5E3s,4091,,gutim,280,
305,1249.0279,1.7143,144,75,8,4092,,D#5,,E,,,,,,gut_n280_5Ds5q_0,4092,,gutim,280,
305,1249.9668000000001,0.0335,144,63,8,4093,,D#4,,,,d,,,,gut_n280_1Ds4t,4093,,gutim,280,
305,1249.9668000000001,0.1071,144,80,20,4093,,G#5,,,,d,,,,gut_n280_1Gs5t_0,4093,,gutim,280,
305,1250.1007,0.8571,144,59,11,4094,,B3,,,,d,,,,gut_n280_1B3q,4094,,gutim,280,
305,1250.1007,0.8571,144,63,11,4094,,D#4,,,,d,,,,gut_n280_1Ds4q,4094,,gutim,280,
305,1250.1007,0.8571,144,80,11,4094,,G#5,,,,d,,,,gut_n280_1Gs5q,4094,,gutim,280,
305,1251.1722,0.0859,144,92,8,4095,,G#6,,,,d,,,,gut_n280_1Gs6t,4095,,gutim,280,
305,1251.2796,0.0504,144,92,8,4096,,G#6,,,,d,,,,gut_n280_1Gs6x_0,4096,,gutim,280,
305,1251.3326,0.0504,144,98,8,4097,,D7,,,,D,,,,gut_n280_1D7x,4097,,gutim,280,
305,1251.3856,0.0504,144,92,8,4098,,G#6,,,,,,,,gut_n280_1Gs6x_1,4098,,gutim,280,
305,1251.4386,0.0504,144,40,9,4099,,E2,,,,,,,,gut_n280_1E2x,4099,,gutim,280,
305,1251.4916,0.0504,144,80,9,4100,,G#5,,,,,,,,gut_n280_1Gs5x,4100,,gutim,280,
305,1251.5446,0.0504,144,86,9,4101,,D6,,,,,,,,gut_n280_1D6x,4101,,gutim,280,
305,1251.5977,0.0504,144,52,9,4102,,E3,,,,,,,,gut_n280_1E3x,4102,,gutim,280,
305,1251.6507000000001,0.0504,144,61,9,4103,,C#4,,,,,,,,gut_n280_1Cs4x,4103,,gutim,280,
305,1251.7037,0.0848,144,72,10,4104,,C5,,e,,,,,,gut_n280_1C5t_0,4104,,gutim,280,
305,1251.7930000000001,0.0848,144,61,10,4105,,C#4,,e,,,,,,gut_n280_1Cs4t,4105,,gutim,280,
305,1251.8823,0.0848,144,80,10,4106,,G#5,,e,,,,,,gut_n280_1Gs5t_1,4106,,gutim,280,
305,1251.9715,0.0848,144,52,11,4107,,E3,,e,,,,,,gut_n280_1E3t,4107,,gutim,280,
305,1252.0608,0.0848,144,86,11,4108,,D6,,e,,,,,,gut_n280_1D6t,4108,,gutim,280,
305,1252.1501,0.0888,144,72,11,4109,,C5,,e,,,,,,gut_n280_1C5t_1,4109,,gutim,280,
,,,,,,,,,,,,,,,,,,306,,,
306,1252.2436,0.0504,144,40,12,4110,,E2,,E,,,,,,gut_n281_5E2x,4110,,gutim,281,
306,1252.2966000000001,0.0504,144,49,12,4111,,C#3,,,,,,,,gut_n281_5Cs3x,4111,,gutim,281,
306,1252.3496,0.0504,144,60,12,4112,,C4,,,,,,,,gut_n281_5C4x,4112,,gutim,281,
306,1252.4026000000001,0.0504,144,68,12,4113,,G#4,,,,,,,,gut_n281_5Gs4x,4113,,gutim,281,
306,1252.4556,0.0504,144,74,13,4114,,D5,,,,,,,,gut_n281_5D5x,4114,,gutim,281,
306,1252.5087,0.1272,144,68,13,4115,,G#4,,,,,,,,gut_n281_5Gs4t,4115,,gutim,281,
306,1252.6426000000001,0.0848,144,40,13,4116,,E2,,,,,,,,gut_n281_5E2t,4116,,gutim,281,
306,1252.7319,0.0848,144,49,14,4117,,C#3,,,,,,,,gut_n281_5Cs3t_0,4117,,gutim,281,
306,1252.8212,0.1272,144,60,14,4118,,C4,,,,d,,,,gut_n281_5C4t,4118,,gutim,281,
306,1252.9551000000001,0.0875,144,49,14,4119,,C#3,,,,d,,,,gut_n281_5Cs3t_1,4119,,gutim,281,
306,1253.315,1.7143,144,24,8,4120,,C1,,,,d,,,,gut_n281_5C1h,4120,,gutim,281,
306,1253.315,1.7143,144,25,8,4120,,Db1,,,,d,,,,gut_n281_5Db1h,4120,,gutim,281,
306,1253.315,1.7143,144,35,8,4120,,B1,,,,d,,,,gut_n281_5B1h,4120,,gutim,281,
306,1253.315,1.7143,144,55,8,4120,,G3,,,,d,,,,gut_n281_5G3h,4120,,gutim,281,
306,1255.4579,0.0335,144,64,24,4121,,E4,,,,d,,,,gut_n281_1E4t,4121,,gutim,281,
306,1255.4579,0.1071,144,69,24,4121,,A4,,,,d,,,,gut_n281_1A4t,4121,,gutim,281,
306,1255.4579,0.0335,144,36,24,4121,,C2,,,,d,,,,gut_n281_5C2t,4121,,gutim,281,
306,1255.4579,0.1071,144,42,24,4121,,F#2,,,,d,,,,gut_n281_5Fs2t,4121,,gutim,281,
306,1255.5918000000001,0.3817,144,64,8,4122,,E4,,,,d,,,,gut_n281_1E4s,4122,,gutim,281,
306,1255.5918000000001,0.3214,144,68,8,4122,,G#4,,,,d,,,,gut_n281_1Gs4s,4122,,gutim,281,
306,1255.5918000000001,0.3214,144,69,8,4122,,A4,,,,d,,,,gut_n281_1A4s,4122,,gutim,281,
306,1255.5918000000001,0.3817,144,36,8,4122,,C2,,,,d,,,,gut_n281_5C2s,4122,,gutim,281,
306,1255.5918000000001,0.3214,144,42,8,4122,,F#2,,,,d,,,,gut_n281_5Fs2s,4122,,gutim,281,
,,,,,,,,,,,,,,,,,,307,,,
307,1258.2972,0.0712,144,25,8,4123,,C#1,g,,,d,,,,gut_ng282_5Cs1e_0,4123,,gutim,282,
307,1258.3722,0.0712,144,38,8,4124,,D2,g,,,d,,,,gut_ng282_5D2e_0,4124,,gutim,282,
307,1258.4472,0.0712,144,25,8,4125,,C#1,g,,,d,,,,gut_ng282_5Cs1e_1,4125,,gutim,282,
307,1258.5222,0.0712,144,38,8,4126,,D2,g,,,d,,,,gut_ng282_5D2e_1,4126,,gutim,282,
307,1258.5972000000002,0.06,144,78,8,4127,,F#5,g,,,d,,,,gut_ng282_1Fs5e,4127,,gutim,282,
307,1258.5972000000002,0.0712,144,25,8,4127,,C#1,g,,,D,,,,gut_ng282_5Cs1e_2,4127,,gutim,282,
307,1258.6722,1.0179,144,29,8,4128,,F1,,e,,d,,,,gut_n282_5F1q,4128,,gutim,282,
307,1258.6722,1.0179,144,45,8,4128,,A2,,e,,d,,,,gut_n282_5A2q,4128,,gutim,282,
307,1258.6722,1.0179,144,52,8,4128,,E3,,e,,d,,,,gut_n282_5E3q,4128,,gutim,282,
307,1258.7614,0.0848,144,72,14,4129,,C5,,e,,d,,,,gut_n282_1C5t,4129,,gutim,282,
307,1258.8507,0.0848,144,56,14,4130,,Ab3,,e,,d,,,,gut_n282_1Ab3t_0,4130,,gutim,282,
307,1258.94,0.0848,144,77,14,4131,,F5,,e,,d,,,,gut_n282_1F5t_0,4131,,gutim,282,
307,1259.0293000000001,0.0848,144,56,14,4132,,Ab3,,e,,d,,,,gut_n282_1Ab3t_1,4132,,gutim,282,
307,1259.1186,0.0848,144,77,14,4133,,F5,,E,6001,D,6001,,,gut_n282_1F5t_1,4133,,gutim,282,
307,1259.7436,3.0536,144,64,5,4134,,E4,,,,,,,,gut_n282_1E4h,4134,,gutim,282,
307,1259.7436,2.5714,144,68,5,4134,,G#4,,,,,,,,gut_n282_1Gs4h,4134,,gutim,282,
307,1259.7436,2.5714,144,69,5,4134,,A4,,,,,,,,gut_n282_1A4h,4134,,gutim,282,
307,1259.7436,3.0536,144,42,5,4134,,F#2,,,,,,,,gut_n282_5Fs2h,4134,,gutim,282,
307,1259.7436,0.1071,144,29,8,4134,,F1,,,,,,,,gut_n282_6F1t,4134,,gutim,282,
307,1259.8775,0.75,144,23,8,4135,,B0,,,,,,,,gut_n282_6B0e,4135,,gutim,282,
307,1259.8775,0.75,144,29,8,4135,,F1,,,,,,,,gut_n282_6F1e,4135,,gutim,282,
,,,,,,,,,,,,,,,,,,308,,,
308,1262.9579,1.7143,144,64,8,4136,,E4,,,,,,,,gut_n283_1E4h,4136,,gutim,283,
308,1262.9579,1.7143,144,68,8,4136,,G#4,,,,,,,,gut_n283_1Gs4h,4136,,gutim,283,
308,1262.9579,1.7143,144,23,8,4136,,B0,,,,,,,,gut_n283_5B0q_0,4136,,gutim,283,
308,1262.9579,1.7143,144,29,8,4136,,F1,,,,,,,,gut_n283_5F1q_0,4136,,gutim,283,
308,1262.9579,1.7143,144,36,8,4136,,C2,,,,,,,,gut_n283_5C2q_0,4136,,gutim,283,
308,1265.1007,0.1071,144,29,5,4137,,F1,,,,,,,,gut_n283_5F1t,4137,,gutim,283,
308,1265.2347,3.3214,144,23,5,4138,,B0,,,,,,,,gut_n283_5B0e,4138,,gutim,283,
,,,,,,,6001,,,,,,,,,,,,gutim,,
,,,,,,,,,,,,,,,,,,309,,,
309,1270.4579,9.4286,144,59,24,4139,,B3,,,,,,,,gut_n284_1B3w,4139,,gutim,284,
309,1270.4579,9.4286,144,63,24,4139,,D#4,,,,,,,,gut_n284_1Ds4w,4139,,gutim,284,
309,1270.4579,9.4286,144,80,24,4139,,G#5,,,,,,,,gut_n284_1Gs5w,4139,,gutim,284,
309,1274.7436,0.1127,144,64,5,4140,,E4,,,,,,,,gut_n284_5E4s,4140,,gutim,284,
309,1274.8622,0.057,144,56,8,4141,,G#3,,e,,d,,t,,gut_n284_5Gs3t_0,4141,,gutim,284,
309,1274.9222,0.057,144,64,10,4142,,E4,,e,,d,,t,,gut_n284_5E4t,4142,,gutim,284,
309,1274.9821,0.057,144,56,11,4143,,G#3,,e,,d,,t,,gut_n284_5Gs3t_1,4143,,gutim,284,
309,1275.0421000000001,0.057,144,37,13,4144,,C#2,,e,,d,,t,,gut_n284_5Cs2t,4144,,gutim,284,
309,1275.1021,0.057,144,60,14,4145,,C4,,e,,d,,t,,gut_n284_5C4t_0,4145,,gutim,284,
309,1275.1621,0.057,144,56,16,4146,,Ab3,,e,,d,,t,,gut_n284_5Ab3t,4146,,gutim,284,
309,1275.2221,0.057,144,37,18,4147,,Db2,,e,,d,,t,,gut_n284_5Db2t,4147,,gutim,284,
309,1275.2821000000001,0.057,144,46,19,4148,,Bb2,,e,,d,,t,,gut_n284_5Bb2t_0,4148,,gutim,284,
309,1275.3421,0.057,144,60,21,4149,,C4,,e,,d,,t,,gut_n284_5C4t_1,4149,,gutim,284,
309,1275.4021,0.057,144,46,22,4150,,Bb2,,E,,D,,T,6002,gut_n284_5Bb2t_1,4150,,gutim,284,
309,1275.4621,0.2545,144,25,24,4151,,Db1,,,,,,,,gut_n284_5Db1s,4151,,gutim,284,
309,1275.7299,0.0681,144,25,24,4152,,Db1,,,,,,,,gut_n284_5Db1t,4152,,gutim,284,
,,,,,,,,,,,,,,,,,,310,,,
310,1275.815,1.0,144,25,23,4153,,Db1,,,,,,,,gut_n285_5Db1q_0,4153,,gutim,285,
310,1275.815,1.0,144,34,23,4153,,Bb1,,,,,,,,gut_n285_5Bb1q_0,4153,,gutim,285,
310,1277.065,0.1429,144,25,13,4154,,Db1,,,,,,,,gut_n285_5Db1s,4154,,gutim,285,
310,1277.065,0.1429,144,34,13,4154,,Bb1,,,,,,,,gut_n285_5Bb1s,4154,,gutim,285,
310,1277.2436,0.5,144,76,11,4155,,E5,,,,,,,,gut_n285_2E5e,4155,,gutim,285,
310,1277.2436,0.5714,144,25,11,4155,,Db1,,,,,,,,gut_n285_5Db1q_1,4155,,gutim,285,
310,1277.2436,0.5714,144,34,11,4155,,Bb1,,,,,,,,gut_n285_5Bb1q_1,4155,,gutim,285,
310,1277.8686,0.0714,144,76,6,4156,,E5,,,,,,,,gut_n285_2E5t_1,4156,,gutim,285,
310,1277.9579,0.0714,144,56,5,4157,,Ab3,,,,d,,,,gut_n285_2Ab3t,4157,,gutim,285,
310,1277.9579,0.5714,144,25,5,4157,,Db1,,,,d,,,,gut_n285_5Db1q_2,4157,,gutim,285,
310,1277.9579,0.5714,144,34,5,4157,,Bb1,,,,d,,,,gut_n285_5Bb1q_2,4157,,gutim,285,
310,1278.0472,0.5,144,72,5,4158,,C5,,,,D,,,,gut_n285_2C5s,4158,,gutim,285,
,,,,,,,,,,,,,,,,,,311,,,
311,1282.2436,0.2143,144,59,11,4159,,B3,,,,d,,,,gut_n286_1B3s,4159,,gutim,286,
311,1282.2436,0.2143,144,80,11,4159,,G#5,,,,d,,,,gut_n286_1Gs5s,4159,,gutim,286,
311,1282.2436,0.2143,144,43,20,4159,,G2,,,,d,,,,gut_n286_5G2s,4159,,gutim,286,
311,1282.5114,0.2143,144,21,20,4160,,A0,,,,D,,,,gut_n286_5A0s_0,4160,,gutim,286,
311,1282.7043,0.0712,144,98,11,4161,,D7,g,,,,,,,gut_ng286_1D7e,4161,,gutim,286,
311,1282.7793000000001,0.5089,144,92,11,4162,,G#6,,,,,,,,gut_n286_1Gs6e,4162,,gutim,286,
311,1282.7793000000001,0.1021,144,51,17,4162,,D#3,,e,,,,,,gut_n286_5Ds3t_0,4162,,gutim,286,
311,1282.8867,0.1021,144,47,17,4163,,B2,,e,,,,,,gut_n286_5B2t_0,4163,,gutim,286,
311,1282.9941000000001,0.1021,144,56,16,4164,,G#3,,e,,,,,,gut_n286_5Gs3t_0,4164,,gutim,286,
311,1283.0900000000001,0.0712,144,94,8,4165,,A#6,g,,,,,,,gut_ng286_1As6e,4165,,gutim,286,
311,1283.1016,0.1021,144,51,16,4166,,D#3,,e,,,,,,gut_n286_5Ds3t_1,4166,,gutim,286,
311,1283.165,0.0712,144,92,8,4167,,G#6,g,,,,,,,gut_ng286_1Gs6e,4167,,gutim,286,
311,1283.209,0.1021,144,56,15,4168,,G#3,,E,,,,,,gut_n286_5Gs3t_1,4168,,gutim,286,
311,1283.24,0.0712,144,78,8,4169,,F#5,g,,,,,,,gut_ng286_1Fs5e,4169,,gutim,286,
311,1283.315,1.5268,144,86,8,4170,,D6,,,,d,,,,gut_n286_1D6q,4170,,gutim,286,
311,1283.3164000000002,0.1524,144,51,15,4170,,D#3,,,,D,6002,,,gut_n286_5Ds3t_2,4170,,gutim,286,
311,1283.315,1.2857,144,45,20,4170,,A2,,,,d,,,,gut_n286_6A2q,4170,,gutim,286,
311,1283.4741000000001,0.1524,144,56,14,4171,,G#3,,,,,,,,gut_n286_5Gs3t_2,4171,,gutim,286,
311,1283.6345000000001,0.1021,144,47,13,4172,,B2,,,,,,,,gut_n286_5B2t_1,4172,,gutim,286,
311,1283.7419,0.1021,144,56,13,4173,,G#3,,,,,,,,gut_n286_5Gs3t_3,4173,,gutim,286,
311,1283.8493,0.1127,144,33,12,4174,,A1,,,,,,,,gut_n286_5A1t_0,4174,,gutim,286,
311,1283.9679,0.1127,144,43,12,4175,,G2,,,,,,,,gut_n286_5G2t_0,4175,,gutim,286,
311,1284.0865000000001,0.1127,144,33,11,4176,,A1,,,,,,,,gut_n286_5A1t_1,4176,,gutim,286,
311,1284.2051000000001,0.1696,144,43,11,4177,,G2,,,,,,,,gut_n286_5G2t_1,4177,,gutim,286,
311,1284.3837,0.1021,144,33,10,4178,,A1,,e,,,,,,gut_n286_5A1t_2,4178,,gutim,286,
311,1284.4911,0.1021,144,43,9,4179,,G2,,e,,,,,,gut_n286_5G2t_2,4179,,gutim,286,
311,1284.5985,0.1021,144,47,9,4180,,B2,,e,,,,,,gut_n286_5B2t_2,4180,,gutim,286,
311,1284.7059000000002,0.1021,144,56,8,4181,,G#3,,e,,,,,,gut_n286_5Gs3t_4,4181,,gutim,286,
311,1284.8133,0.1021,144,33,8,4182,,A1,,e,,,,,,gut_n286_5A1t_3,4182,,gutim,286,
311,1284.9208,0.1524,144,43,7,4183,,G2,,E,6002,,,,,gut_n286_5G2t_3,4183,,gutim,286,
311,1285.0812,0.1021,144,21,7,4184,,A0,,,,,,,,gut_n286_5A0t,4184,,gutim,286,
311,1285.1886,0.1021,144,31,6,4185,,G1,,,,,,,,gut_n286_5G1t,4185,,gutim,286,
311,1285.296,0.1524,144,39,6,4186,,D#2,,,,,,,,gut_n286_5Ds2t,4186,,gutim,286,
311,1285.4565,0.1524,144,44,5,4187,,G#2,,,,,,,,gut_n286_5Gs2t,4187,,gutim,286,
311,1285.6169,0.1524,144,35,5,4188,,B1,,,,,,,,gut_n286_5B1t,4188,,gutim,286,
311,1285.7773,0.2054,144,21,5,4189,,A0,,,,,,,,gut_n286_5A0s_1,4189,,gutim,286,
,,,,,,,6002,,,,,,,,,,,,gutim,,
311,1285.8436000000002,0.0712,144,80,5,4190,,G#5,g,,,,,,,gut_ng286_1Gs5e,4190,,gutim,286,
311,1285.9186,0.0712,144,75,5,4191,,D#5,g,,,,,,,gut_ng286_1Ds5e,4191,,gutim,286,
311,1285.9936,0.5089,144,71,5,4192,,B4,,,,,,,,gut_n286_1B4e,4192,,gutim,286,
,,,,,,,,,,,,,,,,,,312,,,
312,1286.5293000000001,0.2545,144,86,8,4193,,D6,,,,,,,,gut_n287_1D6s,4193,,gutim,287,
312,1286.7972,0.2545,144,103,8,4194,,G7,,,,,,,,gut_n287_1G7s_0,4194,,gutim,287,
312,1286.99,0.06,144,98,5,4195,,D7,g,,,,,,,gut_ng287_1D7e,4195,,gutim,287,
312,1287.065,0.1272,144,92,5,4196,,G#6,,,,,,,,gut_n287_1Gs6t_0,4196,,gutim,287,
312,1287.1989,0.1272,144,52,5,4197,,E3,,,,,,,,gut_n287_1E3t,4197,,gutim,287,
312,1287.4222,0.0848,144,94,8,4198,,A#6,,,,,,,,gut_n287_1As6t,4198,,gutim,287,
312,1287.5114,0.0848,144,92,8,4199,,G#6,,,,,,,,gut_n287_1Gs6t_1,4199,,gutim,287,
312,1287.6007,0.0504,144,78,8,4200,,F#5,,,,,,,,gut_n287_1Fs5x_0,4200,,gutim,287,
312,1287.6537,0.0504,144,92,9,4201,,G#6,,,,,,,,gut_n287_1Gs6x_0,4201,,gutim,287,
312,1287.7068000000002,0.0504,144,78,9,4202,,F#5,,,,,,,,gut_n287_1Fs5x_1,4202,,gutim,287,
312,1287.7598,0.0504,144,92,9,4203,,G#6,,,,,,,,gut_n287_1Gs6x_1,4203,,gutim,287,
312,1287.8128000000002,0.053,144,78,9,4204,,F#5,,,,,,,,gut_n287_1Fs5x_2,4204,,gutim,287,
312,1287.8686,0.5089,144,86,9,4205,,D6,,,,,,,,gut_n287_1D6e_0,4205,,gutim,287,
312,1288.4043000000001,0.2545,144,103,10,4206,,G7,,,,,,,,gut_n287_1G7s_1,4206,,gutim,287,
312,1289.2079,0.5089,144,78,12,4207,,F#5,,,,,,,,gut_n287_1Fs5e,4207,,gutim,287,
312,1289.2079,0.4286,144,86,12,4207,,D6,,,,,,,,gut_n287_1D6e_1,4207,,gutim,287,
312,1289.2079,0.4286,144,92,12,4207,,G#6,,,,,,,,gut_n287_1Gs6e,4207,,gutim,287,
312,1289.2079,0.4286,144,94,12,4207,,A#6,,,,,,,,gut_n287_1As6e,4207,,gutim,287,
312,1289.2079,0.4286,144,103,12,4207,,G7,,,,,,,,gut_n287_1G7e,4207,,gutim,287,
312,1289.8329,0.057,144,80,5,4208,,G#5,,e,,,,,,gut_n287_1Gs5x_0,4208,,gutim,287,
312,1289.8929,0.057,144,75,5,4209,,D#5,,e,,,,,,gut_n287_1Ds5x_0,4209,,gutim,287,
312,1289.9529,0.057,144,71,5,4210,,B4,,e,,,,,,gut_n287_1B4x_0,4210,,gutim,287,
312,1290.0128,0.0848,144,75,5,4211,,D#5,,e,,,,,,gut_n287_1Ds5x_1,4211,,gutim,287,
312,1290.1021,0.0848,144,80,5,4212,,G#5,,e,,,,,,gut_n287_1Gs5x_1,4212,,gutim,287,
312,1290.1914000000002,0.0848,144,71,5,4213,,B4,,E,,,,,,gut_n287_1B4x_1,4213,,gutim,287,
312,1290.2807,0.0848,144,55,5,4214,,G3,,,,,,,,gut_n287_1G3t,4214,,gutim,287,
312,1290.3700000000001,0.4228,144,45,5,4215,,A2,,,,,,,,gut_n287_1A2t,4215,,gutim,287,
312,1290.815,0.0848,144,63,5,4216,,D#4,,e,,d,,,,gut_n287_5Ds4t,4216,,gutim,287,
312,1290.9043000000001,0.0848,144,68,5,4217,,G#4,,e,,d,,,,gut_n287_5Gs4t,4217,,gutim,287,
312,1290.9936,0.0848,144,59,5,4218,,B3,,e,,d,,,,gut_n287_5B3t,4218,,gutim,287,
312,1291.0829,0.0848,144,21,5,4219,,A0,,e,,d,,,,gut_n287_5A0t_0,4219,,gutim,287,
312,1291.1722,0.0848,144,31,5,4220,,G1,,e,,d,,,,gut_n287_5G1t,4220,,gutim,287,
312,1291.2614,0.0848,144,21,5,4221,,A0,,e,,d,,,,gut_n287_5A0t_1,4221,,gutim,287,
312,1291.3507,0.2545,144,60,14,4222,,C4,,,,d,,,,gut_n287_1C4s,4222,,gutim,287,
312,1291.3507,0.0848,144,47,5,4222,,B2,,e,,d,,,,gut_n287_5B2t,4222,,gutim,287,
312,1291.44,0.0848,144,56,5,4223,,G#3,,e,,d,,,,gut_n287_5Gs3t,4223,,gutim,287,
312,1291.5293000000001,0.0848,144,21,5,4224,,A0,,e,,d,,,,gut_n287_5A0t_2,4224,,gutim,287,
312,1291.6186,0.2545,144,49,14,4225,,Db3,,,,D,,,,gut_n287_1Db3s,4225,,gutim,287,
312,1291.6186,0.0848,144,43,5,4225,,G2,,E,6003,D,6003,,,gut_n287_5G2t,4225,,gutim,287,
,,,,,,,6003,,,,,,,,,,,,gutim,,
,,,,,,,,,,,,,,,,,,313,,,
313,1291.8864,4.7143,144,68,17,4226,,Ab4,,,,d,,,,gut_n288_1Ab4w,4226,,gutim,288,
313,1295.9472,0.0712,144,44,11,4227,,G#2,g,e,,,,,,gut_ng288_5Gs2e,4227,,gutim,288,
313,1296.0222,0.0712,144,39,11,4228,,D#2,g,e,,,,,,gut_ng288_5Ds2e,4228,,gutim,288,
313,1296.0972000000002,0.0712,144,21,11,4229,,A0,g,e,,,,,,gut_ng288_5A0e,4229,,gutim,288,
313,1296.1722,0.1696,144,35,11,4230,,B1,,E,,,,,,gut_n288_5B1s_0,4230,,gutim,288,
313,1296.3507,0.5714,144,31,11,4231,,G1,,,,,,,,gut_n288_5G1q,4231,,gutim,288,
313,1296.3507,0.5714,144,35,11,4231,,B1,,,,,,,,gut_n288_5B1q,4231,,gutim,288,
313,1297.065,0.0714,144,21,22,4232,,A0,,,,,,,,gut_n288_5A0s,4232,,gutim,288,
313,1297.065,0.1429,144,31,22,4232,,G1,,,,,,,,gut_n288_5G1s,4232,,gutim,288,
313,1297.065,0.1429,144,35,22,4232,,B1,,,,,,,,gut_n288_5B1s_1,4232,,gutim,288,
313,1297.065,0.1429,144,39,22,4232,,D#2,,,,,,,,gut_n288_5Ds2s,4232,,gutim,288,
313,1297.065,0.1429,144,44,22,4232,,G#2,,,,,,,,gut_n288_5Gs2s,4232,,gutim,288,
,,,,,,,,,,,,,,,,,,314,,,
314,1297.7793000000001,0.5089,144,78,8,4233,,F#5,,,,,,,,gut_n289_1Fs5e,4233,,gutim,289,
314,1297.7793000000001,0.4286,144,86,8,4233,,D6,,,,,,,,gut_n289_1D6e,4233,,gutim,289,
314,1297.7793000000001,0.4286,144,92,8,4233,,G#6,,,,,,,,gut_n289_1Gs6e,4233,,gutim,289,
314,1297.7793000000001,0.4286,144,94,8,4233,,A#6,,,,,,,,gut_n289_1As6e,4233,,gutim,289,
314,1297.7793000000001,0.4286,144,103,8,4233,,G7,,,,,,,,gut_n289_1G7e,4233,,gutim,289,
314,1298.315,0.0848,144,28,8,4234,,E1,,e,,d,,,,gut_n289_5E1t,4234,,gutim,289,
314,1298.4043000000001,0.0848,144,74,8,4235,,D5,,e,,d,,,,gut_n289_5D5t_0,4235,,gutim,289,
314,1298.4936,0.0848,144,37,8,4236,,C#2,,e,,d,,,,gut_n289_5Cs2t_0,4236,,gutim,289,
314,1298.5829,0.0848,144,60,8,4237,,C4,,e,,d,,,,gut_n289_5C4t_0,4237,,gutim,289,
314,1298.6722,0.0848,144,37,8,4238,,C#2,,e,,d,,,,gut_n289_5Cs2t_1,4238,,gutim,289,
314,1298.7614,0.0848,144,74,8,4239,,D5,,e,,d,,,,gut_n289_5D5t_1,4239,,gutim,289,
314,1298.8043,0.06,144,80,8,4240,,Ab5,g,e,,,,,,gut_ng289_1Ab5e,4240,,gutim,289,
314,1298.8507,0.0848,144,60,8,4241,,C4,,e,,d,,,,gut_n289_5C4t_1,4241,,gutim,289,
314,1298.8793,0.06,144,86,8,4242,,D6,g,e,,,,,,gut_ng289_1D6e,4242,,gutim,289,
314,1298.94,0.0848,144,37,8,4243,,C#2,,E,,D,6004,,,gut_n289_5Cs2t_2,4243,,gutim,289,
314,1298.9543,0.06,144,52,8,4244,,E3,g,e,,,,,,gut_ng289_1E3e,4244,,gutim,289,
314,1299.0293000000001,0.1696,144,72,8,4245,,C5,,E,,,,,,gut_n289_1C5s,4245,,gutim,289,
314,1299.2079,0.1696,144,61,8,4246,,C#4,,,,,,,,gut_n289_1Cs4s,4246,,gutim,289,
314,1299.3114,0.06,144,74,8,4247,,D5,g,,,,,,,gut_ng289_1D5e,4247,,gutim,289,
314,1299.3864,0.1272,144,68,8,4248,,Ab4,,,,,,,,gut_n289_1Ab4t_0,4248,,gutim,289,
314,1299.5204,0.0848,144,40,8,4249,,E2,,,,,,,,gut_n289_1E2t_0,4249,,gutim,289,
314,1299.6097,0.0848,144,49,8,4250,,C#3,,,,,,,,gut_n289_1Cs3t_0,4250,,gutim,289,
314,1299.6989,0.1272,144,60,8,4251,,C4,,,,,,,,gut_n289_1C4t,4251,,gutim,289,
314,1299.8329,0.0848,144,49,8,4252,,C#3,,,,,,,,gut_n289_1Cs3t_1,4252,,gutim,289,
314,1299.9222,0.1272,144,68,8,4253,,Ab4,,,,,,,,gut_n289_1Ab4t_1,4253,,gutim,289,
314,1300.0561,0.1272,144,40,8,4254,,E2,,,,,,,,gut_n289_1E2t_1,4254,,gutim,289,
314,1300.19,0.2545,144,74,8,4255,,D5,,,,,,,,gut_n289_1D5s,4255,,gutim,289,
314,1300.4579,0.2857,144,43,5,4256,,G2,,,,,,,,gut_n289_5G2e,4256,,gutim,289,
314,1300.815,0.5714,144,43,5,4257,,G2,,,,,,,,gut_n289_5G2q,4257,,gutim,289,
314,1300.815,0.5714,144,47,5,4257,,B2,,,,,,,,gut_n289_5B2q,4257,,gutim,289,
314,1301.5293000000001,0.0848,144,92,5,4258,,Ab6,,e,,,,,,gut_n289_1Ab6t_0,4258,,gutim,289,
314,1301.6186,0.0848,144,98,5,4259,,D7,,e,,,,,,gut_n289_1D7t_0,4259,,gutim,289,
314,1301.7079,0.0848,144,61,6,4260,,C#4,,e,,,,,,gut_n289_1Cs4t_0,4260,,gutim,289,
314,1301.7972,0.0848,144,52,6,4261,,E3,,e,,,,,,gut_n289_1E3t_0,4261,,gutim,289,
314,1301.8864,0.0848,144,84,7,4262,,C6,,E,,,,,,gut_n289_1C6t_0,4262,,gutim,289,
314,1301.8864,0.0848,144,98,7,4262,,D7,,E,6004,,,,,gut_n289_1D7t_1,4262,,gutim,289,
314,1301.9757,0.1272,144,92,7,4263,,Ab6,,,,,,,,gut_n289_1Ab6t_1,4263,,gutim,289,
314,1302.1097,0.1272,144,52,8,4264,,E3,,,,,,,,gut_n289_1E3t_1,4264,,gutim,289,
314,1302.1097,0.1272,144,61,8,4264,,C#4,,,,,,,,gut_n289_1Cs4t_1,4264,,gutim,289,
314,1302.2436,0.0848,144,84,9,4265,,C6,,,,,,,,gut_n289_1C6t_1,4265,,gutim,289,
314,1302.2436,0.0848,144,92,9,4265,,Ab6,,,,,,,,gut_n289_1Ab6t_2,4265,,gutim,289,
314,1302.3329,0.1272,144,98,9,4266,,D7,,,,,,,,gut_n289_1D7t_2,4266,,gutim,289,
314,1302.4668000000001,0.1272,144,84,9,4267,,C6,,,,,,,,gut_n289_1C6t_2,4267,,gutim,289,
,,,,,,,,,,,,,,,,,,315,,,
315,1302.6007,0.0848,144,37,8,4268,,C#2,,,,,,,,gut_n290_5Cs2t,4268,,gutim,290,
315,1302.69,0.0848,144,28,8,4269,,E1,,,,,,,,gut_n290_5E1t,4269,,gutim,290,
315,1302.7793000000001,0.1696,144,48,8,4270,,C3,,,,,,,,gut_n290_5C3s_0,4270,,gutim,290,
315,1302.7793000000001,0.1696,144,56,8,4270,,Ab3,,,,,,,,gut_n290_5Ab3s_0,4270,,gutim,290,
315,1302.7793000000001,0.1696,144,62,8,4270,,D4,,,,,,,,gut_n290_5D4s_0,4270,,gutim,290,
315,1302.9579,0.2545,144,28,8,4271,,E1,,,,,,,,gut_n290_5E1s_0,4271,,gutim,290,
315,1302.9579,0.2545,144,37,8,4271,,C#2,,,,,,,,gut_n290_5Cs2s_0,4271,,gutim,290,
315,1303.2257,0.0893,144,28,20,4272,,E1,,,,,,,,gut_n290_5E1s_1,4272,,gutim,290,
315,1303.2257,0.1429,144,37,20,4272,,C#2,,,,,,,,gut_n290_5Cs2s_1,4272,,gutim,290,
315,1303.2257,0.1429,144,48,20,4272,,C3,,,,,,,,gut_n290_5C3s_1,4272,,gutim,290,
315,1303.2257,0.1429,144,56,20,4272,,Ab3,,,,,,,,gut_n290_5Ab3s_1,4272,,gutim,290,
315,1303.2257,0.1429,144,62,20,4272,,D4,,,,,,,,gut_n290_5D4s_1,4272,,gutim,290,
,,,,,,,6004,,,,,,,,,,,,gutim,,
315,1303.6722,3.4286,144,80,22,4273,,Ab5,,,,,,,,gut_n290_5Ab5w,4273,,gutim,290,
315,1304.2079,0.1021,144,78,5,4274,,F#5,,e,,,,,,gut_n290_1Fs5t,4274,,gutim,290,
315,1304.3153,0.1021,144,86,5,4275,,D6,,e,,,,,,gut_n290_1D6t,4275,,gutim,290,
315,1304.4227,0.1021,144,94,5,4276,,Bb6,,e,,,,,,gut_n290_1Bb6t_0,4276,,gutim,290,
315,1304.5301,0.1021,144,103,5,4277,,G7,,e,,,,,,gut_n290_1G7t_0,4277,,gutim,290,
315,1304.6376,0.1021,144,92,5,4278,,Ab6,,e,,,,,,gut_n290_1Ab6t,4278,,gutim,290,
315,1304.7450000000001,0.1524,144,94,6,4279,,Bb6,,E,,,,,,gut_n290_1Bb6t_1,4279,,gutim,290,
315,1304.9054,0.1021,144,66,6,4280,,F#4,,,,,,,,gut_n290_1Fs4t_0,4280,,gutim,290,
315,1305.0128,0.1021,144,74,6,4281,,D5,,,,,,,,gut_n290_1D5t_0,4281,,gutim,290,
315,1305.1203,0.1524,144,66,6,4282,,F#4,,,,,,,,gut_n290_1Fs4t_1,4282,,gutim,290,
315,1305.2807,0.1272,144,80,6,4283,,Ab5,,,,,,,,gut_n290_1Ab5t_0,4283,,gutim,290,
315,1305.4146,0.0848,144,74,6,4284,,D5,,,,,,,,gut_n290_1D5t_1,4284,,gutim,290,
315,1305.5039000000002,0.0848,144,82,7,4285,,Bb5,,,,,,,,gut_n290_1Bb5t,4285,,gutim,290,
315,1305.5932,0.0848,144,103,7,4286,,G7,,,,,,,,gut_n290_1G7t_1,4286,,gutim,290,
315,1305.6825000000001,0.1272,144,74,7,4287,,D5,,,,,,,,gut_n290_1D5t_2,4287,,gutim,290,
315,1305.8164000000002,0.1021,144,103,7,4288,,G7,,e,,,,,,gut_n290_1G7t_2,4288,,gutim,290,
315,1305.9238,0.1021,144,80,7,4289,,Ab5,,e,,,,,,gut_n290_1Ab5t_1,4289,,gutim,290,
315,1306.0313,0.1021,144,66,7,4290,,F#4,,e,,,,,,gut_n290_1Fs4t_2,4290,,gutim,290,
315,1306.1387,0.1021,144,74,7,4291,,D5,,e,,,,,,gut_n290_1D5t_3,4291,,gutim,290,
315,1306.2461,0.1524,144,66,7,4292,,F#4,,E,,,,,,gut_n290_1Fs4t_3,4292,,gutim,290,
315,1306.4065,0.1524,144,80,8,4293,,Ab5,,e,,,,,,gut_n290_1Ab5t_2,4293,,gutim,290,
315,1306.567,0.1524,144,74,8,4294,,D5,,e,,,,,,gut_n290_1D5t_4,4294,,gutim,290,
315,1306.7274,0.1524,144,103,8,4295,,G7,,e,,,,,,gut_n290_1G7t_3,4295,,gutim,290,
315,1306.8878,0.1021,144,80,8,4296,,Ab5,,E,6005,,,,,gut_n290_1Ab5t_3,4296,,gutim,290,
315,1306.9953,0.1021,144,94,8,4297,,Bb6,,,,,,,,gut_n290_1Bb6t_2,4297,,gutim,290,
315,1307.1027000000001,0.1021,144,54,8,4298,,F#3,,,,,,,,gut_n290_1Fs3t,4298,,gutim,290,
315,1307.2101,0.1021,144,74,8,4299,,D5,,,,,,,,gut_n290_1D5t_5,4299,,gutim,290,
315,1307.3175,0.1524,144,80,9,4300,,Ab5,,,,,,,,gut_n290_1Ab5t_4,4300,,gutim,290,
315,1307.478,0.1524,144,74,9,4301,,D5,,,,,,,,gut_n290_1D5t_6,4301,,gutim,290,
315,1307.6384,0.3035,144,103,9,4302,,G7,,,,,,,,gut_n290_1G7s,4302,,gutim,290,
,,,,,,,,,,,,,,,,,,316,,,
316,1311.1722,0.1429,144,43,5,4303,,G2,,,,,,,,gut_n291_5G2s,4303,,gutim,291,
316,1311.3507,0.4286,144,43,5,4304,,G2,,,,,,,,gut_n291_5G2e,4304,,gutim,291,
316,1311.3507,0.4286,144,47,5,4304,,B2,,,,,,,,gut_n291_5B2e,4304,,gutim,291,
316,1311.8864,1.1429,144,69,5,4305,,A4,,,,,,,,gut_n291_5A4e,4305,,gutim,291,
,,,,,,,,,,,,,,,,,,317,,,
317,1313.6722,0.0848,144,69,5,4306,,A4,,,,d,,,,gut_n292_5A4t_0,4306,,gutim,292,
317,1313.7614,0.0848,144,63,5,4307,,Eb4,,,,d,,,,gut_n292_5Eb4t,4307,,gutim,292,
317,1313.8507,0.2545,144,36,5,4308,,C2,,,,d,,,,gut_n292_5C2s,4308,,gutim,292,
317,1314.1186,0.3817,144,69,5,4309,,A4,,,,d,,,,gut_n292_5A4s,4309,,gutim,292,
317,1314.5204,0.8906,144,63,5,4310,,Eb4,,,,D,,,,gut_n292_5Eb4e,4310,,gutim,292,
317,1317.5257000000001,0.06,144,65,5,4311,,F4,g,,,,,,,gut_ng292_1F4e,4311,,gutim,292,
317,1317.6007,0.8571,144,65,5,4312,,F4,,,,d,,t,,gut_n292_1F4q,4312,,gutim,292,
317,1317.6007,0.8571,144,31,5,4312,,G1,,,,d,,t,,gut_n292_5G1q,4312,,gutim,292,
,,,,,,,,,,,,,,,,,,318,,,
318,1318.6722,1.7143,144,80,14,4313,,Ab5,,,,d,,t,,gut_n293_1Ab5h,4313,,gutim,293,
318,1318.6722,1.7143,144,40,14,4313,,E2,,,,D,6005,t,,gut_n293_5E2h_0,4313,,gutim,293,
318,1320.815,2.0357,144,80,15,4314,,Ab5,,,,,,t,,gut_n293_1Ab5q_0,4314,,gutim,293,
318,1320.815,1.7143,144,86,15,4314,,D6,,,,,,t,,gut_n293_1D6q_0,4314,,gutim,293,
318,1320.815,1.7143,144,40,14,4314,,E2,,,,,,,,gut_n293_5E2h_1,4314,,gutim,293,
318,1322.9579,0.6429,144,72,15,4315,,C5,,,,,,T,,gut_n293_1C5e,4315,,gutim,293,
318,1322.9579,0.6429,144,80,15,4315,,Ab5,,,,,,T,,gut_n293_1Ab5e,4315,,gutim,293,
318,1322.9579,0.6429,144,86,15,4315,,D6,,,,,,T,6005,gut_n293_1D6e,4315,,gutim,293,
318,1323.7614,0.2143,144,49,15,4316,,C#3,,,,,,,,gut_n293_1Cs3s,4316,,gutim,293,
,,,,,,,6005,,,,,,,,,,,,gutim,,
,,,,,,,,,,,,,,,,,,319,,,
319,1324.0293000000001,0.06,144,62,5,4317,,D4,g,,,d,,,,gut_ng294_5D4e,4317,,gutim,294,
319,1324.1043,0.06,144,37,5,4318,,C#2,g,,,d,,,,gut_ng294_5Cs2e,4318,,gutim,294,
319,1324.1793,0.1272,144,56,5,4319,,Ab3,,,,d,,,,gut_n294_5Ab3t,4319,,gutim,294,
319,1324.3132,0.0848,144,28,5,4320,,E1,,,,d,,,,gut_n294_5E1t,4320,,gutim,294,
319,1324.4025000000001,0.1272,144,48,5,4321,,C3,,,,d,,,,gut_n294_5C3t,4321,,gutim,294,
319,1325.2507,2.5714,144,50,5,4322,,D3,,,,d,,,,gut_n294_5D3h,4322,,gutim,294,
319,1326.2472,0.06,144,45,8,4323,,A2,g,,,d,,,,gut_ng294_1A2e,4323,,gutim,294,
319,1326.3222,2.5714,144,45,22,4324,,A2,,,,d,,,,gut_n294_1A2h,4324,,gutim,294,
319,1326.3222,2.5714,144,85,22,4324,,C#6,,,,d,,,,gut_n294_1Cs6h,4324,,gutim,294,
319,1328.4650000000001,0.0848,144,50,5,4325,,D3,,,,D,,,,gut_n294_5D3t,4325,,gutim,294,
319,1328.5543,0.0848,144,37,5,4326,,Db2,,,,,,,,gut_n294_5Db2t,4326,,gutim,294,
319,1328.6436,0.057,144,41,5,4327,,F2,,e,,,,,,gut_n294_5F2t_0,4327,,gutim,294,
319,1328.7036,0.057,144,57,5,4328,,A3,,e,,,,,,gut_n294_5A3t_0,4328,,gutim,294,
319,1328.7636,0.057,144,41,5,4329,,F2,,e,,,,,,gut_n294_5F2t_1,4329,,gutim,294,
319,1328.8236,0.057,144,57,5,4330,,A3,,e,,,,,,gut_n294_5A3t_1,4330,,gutim,294,
319,1328.8835000000001,0.057,144,41,5,4331,,F2,,e,,,,,,gut_n294_5F2t_2,4331,,gutim,294,
319,1328.9435,0.057,144,57,5,4332,,A3,,E,,,,,,gut_n294_5A3t_2,4332,,gutim,294,
319,1329.0035,0.0848,144,41,5,4333,,F2,,e,,d,,,,gut_n294_5F2t_3,4333,,gutim,294,
319,1329.0928000000001,0.0848,144,35,5,4334,,B1,,e,,d,,,,gut_n294_5B1t,4334,,gutim,294,
319,1329.1821,0.0848,144,57,5,4335,,A3,,e,,d,,,,gut_n294_5A3t_3,4335,,gutim,294,
319,1329.2714,0.0848,144,23,5,4336,,B0,,e,,d,,,,gut_n294_5B0t_0,4336,,gutim,294,
319,1329.3607,0.0848,144,29,5,4337,,F1,,e,,d,,,,gut_n294_5F1t,4337,,gutim,294,
319,1329.45,0.0822,144,23,5,4338,,B0,,E,,d,,,,gut_n294_5B0t_1,4338,,gutim,294,
,,,,,,,,,,,,,,,,,,320,,,
320,1329.5364,0.0848,144,38,5,4339,,D2,,,,,,,,gut_n295_5D2t_0,4339,,gutim,295,
320,1329.6257,0.0848,144,25,5,4340,,Db1,,,,,,,,gut_n295_5Db1t,4340,,gutim,295,
320,1329.7150000000001,0.057,144,29,5,4341,,F1,,e,,d,,,,gut_n295_5F1t_0,4341,,gutim,295,
320,1329.7150000000001,0.057,144,38,5,4341,,D2,,e,,d,,,,gut_n295_5D2t_1,4341,,gutim,295,
320,1329.775,0.057,144,45,5,4342,,A2,,e,,d,,,,gut_n295_5A2t_0,4342,,gutim,295,
320,1329.835,0.057,144,29,5,4343,,F1,,e,,d,,,,gut_n295_5F1t_1,4343,,gutim,295,
320,1329.835,0.057,144,38,5,4343,,D2,,e,,d,,,,gut_n295_5D2t_2,4343,,gutim,295,
320,1329.895,0.057,144,45,5,4344,,A2,,e,,d,,,,gut_n295_5A2t_1,4344,,gutim,295,
320,1329.9550000000002,0.057,144,29,5,4345,,F1,,e,,d,,,,gut_n295_5F1t_2,4345,,gutim,295,
320,1329.9550000000002,0.057,144,38,5,4345,,D2,,e,,d,,,,gut_n295_5D2t_3,4345,,gutim,295,
320,1330.015,0.057,144,45,5,4346,,A2,,e,,d,,,,gut_n295_5A2t_2,4346,,gutim,295,
320,1330.075,0.0848,144,29,5,4347,,F1,,E,,d,,,,gut_n295_5F1t_3,4347,,gutim,295,
320,1330.1642,0.0848,144,23,5,4348,,B0,,e,,,,,,gut_n295_5B0t_0,4348,,gutim,295,
320,1330.2535,0.0848,144,38,5,4349,,D2,,e,,,,,,gut_n295_5D2t_4,4349,,gutim,295,
320,1330.2535,0.0848,144,45,5,4349,,A2,,e,,,,,,gut_n295_5A2t_3,4349,,gutim,295,
320,1330.3428000000001,0.0848,144,23,5,4350,,B0,,e,,,,,,gut_n295_5B0t_1,4350,,gutim,295,
320,1330.4321,0.0848,144,29,5,4351,,F1,,e,,,,,,gut_n295_5F1t_4,4351,,gutim,295,
320,1330.4321,0.0848,144,38,5,4351,,D2,,e,,,,,,gut_n295_5D2t_5,4351,,gutim,295,
320,1330.4321,0.0848,144,45,5,4351,,A2,,e,,,,,,gut_n295_5A2t_4,4351,,gutim,295,
320,1330.5214,0.0822,144,23,5,4352,,B0,,E,,,,,,gut_n295_5B0t_2,4352,,gutim,295,
320,1330.6079,6.0,144,23,5,4353,,B0,,,,,,,,gut_n295_5B0w,4353,,gutim,295,
320,1330.6079,6.0,144,25,5,4353,,Db1,,,,,,,,gut_n295_5Db1w,4353,,gutim,295,
320,1330.6079,6.0,144,29,5,4353,,F1,,,,,,,,gut_n295_5F1w,4353,,gutim,295,
320,1330.6079,6.0,144,50,5,4353,,D3,,,,,,,,gut_n295_5D3w,4353,,gutim,295,
320,1330.6079,6.0,144,57,5,4353,,A3,,,,,,,,gut_n295_5A3w,4353,,gutim,295,
,,,,,,,,,,,,,,,,,,321,,,
321,1337.0364,1.2857,144,85,14,4354,,C#6,,,,,,,,gut_n296_1Cs6q,4354,,gutim,296,
321,1337.0364,1.2857,144,45,14,4354,,A2,,,,,,,,gut_n296_2A2q,4354,,gutim,296,
321,1337.0364,1.2857,144,54,14,4354,,F#3,,,,,,,,gut_n296_2Fs3q,4354,,gutim,296,
321,1338.6436,0.1022,144,66,5,4355,,F#4,,e,,,,,,gut_n296_1Fs4t_0,4355,,gutim,296,
321,1338.7484,0.1025,144,74,5,4356,,D5,,e,,,,,,gut_n296_1D5t_0,4356,,gutim,296,
321,1338.8563000000001,0.1029,144,94,5,4357,,Bb6,,e,,,,,,gut_n296_1Bb6t_0,4357,,gutim,296,
321,1338.9646,0.1032,144,103,5,4358,,G7,,e,,,,,,gut_n296_1G7t_0,4358,,gutim,296,
321,1339.0732,0.1035,144,92,5,4359,,Ab6,,e,,,,,,gut_n296_1Ab6t,4359,,gutim,296,
321,1339.1822,0.1552,144,94,5,4360,,Bb6,,E,6006,,,,,gut_n296_1Bb6t_1,4360,,gutim,296,
321,1339.3456,0.1044,144,66,5,4361,,F#4,,,,,,,,gut_n296_1Fs4t_1,4361,,gutim,296,
321,1339.4554,0.1047,144,74,5,4362,,D5,,,,,,,,gut_n296_1D5t_1,4362,,gutim,296,
321,1339.5656000000001,0.157,144,66,5,4363,,F#4,,,,,,,,gut_n296_1Fs4t_2,4363,,gutim,296,
321,1339.7309,0.1316,144,80,5,4364,,Ab5,,,,,,,,gut_n296_1Ab5t,4364,,gutim,296,
321,1339.8695,0.0881,144,74,5,4365,,D5,,,,,,,,gut_n296_1D5t_2,4365,,gutim,296,
321,1339.9622,0.0883,144,82,5,4366,,Bb5,,,,,,,,gut_n296_1Bb5t,4366,,gutim,296,
321,1340.0551,0.0886,144,103,5,4367,,G7,,,,,,,,gut_n296_1G7t_1,4367,,gutim,296,
321,1340.1483,0.1347,144,74,5,4368,,D5,,,,,,,,gut_n296_1D5t_3,4368,,gutim,296,
,,,,,,,,,,,,,,,,,,322,,,
322,1340.2901,0.1073,144,103,5,4369,,G7,,,,,,,,gut_n297_1G7t_0,4369,,gutim,297,
322,1340.403,0.1077,144,68,5,4370,,Ab4,,,,,,,,gut_n297_1Ab4t_0,4370,,gutim,297,
322,1340.5164,0.108,144,54,5,4371,,F#3,,,,,,,,gut_n297_1Fs3t_0,4371,,gutim,297,
322,1340.6301,0.1084,144,62,5,4372,,D4,,,,,,,,gut_n297_1D4t_0,4372,,gutim,297,
322,1340.7442,0.1626,144,54,5,4373,,F#3,,,,,,,,gut_n297_1Fs3t_1,4373,,gutim,297,
322,1340.9153000000001,0.1634,144,68,5,4374,,Ab4,,,,,,,,gut_n297_1Ab4t_1,4374,,gutim,297,
322,1341.0873000000001,0.1642,144,62,5,4375,,D4,,,,,,,,gut_n297_1D4t_1,4375,,gutim,297,
322,1341.2602,0.1651,144,94,5,4376,,Bb6,,,,,,,,gut_n297_1Bb6t,4376,,gutim,297,
322,1341.2602,0.1651,144,103,5,4376,,G7,,,,,,,,gut_n297_1G7t_1,4376,,gutim,297,
322,1341.4339,0.111,144,80,5,4377,,Ab5,,,,d,,,,gut_n297_1Ab5t_0,4377,,gutim,297,
322,1341.5508,0.1114,144,82,5,4378,,Bb5,,,,d,,,,gut_n297_1Bb5t_0,4378,,gutim,297,
322,1341.6680000000001,0.1118,144,54,5,4379,,F#3,,,,d,,,,gut_n297_1Fs3t_2,4379,,gutim,297,
322,1341.7857000000001,0.1122,144,74,5,4380,,D5,,,,d,,,,gut_n297_1D5t_0,4380,,gutim,297,
322,1341.7857000000001,0.1122,144,82,5,4380,,Bb5,,,,d,,,,gut_n297_1Bb5t_1,4380,,gutim,297,
322,1341.9038,0.1682,144,80,5,4381,,Ab5,,,,d,,,,gut_n297_1Ab5t_1,4381,,gutim,297,
322,1342.0809000000002,0.1691,144,74,5,4382,,D5,,,,d,,,,gut_n297_1D5t_1,4382,,gutim,297,
322,1342.2589,0.3409,144,103,5,4383,,G7,,,,d,,,,gut_n297_1G7s,4383,,gutim,297,
322,1342.6178,0.0955,144,50,2,4384,,D3,,,,d,,,,gut_n297_5D3t,4384,,gutim,297,
322,1342.7183,0.0958,144,25,2,4385,,Db1,,,,d,,,,gut_n297_5Db1t_0,4385,,gutim,297,
322,1342.8192000000001,0.0645,144,29,2,4386,,F1,,,,d,,,,gut_n297_5F1t_0,4386,,gutim,297,
322,1342.8871000000001,0.0647,144,69,2,4387,,A4,,,,d,,,,gut_n297_5A4t,4387,,gutim,297,
322,1342.9551000000001,0.0648,144,29,2,4388,,F1,,,,d,,,,gut_n297_5F1t_1,4388,,gutim,297,
322,1343.0233,0.0649,144,57,2,4389,,A3,,,,d,,,,gut_n297_5A3t_0,4389,,gutim,297,
322,1343.0917,0.065,144,29,2,4390,,F1,,,,d,,,,gut_n297_5F1t_2,4390,,gutim,297,
322,1343.1601,0.0652,144,57,2,4391,,A3,,,,d,,,,gut_n297_5A3t_1,4391,,gutim,297,
322,1343.2288,0.0973,144,29,2,4392,,F1,,,,d,,,,gut_n297_5F1t_3,4392,,gutim,297,
322,1343.3311,0.0976,144,23,2,4393,,B0,,,,d,,,,gut_n297_5B0t_0,4393,,gutim,297,
322,1343.4338,0.0978,144,57,2,4394,,A3,,,,D,6006,,,gut_n297_5A3t_2,4394,,gutim,297,
322,1343.5368,0.0981,144,23,2,4395,,B0,,,,,,,,gut_n297_5B0t_1,4395,,gutim,297,
322,1343.6401,0.0984,144,29,2,4396,,F1,,,,,,,,gut_n297_5F1t_4,4396,,gutim,297,
322,1343.7438,0.0987,144,23,2,4397,,B0,,,,,,,,gut_n297_5B0t_2,4397,,gutim,297,
322,1343.8477,0.0991,144,38,2,4398,,D2,,,,,,,,gut_n297_5D2t_0,4398,,gutim,297,
322,1343.952,0.0994,144,25,2,4399,,Db1,,,,,,,,gut_n297_5Db1t_1,4399,,gutim,297,
322,1344.0566000000001,0.0669,144,29,2,4400,,F1,,,,,,,,gut_n297_5F1t_5,4400,,gutim,297,
322,1344.127,0.0671,144,45,2,4401,,A2,,,,,,,,gut_n297_5A2t_0,4401,,gutim,297,
322,1344.1976,0.0672,144,29,2,4402,,F1,,,,,,,,gut_n297_5F1t_6,4402,,gutim,297,
322,1344.2683,0.0673,144,45,2,4403,,A2,,,,,,,,gut_n297_5A2t_1,4403,,gutim,297,
322,1344.3392000000001,0.0675,144,29,2,4404,,F1,,,,,,,,gut_n297_5F1t_7,4404,,gutim,297,
322,1344.4103,0.0676,144,45,2,4405,,A2,,,,,,,,gut_n297_5A2t_2,4405,,gutim,297,
322,1344.4815,0.1009,144,29,2,4406,,F1,,,,,,,,gut_n297_5F1t_8,4406,,gutim,297,
322,1344.5877,0.1012,144,23,2,4407,,B0,,,,,,,,gut_n297_5B0t_3,4407,,gutim,297,
322,1344.6943,0.1016,144,45,2,4408,,A2,,,,,,,,gut_n297_5A2t_3,4408,,gutim,297,
322,1344.8012,0.1019,144,23,2,4409,,B0,,,,,,,,gut_n297_5B0t_4,4409,,gutim,297,
322,1344.9084,0.1022,144,29,2,4410,,F1,,,,,,,,gut_n297_5F1t_9,4410,,gutim,297,
322,1345.016,0.1025,144,23,2,4411,,B0,,,,,,,,gut_n297_5B0t_5,4411,,gutim,297,
322,1345.1239,0.1029,144,38,2,4412,,D2,,,,,,,,gut_n297_5D2t_1,4412,,gutim,297,
322,1345.1239,0.1029,144,45,2,4412,,A2,,,,,,,,gut_n297_5A2t_4,4412,,gutim,297,
322,1345.2322000000001,0.1032,144,25,2,4413,,Db1,,,,,,,,gut_n297_5Db1t_2,4413,,gutim,297,
322,1345.3408,0.0695,144,29,2,4414,,F1,,,,,,,,gut_n297_5F1t_10,4414,,gutim,297,
322,1345.414,0.0697,144,38,2,4415,,D2,,,,,,,,gut_n297_5D2t_2,4415,,gutim,297,
322,1345.414,0.0697,144,45,2,4415,,A2,,,,,,,,gut_n297_5A2t_5,4415,,gutim,297,
322,1345.4874,0.0698,144,29,2,4416,,F1,,,,,,,,gut_n297_5F1t_11,4416,,gutim,297,
322,1345.5608,0.07,144,38,2,4417,,D2,,,,,,,,gut_n297_5D2t_3,4417,,gutim,297,
322,1345.5608,0.07,144,45,2,4417,,A2,,,,,,,,gut_n297_5A2t_6,4417,,gutim,297,
322,1345.6345000000001,0.0701,144,29,2,4418,,F1,,,,,,,,gut_n297_5F1t_12,4418,,gutim,297,
322,1345.7083,0.0703,144,38,2,4419,,D2,,,,,,,,gut_n297_5D2t_4,4419,,gutim,297,
322,1345.7083,0.0703,144,45,2,4419,,A2,,,,,,,,gut_n297_5A2t_7,4419,,gutim,297,
322,1345.7823,0.1049,144,29,2,4420,,F1,,,,,,,,gut_n297_5F1t_13,4420,,gutim,297,
322,1345.8927,0.1052,144,23,2,4421,,B0,,,,,,,,gut_n297_5B0t_6,4421,,gutim,297,
322,1346.0034,0.1056,144,25,2,4422,,Db1,,,,,,,,gut_n297_5Db1t_3,4422,,gutim,297,
322,1346.0034,0.1056,144,38,2,4422,,D2,,,,,,,,gut_n297_5D2t_5,4422,,gutim,297,
322,1346.0034,0.1056,144,45,2,4422,,A2,,,,,,,,gut_n297_5A2t_8,4422,,gutim,297,
322,1346.1146,0.1059,144,23,2,4423,,B0,,,,,,,,gut_n297_5B0t_7,4423,,gutim,297,
322,1346.2261,0.1063,144,29,2,4424,,F1,,,,,,,,gut_n297_5F1t_14,4424,,gutim,297,
322,1346.2261,0.1063,144,38,2,4424,,D2,,,,,,,,gut_n297_5D2t_6,4424,,gutim,297,
322,1346.2261,0.1063,144,45,2,4424,,A2,,,,,,,,gut_n297_5A2t_9,4424,,gutim,297,
322,1346.3379,0.0966,144,23,2,4425,,B0,,,,,,,,gut_n297_5B0t_8,4425,,gutim,297,
,,,,,,,,,,,,,,,,,,323,,,
323,1346.4396000000002,1.478,144,23,2,4426,,B0,,,,,,,,gut_n298_6B0q_0,4426,,gutim,298,
323,1346.4396000000002,1.478,144,25,2,4426,,Db1,,,,,,,,gut_n298_6Db1q_0,4426,,gutim,298,
323,1346.4396000000002,1.478,144,29,2,4426,,F1,,,,,,,,gut_n298_6F1q_0,4426,,gutim,298,
323,1346.4396000000002,1.478,144,38,2,4426,,D2,,,,,,,,gut_n298_6D2q_0,4426,,gutim,298,
323,1346.4396000000002,1.478,144,45,2,4426,,A2,,,,,,,,gut_n298_6A2q_0,4426,,gutim,298,
323,1348.2872,2.3801,144,23,2,4427,,B0,,,,,,,,gut_n298_6B0q_1,4427,,gutim,298,
323,1348.2872,2.3801,144,25,2,4427,,Db1,,,,,,,,gut_n298_6Db1q_1,4427,,gutim,298,
323,1348.2872,2.3801,144,29,2,4427,,F1,,,,,,,,gut_n298_6F1q_1,4427,,gutim,298,
323,1348.2872,2.3801,144,38,2,4427,,D2,,,,,,,,gut_n298_6D2q_1,4427,,gutim,298,
323,1348.2872,2.3801,144,45,2,4427,,A2,,,,,,,,gut_n298_6A2q_1,4427,,gutim,298,
323,1349.2501,0.5925,144,65,8,4428,,F4,,,,,,,,gut_n298_1F4e,4428,,gutim,298,
323,1349.2501,0.5925,144,85,8,4428,,C#6,,,,,,,,gut_n298_1Cs6e,4428,,gutim,298,
323,1349.2501,0.1745,144,54,8,4428,,F#3,,,,,,,,gut_n298_5Fs3t,4428,,gutim,298,
323,1349.4338,0.5291,144,43,8,4429,,G2,,,,,,,,gut_n298_5G2s,4429,,gutim,298,
323,1351.2623,0.2089,144,23,8,4430,,B0,,,,,,,,gut_n298_6B0e_1,4430,,gutim,298,
323,1351.2623,0.4178,144,25,8,4430,,Db1,,,,,,,,gut_n298_6Db1e_1,4430,,gutim,298,
323,1351.2623,0.4178,144,29,8,4430,,F1,,,,,,,,gut_n298_6F1e_1,4430,,gutim,298,
323,1351.2623,0.4178,144,38,8,4430,,D2,,,,,,,,gut_n298_6D2e_1,4430,,gutim,298,
323,1351.2623,0.4178,144,45,8,4430,,A2,,,,,,,,gut_n298_6A2e_1,4430,,gutim,298,
,,,,,,,6006,,,,,,,,,,,,gutim,,
,,,,,,,,,,,,,,,,,,324,,,
324,1354.5331,0.8982,144,68,11,4431,,G#4,,e,,d,,t,,gut_n299_1Gs4q,4431,,gutim,299,
324,1354.5331,0.8982,144,87,11,4431,,D#6,,e,,d,,t,,gut_n299_1Ds6q,4431,,gutim,299,
324,1355.4308,0.0712,144,64,5,4432,,E4,g,,,,,,,gut_ng299_6E4e,4432,,gutim,299,
324,1355.5058000000001,0.0712,144,58,5,4433,,Bb3,g,,,,,,,gut_ng299_6Bb3e,4433,,gutim,299,
324,1355.5808,0.0712,144,50,5,4434,,D3,g,,,,,,,gut_ng299_6D3e,4434,,gutim,299,
324,1355.5808,0.0712,144,52,5,4434,,E3,g,,,,,,,gut_ng299_6E3e,4434,,gutim,299,
324,1355.6558,1.8544,144,61,11,4435,,C#4,,e,,D,,t,,gut_n299_1Cs4h,4435,,gutim,299,
324,1355.6558,1.8544,144,66,8,4435,,F#4,,e,,D,,t,,gut_n299_1Fs4h,4435,,gutim,299,
324,1355.6558,2.2021,144,24,22,4435,,C1,,,,d,,,,gut_n299_6C1h,4435,,gutim,299,
324,1355.6558,2.2021,144,25,8,4435,,Db1,,,,d,,,,gut_n299_6Db1h,4435,,gutim,299,
324,1355.6558,2.2021,144,28,8,4435,,E1,,,,d,,,,gut_n299_6E1h,4435,,gutim,299,
324,1356.1097,0.5529,144,39,5,4436,,Eb2,,,,d,,,,gut_n299_5Eb2e,4436,,gutim,299,
324,1356.8008,0.0918,144,32,5,4437,,Ab1,,E,,,,T,6007,gut_n299_5Ab1t_0,4437,,gutim,299,
324,1356.8975,0.092,144,41,6,4438,,F2,,e,,,,,,gut_n299_5F2t_0,4438,,gutim,299,
324,1356.9943,0.0921,144,30,7,4439,,Gb1,,e,,,,,,gut_n299_5Gb1t_0,4439,,gutim,299,
324,1357.0913,0.0923,144,32,7,4440,,Ab1,,e,,,,,,gut_n299_5Ab1t_1,4440,,gutim,299,
324,1357.1884,0.0925,144,41,8,4441,,F2,,e,,,,,,gut_n299_5F2t_1,4441,,gutim,299,
324,1357.2858,0.0926,144,30,9,4442,,Gb1,,e,,,,,,gut_n299_5Gb1t_1,4442,,gutim,299,
324,1357.3833,0.0798,144,53,10,4443,,F3,,E,,,,,,gut_n299_5F3x_0,4443,,gutim,299,
324,1357.4673,0.1599,144,64,11,4444,,E4,,,,,,,,gut_n299_5E4t,4444,,gutim,299,
324,1357.6356,0.0801,144,53,12,4445,,F3,,,,,,,,gut_n299_5F3x_1,4445,,gutim,299,
324,1357.7199,0.0803,144,64,13,4446,,E4,,,,,,,,gut_n299_5E4x,4446,,gutim,299,
324,1357.8044,0.0804,144,53,13,4447,,F3,,,,,,,,gut_n299_5F3x_2,4447,,gutim,299,
324,1357.8890000000001,0.0805,144,42,14,4448,,Gb2,,,,d,,,,gut_n299_5Gb2x,4448,,gutim,299,
324,1357.9737,0.9579,144,61,8,4449,,C#4,,,,d,,,,gut_n299_1Cs4q,4449,,gutim,299,
324,1357.9737,1.1375,144,28,22,4449,,E1,,,,d,,,,gut_n299_5E1q,4449,,gutim,299,
324,1357.9737,0.9579,144,25,8,4449,,Db1,,,,D,,,,gut_n299_6Db1q,4449,,gutim,299,
324,1357.9737,0.9579,144,36,14,4449,,C2,,,,D,,,,gut_n299_6C2q,4449,,gutim,299,
324,1358.4492,0.0959,144,50,7,4450,,D3,,e,,,,,,gut_n299_2D3t,4450,,gutim,299,
324,1358.5691,0.0961,144,78,7,4451,,F#5,,e,,,,,,gut_n299_2Fs5t,4451,,gutim,299,
324,1358.6893,0.0964,144,76,7,4452,,E5,,e,,,,,,gut_n299_2E5t,4452,,gutim,299,
324,1358.8097,0.0966,144,39,7,4453,,Eb2,,e,,,,,,gut_n299_2Eb2t,4453,,gutim,299,
324,1358.9304,0.1925,144,58,7,4454,,Bb3,,E,6007,,,,,gut_n299_2Bb3s,4454,,gutim,299,
324,1359.1711,0.0972,144,78,6,4455,,F#5,,,,,,,,gut_n299_1Fs5t_0,4455,,gutim,299,
324,1359.1711,1.1633,144,44,6,4455,,Ab2,,,,,,,,gut_n299_5Ab2q,4455,,gutim,299,
324,1359.2895,0.0974,144,64,6,4456,,E4,,,,,,,,gut_n299_1E4t_0,4456,,gutim,299,
324,1359.4113,0.0977,144,50,6,4457,,D3,,,,,,,,gut_n299_1D3t,4457,,gutim,299,
324,1359.5333,0.0979,144,78,6,4458,,F#5,,,,,,,,gut_n299_1Fs5t_1,4458,,gutim,299,
324,1359.6557,0.0981,144,64,6,4459,,E4,,,,,,,,gut_n299_1E4t_1,4459,,gutim,299,
324,1359.7783,0.1969,144,39,6,4460,,Eb2,,,,,,,,gut_n299_1Eb2s,4460,,gutim,299,
324,1360.0244,0.0988,144,58,5,4461,,Bb3,,,,,,,,gut_n299_1Bb3t,4461,,gutim,299,
324,1360.1479,0.099,144,64,5,4462,,E4,,,,,,,,gut_n299_1E4t_2,4462,,gutim,299,
324,1360.2716,0.0992,144,27,5,4463,,Eb1,,,,,,,,gut_n299_1Eb1t,4463,,gutim,299,
,,,,,,,,,,,,,,,,,,325,,,
325,1360.3957,0.06,144,28,24,4464,,E1,g,,,d,,,,gut_ng300_5E1e,4464,,gutim,300,
325,1360.4707,0.1991,144,64,17,4465,,E4,,,,d,,,,gut_n300_2E4s,4465,,gutim,300,
325,1360.4707,3.0797,144,48,24,4465,,C3,,,,d,,,,gut_n300_5C3h,4465,,gutim,300,
325,1360.7196000000001,0.2001,144,41,20,4466,,F2,,,,,,,,gut_n300_2F2s,4466,,gutim,300,
325,1360.7812000000001,0.0999,144,24,22,4467,,C1,,,,d,,,,gut_n300_6C1s,4467,,gutim,300,
325,1360.7812000000001,0.2499,144,30,22,4467,,Gb1,,,,d,,,,gut_n300_6Gb1s,4467,,gutim,300,
325,1360.7812000000001,0.2499,144,32,22,4467,,Ab1,,,,d,,,,gut_n300_6Ab1s,4467,,gutim,300,
325,1360.7812000000001,0.2499,144,53,22,4467,,F3,,,,d,,,,gut_n300_6F3s,4467,,gutim,300,
325,1360.7812000000001,0.2499,144,64,22,4467,,E4,,,,d,,,,gut_n300_6E4s,4467,,gutim,300,
325,1360.8851,0.3341,144,50,8,4468,,D3,,,,d,,,,gut_n300_1D3e,4468,,gutim,300,
325,1360.9664,0.6058,144,36,22,4469,,C2,,,,d,,,,gut_n300_2C2e,4469,,gutim,300,
325,1361.3027,0.3367,144,91,20,4470,,G6,,,,d,,,,gut_n300_1G6e,4470,,gutim,300,
325,1361.7236,0.1005,144,82,20,4471,,Bb5,,,,d,,,,gut_n300_1Bb5t,4471,,gutim,300,
325,1361.7236,2.0773,144,70,8,4471,,Bb4,,,,D,6007,,,gut_n300_2Bb4h,4471,,gutim,300,
325,1361.8293,0.1006,144,42,19,4472,,F#2,,,,,,,,gut_n300_1Fs2t,4472,,gutim,300,
325,1361.9353,0.1008,144,62,18,4473,,D4,,,,,,,,gut_n300_1D4t_0,4473,,gutim,300,
325,1362.0414,0.101,144,68,16,4474,,Ab4,,,,,,,,gut_n300_1Ab4t_0,4474,,gutim,300,
325,1362.1478,0.1012,144,62,15,4475,,D4,,,,,,,,gut_n300_1D4t_1,4475,,gutim,300,
325,1362.2544,0.1014,144,68,14,4476,,Ab4,,,,,,,,gut_n300_1Ab4t_1,4476,,gutim,300,
325,1362.3612,0.1016,144,62,13,4477,,D4,,,,,,,,gut_n300_1D4t_2,4477,,gutim,300,
325,1362.4682,0.1018,144,68,12,4478,,Ab4,,,,,,,,gut_n300_1Ab4t_2,4478,,gutim,300,
325,1362.5754,0.102,144,91,10,4479,,G6,,,,,,,,gut_n300_1G6t,4479,,gutim,300,
325,1362.6828,0.1023,144,68,9,4480,,Ab4,,,,,,,,gut_n300_1Ab4t_3,4480,,gutim,300,
325,1362.7904,0.2051,144,91,8,4481,,G6,,,,,,,,gut_n300_1G6s,4481,,gutim,300,
325,1365.0643,0.06,144,30,16,4482,,F#1,g,,,,,,,gut_ng300_5Fs1e,4482,,gutim,300,
325,1365.1246,0.2171,144,44,14,4483,,G#2,,,,,,,,gut_n300_6Gs2s,4483,,gutim,300,
325,1365.1393,0.06,144,70,18,4484,,A#4,g,,,,,,,gut_ng300_5As4e,4484,,gutim,300,
,,,,,,,6007,,,,,,,,,,,,gutim,,
325,1365.2143,0.3621,144,50,20,4485,,D3,,,,,,,,gut_n300_5D3e,4485,,gutim,300,
325,1365.3143,0.06,144,64,11,4486,,E4,g,e,,,,,,gut_ng300_5E4e,4486,,gutim,300,
325,1365.3907000000002,0.221,144,42,11,4487,,F#2,,,,,,,,gut_n300_6Fs2s,4487,,gutim,300,
325,1365.3893,0.06,144,36,13,4487,,C2,g,e,,,,,,gut_ng300_5C2e,4487,,gutim,300,
325,1365.4643,0.06,144,53,15,4488,,F3,g,e,,,,,,gut_ng300_5F3e,4488,,gutim,300,
325,1365.5393000000001,0.06,144,50,17,4489,,D3,g,,,,,,,gut_ng300_1D3e,4489,,gutim,300,
325,1365.5393000000001,0.06,144,34,16,4489,,A#1,g,e,,,,,,gut_ng300_5As1e,4489,,gutim,300,
325,1365.5393000000001,0.06,144,42,16,4489,,F#2,g,e,,,,,,gut_ng300_5Fs2e,4489,,gutim,300,
325,1365.6143,0.06,144,76,20,4490,,E5,g,,,,,,,gut_ng300_1E5e,4490,,gutim,300,
325,1365.6143,0.06,144,44,18,4490,,G#2,g,e,,,,,,gut_ng300_5Gs2e,4490,,gutim,300,
325,1365.6143,0.06,144,48,20,4490,,C3,g,E,6008,,,,,gut_ng300_5C3e,4490,,gutim,300,
325,1365.6893,1.7486,144,70,24,4491,,Bb4,,,,d,,,,gut_n300_1Bb4e_0,4491,,gutim,300,
325,1365.6893,1.7486,144,76,24,4491,,E5,,,,d,,,,gut_n300_1E5e_0,4491,,gutim,300,
325,1365.6893,1.7457,144,62,11,4491,,D4,,,,d,,,,gut_n300_2D4q,4491,,gutim,300,
325,1365.6893,1.7457,144,35,11,4491,,B1,,,,d,,,,gut_n300_5B1q,4491,,gutim,300,
325,1365.6893,1.7457,144,42,22,4491,,F#2,,,,d,,,,gut_n300_5Fs2q,4491,,gutim,300,
325,1366.5043,1.0938,144,77,20,4492,,F5,,,,,,,,gut_n300_1F5e,4492,,gutim,300,
325,1366.8806,0.06,144,75,8,4493,,D#5,g,,,,,,,gut_ng300_1Ds5e,4493,,gutim,300,
,,,,,,,,,,,,,,,,,,326,,,
326,1367.0601000000001,0.6548,144,71,8,4494,,B4,,,,d,,,,gut_n301_6B4e,4494,,gutim,301,
326,1367.8715,2.1847,144,70,14,4495,,Bb4,,,,d,,,,gut_n301_1Bb4e_1,4495,,gutim,301,
326,1367.8715,2.1847,144,77,20,4495,,F5,,,,,,,,gut_n301_1F5e_1,4495,,gutim,301,
326,1367.8715,2.1847,144,62,8,4495,,D4,,,,d,,,,gut_n301_2D4e_1,4495,,gutim,301,
326,1367.8786,0.4389,144,35,8,4496,,B1,,,,D,,,,gut_n301_5B1e_1,4496,,gutim,301,
326,1367.8786,0.4389,144,42,8,4496,,F#2,,,,D,,,,gut_n301_5Fs2e_1,4496,,gutim,301,
326,1367.8786,0.1094,144,77,20,4496,,F5,,,,,,,,gut_n301_6F5t,4496,,gutim,301,
326,1368.0153,0.054,144,33,17,4497,,A1,,,,,,,,gut_n301_6A1x,4497,,gutim,301,
326,1368.0828000000001,0.1094,144,31,15,4498,,G1,,,,,,,,gut_n301_6G1t_0,4498,,gutim,301,
326,1368.2195000000002,0.054,144,77,13,4499,,F5,,,,,,,,gut_n301_6F5x,4499,,gutim,301,
326,1368.287,0.1122,144,31,11,4500,,G1,,,,,,,,gut_n301_6G1t_1,4500,,gutim,301,
326,1368.4273,1.7457,144,35,5,4501,,B1,,,,d,,,,gut_n301_5B1q,4501,,gutim,301,
326,1368.4273,1.7457,144,42,5,4501,,F#2,,,,d,,,,gut_n301_5Fs2q,4501,,gutim,301,
326,1368.4273,1.3097,144,31,5,4501,,G1,,,,d,,,,gut_n301_6G1q,4501,,gutim,301,
326,1370.0643,0.4361,144,53,22,4502,,F3,,,,d,,,,gut_n301_6F3e,4502,,gutim,301,
326,1370.6023,0.4389,144,70,5,4503,,Bb4,,,,d,,,,gut_n301_1Bb4e_3,4503,,gutim,301,
326,1370.6023,0.4389,144,77,5,4503,,F5,,,,d,,,,gut_n301_1F5e_3,4503,,gutim,301,
326,1370.6094,0.4351,144,35,5,4504,,B1,,,,d,,,,gut_n301_5B1e_3,4504,,gutim,301,
326,1370.6094,0.4351,144,42,5,4504,,F#2,,,,d,,,,gut_n301_5Fs2e_3,4504,,gutim,301,
326,1371.151,0.9145,144,90,24,4505,,Gb6,,,,d,,,,gut_n301_1Gb6q,4505,,gutim,301,
326,1371.4302,0.2291,144,62,8,4506,,D4,,,,D,6008,,,gut_n301_5D4s,4506,,gutim,301,
326,1371.7166,0.0459,144,42,8,4507,,F#2,,,,,,,,gut_n301_5Fs2x_0,4507,,gutim,301,
326,1371.7649000000001,0.0938,144,47,8,4508,,B2,,,,,,,,gut_n301_5B2t_0,4508,,gutim,301,
326,1371.8636000000001,0.0467,144,42,8,4509,,F#2,,,,,,,,gut_n301_5Fs2x_1,4509,,gutim,301,
326,1371.9127,0.0954,144,47,7,4510,,B2,,,,,,,,gut_n301_5B2t_1,4510,,gutim,301,
326,1372.0132,0.0475,144,42,7,4511,,F#2,,,,,,,,gut_n301_5Fs2x_2,4511,,gutim,301,
326,1372.0632,0.0478,144,47,7,4512,,B2,,,,,,,,gut_n301_5B2x,4512,,gutim,301,
326,1372.1136000000001,1.0341,144,65,17,4513,,F4,,,,,,,,gut_n301_1F4q,4513,,gutim,301,
326,1372.3207,0.0493,144,42,6,4514,,F#2,,,,,,,,gut_n301_5Fs2x_3,4514,,gutim,301,
326,1372.3727000000001,0.1009,144,47,6,4515,,B2,,,,,,,,gut_n301_5B2t_2,4515,,gutim,301,
326,1372.4789,0.0503,144,42,6,4516,,F#2,,,,,,,,gut_n301_5Fs2x_4,4516,,gutim,301,
326,1372.5318,0.2071,144,47,6,4517,,B2,,,,,,,,gut_n301_5B2s_0,4517,,gutim,301,
326,1372.7498,0.0519,144,42,5,4518,,F#2,,,,,,,,gut_n301_5Fs2x_5,4518,,gutim,301,
326,1372.8044,0.1063,144,47,5,4519,,B2,,,,,,,,gut_n301_5B2t_3,4519,,gutim,301,
326,1372.9163,0.053,144,42,5,4520,,F#2,,,,,,,,gut_n301_5Fs2x_6,4520,,gutim,301,
326,1372.9721,0.2185,144,47,5,4521,,B2,,,,,,,,gut_n301_5B2s_1,4521,,gutim,301,
326,1373.2081,0.4825,144,32,8,4522,,Ab1,,,,,,,,gut_n301_6Ab1e,4522,,gutim,301,
326,1373.4432,0.0565,144,42,8,4523,,F#2,,,,,,,,gut_n301_5Fs2x_7,4523,,gutim,301,
326,1373.5027,0.1157,144,47,8,4524,,B2,,,,,,,,gut_n301_5B2t_4,4524,,gutim,301,
326,1373.6244000000002,0.0577,144,42,8,4525,,F#2,,,,,,,,gut_n301_5Fs2x_8,4525,,gutim,301,
326,1373.6852000000001,0.1198,144,47,8,4526,,B2,,,,,,,,gut_n301_5B2t_5,4526,,gutim,301,
326,1373.8048000000001,0.0833,144,40,11,4527,,E2,,,,,,,,gut_n301_1E2x,4527,,gutim,301,
326,1373.8113,0.4958,144,36,22,4528,,C2,,,,,,,,gut_n301_5C2e,4528,,gutim,301,
326,1373.9089000000001,0.0833,144,78,10,4529,,Gb5,,,,,,,,gut_n301_1Gb5x_0,4529,,gutim,301,
326,1374.0131000000001,0.056,144,48,8,4530,,C3,,,,,,,,gut_n301_1C3x_0,4530,,gutim,301,
326,1374.0831,0.056,144,78,8,4531,,Gb5,,,,,,,,gut_n301_1Gb5x_1,4531,,gutim,301,
326,1374.1531,0.056,144,44,7,4532,,Ab2,,,,,,,,gut_n301_1Ab2x,4532,,gutim,301,
326,1374.1531,0.056,144,48,7,4532,,C3,,,,,,,,gut_n301_1C3x_1,4532,,gutim,301,
326,1374.223,0.056,144,65,6,4533,,F4,,,,,,,,gut_n301_1F4x,4533,,gutim,301,
326,1374.223,0.056,144,78,6,4533,,Gb5,,,,,,,,gut_n301_1Gb5x_2,4533,,gutim,301,
326,1374.2930000000001,0.1073,144,44,5,4534,,Ab2,,,,,,,,gut_n301_1Ab2t,4534,,gutim,301,
,,,,,,,6008,,,,,,,,,,,,gutim,,
,,,,,,,,,,,,,,,,,,327,,,
327,1374.4232,0.06,144,66,5,4535,,F#4,g,,,,,,,gut_ng302_1Fs4e,4535,,gutim,302,
327,1374.4982,0.9,144,28,5,4536,,E1,,,,,,,,gut_n302_1E1q,4536,,gutim,302,
327,1374.8732,0.0712,144,73,11,4537,,C#5,g,e,,,,,,gut_ng302_5Cs5e,4537,,gutim,302,
327,1374.9482,0.0712,144,33,11,4538,,A1,g,e,,,,,,gut_ng302_5A1e_0,4538,,gutim,302,
327,1375.0232,0.0712,144,61,10,4539,,C#4,g,e,,,,,,gut_ng302_5Cs4e_0,4539,,gutim,302,
327,1375.0982000000001,0.0712,144,33,10,4540,,A1,g,e,,,,,,gut_ng302_5A1e_1,4540,,gutim,302,
327,1375.1732,0.0712,144,61,8,4541,,C#4,g,e,,,,,,gut_ng302_5Cs4e_1,4541,,gutim,302,
327,1375.2482,0.4277,144,33,8,4542,,A1,,E,,,,,,gut_n302_5A1e_0,4542,,gutim,302,
327,1375.2482,0.4277,144,42,8,4542,,F#2,,E,,,,,,gut_n302_5Fs2e_0,4542,,gutim,302,
327,1375.2482,0.4277,144,61,8,4542,,C#4,,E,,,,,,gut_n302_5Cs4e_0,4542,,gutim,302,
327,1375.6984,0.1199,144,33,22,4543,,A1,,,,d,,,,gut_n302_5A1e_1,4543,,gutim,302,
327,1375.6984,0.2398,144,42,22,4543,,F#2,,,,d,,,,gut_n302_5Fs2e_1,4543,,gutim,302,
327,1375.6984,0.2398,144,61,22,4543,,C#4,,,,d,,,,gut_n302_5Cs4e_1,4543,,gutim,302,
327,1375.9232,0.06,144,75,11,4544,,D#5,g,,,d,,,,gut_ng302_1Ds5e,4544,,gutim,302,
327,1375.9982,1.2,144,71,11,4545,,B4,,,,d,,,,gut_n302_1B4h,4545,,gutim,302,
327,1375.9982,0.0789,144,61,5,4545,,C#4,,e,,d,,,,gut_n302_5Cs4t_0,4545,,gutim,302,
327,1376.0813,0.0789,144,33,5,4546,,A1,,e,,,,,,gut_n302_5A1t_0,4546,,gutim,302,
327,1376.1643000000001,0.0789,144,42,5,4547,,F#2,,e,,,,,,gut_n302_5Fs2t_0,4547,,gutim,302,
327,1376.2473,0.0789,144,61,5,4548,,C#4,,e,,,,,,gut_n302_5Cs4t_1,4548,,gutim,302,
327,1376.3303,0.0789,144,42,5,4549,,F#2,,e,,,,,,gut_n302_5Fs2t_1,4549,,gutim,302,
327,1376.4133,0.1586,144,33,5,4550,,A1,,E,,,,,,gut_n302_5A1s_0,4550,,gutim,302,
327,1376.5803,0.0789,144,61,5,4551,,C#4,,,,,,,,gut_n302_5Cs4t_2,4551,,gutim,302,
327,1376.6633,0.0789,144,42,5,4552,,F#2,,,,,,,,gut_n302_5Fs2t_2,4552,,gutim,302,
327,1376.7463,0.0789,144,61,5,4553,,C#4,,,,,,,,gut_n302_5Cs4t_3,4553,,gutim,302,
327,1376.8293,0.0789,144,33,6,4554,,A1,,,,,,,,gut_n302_5A1t_1,4554,,gutim,302,
327,1376.9123,0.0789,144,42,6,4555,,F#2,,,,,,,,gut_n302_5Fs2t_3,4555,,gutim,302,
327,1376.9953,0.0789,144,61,6,4556,,C#4,,,,,,,,gut_n302_5Cs4t_4,4556,,gutim,302,
327,1377.0783000000001,0.0789,144,42,6,4557,,F#2,,,,,,,,gut_n302_5Fs2t_4,4557,,gutim,302,
327,1377.1613,0.1586,144,33,6,4558,,A1,,,,,,,,gut_n302_5A1s_1,4558,,gutim,302,
327,1377.3283000000001,0.0789,144,61,7,4559,,C#4,,e,,,,,,gut_n302_5Cs4t_5,4559,,gutim,302,
327,1377.4113,0.0826,144,42,7,4560,,F#2,,e,,,,,,gut_n302_5Fs2t_5,4560,,gutim,302,
,,,,,,,,,,,,,,,,,,328,,,
328,1377.4982,0.0789,144,61,7,4561,,C#4,,e,,,,,,gut_n303_5Cs4t_0,4561,,gutim,303,
328,1377.5813,0.0789,144,33,7,4562,,A1,,e,,,,,,gut_n303_5A1t_0,4562,,gutim,303,
328,1377.6643000000001,0.0789,144,42,7,4563,,F#2,,e,,,,,,gut_n303_5Fs2t_0,4563,,gutim,303,
328,1377.7473,0.0789,144,61,8,4564,,C#4,,e,,,,,,gut_n303_5Cs4t_1,4564,,gutim,303,
328,1377.8303,0.0789,144,42,8,4565,,F#2,,e,,,,,,gut_n303_5Fs2t_1,4565,,gutim,303,
328,1377.9133,0.1586,144,33,8,4566,,A1,,E,,,,,,gut_n303_5A1s_0,4566,,gutim,303,
328,1378.0803,0.0789,144,61,8,4567,,C#4,,,,,,,,gut_n303_5Cs4t_2,4567,,gutim,303,
328,1378.1633,0.0789,144,42,9,4568,,F#2,,,,,,,,gut_n303_5Fs2t_2,4568,,gutim,303,
328,1378.2463,0.0789,144,61,9,4569,,C#4,,,,,,,,gut_n303_5Cs4t_3,4569,,gutim,303,
328,1378.3293,0.0789,144,33,9,4570,,A1,,,,,,,,gut_n303_5A1t_1,4570,,gutim,303,
328,1378.4123,0.0789,144,42,9,4571,,F#2,,,,,,,,gut_n303_5Fs2t_3,4571,,gutim,303,
328,1378.4953,0.0789,144,61,9,4572,,C#4,,,,,,,,gut_n303_5Cs4t_4,4572,,gutim,303,
328,1378.5783000000001,0.0789,144,42,9,4573,,F#2,,,,,,,,gut_n303_5Fs2t_4,4573,,gutim,303,
328,1378.6613,0.1586,144,33,10,4574,,A1,,,,,,,,gut_n303_5A1s_1,4574,,gutim,303,
328,1378.8283000000001,0.0789,144,61,10,4575,,C#4,,,,,,,,gut_n303_5Cs4t_5,4575,,gutim,303,
328,1378.9113,0.0789,144,42,10,4576,,F#2,,,,,,,,gut_n303_5Fs2t_5,4576,,gutim,303,
328,1378.9943,0.0789,144,61,10,4577,,C#4,,,,,,,,gut_n303_5Cs4t_6,4577,,gutim,303,
328,1379.0773000000002,0.0789,144,33,10,4578,,A1,,,,,,,,gut_n303_5A1t_2,4578,,gutim,303,
328,1379.1604,0.0789,144,42,10,4579,,F#2,,,,,,,,gut_n303_5Fs2t_6,4579,,gutim,303,
328,1379.2434,0.3101,144,33,10,4580,,A1,,,,,,,,gut_n303_5A1s_2,4580,,gutim,303,
328,1379.3732,0.0956,144,75,11,4581,,D#5,,,,,,,,gut_n303_1Ds5t_0,4581,,gutim,303,
328,1379.4739,0.0956,144,71,11,4582,,B4,,,,,,,,gut_n303_1B4t_0,4582,,gutim,303,
328,1379.5697,0.1439,144,59,11,4583,,B3,,,,,,,,gut_n303_5B3t,4583,,gutim,303,
328,1379.5745,0.1439,144,75,10,4584,,D#5,,,,,,,,gut_n303_1Ds5t_1,4584,,gutim,303,
328,1379.7213000000002,0.0956,144,55,10,4585,,G3,,,,,,,,gut_n303_5G3t,4585,,gutim,303,
328,1379.726,0.0956,144,71,9,4586,,B4,,,,,,,,gut_n303_1B4t_1,4586,,gutim,303,
328,1379.8266,0.0956,144,75,9,4587,,D#5,,,,,,,,gut_n303_1Ds5t_2,4587,,gutim,303,
328,1379.9272,0.1923,144,71,8,4588,,B4,,,,,,,,gut_n303_1B4s,4588,,gutim,303,
328,1380.0243,0.1619,144,55,8,4589,,G3,,,,,,,,gut_n303_5G3s_0,4589,,gutim,303,
328,1380.1296,0.0956,144,75,7,4590,,D#5,,e,,,,,,gut_n303_1Ds5t_3,4590,,gutim,303,
328,1380.2267,0.1619,144,55,7,4591,,G3,,,,,,,,gut_n303_5G3s_1,4591,,gutim,303,
328,1380.2303,0.0956,144,71,7,4592,,B4,,e,,,,,,gut_n303_1B4t_2,4592,,gutim,303,
328,1380.3309000000002,0.0956,144,80,14,4593,,G#5,,e,,d,,,,gut_n303_1Gs5t_0,4593,,gutim,303,
328,1380.4315000000001,0.1439,144,75,13,4594,,D#5,,E,6009,d,,,,gut_n303_1Ds5t_4,4594,,gutim,303,
328,1380.4291,0.2462,144,55,14,4594,,G3,,,,D,,,,gut_n303_5G3s_2,4594,,gutim,303,
328,1380.583,0.1462,144,71,12,4595,,B4,,,,,,,,gut_n303_1B4t_3,4595,,gutim,303,
328,1380.583,0.1462,144,80,12,4595,,G#5,,,,,,,,gut_n303_1Gs5t_1,4595,,gutim,303,
,,,,,,,,,,,,,,,,,,329,,,
329,1380.7369,0.1212,144,71,11,4596,,B4,,,,,,,,gut_n304_1B4t,4596,,gutim,304,
329,1380.7369,0.1212,144,75,11,4596,,D#5,,,,,,,,gut_n304_1Ds5t,4596,,gutim,304,
329,1380.8884,0.1923,144,55,13,4597,,G3,,,,,,,,gut_n304_5G3s_0,4597,,gutim,304,
329,1380.989,0.1923,144,71,17,4598,,B4,,,,d,,,,gut_n304_1B4s_0,4598,,gutim,304,
329,1380.989,0.1619,144,75,17,4598,,D#5,,,,d,,,,gut_n304_1Ds5s_0,4598,,gutim,304,
329,1380.989,0.1619,144,80,17,4598,,G#5,,,,d,,,,gut_n304_1Gs5s,4598,,gutim,304,
329,1381.0908,0.0956,144,45,17,4599,,A2,,,,D,6009,,,gut_n304_5A2t_0,4599,,gutim,304,
329,1381.1914000000002,0.1439,144,55,16,4600,,G3,,,,,,,,gut_n304_5G3t_0,4600,,gutim,304,
329,1381.3429,0.1619,144,71,11,4601,,B4,,,,,,,,gut_n304_1B4s_1,4601,,gutim,304,
329,1381.3429,0.1619,144,75,11,4601,,D#5,,,,,,,,gut_n304_1Ds5s_1,4601,,gutim,304,
329,1381.3429,0.0956,144,45,14,4601,,A2,,,,,,,,gut_n304_5A2t_1,4601,,gutim,304,
329,1381.4436,0.1923,144,55,13,4602,,G3,,,,,,,,gut_n304_5G3s_1,4602,,gutim,304,
329,1381.5454,0.0805,144,92,7,4603,,G#6,,,,,,,,gut_n304_1Gs6t,4603,,gutim,304,
329,1381.646,0.1212,144,63,11,4604,,D#4,,,,,,,,gut_n304_1Ds4t,4604,,gutim,304,
329,1381.7975000000001,0.1212,144,80,10,4605,,G#5,,,,,,,,gut_n304_1Gs5t,4605,,gutim,304,
329,1381.949,0.1212,144,59,8,4606,,B3,,,,,,,,gut_n304_1B3t,4606,,gutim,304,
329,1382.1005,0.0623,144,43,14,4607,,G2,,,,,,,,gut_n304_5G2x_0,4607,,gutim,304,
329,1382.166,0.0631,144,51,17,4608,,D#3,,,,,,,,gut_n304_5Ds3x,4608,,gutim,304,
329,1382.2324,0.0639,144,47,19,4609,,B2,,,,,,,,gut_n304_5B2x,4609,,gutim,304,
329,1382.2997,0.0648,144,68,22,4610,,G#4,,,,,,,,gut_n304_5Gs4x,4610,,gutim,304,
329,1382.2997,0.0648,144,71,22,4610,,B4,,,,,,,,gut_n304_5B4x,4610,,gutim,304,
329,1382.2997,0.0648,144,75,22,4610,,D#5,,,,,,,,gut_n304_5Ds5x,4610,,gutim,304,
329,1382.2997,0.0648,144,80,22,4610,,G#5,,,,,,,,gut_n304_5Gs5x,4610,,gutim,304,
329,1382.368,0.0657,144,33,22,4611,,A1,,,,,,,,gut_n304_5A1x,4611,,gutim,304,
329,1382.368,0.0657,144,43,22,4611,,G2,,,,,,,,gut_n304_5G2x_1,4611,,gutim,304,
329,1382.4371,0.0666,144,63,22,4612,,D#4,,,,,,,,gut_n304_5Ds4x,4612,,gutim,304,
329,1382.5072,0.0676,144,59,21,4613,,B3,,,,,,,,gut_n304_5B3x,4613,,gutim,304,
329,1382.5784,0.1356,144,43,19,4614,,G2,,,,,,,,gut_n304_5G2t_0,4614,,gutim,304,
329,1382.7479,0.0927,144,33,16,4615,,A1,,,,,,,,gut_n304_5A1t,4615,,gutim,304,
329,1382.8638,0.1438,144,43,13,4616,,G2,,,,,,,,gut_n304_5G2t_1,4616,,gutim,304,
329,1382.8638,0.1438,144,59,13,4616,,B3,,,,,,,,gut_n304_5B3t,4616,,gutim,304,
329,1382.8638,0.1438,144,63,13,4616,,D#4,,,,,,,,gut_n304_5Ds4t,4616,,gutim,304,
329,1383.0435,0.0984,144,21,10,4617,,A0,,,,,,,,gut_n304_5A0t,4617,,gutim,304,
329,1383.1665,0.1009,144,55,7,4618,,G3,,,,,,,,gut_n304_5G3t_1,4618,,gutim,304,
329,1383.1665,0.1009,144,68,7,4618,,G#4,,,,,,,,gut_n304_5Gs4t,4618,,gutim,304,
,,,,,,,6009,,,,,,,,,,,,gutim,,
329,1383.2926,4.5807,144,21,5,4619,,A0,,,,d,,,,gut_n304_5A0s,4619,,gutim,304,
329,1383.6928,0.25,144,33,11,4620,,A1,,,,D,,,,gut_n304_1A1s,4620,,gutim,304,
329,1383.6928,0.25,144,42,11,4620,,F#2,,,,D,,,,gut_n304_1Fs2s,4620,,gutim,304,
329,1383.6928,0.25,144,53,11,4620,,F3,,,,D,,,,gut_n304_1F3s,4620,,gutim,304,
329,1383.6928,0.25,144,61,11,4620,,C#4,,,,D,,,,gut_n304_1Cs4s,4620,,gutim,304,
329,1384.0053,1.1136,144,31,10,4621,,G1,,,,,,,,gut_n304_1G1e,4621,,gutim,304,
329,1384.0053,1.1136,144,33,10,4621,,A1,,,,,,,,gut_n304_1A1e,4621,,gutim,304,
329,1384.0053,0.75,144,42,10,4621,,F#2,,,,,,,,gut_n304_1Fs2e,4621,,gutim,304,
329,1384.0053,0.75,144,53,10,4621,,F3,,,,,,,,gut_n304_1F3e,4621,,gutim,304,
329,1384.0053,0.75,144,61,10,4621,,C#4,,,,,,,,gut_n304_1Cs4e,4621,,gutim,304,
,,,,,,,,,,,,,,,,,,330,,,
330,1384.9428,0.3636,144,28,8,4622,,E1,,,,,,,,gut_n305_1E1e,4622,,gutim,305,
330,1385.3223,0.06,144,66,8,4623,,F#4,g,,,,,,,gut_ng305_1Fs4e,4623,,gutim,305,
330,1385.3973,0.3636,144,48,8,4624,,C3,,,,,,,,gut_n305_1C3e,4624,,gutim,305,
330,1386.3079,0.06,144,30,17,4625,,Gb1,g,,,d,,,,gut_ng305_1Gb1e,4625,,gutim,305,
330,1386.3829,0.06,144,70,17,4626,,Bb4,g,,,d,,,,gut_ng305_1Bb4e,4626,,gutim,305,
330,1386.4579,0.2424,144,50,17,4627,,D3,,,,d,,,,gut_n305_1D3e,4627,,gutim,305,
330,1386.761,0.0815,144,30,17,4628,,Gb1,,,,d,,,,gut_n305_1Gb1t,4628,,gutim,305,
330,1386.8628,0.1265,144,70,11,4629,,Bb4,,,,D,6010,,,gut_n305_1Bb4t,4629,,gutim,305,
330,1387.0209,0.0867,144,42,12,4630,,Gb2,,,,,,,,gut_n305_1Gb2t,4630,,gutim,305,
330,1387.0209,0.0867,144,50,12,4630,,D3,,,,,,,,gut_n305_1D3t_0,4630,,gutim,305,
330,1387.1292,0.1348,144,58,13,4631,,Bb3,,,,,,,,gut_n305_1Bb3t_0,4631,,gutim,305,
330,1387.2977,0.1404,144,50,15,4632,,D3,,,,,,,,gut_n305_1D3t_1,4632,,gutim,305,
330,1387.4732000000001,0.0965,144,50,16,4633,,D3,,,,,,,,gut_n305_1D3t_2,4633,,gutim,305,
330,1387.4732000000001,0.0965,144,79,16,4633,,G5,,,,,,,,gut_n305_1G5t,4633,,gutim,305,
330,1387.5938,0.1507,144,56,17,4634,,Ab3,,,,,,,,gut_n305_1Ab3t_0,4634,,gutim,305,
330,1387.7822,0.1577,144,50,18,4635,,D3,,,,,,,,gut_n305_1D3t_3,4635,,gutim,305,
330,1387.7822,0.1577,144,58,18,4635,,Bb3,,,,,,,,gut_n305_1Bb3t_1,4635,,gutim,305,
330,1387.9794,0.1089,144,91,19,4636,,G6,,,,,,,,gut_n305_1G6t,4636,,gutim,305,
330,1388.1155,0.1667,144,50,20,4637,,D3,,,,,,,,gut_n305_1D3t_4,4637,,gutim,305,
330,1388.1155,0.1667,144,56,20,4637,,Ab3,,,,,,,,gut_n305_1Ab3t_1,4637,,gutim,305,
330,1388.1155,0.1667,144,58,20,4637,,Bb3,,,,,,,,gut_n305_1Bb3t_2,4637,,gutim,305,
330,1388.3238000000001,0.2227,144,103,22,4638,,G7,,,,,,,,gut_n305_1G7s,4638,,gutim,305,
,,,,,,,,,,,,,,,,,,331,,,
331,1389.0185000000001,0.0712,144,48,8,4639,,C3,g,,,,,,,gut_ng306_5C3e,4639,,gutim,306,
,,,,,,,6010,,,,,,,,,,,,gutim,,
331,1389.0935,0.0789,144,85,5,4640,,C#6,,,,,,,,gut_n306_1Cs6t_0,4640,,gutim,306,
331,1389.0935,1.425,144,60,8,4640,,C4,,,,,,,,gut_n306_5C4h_0,4640,,gutim,306,
331,1389.1765,0.0789,144,66,5,4641,,F#4,,,,,,,,gut_n306_1Fs4t_0,4641,,gutim,306,
331,1389.2595000000001,0.0789,144,57,5,4642,,A3,,,,,,,,gut_n306_1A3t_0,4642,,gutim,306,
331,1389.3425,0.0789,144,85,5,4643,,C#6,,,,,,,,gut_n306_1Cs6t_1,4643,,gutim,306,
331,1389.4255,0.0789,144,66,5,4644,,F#4,,,,,,,,gut_n306_1Fs4t_1,4644,,gutim,306,
331,1389.5085000000001,0.1586,144,57,5,4645,,A3,,,,,,,,gut_n306_1A3s_0,4645,,gutim,306,
331,1389.6755,0.0789,144,85,5,4646,,C#6,,e,,d,,,,gut_n306_1Cs6t_2,4646,,gutim,306,
331,1389.7585000000001,0.0789,144,66,5,4647,,F#4,,e,,d,,,,gut_n306_1Fs4t_2,4647,,gutim,306,
331,1389.8415,0.0789,144,85,5,4648,,C#6,,e,,d,,,,gut_n306_1Cs6t_3,4648,,gutim,306,
331,1389.9246,0.0789,144,66,5,4649,,F#4,,e,,d,,,,gut_n306_1Fs4t_3,4649,,gutim,306,
331,1390.0076000000001,0.0789,144,57,5,4650,,A3,,e,,d,,,,gut_n306_1A3t_1,4650,,gutim,306,
331,1390.0906,0.0789,144,85,5,4651,,C#6,,e,,d,,,,gut_n306_1Cs6t_4,4651,,gutim,306,
331,1390.1736,0.0789,144,66,5,4652,,F#4,,e,,d,,,,gut_n306_1Fs4t_4,4652,,gutim,306,
331,1390.2566,0.1586,144,57,5,4653,,A3,,,,,,,,gut_n306_1A3s_1,4653,,gutim,306,
331,1390.4236,0.0789,144,85,5,4654,,C#6,,e,,d,,,,gut_n306_1Cs6t_5,4654,,gutim,306,
331,1390.5066,0.0789,144,66,5,4655,,F#4,,e,,d,,,,gut_n306_1Fs4t_5,4655,,gutim,306,
331,1390.5896,0.0789,144,85,5,4656,,C#6,,e,,d,,,,gut_n306_1Cs6t_6,4656,,gutim,306,
331,1390.5935,1.425,144,60,8,4657,,C4,,,,d,,,,gut_n306_5C4h_1,4657,,gutim,306,
331,1390.5935,1.2,144,65,8,4657,,F4,,,,d,,,,gut_n306_5F4h,4657,,gutim,306,
331,1390.6726,0.0789,144,66,5,4658,,F#4,,e,,d,,,,gut_n306_1Fs4t_6,4658,,gutim,306,
331,1390.7556,0.0789,144,57,5,4659,,A3,,e,,d,,,,gut_n306_1A3t_2,4659,,gutim,306,
331,1390.8386,0.0789,144,85,5,4660,,C#6,,e,,d,,,,gut_n306_1Cs6t_7,4660,,gutim,306,
331,1390.9216000000001,0.0789,144,66,5,4661,,F#4,,E,,d,,,,gut_n306_1Fs4t_7,4661,,gutim,306,
331,1391.0046,0.1586,144,57,5,4662,,A3,,,,,,,,gut_n306_1A3s_2,4662,,gutim,306,
331,1391.1716000000001,0.0789,144,85,5,4663,,C#6,,,,,,,,gut_n306_1Cs6t_8,4663,,gutim,306,
331,1391.2546,0.0789,144,66,5,4664,,F#4,,,,,,,,gut_n306_1Fs4t_8,4664,,gutim,306,
331,1391.3376,0.0789,144,85,5,4665,,C#6,,,,,,,,gut_n306_1Cs6t_9,4665,,gutim,306,
331,1391.4206000000001,0.0789,144,66,5,4666,,F#4,,,,,,,,gut_n306_1Fs4t_9,4666,,gutim,306,
331,1391.5037,0.0789,144,57,5,4667,,A3,,,,,,,,gut_n306_1A3t_3,4667,,gutim,306,
331,1391.5867,0.0789,144,85,5,4668,,C#6,,,,,,,,gut_n306_1Cs6t_10,4668,,gutim,306,
331,1391.6697000000001,0.0789,144,66,5,4669,,F#4,,,,,,,,gut_n306_1Fs4t_10,4669,,gutim,306,
331,1391.7527,0.1586,144,57,5,4670,,A3,,,,,,,,gut_n306_1A3s_3,4670,,gutim,306,
331,1391.9197000000001,0.0789,144,85,5,4671,,C#6,,e,,d,,,,gut_n306_1Cs6t_11,4671,,gutim,306,
331,1392.0027,0.0789,144,66,5,4672,,F#4,,e,,d,,,,gut_n306_1Fs4t_11,4672,,gutim,306,
,,,,,,,,,,,,,,,,,,332,,,
332,1392.0935,0.0789,144,85,5,4673,,C#6,,e,,d,,,,gut_n307_1Cs6t_0,4673,,gutim,307,
332,1392.0935,0.475,144,60,11,4673,,C4,,,,D,,,,gut_n307_5C4q,4673,,gutim,307,
332,1392.0935,0.4,144,65,11,4673,,F4,,,,D,,,,gut_n307_5F4q,4673,,gutim,307,
332,1392.1765,0.0789,144,66,5,4674,,F#4,,e,,d,,,,gut_n307_1Fs4t_0,4674,,gutim,307,
332,1392.2595000000001,0.0789,144,57,5,4675,,A3,,e,,d,,,,gut_n307_1A3t_0,4675,,gutim,307,
332,1392.3425,0.0789,144,85,5,4676,,C#6,,e,,d,,,,gut_n307_1Cs6t_1,4676,,gutim,307,
332,1392.4255,0.0789,144,66,5,4677,,F#4,,E,6011,d,,,,gut_n307_1Fs4t_1,4677,,gutim,307,
332,1392.5085000000001,0.1586,144,57,5,4678,,A3,,,,,,,,gut_n307_1A3s,4678,,gutim,307,
332,1392.5935,0.6,144,56,12,4679,,Ab3,,,,,,,,gut_n307_5Ab3e_0,4679,,gutim,307,
332,1392.6755,0.0789,144,85,5,4680,,C#6,,,,,,,,gut_n307_1Cs6t_2,4680,,gutim,307,
332,1392.7585000000001,0.0789,144,66,5,4681,,F#4,,,,,,,,gut_n307_1Fs4t_2,4681,,gutim,307,
332,1392.8415,0.0789,144,85,5,4682,,C#6,,,,,,,,gut_n307_1Cs6t_3,4682,,gutim,307,
332,1392.9246,0.0789,144,66,5,4683,,F#4,,,,,,,,gut_n307_1Fs4t_3,4683,,gutim,307,
332,1393.0076000000001,0.0789,144,57,5,4684,,A3,,,,,,,,gut_n307_1A3t_1,4684,,gutim,307,
332,1393.0906,0.3164,144,77,5,4685,,F5,,,,,,,,gut_n307_1F5e,4685,,gutim,307,
332,1393.3435,0.1,144,56,17,4686,,Ab3,,,,d,,,,gut_n307_5Ab3e_1,4686,,gutim,307,
332,1393.3435,0.2,144,60,17,4686,,C4,,,,d,,,,gut_n307_5C4e,4686,,gutim,307,
332,1393.3435,0.2,144,65,17,4686,,F4,,,,d,,,,gut_n307_5F4e,4686,,gutim,307,
332,1393.4236,0.1586,144,55,5,4687,,G3,,,,,,,,gut_n307_1G3s,4687,,gutim,307,
332,1393.5906,0.0792,144,54,5,4688,,F#3,,,,,,,,gut_n307_1Fs3t_0,4688,,gutim,307,
332,1393.674,0.0799,144,62,5,4689,,D4,,,,,,,,gut_n307_1D4t_0,4689,,gutim,307,
332,1393.7581,0.0807,144,82,6,4690,,Bb5,,,,,,,,gut_n307_1Bb5t_0,4690,,gutim,307,
332,1393.843,0.0814,144,54,6,4691,,F#3,,,,,,,,gut_n307_1Fs3t_1,4691,,gutim,307,
332,1393.9288000000001,0.0822,144,62,7,4692,,D4,,,,,,,,gut_n307_1D4t_1,4692,,gutim,307,
332,1394.0153,0.083,144,82,8,4693,,Bb5,,,,,,,,gut_n307_1Bb5t_1,4693,,gutim,307,
332,1394.1027000000001,0.0838,144,80,8,4694,,Ab5,,,,,,,,gut_n307_1Ab5t,4694,,gutim,307,
332,1394.1909,0.0677,144,54,9,4695,,F#3,,,,,,,,gut_n307_1Fs3t_2,4695,,gutim,307,
332,1394.1909,0.0846,144,62,9,4695,,D4,,,,,,,,gut_n307_1D4t_2,4695,,gutim,307,
332,1394.2799,0.0854,144,68,13,4696,,Ab4,,,,,,,,gut_n307_1Ab4t_0,4696,,gutim,307,
332,1394.3699000000001,0.0727,144,54,17,4697,,F#3,,,,d,,,,gut_n307_1Fs3t_3,4697,,gutim,307,
332,1394.3699000000001,0.0727,144,62,17,4697,,D4,,,,d,,,,gut_n307_1D4t_3,4697,,gutim,307,
332,1394.4607,0.0872,144,82,8,4698,,Bb5,,,,D,,,,gut_n307_1Bb5t_2,4698,,gutim,307,
332,1394.5524,0.088,144,68,9,4699,,Ab4,,,,,,,,gut_n307_1Ab4t_1,4699,,gutim,307,
332,1394.6451,0.0889,144,50,9,4700,,D3,,,,,,,,gut_n307_1D3t_0,4700,,gutim,307,
332,1394.7387,0.1357,144,42,10,4701,,F#2,,,,,,,,gut_n307_1Fs2t_0,4701,,gutim,307,
332,1394.8815,0.1378,144,68,11,4702,,Ab4,,,,,,,,gut_n307_1Ab4t_2,4702,,gutim,307,
332,1395.0266000000001,0.0742,144,42,20,4703,,F#2,,,,d,,,,gut_n307_1Fs2t_1,4703,,gutim,307,
332,1395.0266000000001,0.0927,144,50,20,4703,,D3,,,,d,,,,gut_n307_1D3t_1,4703,,gutim,307,
332,1395.1242,0.0937,144,82,11,4704,,Bb5,,,,D,,,,gut_n307_1Bb5t_3,4704,,gutim,307,
,,,,,,,,,,,,,,,,,,333,,,
333,1395.2322000000001,0.0949,144,80,12,4705,,Ab5,,,,,,,,gut_n308_1Ab5t_0,4705,,gutim,308,
333,1395.2322000000001,2.5486,144,73,12,4705,,C#5,,,,,,,,gut_n308_5Cs5q,4705,,gutim,308,
333,1395.332,0.0959,144,91,12,4706,,G6,,,,,,,,gut_n308_1G6t_0,4706,,gutim,308,
333,1395.433,0.097,144,62,13,4707,,D4,,,,,,,,gut_n308_1D4t_0,4707,,gutim,308,
333,1395.535,0.1481,144,80,13,4708,,Ab5,,,,,,,,gut_n308_1Ab5t_1,4708,,gutim,308,
333,1395.6909,0.1506,144,74,14,4709,,D5,,,,,,,,gut_n308_1D5t,4709,,gutim,308,
333,1395.8495,0.1015,144,80,15,4710,,Ab5,,,,,,,,gut_n308_1Ab5t_2,4710,,gutim,308,
333,1395.8495,0.0855,144,91,15,4710,,G6,,,,,,,,gut_n308_1G6t_1,4710,,gutim,308,
333,1395.9563,0.1027,144,50,11,4711,,D3,,,,,,,,gut_n308_1D3t_0,4711,,gutim,308,
333,1396.0644,0.1039,144,42,12,4712,,F#2,,,,,,,,gut_n308_1Fs2t_0,4712,,gutim,308,
333,1396.1738,0.1052,144,50,12,4713,,D3,,,,,,,,gut_n308_1D3t_1,4713,,gutim,308,
333,1396.1764,1.7932,144,74,12,4713,,D5,,,,,,,,gut_n308_5D5h,4713,,gutim,308,
333,1396.3966,0.1078,144,82,14,4714,,Bb5,,,,,,,,gut_n308_1Bb5t_0,4714,,gutim,308,
333,1396.5101,0.1091,144,68,14,4715,,Ab4,,,,,,,,gut_n308_1Ab4t_0,4715,,gutim,308,
333,1396.625,0.167,144,82,15,4716,,Bb5,,,,,,,,gut_n308_1Bb5t_1,4716,,gutim,308,
333,1396.8007,0.1702,144,30,16,4717,,F#1,,,,,,,,gut_n308_1Fs1t,4717,,gutim,308,
333,1396.9799,0.1149,144,80,17,4718,,Ab5,,,,,,,,gut_n308_1Ab5t_3,4718,,gutim,308,
333,1397.1009000000001,0.1165,144,94,18,4719,,Bb6,,,,,,,,gut_n308_1Bb6t,4719,,gutim,308,
333,1397.2235,0.118,144,80,19,4720,,Ab5,,,,,,,,gut_n308_1Ab5t_4,4720,,gutim,308,
333,1397.3478,0.1197,144,103,19,4721,,G7,,,,,,,,gut_n308_1G7t_0,4721,,gutim,308,
333,1397.4737,0.1022,144,54,20,4722,,F#3,,,,d,,,,gut_n308_1Fs3t,4722,,gutim,308,
333,1397.4737,0.1022,144,62,20,4722,,D4,,,,d,,,,gut_n308_1D4t_1,4722,,gutim,308,
333,1397.6014,0.186,144,68,11,4723,,Ab4,,,,d,,,,gut_n308_1Ab4t_1,4723,,gutim,308,
333,1397.7972,0.19,144,62,12,4724,,D4,,,,D,,,,gut_n308_1D4t_2,4724,,gutim,308,
333,1397.9972,0.1285,144,103,12,4725,,G7,,,,,,,,gut_n308_1G7t_1,4725,,gutim,308,
333,1398.1325,0.1304,144,82,13,4726,,Bb5,,,,,,,,gut_n308_1Bb5t_2,4726,,gutim,308,
333,1398.2698,0.1314,144,68,13,4727,,Ab4,,,,,,,,gut_n308_1Ab4t_2,4727,,gutim,308,
333,1398.3429,0.06,144,40,11,4728,,E2,g,,,,,,,gut_ng308_5E2e,4728,,gutim,308,
333,1398.4082,0.1979,144,42,13,4729,,F#2,,,,,,,,gut_n308_1Fs2t_1,4729,,gutim,308,
333,1398.4179000000001,0.5,144,78,11,4730,,F#5,,,,,,,,gut_n308_5Fs5e,4730,,gutim,308,
333,1398.6165,0.1979,144,80,15,4731,,Ab5,,,,,,,,gut_n308_1Ab5t_5,4731,,gutim,308,
333,1398.8248,0.1314,144,42,16,4732,,F#2,,,,,,,,gut_n308_1Fs2t_2,4732,,gutim,308,
333,1398.8248,0.1314,144,50,16,4732,,D3,,,,,,,,gut_n308_1D3t_2,4732,,gutim,308,
333,1398.9632000000001,0.1314,144,80,16,4733,,Ab5,,,,,,,,gut_n308_1Ab5t_6,4733,,gutim,308,
333,1398.9632000000001,0.1314,144,82,16,4733,,Bb5,,,,,,,,gut_n308_1Bb5t_3,4733,,gutim,308,
333,1399.0429000000001,0.1667,144,65,14,4734,,F4,,,,d,,t,,gut_n308_5F4s,4734,,gutim,308,
333,1399.0429000000001,0.1667,144,78,14,4734,,F#5,,,,d,,t,,gut_n308_5Fs5s_0,4734,,gutim,308,
333,1399.1015,0.2644,144,91,17,4735,,G6,,,,,,,,gut_n308_1G6s,4735,,gutim,308,
333,1399.2513000000001,0.0833,144,36,22,4736,,C2,,,,d,,t,,gut_n308_5C2s_0,4736,,gutim,308,
333,1399.2513000000001,0.1667,144,41,22,4736,,F2,,,,d,,t,,gut_n308_5F2s_0,4736,,gutim,308,
333,1399.2513000000001,0.1667,144,78,20,4736,,F#5,,,,d,,t,,gut_n308_5Fs5s_1,4736,,gutim,308,
333,1399.4596000000001,0.1667,144,32,11,4737,,Ab1,,,,d,,t,,gut_n308_5Ab1s,4737,,gutim,308,
333,1399.4596000000001,0.1667,144,36,11,4737,,C2,,,,d,,t,,gut_n308_5C2s_1,4737,,gutim,308,
333,1399.4596000000001,0.1667,144,41,11,4737,,F2,,,,d,,t,,gut_n308_5F2s_1,4737,,gutim,308,
333,1399.4596000000001,0.1667,144,66,11,4737,,F#4,,,,d,,t,,gut_n308_5Fs4s,4737,,gutim,308,
,,,,,,,,,,,,,,,,,,334,,,
334,1399.6679000000001,0.2474,144,74,8,4738,,D5,,,,D,6011,T,6011,gut_n309_1D5s_0,4738,,gutim,309,
334,1399.9283,0.0828,144,42,9,4739,,F#2,,,,,,,,gut_n309_1Fs2t,4739,,gutim,309,
334,1400.0155,0.1656,144,34,10,4740,,A#1,,,,,,,,gut_n309_1As1s,4740,,gutim,309,
334,1400.1899,0.1656,144,74,11,4741,,D5,,,,,,,,gut_n309_1D5s_1,4741,,gutim,309,
334,1400.3643,0.1646,144,42,12,4742,,F#2,,,,,,,,gut_n309_1Fs2s,4742,,gutim,309,
334,1400.5375000000001,0.1775,144,86,13,4743,,D6,,,,,,,,gut_n309_5D6t,4743,,gutim,309,
334,1400.7243,0.1183,144,42,14,4744,,F#2,,,,,,,,gut_n309_5Fs2t,4744,,gutim,309,
334,1400.8489,0.1183,144,34,15,4745,,A#1,,,,,,,,gut_n309_5As1t,4745,,gutim,309,
334,1400.9734,0.0828,144,47,16,4746,,B2,,,,,,,,gut_n309_5B2t_0,4746,,gutim,309,
334,1401.0606,0.0828,144,48,16,4747,,C3,,,,,,,,gut_n309_5C3t,4747,,gutim,309,
334,1401.1478,0.0828,144,47,17,4748,,B2,,,,,,,,gut_n309_5B2t_1,4748,,gutim,309,
334,1401.2349000000002,0.1635,144,42,17,4749,,F#2,,,,,,,,gut_n309_5Fs2s,4749,,gutim,309,
334,1401.8418000000001,0.0592,144,48,8,4750,,C3,,,,,,,,gut_n309_5C3x_0,4750,,gutim,309,
334,1401.9041,0.0592,144,47,8,4751,,B2,,,,,,,,gut_n309_5B2x_0,4751,,gutim,309,
334,1401.9664,0.0592,144,48,9,4752,,C3,,,,,,,,gut_n309_5C3x_1,4752,,gutim,309,
334,1402.0287,0.0592,144,47,9,4753,,B2,,,,,,,,gut_n309_5B2x_1,4753,,gutim,309,
334,1402.0909000000001,0.0592,144,48,10,4754,,C3,,,,,,,,gut_n309_5C3x_2,4754,,gutim,309,
334,1402.1532,0.0592,144,47,11,4755,,B2,,,,,,,,gut_n309_5B2x_2,4755,,gutim,309,
334,1402.2155,0.0581,144,48,11,4756,,C3,,,,,,,,gut_n309_5C3x_3,4756,,gutim,309,
334,1402.2766000000001,0.8261,144,30,11,4757,,F#1,,,,,,,,gut_n309_5Fs1q,4757,,gutim,309,
334,1402.7114000000001,0.413,144,32,11,4758,,Ab1,,,,,,,,gut_n309_1Ab1e,4758,,gutim,309,
334,1402.7114000000001,0.3478,144,36,11,4758,,C2,,,,,,,,gut_n309_1C2e,4758,,gutim,309,
334,1402.7114000000001,0.3478,144,41,11,4758,,F2,,,,,,,,gut_n309_1F2e,4758,,gutim,309,
334,1402.7114000000001,0.3478,144,54,11,4758,,F#3,,,,,,,,gut_n309_1Fs3e,4758,,gutim,309,
,,,,,,,6011,,,,,,,,,,,,gutim,,
,,,,,,,,,,,,,,,,,,335,,,
335,1403.1462000000001,0.3478,144,28,5,4759,,E1,,,,,,,,gut_n310_5E1e,4759,,gutim,310,
335,1403.1462000000001,0.3478,144,30,14,4759,,F#1,,,,,,,,gut_n310_5Fs1e,4759,,gutim,310,
335,1403.5810000000001,0.0828,144,30,18,4760,,F#1,,,,,,,,gut_n310_5Fs1t_0,4760,,gutim,310,
335,1403.6681,0.0828,144,35,19,4761,,B1,,,,,,,,gut_n310_5B1t_0,4761,,gutim,310,
335,1403.7553,0.1237,144,36,20,4762,,C2,,,,,,,,gut_n310_5C2t_0,4762,,gutim,310,
335,1403.8657,0.0712,144,88,14,4763,,E6,g,,,,,,,gut_ng310_1E6e,4763,,gutim,310,
335,1403.8855,0.1237,144,35,21,4764,,B1,,,,,,,,gut_n310_5B1t_1,4764,,gutim,310,
335,1403.9407,0.0712,144,82,17,4765,,Bb5,g,,,,,,,gut_ng310_1Bb5e,4765,,gutim,310,
335,1404.0157000000002,0.1033,144,90,20,4766,,F#6,,,,d,,,,gut_n310_1Fs6t,4766,,gutim,310,
335,1404.0157000000002,0.2083,144,22,22,4766,,Bb0,,,,d,,,,gut_n310_5Bb0s,4766,,gutim,310,
335,1404.1244000000002,0.2609,144,27,20,4767,,Eb1,,,,d,,,,gut_n310_1Eb1s,4767,,gutim,310,
335,1404.2762,0.2083,144,98,22,4768,,D7,,,,d,,,,gut_n310_5D7s,4768,,gutim,310,
335,1404.5366000000001,0.2083,144,30,22,4769,,F#1,,,,d,,,,gut_n310_5Fs1s,4769,,gutim,310,
335,1404.797,0.0828,144,22,22,4770,,Bb0,,,,D,,,,gut_n310_5Bb0t,4770,,gutim,310,
335,1404.8842,0.0828,144,30,20,4771,,F#1,,,,,,,,gut_n310_5Fs1t_1,4771,,gutim,310,
335,1404.9714000000001,0.1656,144,36,17,4772,,C2,,,,,,,,gut_n310_5C2s,4772,,gutim,310,
335,1405.1457,0.0828,144,35,13,4773,,B1,,,,,,,,gut_n310_5B1t_2,4773,,gutim,310,
335,1405.2329,0.0828,144,36,10,4774,,C2,,,,,,,,gut_n310_5C2t_1,4774,,gutim,310,
335,1405.3201000000001,0.413,144,35,8,4775,,B1,,,,d,,,,gut_n310_5B1t_3,4775,,gutim,310,
335,1405.7549000000001,1.3913,144,90,14,4776,,F#6,,,,d,,,,gut_n310_1Fs6h,4776,,gutim,310,
335,1405.7549000000001,1.3913,144,22,14,4776,,A#0,,,,d,,,,gut_n310_5As0h_0,4776,,gutim,310,
335,1405.7549000000001,1.3913,144,27,14,4776,,D#1,,,,d,,,,gut_n310_5Ds1h_0,4776,,gutim,310,
335,1405.7549000000001,1.3913,144,28,14,4776,,E1,,,,d,,,,gut_n310_5E1h_0,4776,,gutim,310,
335,1405.7549000000001,1.3913,144,30,14,4776,,F#1,,,,d,,,,gut_n310_5Fs1h_0,4776,,gutim,310,
335,1405.7549000000001,1.3913,144,35,14,4776,,B1,,,,d,,,,gut_n310_5B1h_0,4776,,gutim,310,
335,1405.7549000000001,1.3913,144,36,14,4776,,C2,,,,d,,,,gut_n310_5C2h_0,4776,,gutim,310,
335,1407.4940000000001,2.087,144,22,5,4777,,A#0,,,,D,,,,gut_n310_5As0h_1,4777,,gutim,310,
335,1407.4940000000001,2.087,144,27,5,4777,,D#1,,,,D,,,,gut_n310_5Ds1h_1,4777,,gutim,310,
335,1407.4940000000001,2.087,144,28,5,4777,,E1,,,,D,,,,gut_n310_5E1h_1,4777,,gutim,310,
335,1407.4940000000001,2.087,144,30,5,4777,,F#1,,,,D,,,,gut_n310_5Fs1h_1,4777,,gutim,310,
335,1407.4940000000001,2.087,144,35,5,4777,,B1,,,,D,,,,gut_n310_5B1h_1,4777,,gutim,310,
335,1407.4940000000001,2.087,144,36,5,4777,,C2,,,,D,6012,,,gut_n310_5C2h_1,4777,,gutim,310,
,,,,,,,,,,,,,,,,,,336,,,
336,1410.1027000000001,4.1739,144,90,20,4778,,F#6,,,,,,,,gut_n311_1Fs6w,4778,,gutim,311,
336,1410.1027000000001,0.087,144,22,24,4778,,A#0,,,,,,,,gut_n311_5As0s,4778,,gutim,311,
336,1410.1027000000001,0.1739,144,27,24,4778,,D#1,,,,,,,,gut_n311_5Ds1s,4778,,gutim,311,
336,1410.1027000000001,0.1739,144,28,24,4778,,E1,,,,,,,,gut_n311_5E1s,4778,,gutim,311,
336,1410.1027000000001,0.1739,144,30,24,4778,,F#1,,,,,,,,gut_n311_5Fs1s,4778,,gutim,311,
336,1410.1027000000001,0.1739,144,35,24,4778,,B1,,,,,,,,gut_n311_5B1s,4778,,gutim,311,
336,1410.1027000000001,0.1739,144,36,24,4778,,C2,,,,,,,,gut_n311_5C2s,4778,,gutim,311,
,,,,,,,6012,,,,,,,,,,,,gutim,,
336,1415.3201000000001,0.8261,144,28,11,4779,,E1,,,,,,t,,gut_n311_5E1q,4779,,gutim,311,
336,1416.1897000000001,0.8261,144,36,9,4780,,C2,,,,,,t,,gut_n311_5C2q,4780,,gutim,311,
,,,,,,,,,,,,,,,,,,337,,,
337,1417.0592000000001,0.1377,144,36,7,4781,,C2,,,,,,T,6013,gut_n312_5C2t_0,4781,,gutim,312,
337,1417.2042000000001,0.1377,144,42,7,4782,,Gb2,,,,,,,,gut_n312_5Gb2t_0,4782,,gutim,312,
337,1417.3491000000001,0.0914,144,32,6,4783,,Ab1,,e,,,,,,gut_n312_5Ab1t_0,4783,,gutim,312,
337,1417.4453,0.0914,144,41,6,4784,,F2,,e,,,,,,gut_n312_5F2t_0,4784,,gutim,312,
337,1417.5416,0.0914,144,32,6,4785,,Ab1,,e,,,,,,gut_n312_5Ab1t_1,4785,,gutim,312,
337,1417.6378,0.0914,144,42,5,4786,,Gb2,,e,,,,,,gut_n312_5Gb2t_1,4786,,gutim,312,
337,1417.7340000000002,0.0914,144,41,5,4787,,F2,,e,,,,,,gut_n312_5F2t_1,4787,,gutim,312,
337,1417.8303,0.0914,144,32,5,4788,,Ab1,,e,,,,,,gut_n312_5Ab1t_2,4788,,gutim,312,
337,1417.9265,0.077,144,28,14,4789,,E1,,E,,,,,,gut_n312_5E1t_0,4789,,gutim,312,
337,1417.9265,0.077,144,36,14,4789,,C2,,E,,,,,,gut_n312_5C2t_1,4789,,gutim,312,
337,1418.0228,0.077,144,32,15,4790,,Ab1,,,,,,,,gut_n312_5Ab1t_3,4790,,gutim,312,
337,1418.1190000000001,0.1159,144,28,16,4791,,E1,,,,,,,,gut_n312_5E1t_1,4791,,gutim,312,
337,1418.1190000000001,0.1159,144,36,16,4791,,C2,,,,,,,,gut_n312_5C2t_2,4791,,gutim,312,
337,1418.2639000000001,0.1159,144,54,18,4792,,Gb3,,,,,,,,gut_n312_5Gb3t_0,4792,,gutim,312,
337,1418.4089000000001,0.077,144,28,20,4793,,E1,,e,,,,,,gut_n312_5E1t_2,4793,,gutim,312,
337,1418.4089000000001,0.077,144,32,20,4793,,Ab1,,e,,,,,,gut_n312_5Ab1t_4,4793,,gutim,312,
337,1418.4089000000001,0.077,144,36,20,4793,,C2,,e,,,,,,gut_n312_5C2t_3,4793,,gutim,312,
337,1418.5051,0.0914,144,66,11,4794,,Gb4,,e,,,,,,gut_n312_5Gb4t,4794,,gutim,312,
337,1418.6013,0.0914,144,53,10,4795,,F3,,e,,,,,,gut_n312_5F3t,4795,,gutim,312,
337,1418.6976,0.0914,144,32,10,4796,,Ab1,,e,,,,,,gut_n312_5Ab1t_5,4796,,gutim,312,
337,1418.7938000000001,0.1159,144,28,9,4797,,E1,,E,,,,,,gut_n312_5E1t_3,4797,,gutim,312,
337,1418.7938000000001,0.1159,144,36,9,4797,,C2,,E,,,,,,gut_n312_5C2t_4,4797,,gutim,312,
337,1418.7938000000001,0.1159,144,54,9,4797,,Gb3,,E,,,,,,gut_n312_5Gb3t_1,4797,,gutim,312,
337,1418.9388000000001,0.0914,144,32,8,4798,,Ab1,,,,,,,,gut_n312_5Ab1t_6,4798,,gutim,312,
337,1419.035,0.0914,144,41,7,4799,,F2,,,,,,,,gut_n312_5F2t_2,4799,,gutim,312,
337,1419.2331000000001,0.2065,144,44,22,4800,,Ab2,,,,d,,,,gut_n312_1Ab2s_0,4800,,gutim,312,
337,1419.4505000000001,0.2065,144,42,22,4801,,Gb2,,,,d,,,,gut_n312_1Gb2s,4801,,gutim,312,
337,1419.4505000000001,0.1739,144,44,22,4801,,Ab2,,,,d,,,,gut_n312_1Ab2s_1,4801,,gutim,312,
337,1419.6679000000001,3.3043,144,28,5,4802,,E1,,,,D,,,,gut_n312_5E1w,4802,,gutim,312,
337,1419.6679000000001,3.3043,144,32,5,4802,,Ab1,,,,D,,,,gut_n312_5Ab1w,4802,,gutim,312,
337,1419.6679000000001,3.3043,144,36,5,4802,,C2,,,,D,,,,gut_n312_5C2w,4802,,gutim,312,
337,1419.6679000000001,3.3043,144,65,5,4802,,F4,,,,D,,,,gut_n312_5F4w,4802,,gutim,312,
337,1419.6679000000001,3.3043,144,66,5,4802,,Gb4,,,,D,6013,,,gut_n312_5Gb4w,4802,,gutim,312,
337,1421.4071000000001,0.1377,144,76,8,4803,,E5,,,,,,,,gut_n312_1E5t,4803,,gutim,312,
337,1421.5520000000001,0.0914,144,62,8,4804,,D4,,,,,,,,gut_n312_1D4t_0,4804,,gutim,312,
337,1421.6482,0.0914,144,78,9,4805,,F#5,,,,,,,,gut_n312_1Fs5t_0,4805,,gutim,312,
337,1421.7445,0.0914,144,70,9,4806,,Bb4,,,,,,,,gut_n312_1Bb4t_0,4806,,gutim,312,
337,1421.8407,0.0828,144,78,9,4807,,F#5,,e,,,,,,gut_n312_1Fs5t_1,4807,,gutim,312,
337,1421.9279000000001,0.0828,144,70,9,4808,,Bb4,,e,,,,,,gut_n312_1Bb4t_1,4808,,gutim,312,
337,1422.0151,0.0828,144,90,9,4809,,F#6,,e,,,,,,gut_n312_1Fs6t_0,4809,,gutim,312,
337,1422.1023,0.0828,144,70,10,4810,,Bb4,,e,,,,,,gut_n312_1Bb4t_2,4810,,gutim,312,
337,1422.1894,0.0828,144,62,10,4811,,D4,,e,,,,,,gut_n312_1D4t_1,4811,,gutim,312,
337,1422.2766000000001,0.0914,144,90,10,4812,,F#6,,E,6013,,,,,gut_n312_1Fs6t_1,4812,,gutim,312,
337,1422.3729,0.0914,144,70,10,4813,,Bb4,,,,,,,,gut_n312_1Bb4t_3,4813,,gutim,312,
337,1422.4691,0.0914,144,51,10,4814,,Eb3,,,,,,,,gut_n312_1Eb3t,4814,,gutim,312,
337,1422.5653,0.111,144,62,11,4815,,D4,,,,,,,,gut_n312_1D4t_2,4815,,gutim,312,
337,1422.5653,0.1388,144,70,11,4815,,Bb4,,,,,,,,gut_n312_1Bb4t_4,4815,,gutim,312,
337,1422.5653,0.1388,144,78,11,4815,,F#5,,,,,,,,gut_n312_1Fs5t_2,4815,,gutim,312,
337,1422.7114000000001,0.413,144,51,11,4816,,Eb3,,,,,,,,gut_n312_1Eb3e,4816,,gutim,312,
,,,,,,,6013,,,,,,,,,,,,gutim,,
,,,,,,,,,,,,,,,,,,338,,,
338,1423.1462000000001,0.6957,144,28,5,4817,,E1,,,,,,,,gut_n313_5E1q,4817,,gutim,313,
338,1423.1462000000001,0.6957,144,32,5,4817,,Ab1,,,,,,,,gut_n313_5Ab1q,4817,,gutim,313,
338,1423.1462000000001,0.6957,144,36,5,4817,,C2,,,,,,,,gut_n313_5C2q,4817,,gutim,313,
338,1423.1462000000001,0.6957,144,65,5,4817,,F4,,,,,,,,gut_n313_5F4q,4817,,gutim,313,
338,1423.1462000000001,0.6957,144,66,5,4817,,Gb4,,,,,,,,gut_n313_5Gb4q,4817,,gutim,313,
338,1423.4360000000001,0.0914,144,38,17,4818,,D2,,e,,,,,,gut_n313_1D2t_0,4818,,gutim,313,
338,1423.5323,0.0914,144,52,17,4819,,E3,,e,,,,,,gut_n313_1E3t,4819,,gutim,313,
338,1423.6285,0.0914,144,38,17,4820,,D2,,e,,,,,,gut_n313_1D2t_1,4820,,gutim,313,
338,1423.7248,0.0914,144,24,14,4821,,C1,,e,,,,,,gut_n313_1C1t,4821,,gutim,313,
338,1423.8210000000001,0.0914,144,30,11,4822,,Gb1,,e,,,,,,gut_n313_1Gb1t,4822,,gutim,313,
338,1423.9172,0.0914,144,32,8,4823,,Ab1,,e,,,,,,gut_n313_1Ab1t,4823,,gutim,313,
338,1424.0135,0.077,144,74,11,4824,,D5,,,,,,,,gut_n313_1D5t,4824,,gutim,313,
338,1424.0157000000002,0.1087,144,24,11,4824,,C1,,E,,,,,,gut_n313_5C1s,4824,,gutim,313,
338,1424.0157000000002,0.1739,144,30,11,4824,,Gb1,,E,,,,,,gut_n313_5Gb1s,4824,,gutim,313,
338,1424.1097,0.077,144,46,12,4825,,Bb2,,,,,,,,gut_n313_1Bb2t_0,4825,,gutim,313,
338,1424.2060000000001,0.077,144,86,13,4826,,D6,,,,,,,,gut_n313_1D6t,4826,,gutim,313,
338,1424.3022,0.077,144,46,14,4827,,Bb2,,,,,,,,gut_n313_1Bb2t_1,4827,,gutim,313,
338,1424.3984,0.077,144,72,15,4828,,C5,,,,,,,,gut_n313_1C5t,4828,,gutim,313,
338,1424.4947,0.077,144,46,17,4829,,Bb2,,,,,,,,gut_n313_1Bb2t_2,4829,,gutim,313,
338,1424.4947,0.077,144,54,17,4829,,F#3,,,,,,,,gut_n313_1Fs3t_0,4829,,gutim,313,
338,1424.5909000000001,0.077,144,60,18,4830,,C4,,,,,,,,gut_n313_1C4t,4830,,gutim,313,
338,1424.6603,0.0712,144,32,11,4831,,Ab1,g,,,d,,,,gut_ng313_5Ab1e_0,4831,,gutim,313,
338,1424.6872,0.077,144,46,19,4832,,Bb2,,,,,,,,gut_n313_1Bb2t_3,4832,,gutim,313,
338,1424.6872,0.077,144,54,19,4832,,F#3,,,,,,,,gut_n313_1Fs3t_1,4832,,gutim,313,
338,1424.6872,0.077,144,62,19,4832,,D4,,,,,,,,gut_n313_1D4t,4832,,gutim,313,
338,1424.7353,0.0712,144,61,11,4833,,C#4,g,,,d,,,,gut_ng313_5Cs4e,4833,,gutim,313,
338,1424.7834,0.077,144,59,20,4834,,B3,,,,d,,,,gut_n313_1B3t,4834,,gutim,313,
338,1424.8103,0.0712,144,32,11,4835,,Ab1,g,,,d,,,,gut_ng313_5Ab1e_1,4835,,gutim,313,
338,1424.8797,0.1377,144,76,17,4836,,E5,,,,d,,,,gut_n313_1E5s,4836,,gutim,313,
338,1424.8797,0.1377,144,80,11,4836,,Ab5,,,,d,,,,gut_n313_1Ab5s,4836,,gutim,313,
338,1424.8853000000001,0.413,144,34,20,4837,,Bb1,,,,D,,,,gut_n313_5Bb1e,4837,,gutim,313,
338,1424.8853000000001,0.413,144,42,11,4837,,Gb2,,,,D,,,,gut_n313_5Gb2e,4837,,gutim,313,
338,1425.0246,0.1377,144,65,12,4838,,F4,,,,,,,,gut_n313_1F4s,4838,,gutim,313,
338,1425.1695,0.1377,144,54,10,4839,,Gb3,,,,,,,,gut_n313_1Gb3s,4839,,gutim,313,
338,1425.3144,0.0914,144,48,8,4840,,C3,,,,,,,,gut_n313_1C3t,4840,,gutim,313,
338,1425.3201000000001,0.413,144,51,14,4841,,Eb3,,,,D,,,,gut_n313_5Eb3e,4841,,gutim,313,
338,1425.3201000000001,0.3478,144,62,14,4841,,D4,,,,D,,,,gut_n313_5D4e,4841,,gutim,313,
338,1425.3201000000001,0.3478,144,70,14,4841,,Bb4,,,,D,,,,gut_n313_5Bb4e,4841,,gutim,313,
338,1425.3201000000001,0.3478,144,78,14,4841,,Gb5,,,,D,,,,gut_n313_5Gb5e,4841,,gutim,313,
338,1425.4107000000001,0.0914,144,56,6,4842,,Ab3,,,,,,,,gut_n313_1Ab3t,4842,,gutim,313,
338,1425.5069,0.0914,144,54,5,4843,,Gb3,,,,,,,,gut_n313_1Gb3t,4843,,gutim,313,
338,1425.6069,0.06,144,74,11,4844,,D5,g,,,,,,,gut_ng313_1D5e,4844,,gutim,313,
338,1425.6819,0.06,144,88,12,4845,,E6,g,,,,,,,gut_ng313_1E6e,4845,,gutim,313,
338,1425.7569,0.1839,144,102,12,4846,,F#7,,,,,,,,gut_n313_1Fs7s,4846,,gutim,313,
338,1425.9505000000001,0.0914,144,63,13,4847,,Eb4,,,,,,,,gut_n313_1Eb4t,4847,,gutim,313,
338,1426.0468,0.1839,144,82,14,4848,,Bb5,,e,,,,,,gut_n313_1Bb5s,4848,,gutim,313,
338,1426.2404000000001,0.1839,144,90,16,4849,,Gb6,,e,,,,,,gut_n313_1Gb6s,4849,,gutim,313,
338,1426.434,0.1893,144,63,17,4850,,Eb4,,E,,d,,,,gut_n313_1Eb4s,4850,,gutim,313,
,,,,,,,,,,,,,,,,,,339,,,
339,1426.6333,8.8116,144,28,5,4851,,E1,,,,,,,,gut_n314_6E1w,4851,,gutim,314,
339,1426.6333,8.5797,144,32,5,4851,,Ab1,,,,,,,,gut_n314_6Ab1w,4851,,gutim,314,
339,1426.6333,8.8116,144,36,5,4851,,C2,,,,,,,,gut_n314_6C2w,4851,,gutim,314,
339,1426.6333,8.8116,144,65,5,4851,,F4,,,,,,,,gut_n314_6F4w,4851,,gutim,314,
339,1426.6333,8.8116,144,66,5,4851,,Gb4,,,,,,,,gut_n314_6Gb4w,4851,,gutim,314,
339,1428.3724,0.1377,144,92,8,4852,,Ab6,,,,d,,,,gut_n314_1Ab6t,4852,,gutim,314,
339,1428.3724,1.0435,144,63,11,4852,,Eb4,,,,D,,,,gut_n314_2Eb4q_0,4852,,gutim,314,
339,1428.3724,1.0435,144,70,11,4852,,Bb4,,,,D,,,,gut_n314_2Bb4q_0,4852,,gutim,314,
339,1428.3724,1.0435,144,74,11,4852,,D5,,,,D,,,,gut_n314_2D5q_0,4852,,gutim,314,
339,1428.3724,1.0435,144,90,11,4852,,Gb6,,,,D,,,,gut_n314_2Gb6q_0,4852,,gutim,314,
339,1428.5151,0.0914,144,96,9,4853,,C7,,,,,,,,gut_n314_1C7t_0,4853,,gutim,314,
339,1428.6113,0.0914,144,88,10,4854,,E6,,,,,,,,gut_n314_1E6t_0,4854,,gutim,314,
339,1428.7075,0.1377,144,96,10,4855,,C7,,,,,,,,gut_n314_1C7t_1,4855,,gutim,314,
339,1428.7075,0.1377,144,102,10,4855,,F#7,,,,,,,,gut_n314_1Fs7t_0,4855,,gutim,314,
339,1428.8525,0.1377,144,88,11,4856,,E6,,,,,,,,gut_n314_1E6t_1,4856,,gutim,314,
339,1428.8525,0.1377,144,92,11,4856,,G#6,,,,,,,,gut_n314_1Gs6t_0,4856,,gutim,314,
339,1428.9974,0.0914,144,96,12,4857,,C7,,,,,,,,gut_n314_1C7t_2,4857,,gutim,314,
339,1429.0936000000002,0.1377,144,88,13,4858,,E6,,,,,,,,gut_n314_1E6t_2,4858,,gutim,314,
339,1429.0936000000002,0.1377,144,92,13,4858,,G#6,,,,,,,,gut_n314_1Gs6t_1,4858,,gutim,314,
339,1429.0936000000002,0.1377,144,102,13,4858,,F#7,,,,,,,,gut_n314_1Fs7t_1,4858,,gutim,314,
339,1429.2386000000001,0.2754,144,77,14,4859,,F5,,,,,,,,gut_n314_1F5e,4859,,gutim,314,
339,1429.5284000000001,0.554,144,88,14,4860,,E6,,,,,,,,gut_n314_1E6q,4860,,gutim,314,
339,1429.5284000000001,0.554,144,92,14,4860,,G#6,,,,,,,,gut_n314_1Gs6q,4860,,gutim,314,
339,1429.5284000000001,0.554,144,96,14,4860,,C7,,,,,,,,gut_n314_1C7q,4860,,gutim,314,
339,1429.5284000000001,0.554,144,102,14,4860,,F#7,,,,,,,,gut_n314_1Fs7q,4860,,gutim,314,
339,1429.6768,1.7391,144,63,14,4861,,Eb4,,,,,,,,gut_n314_2Eb4q_1,4861,,gutim,314,
339,1429.6768,1.7391,144,70,14,4861,,Bb4,,,,,,,,gut_n314_2Bb4q_1,4861,,gutim,314,
339,1429.6768,1.7391,144,74,14,4861,,D5,,,,,,,,gut_n314_2D5q_1,4861,,gutim,314,
339,1429.6768,1.7391,144,90,14,4861,,Gb6,,,,,,,,gut_n314_2Gb6q_1,4861,,gutim,314,
339,1430.9811,0.6957,144,76,14,4862,,E5,,,,,,,,gut_n314_2E5q,4862,,gutim,314,
,,,,,,,,,,,,,,,,,,340,,,
340,1431.8507,0.1377,144,78,11,4863,,F#5,,,,,,,,gut_n315_1Fs5t,4863,,gutim,315,
340,1431.9956,0.0914,144,68,12,4864,,G#4,,,,,,,,gut_n315_1Gs4t,4864,,gutim,315,
340,1432.0604,0.06,144,52,11,4865,,E3,g,,,,,,,gut_ng315_5E3e,4865,,gutim,315,
340,1432.0918000000001,0.0463,144,53,13,4866,,F3,,e,,,,,,gut_n315_1F3x_0,4866,,gutim,315,
340,1432.1354000000001,0.06,144,24,10,4867,,C1,g,,,,,,,gut_ng315_5C1e,4867,,gutim,315,
340,1432.1405,0.0463,144,72,13,4868,,C5,,e,,,,,,gut_n315_1C5x,4868,,gutim,315,
340,1432.1892,0.0463,144,53,14,4869,,F3,,e,,,,,,gut_n315_1F3x_1,4869,,gutim,315,
340,1432.2104,0.06,144,41,10,4870,,F2,g,,,,,,,gut_ng315_5F2e,4870,,gutim,315,
340,1432.2379,0.0463,144,64,14,4871,,E4,,E,,,,,,gut_n315_1E4x,4871,,gutim,315,
340,1432.2854,0.2065,144,32,9,4872,,Ab1,,,,,,,,gut_n315_5Ab1s,4872,,gutim,315,
340,1432.5028,0.2065,144,30,8,4873,,Gb1,,,,,,,,gut_n315_5Gb1s,4873,,gutim,315,
340,1432.5702,0.06,144,80,17,4874,,G#5,g,e,,d,,,,gut_ng315_1Gs5e,4874,,gutim,315,
340,1432.6452000000002,0.06,144,90,17,4875,,F#6,g,e,,d,,,,gut_ng315_1Fs6e,4875,,gutim,315,
340,1432.7202,4.6812,144,84,17,4876,,C6,,E,6014,d,,,,gut_n315_1C6h_0,4876,,gutim,315,
340,1432.7202,4.1739,144,30,5,4876,,Gb1,,,,D,,,,gut_n315_5Gb1h_0,4876,,gutim,315,
340,1432.7202,4.6377,144,32,5,4876,,Ab1,,,,D,6014,,,gut_n315_5Ab1h_0,4876,,gutim,315,
,,,,,,,,,,,,,,,,,,341,,,
341,1437.3579,0.2319,144,34,20,4877,,Bb1,,,,,,,,gut_n316_6Bb1e_0,4877,,gutim,316,
341,1437.6444000000001,3.0145,144,34,22,4878,,Bb1,,,,,,,,gut_n316_6Bb1e_1,4878,,gutim,316,
,,,,,,,6014,,,,,,,,,,,,gutim,,
341,1437.6478,2.3188,144,98,22,4879,,D7,,,,,,,,gut_n316_1D7e,4879,,gutim,316,
341,1440.4713000000002,0.06,144,73,5,4880,,Db5,g,,,d,,,,gut_ng316_1Db5e,4880,,gutim,316,
341,1440.5463,0.6957,144,73,5,4881,,Db5,,,,d,,,,gut_n316_1Db5q,4881,,gutim,316,
341,1440.5463,0.6957,144,42,5,4881,,Gb2,,,,d,,,,gut_n316_5Gb2q,4881,,gutim,316,
341,1441.4159,0.6957,144,41,17,4882,,F2,,,,d,,,,gut_n316_5F2s,4882,,gutim,316,
341,1441.5583000000001,0.06,144,84,17,4883,,C6,g,,,d,,,,gut_ng316_1C6e,4883,,gutim,316,
341,1441.6333,0.5217,144,84,17,4884,,C6,,,,D,6015,,,gut_n316_1C6e,4884,,gutim,316,
341,1441.6333,0.5217,144,64,18,4884,,E4,,,,,,,,gut_n316_5E4e,4884,,gutim,316,
,,,,,,,,,,,,,,,,,,342,,,
342,1442.2854,0.087,144,66,8,4885,,F#4,,,,,,,,gut_n317_1Fs4t,4885,,gutim,317,
342,1442.3941,2.6087,144,53,8,4886,,F3,,,,,,,,gut_n317_1F3e_0,4886,,gutim,317,
342,1443.155,0.1739,144,43,11,4887,,G2,,,,,,,,gut_n317_5G2s,4887,,gutim,317,
342,1443.3724,0.5217,144,43,14,4888,,G2,,,,,,,,gut_n317_5G2e,4888,,gutim,317,
342,1443.3724,0.5217,144,53,14,4888,,F3,,,,,,,,gut_n317_5F3e,4888,,gutim,317,
342,1444.2344,0.06,144,53,8,4889,,F3,g,,,,,,,gut_ng317_5F3e,4889,,gutim,317,
342,1444.3094,0.06,144,42,8,4890,,F#2,g,,,,,,,gut_ng317_5Fs2e,4890,,gutim,317,
342,1444.3844000000001,0.06,144,64,8,4891,,E4,g,,,,,,,gut_ng317_5E4e,4891,,gutim,317,
342,1444.4594,0.2065,144,36,7,4892,,C2,,,,,,,,gut_n317_5C2s_0,4892,,gutim,317,
342,1444.6768,1.0326,144,36,7,4893,,C2,,,,,,,,gut_n317_5C2s_1,4893,,gutim,317,
342,1444.6768,1.0326,144,44,7,4893,,Ab2,,,,,,,,gut_n317_5Ab2s,4893,,gutim,317,
342,1445.655,0.087,144,53,5,4894,,F3,,,,,,,,gut_n317_1F3t,4894,,gutim,317,
342,1445.7637,0.6957,144,28,5,4895,,E1,,,,,,,,gut_n317_1E1q,4895,,gutim,317,
342,1445.7637,0.6957,144,53,5,4895,,F3,,,,,,,,gut_n317_1F3q,4895,,gutim,317,
342,1445.7637,0.0688,144,64,4,4895,,E4,,,,,,,,gut_n317_5E4t,4895,,gutim,317,
342,1445.8362,0.0688,144,24,3,4896,,C1,,,,,,,,gut_n317_5C1t_0,4896,,gutim,317,
342,1445.9086,0.0688,144,52,3,4897,,E3,,,,,,,,gut_n317_5E3t_0,4897,,gutim,317,
342,1445.9811,0.0688,144,41,3,4898,,F2,,,,,,,,gut_n317_5F2t_0,4898,,gutim,317,
342,1446.0536,0.0688,144,24,3,4899,,C1,,,,,,,,gut_n317_5C1t_1,4899,,gutim,317,
342,1446.126,0.0688,144,32,3,4900,,Ab1,,,,,,,,gut_n317_5Ab1t_0,4900,,gutim,317,
342,1446.126,0.0688,144,41,3,4900,,F2,,,,,,,,gut_n317_5F2t_1,4900,,gutim,317,
342,1446.126,0.0688,144,52,3,4900,,E3,,,,,,,,gut_n317_5E3t_1,4900,,gutim,317,
342,1446.1985,0.0688,144,30,2,4901,,Gb1,,,,,,,,gut_n317_5Gb1t_0,4901,,gutim,317,
342,1446.271,0.0688,144,41,2,4902,,F2,,,,,,,,gut_n317_5F2t_2,4902,,gutim,317,
342,1446.271,0.0688,144,52,2,4902,,E3,,,,,,,,gut_n317_5E3t_2,4902,,gutim,317,
342,1446.3434,0.2065,144,24,2,4903,,C1,,,,,,,,gut_n317_5C1s,4903,,gutim,317,
342,1446.3434,0.2065,144,30,2,4903,,Gb1,,,,,,,,gut_n317_5Gb1s,4903,,gutim,317,
342,1446.5608,0.0688,144,30,2,4904,,Gb1,,,,,,,,gut_n317_5Gb1t_1,4904,,gutim,317,
342,1446.5608,0.0688,144,32,2,4904,,Ab1,,,,,,,,gut_n317_5Ab1t_1,4904,,gutim,317,
,,,,,,,6015,,,,,,,,,,,,gutim,,
,,,,,,,,,,,,,,,,,,343,,,
343,1448.8072,0.0914,144,86,11,4905,,D6,,,,,,,,gut_n318_1D6t,4905,,gutim,318,
343,1448.9034000000001,0.0914,144,102,12,4906,,F#7,,,,,,,,gut_n318_1Fs7t,4906,,gutim,318,
343,1448.9997,0.1377,144,100,12,4907,,E7,,,,,,,,gut_n318_1E7t,4907,,gutim,318,
343,1449.1446,0.0914,144,74,13,4908,,D5,,e,,,,,,gut_n318_1D5t,4908,,gutim,318,
343,1449.2408,0.0828,144,88,14,4909,,E6,,e,,,,,,gut_n318_1E6t_0,4909,,gutim,318,
343,1449.328,0.0828,144,82,15,4910,,Bb5,,e,,,,,,gut_n318_1Bb5t_0,4910,,gutim,318,
343,1449.4152000000001,0.1237,144,88,15,4911,,E6,,E,6016,,,,,gut_n318_1E6t_1,4911,,gutim,318,
343,1449.5454,0.1237,144,62,16,4912,,D4,,e,,,,,,gut_n318_1D4t,4912,,gutim,318,
343,1449.6756,0.1377,144,82,17,4913,,Bb5,,e,,,,,,gut_n318_1Bb5t_1,4913,,gutim,318,
343,1449.8205,0.0914,144,90,18,4914,,F#6,,E,,,,,,gut_n318_1Fs6t,4914,,gutim,318,
343,1449.9168,0.0914,144,76,19,4915,,E5,,,,,,,,gut_n318_1E5t,4915,,gutim,318,
343,1450.0130000000001,0.0914,144,70,19,4916,,Bb4,,,,d,,,,gut_n318_1Bb4t,4916,,gutim,318,
343,1450.1093,0.2319,144,51,20,4917,,Eb3,,,,d,,,,gut_n318_1Eb3e,4917,,gutim,318,
343,1450.1093,0.2319,144,98,22,4917,,D7,,,,d,,,,gut_n318_1D7e,4917,,gutim,318,
343,1450.1093,0.2319,144,102,20,4917,,F#7,,,,d,,,,gut_n318_1Fs7e,4917,,gutim,318,
343,1450.3991,0.4656,144,98,20,4918,,D7,,,,d,,,,gut_n318_1D7q,4918,,gutim,318,
343,1450.4014,0.4638,144,42,20,4918,,F#2,,,,d,,,,gut_n318_6Fs2q,4918,,gutim,318,
343,1450.5463,0.0697,144,28,8,4919,,E1,,,,D,,,,gut_n318_5E1t_0,4919,,gutim,318,
343,1450.6335000000001,0.0697,144,36,7,4920,,C2,,,,,,,,gut_n318_5C2t_0,4920,,gutim,318,
343,1450.7207,0.0697,144,28,5,4921,,E1,,,,,,,,gut_n318_5E1t_1,4921,,gutim,318,
343,1450.8079,0.0697,144,36,4,4922,,C2,,,,,,,,gut_n318_5C2t_1,4922,,gutim,318,
343,1450.895,0.0688,144,32,2,4923,,Ab1,,,,,,,,gut_n318_5Ab1t,4923,,gutim,318,
,,,,,,,,,,,,,,,,,,344,,,
344,1454.4594,0.6957,144,80,20,4924,,G#5,,,,,,t,,gut_n319_1Gs5q_0,4924,,gutim,319,
344,1454.4594,0.6957,144,102,20,4924,,F#7,,,,,,t,,gut_n319_1Fs7q_0,4924,,gutim,319,
344,1455.3289,0.0688,144,92,11,4925,,G#6,,e,,d,,t,,gut_n319_1Gs6t,4925,,gutim,319,
344,1455.3289,0.0688,144,102,11,4925,,F#7,,e,,d,,t,,gut_n319_1Fs7t,4925,,gutim,319,
344,1455.4014,0.0688,144,96,12,4926,,C7,,e,,,,,,gut_n319_1C7t,4926,,gutim,319,
344,1455.4739,0.0688,144,64,12,4927,,E4,,e,,,,,,gut_n319_1E4t_0,4927,,gutim,319,
344,1455.5463,0.0688,144,84,13,4928,,C6,,e,,,,,,gut_n319_1C6t,4928,,gutim,319,
344,1455.6188,0.0688,144,53,14,4929,,F3,,e,,,,,,gut_n319_1F3t_0,4929,,gutim,319,
344,1455.6912,0.0688,144,64,15,4930,,E4,,e,,,,,,gut_n319_1E4t_1,4930,,gutim,319,
344,1455.7637,0.0688,144,53,16,4931,,F3,,e,,,,,,gut_n319_1F3t_1,4931,,gutim,319,
344,1455.8362,0.0688,144,64,16,4932,,E4,,e,,,,,,gut_n319_1E4t_2,4932,,gutim,319,
344,1455.9086,0.0688,144,53,17,4933,,F3,,E,,,,,,gut_n319_1F3t_2,4933,,gutim,319,
344,1456.1985,0.2319,144,70,11,4934,,Bb4,,,,d,,t,,gut_n319_1Bb4e,4934,,gutim,319,
344,1456.1985,0.2319,144,76,11,4934,,E5,,,,d,,t,,gut_n319_1E5e,4934,,gutim,319,
344,1456.1985,0.2319,144,78,11,4934,,F#5,,,,d,,t,,gut_n319_1Fs5e,4934,,gutim,319,
344,1456.1985,0.2319,144,51,11,4934,,Eb3,,,,d,,,,gut_n319_5Eb3e,4934,,gutim,319,
344,1456.1985,0.2319,144,62,11,4934,,D4,,,,d,,,,gut_n319_5D4e,4934,,gutim,319,
344,1456.4883,0.4638,144,80,8,4935,,G#5,,,,,,,,gut_n319_1Gs5q_1,4935,,gutim,319,
344,1456.4883,0.4638,144,84,8,4935,,C6,,,,,,,,gut_n319_1C6q,4935,,gutim,319,
344,1456.4883,0.4638,144,90,8,4935,,F#6,,,,,,,,gut_n319_1Fs6q,4935,,gutim,319,
344,1456.7057,0.0688,144,41,8,4936,,F2,,e,,d,,,,gut_n319_5F2t_0,4936,,gutim,319,
344,1456.7782,0.0688,144,52,8,4937,,E3,,e,,d,,,,gut_n319_5E3t,4937,,gutim,319,
344,1456.8507,0.0688,144,41,8,4938,,F2,,e,,d,,,,gut_n319_5F2t_1,4938,,gutim,319,
344,1456.9231,0.1377,144,52,8,4939,,E3,,E,6016,d,,,,gut_n319_5E3s,4939,,gutim,319,
344,1457.0681,1.3913,144,82,5,4940,,Bb5,,,,d,,,,gut_n319_1Bb5h,4940,,gutim,319,
344,1457.0681,1.3913,144,88,5,4940,,E6,,,,d,,,,gut_n319_1E6h,4940,,gutim,319,
344,1457.0681,1.3913,144,90,5,4940,,F#6,,,,d,,,,gut_n319_1Fs6h,4940,,gutim,319,
344,1457.0681,1.3913,144,39,5,4940,,Eb2,,,,d,,t,,gut_n319_5Eb2h,4940,,gutim,319,
344,1457.0681,1.3913,144,50,5,4940,,D3,,,,D,6016,T,6016,gut_n319_5D3h,4940,,gutim,319,
344,1458.8072,0.2319,144,92,5,4941,,G#6,,,,,,,,gut_n319_1Gs6e,4941,,gutim,319,
344,1458.8072,0.2319,144,96,5,4941,,C7,,,,,,,,gut_n319_1C7e,4941,,gutim,319,
344,1458.8072,0.2319,144,102,5,4941,,F#7,,,,,,,,gut_n319_1Fs7e,4941,,gutim,319,
344,1458.8072,0.2319,144,29,5,4941,,F1,,,,,,,,gut_n319_5F1e,4941,,gutim,319,
344,1458.8072,0.2319,144,39,5,4941,,Eb2,,,,,,,,gut_n319_5Eb2e,4941,,gutim,319,
344,1459.097,1.1594,144,94,5,4942,,Bb6,,,,,,,,gut_n319_1Bb6q_0,4942,,gutim,319,
344,1459.097,1.1594,144,100,5,4942,,E7,,,,,,,,gut_n319_1E7q_0,4942,,gutim,319,
344,1459.097,1.1594,144,102,5,4942,,F#7,,,,,,,,gut_n319_1Fs7q_1,4942,,gutim,319,
344,1459.097,1.1594,144,27,5,4942,,Eb1,,,,,,,,gut_n319_5Eb1q_0,4942,,gutim,319,
344,1459.097,1.1594,144,38,5,4942,,D2,,,,,,,,gut_n319_5D2q_0,4942,,gutim,319,
,,,,,,,,,,,,,,,,,,345,,,
345,1460.5463,0.9275,144,92,5,4943,,G#6,,,,,,,,gut_n320_1Gs6h,4943,,gutim,320,
345,1460.5463,0.9275,144,96,5,4943,,C7,,,,,,,,gut_n320_1C7h,4943,,gutim,320,
345,1460.5463,0.9275,144,102,5,4943,,F#7,,,,,,,,gut_n320_1Fs7h_0,4943,,gutim,320,
345,1460.5463,0.9275,144,29,5,4943,,F1,,,,,,,,gut_n320_5F1h,4943,,gutim,320,
345,1460.5463,0.9275,144,40,5,4943,,E2,,,,,,,,gut_n320_5E2h,4943,,gutim,320,
345,1461.7057,1.8551,144,94,5,4944,,Bb6,,,,,,,,gut_n320_1Bb6q,4944,,gutim,320,
345,1461.7057,1.8551,144,100,5,4944,,E7,,,,,,,,gut_n320_1E7q,4944,,gutim,320,
345,1461.7057,1.8551,144,102,5,4944,,F#7,,,,,,,,gut_n320_1Fs7q,4944,,gutim,320,
345,1461.7057,1.8551,144,27,5,4944,,Eb1,,,,,,,,gut_n320_5Eb1q,4944,,gutim,320,
345,1461.7057,1.8551,144,38,5,4944,,D2,,,,,,,,gut_n320_5D2q,4944,,gutim,320,
345,1464.0246,3.4783,144,68,5,4945,,G#4,,,,,,,,gut_n320_1Gs4w,4945,,gutim,320,
345,1464.0246,3.4783,144,72,5,4945,,C5,,,,,,,,gut_n320_1C5w,4945,,gutim,320,
345,1464.0246,3.4783,144,78,5,4945,,F#5,,,,,,,,gut_n320_1Fs5w,4945,,gutim,320,
345,1464.0246,3.4783,144,53,5,4945,,F3,,,,,,,,gut_n320_5F3w,4945,,gutim,320,
345,1464.0246,3.4783,144,64,5,4945,,E4,,,,,,,,gut_n320_5E4w,4945,,gutim,320,
,,,,,,,,,,,,,,,,,,346,,,
346,1468.3724,5.7826,144,70,8,4946,,Bb4,,,,,,,,gut_n321_1Bb4w,4946,,gutim,321,
346,1468.3724,4.8696,144,76,8,4946,,E5,,,,,,,,gut_n321_1E5w,4946,,gutim,321,
346,1468.3724,4.8696,144,78,8,4946,,F#5,,,,,,,,gut_n321_1Fs5w,4946,,gutim,321,
346,1468.3724,5.7826,144,51,8,4946,,Eb3,,,,,,,,gut_n321_5Eb3w,4946,,gutim,321,
346,1468.3724,4.8696,144,62,8,4946,,D4,,,,,,,,gut_n321_5D4w,4946,,gutim,321,
,,,,,,,6016,,,,,,,,,,,,gutim,,
,,,,,,,,,,,,,,,,,,347,,,
347,1475.3289,0.2319,144,42,14,4947,,F#2,,,,d,,,,gut_n322_5Fs2e_0,4947,,gutim,322,
347,1475.6188,0.3478,144,42,24,4948,,F#2,,,,D,,,,gut_n322_5Fs2e_1,4948,,gutim,322,
347,1475.6188,0.3478,144,48,24,4948,,C3,,,,D,,,,gut_n322_5C3e,4948,,gutim,322,
347,1476.0536,0.058,144,42,24,4949,,F#2,,,,,,,,gut_n322_5Fs2s,4949,,gutim,322,
347,1476.0536,0.1159,144,47,24,4949,,B2,,,,,,,,gut_n322_5B2s,4949,,gutim,322,
347,1476.0536,0.1159,144,48,24,4949,,C3,,,,,,,,gut_n322_5C3s,4949,,gutim,322,
347,1477.0681,0.0688,144,62,24,4950,,D4,,e,,d,,,,gut_n322_5D4t,4950,,gutim,322,
347,1477.1405,0.0688,144,22,24,4951,,Bb0,,e,,d,,,,gut_n322_5Bb0t_0,4951,,gutim,322,
347,1477.213,0.0688,144,30,24,4952,,F#1,,e,,d,,,,gut_n322_5Fs1t_0,4952,,gutim,322,
347,1477.2854,0.0688,144,35,24,4953,,B1,,e,,d,,,,gut_n322_5B1t_0,4953,,gutim,322,
347,1477.3579,0.1377,144,36,24,4954,,C2,,E,,d,,,,gut_n322_5C2s,4954,,gutim,322,
347,1477.5028,0.0914,144,30,20,4955,,F#1,,,,d,,,,gut_n322_5Fs1t_1,4955,,gutim,322,
347,1477.5991000000001,0.0914,144,35,20,4956,,B1,,,,,,,,gut_n322_5B1t_1,4956,,gutim,322,
347,1477.6953,0.1377,144,36,20,4957,,C2,,,,,,,,gut_n322_5C2t_0,4957,,gutim,322,
347,1477.8402,0.0914,144,35,18,4958,,B1,,,,,,,,gut_n322_5B1t_2,4958,,gutim,322,
347,1477.9365,0.1377,144,36,16,4959,,C2,,,,,,,,gut_n322_5C2t_1,4959,,gutim,322,
347,1478.0814,0.0914,144,35,14,4960,,B1,,,,,,,,gut_n322_5B1t_3,4960,,gutim,322,
347,1478.1777,0.0914,144,74,12,4961,,D5,,,,,,,,gut_n322_5D5t,4961,,gutim,322,
347,1478.2739000000001,0.0914,144,22,11,4962,,Bb0,,,,,,,,gut_n322_5Bb0t_1,4962,,gutim,322,
347,1478.3701,0.1377,144,30,9,4963,,F#1,,,,,,,,gut_n322_5Fs1t_2,4963,,gutim,322,
347,1478.5151,0.0914,144,36,7,4964,,C2,,e,,d,,,,gut_n322_5C2t_2,4964,,gutim,322,
347,1478.6113,0.0914,144,35,5,4965,,B1,,e,,d,,,,gut_n322_5B1t_4,4965,,gutim,322,
347,1478.7075,0.0947,144,36,5,4966,,C2,,e,,d,,,,gut_n322_5C2t_3,4966,,gutim,322,
347,1478.8072,0.6957,144,86,5,4967,,D6,,E,6017,D,6017,,,gut_n322_1D6q,4967,,gutim,322,
,,,,,,,6017,,,,,,,,,,,,gutim,,
,,,,,,,,,,,,,,,,,,348,,,
348,1479.6768,1.3913,144,94,20,4968,,Bb6,,,,,,,,gut_n323_1Bb6h,4968,,gutim,323,
348,1480.5463,0.9275,144,32,8,4969,,Ab1,,,,d,,t,,gut_n323_5Ab1q,4969,,gutim,323,
348,1480.5463,0.9275,144,42,8,4969,,Gb2,,,,d,,t,,gut_n323_5Gb2q,4969,,gutim,323,
348,1480.5463,1.3913,144,44,24,4969,,Ab2,,,,d,,t,,gut_n323_6Ab2h,4969,,gutim,323,
348,1481.4159,0.6957,144,88,20,4970,,E6,,,,D,,T,6018,gut_n323_1E6t,4970,,gutim,323,
348,1481.5246,0.6087,144,62,20,4971,,D4,,,,,,,,gut_n323_1D4e,4971,,gutim,323,
348,1481.7057,0.1377,144,48,5,4972,,C3,,,,d,,,,gut_n323_5C3s_0,4972,,gutim,323,
348,1481.8507,0.0688,144,52,5,4973,,E3,,e,,,,,,gut_n323_5E3t_0,4973,,gutim,323,
348,1481.9231,0.0688,144,61,6,4974,,C#4,,e,,,,,,gut_n323_5Cs4t,4974,,gutim,323,
348,1481.9956,0.0688,144,38,6,4975,,D2,,e,,,,,,gut_n323_5D2t,4975,,gutim,323,
348,1482.0681,0.0688,144,32,7,4976,,Ab1,,e,,,,,,gut_n323_5Ab1t,4976,,gutim,323,
348,1482.1405,0.0688,144,48,7,4977,,C3,,e,,,,,,gut_n323_5C3t,4977,,gutim,323,
348,1482.213,0.0688,144,52,8,4978,,E3,,E,,,,,,gut_n323_5E3t_1,4978,,gutim,323,
348,1482.2854,0.1159,144,32,11,4979,,Ab1,,,,,,,,gut_n323_5Ab1s,4979,,gutim,323,
348,1482.2854,0.2319,144,38,11,4979,,D2,,,,,,,,gut_n323_5D2s,4979,,gutim,323,
348,1482.2854,0.2319,144,48,11,4979,,C3,,,,,,,,gut_n323_5C3s_1,4979,,gutim,323,
348,1482.2854,0.2319,144,61,11,4979,,C#4,,,,,,,,gut_n323_5Cs4s,4979,,gutim,323,
348,1482.5742,0.0463,144,97,5,4980,,C#7,,,,,,,,gut_n323_5Cs7x,4980,,gutim,323,
348,1482.6229,0.0463,144,68,5,4981,,G#4,,,,,,,,gut_n323_5Gs4x_0,4981,,gutim,323,
348,1482.6715000000002,0.0463,144,74,6,4982,,D5,,,,,,,,gut_n323_5D5x_0,4982,,gutim,323,
348,1482.7202,0.0463,144,68,6,4983,,G#4,,,,,,,,gut_n323_5Gs4x_1,4983,,gutim,323,
348,1482.7689,0.0463,144,74,6,4984,,D5,,,,,,,,gut_n323_5D5x_1,4984,,gutim,323,
348,1482.8176,0.0463,144,68,7,4985,,G#4,,,,,,,,gut_n323_5Gs4x_2,4985,,gutim,323,
348,1482.8663000000001,0.1839,144,84,7,4986,,C6,,,,,,,,gut_n323_5C6s,4986,,gutim,323,
348,1483.0599,0.0904,144,88,9,4987,,E6,,,,,,,,gut_n323_5E6t,4987,,gutim,323,
348,1483.155,0.0688,144,56,9,4988,,G#3,,e,,,,,,gut_n323_1Gs3t,4988,,gutim,323,
348,1483.2275,0.0688,144,85,10,4989,,C#6,,e,,,,,,gut_n323_1Cs6t_0,4989,,gutim,323,
348,1483.2999,0.0688,144,72,10,4990,,C5,,e,,,,,,gut_n323_1C5t_0,4990,,gutim,323,
348,1483.3724,0.0688,144,62,11,4991,,D4,,e,,,,,,gut_n323_1D4t,4991,,gutim,323,
348,1483.4449,0.1033,144,85,11,4992,,C#6,,E,,,,,,gut_n323_1Cs6t_1,4992,,gutim,323,
348,1483.5536,0.1033,144,50,12,4993,,D3,,,,,,,,gut_n323_1D3t_0,4993,,gutim,323,
348,1483.6623,0.0688,144,44,13,4994,,G#2,,e,,,,,,gut_n323_1Gs2t_0,4994,,gutim,323,
348,1483.7347,0.058,144,85,13,4995,,C#6,,e,,,,,,gut_n323_1Cs6t_2,4995,,gutim,323,
348,1483.8072,0.058,144,72,14,4996,,C5,,e,,d,,,,gut_n323_1C5t_1,4996,,gutim,323,
348,1483.8797,0.058,144,50,14,4997,,D3,,e,,d,,,,gut_n323_1D3t_1,4997,,gutim,323,
348,1483.9521,0.029,144,44,20,4998,,G#2,,E,,d,,,,gut_n323_1Gs2t_1,4998,,gutim,323,
348,1483.9521,0.058,144,50,20,4998,,D3,,E,,d,,,,gut_n323_1D3t_2,4998,,gutim,323,
348,1483.9521,0.058,144,72,20,4998,,C5,,E,,d,,,,gut_n323_1C5t_2,4998,,gutim,323,
348,1483.9521,0.058,144,76,20,4998,,E5,,E,,d,,,,gut_n323_1E5t,4998,,gutim,323,
348,1483.9521,0.058,144,85,20,4998,,C#6,,E,6018,d,,,,gut_n323_1Cs6t_3,4998,,gutim,323,
348,1484.0521,0.06,144,73,20,4999,,C#5,g,,,,,,,gut_ng323_1Cs5e,4999,,gutim,323,
,,,,,,,,,,,,,,,,,,349,,,
349,1484.1271000000002,0.2319,144,66,14,5000,,F#4,,,,d,,,,gut_n324_1Fs4e_0,5000,,gutim,324,
349,1484.1271000000002,0.2319,144,76,8,5000,,E5,,,,d,,,,gut_n324_1E5e_0,5000,,gutim,324,
349,1484.1271000000002,0.6957,144,32,8,5000,,G#1,,,,d,,,,gut_n324_5Gs1q,5000,,gutim,324,
349,1484.4170000000001,0.3478,144,66,20,5001,,F#4,,,,d,,,,gut_n324_1Fs4e_1,5001,,gutim,324,
349,1484.4170000000001,0.3478,144,76,11,5001,,E5,,,,d,,,,gut_n324_1E5e_1,5001,,gutim,324,
349,1484.4170000000001,0.3478,144,94,20,5001,,A#6,,,,d,,,,gut_n324_1As6e_0,5001,,gutim,324,
349,1484.8518000000001,0.1159,144,62,11,5002,,D4,,,,d,,,,gut_n324_1D4s,5002,,gutim,324,
349,1484.8518000000001,0.1159,144,66,11,5002,,F#4,,,,d,,,,gut_n324_1Fs4s,5002,,gutim,324,
349,1484.8518000000001,0.1159,144,76,11,5002,,E5,,,,d,,,,gut_n324_1E5s,5002,,gutim,324,
349,1484.9967000000001,0.1377,144,53,5,5003,,F3,,,,D,6018,,,gut_n324_5F3t_0,5003,,gutim,324,
349,1485.1416000000002,0.0914,144,31,4,5004,,G1,,,,,,,,gut_n324_5G1t_0,5004,,gutim,324,
349,1485.2378,0.0914,144,33,4,5005,,A1,,,,,,,,gut_n324_5A1t_0,5005,,gutim,324,
349,1485.3341,0.0914,144,31,4,5006,,G1,,,,,,,,gut_n324_5G1t_1,5006,,gutim,324,
349,1485.4303,0.0914,144,33,3,5007,,A1,,,,,,,,gut_n324_5A1t_1,5007,,gutim,324,
349,1485.5266000000001,0.0914,144,31,3,5008,,G1,,,,,,,,gut_n324_5G1t_2,5008,,gutim,324,
349,1485.6228,0.1377,144,53,3,5009,,F3,,,,,,,,gut_n324_5F3t_1,5009,,gutim,324,
349,1485.7677,0.0936,144,31,2,5010,,G1,,,,,,,,gut_n324_5G1t_3,5010,,gutim,324,
349,1485.7677,0.0936,144,53,2,5010,,F3,,,,,,,,gut_n324_5F3t_2,5010,,gutim,324,
,,,,,,,6018,,,,,,,,,,,,gutim,,
349,1486.5184000000002,0.087,144,88,11,5011,,E6,,,,,,,,gut_n324_1E6t_0,5011,,gutim,324,
349,1486.6271000000002,0.087,144,62,14,5012,,D4,,,,,,,,gut_n324_1D4t,5012,,gutim,324,
349,1486.6271000000002,0.087,144,88,14,5012,,E6,,,,,,,,gut_n324_1E6t_1,5012,,gutim,324,
349,1486.7358000000002,0.2474,144,90,17,5013,,F#6,,,,d,,,,gut_n324_1Fs6s,5013,,gutim,324,
349,1486.9962,0.0828,144,51,14,5014,,D#3,,,,,,,,gut_n324_1Ds3t,5014,,gutim,324,
349,1487.0834,0.0828,144,70,11,5015,,A#4,,,,,,,,gut_n324_1As4t,5015,,gutim,324,
349,1487.1706000000001,0.6957,144,62,5,5016,,D4,,,,d,,,,gut_n324_1D4e_0,5016,,gutim,324,
349,1487.1706000000001,0.6957,144,66,5,5016,,F#4,,,,d,,,,gut_n324_1Fs4e_2,5016,,gutim,324,
349,1487.1706000000001,0.6957,144,76,5,5016,,E5,,,,d,,,,gut_n324_1E5e_2,5016,,gutim,324,
349,1488.0402000000001,1.0435,144,62,14,5017,,D4,,,,D,,,,gut_n324_1D4e_2,5017,,gutim,324,
349,1488.0402000000001,1.0435,144,66,14,5017,,F#4,,,,D,,,,gut_n324_1Fs4e_4,5017,,gutim,324,
349,1488.0402000000001,1.0435,144,76,14,5017,,E5,,,,D,,,,gut_n324_1E5e_4,5017,,gutim,324,
349,1488.0402000000001,1.0435,144,94,20,5017,,A#6,,,,D,,,,gut_n324_1As6e_1,5017,,gutim,324,
,,,,,,,,,,,,,,,,,,350,,,
350,1489.3445000000002,0.0914,144,92,5,5018,,Ab6,,,,,,,,gut_n325_1Ab6t_0,5018,,gutim,325,
350,1489.4407,0.0463,144,96,6,5019,,C7,,,,,,,,gut_n325_1C7x_0,5019,,gutim,325,
350,1489.4894,0.0914,144,102,6,5020,,Gb7,,e,,,,,,gut_n325_1Gb7t_0,5020,,gutim,325,
350,1489.5857,0.0914,144,92,7,5021,,Ab6,,e,,,,,,gut_n325_1Ab6t_1,5021,,gutim,325,
350,1489.6819,0.0914,144,96,8,5022,,C7,,e,,,,,,gut_n325_1C7t_0,5022,,gutim,325,
350,1489.7782,0.0914,144,80,9,5023,,Ab5,,e,,,,,,gut_n325_1Ab5t_0,5023,,gutim,325,
350,1489.8744000000002,0.0463,144,96,10,5024,,C7,,E,,,,,,gut_n325_1C7x_1,5024,,gutim,325,
350,1489.9231,0.0914,144,102,11,5025,,Gb7,,,,,,,,gut_n325_1Gb7t_1,5025,,gutim,325,
350,1490.0193000000002,0.0914,144,80,12,5026,,Ab5,,,,,,,,gut_n325_1Ab5t_1,5026,,gutim,325,
350,1490.1156,0.0914,144,84,12,5027,,C6,,,,,,,,gut_n325_1C6t_0,5027,,gutim,325,
350,1490.2118,0.0731,144,68,13,5028,,Ab4,,,,,,,,gut_n325_1Ab4t_0,5028,,gutim,325,
350,1490.2118,0.0914,144,84,13,5028,,C6,,,,,,,,gut_n325_1C6t_1,5028,,gutim,325,
350,1490.2118,0.0914,144,90,13,5028,,Gb6,,,,,,,,gut_n325_1Gb6t,5028,,gutim,325,
350,1490.308,0.0463,144,96,14,5029,,C7,,,,,,,,gut_n325_1C7x_2,5029,,gutim,325,
350,1490.3567,0.0914,144,102,15,5030,,Gb7,,e,,,,,,gut_n325_1Gb7t_2,5030,,gutim,325,
350,1490.453,0.0914,144,80,16,5031,,Ab5,,e,,,,,,gut_n325_1Ab5t_2,5031,,gutim,325,
350,1490.5492000000002,0.0914,144,96,17,5032,,C7,,e,,,,,,gut_n325_1C7t_1,5032,,gutim,325,
350,1490.6455,0.0731,144,68,18,5033,,Ab4,,E,,,,,,gut_n325_1Ab4t_1,5033,,gutim,325,
350,1490.6455,0.0914,144,96,18,5033,,C7,,E,,,,,,gut_n325_1C7t_2,5033,,gutim,325,
350,1490.6455,0.0914,144,102,18,5033,,Gb7,,E,,,,,,gut_n325_1Gb7t_3,5033,,gutim,325,
350,1490.7417,0.0463,144,96,19,5034,,C7,,,,,,,,gut_n325_1C7x_3,5034,,gutim,325,
350,1490.7904,0.0914,144,102,19,5035,,Gb7,,,,,,,,gut_n325_1Gb7t_4,5035,,gutim,325,
350,1490.8866,0.0914,144,68,20,5036,,Ab4,,,,d,,,,gut_n325_1Ab4t_2,5036,,gutim,325,
350,1490.9829,0.0914,144,84,20,5037,,C6,,,,d,,,,gut_n325_1C6t_2,5037,,gutim,325,
350,1491.0791000000002,0.1377,144,74,8,5038,,D5,,,,D,,,,gut_n325_1D5t_0,5038,,gutim,325,
350,1491.224,0.0914,144,103,10,5039,,G7,,,,,,,,gut_n325_1G7t_0,5039,,gutim,325,
350,1491.3203,0.1377,144,80,11,5040,,Ab5,,e,,,,,,gut_n325_1Ab5t_3,5040,,gutim,325,
350,1491.4652,0.1377,144,86,13,5041,,D6,,e,,,,,,gut_n325_1D6t,5041,,gutim,325,
350,1491.6101,0.1377,144,103,14,5042,,G7,,e,,,,,,gut_n325_1G7t_1,5042,,gutim,325,
350,1491.7551,0.0914,144,66,16,5043,,F#4,,E,6019,,,,,gut_n325_1Fs4t_0,5043,,gutim,325,
350,1491.8513,0.0914,144,74,17,5044,,D5,,e,,,,,,gut_n325_1D5t_1,5044,,gutim,325,
350,1491.9475,0.0731,144,66,19,5045,,F#4,,e,,,,,,gut_n325_1Fs4t_1,5045,,gutim,325,
350,1491.9475,0.0914,144,74,19,5045,,D5,,e,,,,,,gut_n325_1D5t_2,5045,,gutim,325,
350,1491.9475,0.0914,144,91,19,5045,,G6,,e,,,,,,gut_n325_1G6t,5045,,gutim,325,
350,1492.0438000000001,0.0914,144,80,20,5046,,Ab5,,e,,,,,,gut_n325_1Ab5t_4,5046,,gutim,325,
350,1492.14,0.0914,144,74,21,5047,,D5,,e,,,,,,gut_n325_1D5t_3,5047,,gutim,325,
350,1492.2363,0.4692,144,80,22,5048,,Ab5,,E,,,,,,gut_n325_1Ab5e,5048,,gutim,325,
350,1492.2363,0.4692,144,91,22,5048,,G6,,E,,,,,,gut_n325_1G6e,5048,,gutim,325,
350,1492.3880000000001,0.0828,144,44,22,5049,,Ab2,,e,,,,,,gut_n325_5Ab2t_0,5049,,gutim,325,
350,1492.4752,0.0828,144,60,22,5050,,C4,,e,,,,,,gut_n325_5C4t,5050,,gutim,325,
350,1492.5623,0.0828,144,66,22,5051,,Gb4,,e,,,,,,gut_n325_5Gb4t,5051,,gutim,325,
350,1492.6495,0.0828,144,44,22,5052,,Ab2,,e,,,,,,gut_n325_5Ab2t_1,5052,,gutim,325,
350,1492.7367000000002,0.0828,144,48,22,5053,,C3,,e,,,,,,gut_n325_5C3t,5053,,gutim,325,
350,1492.8239,0.0914,144,30,20,5054,,Gb1,,E,6019,,,,,gut_n325_5Gb1t_0,5054,,gutim,325,
350,1492.9201,0.1377,144,46,21,5055,,Bb2,,,,,,,,gut_n325_5Bb2t,5055,,gutim,325,
350,1493.0651,0.0914,144,30,22,5056,,Gb1,,,,,,,,gut_n325_5Gb1t_1,5056,,gutim,325,
350,1493.1613,0.0914,144,38,22,5057,,D2,,,,,,,,gut_n325_5D2t_0,5057,,gutim,325,
350,1493.2575,0.3478,144,32,8,5058,,Ab1,,,,d,,,,gut_n325_1Ab1e,5058,,gutim,325,
350,1493.2575,0.3478,144,60,22,5058,,C4,,,,d,,,,gut_n325_1C4e,5058,,gutim,325,
350,1493.2575,0.3478,144,67,22,5058,,G4,,,,d,,,,gut_n325_1G4e,5058,,gutim,325,
350,1493.2575,0.1377,144,44,23,5058,,Ab2,,,,,,,,gut_n325_5Ab2t_2,5058,,gutim,325,
350,1493.4025000000001,0.1377,144,38,24,5059,,D2,,,,d,,,,gut_n325_5D2t_1,5059,,gutim,325,
350,1493.5474000000002,0.1377,144,79,24,5060,,G5,,,,D,6019,,,gut_n325_5G5t,5060,,gutim,325,
,,,,,,,6019,,,,,,,,,,,,gutim,,
,,,,,,,,,,,,,,,,,,351,,,
351,1493.6923,2.087,144,82,24,5061,,Bb5,,,,d,,,,gut_n326_1Bb5h,5061,,gutim,326,
351,1493.6923,2.7826,144,56,14,5061,,Ab3,,,,d,,,,gut_n326_5Ab3w,5061,,gutim,326,
351,1493.6923,2.7826,144,60,14,5061,,C4,,,,d,,,,gut_n326_5C4w,5061,,gutim,326,
351,1493.6923,2.7826,144,66,14,5061,,Gb4,,,,d,,,,gut_n326_5Gb4w,5061,,gutim,326,
351,1496.7358000000002,0.0828,144,56,11,5062,,Ab3,,,,D,,,,gut_n326_1Ab3t_0,5062,,gutim,326,
351,1496.823,0.0828,144,60,10,5063,,C4,,,,,,,,gut_n326_1C4t_0,5063,,gutim,326,
351,1496.9102,0.0828,144,66,10,5064,,Gb4,,,,,,,,gut_n326_1Gb4t,5064,,gutim,326,
351,1496.9974,0.0828,144,56,9,5065,,Ab3,,,,,,,,gut_n326_1Ab3t_1,5065,,gutim,326,
351,1497.0845,0.0817,144,60,8,5066,,C4,,,,,,,,gut_n326_1C4t_1,5066,,gutim,326,
351,1497.6054000000001,0.8261,144,44,11,5067,,Ab2,,,,d,,,,gut_n326_5Ab2q_0,5067,,gutim,326,
351,1498.4749,1.0435,144,44,7,5068,,Ab2,,,,,,,,gut_n326_5Ab2e,5068,,gutim,326,
351,1498.4749,1.0435,144,48,7,5068,,C3,,,,,,,,gut_n326_5C3e,5068,,gutim,326,
351,1499.7793000000001,0.2781,144,29,14,5069,,F1,,,,,,,,gut_n326_5F1e,5069,,gutim,326,
351,1500.1269,0.0828,144,29,17,5070,,F1,,,,,,,,gut_n326_5F1t_0,5070,,gutim,326,
351,1500.2141000000001,0.0828,144,40,18,5071,,E2,,,,,,,,gut_n326_5E2t,5071,,gutim,326,
351,1500.3013,0.0828,144,29,19,5072,,F1,,,,,,,,gut_n326_5F1t_1,5072,,gutim,326,
351,1500.3884,0.2474,144,40,20,5073,,E2,,,,D,6020,,,gut_n326_5E2s,5073,,gutim,326,
,,,,,,,6020,,,,,,,,,,,,gutim,,
,,,,,,,,,,,,,,,,,,352,,,
352,1500.8232,0.0828,144,80,5,5074,,G#5,,e,,,,,,gut_n327_1Gs5t_0,5074,,gutim,327,
352,1500.9104,0.0828,144,90,6,5075,,F#6,,e,,,,,,gut_n327_1Fs6t,5075,,gutim,327,
352,1500.9976000000001,0.0828,144,80,7,5076,,G#5,,e,,,,,,gut_n327_1Gs5t_1,5076,,gutim,327,
352,1501.0848,0.0828,144,102,8,5077,,F#7,,e,,,,,,gut_n327_1Fs7t,5077,,gutim,327,
352,1501.172,0.0828,144,68,9,5078,,G#4,,e,,,,,,gut_n327_1Gs4t_0,5078,,gutim,327,
352,1501.2591,0.0828,144,84,11,5079,,C6,,e,,,,,,gut_n327_1C6t,5079,,gutim,327,
352,1501.3463000000002,0.0828,144,68,12,5080,,G#4,,e,,,,,,gut_n327_1Gs4t_1,5080,,gutim,327,
352,1501.4335,0.0828,144,72,13,5081,,C5,,e,,,,,,gut_n327_1C5t_0,5081,,gutim,327,
352,1501.5207,0.0828,144,68,14,5082,,G#4,,e,,,,,,gut_n327_1Gs4t_2,5082,,gutim,327,
352,1501.6079,0.0828,144,72,15,5083,,C5,,e,,,,,,gut_n327_1C5t_1,5083,,gutim,327,
352,1501.695,0.0663,144,52,16,5084,,E3,,e,,,,,,gut_n327_1E3t,5084,,gutim,327,
352,1501.695,0.0828,144,68,16,5084,,G#4,,e,,,,,,gut_n327_1Gs4t_3,5084,,gutim,327,
352,1501.695,0.0828,144,72,16,5084,,C5,,e,,,,,,gut_n327_1C5t_2,5084,,gutim,327,
352,1501.7822,0.0828,144,41,17,5085,,F2,,e,,,,,,gut_n327_1F2t_0,5085,,gutim,327,
352,1501.8694,0.0828,144,64,18,5086,,E4,,e,,,,,,gut_n327_1E4t,5086,,gutim,327,
352,1501.9566,0.0828,144,41,20,5087,,F2,,e,,,,,,gut_n327_1F2t_1,5087,,gutim,327,
352,1502.0438000000001,0.0828,144,72,21,5088,,C5,,e,,,,,,gut_n327_1C5t_3,5088,,gutim,327,
352,1502.131,0.1656,144,52,22,5089,,E3,,E,,,,,,gut_n327_1E3s,5089,,gutim,327,
352,1502.3053,0.0785,144,29,24,5090,,F1,,,,,,,,gut_n327_1F1t,5090,,gutim,327,
352,1502.3880000000001,0.8261,144,102,24,5091,,F#7,,,,,,,,gut_n327_1Fs7q_0,5091,,gutim,327,
352,1503.4025000000001,1.2754,144,80,24,5092,,G#5,,,,,,,,gut_n327_1Gs5s,5092,,gutim,327,
352,1503.4025000000001,1.2754,144,102,24,5092,,F#7,,,,,,,,gut_n327_1Fs7s,5092,,gutim,327,
,,,,,,,,,,,,,,,,,,353,,,
353,1504.9967000000001,2.7826,144,80,17,5093,,G#5,,,,,,,,gut_n328_1Gs5w,5093,,gutim,328,
353,1504.9967000000001,2.7826,144,102,17,5093,,F#7,,,,,,,,gut_n328_1Fs7w,5093,,gutim,328,
353,1504.9967000000001,0.0828,144,74,5,5093,,D5,,e,,,,,,gut_n328_5D5t,5093,,gutim,328,
353,1505.0839,0.0828,144,88,7,5094,,E6,,e,,,,,,gut_n328_5E6t,5094,,gutim,328,
353,1505.171,0.0828,144,62,9,5095,,D4,,e,,,,,,gut_n328_5D4t,5095,,gutim,328,
353,1505.2582,0.0828,144,90,11,5096,,F#6,,e,,,,,,gut_n328_5Fs6t_0,5096,,gutim,328,
353,1505.3454000000002,0.0828,144,76,13,5097,,E5,,e,,,,,,gut_n328_5E5t_0,5097,,gutim,328,
353,1505.4326,0.0828,144,102,16,5098,,F#7,,e,,,,,,gut_n328_5Fs7t,5098,,gutim,328,
353,1505.5198,0.0828,144,70,18,5099,,Bb4,,e,,,,,,gut_n328_5Bb4t_0,5099,,gutim,328,
353,1505.607,0.0828,144,76,20,5100,,E5,,e,,,,,,gut_n328_5E5t_1,5100,,gutim,328,
353,1505.607,0.0828,144,90,20,5100,,F#6,,e,,,,,,gut_n328_5Fs6t_1,5100,,gutim,328,
353,1505.6941,0.0828,144,70,22,5101,,Bb4,,e,,,,,,gut_n328_5Bb4t_1,5101,,gutim,328,
353,1505.7813,0.0828,144,51,24,5102,,Eb3,,E,6021,,,,,gut_n328_5Eb3t,5102,,gutim,328,
353,1506.0134,0.8116,144,62,11,5103,,D4,,,,,,,,gut_n328_5D4s,5103,,gutim,328,
353,1506.0134,0.8116,144,70,11,5103,,Bb4,,,,,,,,gut_n328_5Bb4s,5103,,gutim,328,
353,1506.0134,0.8116,144,76,11,5103,,E5,,,,,,,,gut_n328_5E5s,5103,,gutim,328,
353,1506.0134,0.8116,144,90,11,5103,,F#6,,,,,,,,gut_n328_5Fs6s,5103,,gutim,328,
353,1507.0279,1.3747,144,62,20,5104,,D4,,,,,,,,gut_n328_5D4q_1,5104,,gutim,328,
353,1507.0279,1.1576,144,70,20,5104,,Bb4,,,,,,,,gut_n328_5Bb4q_1,5104,,gutim,328,
353,1507.0279,1.1576,144,76,20,5104,,E5,,,,,,,,gut_n328_5E5q_1,5104,,gutim,328,
353,1507.0279,1.1576,144,90,20,5104,,F#6,,,,,,,,gut_n328_5Fs6q_1,5104,,gutim,328,
,,,,,,,6021,,,,,,,,,,,,gutim,,
,,,,,,,,,,,,,,,,,,354,,,
354,1508.4749,1.6232,144,88,24,5105,,E6,,,,d,,,,gut_n329_1E6h,5105,,gutim,329,
354,1508.4749,1.6232,144,97,24,5105,,C#7,,,,d,,,,gut_n329_1Cs7h,5105,,gutim,329,
354,1508.4749,2.087,144,80,20,5105,,G#5,,,,d,,,,gut_n329_2Gs5h,5105,,gutim,329,
354,1508.4749,2.087,144,102,20,5105,,F#7,,,,d,,,,gut_n329_2Fs7h,5105,,gutim,329,
354,1510.5039000000002,0.4638,144,88,20,5106,,E6,,,,,,,,gut_n329_1E6q,5106,,gutim,329,
354,1510.5039000000002,0.4638,144,97,20,5106,,C#7,,,,,,,,gut_n329_1Cs7q,5106,,gutim,329,
354,1510.5039000000002,0.9638,144,21,22,5106,,A0,,,,D,,,,gut_n329_5A0q,5106,,gutim,329,
354,1511.3735000000001,0.4638,144,80,24,5107,,G#5,,,,,,,,gut_n329_2Gs5q,5107,,gutim,329,
354,1511.3735000000001,0.4638,144,96,24,5107,,C7,,,,,,,,gut_n329_2C7q,5107,,gutim,329,
354,1511.3735000000001,0.4638,144,102,24,5107,,F#7,,,,,,,,gut_n329_2Fs7q,5107,,gutim,329,
354,1511.5184000000002,0.1377,144,42,22,5108,,F#2,,,,,,,,gut_n329_5Fs2s,5108,,gutim,329,
354,1511.6633,0.0688,144,55,22,5109,,G3,,,,,,,,gut_n329_5G3t,5109,,gutim,329,
354,1511.7358000000002,0.0688,144,77,22,5110,,F5,,,,,,,,gut_n329_5F5t,5110,,gutim,329,
354,1511.8083000000001,0.0389,144,73,17,5111,,C#5,,e,,,,,,gut_n329_5Cs5t,5111,,gutim,329,
354,1511.857,0.0389,144,42,16,5112,,F#2,,e,,,,,,gut_n329_5Fs2t,5112,,gutim,329,
354,1511.9056,0.038,144,33,15,5113,,A1,,e,,,,,,gut_n329_5A1t,5113,,gutim,329,
,,,,,,,,,,,,,,,,,,355,,,
355,1511.9532000000002,0.6957,144,88,14,5114,,E6,,,,,,,,gut_n330_1E6q_0,5114,,gutim,330,
355,1511.9532000000002,0.6957,144,96,14,5114,,C7,,,,,,,,gut_n330_1C7q,5114,,gutim,330,
355,1511.9532000000002,0.2319,144,43,14,5114,,G2,,E,,,,,,gut_n330_5G2e,5114,,gutim,330,
355,1512.2431000000001,0.4638,144,53,7,5115,,F3,,,,,,,,gut_n330_5F3q,5115,,gutim,330,
355,1512.8228000000001,0.4638,144,62,24,5116,,D4,,,,,,,,gut_n330_1D4q,5116,,gutim,330,
355,1512.8228000000001,0.4638,144,88,24,5116,,E6,,,,,,,,gut_n330_1E6q_1,5116,,gutim,330,
355,1513.4025000000001,0.2319,144,96,24,5117,,C7,,,,,,,,gut_n330_1C7e,5117,,gutim,330,
355,1513.4025000000001,0.1377,144,29,24,5117,,F1,,,,,,,,gut_n330_5F1s,5117,,gutim,330,
355,1513.5474000000002,0.1377,144,52,24,5118,,E3,,,,,,,,gut_n330_5E3s,5118,,gutim,330,
355,1514.0784,0.0463,144,68,22,5119,,G#4,,e,,,,,,gut_n330_1Gs4x_0,5119,,gutim,330,
355,1514.1271000000002,0.0463,144,78,20,5120,,F#5,,e,,,,,,gut_n330_1Fs5x,5120,,gutim,330,
355,1514.1758,0.0463,144,68,19,5121,,G#4,,e,,,,,,gut_n330_1Gs4x_1,5121,,gutim,330,
355,1514.2245,0.0463,144,53,17,5122,,F3,,e,,,,,,gut_n330_1F3x,5122,,gutim,330,
355,1514.2732,0.0463,144,72,16,5123,,C5,,e,,,,,,gut_n330_1C5x_0,5123,,gutim,330,
355,1514.3219000000001,0.0463,144,41,14,5124,,F2,,e,,,,,,gut_n330_1F2x,5124,,gutim,330,
355,1514.3705,0.0463,144,72,13,5125,,C5,,E,,,,,,gut_n330_1C5x_1,5125,,gutim,330,
355,1514.4192,0.1355,144,64,11,5126,,E4,,,,,,,,gut_n330_1E4t,5126,,gutim,330,
355,1514.5619000000002,0.0516,144,80,20,5127,,Ab5,,e,,,,,,gut_n330_1Ab5x_0,5127,,gutim,330,
355,1514.6162,0.0516,144,84,20,5128,,C6,,e,,,,,,gut_n330_1C6x_0,5128,,gutim,330,
355,1514.6706000000001,0.0516,144,68,19,5129,,Ab4,,e,,,,,,gut_n330_1Ab4x,5129,,gutim,330,
355,1514.7249,0.0516,144,84,19,5130,,C6,,e,,,,,,gut_n330_1C6x_1,5130,,gutim,330,
355,1514.7793000000001,0.0516,144,80,19,5131,,Ab5,,e,,,,,,gut_n330_1Ab5x_1,5131,,gutim,330,
355,1514.8336,0.0774,144,84,18,5132,,C6,,E,,,,,,gut_n330_1C6x_2,5132,,gutim,330,
355,1514.8336,0.0774,144,90,18,5132,,Gb6,,E,,,,,,gut_n330_1Gb6x,5132,,gutim,330,
355,1514.9152000000001,0.0774,144,80,18,5133,,Ab5,,,,,,,,gut_n330_1Ab5x_2,5133,,gutim,330,
355,1514.9967000000001,0.1739,144,80,17,5134,,Ab5,,,,,,,,gut_n330_1Ab5s_0,5134,,gutim,330,
355,1514.9967000000001,0.1739,144,90,17,5134,,Gb6,,,,,,,,gut_n330_1Gb6s_0,5134,,gutim,330,
355,1514.9967000000001,0.0688,144,64,17,5134,,E4,,,,,,,,gut_n330_5E4t_0,5134,,gutim,330,
355,1515.0691,0.1033,144,53,17,5135,,F3,,,,,,,,gut_n330_5F3t_0,5135,,gutim,330,
355,1515.1778,0.1033,144,64,16,5136,,E4,,,,,,,,gut_n330_5E4t_1,5136,,gutim,330,
355,1515.2141000000001,0.1739,144,80,16,5137,,Ab5,,,,,,,,gut_n330_1Ab5s_1,5137,,gutim,330,
355,1515.2141000000001,0.1739,144,84,16,5137,,C6,,,,,,,,gut_n330_1C6s,5137,,gutim,330,
355,1515.2141000000001,0.1739,144,90,16,5137,,Gb6,,,,,,,,gut_n330_1Gb6s_1,5137,,gutim,330,
355,1515.2865,0.0688,144,53,15,5138,,F3,,,,,,,,gut_n330_5F3t_1,5138,,gutim,330,
355,1515.3590000000002,0.0688,144,64,15,5139,,E4,,,,,,,,gut_n330_5E4t_2,5139,,gutim,330,
,,,,,,,,,,,,,,,,,,356,,,
356,1515.4315000000001,0.0914,144,102,14,5140,,Gb7,,e,,,,,,gut_n331_1Gb7t_0,5140,,gutim,331,
356,1515.4315000000001,0.8261,144,53,14,5140,,F3,,,,,,t,,gut_n331_5F3q,5140,,gutim,331,
356,1515.4315000000001,0.6957,144,64,14,5140,,E4,,,,,,t,,gut_n331_5E4q,5140,,gutim,331,
356,1515.5277,0.0914,144,92,13,5141,,Ab6,,e,,,,,,gut_n331_1Ab6t,5141,,gutim,331,
356,1515.6239,0.0914,144,96,13,5142,,C7,,e,,,,,,gut_n331_1C7t_0,5142,,gutim,331,
356,1515.7202,0.0914,144,102,12,5143,,Gb7,,e,,,,,,gut_n331_1Gb7t_1,5143,,gutim,331,
356,1515.8164000000002,0.0914,144,80,12,5144,,Ab5,,e,,,,,,gut_n331_1Ab5t,5144,,gutim,331,
356,1515.9127,0.0914,144,96,11,5145,,C7,,e,,,,,,gut_n331_1C7t_1,5145,,gutim,331,
356,1516.0089,0.0914,144,65,10,5146,,F4,,e,,,,,,gut_n331_1F4t,5146,,gutim,331,
356,1516.1051,0.0914,144,76,10,5147,,E5,,e,,,,,,gut_n331_1E5t,5147,,gutim,331,
356,1516.2014000000001,0.0914,144,52,9,5148,,E3,,e,,,,,,gut_n331_1E3t,5148,,gutim,331,
356,1516.2976,0.0914,144,102,8,5149,,Gb7,,E,,,,,,gut_n331_1Gb7t_2,5149,,gutim,331,
356,1516.3010000000002,0.8696,144,100,22,5149,,E7,,,,d,,t,,gut_n331_5E7q,5149,,gutim,331,
356,1516.3939,0.3668,144,77,8,5150,,F5,,,,,,,,gut_n331_1F5e,5150,,gutim,331,
356,1516.78,0.0914,144,102,5,5151,,Gb7,,,,d,,,,gut_n331_1Gb7t_3,5151,,gutim,331,
356,1516.8762000000002,0.2754,144,77,5,5152,,F5,,,,D,,,,gut_n331_1F5s,5152,,gutim,331,
356,1517.1661000000001,0.5507,144,77,14,5153,,F5,,,,d,,t,,gut_n331_1F5q,5153,,gutim,331,
356,1517.1661000000001,0.4638,144,92,14,5153,,Ab6,,,,d,,t,,gut_n331_1Ab6q,5153,,gutim,331,
356,1517.1661000000001,0.4638,144,102,14,5153,,Gb7,,,,d,,t,,gut_n331_1Gb7q,5153,,gutim,331,
356,1517.3880000000001,0.2609,144,65,22,5154,,F4,,,,,,,,gut_n331_5F4s_0,5154,,gutim,331,
356,1517.3880000000001,0.2609,144,100,22,5154,,E7,,,,,,,,gut_n331_5E7s_1,5154,,gutim,331,
356,1517.7141000000001,0.2609,144,30,22,5155,,Gb1,,,,,,,,gut_n331_5Gb1s,5155,,gutim,331,
356,1517.7141000000001,0.2609,144,65,22,5155,,F4,,,,,,,,gut_n331_5F4s_1,5155,,gutim,331,
356,1517.8907000000002,0.0688,144,96,11,5156,,C7,,,,,,,,gut_n331_1C7t_2,5156,,gutim,331,
356,1517.9632000000001,0.0688,144,88,11,5157,,E6,,,,,,,,gut_n331_1E6t,5157,,gutim,331,
356,1518.0356000000002,0.2754,144,92,8,5158,,Ab6,,e,,,,,,gut_n331_1Ab6e,5158,,gutim,331,
356,1518.0356000000002,0.2319,144,96,8,5158,,C7,,e,,,,,,gut_n331_1C7e,5158,,gutim,331,
356,1518.0356000000002,0.2319,144,102,8,5158,,Gb7,,e,,,,,,gut_n331_1Gb7e,5158,,gutim,331,
356,1518.0402000000001,0.0663,144,41,20,5159,,F2,,,,D,6022,T,6022,gut_n331_5F2t_0,5159,,gutim,331,
356,1518.1273,0.0828,144,32,18,5160,,Ab1,,,,,,,,gut_n331_5Ab1t,5160,,gutim,331,
356,1518.2145,0.0828,144,30,17,5161,,Gb1,,,,,,,,gut_n331_5Gb1t_0,5161,,gutim,331,
356,1518.3017,0.0828,144,41,15,5162,,F2,,,,,,,,gut_n331_5F2t_1,5162,,gutim,331,
356,1518.3255000000001,0.2754,144,80,7,5163,,Ab5,,e,,,,,,gut_n331_1Ab5e,5163,,gutim,331,
356,1518.3255000000001,0.2319,144,84,7,5163,,C6,,e,,,,,,gut_n331_1C6e,5163,,gutim,331,
356,1518.3889000000001,0.0817,144,30,14,5164,,Gb1,,,,,,,,gut_n331_5Gb1t_1,5164,,gutim,331,
356,1518.4749,0.2582,144,36,12,5165,,C2,,,,,,,,gut_n331_5C2s,5165,,gutim,331,
356,1518.6153,0.2355,144,76,5,5166,,E5,,e,,,,,,gut_n331_1E5e,5166,,gutim,331,
356,1518.7467000000001,0.1033,144,30,7,5167,,Gb1,,,,,,,,gut_n331_5Gb1x_0,5167,,gutim,331,
356,1518.7467000000001,0.1033,144,32,7,5167,,Ab1,,,,,,,,gut_n331_5Ab1x_0,5167,,gutim,331,
356,1518.7467000000001,0.1033,144,41,7,5167,,F2,,,,,,,,gut_n331_5F2x_0,5167,,gutim,331,
356,1518.8010000000002,0.0516,144,36,6,5168,,C2,,,,,,,,gut_n331_5C2x_1,5168,,gutim,331,
356,1518.8554000000001,0.0516,144,64,5,5169,,E4,,,,,,,,gut_n331_5E4x,5169,,gutim,331,
,,,,,,,,,,,,,,,,,,357,,,
357,1518.9097000000002,7.6522,144,42,5,5170,,Gb2,,E,6022,,,,,gut_n332_5Gb2w_0,5170,,gutim,332,
357,1519.7793000000001,3.4783,144,30,24,5171,,Gb1,,,,,,,,gut_n332_6Gb1q_0,5171,,gutim,332,
357,1524.1271000000002,3.4783,144,68,14,5172,,Ab4,,,,,,,,gut_n332_1Ab4q,5172,,gutim,332,
357,1524.1271000000002,3.4783,144,30,14,5172,,Gb1,,,,,,,,gut_n332_6Gb1q_1,5172,,gutim,332,
,,,,,,,,,,,,,,,,,,358,,,
358,1528.4749,0.0828,144,80,14,5173,,Ab5,,,,,,,,gut_n333_1Ab5t_0,5173,,gutim,333,
358,1528.5621,0.0828,144,89,14,5174,,F6,,,,,,,,gut_n333_1F6t_0,5174,,gutim,333,
358,1528.6493,0.0828,144,80,14,5175,,Ab5,,,,,,,,gut_n333_1Ab5t_1,5175,,gutim,333,
358,1528.7365,0.0828,144,84,14,5176,,C6,,,,,,,,gut_n333_1C6t,5176,,gutim,333,
358,1528.8237000000001,0.0828,144,80,15,5177,,Ab5,,,,,,,,gut_n333_1Ab5t_2,5177,,gutim,333,
358,1528.9109,0.1237,144,101,15,5178,,F7,,,,,,,,gut_n333_1F7t_0,5178,,gutim,333,
358,1529.0411000000001,0.1237,144,96,15,5179,,C7,,,,,,,,gut_n333_1C7t,5179,,gutim,333,
358,1529.1713,0.0828,144,78,15,5180,,Gb5,,,,,,,,gut_n333_1Gb5t_0,5180,,gutim,333,
358,1529.2585000000001,0.1656,144,101,15,5181,,F7,,,,,,,,gut_n333_1F7t_1,5181,,gutim,333,
358,1529.4328,0.1237,144,78,16,5182,,Gb5,,,,,,,,gut_n333_1Gb5t_1,5182,,gutim,333,
358,1529.563,0.1237,144,100,16,5183,,E7,,,,,,,,gut_n333_1E7t_0,5183,,gutim,333,
358,1529.6932,0.0828,144,89,16,5184,,F6,,,,,,,,gut_n333_1F6t_1,5184,,gutim,333,
358,1529.7804,0.0828,144,72,16,5185,,C5,,,,,,,,gut_n333_1C5t,5185,,gutim,333,
358,1529.8676,0.1237,144,66,17,5186,,Gb4,,,,,,,,gut_n333_1Gb4t,5186,,gutim,333,
358,1529.9978,0.1237,144,100,17,5187,,E7,,,,,,,,gut_n333_1E7t_1,5187,,gutim,333,
358,1530.1280000000002,0.0817,144,88,17,5188,,E6,,,,,,,,gut_n333_1E6t,5188,,gutim,333,
,,,,,,,6022,,,,,,,,,,,,gutim,,
,,,,,,,,,,,,,,,,,,359,,,
359,1532.8228000000001,0.0712,144,66,8,5189,,Gb4,g,,,d,,,,gut_ng334_6Gb4e,5189,,gutim,334,
359,1532.8978,0.0712,144,72,17,5190,,C5,g,,,d,,,,gut_ng334_1C5e,5190,,gutim,334,
359,1532.8978,0.0712,144,65,8,5190,,F4,g,,,d,,,,gut_ng334_6F4e,5190,,gutim,334,
359,1532.9728,1.5336,144,88,17,5191,,E6,,,,d,,,,gut_n334_1E6q,5191,,gutim,334,
359,1532.9728,4.1207,144,44,11,5191,,G#2,,,,d,,,,gut_n334_6Gs2w,5191,,gutim,334,
359,1532.9728,4.1207,144,47,11,5191,,B2,,,,d,,,,gut_n334_6B2w,5191,,gutim,334,
359,1534.5871,0.2569,144,88,17,5192,,E6,,,,,,,,gut_n334_1E6s,5192,,gutim,334,
359,1534.8576,1.8095,144,68,14,5193,,G#4,,,,,,,,gut_n334_1Gs4s,5193,,gutim,334,
359,1535.1285,0.0859,144,31,5,5194,,G1,,,,d,,,,gut_n334_5G1t_0,5194,,gutim,334,
359,1535.2189,0.0859,144,41,5,5195,,F2,,,,D,,,,gut_n334_5F2t,5195,,gutim,334,
359,1535.3093000000001,0.086,144,31,5,5196,,G1,,,,,,,,gut_n334_5G1t_1,5196,,gutim,334,
359,1535.3998000000001,0.172,144,41,5,5197,,F2,,,,,,,,gut_n334_5F2s,5197,,gutim,334,
359,1535.5809000000002,0.6035,144,21,5,5198,,A0,,,,,,,,gut_n334_5A0t,5198,,gutim,334,
359,1536.7624,0.065,144,94,17,5199,,Bb6,,e,,,,,,gut_n334_1Bb6x,5199,,gutim,334,
359,1536.8308,0.065,144,77,16,5200,,F5,,e,,,,,,gut_n334_1F5x,5200,,gutim,334,
359,1536.8992,0.065,144,106,16,5201,,Bb7,,e,,,,,,gut_n334_1Bb7x,5201,,gutim,334,
359,1536.9677000000001,0.0651,144,84,15,5202,,C6,,e,,,,,,gut_n334_1C6x,5202,,gutim,334,
359,1537.0361,0.2605,144,89,14,5203,,F6,,E,6023,,,,,gut_n334_1F6s,5203,,gutim,334,
,,,,,,,,,,,,,,,,,,360,,,
360,1537.3103,0.2609,144,106,12,5204,,Bb7,,,,,,,,gut_n335_1Bb7s_0,5204,,gutim,335,
360,1537.3103,1.7669,144,62,8,5204,,D4,,,,,,,,gut_n335_5D4h,5204,,gutim,335,
360,1537.3103,0.4173,144,72,5,5204,,C5,,,,,,,,gut_n335_6C5e_0,5204,,gutim,335,
360,1537.5849,0.1306,144,84,9,5205,,C6,,,,,,,,gut_n335_1C6t,5205,,gutim,335,
360,1537.7224,0.2615,144,106,8,5206,,Bb7,,,,,,,,gut_n335_1Bb7s_1,5206,,gutim,335,
360,1537.7496,0.3133,144,56,5,5207,,Ab3,,,,d,,,,gut_n335_6Ab3s,5207,,gutim,335,
360,1537.9976000000001,0.393,144,100,5,5208,,E7,,,,d,,,,gut_n335_1E7s_0,5208,,gutim,335,
360,1538.0794,0.105,144,72,5,5209,,C5,,,,d,,,,gut_n335_6C5t_0,5209,,gutim,335,
360,1538.1899,0.4207,144,76,5,5210,,E5,,,,d,,,,gut_n335_6E5s_0,5210,,gutim,335,
360,1538.6328,0.1053,144,72,5,5211,,C5,,,,d,,,,gut_n335_6C5t_1,5211,,gutim,335,
360,1538.7437,0.1054,144,76,5,5212,,E5,,,,d,,,,gut_n335_6E5t_0,5212,,gutim,335,
360,1538.8258,0.1315,144,80,5,5213,,G#5,,,,d,,,,gut_n335_1Gs5t,5213,,gutim,335,
360,1538.8547,0.6324,144,62,5,5214,,D4,,,,d,,,,gut_n335_6D4e_0,5214,,gutim,335,
360,1538.9642000000001,0.2633,144,100,5,5215,,E7,,,,d,,,,gut_n335_1E7s_1,5215,,gutim,335,
360,1539.2414,0.2637,144,80,5,5216,,G#5,,,,d,,,,gut_n335_1Gs5s_0,5216,,gutim,335,
360,1539.5189,0.132,144,62,11,5217,,D4,,,,D,,,,gut_n335_1D4t,5217,,gutim,335,
360,1539.6579000000002,0.3966,144,82,14,5218,,Bb5,,,,,,,,gut_n335_1Bb5s,5218,,gutim,335,
360,1539.7419,0.106,144,72,5,5219,,C5,,,,,,,,gut_n335_6C5t_2,5219,,gutim,335,
360,1539.8535,0.1061,144,76,5,5220,,E5,,,,,,,,gut_n335_6E5t_1,5220,,gutim,335,
360,1539.9651000000001,0.6364,144,62,4,5221,,D4,,,,,,,,gut_n335_6D4e_1,5221,,gutim,335,
360,1540.3542,0.2234,144,80,3,5222,,G#5,,,,,,,,gut_n335_1Gs5s_1,5222,,gutim,335,
360,1540.6335000000001,0.8972,144,80,3,5223,,G#5,,,,,,,,gut_n335_1Gs5q,5223,,gutim,335,
360,1540.635,0.4251,144,72,3,5223,,C5,,,,,,,,gut_n335_6C5e_1,5223,,gutim,335,
360,1541.0824,0.1068,144,76,1,5224,,E5,,,,,,,,gut_n335_6E5t_2,5224,,gutim,335,
360,1541.1948,0.5322,144,62,1,5225,,D4,,,,,,,,gut_n335_6D4t,5225,,gutim,335,
,,,,,,,,,,,,,,,,,,361,,,
361,1541.755,0.0598,144,48,5,5226,,C3,,,,d,,,,gut_n336_1C3x,5226,,gutim,336,
361,1541.755,2.7256,144,44,5,5226,,Ab2,,,,d,,,,gut_n336_5Ab2h,5226,,gutim,336,
361,1541.755,1.3564,144,37,20,5226,,Db2,,,,d,,,,gut_n336_6Db2q_0,5226,,gutim,336,
361,1541.818,0.0599,144,106,5,5227,,Bb7,,,,,,,,gut_n336_1Bb7x,5227,,gutim,336,
361,1541.881,0.0599,144,100,6,5228,,E7,,,,,,,,gut_n336_1E7x_0,5228,,gutim,336,
361,1541.9441,0.0599,144,89,6,5229,,F6,,,,,,,,gut_n336_1F6x,5229,,gutim,336,
361,1542.0071,0.0599,144,100,7,5230,,E7,,,,,,,,gut_n336_1E7x_1,5230,,gutim,336,
361,1542.0702,0.06,144,68,8,5231,,Ab4,,,,,,,,gut_n336_1Ab4x,5231,,gutim,336,
361,1542.1333,0.06,144,94,8,5232,,Bb6,,,,,,,,gut_n336_1Bb6x_0,5232,,gutim,336,
361,1542.1965,0.06,144,72,8,5233,,C5,,,,,,,,gut_n336_1C5x,5233,,gutim,336,
361,1542.2596,0.06,144,94,9,5234,,Bb6,,,,,,,,gut_n336_1Bb6x_1,5234,,gutim,336,
361,1542.3228000000001,0.1788,144,88,10,5235,,E6,,,,,,,,gut_n336_1E6s,5235,,gutim,336,
361,1542.511,0.179,144,56,11,5236,,Ab3,,,,d,,,,gut_n336_1Ab3s,5236,,gutim,336,
361,1542.6994,0.175,144,77,11,5237,,F5,,,,d,,,,gut_n336_1F5s,5237,,gutim,336,
361,1543.4505000000001,1.3693,144,27,11,5238,,Eb1,,,,d,,,,gut_n336_6Eb1q,5238,,gutim,336,
361,1543.4505000000001,1.3693,144,37,11,5238,,Db2,,,,D,6023,,,gut_n336_6Db2q_1,5238,,gutim,336,
,,,,,,,6023,,,,,,,,,,,,gutim,,
361,1546.1622,0.0712,144,62,11,5239,,D4,g,,,d,,,,gut_ng336_1D4e,5239,,gutim,336,
361,1546.2372,0.0712,144,70,11,5240,,Bb4,g,,,d,,,,gut_ng336_1Bb4e,5240,,gutim,336,
,,,,,,,,,,,,,,,,,,362,,,
362,1546.3122,0.926,144,23,11,5241,,B0,,,,d,,t,,gut_n337_5B0q,5241,,gutim,337,
362,1546.3122,0.0577,144,27,20,5241,,Eb1,,,,d,,,,gut_n337_6Eb1t,5241,,gutim,337,
362,1546.3122,0.1154,144,37,20,5241,,Db2,,,,d,,,,gut_n337_6Db2t,5241,,gutim,337,
362,1546.4084,0.1829,144,36,5,5242,,C2,,,,d,,,,gut_n337_1C2s_0,5242,,gutim,337,
362,1546.6009000000001,0.0915,144,64,7,5243,,E4,,,,,,,,gut_n337_1E4t,5243,,gutim,337,
362,1546.6009000000001,0.2313,144,27,11,5243,,Eb1,,,,D,,,,gut_n337_6Eb1s,5243,,gutim,337,
362,1546.6972,0.1832,144,36,8,5244,,C2,,,,,,,,gut_n337_1C2s_1,5244,,gutim,337,
362,1546.8901,0.1834,144,70,10,5245,,Bb4,,,,,,,,gut_n337_1Bb4s,5245,,gutim,337,
362,1547.0831,0.0918,144,53,11,5246,,F3,,,,,,,,gut_n337_1F3t_0,5246,,gutim,337,
362,1547.1797000000001,0.0918,144,70,12,5247,,Bb4,,,,,,,,gut_n337_1Bb4t,5247,,gutim,337,
362,1547.2763,0.1838,144,53,13,5248,,F3,,,,,,,,gut_n337_1F3s,5248,,gutim,337,
362,1547.4698,0.184,144,58,15,5249,,Bb3,,,,,,,,gut_n337_1Bb3s,5249,,gutim,337,
362,1547.4698,0.1106,144,23,11,5249,,B0,,,,,,t,,gut_n337_5B0t_0,5249,,gutim,337,
362,1547.5832,0.1107,144,26,15,5250,,D1,,,,,,,,gut_n337_5D1t_0,5250,,gutim,337,
362,1547.6634000000001,0.0921,144,53,17,5251,,F3,,,,d,,,,gut_n337_1F3t_1,5251,,gutim,337,
362,1547.6997000000001,0.1108,144,30,20,5252,,F#1,,,,d,,,,gut_n337_5Fs1t_0,5252,,gutim,337,
362,1547.7603000000001,0.0921,144,44,17,5253,,Ab2,,,,d,,,,gut_n337_1Ab2t,5253,,gutim,337,
362,1547.8164000000002,0.1109,144,23,11,5254,,B0,,,,d,,,,gut_n337_5B0t_1,5254,,gutim,337,
362,1547.8573000000001,0.778,144,48,17,5255,,C3,,,,,,,,gut_n337_1C3q,5255,,gutim,337,
362,1547.9331,0.1124,144,26,8,5256,,D1,,,,,,,,gut_n337_5D1t_1,5256,,gutim,337,
362,1548.6348,0.9381,144,70,22,5257,,Bb4,,,,d,,t,,gut_n337_2Bb4q,5257,,gutim,337,
362,1548.8297,0.4688,144,48,17,5258,,C3,,,,,,,,gut_n337_1C3e,5258,,gutim,337,
362,1549.2202,0.1117,144,23,20,5259,,B0,,,,,,,,gut_n337_5B0t_2,5259,,gutim,337,
362,1549.3378,0.1118,144,26,17,5260,,D1,,,,,,,,gut_n337_5D1t_2,5260,,gutim,337,
362,1549.4157,0.3134,144,82,17,5261,,Bb5,,,,,,,,gut_n337_1Bb5e,5261,,gutim,337,
362,1549.4555,0.1119,144,30,14,5262,,F#1,,,,,,,,gut_n337_5Fs1t_1,5262,,gutim,337,
362,1549.5732,0.1119,144,23,11,5263,,B0,,,,,,,,gut_n337_5B0t_3,5263,,gutim,337,
362,1549.6911,0.112,144,26,8,5264,,D1,,,,d,,,,gut_n337_5D1t_3,5264,,gutim,337,
362,1549.8075000000001,0.9443,144,76,17,5265,,E5,,,,,,,,gut_n337_1E5t,5265,,gutim,337,
362,1549.8075000000001,0.1177,144,82,17,5265,,Bb5,,,,,,,,gut_n337_1Bb5t,5265,,gutim,337,
362,1549.8075000000001,0.1177,144,48,8,5265,,C3,,,,d,,T,6024,gut_n337_2C3t,5265,,gutim,337,
362,1549.9071000000001,0.0932,144,44,8,5266,,Ab2,,,,,,,,gut_n337_5Ab2t,5266,,gutim,337,
362,1550.0052,0.0918,144,53,8,5267,,F3,,,,,,,,gut_n337_5F3t,5267,,gutim,337,
362,1550.1018000000001,0.07,144,32,8,5268,,Ab1,,,,,,,,gut_n337_5Ab1x,5268,,gutim,337,
362,1550.1755,0.07,144,76,8,5269,,E5,,,,,,,,gut_n337_5E5x,5269,,gutim,337,
362,1550.2492,0.1401,144,32,8,5270,,Ab1,,,,,,,,gut_n337_5Ab1t,5270,,gutim,337,
362,1550.8398,0.1184,144,27,8,5271,,Eb1,,,,d,,,,gut_n337_2Eb1t,5271,,gutim,337,
,,,,,,,,,,,,,,,,,,363,,,
363,1550.9878,0.1407,144,70,5,5272,,Bb4,,,,d,,,,gut_n338_2Bb4t,5272,,gutim,338,
363,1550.9878,0.237,144,27,24,5272,,Eb1,,,,d,,,,gut_n338_6Eb1s,5272,,gutim,338,
363,1550.9878,1.4281,144,58,24,5272,,Bb3,,,,d,,,,gut_n338_6Bb3s,5272,,gutim,338,
363,1551.1359,0.1408,144,53,5,5273,,F3,,,,D,,,,gut_n338_2F3t,5273,,gutim,338,
363,1551.3559,0.06,144,97,5,5274,,Db7,g,,,,,,,gut_ng338_1Db7e,5274,,gutim,338,
363,1551.3559,0.06,144,35,5,5274,,B1,g,,,,,,,gut_ng338_5B1e,5274,,gutim,338,
363,1551.4309,0.06,144,96,5,5275,,C7,g,,,,,,,gut_ng338_1C7e,5275,,gutim,338,
363,1551.4309,0.06,144,42,8,5275,,Gb2,g,,,,,,,gut_ng338_5Gb2e,5275,,gutim,338,
363,1551.5059,0.06,144,91,5,5276,,G6,g,,,,,,,gut_ng338_1G6e,5276,,gutim,338,
363,1551.5059,0.06,144,41,11,5276,,F2,g,,,,,,,gut_ng338_5F2e,5276,,gutim,338,
363,1551.5809000000002,0.2824,144,100,5,5277,,E7,,,,,,,,gut_n338_1E7s_0,5277,,gutim,338,
363,1551.5809000000002,0.1132,144,93,5,5277,,A6,,,,,,,,gut_n338_2A6t,5277,,gutim,338,
363,1551.5809000000002,0.2824,144,38,14,5277,,D2,,,,,,,,gut_n338_5D2s,5277,,gutim,338,
363,1551.7,0.1133,144,101,5,5278,,F7,,,,,,,,gut_n338_2F7t,5278,,gutim,338,
363,1551.8193,0.0751,144,97,5,5279,,C#7,,e,,d,,,,gut_n338_2Cs7t_0,5279,,gutim,338,
363,1551.8781000000001,0.4245,144,92,5,5280,,G#6,,,,,,,,gut_n338_1Gs6s,5280,,gutim,338,
363,1551.8781000000001,0.4245,144,46,14,5280,,Bb2,,,,,,,,gut_n338_5Bb2s,5280,,gutim,338,
363,1551.8921,0.0751,144,100,5,5281,,E7,,e,,d,,,,gut_n338_2E7t,5281,,gutim,338,
363,1551.9711,0.0751,144,97,5,5282,,C#7,,e,,d,,,,gut_n338_2Cs7t_1,5282,,gutim,338,
363,1552.0502000000001,0.1194,144,94,5,5283,,A#6,,e,,d,,,,gut_n338_2As6t,5283,,gutim,338,
363,1552.325,0.0945,144,91,5,5284,,G6,,e,,d,,,,gut_n338_1G6t_0,5284,,gutim,338,
363,1552.325,0.1417,144,35,5,5284,,B1,,,,,,,,gut_n338_5B1t_0,5284,,gutim,338,
363,1552.4244,0.0945,144,97,5,5285,,C#7,,e,,d,,,,gut_n338_1Cs7t_0,5285,,gutim,338,
363,1552.4742,0.1418,144,42,5,5286,,Gb2,,,,,,,,gut_n338_5Gb2t_0,5286,,gutim,338,
363,1552.5239000000001,0.0946,144,91,5,5287,,G6,,e,,d,,,,gut_n338_1G6t_1,5287,,gutim,338,
363,1552.6235000000001,0.142,144,97,5,5288,,C#7,,E,,d,,,,gut_n338_1Cs7t_1,5288,,gutim,338,
363,1552.6235000000001,0.0946,144,35,5,5288,,B1,,,,,,,,gut_n338_5B1t_1,5288,,gutim,338,
363,1552.7231000000002,0.0947,144,42,5,5289,,Gb2,,,,,,,,gut_n338_5Gb2t_1,5289,,gutim,338,
363,1552.7729,0.1421,144,91,5,5290,,G6,,,,,,,,gut_n338_1G6t_2,5290,,gutim,338,
363,1552.7729,0.4792,144,93,5,5290,,A6,,,,,,,,gut_n338_6A6e,5290,,gutim,338,
363,1552.8228000000001,0.0947,144,35,5,5291,,B1,,,,,,,,gut_n338_5B1t_2,5291,,gutim,338,
363,1552.9225000000001,0.1422,144,97,5,5292,,C#7,,,,,,,,gut_n338_1Cs7t_2,5292,,gutim,338,
363,1552.9225000000001,0.0711,144,41,5,5292,,F2,,,,,,,,gut_n338_5F2x,5292,,gutim,338,
363,1552.9973,0.0711,144,38,5,5293,,D2,,,,,,,,gut_n338_5D2x,5293,,gutim,338,
363,1553.0722,0.2848,144,100,5,5294,,E7,,,,,,,,gut_n338_1E7s_1,5294,,gutim,338,
363,1553.0722,0.0949,144,46,5,5294,,Bb2,,e,,d,,,,gut_n338_5Bb2t_1,5294,,gutim,338,
363,1553.172,0.0949,144,38,5,5295,,D2,,e,,d,,,,gut_n338_5D2t,5295,,gutim,338,
363,1553.272,0.095,144,46,5,5296,,Bb2,,e,,d,,,,gut_n338_5Bb2t_2,5296,,gutim,338,
363,1553.3719,3.84,144,53,5,5297,,F3,,E,6024,D,6024,,,gut_n338_5F3h,5297,,gutim,338,
,,,,,,,6024,,,,,,,,,,,,gutim,,
,,,,,,,,,,,,,,,,,,364,,,
364,1560.1719,0.16,144,35,22,5298,,B1,,,,d,,,,gut_n339_5B1e,5298,,gutim,339,
364,1560.1719,0.32,144,38,22,5298,,D2,,,,d,,,,gut_n339_5D2e,5298,,gutim,339,
364,1560.1719,0.32,144,41,22,5298,,F2,,,,d,,,,gut_n339_5F2e,5298,,gutim,339,
364,1560.1719,0.32,144,42,22,5298,,Gb2,,,,d,,,,gut_n339_5Gb2e,5298,,gutim,339,
364,1560.1719,0.32,144,46,22,5298,,Bb2,,,,d,,,,gut_n339_5Bb2e,5298,,gutim,339,
,,,,,,,,,,,,,,,,,,365,,,
365,1560.5719000000001,0.1143,144,88,5,5299,,E6,,,,d,,,,gut_n340_1E6t,5299,,gutim,340,
365,1560.5719000000001,2.88,144,39,11,5299,,Eb2,,,,d,,,,gut_n340_5Eb2h,5299,,gutim,340,
365,1560.6922,0.1143,144,69,5,5300,,A4,,,,d,,,,gut_n340_1A4t_0,5300,,gutim,340,
365,1560.8126,0.1143,144,82,6,5301,,Bb5,,,,D,,,,gut_n340_1Bb5t,5301,,gutim,340,
365,1560.9329,0.0757,144,89,6,5302,,F6,,,,,,,,gut_n340_1F6t_0,5302,,gutim,340,
365,1561.0126,0.0757,144,69,7,5303,,A4,,,,,,,,gut_n340_1A4t_1,5303,,gutim,340,
365,1561.0922,0.0757,144,89,7,5304,,F6,,,,,,,,gut_n340_1F6t_1,5304,,gutim,340,
365,1561.1719,0.1143,144,76,7,5305,,E5,,e,,,,,,gut_n340_1E5t,5305,,gutim,340,
365,1561.2922,0.1143,144,57,8,5306,,A3,,e,,,,,,gut_n340_1A3t,5306,,gutim,340,
365,1561.4126,0.1143,144,70,8,5307,,Bb4,,e,,,,,,gut_n340_1Bb4t,5307,,gutim,340,
365,1561.5329000000002,0.1143,144,89,9,5308,,F6,,e,,,,,,gut_n340_1F6t_2,5308,,gutim,340,
365,1561.6532,0.1128,144,73,9,5309,,Db5,,E,,,,,,gut_n340_1Db5t,5309,,gutim,340,
365,1564.9719,0.2,144,35,8,5310,,B1,,,,,,,,gut_n340_5B1e,5310,,gutim,340,
365,1564.9719,0.32,144,38,8,5310,,D2,,,,,,,,gut_n340_5D2e,5310,,gutim,340,
365,1564.9719,0.32,144,41,8,5310,,F2,,,,,,,,gut_n340_5F2e,5310,,gutim,340,
365,1564.9719,0.32,144,42,8,5310,,Gb2,,,,,,,,gut_n340_5Gb2e,5310,,gutim,340,
365,1564.9719,0.32,144,46,8,5310,,Bb2,,,,,,,,gut_n340_5Bb2e,5310,,gutim,340,
,,,,,,,,,,,,,,,,,,366,,,
366,1565.3719,0.0712,144,82,8,5311,,Bb5,g,e,,,,,,gut_ng341_1Bb5e,5311,,gutim,341,
366,1565.4469000000001,0.0712,144,48,9,5312,,C3,g,e,,,,,,gut_ng341_1C3e,5312,,gutim,341,
366,1565.5219,0.0712,144,94,11,5313,,Bb6,g,e,,,,,,gut_ng341_1Bb6e,5313,,gutim,341,
366,1565.5969,0.0712,144,36,12,5314,,C2,g,e,,,,,,gut_ng341_1C2e,5314,,gutim,341,
366,1565.6719,0.0712,144,64,13,5315,,E4,g,e,,,,,,gut_ng341_1E4e,5315,,gutim,341,
366,1565.7469,0.0712,144,53,14,5316,,F3,g,e,,,,,,gut_ng341_1F3e_0,5316,,gutim,341,
366,1565.8219000000001,0.0712,144,76,16,5317,,E5,g,e,,,,,,gut_ng341_1E5e_0,5317,,gutim,341,
366,1565.8969,0.0712,144,53,17,5318,,F3,g,e,,,,,,gut_ng341_1F3e_1,5318,,gutim,341,
366,1565.9719,0.0712,144,76,18,5319,,E5,g,e,,,,,,gut_ng341_1E5e_1,5319,,gutim,341,
366,1566.0469,0.0712,144,53,19,5320,,F3,g,e,,,,,,gut_ng341_1F3e_2,5320,,gutim,341,
366,1566.1219,0.0712,144,32,21,5321,,Ab1,g,E,,,,,,gut_ng341_1Ab1e,5321,,gutim,341,
366,1566.1969000000001,6.27,144,36,22,5322,,C2,,,,,,,,gut_n341_6C2e,5322,,gutim,341,
,,,,,,,,,,,,,,,,,,367,,,
367,1570.3969,6.72,144,48,11,5323,,C3,,,,,,,,gut_n342_5C3w,5323,,gutim,342,
367,1570.6969000000001,1.68,144,88,8,5324,,E6,,,,,,,,gut_n342_1E6q,5324,,gutim,342,
367,1572.7969,2.64,144,94,22,5325,,Bb6,,,,d,,,,gut_n342_2Bb6q_0,5325,,gutim,342,
367,1572.7969,5.13,144,30,8,5325,,F#1,,,,d,,,,gut_n342_6Fs1e_0,5325,,gutim,342,
367,1572.7969,0.57,144,36,8,5325,,C2,,,,d,,,,gut_n342_6C2e,5325,,gutim,342,
367,1573.3969,4.32,144,78,11,5326,,Gb5,,,,D,6025,,,gut_n342_1Gb5e,5326,,gutim,342,
367,1573.3969,4.56,144,35,8,5326,,B1,,,,,,,,gut_n342_6B1e_0,5326,,gutim,342,
367,1576.0969,1.68,144,53,5,5327,,F3,,,,,,,,gut_n342_2F3s,5327,,gutim,342,
367,1578.1969000000001,0.96,144,53,5,5328,,F3,,,,,,,,gut_n342_2F3e_0,5328,,gutim,342,
367,1578.1969000000001,0.96,144,30,5,5328,,F#1,,,,,,,,gut_n342_6Fs1e_2,5328,,gutim,342,
367,1578.1969000000001,0.96,144,35,5,5328,,B1,,,,,,,,gut_n342_6B1e_1,5328,,gutim,342,
367,1578.7969,0.96,144,23,8,5329,,B0,,,,,,,,gut_n342_5B0e_0,5329,,gutim,342,
367,1579.3969,0.19,144,62,8,5330,,D4,,,,,,,,gut_n342_1D4t,5330,,gutim,342,
367,1579.5938,0.19,144,77,7,5331,,F5,,,,,,,,gut_n342_1F5t_0,5331,,gutim,342,
367,1579.7938000000001,0.1262,144,94,7,5332,,Bb6,,e,,,,,,gut_n342_1Bb6t_0,5332,,gutim,342,
367,1579.9266,0.1262,144,77,6,5333,,F5,,e,,,,,,gut_n342_1F5t_1,5333,,gutim,342,
367,1580.0626,0.1262,144,94,6,5334,,Bb6,,e,,,,,,gut_n342_1Bb6t_1,5334,,gutim,342,
367,1580.1954,0.1262,144,74,5,5335,,D5,,e,,,,,,gut_n342_1D5t,5335,,gutim,342,
367,1580.3282000000002,0.0846,144,94,5,5336,,Bb6,,E,6025,,,,,gut_n342_1Bb6t_2,5336,,gutim,342,
367,1580.4172,0.0846,144,89,4,5337,,F6,,,,,,,,gut_n342_1F6t,5337,,gutim,342,
367,1580.5063,0.0846,144,106,4,5338,,Bb7,,,,,,,,gut_n342_1Bb7t,5338,,gutim,342,
,,,,,,,6025a,,,,,,,,,,,,gutim,,
,,,,,,,,,,,,,,,,,,368,,,
368,1588.1797000000001,0.1034,144,76,22,5339,,E5,,,,d,,,,gut_n343_1E5t,5339,,gutim,343,
368,1588.309,0.1034,144,32,22,5340,,G#1,,,,,,,,gut_n343_1Gs1t,5340,,gutim,343,
368,1588.409,0.06,144,35,14,5341,,B1,g,,,,,,,gut_ng343_1B1e,5341,,gutim,343,
368,1588.4840000000002,0.06,144,66,15,5342,,F#4,g,,,,,,,gut_ng343_1Fs4e,5342,,gutim,343,
368,1588.559,4.9655,144,76,20,5343,,E5,,,,,,,,gut_n343_1E5h,5343,,gutim,343,
368,1588.559,4.9655,144,62,17,5343,,D4,,,,,,,,gut_n343_2D4h,5343,,gutim,343,
368,1588.559,4.9655,144,66,17,5343,,F#4,,,,,,,,gut_n343_2Fs4h,5343,,gutim,343,
368,1588.559,4.9655,144,31,20,5343,,G1,,,,d,,,,gut_n343_5G1h,5343,,gutim,343,
368,1588.559,4.9655,144,35,14,5343,,B1,,,,d,,,,gut_n343_6B1h,5343,,gutim,343,
,,,,,,,,,,,,,,,,,,369,,,
369,1595.6711,0.1034,144,76,11,5344,,E5,,,,d,,,,gut_n344_1E5t,5344,,gutim,344,
369,1595.6711,0.1034,144,35,20,5344,,B1,,,,,,,,gut_n344_5B1t,5344,,gutim,344,
369,1595.6711,0.1034,144,62,20,5344,,D4,,,,,,,,gut_n344_5D4t,5344,,gutim,344,
369,1595.6711,0.1034,144,66,20,5344,,F#4,,,,,,,,gut_n344_5Fs4t,5344,,gutim,344,
369,1595.6711,0.1034,144,32,11,5344,,G#1,,,,d,,,,gut_n344_6Gs1t,5344,,gutim,344,
369,1595.8004,0.1379,144,102,24,5345,,F#7,,,,d,,,,gut_n344_1Fs7s,5345,,gutim,344,
369,1595.9728,0.2759,144,62,17,5346,,D4,,,,d,,,,gut_n344_1D4e_0,5346,,gutim,344,
369,1595.9728,0.2759,144,66,17,5346,,F#4,,,,d,,,,gut_n344_1Fs4e_0,5346,,gutim,344,
369,1595.9728,0.2759,144,76,8,5346,,E5,,,,d,,,,gut_n344_1E5e,5346,,gutim,344,
369,1595.9728,0.2759,144,32,17,5346,,G#1,,,,d,,,,gut_n344_5Gs1e_0,5346,,gutim,344,
369,1595.9728,0.2759,144,35,17,5346,,B1,,,,d,,,,gut_n344_5B1e_0,5346,,gutim,344,
369,1595.9728,0.6897,144,27,24,5346,,D#1,,,,d,,,,gut_n344_6Ds1e_0,5346,,gutim,344,
369,1596.3176,0.4138,144,62,11,5347,,D4,,,,d,,,,gut_n344_1D4e_1,5347,,gutim,344,
369,1596.3176,0.4138,144,66,11,5347,,F#4,,,,D,,,,gut_n344_1Fs4e_1,5347,,gutim,344,
369,1596.3176,0.4138,144,32,17,5347,,G#1,,,,,,,,gut_n344_5Gs1e_1,5347,,gutim,344,
369,1596.3176,0.4138,144,35,17,5347,,B1,,,,,,,,gut_n344_5B1e_1,5347,,gutim,344,
,,,,,,,6025b,,,,,,,,,,,,gutim,,
369,1596.8349,2.4828,144,32,5,5348,,G#1,,,,d,,,,gut_n344_5Gs1h,5348,,gutim,344,
369,1596.8349,2.4828,144,35,5,5348,,B1,,,,d,,,,gut_n344_5B1h,5348,,gutim,344,
369,1596.8349,2.4828,144,27,11,5348,,D#1,,,,d,,,,gut_n344_6Ds1h,5348,,gutim,344,
,,,,,,,,,,,,,,,,,,370,,,
370,1600.7142000000001,0.1034,144,60,11,5349,,C4,,,,d,,,,gut_n345_5C4t,5349,,gutim,345,
370,1600.8004,0.1379,144,102,8,5350,,F#7,,,,d,,,,gut_n345_1Fs7s,5350,,gutim,345,
370,1600.8435,0.1034,144,64,14,5351,,E4,,,,,,,,gut_n345_5E4t,5351,,gutim,345,
370,1600.9728,0.4138,144,27,8,5352,,D#1,,,,d,,,,gut_n345_1Ds1e,5352,,gutim,345,
370,1600.9728,0.4138,144,58,8,5352,,A#3,,,,d,,,,gut_n345_1As3e,5352,,gutim,345,
370,1600.9728,1.2414,144,32,5,5352,,G#1,,,,d,,,,gut_n345_2Gs1q,5352,,gutim,345,
370,1600.9728,1.2414,144,35,5,5352,,B1,,,,d,,,,gut_n345_2B1q,5352,,gutim,345,
370,1600.9728,0.2069,144,33,17,5352,,A1,,,,d,,,,gut_n345_5A1s,5352,,gutim,345,
370,1601.2314000000001,1.0345,144,33,11,5353,,A1,,,,d,,,,gut_n345_5A1e_0,5353,,gutim,345,
370,1601.2314000000001,1.0345,144,50,11,5353,,D3,,,,d,,,,gut_n345_5D3e_0,5353,,gutim,345,
370,1601.49,0.1638,144,50,22,5354,,D3,,,,d,,,,gut_n345_1D3s,5354,,gutim,345,
370,1601.6624,0.3276,144,100,22,5355,,E7,,,,d,,,,gut_n345_1E7e,5355,,gutim,345,
370,1602.5245,0.9914,144,21,5,5356,,A0,,e,,D,,,,gut_n345_5A0t_0,5356,,gutim,345,
370,1602.6107,0.9095,144,32,6,5357,,G#1,,e,,,,,,gut_n345_5Gs1t_0,5357,,gutim,345,
370,1602.6969000000001,0.8276,144,38,6,5358,,D2,,e,,,,,,gut_n345_5D2t_0,5358,,gutim,345,
370,1602.7831,0.7457,144,45,7,5359,,A2,,e,,,,,,gut_n345_5A2t,5359,,gutim,345,
370,1602.8693,0.6638,144,48,8,5360,,C3,,E,,,,,,gut_n345_5C3s,5360,,gutim,345,
370,1603.5681,0.0851,144,21,8,5361,,A0,,,,d,,,,gut_n345_5A0t_4,5361,,gutim,345,
370,1603.6577,0.0856,144,32,9,5362,,G#1,,,,,,,,gut_n345_5Gs1t_3,5362,,gutim,345,
370,1603.7478,0.0861,144,38,11,5363,,D2,,,,,,,,gut_n345_5D2t_2,5363,,gutim,345,
370,1603.8384,0.0514,144,52,12,5364,,E3,,e,,,,,,gut_n345_5E3x_0,5364,,gutim,345,
370,1603.8925000000002,0.0516,144,32,13,5365,,G#1,,e,,,,,,gut_n345_5Gs1x_0,5365,,gutim,345,
370,1603.9467,0.0517,144,52,14,5366,,E3,,e,,,,,,gut_n345_5E3x_1,5366,,gutim,345,
370,1604.0012000000002,0.0519,144,32,15,5367,,G#1,,e,,,,,,gut_n345_5Gs1x_1,5367,,gutim,345,
370,1604.0559,0.0549,144,38,16,5368,,D2,,e,,,,,,gut_n345_5D2x_0,5368,,gutim,345,
370,1604.1136000000001,0.1326,144,21,17,5369,,A0,,E,6026,d,,,,gut_n345_5A0t_5,5369,,gutim,345,
370,1604.2532,0.1338,144,38,17,5370,,D2,,,,d,,,,gut_n345_5D2t_3,5370,,gutim,345,
370,1604.394,0.0899,144,52,15,5371,,E3,,,,,,,,gut_n345_5E3t_0,5371,,gutim,345,
370,1604.4887,0.0905,144,48,13,5372,,C3,,,,,,,,gut_n345_5C3t,5372,,gutim,345,
370,1604.5839,0.0911,144,52,11,5373,,E3,,,,,,,,gut_n345_5E3t_1,5373,,gutim,345,
370,1604.6797000000001,0.0687,144,21,10,5374,,A0,,,,,,,,gut_n345_5A0x,5374,,gutim,345,
370,1604.752,0.069,144,32,9,5375,,G#1,,,,,,,,gut_n345_5Gs1x_2,5375,,gutim,345,
370,1604.8247000000001,0.0693,144,38,7,5376,,D2,,,,,,,,gut_n345_5D2x_1,5376,,gutim,345,
370,1604.8977,0.0697,144,48,6,5377,,C3,,,,d,,,,gut_n345_5C3x,5377,,gutim,345,
370,1604.971,0.2822,144,52,5,5378,,E3,,,,D,6026,,,gut_n345_5E3s,5378,,gutim,345,
,,,,,,,6026,,,,,,,,,,,,gutim,,
,,,,,,,,,,,,,,,,,,371,,,
371,1605.2681,0.1228,144,98,8,5379,,D7,,,,,,,,gut_n346_1D7t,5379,,gutim,346,
371,1605.2681,0.1034,144,56,11,5379,,Ab3,,,,,,,,gut_n346_5Ab3t_0,5379,,gutim,346,
371,1605.3974,0.1228,144,66,7,5380,,F#4,,,,,,,,gut_n346_1Fs4t_0,5380,,gutim,346,
371,1605.3974,0.6207,144,60,11,5380,,C4,,,,,,,,gut_n346_5C4e_0,5380,,gutim,346,
371,1605.5267000000001,0.0819,144,71,7,5381,,B4,,,,,,,,gut_n346_1B4t_0,5381,,gutim,346,
371,1605.6129,0.0819,144,72,7,5382,,C5,,,,,,,,gut_n346_1C5t_0,5382,,gutim,346,
371,1605.6991,0.0819,144,71,6,5383,,B4,,,,,,,,gut_n346_1B4t_1,5383,,gutim,346,
371,1605.7853,0.0819,144,86,6,5384,,D6,,,,,,,,gut_n346_1D6t,5384,,gutim,346,
371,1605.8715,0.0819,144,66,5,5385,,F#4,,,,,,,,gut_n346_1Fs4t_1,5385,,gutim,346,
371,1605.9577000000002,0.0653,144,72,5,5386,,C5,,,,,,,,gut_n346_1C5t_1,5386,,gutim,346,
371,1606.0264,0.0653,144,71,5,5387,,B4,,,,,,,,gut_n346_1B4t_2,5387,,gutim,346,
371,1606.0951,0.0653,144,72,5,5388,,C5,,,,,,,,gut_n346_1C5t_2,5388,,gutim,346,
371,1606.1638,0.0653,144,71,4,5389,,B4,,,,,,,,gut_n346_1B4t_3,5389,,gutim,346,
371,1606.1732,0.1034,144,56,5,5390,,Ab3,,,,d,,,,gut_n346_5Ab3t_1,5390,,gutim,346,
371,1606.2325,0.0653,144,72,4,5391,,C5,,,,,,,,gut_n346_1C5t_3,5391,,gutim,346,
371,1606.3025,0.7241,144,60,5,5392,,C4,,,,d,,,,gut_n346_5C4e_1,5392,,gutim,346,
371,1607.037,0.0712,144,42,17,5393,,Gb2,g,e,,d,,,,gut_ng346_1Gb2e,5393,,gutim,346,
371,1607.112,0.0712,144,48,17,5394,,C3,g,e,,,,,,gut_ng346_1C3e,5394,,gutim,346,
371,1607.1870000000001,0.0712,144,44,17,5395,,Ab2,g,e,,,,,,gut_ng346_1Ab2e,5395,,gutim,346,
371,1607.2077000000002,0.1034,144,65,17,5396,,F4,,,,D,,,,gut_n346_5F4t,5396,,gutim,346,
371,1607.262,0.0712,144,77,17,5397,,F5,g,E,,,,,,gut_ng346_1F5e,5397,,gutim,346,
371,1607.337,0.1638,144,72,17,5398,,C5,,,,,,,,gut_n346_1C5s,5398,,gutim,346,
371,1607.5094000000001,0.1379,144,88,17,5399,,E6,,,,,,,,gut_n346_1E6s,5399,,gutim,346,
371,1607.6819,0.1379,144,30,16,5400,,F#1,,,,,,,,gut_n346_1Fs1s,5400,,gutim,346,
371,1608.9560000000001,0.06,144,80,8,5401,,G#5,g,,,,,,,gut_ng346_1Gs5e,5401,,gutim,346,
371,1609.031,0.06,144,69,12,5402,,A4,g,,,,,,,gut_ng346_1A4e,5402,,gutim,346,
371,1609.106,0.06,144,96,17,5403,,C7,g,,,,,,,gut_ng346_1C7e,5403,,gutim,346,
371,1609.181,0.06,144,62,14,5404,,D4,g,,,,,,,gut_ng346_1D4e_0,5404,,gutim,346,
371,1609.256,0.06,144,46,11,5405,,Bb2,g,,,,,,,gut_ng346_1Bb2e,5405,,gutim,346,
371,1609.3310000000001,0.06,144,62,8,5406,,D4,g,,,,,,,gut_ng346_1D4e_1,5406,,gutim,346,
371,1609.3310000000001,0.06,144,53,5,5406,,F3,g,,,,,,,gut_ng346_5F3e,5406,,gutim,346,
371,1609.406,0.5012,144,56,17,5407,,Ab3,,,,d,,,,gut_n346_1Ab3e,5407,,gutim,346,
371,1609.406,0.8615,144,54,5,5407,,Gb3,,,,d,,,,gut_n346_2Gb3q,5407,,gutim,346,
371,1609.406,0.1234,144,44,11,5407,,Ab2,,,,,,,,gut_n346_5Ab2t,5407,,gutim,346,
371,1609.5359,0.083,144,48,10,5408,,C3,,,,,,,,gut_n346_5C3t_0,5408,,gutim,346,
371,1609.6233,0.0835,144,30,10,5409,,Gb1,,,,,,,,gut_n346_5Gb1t,5409,,gutim,346,
371,1609.7112,0.0841,144,48,10,5410,,C3,,,,,,,,gut_n346_5C3t_1,5410,,gutim,346,
371,1609.7997,0.1272,144,76,10,5411,,E5,,,,,,,,gut_n346_5E5t,5411,,gutim,346,
371,1609.9335,0.5218,144,84,20,5412,,C6,,,,,,,,gut_n346_1C6e,5412,,gutim,346,
371,1609.9335,0.1285,144,53,9,5412,,F3,,,,,,,,gut_n346_5F3t_0,5412,,gutim,346,
371,1610.0687,0.2609,144,44,9,5413,,Ab2,,,,,,,,gut_n346_5Ab2s,5413,,gutim,346,
371,1610.3434,0.1325,144,53,8,5414,,F3,,,,,,,,gut_n346_5F3t_1,5414,,gutim,346,
371,1610.4828,0.406,144,48,8,5415,,C3,,,,,,,,gut_n346_5C3s,5415,,gutim,346,
371,1610.9101,0.4194,144,43,7,5416,,G2,,,,,,,,gut_n346_5G2s,5416,,gutim,346,
371,1611.3516,0.2875,144,64,6,5417,,E4,,,,,,,,gut_n346_5E4s,5417,,gutim,346,
371,1611.5793,0.0712,144,63,17,5418,,D#4,g,,,,,,,gut_ng346_1Ds4e,5418,,gutim,346,
371,1611.5793,0.0712,144,32,5,5418,,Ab1,g,,,,,,,gut_ng346_5Ab1e,5418,,gutim,346,
371,1611.6543000000001,1.1877,144,71,17,5419,,B4,,,,,,,,gut_n346_1B4q,5419,,gutim,346,
371,1611.6543000000001,0.0728,144,41,5,5419,,F2,,,,,,,,gut_n346_5F2x,5419,,gutim,346,
371,1611.7309,0.073,144,30,5,5420,,Gb1,,,,,,,,gut_n346_5Gb1x,5420,,gutim,346,
371,1611.8077,0.4419,144,36,5,5421,,C2,,,,,,,,gut_n346_5C2s,5421,,gutim,346,
371,1612.2729,0.6,144,52,5,5422,,E3,,,,,,,,gut_n346_5E3e_0,5422,,gutim,346,
371,1612.9045,0.0759,144,42,11,5423,,F#2,,,,,,,,gut_n346_5Fs2x,5423,,gutim,346,
371,1612.9844,0.0761,144,50,10,5424,,D3,,,,,,,,gut_n346_5D3x_0,5424,,gutim,346,
371,1613.0645,0.0763,144,67,9,5425,,G4,,,,,,,,gut_n346_5G4x_0,5425,,gutim,346,
371,1613.1448,0.0765,144,58,8,5426,,Bb3,,,,,,,,gut_n346_5Bb3x,5426,,gutim,346,
371,1613.2253,0.0767,144,56,7,5427,,Ab3,,,,,,,,gut_n346_5Ab3x,5427,,gutim,346,
371,1613.3061,0.1155,144,50,6,5428,,D3,,,,,,,,gut_n346_5D3x_1,5428,,gutim,346,
371,1613.4276,0.1159,144,67,5,5429,,G4,,,,,,,,gut_n346_5G4x_1,5429,,gutim,346,
371,1613.5497,0.5816,144,30,5,5430,,Gb1,,,,,,,,gut_n346_5Gb1e,5430,,gutim,346,
371,1613.5497,0.4898,144,32,5,5430,,Ab1,,,,,,,,gut_n346_5Ab1e,5430,,gutim,346,
371,1613.5497,0.4898,144,36,5,5430,,C2,,,,,,,,gut_n346_5C2e,5430,,gutim,346,
371,1613.5497,0.4898,144,41,5,5430,,F2,,,,,,,,gut_n346_5F2e,5430,,gutim,346,
371,1613.5497,0.4898,144,52,5,5430,,E3,,,,,,,,gut_n346_5E3e_1,5430,,gutim,346,
,,,,,,,,,,,,,,,,,,372,,,
372,1614.1619,0.0727,144,56,11,5431,,Ab3,,,,d,,,,gut_n347_6Ab3x,5431,,gutim,347,
372,1614.2384,0.0727,144,60,11,5432,,C4,,,,,,,,gut_n347_6C4x,5432,,gutim,347,
372,1614.315,1.0179,144,65,11,5433,,F4,,,,,,,,gut_n347_6F4e,5433,,gutim,347,
372,1614.9364,0.06,144,80,8,5434,,G#5,g,e,,,,,,gut_ng347_1Gs5e_0,5434,,gutim,347,
372,1615.0114,0.06,144,69,10,5435,,A4,g,e,,,,,,gut_ng347_1A4e_0,5435,,gutim,347,
372,1615.0864000000001,0.06,144,80,12,5436,,G#5,g,e,,,,,,gut_ng347_1Gs5e_1,5436,,gutim,347,
372,1615.1614,0.06,144,96,13,5437,,C7,g,e,,,,,,gut_ng347_1C7e_0,5437,,gutim,347,
372,1615.2364,0.06,144,69,15,5438,,A4,g,e,,,,,,gut_ng347_1A4e_1,5438,,gutim,347,
372,1615.3114,0.06,144,96,17,5439,,C7,g,E,,,,,,gut_ng347_1C7e_1,5439,,gutim,347,
372,1615.3114,0.06,144,49,11,5439,,C#3,g,,,d,,,,gut_ng347_2Cs3e,5439,,gutim,347,
372,1615.3864,0.8724,144,74,11,5440,,D5,,,,d,,,,gut_n347_1D5e,5440,,gutim,347,
372,1615.3864,1.1633,144,86,11,5440,,D6,,,,d,,,,gut_n347_2D6q,5440,,gutim,347,
372,1615.3864,0.0969,144,61,22,5440,,Db4,,,,D,,,,gut_n347_5Db4t,5440,,gutim,347,
372,1615.3864,2.3265,144,56,22,5440,,Ab3,,,,,,,,gut_n347_6Ab3h,5440,,gutim,347,
372,1615.4884,0.0969,144,32,21,5441,,Ab1,,,,,,,,gut_n347_5Ab1t,5441,,gutim,347,
372,1615.5905,1.3571,144,27,21,5442,,Eb1,,,,,,,,gut_n347_5Eb1s,5442,,gutim,347,
372,1616.3048000000001,1.7449,144,69,16,5443,,A4,,,,,,,,gut_n347_1A4s,5443,,gutim,347,
372,1617.019,0.0969,144,83,12,5444,,B5,,,,,,,,gut_n347_5B5t,5444,,gutim,347,
372,1617.1211,1.4541,144,43,11,5445,,G2,,,,,,,,gut_n347_5G2e,5445,,gutim,347,
,,,,,,,,,,,,,,,,,,373,,,
373,1617.8354,0.0727,144,56,5,5446,,Ab3,,,,,,,,gut_n348_2Ab3x,5446,,gutim,348,
373,1617.8354,0.7755,144,46,5,5446,,Bb2,,,,,,,,gut_n348_5Bb2q,5446,,gutim,348,
373,1617.9119,0.0612,144,60,5,5447,,C4,,,,,,,,gut_n348_2C4x,5447,,gutim,348,
373,1617.9884,0.0612,144,76,5,5448,,E5,,,,,,,,gut_n348_2E5x,5448,,gutim,348,
373,1618.065,0.3673,144,65,5,5449,,F4,,,,,,,,gut_n348_2F4s,5449,,gutim,348,
373,1618.1415,0.2181,144,55,5,5450,,G3,,,,,,,,gut_n348_6G3t,5450,,gutim,348,
373,1618.3711,0.0727,144,65,6,5451,,F4,,,,,,,,gut_n348_6F4x_0,5451,,gutim,348,
373,1618.4476,0.0727,144,55,8,5452,,G3,,,,,,,,gut_n348_6G3x,5452,,gutim,348,
373,1618.5241,0.2181,144,65,9,5453,,F4,,,,,,,,gut_n348_6F4x_1,5453,,gutim,348,
373,1618.6517000000001,0.3878,144,39,22,5454,,Eb2,,,,,,,,gut_n348_5Eb2e,5454,,gutim,348,
373,1619.0599,0.0969,144,71,22,5455,,B4,,,,,,,,gut_n348_1B4t,5455,,gutim,348,
373,1619.0599,0.5526,144,48,11,5455,,C3,,,,,,,,gut_n348_6C3e,5455,,gutim,348,
373,1619.1619,0.0969,144,61,20,5456,,C#4,,,,,,,,gut_n348_1Cs4t_0,5456,,gutim,348,
373,1619.2639000000001,0.0651,144,55,19,5457,,G3,,,,,,,,gut_n348_1G3t_0,5457,,gutim,348,
373,1619.3325,0.0651,144,61,17,5458,,C#4,,,,,,,,gut_n348_1Cs4t_1,5458,,gutim,348,
373,1619.4011,0.0651,144,55,16,5459,,G3,,,,,,,,gut_n348_1G3t_1,5459,,gutim,348,
373,1619.4696000000001,0.0969,144,61,15,5460,,C#4,,,,,,,,gut_n348_1Cs4t_2,5460,,gutim,348,
373,1619.5717,0.0969,144,55,13,5461,,G3,,,,,,,,gut_n348_1G3t_2,5461,,gutim,348,
373,1619.6721,0.5816,144,47,8,5462,,B2,,,,,,,,gut_n348_6B2e,5462,,gutim,348,
373,1619.6737,0.0969,144,44,11,5463,,G#2,,,,,,,,gut_n348_1Gs2t,5463,,gutim,348,
373,1619.7757000000001,0.0651,144,39,10,5464,,D#2,,e,,,,,,gut_n348_1Ds2t,5464,,gutim,348,
373,1619.8443,0.0651,144,83,9,5465,,B5,,e,,,,,,gut_n348_1B5t,5465,,gutim,348,
373,1619.9129,0.0651,144,73,7,5466,,C#5,,e,,,,,,gut_n348_1Cs5t,5466,,gutim,348,
373,1619.9814000000001,0.0651,144,67,6,5467,,G4,,E,,,,,,gut_n348_1G4t,5467,,gutim,348,
373,1619.9782,0.0765,144,74,14,5467,,D5,,,,d,,,,gut_n348_5D5t,5467,,gutim,348,
373,1620.05,0.1287,144,56,5,5468,,G#3,,,,d,,,,gut_n348_1Gs3s,5468,,gutim,348,
373,1620.1313,0.1454,144,39,20,5469,,Eb2,,,,d,,,,gut_n348_5Eb2t,5469,,gutim,348,
373,1620.2844,0.5816,144,76,11,5470,,E5,,,,D,,,,gut_n348_1E5e,5470,,gutim,348,
373,1620.2844,0.0727,144,73,17,5470,,C#5,,,,,,,,gut_n348_5Cs5x,5470,,gutim,348,
373,1620.2844,0.9796,144,34,5,5470,,Bb1,,,,,,,,gut_n348_6Bb1q,5470,,gutim,348,
373,1620.3609000000001,0.0727,144,43,16,5471,,G2,,,,,,,,gut_n348_5G2x,5471,,gutim,348,
373,1620.4374,0.1454,144,95,14,5472,,B6,,,,,,,,gut_n348_5B6t,5472,,gutim,348,
373,1620.5905,0.8724,144,44,11,5473,,G#2,,,,,,,,gut_n348_5Gs2e,5473,,gutim,348,
373,1620.8966,0.1166,144,76,5,5474,,E5,,,,,,,,gut_n348_1E5t,5474,,gutim,348,
373,1621.0194000000001,0.1166,144,61,6,5475,,C#4,,,,,,,,gut_n348_1Cs4t_3,5475,,gutim,348,
373,1621.1421,0.0576,144,68,6,5476,,Ab4,,e,,,,,,gut_n348_1Ab4x_0,5476,,gutim,348,
373,1621.2027,0.0576,144,86,7,5477,,D6,,e,,,,,,gut_n348_1D6x_0,5477,,gutim,348,
373,1621.2633,0.0576,144,68,7,5478,,Ab4,,e,,,,,,gut_n348_1Ab4x_1,5478,,gutim,348,
373,1621.3239,0.0576,144,86,8,5479,,D6,,e,,,,,,gut_n348_1D6x_1,5479,,gutim,348,
373,1621.3845000000001,0.1181,144,93,8,5480,,A6,,E,,,,,,gut_n348_1A6t,5480,,gutim,348,
373,1621.5088,0.2449,144,34,8,5481,,Bb1,,,,,,,,gut_n348_1Bb1e,5481,,gutim,348,
373,1621.5088,0.4898,144,44,8,5481,,Ab2,,,,,,,,gut_n348_1Ab2e,5481,,gutim,348,
373,1621.5088,0.3878,144,46,20,5481,,Bb2,,,,,,,,gut_n348_5Bb2e,5481,,gutim,348,
373,1621.9154,0.259,144,69,15,5482,,A4,,,,,,,,gut_n348_5A4e,5482,,gutim,348,
373,1622.1881,0.1287,144,37,11,5483,,Db2,,,,,,,,gut_n348_5Db2s,5483,,gutim,348,
373,1622.3236,0.1545,144,46,9,5484,,Bb2,,,,,,,,gut_n348_5Bb2s,5484,,gutim,348,
373,1622.4862,0.0772,144,57,7,5485,,A3,,,,,,,,gut_n348_5A3t,5485,,gutim,348,
373,1622.5675,0.0772,144,37,6,5486,,Db2,,,,,,,,gut_n348_5Db2t,5486,,gutim,348,
373,1622.6488,0.0803,144,53,5,5487,,F3,,,,,,,,gut_n348_5F3t,5487,,gutim,348,
,,,,,,,,,,,,,,,,,,374,,,
374,1622.7333,0.06,144,61,20,5488,,Db4,g,,,,,,,gut_ng349_5Db4e,5488,,gutim,349,
374,1622.8083000000001,0.2449,144,27,20,5489,,Eb1,,,,d,,,,gut_n349_5Eb1s,5489,,gutim,349,
374,1623.1129,0.2908,144,74,14,5490,,D5,,,,D,,,,gut_n349_1D5s,5490,,gutim,349,
374,1623.1145000000001,0.0612,144,71,11,5490,,B4,,e,,d,,,,gut_n349_5B4x,5490,,gutim,349,
374,1623.191,0.0612,144,32,9,5491,,Ab1,,e,,,,,,gut_n349_5Ab1x,5491,,gutim,349,
374,1623.2675000000002,0.0612,144,83,7,5492,,B5,,e,,,,,,gut_n349_5B5x,5492,,gutim,349,
374,1623.344,0.0612,144,43,5,5493,,G2,,e,,,,,,gut_n349_5G2x,5493,,gutim,349,
374,1623.419,0.2908,144,69,8,5494,,A4,,E,,,,,,gut_n349_1A4s,5494,,gutim,349,
374,1623.7251,0.0727,144,55,13,5495,,G3,,,,,,,,gut_n349_1G3x,5495,,gutim,349,
374,1623.8016,0.0727,144,49,14,5496,,C#3,,,,,,,,gut_n349_1Cs3x,5496,,gutim,349,
374,1623.8782,0.0727,144,65,16,5497,,F4,,,,,,,,gut_n349_1F4x,5497,,gutim,349,
374,1623.9547,0.0727,144,37,17,5498,,C#2,,,,,,,,gut_n349_1Cs2x,5498,,gutim,349,
374,1624.0312000000001,0.3916,144,74,20,5499,,D5,,,,d,,,,gut_n349_1D5e_0,5499,,gutim,349,
374,1624.0312000000001,0.3916,144,65,11,5499,,F4,,,,d,,,,gut_n349_2F4e_0,5499,,gutim,349,
374,1624.0312000000001,0.3916,144,69,11,5499,,A4,,,,d,,,,gut_n349_2A4e_0,5499,,gutim,349,
374,1624.0328,0.3916,144,27,17,5500,,Eb1,,,,d,,,,gut_n349_5Eb1e_0,5500,,gutim,349,
374,1624.0328,0.3916,144,32,17,5500,,Ab1,,,,d,,,,gut_n349_5Ab1e,5500,,gutim,349,
374,1624.0328,0.3916,144,37,17,5500,,Db2,,,,d,,,,gut_n349_5Db2e_0,5500,,gutim,349,
374,1624.5207,0.5893,144,74,5,5501,,D5,,,,d,,,,gut_n349_1D5e_1,5501,,gutim,349,
374,1624.5207,0.5893,144,65,5,5501,,F4,,,,d,,,,gut_n349_2F4e_1,5501,,gutim,349,
374,1624.5207,0.5893,144,69,5,5501,,A4,,,,d,,,,gut_n349_2A4e_1,5501,,gutim,349,
374,1624.5223,0.588,144,27,5,5501,,Eb1,,,,D,,,,gut_n349_5Eb1e_1,5501,,gutim,349,
374,1624.5223,0.588,144,37,5,5501,,Db2,,,,D,,,,gut_n349_5Db2e_1,5501,,gutim,349,
374,1625.0323,0.0712,144,91,5,5502,,G6,g,,,,,,,gut_ng349_1G6e_0,5502,,gutim,349,
374,1625.1073000000001,0.0712,144,100,5,5503,,E7,g,,,,,,,gut_ng349_1E7e_0,5503,,gutim,349,
374,1625.1073000000001,0.0712,144,51,5,5503,,Eb3,g,,,,,,,gut_ng349_5Eb3e,5503,,gutim,349,
374,1625.1823,0.0712,144,97,5,5504,,C#7,g,,,,,,,gut_ng349_1Cs7e_0,5504,,gutim,349,
374,1625.1823,0.0712,144,64,11,5504,,E4,g,,,,,,,gut_ng349_5E4e,5504,,gutim,349,
374,1625.1823,0.0712,144,73,11,5504,,C#5,g,,,,,,,gut_ng349_5Cs5e,5504,,gutim,349,
374,1625.2573,1.1633,144,83,11,5505,,B5,,,,,,,,gut_n349_1B5q,5505,,gutim,349,
374,1625.2573,1.1633,144,92,11,5505,,G#6,,,,,,,,gut_n349_1Gs6q,5505,,gutim,349,
374,1625.2573,1.1633,144,57,11,5505,,A3,,,,,,,,gut_n349_5A3q,5505,,gutim,349,
374,1625.8696,0.1166,144,76,5,5506,,E5,,,,,,,,gut_n349_2E5t,5506,,gutim,349,
374,1625.9923000000001,0.1166,144,48,6,5507,,C3,,,,,,,,gut_n349_2C3t,5507,,gutim,349,
374,1626.1151,0.0576,144,68,8,5508,,Ab4,,e,,,,,,gut_n349_2Ab4x_0,5508,,gutim,349,
374,1626.1757,0.0576,144,86,9,5509,,D6,,e,,,,,,gut_n349_2D6x_0,5509,,gutim,349,
374,1626.2363,0.0576,144,68,9,5510,,Ab4,,e,,,,,,gut_n349_2Ab4x_1,5510,,gutim,349,
374,1626.2969,0.0576,144,86,10,5511,,D6,,e,,,,,,gut_n349_2D6x_1,5511,,gutim,349,
374,1626.3574,0.1181,144,105,11,5512,,A7,,E,,,,,,gut_n349_2A7t,5512,,gutim,349,
374,1626.6859,0.1939,144,34,5,5513,,Bb1,,,,,,,,gut_n349_5Bb1s,5513,,gutim,349,
374,1626.89,0.1939,144,62,5,5514,,D4,,,,,,,,gut_n349_5D4s,5514,,gutim,349,
374,1627.094,0.0772,144,48,5,5515,,C3,,,,,,,,gut_n349_5C3t_0,5515,,gutim,349,
374,1627.1754,0.0772,144,42,5,5516,,F#2,,,,,,,,gut_n349_5Fs2t,5516,,gutim,349,
374,1627.2567000000001,0.0772,144,47,5,5517,,B2,,,,,,,,gut_n349_5B2t_0,5517,,gutim,349,
374,1627.338,0.0772,144,48,5,5518,,C3,,,,,,,,gut_n349_5C3t_1,5518,,gutim,349,
374,1627.4193,0.0772,144,47,5,5519,,B2,,,,,,,,gut_n349_5B2t_1,5519,,gutim,349,
374,1627.4813000000001,0.06,144,91,5,5520,,G6,g,,,,,,,gut_ng349_1G6e_1,5520,,gutim,349,
374,1627.5006,0.1939,144,42,5,5521,,F#2,,,,,,,,gut_n349_5Fs2s,5521,,gutim,349,
374,1627.5563,0.06,144,100,5,5522,,E7,g,e,,d,,,,gut_ng349_1E7e_1,5522,,gutim,349,
374,1627.6313,0.06,144,97,5,5523,,C#7,g,e,,d,,,,gut_ng349_1Cs7e_1,5523,,gutim,349,
374,1627.7063,0.5816,144,92,5,5524,,G#6,,E,6027,d,,,,gut_n349_1Gs6e,5524,,gutim,349,
374,1627.7063,0.2908,144,83,14,5524,,B5,,,,d,,,,gut_n349_2B5s,5524,,gutim,349,
374,1627.7047,0.3878,144,57,8,5524,,A3,,,,d,,,,gut_n349_5A3e_0,5524,,gutim,349,
374,1628.0124,0.1454,144,67,10,5525,,G4,,,,,,,,gut_n349_2G4t,5525,,gutim,349,
374,1628.0124,0.1454,144,83,10,5525,,B5,,,,,,,,gut_n349_2B5t,5525,,gutim,349,
374,1628.1129,0.3878,144,57,8,5526,,A3,,,,d,,,,gut_n349_5A3e_1,5526,,gutim,349,
374,1628.1129,0.3265,144,65,8,5526,,F4,,,,d,,,,gut_n349_5F4e,5526,,gutim,349,
374,1628.1655,0.1454,144,56,8,5527,,Ab3,,,,,,,,gut_n349_2Ab3t,5527,,gutim,349,
374,1628.3185,0.5816,144,97,5,5528,,C#7,,,,,,,,gut_n349_1Cs7e,5528,,gutim,349,
374,1628.521,0.1287,144,57,8,5529,,A3,,,,d,,,,gut_n349_5A3s,5529,,gutim,349,
374,1628.6565,0.1287,144,65,8,5530,,F4,,,,d,,,,gut_n349_5F4s,5530,,gutim,349,
374,1628.7921000000001,0.1318,144,64,17,5531,,E4,,,,D,6027,,,gut_n349_5E4s,5531,,gutim,349,
,,,,,,,,,,,,,,,,,,375,,,
375,1628.9292,0.465,144,76,5,5532,,E5,,,,,,,,gut_n350_1E5e,5532,,gutim,350,
375,1629.4187,0.1166,144,68,7,5533,,Ab4,,,,,,,,gut_n350_1Ab4t,5533,,gutim,350,
375,1629.5414,0.0576,144,86,8,5534,,D6,,,,,,,,gut_n350_1D6x,5534,,gutim,350,
375,1629.602,0.0576,144,68,8,5535,,Ab4,,,,,,,,gut_n350_1Ab4x,5535,,gutim,350,
375,1629.6626,0.4665,144,93,8,5536,,A6,,,,,,,,gut_n350_1A6e,5536,,gutim,350,
,,,,,,,6027,,,,,,,,,,,,gutim,,
375,1630.0037,0.0712,144,86,17,5537,,D6,g,,,d,,,,gut_ng350_1D6e,5537,,gutim,350,
375,1630.0787,0.0712,144,49,17,5538,,C#3,g,,,d,,,,gut_ng350_1Cs3e,5538,,gutim,350,
375,1630.1537,2.3265,144,81,20,5539,,A5,,,,,,,,gut_n350_1A5h,5539,,gutim,350,
375,1630.1537,0.2908,144,74,5,5539,,D5,,,,,,,,gut_n350_5D5s,5539,,gutim,350,
375,1630.4598,0.0969,144,54,5,5540,,F#3,,e,,d,,,,gut_n350_5Fs3t_0,5540,,gutim,350,
375,1630.5618,0.0969,144,59,5,5541,,B3,,e,,d,,,,gut_n350_5B3t_0,5541,,gutim,350,
375,1630.6639,0.0969,144,60,5,5542,,C4,,e,,d,,,,gut_n350_5C4t_0,5542,,gutim,350,
375,1630.7659,0.0969,144,59,5,5543,,B3,,e,,d,,,,gut_n350_5B3t_1,5543,,gutim,350,
375,1630.868,0.0969,144,54,5,5544,,F#3,,e,,d,,,,gut_n350_5Fs3t_1,5544,,gutim,350,
375,1630.97,0.0969,144,59,5,5545,,B3,,e,,d,,,,gut_n350_5B3t_2,5545,,gutim,350,
375,1631.0720000000001,0.0969,144,46,5,5546,,Bb2,,e,,d,,,,gut_n350_5Bb2t,5546,,gutim,350,
375,1631.1741,0.0969,144,60,5,5547,,C4,,e,,d,,,,gut_n350_5C4t_1,5547,,gutim,350,
375,1631.2761,0.0969,144,59,5,5548,,B3,,E,,d,,,,gut_n350_5B3t_3,5548,,gutim,350,
375,1631.3782,0.2072,144,34,11,5549,,Bb1,,,,,,,,gut_n350_5Bb1s,5549,,gutim,350,
375,1631.6508000000001,0.259,144,62,11,5550,,D4,,,,,,,,gut_n350_5D4s,5550,,gutim,350,
375,1631.9234000000001,0.259,144,42,11,5551,,F#2,,,,,,,,gut_n350_5Fs2s,5551,,gutim,350,
375,1632.1961000000001,0.0772,144,48,8,5552,,C3,,,,,,,,gut_n350_5C3x_0,5552,,gutim,350,
375,1632.2774,0.0772,144,46,7,5553,,Bb2,,,,,,,,gut_n350_5Bb2x_0,5553,,gutim,350,
375,1632.3587,0.0772,144,48,7,5554,,C3,,,,,,,,gut_n350_5C3x_1,5554,,gutim,350,
375,1632.44,0.0772,144,46,6,5555,,Bb2,,,,,,,,gut_n350_5Bb2x_1,5555,,gutim,350,
375,1632.5213,0.0772,144,48,5,5556,,C3,,,,,,,,gut_n350_5C3x_2,5556,,gutim,350,
375,1632.6027000000001,0.1939,144,50,4,5557,,D3,,,,,,,,gut_n350_5D3s,5557,,gutim,350,
375,1632.8067,0.1939,144,22,8,5558,,Bb0,,,,d,,,,gut_n350_5Bb0s_0,5558,,gutim,350,
375,1633.0108,0.0969,144,50,7,5559,,D3,,,,d,,,,gut_n350_5D3t,5559,,gutim,350,
375,1633.1129,0.2908,144,30,7,5560,,F#1,,,,,,,,gut_n350_5Fs1s,5560,,gutim,350,
375,1633.419,0.0969,144,47,6,5561,,B2,,,,,,,,gut_n350_5B2t_0,5561,,gutim,350,
375,1633.521,0.0969,144,48,5,5562,,C3,,,,,,,,gut_n350_5C3t_0,5562,,gutim,350,
375,1633.6231,0.0969,144,47,5,5563,,B2,,,,,,,,gut_n350_5B2t_1,5563,,gutim,350,
375,1633.7251,0.1939,144,22,5,5564,,Bb0,,,,,,,,gut_n350_5Bb0t_0,5564,,gutim,350,
375,1633.9292,0.0969,144,48,4,5565,,C3,,,,,,,,gut_n350_5C3t_1,5565,,gutim,350,
375,1634.0312000000001,0.1939,144,22,4,5566,,Bb0,,,,,,,,gut_n350_5Bb0s_1,5566,,gutim,350,
375,1634.2353,0.1939,144,38,3,5567,,D2,,,,,,,,gut_n350_5D2s,5567,,gutim,350,
375,1634.4394,0.2449,144,82,17,5568,,Bb5,,,,d,,,,gut_n350_1Bb5s_0,5568,,gutim,350,
375,1634.4394,0.4898,144,30,2,5568,,F#1,,,,D,,,,gut_n350_5Fs1e,5568,,gutim,350,
375,1634.7455,1.9592,144,65,18,5569,,F4,,,,,,,,gut_n350_1F4s,5569,,gutim,350,
375,1634.7455,1.9592,144,82,18,5569,,Bb5,,,,,,,,gut_n350_1Bb5s_1,5569,,gutim,350,
375,1634.9766,0.06,144,81,18,5570,,A5,g,,,,,,,gut_ng350_2A5e,5570,,gutim,350,
,,,,,,,,,,,,,,,,,,376,,,
376,1635.0516,1.7143,144,55,20,5571,,G3,,,,d,,,,gut_n351_1G3q,5571,,gutim,351,
376,1635.0516,1.7143,144,81,20,5571,,A5,,,,d,,,,gut_n351_2A5t,5571,,gutim,351,
376,1635.2047,1.5918,144,77,20,5572,,F5,,,,d,,,,gut_n351_2F5e_0,5572,,gutim,351,
376,1635.4152000000001,0.1166,144,36,5,5573,,C2,,,,d,,,,gut_n351_5C2t_0,5573,,gutim,351,
376,1635.5379,0.1166,144,52,5,5574,,E3,,,,d,,,,gut_n351_5E3t_0,5574,,gutim,351,
376,1635.6607000000001,0.0772,144,58,5,5575,,Bb3,,,,d,,,,gut_n351_5Bb3t_0,5575,,gutim,351,
376,1635.742,0.0772,144,52,5,5576,,E3,,,,d,,,,gut_n351_5E3t_1,5576,,gutim,351,
376,1635.8233,0.0772,144,58,5,5577,,Bb3,,,,d,,,,gut_n351_5Bb3t_1,5577,,gutim,351,
376,1635.9046,0.1166,144,36,5,5578,,C2,,,,d,,,,gut_n351_5C2t_1,5578,,gutim,351,
376,1636.0274,0.1166,144,58,6,5579,,Bb3,,,,,,,,gut_n351_5Bb3t_2,5579,,gutim,351,
376,1636.1502,0.1166,144,32,6,5580,,Ab1,,,,,,,,gut_n351_5Ab1t_0,5580,,gutim,351,
376,1636.2729,0.1166,144,41,7,5581,,F2,,,,,,,,gut_n351_5F2t_0,5581,,gutim,351,
376,1636.3957,0.0772,144,52,7,5582,,E3,,,,,,,,gut_n351_5E3t_2,5582,,gutim,351,
376,1636.477,0.0772,144,32,8,5583,,Ab1,,,,,,,,gut_n351_5Ab1t_1,5583,,gutim,351,
376,1636.5583000000001,0.1939,144,41,8,5584,,F2,,,,,,,,gut_n351_5F2t_1,5584,,gutim,351,
376,1636.7624,0.0315,144,32,20,5585,,Ab1,,,,d,,,,gut_n351_5Ab1t_2,5585,,gutim,351,
376,1636.7624,0.1008,144,36,20,5585,,C2,,,,d,,,,gut_n351_5C2t_2,5585,,gutim,351,
376,1636.7624,0.1008,144,41,20,5585,,F2,,,,d,,,,gut_n351_5F2t_3,5585,,gutim,351,
376,1636.7624,0.1008,144,52,20,5585,,E3,,,,d,,,,gut_n351_5E3t_3,5585,,gutim,351,
376,1636.7624,0.1008,144,58,20,5585,,Bb3,,,,d,,,,gut_n351_5Bb3t_3,5585,,gutim,351,
376,1636.8884,0.0969,144,30,5,5586,,F#1,,,,,,,,gut_n351_6Fs1t,5586,,gutim,351,
376,1636.9904000000001,0.0969,144,36,5,5587,,C2,,,,,,,,gut_n351_6C2t_0,5587,,gutim,351,
376,1637.0925,0.0969,144,35,11,5588,,B1,,,,,,,,gut_n351_6B1t_0,5588,,gutim,351,
376,1637.1945,0.0969,144,36,11,5589,,C2,,,,,,,,gut_n351_6C2t_1,5589,,gutim,351,
376,1637.2965000000002,0.0969,144,35,11,5590,,B1,,,,,,,,gut_n351_6B1t_1,5590,,gutim,351,
376,1637.3506,0.0712,144,70,11,5591,,Bb4,g,,,d,,,,gut_ng351_1Bb4e,5591,,gutim,351,
376,1637.3986,10.3924,144,22,11,5592,,Bb0,,,,,,,,gut_n351_6Bb0t,5592,,gutim,351,
376,1637.4256,0.0712,144,65,11,5593,,F4,g,,,D,6028,,,gut_ng351_1F4e,5593,,gutim,351,
376,1637.5006,0.1295,144,35,11,5594,,B1,,,,,,,,gut_n351_5B1t,5594,,gutim,351,
376,1637.6353000000001,0.131,144,50,11,5595,,D3,,,,,,,,gut_n351_5D3t,5595,,gutim,351,
376,1637.7731,0.1325,144,54,12,5596,,F#3,,,,,,,,gut_n351_5Fs3t,5596,,gutim,351,
376,1637.9126,0.0802,144,35,14,5597,,B1,,,,,,,,gut_n351_5B1x,5597,,gutim,351,
376,1637.9971,0.0808,144,50,15,5598,,D3,,,,,,,,gut_n351_5D3x,5598,,gutim,351,
376,1638.0821,0.0814,144,53,16,5599,,F3,,,,,,,,gut_n351_5F3x_0,5599,,gutim,351,
376,1638.1678,0.082,144,54,16,5600,,Gb3,,,,,,,,gut_n351_5Gb3x,5600,,gutim,351,
376,1638.2541,0.0826,144,53,17,5601,,F3,,,,,,,,gut_n351_5F3x_1,5601,,gutim,351,
376,1638.3410000000001,0.139,144,58,20,5602,,Bb3,,,,,,,,gut_n351_5Bb3t_4,5602,,gutim,351,
376,1638.441,0.0712,144,65,20,5603,,F4,g,,,,,,,gut_ng351_5F4e,5603,,gutim,351,
376,1638.4562,0.1586,144,86,20,5604,,D6,,,,,,,,gut_n351_1D6t,5604,,gutim,351,
376,1638.516,0.0942,144,53,20,5605,,F3,,,,,,,,gut_n351_5F3t_0,5605,,gutim,351,
376,1638.516,0.0942,144,61,20,5605,,Db4,,,,,,,,gut_n351_5Db4t,5605,,gutim,351,
376,1638.6151,0.0949,144,58,14,5606,,Bb3,,,,,,,,gut_n351_5Bb3t_5,5606,,gutim,351,
376,1638.6519,0.0801,144,81,11,5607,,A5,,,,,,,,gut_n351_1A5x,5607,,gutim,351,
376,1638.7151000000001,0.0957,144,53,8,5608,,F3,,,,,,,,gut_n351_5F3t_1,5608,,gutim,351,
376,1638.7362,0.0807,144,49,4,5609,,C#3,,,,,,,,gut_n351_1Cs3x,5609,,gutim,351,
376,1638.8159,0.108,144,70,8,5610,,Bb4,,e,,,,t,,gut_n351_5Bb4t_0,5610,,gutim,351,
376,1638.8159,0.108,144,82,8,5610,,Bb5,,e,,,,t,,gut_n351_5Bb5t,5610,,gutim,351,
376,1638.8212,0.1619,144,67,15,5611,,G4,,,,,,,,gut_n351_1G4t,5611,,gutim,351,
376,1638.9295,0.108,144,41,8,5612,,F2,,e,,,,t,,gut_n351_5F2t_4,5612,,gutim,351,
376,1638.9916,1.1335,144,77,20,5613,,F5,,,,,,,,gut_n351_1F5e,5613,,gutim,351,
376,1639.0431,0.108,144,36,7,5614,,C2,,e,,,,t,,gut_n351_5C2t_3,5614,,gutim,351,
376,1639.1568,0.108,144,70,6,5615,,Bb4,,e,,,,t,,gut_n351_5Bb4t_1,5615,,gutim,351,
376,1639.2704,0.108,144,41,6,5616,,F2,,e,,,,t,,gut_n351_5F2t_5,5616,,gutim,351,
376,1639.384,0.113,144,36,5,5617,,C2,,e,,,,t,,gut_n351_5C2t_4,5617,,gutim,351,
376,1639.5030000000002,0.1619,144,58,4,5618,,Bb3,,E,6028,,,T,6028,gut_n351_5Bb3t_6,5618,,gutim,351,
376,1639.6735,0.1619,144,41,3,5619,,F2,,,,,,,,gut_n351_5F2t_6,5619,,gutim,351,
376,1639.8439,0.3239,144,36,2,5620,,C2,,,,,,,,gut_n351_5C2s,5620,,gutim,351,
,,,,,,,,,,,,,,,,,,377,,,
377,1645.6394,2.1818,144,57,8,5621,,A3,,,,,,,,gut_n352_5A3q_0,5621,,gutim,352,
,,,,,,,6028,,,,,,,,,,,,gutim,,
,,,,,,,,,,,,,,,,,,378,,,
378,1648.3666,0.06,144,56,11,5622,,Ab3,g,,,,,,,gut_ng353_1Ab3e,5622,,gutim,353,
378,1648.4416,0.06,144,84,14,5623,,C6,g,,,,,,,gut_ng353_1C6e,5623,,gutim,353,
378,1648.5166000000002,0.4318,144,97,17,5624,,C#7,,,,,,,,gut_n353_1Cs7e,5624,,gutim,353,
378,1648.5166000000002,0.3239,144,41,5,5624,,F2,,,,,,,,gut_n353_5F2s,5624,,gutim,353,
378,1648.8575,0.1619,144,36,4,5625,,C2,,,,,,,,gut_n353_5C2t,5625,,gutim,353,
378,1648.9712,0.108,144,74,14,5626,,D5,,,,,,,,gut_n353_1D5t,5626,,gutim,353,
378,1649.028,0.1619,144,41,4,5627,,F2,,,,,,,,gut_n353_5F2t,5627,,gutim,353,
378,1649.0848,0.108,144,88,11,5628,,E6,,,,,,,,gut_n353_1E6t_0,5628,,gutim,353,
378,1649.1985,0.1619,144,62,11,5629,,D4,,e,,,,,,gut_n353_1D4t,5629,,gutim,353,
378,1649.1985,0.6153,144,52,4,5629,,E3,,,,,,,,gut_n353_5E3e,5629,,gutim,353,
378,1649.3689,0.1619,144,44,10,5630,,Ab2,,e,,,,,,gut_n353_1Ab2t,5630,,gutim,353,
378,1649.5394000000001,0.1619,144,84,8,5631,,C6,,e,,,,,,gut_n353_1C6t,5631,,gutim,353,
378,1649.7098,0.1619,144,88,5,5632,,E6,,e,,,,,,gut_n353_1E6t_1,5632,,gutim,353,
378,1649.8803,1.2955,144,33,2,5633,,A1,,E,6029,,,t,,gut_n353_5A1q,5633,,gutim,353,
378,1651.0939,0.0712,144,32,5,5634,,Ab1,g,,,,,,,gut_ng353_1Ab1e,5634,,gutim,353,
378,1651.1689000000001,0.0712,144,85,5,5635,,Db6,g,,,,,,,gut_ng353_1Db6e,5635,,gutim,353,
378,1651.2439,1.2955,144,72,5,5636,,C5,,,,,,t,,gut_n353_1C5q,5636,,gutim,353,
378,1652.6075,0.4318,144,76,10,5637,,E5,,,,,,t,,gut_n353_1E5s,5637,,gutim,353,
378,1653.0621,0.1434,144,72,11,5638,,C5,,,,,,,,gut_n353_1C5t,5638,,gutim,353,
378,1653.213,0.1434,144,76,12,5639,,E5,,,,,,,,gut_n353_1E5t,5639,,gutim,353,
378,1653.3639,0.2884,144,50,12,5640,,D3,,,,,,,,gut_n353_1D3s,5640,,gutim,353,
378,1653.6676,0.1434,144,85,13,5641,,Db6,,,,,,,,gut_n353_1Db6t,5641,,gutim,353,
378,1653.8185,0.1451,144,50,14,5642,,D3,,,,,,,,gut_n353_1D3t,5642,,gutim,353,
378,1653.9712,0.1434,144,44,14,5643,,Ab2,,,,,,T,6029,gut_n353_5Ab2t,5643,,gutim,353,
378,1654.1221,0.1434,144,73,14,5644,,Db5,,,,,,,,gut_n353_5Db5t,5644,,gutim,353,
378,1654.2730000000001,0.5752,144,60,15,5645,,C4,,,,,,,,gut_n353_5C4e,5645,,gutim,353,
378,1654.8785,0.2884,144,64,18,5646,,E4,,,,,,,,gut_n353_5E4s,5646,,gutim,353,
378,1655.1821,0.1451,144,50,20,5647,,D3,,,,,,,,gut_n353_5D3t,5647,,gutim,353,
,,,,,,,6029,,,,,,,,,,,,gutim,,
,,,,,,,,,,,,,,,,,,379,,,
379,1655.3348,1.0909,144,60,11,5648,,C4,,,,d,,,,gut_n354_1C4q,5648,,gutim,354,
379,1655.3348,1.0909,144,64,11,5648,,E4,,,,d,,,,gut_n354_1E4q,5648,,gutim,354,
379,1655.3348,1.0909,144,73,11,5648,,Db5,,,,d,,,,gut_n354_1Db5q,5648,,gutim,354,
379,1655.3348,0.7273,144,27,20,5648,,Eb1,,,,d,,,,gut_n354_5Eb1q,5648,,gutim,354,
379,1655.3348,1.0909,144,32,11,5648,,Ab1,,,,d,,,,gut_n354_6Ab1q,5648,,gutim,354,
379,1655.3348,1.0909,144,38,11,5648,,D2,,,,d,,,,gut_n354_6D2q,5648,,gutim,354,
379,1656.0166000000002,0.5455,144,56,22,5649,,Ab3,,,,D,,,,gut_n354_2Ab3e_0,5649,,gutim,354,
379,1656.2439,0.0909,144,46,21,5650,,Bb2,,,,,,,,gut_n354_5Bb2t_0,5650,,gutim,354,
379,1656.3575,0.0909,144,37,22,5651,,Db2,,,,,,,,gut_n354_5Db2t_0,5651,,gutim,354,
379,1656.4712,0.0909,144,27,23,5652,,Eb1,,,,,,,,gut_n354_5Eb1t_0,5652,,gutim,354,
379,1656.5848,0.0909,144,46,24,5653,,Bb2,,,,,,,,gut_n354_5Bb2t_1,5653,,gutim,354,
379,1656.6985,0.1364,144,60,24,5654,,C4,,,,,,,,gut_n354_1C4s,5654,,gutim,354,
379,1656.6985,0.2727,144,64,24,5654,,E4,,,,,,,,gut_n354_1E4s,5654,,gutim,354,
379,1656.6985,0.2727,144,73,24,5654,,Db5,,,,,,,,gut_n354_1Db5s,5654,,gutim,354,
379,1656.6985,0.1364,144,32,24,5654,,Ab1,,,,,,,,gut_n354_6Ab1s,5654,,gutim,354,
379,1656.6985,0.2727,144,37,24,5654,,Db2,,,,,,,,gut_n354_6Db2s,5654,,gutim,354,
379,1656.9257,8.0,144,56,17,5655,,Ab3,,,,,,,,gut_n354_2Ab3e_1,5655,,gutim,354,
379,1656.9257,0.0909,144,46,11,5655,,Bb2,,,,,,,,gut_n354_5Bb2t_2,5655,,gutim,354,
379,1657.0394000000001,0.0909,144,37,10,5656,,Db2,,,,,,,,gut_n354_5Db2t_1,5656,,gutim,354,
379,1657.153,0.0909,144,27,8,5657,,Eb1,,,,,,,,gut_n354_5Eb1t_1,5657,,gutim,354,
379,1657.2666000000002,0.0909,144,46,7,5658,,Bb2,,,,,,,,gut_n354_5Bb2t_3,5658,,gutim,354,
,,,,,,,,,,,,,,,,,,380,,,
380,1664.8803,0.7273,144,66,20,5659,,F#4,,,,d,,,,gut_n355_5Fs4q,5659,,gutim,355,
380,1665.7894000000001,1.4545,144,23,22,5660,,B0,,,,,,,,gut_n355_5B0h_0,5660,,gutim,355,
380,1665.7894000000001,1.4545,144,66,22,5660,,F#4,,,,,,,,gut_n355_5Fs4h_0,5660,,gutim,355,
380,1666.9257,2.7273,144,56,11,5661,,Ab3,,,,d,,,,gut_n355_2Ab3e,5661,,gutim,355,
380,1666.9257,2.7273,144,72,11,5661,,C5,,,,d,,,,gut_n355_2C5e,5661,,gutim,355,
380,1667.6075,2.7273,144,23,24,5662,,B0,,,,d,,,,gut_n355_5B0h_1,5662,,gutim,355,
380,1667.6075,2.7273,144,62,24,5662,,D4,,,,d,,,,gut_n355_5D4h,5662,,gutim,355,
380,1667.6075,2.7273,144,66,24,5662,,F#4,,,,d,,,,gut_n355_5Fs4h_1,5662,,gutim,355,
380,1668.5166000000002,1.4545,144,53,8,5663,,F3,,,,d,,,,gut_n355_1F3h,5663,,gutim,355,
,,,,,,,,,,,,,,,,,,381,,,
381,1670.3348,0.9716,144,89,14,5664,,F6,,,,d,,,,gut_n356_2F6e,5664,,gutim,356,
381,1670.3348,0.8636,144,53,5,5664,,F3,,,,d,,,,gut_n356_6F3q,5664,,gutim,356,
381,1671.0166000000002,0.0909,144,62,24,5665,,D4,,,,d,,,,gut_n356_1D4t,5665,,gutim,356,
381,1671.0166000000002,0.0909,144,66,24,5665,,Gb4,,,,d,,,,gut_n356_1Gb4t,5665,,gutim,356,
381,1671.1303,0.0909,144,65,24,5666,,F4,,,,d,,,,gut_n356_1F4t,5666,,gutim,356,
381,1671.2303,0.0712,144,47,22,5667,,B2,g,,,,,,,gut_ng356_1B2e,5667,,gutim,356,
381,1671.3053,0.0712,144,50,19,5668,,D3,g,,,,,,,gut_ng356_1D3e,5668,,gutim,356,
381,1671.3803,0.0712,144,54,16,5669,,Gb3,g,,,,,,,gut_ng356_1Gb3e,5669,,gutim,356,
381,1671.4553,0.0712,144,53,14,5670,,F3,g,,,,,,,gut_ng356_1F3e,5670,,gutim,356,
381,1671.5303000000001,0.0712,144,70,11,5671,,Bb4,g,,,,,,,gut_ng356_1Bb4e,5671,,gutim,356,
381,1671.6053,0.4318,144,42,10,5672,,Gb2,,,,,,,,gut_n356_1Gb2e,5672,,gutim,356,
381,1671.6053,0.108,144,53,17,5672,,F3,,,,,,,,gut_n356_6F3t_0,5672,,gutim,356,
381,1671.7189,0.1619,144,89,14,5673,,F6,,,,,,,,gut_n356_2F6t,5673,,gutim,356,
381,1671.7189,0.108,144,43,8,5673,,G2,,,,,,,,gut_n356_6G2t_0,5673,,gutim,356,
381,1671.8325,0.108,144,53,7,5674,,F3,,,,,,,,gut_n356_6F3t_1,5674,,gutim,356,
381,1671.8894,0.1619,144,76,15,5675,,E5,,,,,,,,gut_n356_2E5t_0,5675,,gutim,356,
381,1671.9462,0.108,144,43,5,5676,,G2,,,,,,,,gut_n356_6G2t_1,5676,,gutim,356,
381,1672.0598,0.1619,144,76,16,5677,,E5,,,,,,,,gut_n356_2E5t_1,5677,,gutim,356,
381,1672.2303,0.1619,144,70,16,5678,,A#4,,,,,,,,gut_n356_2As4t_0,5678,,gutim,356,
381,1672.4007000000001,0.108,144,73,17,5679,,C#5,,e,,,,,,gut_n356_2Cs5t_0,5679,,gutim,356,
381,1672.5144,0.108,144,70,17,5680,,A#4,,e,,,,,,gut_n356_2As4t_1,5680,,gutim,356,
381,1672.5144,0.7273,144,44,4,5680,,Ab2,,,,,,,,gut_n356_6Ab2q,5680,,gutim,356,
381,1672.6280000000002,0.108,144,73,18,5681,,C#5,,e,,,,,,gut_n356_2Cs5t_1,5681,,gutim,356,
381,1672.7416,0.108,144,76,18,5682,,E5,,e,,,,,,gut_n356_2E5t_2,5682,,gutim,356,
381,1672.7416,2.1818,144,45,17,5682,,A2,,,,d,,,,gut_n356_5A2e,5682,,gutim,356,
381,1672.7416,2.1818,144,56,17,5682,,Ab3,,,,d,,,,gut_n356_5Ab3e,5682,,gutim,356,
381,1672.7416,2.1818,144,72,17,5682,,C5,,,,d,,,,gut_n356_5C5e,5682,,gutim,356,
381,1672.8553,0.108,144,73,19,5683,,C#5,,e,,,,,,gut_n356_2Cs5t_2,5683,,gutim,356,
381,1672.9689,0.108,144,58,19,5684,,A#3,,e,,,,,,gut_n356_2As3t,5684,,gutim,356,
381,1673.0825,1.2955,144,73,20,5685,,C#5,,E,,,,,,gut_n356_2Cs5s_0,5685,,gutim,356,
381,1673.4235,0.108,144,42,14,5686,,F#2,,,,D,6030,,,gut_n356_6Fs2t_0,5686,,gutim,356,
381,1673.5371,0.3239,144,35,12,5687,,B1,,,,,,,,gut_n356_6B1s,5687,,gutim,356,
381,1673.8780000000002,0.0725,144,42,7,5688,,F#2,,,,,,,,gut_n356_6Fs2t_1,5688,,gutim,356,
381,1673.9543,0.0725,144,23,6,5689,,B0,,,,,,,,gut_n356_6B0t,5689,,gutim,356,
381,1674.0307,0.7186,144,41,5,5690,,F2,,,,,,,,gut_n356_6F2t,5690,,gutim,356,
381,1674.4462,0.108,144,101,11,5691,,F7,,e,,,,t,,gut_n356_2F7t,5691,,gutim,356,
381,1674.5598,0.108,144,76,13,5692,,E5,,e,,,,,,gut_n356_2E5t_3,5692,,gutim,356,
381,1674.6735,0.108,144,73,15,5693,,C#5,,e,,,,,,gut_n356_2Cs5t_3,5693,,gutim,356,
381,1674.7871,0.108,144,76,16,5694,,E5,,e,,,,t,,gut_n356_2E5t_4,5694,,gutim,356,
381,1674.9007000000001,0.108,144,58,18,5695,,Bb3,,e,,,,,,gut_n356_2Bb3t,5695,,gutim,356,
381,1675.0144,0.108,144,61,20,5696,,Db4,,E,,,,,,gut_n356_2Db4t,5696,,gutim,356,
381,1675.4689,0.2727,144,62,22,5697,,D4,,,,,,t,,gut_n356_2D4s_0,5697,,gutim,356,
381,1675.4689,0.2727,144,73,22,5697,,C#5,,,,,,t,,gut_n356_2Cs5s_1,5697,,gutim,356,
381,1675.4689,0.2727,144,45,22,5697,,A2,,,,,,,,gut_n356_5A2s_0,5697,,gutim,356,
381,1675.4689,0.2727,144,56,22,5697,,Ab3,,,,,,,,gut_n356_5Ab3s_0,5697,,gutim,356,
381,1675.8098,0.2727,144,62,22,5698,,D4,,,,,,T,,gut_n356_2D4s_1,5698,,gutim,356,
381,1675.8098,0.2727,144,73,22,5698,,C#5,,,,,,T,,gut_n356_2Cs5s_2,5698,,gutim,356,
381,1675.8098,0.2727,144,76,22,5698,,E5,,,,,,T,6030,gut_n356_2E5s,5698,,gutim,356,
381,1675.8098,0.2727,144,45,22,5698,,A2,,,,,,,,gut_n356_5A2s_1,5698,,gutim,356,
381,1675.8098,0.2727,144,56,22,5698,,Ab3,,,,,,,,gut_n356_5Ab3s_1,5698,,gutim,356,
,,,,,,,,,,,,,,,,,,382,,,
382,1676.1507000000001,0.0712,144,58,11,5699,,Bb3,g,e,,,,,,gut_ng357_1Bb3e,5699,,gutim,357,
382,1676.2257,0.0712,144,88,14,5700,,E6,g,e,,,,,,gut_ng357_1E6e_0,5700,,gutim,357,
382,1676.3007,0.0712,144,101,16,5701,,F7,g,e,,,,,,gut_ng357_1F7e_0,5701,,gutim,357,
382,1676.3757,0.0712,144,88,18,5702,,E6,g,e,,,,,,gut_ng357_1E6e_1,5702,,gutim,357,
382,1676.4507,0.0712,144,101,21,5703,,F7,g,e,,,,,,gut_ng357_1F7e_1,5703,,gutim,357,
382,1676.5257000000001,0.1619,144,85,22,5704,,C#6,,E,,,,,,gut_n357_1Cs6t,5704,,gutim,357,
382,1676.5257000000001,0.108,144,68,22,5704,,G#4,,,,,,,,gut_n357_5Gs4t_0,5704,,gutim,357,
382,1676.6394,0.108,144,57,22,5705,,A3,,,,,,,,gut_n357_5A3t,5705,,gutim,357,
382,1676.6962,0.1619,144,70,22,5706,,A#4,,,,,,,,gut_n357_1As4t,5706,,gutim,357,
382,1676.7530000000002,0.0725,144,84,21,5707,,C6,,,,,,,,gut_n357_5C6t_0,5707,,gutim,357,
382,1676.8293,0.0725,144,68,18,5708,,G#4,,,,,,,,gut_n357_5Gs4t_1,5708,,gutim,357,
382,1676.9057,0.0725,144,84,15,5709,,C6,,,,,,,,gut_n357_5C6t_1,5709,,gutim,357,
382,1676.982,0.108,144,88,12,5710,,E6,,,,,,,,gut_n357_5E6t,5710,,gutim,357,
382,1677.0957,0.054,144,74,8,5711,,D5,,,,,,,,gut_n357_5D5x,5711,,gutim,357,
382,1677.1525000000001,0.0523,144,88,8,5712,,E6,,,,,,,,gut_n357_5E6x,5712,,gutim,357,
,,,,,,,6030,,,,,,,,,,,,gutim,,
382,1677.2525,0.06,144,33,20,5713,,A1,g,,,,,,,gut_ng357_5A1e,5713,,gutim,357,
382,1677.3275,0.6477,144,44,20,5714,,G#2,,,,,,,,gut_n357_5Gs2e,5714,,gutim,357,
382,1678.0093,1.0795,144,60,16,5715,,C4,,,,,,,,gut_n357_5C4e_0,5715,,gutim,357,
382,1679.1457,0.2159,144,33,9,5716,,A1,,,,,,,,gut_n357_5A1s,5716,,gutim,357,
382,1679.373,0.108,144,44,8,5717,,G#2,,,,,,,,gut_n357_5Gs2t,5717,,gutim,357,
382,1679.4866,0.108,144,60,7,5718,,C4,,,,,,,,gut_n357_5C4t,5718,,gutim,357,
382,1679.6002,0.108,144,21,7,5719,,A0,,,,,,,,gut_n357_5A0t_0,5719,,gutim,357,
382,1679.7139,0.108,144,32,6,5720,,G#1,,,,,,,,gut_n357_5Gs1t,5720,,gutim,357,
382,1679.8275,0.054,144,48,5,5721,,C3,,,,,,,,gut_n357_5C3x,5721,,gutim,357,
382,1679.8843,4.696,144,21,5,5722,,A0,,,,,,,,gut_n357_5A0t_1,5722,,gutim,357,
,,,,,,,,,,,,,,,,,,383,,,
383,1685.0548000000001,0.108,144,48,17,5723,,C3,,,,,,,,gut_n358_5C3t,5723,,gutim,358,
383,1685.1684,0.108,144,38,16,5724,,D2,,,,,,,,gut_n358_5D2t,5724,,gutim,358,
383,1685.2820000000002,0.4318,144,52,16,5725,,E3,,,,,,,,gut_n358_5E3e,5725,,gutim,358,
383,1685.8502,0.108,144,92,13,5726,,G#6,,e,,,,,,gut_n358_1Gs6t,5726,,gutim,358,
383,1685.9639,0.108,144,81,12,5727,,A5,,e,,,,,,gut_n358_1A5t,5727,,gutim,358,
383,1686.0775,0.108,144,98,12,5728,,D7,,e,,,,,,gut_n358_1D7t,5728,,gutim,358,
383,1686.1911,0.108,144,108,11,5729,,C8,,e,,,,,,gut_n358_1C8t,5729,,gutim,358,
383,1686.3048000000001,0.1619,144,80,11,5730,,G#5,,e,,,,,,gut_n358_1Gs5t_0,5730,,gutim,358,
383,1686.4752,0.1619,144,96,10,5731,,C7,,e,,,,,,gut_n358_1C7t_0,5731,,gutim,358,
383,1686.6457,0.108,144,80,9,5732,,G#5,,e,,,,,,gut_n358_1Gs5t_1,5732,,gutim,358,
383,1686.7593,0.108,144,69,8,5733,,A4,,e,,,,,,gut_n358_1A4t,5733,,gutim,358,
383,1686.873,0.108,144,86,8,5734,,D6,,e,,,,,,gut_n358_1D6t_0,5734,,gutim,358,
383,1686.9866,0.108,144,96,7,5735,,C7,,e,,,,,,gut_n358_1C7t_1,5735,,gutim,358,
383,1687.1002,0.108,144,100,6,5736,,E7,,e,,,,,,gut_n358_1E7t_0,5736,,gutim,358,
383,1687.2139,0.1619,144,86,6,5737,,D6,,e,,,,,,gut_n358_1D6t_1,5737,,gutim,358,
383,1687.3843,0.1619,144,100,5,5738,,E7,,E,6031,,,,,gut_n358_1E7t_1,5738,,gutim,358,
,,,,,,,6031,,,,,,,,,,,,gutim,,
,,,,,,,,,,,,,,,,,,384,,,
384,1687.9548,0.19,144,38,17,5739,,D2,,,,d,,,,gut_n359_1D2s,5739,,gutim,359,
384,1688.1548,0.19,144,58,14,5740,,Bb3,,,,,,,,gut_n359_1Bb3s_0,5740,,gutim,359,
384,1688.1548,5.28,144,44,8,5740,,Ab2,,,,d,,,,gut_n359_5Ab2e,5740,,gutim,359,
384,1688.3548,0.1262,144,53,12,5741,,F3,,,,,,,,gut_n359_1F3s,5741,,gutim,359,
384,1688.4876000000002,0.1262,144,50,10,5742,,D3,,,,,,,,gut_n359_1D3s,5742,,gutim,359,
384,1688.6204,0.1262,144,58,8,5743,,Bb3,,,,d,,,,gut_n359_1Bb3s_1,5743,,gutim,359,
384,1689.2798,0.06,144,64,8,5744,,E4,g,,,d,,,,gut_ng359_1E4e,5744,,gutim,359,
384,1689.3548,0.3414,144,33,9,5745,,A1,,,,d,,,,gut_n359_1A1s,5745,,gutim,359,
384,1689.7141000000001,0.1143,144,65,14,5746,,F4,,,,,,,,gut_n359_1F4t,5746,,gutim,359,
384,1689.8345,0.1143,144,52,16,5747,,E3,,,,,,,,gut_n359_1E3t,5747,,gutim,359,
384,1689.9548,0.1707,144,45,17,5748,,A2,,,,,,,,gut_n359_1A2t,5748,,gutim,359,
384,1690.1345000000001,0.1143,144,77,20,5749,,F5,,,,,,,,gut_n359_1F5t,5749,,gutim,359,
384,1690.2548,0.1707,144,46,20,5750,,Bb2,,,,d,,,,gut_n359_1Bb2t_0,5750,,gutim,359,
384,1690.4345,0.1143,144,49,20,5751,,Db3,,,,d,,,,gut_n359_1Db3t,5751,,gutim,359,
384,1690.5548000000001,0.1143,144,46,17,5752,,Bb2,,,,,,,,gut_n359_1Bb2t_1,5752,,gutim,359,
384,1690.6751000000002,0.0564,144,64,14,5753,,E4,,,,,,,,gut_n359_1E4x,5753,,gutim,359,
384,1690.7345,0.0564,144,65,13,5754,,F4,,,,,,,,gut_n359_1F4x,5754,,gutim,359,
384,1690.7938000000001,0.1143,144,64,12,5755,,E4,,,,,,,,gut_n359_1E4t,5755,,gutim,359,
384,1690.9141,0.0757,144,46,9,5756,,Bb2,,,,,,,,gut_n359_1Bb2t_2,5756,,gutim,359,
384,1690.9938,0.0757,144,61,7,5757,,Db4,,,,d,,,,gut_n359_1Db4t,5757,,gutim,359,
384,1691.0735,0.0757,144,46,5,5758,,Bb2,,,,d,,,,gut_n359_1Bb2t_3,5758,,gutim,359,
,,,,,,,,,,,,,,,,,,385,,,
385,1693.5548000000001,0.1707,144,32,8,5759,,Ab1,,,,,,,,gut_n360_1Ab1t,5759,,gutim,360,
385,1693.7345,0.1707,144,72,10,5760,,C5,,,,,,,,gut_n360_1C5t_0,5760,,gutim,360,
385,1693.9141,0.1143,144,50,12,5761,,D3,,e,,,,,,gut_n360_1D3t_0,5761,,gutim,360,
385,1694.0345,0.1143,144,44,14,5762,,Ab2,,e,,,,,,gut_n360_1Ab2t,5762,,gutim,360,
385,1694.1548,0.1143,144,60,16,5763,,C4,,e,,,,,,gut_n360_1C4t,5763,,gutim,360,
385,1694.2751,0.1143,144,50,17,5764,,D3,,e,,,,,,gut_n360_1D3t_1,5764,,gutim,360,
385,1694.3954,0.1143,144,72,19,5765,,C5,,e,,,,,,gut_n360_1C5t_1,5765,,gutim,360,
385,1694.5157000000002,0.1707,144,76,20,5766,,E5,,E,,d,,,,gut_n360_1E5t_0,5766,,gutim,360,
385,1694.6954,0.1707,144,50,16,5767,,D3,,,,,,,,gut_n360_1D3x,5767,,gutim,360,
385,1694.8751,0.1143,144,76,11,5768,,E5,,,,d,,,,gut_n360_1E5t_1,5768,,gutim,360,
385,1695.0876,0.16,144,21,5,5769,,A0,,,,d,,,,gut_n360_5A0t_0,5769,,gutim,360,
385,1695.2876,0.16,144,28,6,5770,,E1,,,,d,,,,gut_n360_5E1t_0,5770,,gutim,360,
385,1695.3548,0.57,144,60,11,5771,,C4,,,,D,6032,,,gut_n360_1C4e,5771,,gutim,360,
385,1695.4876000000002,0.16,144,22,6,5772,,Bb0,,,,,,,,gut_n360_5Bb0t_0,5772,,gutim,360,
385,1695.6876,0.1063,144,29,7,5773,,F1,,,,,,,,gut_n360_5F1t_0,5773,,gutim,360,
385,1695.8204,0.1063,144,28,7,5774,,E1,,,,,,,,gut_n360_5E1t_1,5774,,gutim,360,
385,1695.9548,0.285,144,33,8,5775,,A1,,,,,,,,gut_n360_1A1s,5775,,gutim,360,
385,1695.9532000000002,0.16,144,22,8,5775,,Bb0,,,,,,,,gut_n360_5Bb0t_1,5775,,gutim,360,
385,1696.1532,0.19,144,29,8,5776,,F1,,,,,,,,gut_n360_5F1t_1,5776,,gutim,360,
385,1696.2548,0.095,144,64,5,5777,,E4,,,,,,,,gut_n360_1E4t_0,5777,,gutim,360,
385,1696.3548,0.095,144,50,4,5778,,D3,,,,,,,,gut_n360_1D3t_3,5778,,gutim,360,
385,1696.3532,0.19,144,25,9,5778,,Db1,,,,,,,,gut_n360_5Db1t,5778,,gutim,360,
385,1696.4548,0.095,144,64,2,5779,,E4,,,,,,,,gut_n360_1E4t_1,5779,,gutim,360,
385,1696.5532,0.1262,144,21,10,5780,,A0,,,,,,,,gut_n360_5A0t_1,5780,,gutim,360,
385,1696.6860000000001,0.1262,144,29,10,5781,,F1,,,,,,,,gut_n360_5F1t_2,5781,,gutim,360,
385,1696.8188,0.19,144,28,10,5782,,E1,,,,,,,,gut_n360_5E1t_2,5782,,gutim,360,
385,1697.0188,0.1291,144,22,11,5783,,Bb0,,e,,,,,,gut_n360_5Bb0t_2,5783,,gutim,360,
,,,,,,,,,,,,,,,,,,386,,,
386,1697.1548,0.1262,144,29,14,5784,,F1,,e,,,,,,gut_n361_5F1t_0,5784,,gutim,361,
386,1697.2876,0.1262,144,25,16,5785,,Db1,,e,,,,,,gut_n361_5Db1t_0,5785,,gutim,361,
386,1697.4204,0.1262,144,22,17,5786,,Bb0,,e,,,,,,gut_n361_5Bb0t_0,5786,,gutim,361,
386,1697.5532,0.0846,144,29,19,5787,,F1,,E,6032,,,,,gut_n361_5F1t_1,5787,,gutim,361,
386,1697.6423,0.0846,144,28,20,5788,,E1,,,,,,,,gut_n361_5E1t,5788,,gutim,361,
386,1697.7313000000001,0.0846,144,25,21,5789,,Db1,,,,,,,,gut_n361_5Db1t_1,5789,,gutim,361,
386,1697.8204,0.0846,144,22,22,5790,,Bb0,,,,,,,,gut_n361_5Bb0t_1,5790,,gutim,361,
386,1697.9095,0.1692,144,21,22,5791,,A0,,,,,,,,gut_n361_5A0s,5791,,gutim,361,
386,1698.0876,0.1262,144,33,19,5792,,A1,,,,,,,,gut_n361_5A1t,5792,,gutim,361,
386,1698.2204000000002,0.1262,144,52,16,5793,,E3,,,,,,,,gut_n361_5E3t_0,5793,,gutim,361,
386,1698.3532,0.1262,144,46,14,5794,,Bb2,,,,,,,,gut_n361_5Bb2t,5794,,gutim,361,
386,1698.486,0.0712,144,77,11,5795,,F5,,,,,,,,gut_n361_5F5t,5795,,gutim,361,
386,1698.5751,0.0712,144,64,10,5796,,E4,,,,,,,,gut_n361_5E4t,5796,,gutim,361,
386,1698.6641,0.0712,144,61,8,5797,,C#4,,,,,,,,gut_n361_5Cs4t,5797,,gutim,361,
,,,,,,,6032,,,,,,,,,,,,gutim,,
386,1698.9548,0.285,144,21,8,5798,,A0,,,,,,,,gut_n361_1A0s,5798,,gutim,361,
386,1699.2548,0.285,144,38,8,5799,,D2,,,,,,,,gut_n361_1D2s,5799,,gutim,361,
386,1700.7548,0.12,144,32,17,5800,,Ab1,,,,,,,,gut_n361_5Ab1t_0,5800,,gutim,361,
386,1700.9048,0.12,144,48,19,5801,,C3,,,,,,,,gut_n361_5C3t_0,5801,,gutim,361,
386,1701.0548000000001,0.08,144,32,20,5802,,Ab1,,,,,,,,gut_n361_5Ab1t_1,5802,,gutim,361,
386,1701.1548,0.08,144,48,22,5803,,C3,,,,,,,,gut_n361_5C3t_1,5803,,gutim,361,
386,1701.2548,0.08,144,52,23,5804,,E3,,,,,,,,gut_n361_5E3t_1,5804,,gutim,361,
386,1701.3548,0.0538,144,32,24,5805,,Ab1,,,,,,,,gut_n361_5Ab1x,5805,,gutim,361,
386,1701.422,0.0511,144,21,24,5806,,A0,,,,,,,,gut_n361_5A0x,5806,,gutim,361,
386,1701.4891,0.0638,144,38,22,5807,,D2,,,,,,,,gut_n361_5D2x,5807,,gutim,361,
386,1701.5563,0.19,144,32,20,5808,,Ab1,,,,,,,,gut_n361_5Ab1t_2,5808,,gutim,361,
386,1701.7563,0.0638,144,48,13,5809,,C3,,,,,,,,gut_n361_5C3x,5809,,gutim,361,
386,1701.8235,2.9747,144,52,11,5810,,E3,,,,d,,,,gut_n361_5E3t_2,5810,,gutim,361,
,,,,,,,,,,,,,,,,,,387,,,
387,1701.9548,4.56,144,52,11,5811,,E3,,,,,,,,gut_n362_5E3q,5811,,gutim,362,
387,1704.2798,0.0712,144,74,8,5812,,D5,g,,,d,,,,gut_ng362_6D5e,5812,,gutim,362,
387,1704.3548,0.2538,144,97,5,5813,,C#7,,,,d,,,,gut_n362_1Cs7s_0,5813,,gutim,362,
387,1704.3548,0.095,144,76,5,5813,,E5,,e,,d,,,,gut_n362_2E5t,5813,,gutim,362,
387,1704.3548,2.28,144,64,8,5813,,E4,,,,d,,,,gut_n362_6E4h,5813,,gutim,362,
387,1704.4548,0.095,144,66,6,5814,,F#4,,e,,,,,,gut_n362_2Fs4t,5814,,gutim,362,
387,1704.5548000000001,0.095,144,83,7,5815,,B5,,e,,,,,,gut_n362_2B5t_0,5815,,gutim,362,
387,1704.6173000000001,0.2538,144,78,8,5816,,F#5,,,,,,,,gut_n362_1Fs5s_0,5816,,gutim,362,
387,1704.6548,0.095,144,86,8,5817,,D6,,e,,,,,,gut_n362_2D6t,5817,,gutim,362,
387,1704.7548,0.095,144,83,10,5818,,B5,,e,,,,,,gut_n362_2B5t_1,5818,,gutim,362,
387,1704.8548,0.095,144,58,11,5819,,A#3,,e,,,,,,gut_n362_2As3t,5819,,gutim,362,
387,1704.8845000000001,0.2538,144,97,11,5820,,C#7,,,,,,,,gut_n362_1Cs7s_1,5820,,gutim,362,
387,1704.9548,0.57,144,83,12,5821,,B5,,E,,,,,,gut_n362_2B5e,5821,,gutim,362,
387,1705.1516000000001,0.76,144,78,14,5822,,F#5,,,,,,,,gut_n362_1Fs5s_1,5822,,gutim,362,
387,1705.9548,0.76,144,107,5,5823,,B7,,,,,,,,gut_n362_1B7q,5823,,gutim,362,
,,,,,,,,,,,,,,,,,,388,,,
388,1706.7548,0.38,144,81,5,5824,,A5,,,,,,,,gut_n363_1A5e,5824,,gutim,363,
388,1707.1548,1.9,144,89,5,5825,,F6,,,,,,,,gut_n363_1F6q_0,5825,,gutim,363,
388,1709.1548,0.0713,144,108,5,5826,,C8,,e,,d,,,,gut_n363_1C8x,5826,,gutim,363,
388,1709.1548,0.2286,144,101,5,5826,,F7,,,,D,,,,gut_n363_5F7s,5826,,gutim,363,
388,1709.1548,1.71,144,55,20,5826,,G3,,,,D,,,,gut_n363_6G3q,5826,,gutim,363,
388,1709.1548,1.71,144,61,8,5826,,C#4,,,,D,,,,gut_n363_6Cs4q,5826,,gutim,363,
388,1709.1548,1.71,144,71,8,5826,,B4,,,,D,,,,gut_n363_6B4q,5826,,gutim,363,
388,1709.2298,0.0713,144,102,5,5827,,F#7,,e,,d,,,,gut_n363_1Fs7x_0,5827,,gutim,363,
388,1709.3048000000001,0.0713,144,99,5,5828,,D#7,,e,,d,,,,gut_n363_1Ds7x,5828,,gutim,363,
388,1709.3798,0.0713,144,102,5,5829,,F#7,,e,,d,,,,gut_n363_1Fs7x_1,5829,,gutim,363,
388,1709.3938,0.1143,144,85,5,5830,,C#6,,,,D,,,,gut_n363_5Cs6t_0,5830,,gutim,363,
388,1709.4548,0.2137,144,107,5,5831,,B7,,E,,d,,,,gut_n363_1B7t,5831,,gutim,363,
388,1709.5141,0.1143,144,81,5,5832,,A5,,,,D,6033,,,gut_n363_5A5t,5832,,gutim,363,
388,1709.6345000000001,0.0757,144,86,5,5833,,D6,,e,,,,,,gut_n363_5D6t_0,5833,,gutim,363,
388,1709.6798000000001,0.0713,144,103,5,5834,,G7,,,,,,,,gut_n363_1G7x,5834,,gutim,363,
388,1709.7141000000001,0.0757,144,85,5,5835,,C#6,,e,,,,,,gut_n363_5Cs6t_1,5835,,gutim,363,
388,1709.7938000000001,0.0757,144,69,5,5836,,A4,,e,,,,,,gut_n363_5A4t,5836,,gutim,363,
388,1709.8735000000001,0.1143,144,86,5,5837,,D6,,E,,,,,,gut_n363_5D6t_1,5837,,gutim,363,
388,1709.9938,0.3429,144,104,5,5838,,G#7,,,,,,,,gut_n363_5Gs7s,5838,,gutim,363,
388,1710.9548,0.2286,144,32,11,5839,,G#1,,,,,,,,gut_n363_5Gs1s_0,5839,,gutim,363,
388,1710.9548,0.57,144,71,5,5839,,B4,,,,,,,,gut_n363_6B4e,5839,,gutim,363,
388,1711.1938,0.1143,144,43,8,5840,,G2,,,,,,,,gut_n363_5G2t,5840,,gutim,363,
388,1711.3141,0.2286,144,32,5,5841,,G#1,,,,,,,,gut_n363_5Gs1s_1,5841,,gutim,363,
,,,,,,,,,,,,,,,,,,389,,,
389,1711.5548000000001,0.0712,144,49,2,5842,,C#3,g,,,,,,,gut_ng364_6Cs3e,5842,,gutim,364,
389,1711.6298,1.14,144,29,2,5843,,F1,,,,,,,,gut_n364_6F1q,5843,,gutim,364,
389,1713.0688,0.2286,144,65,5,5844,,F4,,,,,,,,gut_n364_5F4s,5844,,gutim,364,
389,1713.2298,0.285,144,95,5,5845,,B6,,,,,,,,gut_n364_1B6s,5845,,gutim,364,
389,1713.3095,0.1143,144,62,5,5846,,D4,,,,,,,,gut_n364_5D4t,5846,,gutim,364,
389,1713.4298000000001,0.1143,144,61,5,5847,,C#4,,,,,,,,gut_n364_5Cs4t,5847,,gutim,364,
389,1713.5298,0.095,144,69,5,5848,,A4,,,,,,,,gut_n364_1A4t,5848,,gutim,364,
389,1713.5501000000002,0.1514,144,57,5,5849,,A3,,e,,,,,,gut_n364_5A3s,5849,,gutim,364,
389,1713.6298,0.0638,144,77,6,5850,,F5,,,,,,,,gut_n364_1F5t_0,5850,,gutim,364,
389,1713.7298,0.0712,144,83,8,5851,,B5,g,,,,,,,gut_ng364_1B5e,5851,,gutim,364,
389,1713.8048000000001,0.0638,144,85,6,5852,,C#6,,,,,,,,gut_n364_1Cs6t_0,5852,,gutim,364,
389,1713.8173,0.1514,144,62,5,5853,,D4,,e,,,,,,gut_n364_5D4s,5853,,gutim,364,
389,1713.872,0.0638,144,77,7,5854,,F5,,,,,,,,gut_n364_1F5t_1,5854,,gutim,364,
389,1713.9391,0.0638,144,85,7,5855,,C#6,,,,,,,,gut_n364_1Cs6t_1,5855,,gutim,364,
389,1713.9766,0.1514,144,68,5,5856,,G#4,,e,,,,,,gut_n364_5Gs4s,5856,,gutim,364,
389,1714.0063,0.1262,144,66,8,5857,,F#4,,,,,,,,gut_n364_1Fs4s,5857,,gutim,364,
389,1714.136,0.3414,144,56,11,5858,,G#3,,E,6033,,,,,gut_n364_5Gs3s,5858,,gutim,364,
389,1714.1376,1.14,144,73,20,5859,,C#5,,,,,,,,gut_n364_1Cs5q,5859,,gutim,364,
389,1714.1376,1.14,144,86,20,5859,,D6,,,,,,,,gut_n364_1D6q,5859,,gutim,364,
389,1714.4938,0.2316,144,81,14,5860,,A5,,,,,,,,gut_n364_5A5s,5860,,gutim,364,
389,1714.7376000000002,0.57,144,76,17,5861,,E5,,,,,,,,gut_n364_5E5e,5861,,gutim,364,
,,,,,,,6033,,,,,,,,,,,,gutim,,
389,1715.3376,5.0526,144,27,5,5862,,D#1,,,,d,,,,gut_n364_6Ds1q,5862,,gutim,364,
389,1715.3376,5.0526,144,52,20,5862,,E3,,,,d,,,,gut_n364_6E3q,5862,,gutim,364,
389,1715.3376,5.0526,144,54,14,5862,,F#3,,,,d,,,,gut_n364_6Fs3q,5862,,gutim,364,
,,,,,,,,,,,,,,,,,,390,,,
390,1716.9165,0.1504,144,89,2,5863,,F6,,,,d,,,,gut_n365_1F6t_0,5863,,gutim,365,
390,1717.0748,0.0996,144,61,2,5864,,C#4,,,,d,,,,gut_n365_1Cs4t,5864,,gutim,365,
390,1717.1797000000001,0.0996,144,74,2,5865,,D5,,,,d,,,,gut_n365_1D5t,5865,,gutim,365,
390,1717.2845,0.1504,144,73,2,5866,,C#5,,,,D,,,,gut_n365_1Cs5t,5866,,gutim,365,
390,1717.4428,0.1504,144,57,2,5867,,A3,,,,,,,,gut_n365_1A3x,5867,,gutim,365,
390,1717.6012,0.0996,144,86,2,5868,,D6,,,,,,,,gut_n365_1D6t_0,5868,,gutim,365,
390,1717.7060000000001,0.0996,144,89,2,5869,,F6,,,,,,,,gut_n365_1F6t_1,5869,,gutim,365,
390,1717.7060000000001,0.0937,144,75,2,5869,,D#5,,e,,d,,,,gut_n365_5Ds5x,5869,,gutim,365,
390,1717.8047000000001,0.0937,144,83,2,5870,,B5,,e,,d,,,,gut_n365_5B5x_0,5870,,gutim,365,
390,1717.8109,0.0996,144,86,2,5871,,D6,,,,,,,,gut_n365_1D6t_1,5871,,gutim,365,
390,1717.9034000000001,0.0938,144,84,2,5872,,C6,,e,,d,,,,gut_n365_5C6x,5872,,gutim,365,
390,1717.9157,0.0996,144,92,2,5873,,G#6,,,,,,,,gut_n365_1Gs6t_0,5873,,gutim,365,
390,1718.0021000000002,0.0937,144,83,2,5874,,B5,,e,,d,,,,gut_n365_5B5x_1,5874,,gutim,365,
390,1718.0206,0.1504,144,85,2,5875,,C#6,,,,,,,,gut_n365_1Cs6t,5875,,gutim,365,
390,1718.1007,0.2813,144,79,2,5876,,G5,,E,,d,,,,gut_n365_5G5t,5876,,gutim,365,
390,1718.1789,0.0996,144,81,2,5877,,A5,,,,,,,,gut_n365_1A5t,5877,,gutim,365,
390,1718.2837,0.0996,144,86,2,5878,,D6,,,,,,,,gut_n365_1D6t_2,5878,,gutim,365,
390,1718.3886,0.0996,144,92,2,5879,,G#6,,,,,,,,gut_n365_1Gs6t_1,5879,,gutim,365,
390,1718.3968,0.0937,144,78,2,5880,,F#5,,,,,,,,gut_n365_5Fs5x,5880,,gutim,365,
390,1720.0744,0.1875,144,87,2,5881,,D#6,,,,,,,,gut_n365_5Ds6t_0,5881,,gutim,365,
390,1720.1793,0.0996,144,98,2,5882,,D7,,,,,,,,gut_n365_1D7t_0,5882,,gutim,365,
390,1720.2718,0.1875,144,95,2,5883,,B6,,,,,,,,gut_n365_5B6t_0,5883,,gutim,365,
390,1720.2841,0.0996,144,101,2,5884,,F7,,,,,,,,gut_n365_1F7t_0,5884,,gutim,365,
390,1720.3890000000001,0.0996,144,98,2,5885,,D7,,,,,,,,gut_n365_1D7t_1,5885,,gutim,365,
390,1720.4692,0.125,144,96,2,5886,,C7,,e,,d,,,,gut_n365_5C7t_0,5886,,gutim,365,
390,1720.4938,0.0996,144,101,2,5887,,F7,,,,,,,,gut_n365_1F7t_1,5887,,gutim,365,
390,1720.5987,0.0996,144,98,2,5888,,D7,,,,,,,,gut_n365_1D7t_2,5888,,gutim,365,
390,1720.6007,0.125,144,95,2,5888,,B6,,e,,d,,,,gut_n365_5B6t_1,5888,,gutim,365,
390,1720.7035,0.1504,144,104,2,5889,,G#7,,,,,,,,gut_n365_1Gs7t_0,5889,,gutim,365,
390,1720.7323000000001,0.125,144,96,2,5890,,C7,,e,,d,,,,gut_n365_5C7t_1,5890,,gutim,365,
390,1720.8618000000001,0.0996,144,97,2,5891,,C#7,,,,,,,,gut_n365_1Cs7t_0,5891,,gutim,365,
390,1720.8639,0.125,144,95,2,5892,,B6,,e,,d,,,,gut_n365_5B6t_2,5892,,gutim,365,
390,1720.9667,0.0996,144,104,2,5893,,G#7,,,,,,,,gut_n365_1Gs7t_1,5893,,gutim,365,
390,1720.9955,0.125,144,96,2,5894,,C7,,e,,d,,,,gut_n365_5C7t_2,5894,,gutim,365,
390,1721.0715,0.1504,144,97,2,5895,,C#7,,,,,,,,gut_n365_1Cs7t_1,5895,,gutim,365,
390,1721.1271000000002,0.125,144,95,2,5896,,B6,,e,,d,,,,gut_n365_5B6t_3,5896,,gutim,365,
390,1721.2299,0.1504,144,93,2,5897,,A6,,,,,,,,gut_n365_1A6x,5897,,gutim,365,
390,1721.2586000000001,0.1875,144,91,2,5898,,G6,,E,,d,,,,gut_n365_5G6t,5898,,gutim,365,
390,1721.3882,0.0996,144,98,2,5899,,D7,,,,,,,,gut_n365_1D7t_3,5899,,gutim,365,
390,1721.4560000000001,0.1875,144,78,2,5900,,F#5,,,,,,,,gut_n365_5Fs5t,5900,,gutim,365,
390,1721.493,0.1504,144,104,2,5901,,G#7,,,,,,,,gut_n365_1Gs7t_2,5901,,gutim,365,
390,1721.6513,0.0996,144,98,2,5902,,D7,,,,,,,,gut_n365_1D7t_4,5902,,gutim,365,
390,1721.6534000000001,0.125,144,90,2,5903,,F#6,,,,,,,,gut_n365_5Fs6t_0,5903,,gutim,365,
390,1721.7562,0.1992,144,97,2,5904,,C#7,,,,,,,,gut_n365_1Cs7s,5904,,gutim,365,
390,1721.785,0.125,144,87,2,5905,,D#6,,,,,,,,gut_n365_5Ds6t_1,5905,,gutim,365,
390,1721.9165,0.125,144,90,2,5906,,F#6,,,,,,,,gut_n365_5Fs6t_1,5906,,gutim,365,
390,1721.9659000000001,0.0996,144,104,2,5907,,G#7,,,,,,,,gut_n365_1Gs7t_3,5907,,gutim,365,
390,1722.0707,0.1992,144,93,2,5908,,A6,,,,,,,,gut_n365_1A6s,5908,,gutim,365,
,,,,,,,,,,,,,,,,,,391,,,
391,1723.2323000000001,0.125,144,86,2,5909,,D6,,,,,,,,gut_n366_5D6t_0,5909,,gutim,366,
391,1723.3639,0.125,144,89,2,5910,,F6,,,,,,,,gut_n366_5F6t_0,5910,,gutim,366,
391,1723.3906,0.1504,144,99,2,5911,,D#7,,,,,,,,gut_n366_1Ds7t,5911,,gutim,366,
391,1723.4955,0.084,144,86,2,5912,,D6,,e,,d,,,,gut_n366_5D6t_1,5912,,gutim,366,
391,1723.5489,0.1504,144,107,2,5913,,B7,,,,,,,,gut_n366_1B7t_0,5913,,gutim,366,
391,1723.5839,0.084,144,89,2,5914,,F6,,e,,d,,,,gut_n366_5F6t_1,5914,,gutim,366,
391,1723.6723,0.084,144,86,2,5915,,D6,,e,,d,,,,gut_n366_5D6t_2,5915,,gutim,366,
391,1723.7072,0.1504,144,108,2,5916,,C8,,,,,,,,gut_n366_1C8t_0,5916,,gutim,366,
391,1723.7607,0.125,144,89,2,5917,,F6,,e,,d,,,,gut_n366_5F6t_2,5917,,gutim,366,
391,1723.8655,0.0996,144,107,2,5918,,B7,,e,,d,,,,gut_n366_1B7t_1,5918,,gutim,366,
391,1723.8923,0.125,144,92,2,5919,,G#6,,,,,,,,gut_n366_5Gs6t_0,5919,,gutim,366,
391,1723.9704000000002,0.0996,144,108,2,5920,,C8,,e,,d,,,,gut_n366_1C8t_1,5920,,gutim,366,
391,1724.0239000000001,0.125,144,85,2,5921,,C#6,,,,,,,,gut_n366_5Cs6t_0,5921,,gutim,366,
391,1724.0752,0.0996,144,107,2,5922,,B7,,e,,d,,,,gut_n366_1B7t_2,5922,,gutim,366,
391,1724.1554,0.084,144,92,2,5923,,G#6,,e,,d,,,,gut_n366_5Gs6t_1,5923,,gutim,366,
391,1724.1801,0.0996,144,108,2,5924,,C8,,e,,d,,,,gut_n366_1C8t_2,5924,,gutim,366,
391,1724.2438,0.084,144,85,2,5925,,C#6,,e,,d,,,,gut_n366_5Cs6t_1,5925,,gutim,366,
391,1724.285,0.0996,144,107,2,5926,,B7,,e,,d,,,,gut_n366_1B7t_3,5926,,gutim,366,
391,1724.3322,0.209,144,92,2,5927,,G#6,,e,,d,,,,gut_n366_5Gs6t_2,5927,,gutim,366,
391,1724.3898000000002,0.0996,144,108,2,5928,,C8,,e,,d,,,,gut_n366_1C8t_3,5928,,gutim,366,
391,1724.4947,0.0996,144,107,2,5929,,B7,,e,,d,,,,gut_n366_1B7t_4,5929,,gutim,366,
391,1724.5522,0.25,144,73,2,5930,,C#5,,,,,,,,gut_n366_5Cs5s,5930,,gutim,366,
391,1724.5995,0.1504,144,103,2,5931,,G7,,E,6034,D,6034,,,gut_n366_1G7t_0,5931,,gutim,366,
391,1724.7578,0.1504,144,102,2,5932,,F#7,,,,,,,,gut_n366_1Fs7x,5932,,gutim,366,
391,1724.8154,0.084,144,69,2,5933,,A4,,,,,,,,gut_n366_5A4t,5933,,gutim,366,
391,1724.9038,0.084,144,101,2,5934,,F7,,,,,,,,gut_n366_5F7t_0,5934,,gutim,366,
391,1724.9161000000001,0.0996,144,107,2,5935,,B7,,,,,,,,gut_n366_1B7t_5,5935,,gutim,366,
391,1724.9922000000001,0.084,144,98,2,5936,,D7,,,,,,,,gut_n366_5D7t,5936,,gutim,366,
391,1725.021,0.1504,144,103,2,5937,,G7,,,,,,,,gut_n366_1G7t_1,5937,,gutim,366,
391,1725.0806,0.125,144,101,2,5938,,F7,,,,,,,,gut_n366_5F7t_1,5938,,gutim,366,
391,1725.1793,0.1504,144,90,2,5939,,F#6,,,,,,,,gut_n366_1Fs6x,5939,,gutim,366,
391,1725.2122,0.125,144,104,2,5940,,G#7,,,,,,,,gut_n366_5Gs7t_0,5940,,gutim,366,
,,,,,,,6034a,,,,,,,,,,,,gutim,,
391,1725.3376,0.0996,144,87,2,5941,,D#6,,,,,,,,gut_n366_1Ds6t_0,5941,,gutim,366,
391,1725.3438,0.084,144,85,2,5942,,C#6,,,,,,,,gut_n366_5Cs6t_2,5942,,gutim,366,
391,1725.4322,0.084,144,104,2,5943,,G#7,,,,,,,,gut_n366_5Gs7t_1,5943,,gutim,366,
391,1725.4424000000001,0.1504,144,95,2,5944,,B6,,,,,,,,gut_n366_1B6t_0,5944,,gutim,366,
391,1725.5206,0.084,144,97,2,5945,,C#7,,,,,,,,gut_n366_5Cs7t,5945,,gutim,366,
391,1725.6007,0.1504,144,91,2,5946,,G6,,,,,,,,gut_n366_1G6t_0,5946,,gutim,366,
391,1726.3902,0.0996,144,87,5,5947,,D#6,,,,d,,,,gut_n366_1Ds6t_1,5947,,gutim,366,
391,1726.3902,1.2632,144,52,11,5947,,E3,,,,d,,,,gut_n366_6E3q,5947,,gutim,366,
391,1726.3902,1.2632,144,54,5,5947,,F#3,,,,d,,,,gut_n366_6Fs3q,5947,,gutim,366,
391,1726.3902,1.2632,144,86,20,5947,,D6,,,,d,,,,gut_n366_6D6q,5947,,gutim,366,
391,1726.4951,0.0996,144,90,5,5948,,F#6,,,,d,,,,gut_n366_1Fs6t_1,5948,,gutim,366,
391,1726.5999,0.1738,144,95,5,5949,,B6,,,,d,,,,gut_n366_1B6t_1,5949,,gutim,366,
391,1726.7829000000002,0.125,144,96,5,5950,,C7,,,,D,,,,gut_n366_1C7x_0,5950,,gutim,366,
391,1726.785,0.125,144,85,5,5950,,C#6,,e,,d,,,,gut_n366_5Cs6t_3,5950,,gutim,366,
391,1726.9145,0.1504,144,91,5,5951,,G6,,,,,,,,gut_n366_1G6x,5951,,gutim,366,
391,1726.9165,0.125,144,92,5,5951,,G#6,,e,,d,,,,gut_n366_5Gs6t_4,5951,,gutim,366,
391,1727.0481,0.125,144,85,5,5952,,C#6,,e,,d,,,,gut_n366_5Cs6t_4,5952,,gutim,366,
391,1727.0728000000001,0.0996,144,90,5,5953,,F#6,,,,,,,,gut_n366_1Fs6t_2,5953,,gutim,366,
391,1727.1776,0.0996,144,96,5,5954,,C7,,,,,,,,gut_n366_1C7t_0,5954,,gutim,366,
391,1727.1797000000001,0.25,144,69,5,5954,,A4,,E,,d,,,,gut_n366_5A4s,5954,,gutim,366,
391,1727.2825,0.0996,144,87,5,5955,,D#6,,,,,,,,gut_n366_1Ds6t_2,5955,,gutim,366,
391,1727.3873,0.0996,144,96,5,5956,,C7,,,,,,,,gut_n366_1C7t_1,5956,,gutim,366,
391,1727.4428,0.125,144,89,5,5957,,F6,,e,,,,,,gut_n366_5F6t_3,5957,,gutim,366,
391,1727.4922000000001,0.1504,144,91,5,5958,,G6,,,,,,,,gut_n366_1G6t_2,5958,,gutim,366,
391,1727.5744,0.125,144,74,5,5959,,D5,,e,,,,,,gut_n366_5D5t_0,5959,,gutim,366,
391,1727.6505,0.0996,144,90,5,5960,,F#6,,,,,,,,gut_n366_1Fs6t_3,5960,,gutim,366,
391,1727.7060000000001,0.125,144,89,5,5961,,F6,,e,,,,,,gut_n366_5F6t_4,5961,,gutim,366,
391,1727.7553,0.0996,144,96,5,5962,,C7,,,,,,,,gut_n366_1C7t_2,5962,,gutim,366,
391,1727.8376,0.125,144,74,5,5963,,D5,,e,,,,,,gut_n366_5D5t_1,5963,,gutim,366,
391,1727.8602,0.6992,144,87,5,5964,,D#6,,,,,,,,gut_n366_1Ds6t_3,5964,,gutim,366,
391,1727.9692,1.2632,144,60,5,5965,,C4,,E,,,,,,gut_n366_6C4q,5965,,gutim,366,
391,1728.5962,0.0996,144,75,5,5966,,D#5,,e,,,,,,gut_n366_1Ds5t,5966,,gutim,366,
391,1728.7011,0.0996,144,95,5,5967,,B6,,e,,,,,,gut_n366_1B6t_2,5967,,gutim,366,
391,1728.8059,0.0996,144,108,5,5968,,C8,,e,,,,,,gut_n366_1C8t_4,5968,,gutim,366,
391,1728.9108,0.0996,144,95,5,5969,,B6,,e,,,,,,gut_n366_1B6t_3,5969,,gutim,366,
391,1728.9560000000001,0.0937,144,98,5,5970,,D7,,,,d,,,,gut_n366_5D7x_0,5970,,gutim,366,
391,1729.0156,0.0996,144,108,5,5971,,C8,,e,,,,,,gut_n366_1C8t_5,5971,,gutim,366,
391,1729.0547000000001,0.0937,144,101,5,5972,,F7,,,,d,,,,gut_n366_5F7x_0,5972,,gutim,366,
391,1729.1205,0.0996,144,95,5,5973,,B6,,e,,,,,,gut_n366_1B6t_4,5973,,gutim,366,
391,1729.1534000000001,0.0938,144,98,5,5974,,D7,,,,d,,,,gut_n366_5D7x_1,5974,,gutim,366,
391,1729.2253,0.1504,144,91,5,5975,,G6,,E,,,,,,gut_n366_1G6t_3,5975,,gutim,366,
391,1729.2521000000002,0.0937,144,101,5,5976,,F7,,,,d,,,,gut_n366_5F7x_1,5976,,gutim,366,
391,1729.3507,0.0937,144,98,5,5977,,D7,,,,d,,,,gut_n366_5D7x_2,5977,,gutim,366,
391,1729.3836000000001,0.7559,144,96,5,5978,,C7,,,,,,,,gut_n366_1C7t_3,5978,,gutim,366,
391,1729.4494,0.0937,144,104,5,5979,,G#7,,,,D,,,,gut_n366_5Gs7x,5979,,gutim,366,
,,,,,,,,,,,,,,,,,,392,,,
392,1729.9428,0.5625,144,85,5,5980,,C#6,,,,,,,,gut_n367_5Cs6s,5980,,gutim,367,
392,1730.1793,0.1504,144,79,5,5981,,G5,,,,,,,,gut_n367_1G5t_0,5981,,gutim,367,
392,1730.3376,0.1504,144,66,5,5982,,F#4,,,,,,,,gut_n367_1Fs4t_0,5982,,gutim,367,
392,1730.4959000000001,0.0996,144,83,5,5983,,B5,,e,,d,,,,gut_n367_1B5t_0,5983,,gutim,367,
392,1730.535,0.5625,144,69,5,5984,,A4,,,,,,,,gut_n367_5A4s_0,5984,,gutim,367,
392,1730.6007,0.0996,144,79,5,5985,,G5,,e,,d,,,,gut_n367_1G5t_1,5985,,gutim,367,
392,1730.7056,0.0996,144,78,5,5986,,F#5,,e,,d,,,,gut_n367_1Fs5t,5986,,gutim,367,
392,1730.8104,0.0996,144,83,5,5987,,B5,,e,,d,,,,gut_n367_1B5t_1,5987,,gutim,367,
392,1730.9153000000001,0.0996,144,96,5,5988,,C7,,e,,d,,,,gut_n367_1C7t_0,5988,,gutim,367,
392,1731.0202000000002,0.0996,144,83,5,5989,,B5,,e,,d,,,,gut_n367_1B5t_2,5989,,gutim,367,
392,1731.125,0.0996,144,79,5,5990,,G5,,e,,d,,,,gut_n367_1G5t_2,5990,,gutim,367,
392,1731.1271000000002,0.75,144,73,5,5990,,C#5,,,,,,,,gut_n367_5Cs5e,5990,,gutim,367,
392,1731.2299,0.0996,144,66,5,5991,,F#4,,e,,d,,,,gut_n367_1Fs4t_1,5991,,gutim,367,
392,1731.3347,0.0996,144,79,5,5992,,G5,,e,,d,,,,gut_n367_1G5t_3,5992,,gutim,367,
392,1731.4396000000002,0.1504,144,66,5,5993,,F#4,,e,,d,,,,gut_n367_1Fs4t_2,5993,,gutim,367,
392,1731.5979,0.0996,144,63,5,5994,,D#4,,e,,d,,,,gut_n367_1Ds4t,5994,,gutim,367,
392,1731.7027,0.0996,144,71,5,5995,,B4,,e,,d,,,,gut_n367_1B4t,5995,,gutim,367,
392,1731.8076,0.0996,144,84,5,5996,,C6,,e,,d,,,,gut_n367_1C6t,5996,,gutim,367,
392,1731.9124,0.1504,144,67,5,5997,,G4,,E,6035,D,6035,,,gut_n367_1G4t,5997,,gutim,367,
392,1731.9165,0.375,144,69,5,5998,,A4,,,,,,,,gut_n367_5A4s_1,5998,,gutim,367,
392,1731.9165,0.25,144,54,8,5998,,F#3,,,,,,,,gut_n367_6Fs3s,5998,,gutim,367,
392,1732.0707,0.6035,144,66,5,5999,,F#4,,,,,,,,gut_n367_1Fs4e,5999,,gutim,367,
392,1732.1797000000001,0.25,144,57,9,6000,,A3,,,,,,,,gut_n367_6A3s,6000,,gutim,367,
392,1732.3113,1.5789,144,45,22,6001,,A2,,,,,,,,gut_n367_5A2s,6001,,gutim,367,
392,1732.4428,0.25,144,65,11,6002,,F4,,,,,,,,gut_n367_6F4s,6002,,gutim,367,
392,1732.7060000000001,2.436,144,60,5,6003,,C4,,,,,,,,gut_n367_6C4t,6003,,gutim,367,
392,1732.8376,2.3307,144,76,5,6004,,E5,,,,,,,,gut_n367_6E5s_0,6004,,gutim,367,
,,,,,,,6034b,,,,,,,,,,,,gutim,,
392,1734.285,0.1646,144,96,2,6005,,C7,,,,,,,,gut_n367_1C7t_1,6005,,gutim,367,
392,1734.4582,0.2426,144,87,2,6006,,D#6,,,,,,,,gut_n367_1Ds6t,6006,,gutim,367,
392,1734.6978000000001,0.0951,144,86,2,6007,,D6,,,,,,,,gut_n367_5D6t_0,6007,,gutim,367,
392,1734.7135,0.2365,144,95,2,6008,,B6,,,,,,,,gut_n367_1B6t,6008,,gutim,367,
392,1734.7979,0.0942,144,89,2,6009,,F6,,,,,,,,gut_n367_5F6t,6009,,gutim,367,
392,1734.897,0.0932,144,86,2,6010,,D6,,,,,,,,gut_n367_5D6t_1,6010,,gutim,367,
392,1734.9625,0.1539,144,96,2,6011,,C7,,,,,,,,gut_n367_1C7t_2,6011,,gutim,367,
392,1734.9951,0.0923,144,92,2,6012,,G#6,,,,,,,,gut_n367_5Gs6t_0,6012,,gutim,367,
392,1735.0923,0.0914,144,85,2,6013,,C#6,,,,,,,,gut_n367_5Cs6t_0,6013,,gutim,367,
392,1735.1245000000001,0.1514,144,91,2,6014,,G6,,,,,,,,gut_n367_1G6t_0,6014,,gutim,367,
392,1735.1886,0.1364,144,92,2,6015,,G#6,,,,,,,,gut_n367_5Gs6t_1,6015,,gutim,367,
392,1735.2839000000001,0.1491,144,90,2,6016,,F#6,,,,,,,,gut_n367_1Fs6t_0,6016,,gutim,367,
392,1735.3322,0.1345,144,85,2,6017,,C#6,,,,,,,,gut_n367_5Cs6t_1,6017,,gutim,367,
392,1735.4408,0.1468,144,91,2,6018,,G6,,,,,,,,gut_n367_1G6t_1,6018,,gutim,367,
392,1735.4737,0.2634,144,81,2,6019,,A5,,,,,,,,gut_n367_5A5s,6019,,gutim,367,
392,1735.5953,0.1479,144,90,2,6020,,F#6,,,,,,,,gut_n367_1Fs6t_1,6020,,gutim,367,
,,,,,,,6035,,,,,,,,,,,,gutim,,
,,,,,,,,,,,,,,,,,,393,,,
393,1735.751,0.06,144,86,22,6021,,D6,g,,,d,,,,gut_ng368_1D6e,6021,,gutim,368,
393,1735.751,0.06,144,56,5,6021,,G#3,g,,,d,,,,gut_ng368_5Gs3e,6021,,gutim,368,
393,1735.826,2.5263,144,81,22,6022,,A5,,,,d,,,,gut_n368_1A5h,6022,,gutim,368,
393,1735.826,2.5263,144,86,22,6022,,D6,,,,d,,,,gut_n368_1D6h,6022,,gutim,368,
393,1735.826,0.9004,144,85,5,6022,,C#6,,,,d,,,,gut_n368_2Cs6e_0,6022,,gutim,368,
393,1735.9843,0.1504,144,62,6,6023,,D4,,,,d,,,,gut_n368_5D4t_0,6023,,gutim,368,
393,1736.1426000000001,0.1504,144,56,7,6024,,G#3,,,,,,,,gut_n368_5Gs3t_1,6024,,gutim,368,
393,1736.3009,0.3008,144,62,7,6025,,D4,,,,,,,,gut_n368_5D4s_0,6025,,gutim,368,
393,1736.6175,0.3008,144,56,9,6026,,G#3,,,,,,,,gut_n368_5Gs3s,6026,,gutim,368,
393,1736.7738,1.3496,144,85,8,6027,,C#6,,,,,,,,gut_n368_2Cs6e_1,6027,,gutim,368,
393,1736.9341,0.1504,144,62,10,6028,,D4,,,,,,,,gut_n368_5D4t_1,6028,,gutim,368,
393,1737.0924,0.1504,144,56,11,6029,,G#3,,,,,,,,gut_n368_5Gs3t_2,6029,,gutim,368,
393,1737.2507,1.2012,144,62,11,6030,,D4,,,,,,,,gut_n368_5D4t_2,6030,,gutim,368,
393,1738.1944,0.75,144,85,11,6031,,C#6,,,,,,,,gut_n368_2Cs6e_3,6031,,gutim,368,
393,1738.5151,0.1504,144,56,16,6032,,G#3,,,,,,,,gut_n368_5Gs3t_3,6032,,gutim,368,
393,1738.6734000000001,0.2949,144,62,17,6033,,D4,,,,,,,,gut_n368_5D4s_1,6033,,gutim,368,
393,1738.9839,0.1504,144,72,18,6034,,C5,,,,,,,,gut_n368_2C5t,6034,,gutim,368,
393,1739.1422,0.3008,144,76,19,6035,,E5,,,,,,,,gut_n368_2E5s_0,6035,,gutim,368,
393,1739.4588,0.0742,144,85,20,6036,,C#6,,,,,,,,gut_n368_2Cs6x,6036,,gutim,368,
393,1739.5369,0.0742,144,44,21,6037,,G#2,,,,,,,,gut_n368_2Gs2x,6037,,gutim,368,
393,1739.6151,0.0742,144,50,21,6038,,D3,,,,,,,,gut_n368_2D3x,6038,,gutim,368,
393,1739.6932,0.0742,144,72,21,6039,,C5,,,,,,,,gut_n368_2C5x,6039,,gutim,368,
393,1739.7713,0.4492,144,76,22,6040,,E5,,,,,,,,gut_n368_2E5s_1,6040,,gutim,368,
393,1740.1681,1.4211,144,101,20,6041,,F7,,,,,,,,gut_n368_1F7s,6041,,gutim,368,
393,1740.3655,0.1579,144,52,24,6042,,E3,,,,,,,,gut_n368_5E3t_0,6042,,gutim,368,
393,1740.5628000000002,0.1579,144,34,24,6043,,Bb1,,,,,,,,gut_n368_5Bb1t,6043,,gutim,368,
393,1740.5628000000002,0.1579,144,52,24,6043,,E3,,,,,,,,gut_n368_5E3t_1,6043,,gutim,368,
393,1740.7602,0.4737,144,34,24,6044,,Bb1,,,,,,,,gut_n368_5Bb1s,6044,,gutim,368,
393,1740.7602,0.4737,144,42,24,6044,,Gb2,,,,,,,,gut_n368_5Gb2s,6044,,gutim,368,
393,1741.3523,0.6316,144,42,21,6045,,Gb2,,,,,,,,gut_n368_5Gb2e,6045,,gutim,368,
393,1741.9444,0.1579,144,101,20,6046,,F7,,,,d,,,,gut_n368_1F7t,6046,,gutim,368,
,,,,,,,,,,,,,,,,,,394,,,
394,1742.1418,3.0,144,76,22,6047,,E5,,,,d,,,,gut_n369_1E5h,6047,,gutim,369,
394,1742.1418,3.0,144,101,22,6047,,F7,,,,d,,,,gut_n369_1F7h,6047,,gutim,369,
394,1742.1418,0.334,144,88,5,6047,,E6,,,,d,,,,gut_n369_2E6s_0,6047,,gutim,369,
394,1742.4933,0.666,144,68,5,6048,,G#4,,,,d,,,,gut_n369_2Gs4e,6048,,gutim,369,
394,1743.3692,0.166,144,85,5,6049,,C#6,,,,d,,,,gut_n369_2Cs6t_0,6049,,gutim,369,
394,1743.5439000000001,0.166,144,79,5,6050,,G5,,,,d,,,,gut_n369_2G5t_0,6050,,gutim,369,
394,1743.7187000000001,0.166,144,85,5,6051,,C#6,,,,d,,,,gut_n369_2Cs6t_1,6051,,gutim,369,
394,1743.7207,2.2105,144,27,8,6051,,Eb1,,,,D,,,,gut_n369_5Eb1q,6051,,gutim,369,
394,1743.8934000000002,0.166,144,79,5,6052,,G5,,,,,,,,gut_n369_2G5t_1,6052,,gutim,369,
394,1744.0682,0.166,144,85,5,6053,,C#6,,,,,,,,gut_n369_2Cs6t_2,6053,,gutim,369,
394,1744.2429,0.5,144,88,5,6054,,E6,,,,,,,,gut_n369_2E6s_1,6054,,gutim,369,
394,1744.7692,0.166,144,67,5,6055,,G4,,,,,,,,gut_n369_2G4t_0,6055,,gutim,369,
394,1744.944,0.334,144,88,5,6056,,E6,,,,,,,,gut_n369_2E6s_2,6056,,gutim,369,
394,1745.2997,0.166,144,85,5,6057,,C#6,,,,,,,,gut_n369_2Cs6t_3,6057,,gutim,369,
394,1745.4744,0.166,144,67,5,6058,,G4,,,,,,,,gut_n369_2G4t_1,6058,,gutim,369,
394,1745.6492,0.166,144,88,5,6059,,E6,,,,,,,,gut_n369_2E6t_0,6059,,gutim,369,
394,1745.8239,0.5,144,72,5,6060,,C5,,,,,,,,gut_n369_2C5s,6060,,gutim,369,
394,1746.0891000000001,1.875,144,73,20,6061,,C#5,,,,,,,,gut_n369_1Cs5e_0,6061,,gutim,369,
394,1746.3482000000001,0.166,144,67,5,6062,,G4,,,,,,,,gut_n369_2G4t_2,6062,,gutim,369,
394,1746.4839,0.6316,144,46,11,6063,,Bb2,,,,,,,,gut_n369_5Bb2s_0,6063,,gutim,369,
394,1746.5229,0.166,144,73,5,6064,,C#5,,,,,,,,gut_n369_2Cs5t,6064,,gutim,369,
394,1746.6977,0.166,144,67,5,6065,,G4,,,,,,,,gut_n369_2G4t_3,6065,,gutim,369,
394,1746.8786,1.0,144,76,5,6066,,E5,,,,,,,,gut_n369_2E5e,6066,,gutim,369,
394,1747.2734,0.1266,144,69,11,6067,,A4,,e,,,,,,gut_n369_5A4t,6067,,gutim,369,
394,1747.4317,0.1266,144,41,10,6068,,F2,,e,,,,,,gut_n369_5F2t_0,6068,,gutim,369,
394,1747.5900000000001,0.1266,144,81,8,6069,,A5,,e,,,,,,gut_n369_5A5t,6069,,gutim,369,
394,1747.7483,0.1266,144,41,7,6070,,F2,,e,,,,,,gut_n369_5F2t_1,6070,,gutim,369,
394,1747.9066,1.7039,144,37,5,6071,,Db2,,E,,,,,,gut_n369_5Db2t,6071,,gutim,369,
394,1747.9313,0.334,144,67,5,6072,,G4,,,,,,,,gut_n369_2G4s,6072,,gutim,369,
394,1748.0628000000002,1.875,144,58,5,6073,,Bb3,,,,,,,,gut_n369_1Bb3s,6073,,gutim,369,
394,1748.2787,0.5039,144,88,11,6074,,E6,,,,,,,,gut_n369_2E6t_1,6074,,gutim,369,
,,,,,,,,,,,,,,,,,,395,,,
395,1748.8091,0.166,144,55,5,6075,,G3,,,,,,,,gut_n370_2G3t,6075,,gutim,370,
395,1748.9839,0.166,144,76,5,6076,,E5,,,,,,,,gut_n370_2E5t,6076,,gutim,370,
395,1749.1586,0.5,144,60,5,6077,,C4,,,,,,,,gut_n370_2C4s,6077,,gutim,370,
395,1749.685,0.166,144,56,5,6078,,Ab3,,e,,d,,,,gut_n370_2Ab3t,6078,,gutim,370,
395,1749.8597,0.168,144,60,5,6079,,C4,,e,,d,,,,gut_n370_2C4t,6079,,gutim,370,
395,1749.8865,0.06,144,40,20,6080,,E2,g,,,d,,,,gut_ng370_5E2e,6080,,gutim,370,
395,1749.9615000000001,0.06,144,34,20,6081,,Bb1,g,,,d,,,,gut_ng370_5Bb1e_0,6081,,gutim,370,
395,1750.0365,0.166,144,56,5,6082,,Ab3,,e,,d,,,,gut_n370_1Ab3t_0,6082,,gutim,370,
395,1750.0365,0.125,144,33,20,6082,,A1,,,,d,,,,gut_n370_5A1t_0,6082,,gutim,370,
395,1750.1681,0.125,144,41,14,6083,,F2,,,,d,,,,gut_n370_5F2t_0,6083,,gutim,370,
395,1750.2092,0.166,144,60,6,6084,,C4,,e,,,,,,gut_n370_1C4t,6084,,gutim,370,
395,1750.2997,0.125,144,40,11,6085,,E2,,,,,,,,gut_n370_5E2t,6085,,gutim,370,
395,1750.384,0.166,144,56,6,6086,,Ab3,,E,6036,,,,,gut_n370_1Ab3t_1,6086,,gutim,370,
395,1750.4313,0.125,144,34,10,6087,,Bb1,,,,,,,,gut_n370_5Bb1t,6087,,gutim,370,
395,1750.5587,0.0996,144,43,7,6088,,G2,,,,,,,,gut_n370_1G2x,6088,,gutim,370,
395,1750.5628000000002,0.125,144,33,8,6089,,A1,,,,,,,,gut_n370_5A1t_1,6089,,gutim,370,
395,1750.6636,0.0996,144,73,7,6090,,C#5,,,,,,,,gut_n370_1Cs5x,6090,,gutim,370,
395,1750.6944,0.125,144,41,7,6091,,F2,,,,,,,,gut_n370_5F2t_1,6091,,gutim,370,
395,1750.7684000000002,0.0996,144,88,7,6092,,E6,,,,,,,,gut_n370_1E6x,6092,,gutim,370,
395,1750.826,0.75,144,37,5,6093,,Db2,,,,D,6036,,,gut_n370_5Db2e,6093,,gutim,370,
395,1750.8733,0.0996,144,72,8,6094,,C5,,,,,,,,gut_n370_1C5x,6094,,gutim,370,
395,1750.9781,0.0996,144,68,8,6095,,Ab4,,,,,,,,gut_n370_1Ab4x,6095,,gutim,370,
395,1751.083,0.334,144,72,8,6096,,C5,,,,,,,,gut_n370_1C5s,6096,,gutim,370,
395,1751.4345,0.166,144,56,9,6097,,Ab3,,e,,,,,,gut_n370_1Ab3t_2,6097,,gutim,370,
395,1751.6093,0.166,144,43,10,6098,,G2,,e,,,,,,gut_n370_1G2t,6098,,gutim,370,
395,1751.7882,0.166,144,56,10,6099,,Ab3,,e,,,,,,gut_n370_1Ab3t_3,6099,,gutim,370,
395,1751.9629,0.166,144,73,11,6100,,C#5,,e,,,,,,gut_n370_1Cs5t,6100,,gutim,370,
395,1752.1377,0.334,144,88,11,6101,,E6,,E,,,,,,gut_n370_1E6s,6101,,gutim,370,
395,1752.7444,0.057,144,71,11,6102,,B4,g,e,,,,,,gut_ng370_5B4e,6102,,gutim,370,
395,1752.8194,0.0712,144,52,11,6103,,E3,g,e,,,,,,gut_ng370_5E3e,6103,,gutim,370,
395,1752.8944000000001,0.0712,144,42,11,6104,,F#2,g,e,,,,,,gut_ng370_5Fs2e,6104,,gutim,370,
395,1752.9694,0.0712,144,83,11,6105,,B5,g,e,,,,,,gut_ng370_5B5e,6105,,gutim,370,
395,1753.0444,0.0712,144,86,20,6106,,D6,g,e,,,,,,gut_ng370_5D6e,6106,,gutim,370,
395,1753.1194,0.0712,144,64,20,6107,,E4,g,,,,,,,gut_ng370_1E4e,6107,,gutim,370,
395,1753.1194,0.0712,144,34,11,6107,,Bb1,g,E,,,,,,gut_ng370_5Bb1e_1,6107,,gutim,370,
395,1753.1944,0.75,144,71,20,6108,,B4,,,,,,,,gut_n370_1B4e,6108,,gutim,370,
395,1753.1944,1.0,144,60,5,6108,,C4,,,,,,,,gut_n370_5C4e,6108,,gutim,370,
395,1753.6089,0.0712,144,90,5,6109,,Gb6,g,e,,,,,,gut_ng370_1Gb6e,6109,,gutim,370,
395,1753.6839,0.0712,144,80,5,6110,,Ab5,g,e,,,,,,gut_ng370_1Ab5e,6110,,gutim,370,
395,1753.7589,0.0712,144,98,5,6111,,D7,g,e,,,,,,gut_ng370_1D7e,6111,,gutim,370,
395,1753.8339,0.0712,144,87,5,6112,,Eb6,g,e,,,,,,gut_ng370_1Eb6e,6112,,gutim,370,
395,1753.9089000000001,0.0712,144,106,5,6113,,Bb7,g,E,,,,,,gut_ng370_1Bb7e,6113,,gutim,370,
395,1753.9839,0.2148,144,71,14,6114,,B4,,,,,,,,gut_n370_1B4t,6114,,gutim,370,
395,1754.21,0.2148,144,74,12,6115,,D5,,,,,,,,gut_n370_1D5t,6115,,gutim,370,
395,1754.247,0.0996,144,76,5,6116,,E5,,,,,,,,gut_n370_5E5x,6116,,gutim,370,
395,1754.3519000000001,0.0996,144,60,5,6117,,C4,,,,,,,,gut_n370_5C4x_0,6117,,gutim,370,
395,1754.4362,0.1074,144,64,10,6118,,E4,,,,,,,,gut_n370_1E4x,6118,,gutim,370,
395,1754.4567,0.0996,144,56,5,6119,,Ab3,,,,,,,,gut_n370_5Ab3x_0,6119,,gutim,370,
395,1754.5493000000001,0.1074,144,71,9,6120,,B4,,,,,,,,gut_n370_1B4x,6120,,gutim,370,
395,1754.5616,0.0996,144,60,5,6121,,C4,,,,,,,,gut_n370_5C4x_1,6121,,gutim,370,
395,1754.6623,0.1055,144,74,8,6122,,D5,,,,,,,,gut_n370_1D5x,6122,,gutim,370,
395,1754.6664,0.1016,144,56,5,6123,,Ab3,,,,,,,,gut_n370_5Ab3x_1,6123,,gutim,370,
,,,,,,,,,,,,,,,,,,396,,,
396,1754.7734,0.1398,144,73,5,6124,,C#5,,,,,,,,gut_n371_1Cs5t_0,6124,,gutim,371,
396,1754.9461000000001,0.1398,144,67,6,6125,,G4,,,,,,,,gut_n371_1G4t,6125,,gutim,371,
396,1754.9995000000001,0.1809,144,54,8,6126,,Gb3,,,,,,,,gut_n371_6Gb3t_0,6126,,gutim,371,
396,1755.1208000000001,0.1398,144,85,6,6127,,C#6,,,,,,,,gut_n371_1Cs6t_0,6127,,gutim,371,
396,1755.2257,0.1809,144,46,7,6128,,Bb2,,,,,,,,gut_n371_6Bb2t,6128,,gutim,371,
396,1755.2956000000001,0.2812,144,88,7,6129,,E6,,,,,,,,gut_n371_1E6s,6129,,gutim,371,
396,1755.4518,0.1809,144,54,5,6130,,Gb3,,,,,,,,gut_n371_6Gb3t_1,6130,,gutim,371,
396,1755.6471000000001,0.1398,144,72,8,6131,,C5,,,,,,,,gut_n371_1C5t,6131,,gutim,371,
396,1755.678,0.5395,144,46,4,6132,,Bb2,,,,,,,,gut_n371_6Bb2s,6132,,gutim,371,
396,1755.8219000000001,0.0839,144,85,9,6133,,C#6,,,,,,,,gut_n371_1Cs6x,6133,,gutim,371,
396,1755.9267,0.0839,144,67,9,6134,,G4,,,,,,,,gut_n371_1G4x,6134,,gutim,371,
396,1756.0316,0.0839,144,100,10,6135,,E7,,,,,,,,gut_n371_1E7x,6135,,gutim,371,
396,1756.1364,0.0839,144,84,10,6136,,C6,,,,,,,,gut_n371_1C6x,6136,,gutim,371,
396,1756.2413000000001,0.0839,144,68,11,6137,,G#4,,,,,,,,gut_n371_1Gs4x,6137,,gutim,371,
396,1756.3461,0.1398,144,73,11,6138,,C#5,,,,,,,,gut_n371_1Cs5t_1,6138,,gutim,371,
396,1756.5209,0.1398,144,43,12,6139,,G2,,,,,,,,gut_n371_1G2t_0,6139,,gutim,371,
396,1756.6956,0.1398,144,88,13,6140,,E6,,,,,,,,gut_n371_1E6t_0,6140,,gutim,371,
396,1756.8704,0.0839,144,31,13,6141,,G1,,,,,,,,gut_n371_1G1x,6141,,gutim,371,
396,1756.9752,0.0839,144,73,14,6142,,C#5,,,,,,,,gut_n371_1Cs5x,6142,,gutim,371,
396,1757.0801000000001,0.2533,144,76,14,6143,,E5,,,,,,,,gut_n371_1E5t,6143,,gutim,371,
396,1757.1418,0.1074,144,28,22,6144,,E1,,e,,,,,,gut_n371_5E1x,6144,,gutim,371,
396,1757.2528,0.1074,144,22,19,6145,,Bb0,,e,,,,,,gut_n371_5Bb0x,6145,,gutim,371,
396,1757.3659,0.1074,144,21,16,6146,,A0,,e,,,,,,gut_n371_5A0x,6146,,gutim,371,
396,1757.3967,0.0996,144,36,14,6147,,C2,,,,,,,,gut_n371_1C2x_0,6147,,gutim,371,
396,1757.4789,0.1074,144,29,14,6148,,F1,,e,,,,,,gut_n371_5F1x_0,6148,,gutim,371,
396,1757.5016,0.0996,144,40,14,6149,,E2,,,,,,,,gut_n371_1E2x,6149,,gutim,371,
396,1757.592,0.1074,144,25,11,6150,,Db1,,e,,,,,,gut_n371_5Db1x_0,6150,,gutim,371,
396,1757.6064000000001,0.0996,144,32,14,6151,,Ab1,,,,,,,,gut_n371_1Ab1x_0,6151,,gutim,371,
396,1757.7051000000001,0.1074,144,29,8,6152,,F1,,e,,,,,,gut_n371_5F1x_1,6152,,gutim,371,
396,1757.7113,0.0996,144,36,14,6153,,C2,,,,,,,,gut_n371_1C2x_1,6153,,gutim,371,
396,1757.8161,0.0996,144,32,14,6154,,Ab1,,,,,,,,gut_n371_1Ab1x_1,6154,,gutim,371,
396,1757.8182,0.1074,144,25,5,6155,,Db1,,E,,,,,,gut_n371_5Db1x_1,6155,,gutim,371,
,,,,,,,6036,,,,,,,,,,,,gutim,,
396,1757.9313,1.5,144,84,22,6156,,C6,,,,,,,,gut_n371_2C6q,6156,,gutim,371,
396,1757.9313,1.5,144,77,22,6156,,F5,,,,,,,,gut_n371_6F5q,6156,,gutim,371,
396,1758.5707,0.0712,144,63,8,6157,,Eb4,g,,,,,,,gut_ng371_5Eb4e,6157,,gutim,371,
396,1758.6457,0.0712,144,72,9,6158,,C5,g,,,,,,,gut_ng371_5C5e,6158,,gutim,371,
396,1758.7207,2.25,144,66,11,6159,,Gb4,,,,,,,,gut_n371_5Gb4q,6159,,gutim,371,
396,1758.9852,0.0712,144,90,5,6160,,Gb6,g,e,,,,,,gut_ng371_2Gb6e_0,6160,,gutim,371,
396,1759.0602000000001,0.0712,144,80,5,6161,,Ab5,g,e,,,,,,gut_ng371_2Ab5e,6161,,gutim,371,
396,1759.1352,0.0712,144,98,5,6162,,D7,g,e,,,,,,gut_ng371_2D7e_0,6162,,gutim,371,
396,1759.2102,0.0712,144,90,5,6163,,Gb6,g,e,,,,,,gut_ng371_2Gb6e_1,6163,,gutim,371,
396,1759.2852,0.0712,144,98,5,6164,,D7,g,e,,,,,,gut_ng371_2D7e_1,6164,,gutim,371,
396,1759.3602,0.0712,144,87,5,6165,,Eb6,g,e,,,,,,gut_ng371_2Eb6e,6165,,gutim,371,
396,1759.4352000000001,0.0712,144,106,5,6166,,Bb7,g,E,,,,,,gut_ng371_2Bb7e,6166,,gutim,371,
396,1759.5102,0.3008,144,84,22,6167,,C6,,,,,,,,gut_n371_2C6s_0,6167,,gutim,371,
396,1759.5102,0.1875,144,77,22,6167,,F5,,,,,,,,gut_n371_6F5t_0,6167,,gutim,371,
396,1759.7076,0.1579,144,77,22,6168,,F5,,,,,,,,gut_n371_6F5t_1,6168,,gutim,371,
396,1759.8268,0.7582,144,84,22,6169,,C6,,,,d,,,,gut_n371_2C6e,6169,,gutim,371,
396,1760.0345,0.0996,144,85,11,6170,,C#6,,e,,d,,,,gut_n371_1Cs6t_1,6170,,gutim,371,
396,1760.1393,0.0996,144,55,11,6171,,G3,,e,,d,,,,gut_n371_1G3t,6171,,gutim,371,
396,1760.2442,0.0996,144,88,11,6172,,E6,,e,,d,,,,gut_n371_1E6t_1,6172,,gutim,371,
396,1760.349,0.0996,144,43,11,6173,,G2,,e,,d,,,,gut_n371_1G2t_1,6173,,gutim,371,
396,1760.4539,0.0996,144,37,11,6174,,C#2,,e,,d,,,,gut_n371_1Cs2t,6174,,gutim,371,
396,1760.5587,0.0996,144,100,11,6175,,E7,,e,,d,,,,gut_n371_1E7t,6175,,gutim,371,
396,1760.6636,0.0996,144,48,11,6176,,C3,,e,,d,,,,gut_n371_1C3t,6176,,gutim,371,
396,1760.7684000000002,0.0996,144,44,11,6177,,Ab2,,e,,d,,,,gut_n371_1Ab2t,6177,,gutim,371,
396,1760.7684000000002,0.3047,144,84,14,6177,,C6,,,,d,,,,gut_n371_2C6s_1,6177,,gutim,371,
396,1760.8733,0.0996,144,60,11,6178,,C4,,e,,d,,,,gut_n371_1C4t,6178,,gutim,371,
396,1760.9781,0.1055,144,45,11,6179,,A2,,E,6037,d,,,,gut_n371_1A2t,6179,,gutim,371,
,,,,,,,,,,,,,,,,,,397,,,
397,1761.0891000000001,0.3602,144,80,14,6180,,G#5,,,,,,,,gut_n372_1Gs5s,6180,,gutim,372,
397,1761.0891000000001,0.3602,144,83,14,6180,,B5,,,,,,,,gut_n372_1B5s,6180,,gutim,372,
397,1761.0891000000001,0.1504,144,84,22,6180,,C6,,,,,,,,gut_n372_2C6t,6180,,gutim,372,
397,1761.0891000000001,3.7895,144,31,22,6180,,G1,,,,d,,,,gut_n372_6G1h,6180,,gutim,372,
397,1761.2475,0.3783,144,84,20,6181,,C6,,,,d,,,,gut_n372_2C6s,6181,,gutim,372,
397,1761.5394000000001,0.1809,144,80,18,6182,,G#5,,,,,,,,gut_n372_1Gs5t,6182,,gutim,372,
397,1761.5394000000001,0.1809,144,83,18,6182,,B5,,,,,,,,gut_n372_1B5t_0,6182,,gutim,372,
397,1761.7614,0.8613,144,77,22,6183,,F5,,,,d,,,,gut_n372_1F5e,6183,,gutim,372,
397,1761.7614,0.7253,144,83,22,6183,,B5,,,,d,,,,gut_n372_1B5e,6183,,gutim,372,
397,1761.7614,0.7253,144,84,22,6183,,C6,,,,d,,,,gut_n372_1C6e,6183,,gutim,372,
397,1761.7614,0.7253,144,88,22,6183,,E6,,,,d,,,,gut_n372_1E6e,6183,,gutim,372,
397,1762.6681,1.7148,144,77,17,6184,,F5,,,,d,,,,gut_n372_1F5q,6184,,gutim,372,
397,1762.6681,1.4441,144,83,17,6184,,B5,,,,d,,,,gut_n372_1B5q,6184,,gutim,372,
397,1762.6681,1.4441,144,88,17,6184,,E6,,,,d,,,,gut_n372_1E6q,6184,,gutim,372,
397,1762.6681,2.5263,144,53,22,6184,,F3,,,,d,,,,gut_n372_5F3h,6184,,gutim,372,
397,1764.4691,0.4277,144,43,11,6185,,G2,,,,d,,,,gut_n372_1G2s,6185,,gutim,372,
397,1764.8762000000002,0.2246,144,59,5,6186,,B3,,,,d,,,,gut_n372_2B3t_0,6186,,gutim,372,
397,1764.9193,0.6426,144,32,10,6187,,Ab1,,,,,,,,gut_n372_1Ab1s_0,6187,,gutim,372,
397,1765.1105,0.2246,144,52,5,6188,,E3,,,,d,,,,gut_n372_2E3t_0,6188,,gutim,372,
397,1765.347,0.1504,144,59,5,6189,,B3,,,,d,,,,gut_n372_2B3t_1,6189,,gutim,372,
397,1765.5053,0.0996,144,62,5,6190,,D4,,,,d,,,,gut_n372_2D4t_0,6190,,gutim,372,
397,1765.5978,0.4297,144,43,8,6191,,G2,,,,,,,,gut_n372_1G2t_0,6191,,gutim,372,
397,1765.6039,0.0996,144,52,5,6192,,E3,,,,d,,,,gut_n372_2E3t_1,6192,,gutim,372,
397,1765.7088,0.0996,144,62,5,6193,,D4,,,,d,,,,gut_n372_2D4t_1,6193,,gutim,372,
397,1765.826,0.5996,144,34,5,6194,,Bb1,,,,D,6037,,,gut_n372_2Bb1e,6194,,gutim,372,
397,1766.048,0.6426,144,32,8,6195,,Ab1,,,,,,,,gut_n372_1Ab1s_1,6195,,gutim,372,
397,1766.4551000000001,0.1504,144,34,5,6196,,Bb1,,,,,,,,gut_n372_2Bb1t,6196,,gutim,372,
397,1766.6134,0.1504,144,42,5,6197,,Gb2,,,,,,,,gut_n372_2Gb2t,6197,,gutim,372,
397,1766.7265,0.2148,144,83,5,6198,,B5,,,,,,,,gut_n372_1B5t_2,6198,,gutim,372,
397,1766.7265,1.3849,144,80,5,6198,,G#5,,,,,,,,gut_n372_5Gs5s,6198,,gutim,372,
397,1766.9485,0.2148,144,43,6,6199,,G2,,,,,,,,gut_n372_1G2t_2,6199,,gutim,372,
397,1767.1747,0.2188,144,32,5,6200,,Ab1,,,,,,,,gut_n372_1Ab1t,6200,,gutim,372,
,,,,,,,,,,,,,,,,,,398,,,
398,1768.4576,0.2812,144,80,5,6201,,G#5,,,,,,,,gut_n373_5Gs5s,6201,,gutim,373,
398,1768.8091,0.1398,144,93,5,6202,,A6,,,,,,,,gut_n373_5A6t,6202,,gutim,373,
398,1768.9839,0.334,144,65,5,6203,,F4,,,,,,,,gut_n373_1F4s,6203,,gutim,373,
398,1769.3293,0.166,144,58,5,6204,,Bb3,,,,,,,,gut_n373_1Bb3t,6204,,gutim,373,
,,,,,,,6037,,,,,,,,,,,,gutim,,
398,1769.5040000000001,0.25,144,77,5,6205,,F5,,,,,,,,gut_n373_1F5t,6205,,gutim,373,
398,1769.7672,0.25,144,60,5,6206,,C4,,,,,,,,gut_n373_1C4t_0,6206,,gutim,373,
398,1770.0303000000001,0.166,144,70,5,6207,,Bb4,,,,,,,,gut_n373_1Bb4t_0,6207,,gutim,373,
398,1770.2051000000001,0.166,144,60,6,6208,,C4,,,,,,,,gut_n373_1C4t_1,6208,,gutim,373,
398,1770.3799000000001,0.166,144,70,6,6209,,Bb4,,,,,,,,gut_n373_1Bb4t_1,6209,,gutim,373,
398,1770.5546,0.1504,144,60,6,6210,,C4,,,,,,,,gut_n373_1C4t_2,6210,,gutim,373,
398,1770.717,0.1504,144,70,6,6211,,Bb4,,,,,,,,gut_n373_1Bb4t_2,6211,,gutim,373,
398,1770.8753000000002,0.1504,144,80,7,6212,,G#5,,,,,,,,gut_n373_1Gs5t_0,6212,,gutim,373,
398,1771.0336,0.5996,144,88,7,6213,,E6,,,,,,,,gut_n373_1E6e,6213,,gutim,373,
398,1771.6648,0.1504,144,80,8,6214,,G#5,,,,,,,,gut_n373_1Gs5t_1,6214,,gutim,373,
398,1771.8231,0.3027,144,88,8,6215,,E6,,,,,,,,gut_n373_1E6s_0,6215,,gutim,373,
398,1771.9444,0.1579,144,53,17,6216,,F3,,,,,,,,gut_n373_2F3t,6216,,gutim,373,
398,1772.1418,1.5,144,92,17,6217,,Ab6,,,,,,,,gut_n373_2Ab6q,6217,,gutim,373,
398,1772.1418,0.1579,144,77,22,6217,,F5,,,,,,,,gut_n373_5F5t,6217,,gutim,373,
398,1772.3391000000001,0.7895,144,62,22,6218,,D4,,,,,,,,gut_n373_5D4s_0,6218,,gutim,373,
398,1772.3391000000001,0.7895,144,77,22,6218,,F5,,,,,,,,gut_n373_5F5s_0,6218,,gutim,373,
398,1772.9313,0.1875,144,80,8,6219,,G#5,,,,,,,,gut_n373_1Gs5t_2,6219,,gutim,373,
398,1773.1286,0.5625,144,88,8,6220,,E6,,,,,,,,gut_n373_1E6s_1,6220,,gutim,373,
398,1773.326,0.3158,144,86,20,6221,,D6,,,,,,,,gut_n373_5D6s,6221,,gutim,373,
,,,,,,,,,,,,,,,,,,399,,,
399,1773.7207,3.0,144,92,14,6222,,Ab6,,,,,,,,gut_n374_2Ab6h,6222,,gutim,374,
399,1773.7207,0.3158,144,77,20,6222,,F5,,,,,,,,gut_n374_5F5s_0,6222,,gutim,374,
399,1773.7207,0.3158,144,86,20,6222,,D6,,,,,,,,gut_n374_5D6s,6222,,gutim,374,
399,1774.1155,2.2105,144,62,11,6223,,D4,,,,,,,,gut_n374_1D4e,6223,,gutim,374,
399,1774.1155,1.8947,144,25,14,6223,,Db1,,,,,,,,gut_n374_5Db1e_0,6223,,gutim,374,
399,1776.4839,0.3158,144,77,9,6224,,F5,,,,,,,,gut_n374_5F5s_1,6224,,gutim,374,
399,1776.8786,0.5625,144,28,8,6225,,E1,,,,d,,,,gut_n374_5E1s,6225,,gutim,374,
399,1776.8786,0.3158,144,25,8,6225,,Db1,,,,d,,,,gut_n374_6Db1s,6225,,gutim,374,
399,1777.4707,0.2813,144,47,5,6226,,B2,,,,,,,,gut_n374_5B2s,6226,,gutim,374,
399,1777.4826,0.0712,144,60,5,6227,,C4,g,e,,d,,,,gut_ng374_2C4e_0,6227,,gutim,374,
399,1777.5576,0.0712,144,89,5,6228,,F6,g,e,,d,,,,gut_ng374_2F6e_0,6228,,gutim,374,
399,1777.6326000000001,0.0712,144,92,5,6229,,Ab6,g,e,,,,,,gut_ng374_2Ab6e_0,6229,,gutim,374,
399,1777.7076,0.0712,144,89,5,6230,,F6,g,e,,,,,,gut_ng374_2F6e_1,6230,,gutim,374,
399,1777.7826,0.0712,144,82,6,6231,,Bb5,g,e,,,,,,gut_ng374_2Bb5e_0,6231,,gutim,374,
399,1777.8576,0.0712,144,60,6,6232,,C4,g,e,,,,,,gut_ng374_2C4e_1,6232,,gutim,374,
399,1777.9326,0.0712,144,89,6,6233,,F6,g,e,,,,,,gut_ng374_2F6e_2,6233,,gutim,374,
399,1778.0076000000001,0.0712,144,92,7,6234,,Ab6,g,e,,,,,,gut_ng374_2Ab6e_1,6234,,gutim,374,
399,1778.0628000000002,0.375,144,80,22,6235,,G#5,,,,d,,,,gut_n374_5Gs5s_0,6235,,gutim,374,
399,1778.0826,0.0712,144,82,7,6236,,Bb5,g,e,,,,,,gut_ng374_2Bb5e_1,6236,,gutim,374,
399,1778.1576,0.0712,144,92,8,6237,,Ab6,g,e,,,,,,gut_ng374_2Ab6e_2,6237,,gutim,374,
399,1778.2326,0.0712,144,100,8,6238,,E7,g,e,,,,,,gut_ng374_2E7e_0,6238,,gutim,374,
399,1778.3076,0.0712,144,82,9,6239,,Bb5,g,e,,,,,,gut_ng374_2Bb5e_2,6239,,gutim,374,
399,1778.3826000000001,0.0712,144,100,9,6240,,E7,g,E,6038,,,,,gut_ng374_2E7e_1,6240,,gutim,374,
399,1778.3826000000001,0.06,144,77,9,6240,,F5,g,,,,,,,gut_ng374_6F5e,6240,,gutim,374,
399,1778.4576,0.1875,144,40,17,6241,,E2,,,,,,,,gut_n374_5E2t_0,6241,,gutim,374,
399,1778.4576,1.2632,144,48,5,6241,,C3,,,,d,,,,gut_n374_6C3e,6241,,gutim,374,
399,1778.6549,0.1875,144,80,14,6242,,G#5,,,,,,,,gut_n374_5Gs5t,6242,,gutim,374,
399,1778.8523,0.3158,144,40,11,6243,,E2,,,,,,,,gut_n374_5E2s,6243,,gutim,374,
399,1779.247,0.3602,144,80,8,6244,,G#5,,,,d,,,,gut_n374_5Gs5s_1,6244,,gutim,374,
399,1779.6418,0.3158,144,49,5,6245,,Db3,,,,,,,,gut_n374_6Db3s,6245,,gutim,374,
399,1779.6973,0.1809,144,40,20,6246,,E2,,,,d,,,,gut_n374_5E2t_1,6246,,gutim,374,
399,1779.9234000000001,0.0905,144,72,8,6247,,C5,,,,d,,,,gut_n374_5C5x,6247,,gutim,374,
,,,,,,,,,,,,,,,,,,400,,,
400,1780.0365,0.1809,144,47,20,6248,,B2,,,,d,,,,gut_n375_5B2t_0,6248,,gutim,375,
400,1780.2586000000001,0.1809,144,72,20,6249,,C5,,,,d,,,,gut_n375_5C5t_0,6249,,gutim,375,
400,1780.4847,0.0905,144,47,8,6250,,B2,,,,d,,,,gut_n375_5B2x,6250,,gutim,375,
400,1780.5978,0.1809,144,53,17,6251,,F3,,,,d,,,,gut_n375_5F3t,6251,,gutim,375,
400,1780.8239,0.1053,144,80,24,6252,,G#5,,,,D,6038,,,gut_n375_5Gs5t_0,6252,,gutim,375,
400,1780.9555,0.125,144,40,19,6253,,E2,,,,,,,,gut_n375_5E2t,6253,,gutim,375,
400,1781.0871,0.125,144,72,14,6254,,C5,,,,,,,,gut_n375_5C5t_1,6254,,gutim,375,
400,1781.2187000000001,0.125,144,47,8,6255,,B2,,,,,,,,gut_n375_5B2t_1,6255,,gutim,375,
400,1781.3502,0.25,144,53,8,6256,,F3,,,,,,,,gut_n375_5F3s,6256,,gutim,375,
400,1781.4181,0.0937,144,79,8,6257,,G5,,,,,,,,gut_n375_2G5x,6257,,gutim,375,
400,1781.5168,0.0938,144,33,8,6258,,A1,,,,,,,,gut_n375_2A1x,6258,,gutim,375,
,,,,,,,6038,,,,,,,,,,,,gutim,,
400,1781.6134,0.1504,144,62,8,6259,,D4,,,,,,,,gut_n375_5D4t_0,6259,,gutim,375,
400,1781.7697,0.1504,144,65,10,6260,,F4,,,,,,,,gut_n375_5F4t_0,6260,,gutim,375,
400,1781.928,0.1504,144,62,12,6261,,D4,,,,,,,,gut_n375_5D4t_1,6261,,gutim,375,
400,1782.0863,0.3008,144,49,14,6262,,C#3,,,,,,,,gut_n375_5Cs3s,6262,,gutim,375,
400,1782.4029,0.1504,144,45,18,6263,,A2,,e,,,,,,gut_n375_5A2t_0,6263,,gutim,375,
400,1782.5612,0.1504,144,80,20,6264,,G#5,,e,,,,,,gut_n375_5Gs5t_1,6264,,gutim,375,
400,1782.7195000000002,0.1504,144,45,22,6265,,A2,,e,,,,,,gut_n375_5A2t_1,6265,,gutim,375,
400,1782.8778,0.0996,144,65,24,6266,,F4,,E,,d,,,,gut_n375_5F4t_1,6266,,gutim,375,
400,1782.9826,0.0996,144,61,24,6267,,C#4,,,,d,,,,gut_n375_5Cs4t,6267,,gutim,375,
400,1783.0875,0.0996,144,62,24,6268,,D4,,,,d,,,,gut_n375_5D4t_2,6268,,gutim,375,
400,1783.1875,0.0712,144,60,5,6269,,C4,g,,,d,,,,gut_ng375_5C4e,6269,,gutim,375,
400,1783.2625,0.0712,144,81,5,6270,,A5,g,,,d,,,,gut_ng375_5A5e,6270,,gutim,375,
400,1783.2625,0.06,144,56,20,6270,,Ab3,g,,,d,,,,gut_ng375_6Ab3e,6270,,gutim,375,
400,1783.3375,1.5,144,48,20,6271,,C3,,,,d,,,,gut_n375_5C3q,6271,,gutim,375,
400,1783.3375,1.5,144,75,8,6271,,Eb5,,,,d,,,,gut_n375_5Eb5q,6271,,gutim,375,
400,1783.3375,1.5,144,81,8,6271,,A5,,,,d,,,,gut_n375_5A5q,6271,,gutim,375,
400,1783.3375,0.15,144,68,24,6271,,G#4,,,,d,,,,gut_n375_6Gs4t,6271,,gutim,375,
400,1783.5349,0.1875,144,57,24,6272,,A3,,,,d,,,,gut_n375_6A3t,6272,,gutim,375,
400,1783.7322000000001,1.125,144,65,24,6273,,F4,,,,d,,,,gut_n375_6F4e,6273,,gutim,375,
400,1783.9666,0.1504,144,98,2,6274,,D7,,,,d,,,,gut_n375_1D7t_0,6274,,gutim,375,
400,1784.1249,0.0996,144,87,2,6275,,Eb6,,,,d,,,,gut_n375_1Eb6t_0,6275,,gutim,375,
400,1784.2298,0.0996,144,90,2,6276,,Gb6,,,,d,,,,gut_n375_1Gb6t_0,6276,,gutim,375,
400,1784.3346000000001,0.0996,144,87,2,6277,,Eb6,,,,d,,,,gut_n375_1Eb6t_1,6277,,gutim,375,
400,1784.4395,0.1504,144,90,2,6278,,Gb6,,,,d,,,,gut_n375_1Gb6t_1,6278,,gutim,375,
400,1784.5978,0.1504,144,106,2,6279,,Bb7,,,,d,,,,gut_n375_1Bb7t_0,6279,,gutim,375,
400,1784.7561,0.1504,144,80,2,6280,,Ab5,,,,d,,,,gut_n375_1Ab5t_0,6280,,gutim,375,
400,1784.9144000000001,0.1504,144,87,2,6281,,Eb6,,,,d,,,,gut_n375_1Eb6t_2,6281,,gutim,375,
400,1784.9164,0.6316,144,92,22,6281,,Ab6,,,,d,,,,gut_n375_5Ab6e,6281,,gutim,375,
400,1785.0727,0.1504,144,90,2,6282,,Gb6,,,,d,,,,gut_n375_1Gb6t_2,6282,,gutim,375,
400,1785.231,0.1504,144,106,2,6283,,Bb7,,,,d,,,,gut_n375_1Bb7t_1,6283,,gutim,375,
400,1785.3893,0.1504,144,80,2,6284,,Ab5,,,,d,,,,gut_n375_1Ab5t_1,6284,,gutim,375,
400,1785.5476,0.0996,144,98,2,6285,,D7,,,,,,,,gut_n375_1D7t_1,6285,,gutim,375,
400,1785.6525000000001,0.0996,144,90,2,6286,,Gb6,,,,,,,,gut_n375_1Gb6t_3,6286,,gutim,375,
400,1785.7059000000002,0.1875,144,92,20,6287,,Ab6,,e,,,,,,gut_n375_5Ab6t_0,6287,,gutim,375,
400,1785.7573,0.0996,144,75,2,6288,,Eb5,,,,,,,,gut_n375_1Eb5t_0,6288,,gutim,375,
400,1785.8622,0.0996,144,78,2,6289,,Gb5,,,,,,,,gut_n375_1Gb5t,6289,,gutim,375,
400,1785.9033,0.1875,144,100,19,6290,,E7,,e,,,,,,gut_n375_5E7t,6290,,gutim,375,
400,1785.967,0.0996,144,75,2,6291,,Eb5,,,,,,,,gut_n375_1Eb5t_1,6291,,gutim,375,
400,1786.0719000000001,0.0996,144,68,2,6292,,Ab4,,,,,,,,gut_n375_1Ab4t,6292,,gutim,375,
400,1786.1007,0.1875,144,82,17,6293,,Bb5,,e,,,,,,gut_n375_5Bb5t,6293,,gutim,375,
400,1786.1767,0.1504,144,86,2,6294,,D6,,,,,,,,gut_n375_1D6t,6294,,gutim,375,
400,1786.298,0.1875,144,92,16,6295,,Ab6,,e,,,,,,gut_n375_5Ab6t_1,6295,,gutim,375,
400,1786.335,0.1523,144,75,2,6296,,Eb5,,,,,,,,gut_n375_1Eb5t_2,6296,,gutim,375,
,,,,,,,,,,,,,,,,,,401,,,
401,1786.4954,0.1504,144,78,2,6297,,Gb5,,,,,,,,gut_n376_1Gb5t,6297,,gutim,376,
401,1786.4954,0.375,144,100,14,6297,,E7,,E,,,,,,gut_n376_5E7s,6297,,gutim,376,
401,1786.6496,0.1504,144,106,2,6298,,Bb7,,,,,,,,gut_n376_1Bb7t_0,6298,,gutim,376,
401,1786.8079,0.1504,144,68,2,6299,,Ab4,,,,,,,,gut_n376_1Ab4t,6299,,gutim,376,
401,1786.9662,0.0996,144,98,2,6300,,D7,,e,,d,,,,gut_n376_1D7t,6300,,gutim,376,
401,1787.0711000000001,0.0996,144,75,2,6301,,Eb5,,e,,d,,,,gut_n376_1Eb5t_0,6301,,gutim,376,
401,1787.1759,0.0996,144,90,2,6302,,Gb6,,e,,d,,,,gut_n376_1Gb6t,6302,,gutim,376,
401,1787.2808,0.0996,144,75,2,6303,,Eb5,,e,,d,,,,gut_n376_1Eb5t_1,6303,,gutim,376,
401,1787.3856,0.0996,144,56,2,6304,,Ab3,,e,,d,,,,gut_n376_1Ab3t,6304,,gutim,376,
401,1787.4905,0.0996,144,106,2,6305,,Bb7,,e,,d,,,,gut_n376_1Bb7t_1,6305,,gutim,376,
401,1787.5953,0.4551,144,56,2,6306,,Ab3,,E,,d,,,,gut_n376_1Ab3s,6306,,gutim,376,
401,1787.6796,0.1,144,50,24,6307,,D3,,e,,,,,,gut_n376_5D3t_0,6307,,gutim,376,
401,1787.8112,0.125,144,37,23,6308,,C#2,,e,,,,,,gut_n376_5Cs2t,6308,,gutim,376,
401,1787.9428,0.125,144,33,21,6309,,A1,,e,,,,,,gut_n376_5A1t_0,6309,,gutim,376,
401,1788.0743,0.125,144,56,20,6310,,Ab3,,e,,,,,,gut_n376_5Ab3t_0,6310,,gutim,376,
401,1788.0743,1.2632,144,32,20,6310,,G#1,,,,,,,,gut_n376_6Gs1q,6310,,gutim,376,
401,1788.2059000000002,0.125,144,33,18,6311,,A1,,e,,,,,,gut_n376_5A1t_1,6311,,gutim,376,
401,1788.3375,0.125,144,56,17,6312,,Ab3,,e,,,,,,gut_n376_5Ab3t_1,6312,,gutim,376,
401,1788.4691,0.125,144,50,15,6313,,D3,,e,,,,,,gut_n376_5D3t_1,6313,,gutim,376,
401,1788.6007,0.25,144,37,14,6314,,C#2,,E,6039,,,,,gut_n376_5Cs2s,6314,,gutim,376,
401,1788.8638,0.125,144,33,11,6315,,A1,,,,,,,,gut_n376_5A1t_2,6315,,gutim,376,
401,1788.9954,0.125,144,56,9,6316,,Ab3,,,,,,,,gut_n376_5Ab3t_2,6316,,gutim,376,
401,1789.127,0.125,144,33,8,6317,,A1,,,,d,,,,gut_n376_5A1t_3,6317,,gutim,376,
401,1789.2586000000001,0.25,144,56,8,6318,,Ab3,,,,D,6039,,,gut_n376_5Ab3s,6318,,gutim,376,
,,,,,,,6039,,,,,,,,,,,,gutim,,
401,1789.4283,0.06,144,38,17,6319,,D2,g,,,d,,,,gut_ng376_5D2e_0,6319,,gutim,376,
401,1789.5033,0.06,144,41,17,6320,,F2,g,,,d,,,,gut_ng376_5F2e,6320,,gutim,376,
401,1789.5783000000001,0.06,144,38,17,6321,,D2,g,,,,,,,gut_ng376_5D2e_1,6321,,gutim,376,
401,1789.6533,0.5996,144,25,17,6322,,C#1,,,,,,,,gut_n376_5Cs1e,6322,,gutim,376,
401,1790.1796,0.125,144,62,14,6323,,D4,,,,d,,,,gut_n376_2D4t_0,6323,,gutim,376,
401,1790.2824,0.4492,144,44,11,6324,,G#2,,,,,,,,gut_n376_5Gs2s,6324,,gutim,376,
401,1790.3112,0.125,144,70,12,6325,,Bb4,,,,,,,,gut_n376_2Bb4t,6325,,gutim,376,
401,1790.4428,0.125,144,62,10,6326,,D4,,,,,,,,gut_n376_2D4t_1,6326,,gutim,376,
401,1790.5743,0.125,144,66,9,6327,,F#4,,,,,,,,gut_n376_2Fs4t,6327,,gutim,376,
401,1790.7059000000002,0.4211,144,68,7,6328,,Ab4,,,,,,,,gut_n376_1Ab4e,6328,,gutim,376,
401,1790.7059000000002,0.125,144,62,7,6328,,D4,,,,,,,,gut_n376_2D4t_2,6328,,gutim,376,
401,1790.7553,0.1504,144,21,8,6329,,A0,,,,,,,,gut_n376_5A0t,6329,,gutim,376,
401,1790.8375,0.375,144,65,5,6330,,F4,,,,,,,,gut_n376_2F4s,6330,,gutim,376,
401,1790.9136,0.5066,144,29,5,6331,,F1,,,,d,,,,gut_n376_5F1s_0,6331,,gutim,376,
401,1791.2322000000001,0.75,144,36,5,6332,,C2,,,,D,6040,,,gut_n376_2C2e,6332,,gutim,376,
401,1791.7051000000001,0.1504,144,26,4,6333,,D1,,,,,,,,gut_n376_5D1t_0,6333,,gutim,376,
401,1791.8634,0.1504,144,29,4,6334,,F1,,,,,,,,gut_n376_5F1t_0,6334,,gutim,376,
401,1792.0217,0.75,144,80,5,6335,,Ab5,,,,,,,,gut_n376_2Ab5e,6335,,gutim,376,
401,1792.0217,0.3008,144,26,4,6335,,D1,,,,,,,,gut_n376_5D1s,6335,,gutim,376,
401,1792.3383000000001,0.1504,144,29,4,6336,,F1,,e,,,,,,gut_n376_5F1t_1,6336,,gutim,376,
401,1792.4966,0.1504,144,26,4,6337,,D1,,e,,,,,,gut_n376_5D1t_1,6337,,gutim,376,
401,1792.6549,0.1484,144,32,4,6338,,G#1,,e,,,,,,gut_n376_5Gs1t,6338,,gutim,376,
,,,,,,,,,,,,,,,,,,402,,,
402,1792.8112,0.1504,144,26,3,6339,,D1,,e,,,,,,gut_n377_5D1t_0,6339,,gutim,377,
402,1792.9695000000002,0.1504,144,25,3,6340,,C#1,,e,,,,,,gut_n377_5Cs1t_0,6340,,gutim,377,
402,1793.1278,0.1504,144,26,3,6341,,D1,,e,,,,,,gut_n377_5D1t_1,6341,,gutim,377,
402,1793.2861,0.1504,144,32,3,6342,,G#1,,e,,,,,,gut_n377_5Gs1t_0,6342,,gutim,377,
402,1793.4444,0.1504,144,25,3,6343,,C#1,,e,,,,,,gut_n377_5Cs1t_1,6343,,gutim,377,
402,1793.6027000000001,0.4492,144,21,3,6344,,A0,,E,6040,,,,,gut_n377_5A0s,6344,,gutim,377,
402,1794.0756000000001,0.3799,144,29,2,6345,,F1,,,,,,,,gut_n377_5F1s,6345,,gutim,377,
402,1794.3901,0.75,144,72,2,6346,,C5,,,,,,,,gut_n377_2C5e,6346,,gutim,377,
402,1794.5505,0.2533,144,26,2,6347,,D1,,,,,,,,gut_n377_5D1s,6347,,gutim,377,
402,1794.8671,0.1266,144,32,2,6348,,G#1,,,,,,,,gut_n377_5Gs1t_1,6348,,gutim,377,
402,1795.0254,0.2533,144,25,2,6349,,C#1,,,,,,,,gut_n377_5Cs1s,6349,,gutim,377,
402,1795.342,0.1266,144,26,1,6350,,D1,,,,,,,,gut_n377_5D1t_2,6350,,gutim,377,
402,1795.5003000000002,0.1266,144,32,1,6351,,G#1,,,,,,,,gut_n377_5Gs1t_2,6351,,gutim,377,
402,1795.6586,0.1266,144,25,1,6352,,C#1,,,,,,,,gut_n377_5Cs1t_2,6352,,gutim,377,
402,1795.8169,0.1217,144,21,1,6353,,A0,,,,,,,,gut_n377_5A0t,6353,,gutim,377,
,,,,,,,6040,,,,,,,,,,,,gutim,,
,,,,,,,,,,,,,,,,,,403,,,
403,1798.1119,3.0536,144,65,8,6354,,F4,,,,,,,,gut_n378_1F4h,6354,,gutim,378,
403,1798.1119,2.5714,144,72,8,6354,,C5,,,,,,,,gut_n378_1C5h,6354,,gutim,378,
403,1798.1119,3.0536,144,48,8,6354,,C3,,,,,,,,gut_n378_5C3h,6354,,gutim,378,
403,1798.1119,2.5714,144,56,8,6354,,Ab3,,,,,,,,gut_n378_5Ab3h,6354,,gutim,378,
403,1801.3262,0.8571,144,85,14,6355,,Db6,,,,,,,,gut_n378_1Db6q,6355,,gutim,378,
403,1801.3262,0.8571,144,72,8,6355,,C5,,,,,,t,,gut_n378_2C5q,6355,,gutim,378,
403,1801.3262,0.8571,144,48,8,6355,,C3,,,,,,,,gut_n378_5C3q,6355,,gutim,378,
403,1801.3262,0.8571,144,56,8,6355,,Ab3,,,,,,,,gut_n378_5Ab3q,6355,,gutim,378,
,,,,,,,,,,,,,,,,,,404,,,
404,1802.3977,0.06,144,41,14,6356,,F2,g,,,d,,,,gut_ng379_5F2e,6356,,gutim,379,
404,1802.4727,0.3393,144,48,14,6357,,C3,,,,d,,t,,gut_n379_1C3e,6357,,gutim,379,
404,1802.4727,0.2857,144,56,14,6357,,Ab3,,,,d,,t,,gut_n379_1Ab3e,6357,,gutim,379,
404,1802.4727,0.5089,144,28,14,6357,,E1,,,,d,,,,gut_n379_5E1e,6357,,gutim,379,
404,1802.4727,0.4286,144,41,14,6357,,F2,,,,d,,,,gut_n379_5F2e,6357,,gutim,379,
404,1802.7548,0.0712,144,73,11,6358,,C#5,g,,,d,,,,gut_ng379_1Cs5e,6358,,gutim,379,
404,1802.8298,0.6786,144,83,11,6359,,B5,,,,d,,,,gut_n379_1B5q,6359,,gutim,379,
404,1803.0084,0.1696,144,72,8,6360,,C5,,,,d,,,,gut_n379_5C5t_0,6360,,gutim,379,
404,1803.1869000000002,0.1127,144,51,9,6361,,D#3,,,,D,,,,gut_n379_5Ds3t,6361,,gutim,379,
404,1803.3055,0.1127,144,59,10,6362,,B3,,,,,,,,gut_n379_5B3t_0,6362,,gutim,379,
404,1803.3055,0.1127,144,72,10,6362,,C5,,,,,,,,gut_n379_5C5t_1,6362,,gutim,379,
404,1803.4241,0.114,144,54,11,6363,,F#3,,,,,,,,gut_n379_5Fs3t_0,6363,,gutim,379,
404,1803.5441,0.1908,144,39,12,6364,,D#2,,,,,,T,,gut_n379_5Ds2t,6364,,gutim,379,
404,1803.5441,0.1908,144,42,12,6364,,F#2,,,,,,T,6041,gut_n379_5Fs2t,6364,,gutim,379,
404,1803.7450000000001,0.1908,144,54,13,6365,,F#3,,,,,,,,gut_n379_5Fs3t_1,6365,,gutim,379,
404,1803.9459,0.1272,144,71,14,6366,,B4,,,,,,,,gut_n379_5B4t,6366,,gutim,379,
404,1804.0798,0.1127,144,30,15,6367,,F#1,,,,,,,,gut_n379_5Fs1t_0,6367,,gutim,379,
404,1804.0798,0.1127,144,59,15,6367,,B3,,,,,,,,gut_n379_5B3t_1,6367,,gutim,379,
404,1804.0798,0.1127,144,72,15,6367,,C5,,,,,,,,gut_n379_5C5t_2,6367,,gutim,379,
404,1804.1984,0.1127,144,55,16,6368,,G3,,,,,,,,gut_n379_5G3t_0,6368,,gutim,379,
404,1804.317,0.1696,144,59,17,6369,,B3,,,,d,,,,gut_n379_5B3t_2,6369,,gutim,379,
404,1804.4955,0.114,144,27,17,6370,,D#1,,,,d,,,,gut_n379_5Ds1t,6370,,gutim,379,
404,1804.4955,0.114,144,30,17,6370,,F#1,,,,d,,,,gut_n379_5Fs1t_1,6370,,gutim,379,
404,1804.4955,0.114,144,55,17,6370,,G3,,,,d,,,,gut_n379_5G3t_1,6370,,gutim,379,
404,1804.5955000000001,0.0712,144,39,11,6371,,D#2,g,,,d,,,,gut_ng379_5Ds2e,6371,,gutim,379,
404,1804.6705,0.0712,144,48,11,6372,,C3,g,,,d,,,,gut_ng379_5C3e,6372,,gutim,379,
404,1804.7455,0.967,144,39,11,6373,,D#2,,,,d,,,,gut_n379_5Ds2q,6373,,gutim,379,
404,1804.7455,1.0179,144,47,11,6373,,B2,,,,d,,,,gut_n379_5B2q,6373,,gutim,379,
404,1804.7455,1.0179,144,48,11,6373,,C3,,,,d,,,,gut_n379_5C3q,6373,,gutim,379,
404,1805.2812000000001,0.1696,144,83,11,6374,,B5,,,,D,,,,gut_n379_1B5t,6374,,gutim,379,
404,1805.4598,0.1127,144,57,10,6375,,A3,,,,,,,,gut_n379_1A3t_0,6375,,gutim,379,
404,1805.5784,0.1127,144,54,9,6376,,F#3,,,,,,,,gut_n379_1Fs3t_0,6376,,gutim,379,
404,1805.6970000000001,0.096,144,54,8,6377,,F#3,,,,d,,,,gut_n379_1Fs3t_1,6377,,gutim,379,
404,1805.6970000000001,0.096,144,57,8,6377,,A3,,,,d,,,,gut_n379_1A3t_1,6377,,gutim,379,
404,1805.6970000000001,0.096,144,65,8,6377,,F4,,,,d,,,,gut_n379_1F4t,6377,,gutim,379,
404,1805.6970000000001,0.096,144,73,8,6377,,C#5,,,,d,,,,gut_n379_1Cs5t,6377,,gutim,379,
404,1805.817,0.1719,144,28,20,6378,,E1,,,,d,,,,gut_n379_5E1s_0,6378,,gutim,379,
404,1805.817,0.1719,144,41,20,6378,,F2,,,,d,,,,gut_n379_5F2s_0,6378,,gutim,379,
404,1805.817,0.1719,144,48,20,6378,,C3,,,,d,,,,gut_n379_5C3s_0,6378,,gutim,379,
404,1805.817,0.1719,144,56,20,6378,,Ab3,,,,d,,,,gut_n379_5Ab3s_0,6378,,gutim,379,
404,1806.0318,0.0802,144,28,22,6379,,E1,,,,d,,,,gut_n379_5E1s_1,6379,,gutim,379,
404,1806.0318,0.2567,144,35,22,6379,,B1,,,,d,,,,gut_n379_5B1s,6379,,gutim,379,
404,1806.0318,0.2567,144,41,22,6379,,F2,,,,d,,,,gut_n379_5F2s_1,6379,,gutim,379,
404,1806.0318,0.2567,144,48,22,6379,,C3,,,,d,,,,gut_n379_5C3s_1,6379,,gutim,379,
404,1806.0318,0.2567,144,56,22,6379,,Ab3,,,,d,,,,gut_n379_5Ab3s_1,6379,,gutim,379,
404,1806.2777,0.06,144,60,14,6380,,C4,g,,,d,,,,gut_ng379_1C4e,6380,,gutim,379,
404,1806.3527000000001,0.1696,144,68,13,6381,,Ab4,,,,D,6041,,,gut_n379_1Ab4t_0,6381,,gutim,379,
404,1806.5312000000001,0.1127,144,40,11,6382,,E2,,,,,,,,gut_n379_1E2t_0,6382,,gutim,379,
404,1806.6498000000001,0.1127,144,53,9,6383,,F3,,,,,,,,gut_n379_1F3t,6383,,gutim,379,
404,1806.6498000000001,0.1127,144,60,9,6383,,C4,,,,,,,,gut_n379_1C4t,6383,,gutim,379,
404,1806.6498000000001,0.1127,144,68,9,6383,,Ab4,,,,,,,,gut_n379_1Ab4t_1,6383,,gutim,379,
404,1806.6634000000001,0.0712,144,49,11,6384,,C#3,g,,,,,,,gut_ng379_5Cs3e,6384,,gutim,379,
404,1806.7384,0.0712,144,27,13,6385,,D#1,g,,,,,,,gut_ng379_5Ds1e,6385,,gutim,379,
,,,,,,,6041,,,,,,,,,,,,gutim,,
404,1806.7684000000002,0.114,144,40,8,6386,,E2,,,,d,,,,gut_n379_1E2t_1,6386,,gutim,379,
404,1806.7684000000002,0.114,144,47,8,6386,,B2,,,,d,,,,gut_n379_1B2t,6386,,gutim,379,
404,1806.8134,0.0712,144,32,15,6387,,G#1,g,,,,,,,gut_ng379_5Gs1e,6387,,gutim,379,
404,1806.8884,0.1357,144,27,17,6388,,D#1,,,,,,,,gut_n379_5Ds1e,6388,,gutim,379,
404,1806.8884,0.3393,144,32,17,6388,,G#1,,,,,,,,gut_n379_5Gs1e,6388,,gutim,379,
404,1806.8884,0.3393,144,61,17,6388,,C#4,,,,,,,,gut_n379_5Cs4e,6388,,gutim,379,
404,1806.8884,0.3393,144,71,17,6388,,B4,,,,,,,,gut_n379_5B4e,6388,,gutim,379,
404,1807.2455,0.4286,144,43,14,6389,,G2,,,,,,,,gut_n379_5G2e,6389,,gutim,379,
404,1807.7812000000001,0.1429,144,27,5,6390,,D#1,,,,d,,,,gut_n379_5Ds1s,6390,,gutim,379,
404,1807.7812000000001,0.1429,144,32,5,6390,,G#1,,,,d,,,,gut_n379_5Gs1s,6390,,gutim,379,
404,1807.7812000000001,0.1429,144,61,5,6390,,C#4,,,,d,,,,gut_n379_5Cs4s,6390,,gutim,379,
404,1807.7812000000001,0.1429,144,71,5,6390,,B4,,,,d,,,,gut_n379_5B4s,6390,,gutim,379,
,,,,,,,,,,,,,,,,,,405,,,
405,1808.317,0.5714,144,54,14,6391,,F#3,,,,d,,,,gut_n380_1Fs3q,6391,,gutim,380,
405,1808.317,0.5714,144,57,14,6391,,A3,,,,d,,,,gut_n380_1A3q,6391,,gutim,380,
405,1808.317,0.5714,144,65,14,6391,,F4,,,,d,,,,gut_n380_1F4q,6391,,gutim,380,
405,1808.317,0.5714,144,73,14,6391,,C#5,,,,d,,,,gut_n380_1Cs5q,6391,,gutim,380,
405,1808.317,0.5714,144,83,14,6391,,B5,,,,d,,,,gut_n380_1B5q,6391,,gutim,380,
405,1808.8812,0.06,144,95,11,6392,,B6,g,,,d,,,,gut_ng380_1B6e,6392,,gutim,380,
405,1808.9562,0.06,144,73,11,6393,,C#5,g,,,d,,,,gut_ng380_1Cs5e,6393,,gutim,380,
405,1809.0312000000001,0.8571,144,85,20,6394,,C#6,,,,d,,,,gut_n380_1Cs6q,6394,,gutim,380,
405,1809.0312000000001,0.8571,144,100,20,6394,,E7,,,,d,,,,gut_n380_1E7q,6394,,gutim,380,
405,1809.0312000000001,0.4286,144,57,11,6394,,A3,,,,d,,,,gut_n380_5A3e,6394,,gutim,380,
405,1809.567,0.4286,144,32,20,6395,,Ab1,,,,d,,,,gut_n380_5Ab1e,6395,,gutim,380,
405,1810.1027000000001,0.1696,144,32,8,6396,,Ab1,,,,D,6042,,,gut_n380_5Ab1t,6396,,gutim,380,
405,1810.2812000000001,0.1127,144,72,9,6397,,C5,,,,,,,,gut_n380_5C5t_0,6397,,gutim,380,
405,1810.3998000000001,0.1127,144,85,10,6398,,C#6,,,,,,,,gut_n380_5Cs6t_0,6398,,gutim,380,
405,1810.5184000000002,0.114,144,76,11,6399,,E5,,,,,,,,gut_n380_5E5t_0,6399,,gutim,380,
405,1810.6384,0.1272,144,44,12,6400,,Ab2,,,,,,,,gut_n380_5Ab2t,6400,,gutim,380,
405,1810.6384,0.1272,144,50,12,6400,,D3,,,,,,,,gut_n380_5D3t,6400,,gutim,380,
405,1810.6384,0.1272,144,72,12,6400,,C5,,,,,,,,gut_n380_5C5t_1,6400,,gutim,380,
405,1810.7723,0.1272,144,85,14,6401,,C#6,,,,,,,,gut_n380_5Cs6t_1,6401,,gutim,380,
405,1810.9062000000001,0.1272,144,76,15,6402,,E5,,,,,,,,gut_n380_5E5t_1,6402,,gutim,380,
405,1811.0402000000001,0.1272,144,62,16,6403,,D4,,,,,,,,gut_n380_5D4t,6403,,gutim,380,
405,1811.0402000000001,0.1272,144,85,16,6403,,C#6,,,,,,,,gut_n380_5Cs6t_2,6403,,gutim,380,
405,1811.1741,0.2857,144,97,17,6404,,C#7,,,,,,,,gut_n380_1Cs7e,6404,,gutim,380,
405,1811.3527000000001,0.1429,144,50,17,6405,,D3,,,,,,,,gut_n380_5D3s_0,6405,,gutim,380,
405,1811.5312000000001,0.1429,144,97,17,6406,,C#7,,,,,,,,gut_n380_1Cs7s,6406,,gutim,380,
405,1811.5312000000001,0.1429,144,44,17,6406,,Ab2,,,,,,,,gut_n380_5Ab2s,6406,,gutim,380,
405,1811.5312000000001,0.1429,144,50,17,6406,,D3,,,,,,,,gut_n380_5D3s_1,6406,,gutim,380,
405,1811.8884,0.1696,144,63,8,6407,,D#4,,,,,,,,gut_n380_1Ds4s,6407,,gutim,380,
405,1812.067,0.1696,144,56,8,6408,,G#3,,,,,,,,gut_n380_1Gs3s,6408,,gutim,380,
405,1812.2455,0.2143,144,36,8,6409,,C2,,,,,,,,gut_n380_5C2s,6409,,gutim,380,
405,1812.5134,0.2143,144,63,8,6410,,D#4,,,,,,,,gut_n380_5Ds4s,6410,,gutim,380,
405,1812.7812000000001,0.3214,144,44,8,6411,,G#2,,,,,,,,gut_n380_5Gs2s,6411,,gutim,380,
405,1813.183,0.1071,144,39,8,6412,,D#2,,,,,,,,gut_n380_5Ds2t,6412,,gutim,380,
405,1813.183,0.1071,144,47,8,6412,,B2,,,,,,,,gut_n380_5B2t,6412,,gutim,380,
405,1813.183,0.1071,144,48,8,6412,,C3,,,,,,,,gut_n380_5C3t,6412,,gutim,380,
,,,,,,,,,,,,,,,,,,406,,,
406,1813.317,0.1272,144,42,12,6413,,F#2,,,,,,,,gut_n381_5Fs2t,6413,,gutim,381,
406,1813.4509,0.1272,144,43,16,6414,,G2,,,,,,,,gut_n381_5G2t,6414,,gutim,381,
,,,,,,,6042,,,,,,,,,,,,gutim,,
406,1813.5848,0.1071,144,47,20,6415,,B2,,,,,,,,gut_n381_1B2s_0,6415,,gutim,381,
406,1813.5848,0.2143,144,60,20,6415,,C4,,,,,,,,gut_n381_1C4s_0,6415,,gutim,381,
406,1813.5848,0.1071,144,27,20,6415,,D#1,,,,,,,,gut_n381_5Ds1s_0,6415,,gutim,381,
406,1813.5848,0.2143,144,30,20,6415,,F#1,,,,,,,,gut_n381_5Fs1s_0,6415,,gutim,381,
406,1813.9866,0.3214,144,47,8,6416,,B2,,,,,,,,gut_n381_1B2s_1,6416,,gutim,381,
406,1813.9866,0.3214,144,60,8,6416,,C4,,,,,,,,gut_n381_1C4s_1,6416,,gutim,381,
406,1813.9866,0.3214,144,27,8,6416,,D#1,,,,,,,,gut_n381_5Ds1s_1,6416,,gutim,381,
406,1813.9866,0.3214,144,30,8,6416,,F#1,,,,,,,,gut_n381_5Fs1s_1,6416,,gutim,381,
406,1814.3884,0.1021,144,41,8,6417,,F2,,,,,,,,gut_n381_5F2t_0,6417,,gutim,381,
406,1814.4958000000001,0.1021,144,37,8,6418,,C#2,,,,,,,,gut_n381_5Cs2t_0,6418,,gutim,381,
406,1814.6032,0.1021,144,38,8,6419,,D2,,,,,,,,gut_n381_5D2t_0,6419,,gutim,381,
406,1814.7107,0.1021,144,37,8,6420,,C#2,,,,,,,,gut_n381_5Cs2t_1,6420,,gutim,381,
406,1814.8181,0.1021,144,38,8,6421,,D2,,,,,,,,gut_n381_5D2t_1,6421,,gutim,381,
406,1814.9255,0.1021,144,37,8,6422,,C#2,,,,,,,,gut_n381_5Cs2t_2,6422,,gutim,381,
406,1815.0329000000002,0.1524,144,41,8,6423,,F2,,,,,,,,gut_n381_5F2t_1,6423,,gutim,381,
406,1815.1027000000001,0.1429,144,73,11,6424,,C#5,,,,,,,,gut_n381_1Cs5s,6424,,gutim,381,
406,1815.1027000000001,0.1429,144,81,11,6424,,A5,,,,,,,,gut_n381_1A5s_0,6424,,gutim,381,
406,1815.1934,0.1524,144,38,8,6425,,D2,,,,,,,,gut_n381_5D2t_2,6425,,gutim,381,
406,1815.2812000000001,0.1429,144,65,12,6426,,F4,,,,,,,,gut_n381_1F4s,6426,,gutim,381,
406,1815.3538,0.1021,144,37,8,6427,,C#2,,,,,,,,gut_n381_5Cs2t_3,6427,,gutim,381,
406,1815.4598,0.5714,144,65,14,6428,,F4,,,,,,,,gut_n381_1F4q,6428,,gutim,381,
406,1815.4598,0.5714,144,73,14,6428,,C#5,,,,,,,,gut_n381_1Cs5q,6428,,gutim,381,
406,1815.4612,0.1021,144,33,8,6428,,A1,,,,,,,,gut_n381_5A1t_0,6428,,gutim,381,
406,1815.4612,0.1021,144,41,8,6428,,F2,,,,,,,,gut_n381_5F2t_2,6428,,gutim,381,
406,1815.5686,0.1524,144,44,8,6429,,G#2,,,,,,,,gut_n381_5Gs2t_0,6429,,gutim,381,
406,1815.7291,0.1021,144,33,8,6430,,A1,,,,,,,,gut_n381_5A1t_1,6430,,gutim,381,
406,1815.7291,0.1021,144,37,8,6430,,C#2,,,,,,,,gut_n381_5Cs2t_4,6430,,gutim,381,
406,1815.7291,0.1021,144,38,8,6430,,D2,,,,,,,,gut_n381_5D2t_3,6430,,gutim,381,
406,1815.8365000000001,0.1021,144,44,8,6431,,G#2,,,,,,,,gut_n381_5Gs2t_1,6431,,gutim,381,
406,1815.9439,0.1524,144,38,8,6432,,D2,,,,,,,,gut_n381_5D2t_4,6432,,gutim,381,
406,1816.1043,0.1524,144,33,8,6433,,A1,,,,,,,,gut_n381_5A1t_2,6433,,gutim,381,
406,1816.1043,0.1524,144,37,8,6433,,C#2,,,,,,,,gut_n381_5Cs2t_5,6433,,gutim,381,
406,1816.1043,0.1524,144,41,8,6433,,F2,,,,,,,,gut_n381_5F2t_3,6433,,gutim,381,
406,1816.2648000000002,0.1524,144,44,8,6434,,G#2,,,,,,,,gut_n381_5Gs2t_2,6434,,gutim,381,
406,1816.4252000000001,0.1021,144,33,8,6435,,A1,,,,,,,,gut_n381_5A1t_3,6435,,gutim,381,
406,1816.5312000000001,0.1429,144,63,14,6436,,Eb4,,e,,,,,,gut_n381_1Eb4s,6436,,gutim,381,
406,1816.5326,0.1429,144,36,8,6437,,C2,,e,,,,,,gut_n381_5C2s,6437,,gutim,381,
406,1816.7112,0.2857,144,36,8,6438,,C2,,e,,,,,,gut_n381_5C2e,6438,,gutim,381,
406,1816.7112,0.2857,144,44,8,6438,,Ab2,,e,,,,,,gut_n381_5Ab2e,6438,,gutim,381,
406,1816.8884,0.1696,144,88,14,6439,,E6,,e,,,,,,gut_n381_1E6s,6439,,gutim,381,
406,1817.067,0.1696,144,81,14,6440,,A5,,e,,,,,,gut_n381_1A5s_1,6440,,gutim,381,
406,1817.0684,0.1429,144,56,9,6441,,Ab3,,E,,,,,,gut_n381_5Ab3s,6441,,gutim,381,
406,1817.0684,0.1429,144,63,9,6441,,Eb4,,E,,,,,,gut_n381_5Eb4s,6441,,gutim,381,
406,1817.6027000000001,0.2857,144,43,14,6442,,G2,,,,,,,,gut_n381_1G2e,6442,,gutim,381,
406,1817.6027000000001,0.2857,144,47,14,6442,,B2,,,,,,,,gut_n381_1B2e,6442,,gutim,381,
406,1817.6041,0.2857,144,27,11,6442,,D#1,,,,,,,,gut_n381_5Ds1e,6442,,gutim,381,
406,1817.6041,0.2857,144,30,11,6442,,F#1,,,,,,,,gut_n381_5Fs1e,6442,,gutim,381,
406,1817.9598,0.1429,144,97,22,6443,,C#7,,e,,d,,,,gut_n381_1Cs7s,6443,,gutim,381,
406,1818.0505,0.0714,144,63,8,6444,,D#4,,e,,d,,,,gut_n381_5Ds4t_0,6444,,gutim,381,
406,1818.1384,0.0848,144,83,8,6445,,B5,,e,,D,6043,,,gut_n381_1B5t,6445,,gutim,381,
406,1818.2277000000001,0.1696,144,96,9,6446,,C7,,e,,,,,,gut_n381_1C7s_0,6446,,gutim,381,
406,1818.3184,0.0703,144,66,10,6447,,F#4,,e,,,,,,gut_n381_5Fs4t,6447,,gutim,381,
406,1818.4062000000001,0.2143,144,96,11,6448,,C7,,E,6043,,,,,gut_n381_1C7s_1,6448,,gutim,381,
406,1818.5402000000001,0.1272,144,63,12,6449,,D#4,,,,,,,,gut_n381_5Ds4t_1,6449,,gutim,381,
,,,,,,,,,,,,,,,,,,407,,,
407,1818.6741,0.1272,144,66,12,6450,,F#4,,,,,,,,gut_n382_5Fs4t_0,6450,,gutim,382,
407,1818.808,0.1272,144,83,12,6451,,B5,,,,,,,,gut_n382_5B5t,6451,,gutim,382,
407,1818.942,0.0848,144,96,12,6452,,C7,,,,,,,,gut_n382_5C7t,6452,,gutim,382,
407,1819.0312000000001,0.3393,144,97,22,6453,,C#7,,,,,,,,gut_n382_1Cs7e_0,6453,,gutim,382,
407,1819.0312000000001,0.0848,144,66,12,6453,,F#4,,,,,,,,gut_n382_5Fs4t_1,6453,,gutim,382,
407,1819.1205,0.0848,144,79,12,6454,,G5,,,,,,,,gut_n382_5G5t,6454,,gutim,382,
407,1819.3884,0.3393,144,97,22,6455,,C#7,,,,,,,,gut_n382_1Cs7e_1,6455,,gutim,382,
407,1819.3884,0.3393,144,50,22,6455,,D3,,,,,,,,gut_n382_5D3e,6455,,gutim,382,
407,1819.7455,0.0714,144,49,20,6456,,C#3,,,,,,,,gut_n382_1Cs3s,6456,,gutim,382,
407,1819.7455,0.1429,144,59,20,6456,,B3,,,,,,,,gut_n382_1B3s,6456,,gutim,382,
407,1819.7455,0.0714,144,27,20,6456,,D#1,,,,,,,,gut_n382_5Ds1s,6456,,gutim,382,
407,1819.7455,0.1429,144,32,20,6456,,G#1,,,,,,,,gut_n382_5Gs1s,6456,,gutim,382,
,,,,,,,6043,,,,,,,,,,,,gutim,,
407,1819.9241,0.4286,144,43,17,6457,,G2,,,,,,,,gut_n382_1G2e_0,6457,,gutim,382,
407,1820.4598,0.2857,144,43,8,6458,,G2,,,,,,,,gut_n382_1G2e_1,6458,,gutim,382,
407,1820.4598,0.2857,144,49,8,6458,,C#3,,,,,,,,gut_n382_1Cs3e,6458,,gutim,382,
407,1820.4598,0.2857,144,27,8,6458,,D#1,,,,,,,,gut_n382_5Ds1e,6458,,gutim,382,
407,1820.4598,0.2857,144,32,8,6458,,G#1,,,,,,,,gut_n382_5Gs1e,6458,,gutim,382,
407,1821.0848,0.1272,144,80,11,6459,,Ab5,,,,,,,,gut_n382_1Ab5t_0,6459,,gutim,382,
407,1821.2187000000001,0.1272,144,72,11,6460,,C5,,,,,,,,gut_n382_1C5t_0,6460,,gutim,382,
407,1821.3527000000001,0.2545,144,40,11,6461,,E2,,,,,,,,gut_n382_5E2s,6461,,gutim,382,
407,1821.6205,0.1272,144,47,11,6462,,B2,,,,,,,,gut_n382_5B2t_0,6462,,gutim,382,
407,1821.7545,0.1272,144,53,11,6463,,F3,,,,,,,,gut_n382_5F3t_0,6463,,gutim,382,
407,1821.8545000000001,0.0712,144,51,8,6464,,Eb3,g,e,,,,,,gut_ng382_5Eb3e_0,6464,,gutim,382,
407,1821.9295,0.0712,144,36,8,6465,,C2,g,e,,,,,,gut_ng382_5C2e,6465,,gutim,382,
407,1822.0045,0.0712,144,51,8,6466,,Eb3,g,e,,,,,,gut_ng382_5Eb3e_1,6466,,gutim,382,
407,1822.0795,0.0712,144,57,8,6467,,A3,g,e,,,,,,gut_ng382_5A3e,6467,,gutim,382,
407,1822.1545,0.0949,144,80,11,6468,,Ab5,,e,,d,,,,gut_n382_1Ab5t_1,6468,,gutim,382,
407,1822.1545,0.0949,144,84,17,6468,,C6,,e,,d,,,,gut_n382_1C6t,6468,,gutim,382,
407,1822.1545,0.2545,144,36,11,6468,,C2,,e,,d,,,,gut_n382_5C2s,6468,,gutim,382,
407,1822.1545,0.2545,144,44,8,6468,,Ab2,,E,6044,d,,,,gut_n382_5Ab2s,6468,,gutim,382,
407,1822.2730000000001,0.1429,144,72,11,6469,,C5,,,,,,,,gut_n382_1C5t_1,6469,,gutim,382,
407,1822.4516,0.0949,144,40,12,6470,,E2,,,,,,,,gut_n382_1E2t,6470,,gutim,382,
407,1822.4516,0.0949,144,47,12,6470,,B2,,,,,,,,gut_n382_1B2t,6470,,gutim,382,
407,1822.4516,0.0949,144,65,12,6470,,F4,,,,,,,,gut_n382_1F4t,6470,,gutim,382,
407,1822.5702,0.096,144,72,13,6471,,C5,,,,,,,,gut_n382_1C5t_2,6471,,gutim,382,
407,1822.6902,0.0949,144,53,13,6472,,F3,,,,,,,,gut_n382_5F3t_1,6472,,gutim,382,
407,1822.8088,0.0949,144,80,14,6473,,Ab5,,,,,,,,gut_n382_5Ab5t,6473,,gutim,382,
407,1822.9273,0.1429,144,28,14,6474,,E1,,,,,,,,gut_n382_5E1t,6474,,gutim,382,
407,1823.1059,0.2031,144,47,15,6475,,B2,,,,,,,,gut_n382_5B2t_1,6475,,gutim,382,
407,1823.3598,0.1272,144,72,11,6476,,C5,,,,d,,,,gut_n382_1C5t_3,6476,,gutim,382,
407,1823.3598,0.1272,144,80,11,6476,,Ab5,,,,d,,,,gut_n382_1Ab5t_2,6476,,gutim,382,
407,1823.3598,0.1071,144,40,11,6476,,E2,,,,,,,,gut_n382_5E2t,6476,,gutim,382,
407,1823.3598,0.1071,144,47,11,6476,,B2,,,,,,,,gut_n382_5B2t_3,6476,,gutim,382,
407,1823.3598,0.1071,144,53,11,6476,,F3,,,,,,,,gut_n382_5F3t_2,6476,,gutim,382,
407,1823.4937,0.2545,144,68,11,6477,,Ab4,,,,d,,,,gut_n382_1Ab4s,6477,,gutim,382,
407,1823.7616,0.1071,144,53,17,6478,,F3,,,,d,,,,gut_n382_1F3t,6478,,gutim,382,
407,1823.7616,0.1071,144,56,17,6478,,Ab3,,,,d,,,,gut_n382_1Ab3t,6478,,gutim,382,
407,1823.7616,0.1071,144,36,17,6478,,C2,,,,d,,,,gut_n382_5C2t,6478,,gutim,382,
407,1823.7616,0.1071,144,46,17,6478,,Bb2,,,,d,,,,gut_n382_5Bb2t,6478,,gutim,382,
407,1823.8955,0.3214,144,76,8,6479,,E5,,,,D,6044,,,gut_n382_1E5s,6479,,gutim,382,
,,,,,,,6044,,,,,,,,,,,,gutim,,
,,,,,,,,,,,,,,,,,,408,,,
408,1824.2973,0.2857,144,85,20,6480,,C#6,,,,d,,,,gut_n383_1Cs6e,6480,,gutim,383,
408,1824.2973,0.2857,144,100,20,6480,,E7,,,,d,,,,gut_n383_1E7e,6480,,gutim,383,
408,1824.2973,0.2143,144,31,20,6480,,G1,,,,d,,,,gut_n383_5G1s,6480,,gutim,383,
408,1824.2973,0.2143,144,44,20,6480,,Ab2,,,,d,,,,gut_n383_5Ab2s,6480,,gutim,383,
408,1824.5652,0.0714,144,60,14,6481,,C4,,,,,,,,gut_n383_5C4t,6481,,gutim,383,
408,1824.6545,0.5714,144,97,8,6482,,C#7,,,,d,,,,gut_n383_1Cs7q,6482,,gutim,383,
408,1824.6545,0.5714,144,50,8,6482,,D3,,,,d,,,,gut_n383_5D3s,6482,,gutim,383,
408,1825.5027,0.1071,144,68,11,6483,,Ab4,,,,d,,,,gut_n383_5Ab4t,6483,,gutim,383,
408,1825.6366,0.2143,144,28,11,6484,,E1,,,,d,,,,gut_n383_5E1s,6484,,gutim,383,
408,1825.9045,0.1071,144,51,14,6485,,Eb3,,,,d,,,,gut_n383_1Eb3t,6485,,gutim,383,
408,1825.9045,0.1071,144,57,14,6485,,A3,,,,d,,,,gut_n383_1A3t,6485,,gutim,383,
408,1825.9045,0.1071,144,36,14,6485,,C2,,,,d,,,,gut_n383_5C2t,6485,,gutim,383,
408,1825.9045,0.1071,144,44,14,6485,,Ab2,,,,d,,,,gut_n383_5Ab2t,6485,,gutim,383,
408,1826.0384000000001,0.3214,144,76,14,6486,,E5,,,,d,,,,gut_n383_1E5s,6486,,gutim,383,
408,1826.4402,1.7143,144,84,14,6487,,C6,,,,D,6045,,,gut_n383_1C6h,6487,,gutim,383,
408,1826.4402,0.1021,144,41,8,6487,,F2,,e,,,,,,gut_n383_5F2t_0,6487,,gutim,383,
408,1826.5476,0.1021,144,37,8,6488,,C#2,,e,,,,,,gut_n383_5Cs2t_0,6488,,gutim,383,
408,1826.655,0.1021,144,38,8,6489,,D2,,e,,,,,,gut_n383_5D2t_0,6489,,gutim,383,
408,1826.7624,0.1021,144,37,8,6490,,C#2,,e,,,,,,gut_n383_5Cs2t_1,6490,,gutim,383,
408,1826.8699000000001,0.1021,144,38,8,6491,,D2,,e,,,,,,gut_n383_5D2t_1,6491,,gutim,383,
408,1826.9773,0.1021,144,37,8,6492,,C#2,,e,,,,,,gut_n383_5Cs2t_2,6492,,gutim,383,
408,1827.0847,0.1524,144,41,8,6493,,F2,,E,6045,,,,,gut_n383_5F2t_1,6493,,gutim,383,
408,1827.2451,0.1524,144,38,8,6494,,D2,,,,,,,,gut_n383_5D2t_2,6494,,gutim,383,
408,1827.4056,0.1021,144,37,8,6495,,C#2,,,,,,,,gut_n383_5Cs2t_3,6495,,gutim,383,
408,1827.5130000000001,0.1021,144,33,8,6496,,A1,,,,,,,,gut_n383_5A1t_0,6496,,gutim,383,
408,1827.5130000000001,0.1021,144,41,8,6496,,F2,,,,,,,,gut_n383_5F2t_2,6496,,gutim,383,
408,1827.6204,0.1524,144,44,8,6497,,G#2,,,,,,,,gut_n383_5Gs2t_0,6497,,gutim,383,
408,1827.7809,0.1021,144,33,8,6498,,A1,,,,,,,,gut_n383_5A1t_1,6498,,gutim,383,
408,1827.7809,0.1021,144,37,8,6498,,C#2,,,,,,,,gut_n383_5Cs2t_4,6498,,gutim,383,
408,1827.7809,0.1021,144,38,8,6498,,D2,,,,,,,,gut_n383_5D2t_3,6498,,gutim,383,
408,1827.8883,0.1021,144,44,8,6499,,G#2,,,,,,,,gut_n383_5Gs2t_1,6499,,gutim,383,
408,1827.9957,0.1524,144,38,8,6500,,D2,,,,,,,,gut_n383_5D2t_4,6500,,gutim,383,
408,1828.1561000000002,0.1524,144,33,8,6501,,A1,,,,,,,,gut_n383_5A1t_2,6501,,gutim,383,
408,1828.1561000000002,0.1524,144,37,8,6501,,C#2,,,,,,,,gut_n383_5Cs2t_5,6501,,gutim,383,
408,1828.1561000000002,0.1524,144,41,8,6501,,F2,,,,,,,,gut_n383_5F2t_3,6501,,gutim,383,
408,1828.3166,0.1524,144,44,8,6502,,G#2,,,,,,,,gut_n383_5Gs2t_2,6502,,gutim,383,
408,1828.477,0.1007,144,33,8,6503,,A1,,,,,,,,gut_n383_5A1t_3,6503,,gutim,383,
,,,,,,,6045,,,,,,,,,,,,gutim,,
408,1828.583,0.1071,144,27,17,6504,,D#1,,,,,,,,gut_n383_5Ds1s,6504,,gutim,383,
408,1828.583,0.2143,144,32,17,6504,,G#1,,,,,,,,gut_n383_5Gs1s,6504,,gutim,383,
408,1828.583,0.2143,144,37,17,6504,,C#2,,,,,,,,gut_n383_5Cs2s,6504,,gutim,383,
408,1828.583,0.2143,144,55,17,6504,,G3,,,,,,,,gut_n383_5G3s,6504,,gutim,383,
408,1828.583,0.2143,144,59,17,6504,,B3,,,,,,,,gut_n383_5B3s,6504,,gutim,383,
408,1828.8509000000001,0.6429,144,39,8,6505,,D#2,,,,,,,,gut_n383_5Ds2e,6505,,gutim,383,
,,,,,,,,,,,,,,,,,,409,,,
409,1830.1902,0.2857,144,84,11,6506,,C6,,,,,,,,gut_n384_1C6e,6506,,gutim,384,
409,1830.1902,0.2857,144,51,8,6506,,Eb3,,,,,,,,gut_n384_5Eb3e,6506,,gutim,384,
409,1830.5473,0.1429,144,36,8,6507,,C2,,,,,,,,gut_n384_5C2s_0,6507,,gutim,384,
409,1830.6366,0.0714,144,65,11,6508,,F4,,,,,,,,gut_n384_1F4t_0,6508,,gutim,384,
409,1830.7259000000001,0.0714,144,68,13,6509,,Ab4,,,,,,,,gut_n384_1Ab4t_0,6509,,gutim,384,
409,1830.8152,0.0714,144,76,15,6510,,E5,,,,,,,,gut_n384_1E5t_0,6510,,gutim,384,
409,1830.9045,0.0357,144,65,17,6511,,F4,,,,,,,,gut_n384_1F4t_1,6511,,gutim,384,
409,1830.9045,0.0714,144,68,17,6511,,Ab4,,,,,,,,gut_n384_1Ab4t_1,6511,,gutim,384,
409,1830.9045,0.0357,144,36,17,6511,,C2,,e,,,,,,gut_n384_5C2t,6511,,gutim,384,
409,1830.9045,0.0714,144,46,17,6511,,Bb2,,e,,,,,,gut_n384_5Bb2t,6511,,gutim,384,
409,1830.9937,0.0714,144,48,14,6512,,C3,,e,,,,,,gut_n384_5C3t_0,6512,,gutim,384,
409,1831.083,0.0714,144,41,12,6513,,F2,,e,,,,,,gut_n384_5F2t,6513,,gutim,384,
409,1831.1723,0.0714,144,35,11,6514,,B1,,e,,,,,,gut_n384_5B1t,6514,,gutim,384,
409,1831.2616,0.0848,144,43,11,6515,,G2,,e,,,,,,gut_n384_1G2t_0,6515,,gutim,384,
409,1831.3509000000001,0.0848,144,88,11,6516,,E6,,e,,,,,,gut_n384_1E6t_0,6516,,gutim,384,
409,1831.4402,0.0848,144,85,11,6517,,Db6,,e,,,,,,gut_n384_1Db6t,6517,,gutim,384,
409,1831.5295,0.0848,144,88,10,6518,,E6,,e,,,,,,gut_n384_1E6t_1,6518,,gutim,384,
409,1831.6187,0.0848,144,73,10,6519,,Db5,,e,,,,,,gut_n384_1Db5t,6519,,gutim,384,
409,1831.708,0.0848,144,76,10,6520,,E5,,e,,,,,,gut_n384_1E5t_1,6520,,gutim,384,
409,1831.7973,0.1272,144,55,10,6521,,G3,,E,,,,,,gut_n384_1G3t,6521,,gutim,384,
409,1831.7973,0.8571,144,48,17,6521,,C3,,,,,,,,gut_n384_5C3q,6521,,gutim,384,
409,1831.9312,0.1272,144,61,9,6522,,Db4,,,,,,,,gut_n384_1Db4t_0,6522,,gutim,384,
409,1832.0652,0.0848,144,76,9,6523,,E5,,,,,,,,gut_n384_1E5t_2,6523,,gutim,384,
409,1832.1545,0.0848,144,61,9,6524,,Db4,,,,,,,,gut_n384_1Db4t_1,6524,,gutim,384,
409,1832.2437,0.0848,144,60,8,6525,,C4,,,,,,,,gut_n384_1C4t_0,6525,,gutim,384,
409,1832.333,0.1272,144,43,8,6526,,G2,,e,,,,,,gut_n384_1G2t_1,6526,,gutim,384,
409,1832.333,0.1272,144,56,8,6526,,Ab3,,e,,,,,,gut_n384_1Ab3t,6526,,gutim,384,
409,1832.467,0.1272,144,60,8,6527,,C4,,e,,,,,,gut_n384_1C4t_1,6527,,gutim,384,
409,1832.6009000000001,0.1272,144,44,7,6528,,Ab2,,e,,,,,,gut_n384_1Ab2t,6528,,gutim,384,
409,1832.7348,0.1272,144,72,7,6529,,C5,,e,,,,,,gut_n384_1C5t,6529,,gutim,384,
409,1832.7348,0.1272,144,76,7,6529,,E5,,e,,,,,,gut_n384_1E5t_3,6529,,gutim,384,
409,1832.8687,0.1071,144,31,7,6530,,G1,,e,,,,,,gut_n384_5G1t_0,6530,,gutim,384,
409,1833.0027,0.1071,144,61,6,6531,,Db4,,e,,,,,,gut_n384_5Db4t,6531,,gutim,384,
409,1833.1366,0.0848,144,44,6,6532,,Ab2,,E,,,,,,gut_n384_5Ab2t_0,6532,,gutim,384,
409,1833.1366,0.0848,144,76,6,6532,,E5,,E,6046,,,,,gut_n384_5E5t,6532,,gutim,384,
409,1833.2259000000001,0.0848,144,48,6,6533,,C3,,,,,,,,gut_n384_5C3t_1,6533,,gutim,384,
409,1833.3152,0.1272,144,44,5,6534,,Ab2,,,,,,,,gut_n384_5Ab2t_1,6534,,gutim,384,
409,1833.4491,0.0848,144,48,5,6535,,C3,,,,,,,,gut_n384_5C3t_2,6535,,gutim,384,
409,1833.5384000000001,0.1272,144,49,5,6536,,Db3,,,,,,,,gut_n384_5Db3t,6536,,gutim,384,
409,1833.6723,0.1272,144,44,5,6537,,Ab2,,,,,,,,gut_n384_5Ab2t_2,6537,,gutim,384,
409,1833.6723,0.1272,144,48,5,6537,,C3,,,,,,,,gut_n384_5C3t_3,6537,,gutim,384,
409,1833.6723,0.1272,144,64,5,6537,,E4,,,,,,,,gut_n384_5E4t,6537,,gutim,384,
409,1833.8062,0.1071,144,31,5,6538,,G1,,,,,,,,gut_n384_5G1t_1,6538,,gutim,384,
409,1833.8062,0.1071,144,32,5,6538,,Ab1,,,,,,,,gut_n384_5Ab1t,6538,,gutim,384,
,,,,,,,6046,,,,,,,,,,,,gutim,,
409,1833.9402,0.2545,144,72,8,6539,,C5,,,,,,,,gut_n384_1C5s,6539,,gutim,384,
409,1833.9402,0.1696,144,36,5,6539,,C2,,,,,,,,gut_n384_5C2s_1,6539,,gutim,384,
409,1833.9402,0.1696,144,49,5,6539,,Db3,,,,,,,,gut_n384_5Db3s,6539,,gutim,384,
409,1833.9402,0.1696,144,64,5,6539,,E4,,,,,,,,gut_n384_5E4s,6539,,gutim,384,
409,1834.208,0.2545,144,80,8,6540,,Ab5,,,,,,,,gut_n384_1Ab5s,6540,,gutim,384,
409,1834.2973,0.1696,144,61,5,6541,,C#4,,,,,,,,gut_n384_5Cs4s_0,6541,,gutim,384,
409,1834.4759000000001,0.2545,144,43,5,6542,,G2,,,,,,,,gut_n384_5G2s,6542,,gutim,384,
409,1834.7437,0.2545,144,61,5,6543,,C#4,,,,,,,,gut_n384_5Cs4s_1,6543,,gutim,384,
,,,,,,,,,,,,,,,,,,410,,,
410,1835.0116,0.8571,144,76,5,6544,,E5,,,,,,t,,gut_n385_2E5q,6544,,gutim,385,
410,1835.933,0.06,144,88,8,6545,,E6,g,,,,,,,gut_ng385_1E6e,6545,,gutim,385,
410,1836.008,0.06,144,54,8,6546,,F#3,g,,,,,,,gut_ng385_1Fs3e,6546,,gutim,385,
410,1836.083,0.0859,144,59,8,6547,,B3,,,,,,,,gut_n385_1B3t_0,6547,,gutim,385,
410,1836.083,0.8571,144,86,8,6547,,D6,,,,,,t,,gut_n385_2D6q,6547,,gutim,385,
410,1836.083,0.5714,144,48,11,6547,,C3,,,,,,,,gut_n385_5C3q,6547,,gutim,385,
410,1836.1877,0.1283,144,100,8,6548,,E7,,,,,,,,gut_n385_1E7t,6548,,gutim,385,
410,1836.3481000000002,0.1283,144,59,8,6549,,B3,,,,,,,,gut_n385_1B3t_1,6549,,gutim,385,
410,1836.5085000000001,0.3426,144,70,8,6550,,Bb4,,,,,,,,gut_n385_1Bb4e,6550,,gutim,385,
410,1836.7973,0.5714,144,63,11,6551,,Eb4,,,,,,,,gut_n385_5Eb4e_0,6551,,gutim,385,
410,1836.9368,0.1741,144,62,8,6552,,D4,,,,,,,,gut_n385_1D4s,6552,,gutim,385,
410,1837.1545,0.2545,144,86,8,6553,,D6,,,,,,t,,gut_n385_2D6s,6553,,gutim,385,
410,1837.4223,0.2545,144,78,8,6554,,F#5,,,,,,,,gut_n385_2Fs5s,6554,,gutim,385,
410,1837.5116,0.1429,144,56,11,6555,,Ab3,,,,,,,,gut_n385_5Ab3s,6555,,gutim,385,
410,1837.6902,0.0848,144,44,8,6556,,Ab2,,,,,,,,gut_n385_5Ab2t_0,6556,,gutim,385,
410,1837.7795,0.0848,144,51,8,6557,,Eb3,,,,,,,,gut_n385_5Eb3t_0,6557,,gutim,385,
410,1837.8687,0.0848,144,81,11,6558,,A5,,,,,,,,gut_n385_2A5t,6558,,gutim,385,
410,1837.8687,0.0848,144,44,8,6558,,Ab2,,,,,,,,gut_n385_5Ab2t_1,6558,,gutim,385,
410,1837.958,0.1272,144,100,11,6559,,E7,,,,,,,,gut_n385_2E7t,6559,,gutim,385,
410,1837.958,0.1272,144,51,8,6559,,Eb3,,,,,,,,gut_n385_5Eb3t_1,6559,,gutim,385,
410,1838.092,0.1272,144,93,11,6560,,A6,,,,,,,,gut_n385_2A6t,6560,,gutim,385,
410,1838.092,0.1272,144,44,8,6560,,Ab2,,,,,,,,gut_n385_5Ab2t_2,6560,,gutim,385,
410,1838.2259000000001,1.7143,144,94,8,6561,,A#6,,,,,,T,6047,gut_n385_2As6h,6561,,gutim,385,
410,1838.2259000000001,0.2041,144,47,8,6561,,B2,,,,,,,,gut_n385_5B2s_0,6561,,gutim,385,
410,1838.4407,0.1021,144,58,8,6562,,Bb3,,,,,,,,gut_n385_5Bb3t,6562,,gutim,385,
410,1838.5482,0.1021,144,76,8,6563,,E5,,,,,,,,gut_n385_5E5t,6563,,gutim,385,
410,1838.6556,0.1021,144,50,8,6564,,D3,,,,,,,,gut_n385_5D3t,6564,,gutim,385,
410,1838.7630000000001,0.3048,144,42,8,6565,,F#2,,,,,,,,gut_n385_5Fs2s_0,6565,,gutim,385,
,,,,,,,6047,,,,,,,,,,,,gutim,,
410,1839.0839,0.0859,144,42,14,6566,,F#2,,,,,,,,gut_n385_5Fs2s_1,6566,,gutim,385,
410,1839.0839,0.1719,144,47,14,6566,,B2,,,,,,,,gut_n385_5B2s_1,6566,,gutim,385,
410,1839.0839,0.1719,144,50,14,6566,,D3,,,,,,,,gut_n385_5D3s,6566,,gutim,385,
410,1839.0839,0.1719,144,58,14,6566,,Bb3,,,,,,,,gut_n385_5Bb3s,6566,,gutim,385,
410,1839.1839,0.0712,144,51,11,6567,,Eb3,g,,,,,,,gut_ng385_5Eb3e,6567,,gutim,385,
410,1839.2589,0.0712,144,36,11,6568,,C2,g,,,,,,,gut_ng385_5C2e,6568,,gutim,385,
410,1839.3339,0.2266,144,44,11,6569,,Ab2,,,,,,,,gut_n385_5Ab2s,6569,,gutim,385,
410,1839.5724,0.1908,144,69,11,6570,,A4,,,,,,,,gut_n385_5A4s_0,6570,,gutim,385,
410,1839.8110000000001,0.2857,144,88,11,6571,,E6,,,,,,,,gut_n385_5E6s,6571,,gutim,385,
410,1840.1681,0.1886,144,69,11,6572,,A4,,,,,,,,gut_n385_5A4s_1,6572,,gutim,385,
,,,,,,,,,,,,,,,,,,411,,,
411,1840.4039,0.0712,144,59,14,6573,,B3,g,,,,,,,gut_ng386_5B3e_0,6573,,gutim,386,
411,1840.4789,0.0712,144,66,11,6574,,F#4,g,,,,,,,gut_ng386_1Fs4e,6574,,gutim,386,
411,1840.4789,0.0712,144,76,14,6574,,E5,g,,,,,,,gut_ng386_5E5e,6574,,gutim,386,
411,1840.5539,0.0712,144,72,11,6575,,C5,g,,,,,,,gut_ng386_1C5e,6575,,gutim,386,
411,1840.5539,0.0712,144,59,15,6575,,B3,g,,,,,,,gut_ng386_5B3e_1,6575,,gutim,386,
411,1840.6289000000002,0.0712,144,79,11,6576,,G5,g,,,,,,,gut_ng386_1G5e,6576,,gutim,386,
411,1840.6289000000002,0.0712,144,54,15,6576,,F#3,g,,,,,,,gut_ng386_5Fs3e,6576,,gutim,386,
411,1840.7039,0.5089,144,76,11,6577,,E5,,,,,,,,gut_n386_1E5e,6577,,gutim,386,
411,1840.7039,0.5089,144,82,11,6577,,Bb5,,,,,,,,gut_n386_1Bb5e,6577,,gutim,386,
411,1840.7039,0.3817,144,70,15,6577,,Bb4,,,,,,,,gut_n386_5Bb4s_0,6577,,gutim,386,
411,1841.1057,0.3214,144,62,17,6578,,D4,,,,,,,,gut_n386_5D4s_0,6578,,gutim,386,
411,1841.1057,0.3214,144,70,17,6578,,Bb4,,,,,,,,gut_n386_5Bb4s_1,6578,,gutim,386,
411,1841.2396,0.4286,144,98,11,6579,,D7,,,,,,,,gut_n386_1D7e,6579,,gutim,386,
411,1841.5075,0.2143,144,54,18,6580,,F#3,,,,,,,,gut_n386_5Fs3s,6580,,gutim,386,
411,1841.5075,0.2143,144,62,18,6580,,D4,,,,,,,,gut_n386_5D4s_1,6580,,gutim,386,
411,1841.9093,0.1071,144,72,20,6581,,C5,,,,,,,,gut_n386_1C5t_0,6581,,gutim,386,
411,1841.9093,0.1071,144,80,20,6581,,Ab5,,,,,,,,gut_n386_1Ab5t_0,6581,,gutim,386,
411,1842.0432,0.1071,144,40,20,6582,,E2,,,,,,,,gut_n386_1E2t,6582,,gutim,386,
411,1842.1771,0.1071,144,47,20,6583,,B2,,,,,,,,gut_n386_1B2t,6583,,gutim,386,
411,1842.3110000000001,0.0714,144,53,20,6584,,F3,,e,,,,,,gut_n386_1F3t,6584,,gutim,386,
411,1842.3110000000001,0.0714,144,72,20,6584,,C5,,e,,,,,,gut_n386_1C5t_1,6584,,gutim,386,
411,1842.3110000000001,0.0714,144,80,20,6584,,Ab5,,e,,,,,,gut_n386_1Ab5t_1,6584,,gutim,386,
411,1842.4003,0.0848,144,68,19,6585,,Ab4,,e,,,,,,gut_n386_1Ab4t,6585,,gutim,386,
411,1842.4896,0.0848,144,60,17,6586,,C4,,e,,,,,,gut_n386_1C4t,6586,,gutim,386,
411,1842.5789,0.0714,144,28,17,6587,,E1,,e,,,,,,gut_n386_5E1t_0,6587,,gutim,386,
411,1842.6682,0.1429,144,60,14,6588,,C4,,e,,,,,,gut_n386_1C4s,6588,,gutim,386,
411,1842.6682,0.1429,144,68,14,6588,,Ab4,,e,,,,,,gut_n386_1Ab4s,6588,,gutim,386,
411,1842.6682,0.0714,144,28,17,6588,,E1,,e,,,,,,gut_n386_5E1t_1,6588,,gutim,386,
411,1842.6682,0.0714,144,41,17,6588,,F2,,e,,,,,,gut_n386_5F2t,6588,,gutim,386,
411,1842.7575,0.0714,144,35,17,6589,,B1,,E,,,,,,gut_n386_5B1t,6589,,gutim,386,
411,1842.7682,0.0712,144,48,11,6590,,C3,g,,,,,,,gut_ng386_1C3e,6590,,gutim,386,
411,1842.8432,0.0712,144,56,11,6591,,Ab3,g,,,,,,,gut_ng386_1Ab3e,6591,,gutim,386,
411,1842.9182,0.0712,144,41,11,6592,,F2,g,,,,,,,gut_ng386_1F2e,6592,,gutim,386,
411,1842.9932000000001,0.1696,144,48,11,6593,,C3,,,,,,,,gut_n386_1C3s,6593,,gutim,386,
411,1842.9932000000001,0.1696,144,56,11,6593,,Ab3,,,,,,,,gut_n386_1Ab3s,6593,,gutim,386,
411,1842.9932000000001,0.2143,144,28,11,6593,,E1,,,,,,,,gut_n386_5E1s,6593,,gutim,386,
411,1842.9932000000001,0.2143,144,41,11,6593,,F2,,,,,,,,gut_n386_5F2s,6593,,gutim,386,
411,1843.261,0.2143,144,35,11,6594,,B1,,,,,,,,gut_n386_5B1s,6594,,gutim,386,
411,1843.3503,0.1429,144,46,11,6595,,Bb2,,,,,,,,gut_n386_1Bb2s,6595,,gutim,386,
411,1843.5289,0.4286,144,92,11,6596,,Ab6,,,,,,,,gut_n386_1Ab6e,6596,,gutim,386,
411,1844.0646000000002,0.1429,144,73,11,6597,,C#5,,e,,,,,,gut_n386_1Cs5s_0,6597,,gutim,386,
411,1844.0646000000002,0.1429,144,81,11,6597,,A5,,e,,,,,,gut_n386_1A5s,6597,,gutim,386,
411,1844.2432000000001,0.1429,144,65,13,6598,,F4,,e,,,,,,gut_n386_1F4s,6598,,gutim,386,
411,1844.2432000000001,0.1429,144,73,13,6598,,C#5,,e,,,,,,gut_n386_1Cs5s_1,6598,,gutim,386,
411,1844.4218,0.2857,144,65,15,6599,,F4,,e,,,,,,gut_n386_1F4e,6599,,gutim,386,
411,1844.4218,0.2857,144,73,15,6599,,C#5,,e,,,,,,gut_n386_1Cs5e,6599,,gutim,386,
411,1844.6003,0.1429,144,46,14,6600,,Bb2,,e,,,,,,gut_n386_5Bb2s,6600,,gutim,386,
411,1844.7789,0.2857,144,40,17,6601,,E2,,E,6048,,,,,gut_n386_5E2e,6601,,gutim,386,
411,1845.0468,0.0714,144,51,17,6602,,Eb3,,,,,,,,gut_n386_1Eb3t,6602,,gutim,386,
411,1845.0468,0.0714,144,84,17,6602,,C6,,,,,,,,gut_n386_1C6t_0,6602,,gutim,386,
411,1845.136,0.1071,144,71,18,6603,,B4,,,,,,,,gut_n386_1B4t,6603,,gutim,386,
411,1845.136,0.1071,144,84,18,6603,,C6,,,,,,,,gut_n386_1C6t_1,6603,,gutim,386,
411,1845.136,0.2143,144,39,17,6603,,Eb2,,,,,,,,gut_n386_5Eb2s,6603,,gutim,386,
411,1845.6718,0.2041,144,52,8,6604,,E3,,,,,,,,gut_n386_5E3s,6604,,gutim,386,
411,1845.8866,0.3048,144,59,8,6605,,B3,,,,,,,,gut_n386_5B3s,6605,,gutim,386,
,,,,,,,,,,,,,,,,,,412,,,
412,1846.2075,0.5145,144,84,5,6606,,C6,,,,,,,,gut_n387_1C6e_0,6606,,gutim,387,
412,1846.2075,0.5145,144,92,5,6606,,Ab6,,,,,,,,gut_n387_1Ab6e_0,6606,,gutim,387,
412,1846.2075,0.5145,144,52,5,6606,,E3,,,,,,,,gut_n387_5E3e_0,6606,,gutim,387,
412,1846.2075,0.5145,144,59,5,6606,,B3,,,,,,,,gut_n387_5B3e_0,6606,,gutim,387,
412,1846.8506,1.1998,144,84,5,6607,,C6,,,,,,,,gut_n387_1C6e_1,6607,,gutim,387,
412,1846.8506,1.1998,144,92,5,6607,,Ab6,,,,,,,,gut_n387_1Ab6e_1,6607,,gutim,387,
412,1846.8506,1.1998,144,52,5,6607,,E3,,,,,,,,gut_n387_5E3e_1,6607,,gutim,387,
412,1846.8506,1.1998,144,59,5,6607,,B3,,,,,,,,gut_n387_5B3e_1,6607,,gutim,387,
412,1846.8506,1.1998,144,65,5,6607,,F4,,,,,,,,gut_n387_5F4e,6607,,gutim,387,
,,,,,,,6048,,,,,,,,,,,,gutim,,
412,1848.3503,0.0714,144,71,20,6608,,B4,,,,,,,,gut_n387_1B4t,6608,,gutim,387,
412,1848.3503,0.0714,144,84,20,6608,,C6,,,,,,,,gut_n387_1C6t,6608,,gutim,387,
412,1848.3503,0.1071,144,39,20,6608,,Eb2,,,,,,,,gut_n387_5Eb2t,6608,,gutim,387,
412,1848.4396000000002,0.0714,144,67,20,6609,,G4,,,,,,,,gut_n387_1G4t,6609,,gutim,387,
412,1848.5289,0.1429,144,54,20,6610,,Gb3,,,,,,,,gut_n387_1Gb3s,6610,,gutim,387,
412,1848.886,0.2143,144,76,5,6611,,E5,,,,,,,,gut_n387_1E5s,6611,,gutim,387,
412,1849.1539,0.1429,144,56,8,6612,,G#3,,,,,,,,gut_n387_1Gs3s,6612,,gutim,387,
412,1849.3325,0.0714,144,96,9,6613,,C7,,e,,,,,,gut_n387_1C7t_0,6613,,gutim,387,
412,1849.4218,0.0714,144,45,10,6614,,A2,,e,,,,,,gut_n387_1A2t_0,6614,,gutim,387,
412,1849.511,0.0714,144,96,11,6615,,C7,,e,,,,,,gut_n387_1C7t_1,6615,,gutim,387,
412,1849.6003,0.0714,144,45,12,6616,,A2,,e,,,,,,gut_n387_1A2t_1,6616,,gutim,387,
412,1849.6896000000002,0.1071,144,76,13,6617,,E5,,E,6049,,,,,gut_n387_1E5t,6617,,gutim,387,
412,1849.8235,0.1071,144,56,14,6618,,G#3,,,,,,,,gut_n387_1Gs3t_0,6618,,gutim,387,
,,,,,,,6049,,,,,,,,,,,,gutim,,
412,1849.9575,0.0714,144,45,16,6619,,A2,,,,,,,,gut_n387_1A2t_2,6619,,gutim,387,
412,1850.0468,0.0714,144,86,16,6620,,D6,,,,,,,,gut_n387_1D6t_0,6620,,gutim,387,
412,1850.136,0.1071,144,96,17,6621,,C7,,,,,,,,gut_n387_1C7t_2,6621,,gutim,387,
412,1850.27,0.1071,144,86,19,6622,,D6,,,,,,,,gut_n387_1D6t_1,6622,,gutim,387,
412,1850.4039,0.0357,144,45,20,6623,,A2,,,,,,,,gut_n387_1A2t_3,6623,,gutim,387,
412,1850.4039,0.0714,144,56,20,6623,,G#3,,,,,,,,gut_n387_1Gs3t_1,6623,,gutim,387,
412,1850.4039,0.0714,144,86,20,6623,,D6,,,,,,,,gut_n387_1D6t_2,6623,,gutim,387,
412,1850.4039,0.0714,144,96,20,6623,,C7,,,,,,,,gut_n387_1C7t_3,6623,,gutim,387,
412,1850.761,0.2545,144,39,8,6624,,Eb2,,e,,d,,,,gut_n387_5Eb2s_0,6624,,gutim,387,
412,1851.0289,0.2545,144,83,8,6625,,B5,,e,,d,,,,gut_n387_1B5s_0,6625,,gutim,387,
412,1851.0289,0.2545,144,39,8,6625,,Eb2,,e,,d,,,,gut_n387_5Eb2s_1,6625,,gutim,387,
412,1851.2968,0.2545,144,83,8,6626,,B5,,e,,d,,,,gut_n387_1B5s_1,6626,,gutim,387,
412,1851.2968,0.2545,144,55,8,6626,,G3,,e,,d,,,,gut_n387_5G3s,6626,,gutim,387,
,,,,,,,,,,,,,,,,,,413,,,
413,1851.5646000000002,0.1127,144,63,20,6627,,Eb4,,E,,D,6050,,,gut_n388_1Eb4t_0,6627,,gutim,388,
413,1851.6832,0.1127,144,108,19,6628,,C8,,,,,,,,gut_n388_1C8t,6628,,gutim,388,
413,1851.8018,0.1127,144,75,19,6629,,Eb5,,,,,,,,gut_n388_1Eb5t,6629,,gutim,388,
413,1851.9204,0.1696,144,96,18,6630,,C7,,,,,,,,gut_n388_1C7t_0,6630,,gutim,388,
413,1852.0989,0.1458,144,51,17,6631,,Eb3,,,,,,,,gut_n388_1Eb3t_0,6631,,gutim,388,
413,1852.2524,0.1458,144,96,16,6632,,C7,,,,,,,,gut_n388_1C7t_1,6632,,gutim,388,
413,1852.4059,0.1458,144,95,15,6633,,B6,,,,,,,,gut_n388_1B6t,6633,,gutim,388,
413,1852.5593000000001,0.1458,144,51,14,6634,,Eb3,,,,,,,,gut_n388_1Eb3t_1,6634,,gutim,388,
413,1852.5593000000001,0.1458,144,66,14,6634,,Gb4,,,,,,,,gut_n388_1Gb4t,6634,,gutim,388,
413,1852.7128,0.2187,144,96,13,6635,,C7,,,,,,,,gut_n388_1C7t_2,6635,,gutim,388,
413,1852.943,0.2187,144,63,12,6636,,Eb4,,,,,,,,gut_n388_1Eb4t_1,6636,,gutim,388,
413,1853.1732,0.1696,144,78,10,6637,,Gb5,,,,,,,,gut_n388_1Gb5t,6637,,gutim,388,
413,1853.1732,0.1696,144,84,10,6637,,C6,,,,,,,,gut_n388_1C6t,6637,,gutim,388,
413,1853.3517,0.1127,144,83,9,6638,,B5,,,,,,,,gut_n388_1B5t,6638,,gutim,388,
413,1853.4703,0.1127,144,39,9,6639,,Eb2,,,,,,,,gut_n388_1Eb2t,6639,,gutim,388,
413,1853.5889,0.1127,144,67,8,6640,,G4,,,,,,,,gut_n388_1G4t,6640,,gutim,388,
413,1853.7075,0.2266,144,79,8,6641,,G5,,,,,,,,gut_n388_1G5s_0,6641,,gutim,388,
413,1853.7075,0.1696,144,71,5,6641,,B4,,,,,,,,gut_n388_5B4s,6641,,gutim,388,
413,1853.886,0.0848,144,55,5,6642,,G3,,,,,,,,gut_n388_5G3t,6642,,gutim,388,
413,1853.9460000000001,0.2266,144,82,9,6643,,Bb5,,,,,,,,gut_n388_1Bb5s_0,6643,,gutim,388,
413,1853.9753,0.3817,144,88,8,6644,,E6,,,,,,,,gut_n388_5E6s_0,6644,,gutim,388,
413,1854.1846,0.3393,144,66,9,6645,,F#4,,,,,,,,gut_n388_1Fs4s_0,6645,,gutim,388,
413,1854.3771000000002,0.3817,144,88,9,6646,,E6,,,,,,,,gut_n388_5E6s_1,6646,,gutim,388,
413,1854.5417,0.2253,144,82,10,6647,,Bb5,,,,,,,,gut_n388_1Bb5s_1,6647,,gutim,388,
413,1854.7789,0.3817,144,79,11,6648,,G5,,,,,,,,gut_n388_1G5s_1,6648,,gutim,388,
413,1854.7789,0.3817,144,88,11,6648,,E6,,,,,,,,gut_n388_1E6s,6648,,gutim,388,
413,1854.7789,0.6429,144,47,11,6648,,B2,,,,,,,,gut_n388_5B2e,6648,,gutim,388,
413,1855.1807000000001,0.3817,144,66,12,6649,,F#4,,,,,,,,gut_n388_1Fs4s_1,6649,,gutim,388,
413,1855.1807000000001,0.3817,144,70,12,6649,,Bb4,,,,,,,,gut_n388_1Bb4s,6649,,gutim,388,
413,1855.5825,0.2545,144,82,13,6650,,Bb5,,,,,,,,gut_n388_1Bb5s_2,6650,,gutim,388,
413,1855.5825,0.0848,144,42,11,6650,,F#2,,e,,,,,,gut_n388_5Fs2t_0,6650,,gutim,388,
413,1855.6718,0.0848,144,50,11,6651,,D3,,e,,,,,,gut_n388_5D3t_0,6651,,gutim,388,
413,1855.761,0.0848,144,42,11,6652,,F#2,,,,,,,,gut_n388_5Fs2t_1,6652,,gutim,388,
413,1855.8503,0.2545,144,66,13,6653,,F#4,,,,,,,,gut_n388_1Fs4s_2,6653,,gutim,388,
413,1855.8503,0.0848,144,47,10,6653,,B2,,e,,,,,,gut_n388_5B2t,6653,,gutim,388,
413,1855.8503,0.0848,144,50,10,6653,,D3,,e,,,,,,gut_n388_5D3t_1,6653,,gutim,388,
413,1855.9396000000002,0.0848,144,42,10,6654,,F#2,,e,,,,,,gut_n388_5Fs2t_2,6654,,gutim,388,
413,1856.0289,0.0848,144,50,8,6655,,D3,,e,,,,,,gut_n388_5D3t_2,6655,,gutim,388,
413,1856.1182000000001,0.7634,144,79,14,6656,,G5,,,,,,,,gut_n388_1G5e,6656,,gutim,388,
413,1856.1182000000001,0.6429,144,82,14,6656,,Bb5,,,,,,,,gut_n388_1Bb5e,6656,,gutim,388,
413,1856.1182000000001,0.6429,144,86,14,6656,,D6,,,,,,,,gut_n388_1D6e,6656,,gutim,388,
413,1856.1182000000001,0.2545,144,42,8,6656,,F#2,,E,6050,,,,,gut_n388_5Fs2s,6656,,gutim,388,
413,1856.386,0.4286,144,36,14,6657,,C2,,,,,,,,gut_n388_5C2e,6657,,gutim,388,
413,1856.386,0.4286,144,76,14,6657,,E5,,,,,,,,gut_n388_5E5e,6657,,gutim,388,
,,,,,,,6050,,,,,,,,,,,,gutim,,
,,,,,,,,,,,,,,,,,,414,,,
414,1856.9218,0.4069,144,72,14,6658,,C5,,,,,,,,gut_n389_1C5e_0,6658,,gutim,389,
414,1856.9218,0.3426,144,79,14,6658,,G5,,,,,,,,gut_n389_1G5e_0,6658,,gutim,389,
414,1856.9218,0.3426,144,82,14,6658,,Bb5,,,,,,,,gut_n389_1Bb5e_0,6658,,gutim,389,
414,1856.9218,0.3426,144,86,14,6658,,D6,,,,,,,,gut_n389_1D6e_0,6658,,gutim,389,
414,1857.3501,0.611,144,72,14,6659,,C5,,,,,,,,gut_n389_1C5e_1,6659,,gutim,389,
414,1857.3501,0.5145,144,79,14,6659,,G5,,,,,,,,gut_n389_1G5e_1,6659,,gutim,389,
414,1857.3501,0.5145,144,82,14,6659,,Bb5,,,,,,,,gut_n389_1Bb5e_1,6659,,gutim,389,
414,1857.3501,0.5145,144,86,14,6659,,D6,,,,,,,,gut_n389_1D6e_1,6659,,gutim,389,
414,1857.7682,0.06,144,47,14,6660,,B2,g,,,,,,,gut_ng389_5B2e,6660,,gutim,389,
414,1857.8432,0.06,144,64,14,6661,,E4,g,,,,,,,gut_ng389_5E4e,6661,,gutim,389,
414,1857.9182,0.06,144,35,14,6662,,B1,g,,,,,,,gut_ng389_5B1e,6662,,gutim,389,
414,1857.9932000000001,0.1719,144,55,14,6663,,G3,,,,,,,,gut_n389_5G3s,6663,,gutim,389,
414,1857.9932000000001,0.1719,144,58,14,6663,,Bb3,,,,,,,,gut_n389_5Bb3s,6663,,gutim,389,
414,1858.208,0.1021,144,42,14,6664,,F#2,,,,,,,,gut_n389_5Fs2t_0,6664,,gutim,389,
414,1858.208,0.1021,144,55,14,6664,,G3,,,,,,,,gut_n389_5G3t_0,6664,,gutim,389,
414,1858.3155000000002,0.2028,144,48,14,6665,,C3,,,,,,,,gut_n389_5C3s_0,6665,,gutim,389,
414,1858.5289,0.1071,144,36,8,6666,,C2,,,,,,,,gut_n389_1C2t,6666,,gutim,389,
414,1858.5289,0.1071,144,76,8,6666,,E5,,,,,,,,gut_n389_1E5t,6666,,gutim,389,
414,1858.6628,0.1272,144,86,10,6667,,D6,,,,,,,,gut_n389_1D6t_0,6667,,gutim,389,
414,1858.7968,0.0848,144,93,12,6668,,A6,,,,,,,,gut_n389_1A6t_0,6668,,gutim,389,
414,1858.886,0.0848,144,44,13,6669,,G#2,,,,,,,,gut_n389_1Gs2t,6669,,gutim,389,
414,1858.9753,0.0848,144,93,14,6670,,A6,,,,,,,,gut_n389_1A6t_1,6670,,gutim,389,
414,1859.0646000000002,0.1272,144,86,14,6671,,D6,,,,,,,,gut_n389_1D6t_1,6671,,gutim,389,
414,1859.1985,0.1272,144,56,20,6672,,G#3,,,,,,,,gut_n389_1Gs3t,6672,,gutim,389,
414,1859.3325,0.1272,144,105,20,6673,,A7,,,,,,,,gut_n389_1A7t,6673,,gutim,389,
414,1859.4664,0.1272,144,98,20,6674,,D7,,,,,,,,gut_n389_1D7t,6674,,gutim,389,
414,1859.4664,0.1071,144,48,20,6674,,C3,,,,,,,,gut_n389_5C3t,6674,,gutim,389,
414,1859.4664,0.1071,144,56,20,6674,,Ab3,,,,,,,,gut_n389_5Ab3t,6674,,gutim,389,
414,1859.6003,0.0446,144,98,20,6675,,D7,,e,,d,,,,gut_n389_1D7s,6675,,gutim,389,
414,1859.6003,0.1429,144,105,20,6675,,A7,,e,,d,,,,gut_n389_1A7s,6675,,gutim,389,
414,1859.6003,0.0446,144,48,20,6675,,C3,,e,,d,,,,gut_n389_5C3s_1,6675,,gutim,389,
414,1859.6003,0.1429,144,56,20,6675,,Ab3,,e,,d,,,,gut_n389_5Ab3s,6675,,gutim,389,
414,1859.7789,0.1429,144,95,11,6676,,B6,,e,,d,,,,gut_n389_1B6s,6676,,gutim,389,
414,1859.9575,0.1429,144,45,11,6677,,A2,,e,,d,,,,gut_n389_5A2s,6677,,gutim,389,
414,1860.136,1.7143,144,45,11,6678,,A2,,E,,d,,,,gut_n389_1A2h,6678,,gutim,389,
414,1860.136,1.7143,144,59,5,6678,,B3,,E,,d,,,,gut_n389_1B3h,6678,,gutim,389,
414,1860.136,1.7143,144,95,11,6678,,B6,,E,6051,D,6051,,,gut_n389_1B6h,6678,,gutim,389,
414,1860.3509000000001,0.1021,144,42,11,6679,,F#2,,,,,,,,gut_n389_5Fs2t_1,6679,,gutim,389,
414,1860.3509000000001,0.1021,144,55,11,6679,,G3,,,,,,,,gut_n389_5G3t_1,6679,,gutim,389,
414,1860.4583,0.2041,144,48,11,6680,,C3,,,,,,,,gut_n389_5C3s_2,6680,,gutim,389,
414,1860.7624,0.0848,144,33,8,6681,,A1,,,,,,,,gut_n389_5A1t_0,6681,,gutim,389,
414,1860.8517,0.0848,144,64,9,6682,,E4,,,,,,,,gut_n389_5E4t,6682,,gutim,389,
414,1860.941,0.0848,144,74,10,6683,,D5,,,,,,,,gut_n389_5D5t_0,6683,,gutim,389,
414,1861.0303000000001,0.0848,144,33,11,6684,,A1,,,,,,,,gut_n389_5A1t_1,6684,,gutim,389,
414,1861.0303000000001,0.0848,144,44,11,6684,,G#2,,,,,,,,gut_n389_5Gs2t,6684,,gutim,389,
414,1861.1196,0.0848,144,74,12,6685,,D5,,,,,,,,gut_n389_5D5t_1,6685,,gutim,389,
414,1861.1196,0.0848,144,84,12,6685,,C6,,,,,,,,gut_n389_5C6t,6685,,gutim,389,
414,1861.2089,0.1127,144,54,8,6686,,F#3,,,,,,,,gut_n389_5Fs3t_0,6686,,gutim,389,
414,1861.3275,0.1127,144,62,9,6687,,D4,,,,,,,,gut_n389_5D4t,6687,,gutim,389,
414,1861.4460000000001,0.1127,144,54,11,6688,,F#3,,,,,,,,gut_n389_5Fs3t_1,6688,,gutim,389,
414,1861.5646000000002,0.3393,144,62,12,6689,,D4,,,,,,,,gut_n389_5D4s,6689,,gutim,389,
414,1861.9218,0.3393,144,54,17,6690,,F#3,,,,,,,,gut_n389_5Fs3s,6690,,gutim,389,
414,1862.2039,0.06,144,65,14,6691,,F4,g,,,,,,,gut_ng389_1F4e,6691,,gutim,389,
,,,,,,,,,,,,,,,,,,415,,,
415,1862.2789,0.4286,144,36,14,6692,,C2,,,,,,,,gut_n390_1C2e,6692,,gutim,390,
415,1862.2789,0.4286,144,39,14,6692,,D#2,,,,,,,,gut_n390_5Ds2e,6692,,gutim,390,
415,1862.9039,0.0848,144,33,8,6693,,A1,,,,,,,,gut_n390_5A1t_0,6693,,gutim,390,
415,1862.9932000000001,0.0848,144,64,9,6694,,E4,,,,,,,,gut_n390_5E4t_0,6694,,gutim,390,
415,1863.0825,0.0848,144,74,10,6695,,D5,,,,,,,,gut_n390_5D5t_0,6695,,gutim,390,
415,1863.1718,0.0848,144,33,11,6696,,A1,,,,,,,,gut_n390_5A1t_1,6696,,gutim,390,
415,1863.1718,0.0848,144,44,11,6696,,G#2,,,,,,,,gut_n390_5Gs2t_0,6696,,gutim,390,
415,1863.261,0.0848,144,74,12,6697,,D5,,,,,,,,gut_n390_5D5t_1,6697,,gutim,390,
415,1863.261,0.0848,144,84,12,6697,,C6,,,,,,,,gut_n390_5C6t_0,6697,,gutim,390,
415,1863.6559,0.1458,144,33,8,6698,,A1,,,,,,,,gut_n390_5A1t_2,6698,,gutim,390,
415,1863.8093000000001,0.2187,144,64,8,6699,,E4,,,,,,,,gut_n390_5E4t_1,6699,,gutim,390,
415,1864.0395,0.2187,144,44,9,6700,,G#2,,,,,,,,gut_n390_5Gs2t_1,6700,,gutim,390,
415,1864.2697,0.1458,144,33,10,6701,,A1,,,,,,,,gut_n390_5A1t_3,6701,,gutim,390,
415,1864.4232,0.1842,144,84,10,6702,,C6,,,,,,,,gut_n390_5C6t_1,6702,,gutim,390,
415,1864.6533,0.1458,144,74,11,6703,,D5,,,,,,,,gut_n390_5D5t_2,6703,,gutim,390,
415,1864.8068,0.1458,144,44,12,6704,,G#2,,,,,,,,gut_n390_5Gs2t_2,6704,,gutim,390,
415,1864.9603,0.1458,144,74,12,6705,,D5,,,,,,,,gut_n390_5D5t_3,6705,,gutim,390,
415,1865.1137,0.2187,144,84,12,6706,,C6,,,,,,,,gut_n390_5C6t_2,6706,,gutim,390,
415,1865.3439,0.1418,144,74,12,6707,,D5,,,,,,,,gut_n390_5D5t_4,6707,,gutim,390,
,,,,,,,6051,,,,,,,,,,,,gutim,,
415,1865.4932000000001,0.2857,144,45,12,6708,,A2,,,,,,,,gut_n390_1A2e,6708,,gutim,390,
415,1865.4932000000001,0.2857,144,95,12,6708,,B6,,,,,,,,gut_n390_1B6e,6708,,gutim,390,
415,1865.8503,0.0714,144,73,12,6709,,C#5,,,,,,,,gut_n390_1Cs5t,6709,,gutim,390,
415,1865.9396000000002,0.0714,144,42,12,6710,,F#2,,,,,,,,gut_n390_1Fs2t,6710,,gutim,390,
415,1866.0289,0.1071,144,53,12,6711,,F3,,,,,,,,gut_n390_1F3t,6711,,gutim,390,
415,1866.1628,0.1071,144,61,12,6712,,C#4,,,,,,,,gut_n390_1Cs4t,6712,,gutim,390,
415,1866.2968,0.2143,144,42,12,6713,,F#2,,,,,,,,gut_n390_1Fs2s,6713,,gutim,390,
415,1866.5646000000002,0.5089,144,65,14,6714,,F4,,,,d,,,,gut_n390_1F4e,6714,,gutim,390,
415,1866.5646000000002,1.0179,144,36,14,6714,,C2,,,,d,,,,gut_n390_5C2q,6714,,gutim,390,
415,1867.1003,0.2041,144,68,14,6715,,Ab4,,,,d,,,,gut_n390_1Ab4s,6715,,gutim,390,
415,1867.3152,0.3048,144,58,14,6716,,Bb3,,,,d,,,,gut_n390_1Bb3s,6716,,gutim,390,
,,,,,,,,,,,,,,,,,,416,,,
416,1867.636,0.4286,144,64,8,6717,,E4,,,,d,,,,gut_n391_1E4e_0,6717,,gutim,391,
416,1867.636,0.1719,144,58,14,6717,,Bb3,,,,d,,,,gut_n391_2Bb3s,6717,,gutim,391,
416,1867.636,0.1719,144,65,14,6717,,F4,,,,d,,,,gut_n391_2F4s,6717,,gutim,391,
416,1867.636,0.1719,144,68,14,6717,,Ab4,,,,d,,,,gut_n391_2Ab4s,6717,,gutim,391,
416,1867.8509000000001,0.2567,144,88,14,6718,,E6,,,,d,,,,gut_n391_2E6s,6718,,gutim,391,
416,1868.1718,0.3393,144,74,8,6719,,D5,,,,d,,,,gut_n391_1D5e_0,6719,,gutim,391,
416,1868.3503,0.1127,144,54,11,6720,,F#3,,,,d,,,,gut_n391_5Fs3t_0,6720,,gutim,391,
416,1868.4689,0.1127,144,62,13,6721,,D4,,,,,,,,gut_n391_5D4t,6721,,gutim,391,
416,1868.5289,0.3393,144,64,8,6722,,E4,,,,d,,,,gut_n391_1E4e_1,6722,,gutim,391,
416,1868.5875,0.1127,144,54,15,6723,,F#3,,,,,,,,gut_n391_5Fs3t_1,6723,,gutim,391,
416,1868.7061,0.0446,144,32,17,6724,,Ab1,,,,d,,,,gut_n391_5Ab1s_0,6724,,gutim,391,
416,1868.7061,0.1429,144,39,17,6724,,Eb2,,,,d,,,,gut_n391_5Eb2s_0,6724,,gutim,391,
416,1868.7061,0.1429,144,54,17,6724,,F#3,,,,d,,,,gut_n391_5Fs3s,6724,,gutim,391,
416,1868.7061,0.1429,144,62,17,6724,,D4,,,,d,,,,gut_n391_5D4s,6724,,gutim,391,
416,1868.886,0.2857,144,74,8,6725,,D5,,,,,,,,gut_n391_1D5e_1,6725,,gutim,391,
416,1868.886,0.0446,144,62,17,6725,,D4,,,,d,,,,gut_n391_2D4s,6725,,gutim,391,
416,1868.886,0.1429,144,70,17,6725,,Bb4,,,,d,,,,gut_n391_2Bb4s_0,6725,,gutim,391,
416,1868.8846,0.0446,144,32,17,6725,,Ab1,,,,d,,,,gut_n391_5Ab1s_1,6725,,gutim,391,
416,1868.8846,0.1429,144,39,17,6725,,Eb2,,,,d,,,,gut_n391_5Eb2s_1,6725,,gutim,391,
416,1869.2418,0.4297,144,24,8,6726,,C1,,,,d,,,,gut_n391_5C1e,6726,,gutim,391,
416,1869.7789,0.4286,144,74,8,6727,,D5,,,,d,,,,gut_n391_1D5e_2,6727,,gutim,391,
416,1869.7789,1.7143,144,31,5,6727,,G1,,,,d,,,,gut_n391_5G1h,6727,,gutim,391,
416,1870.3146000000002,0.4286,144,56,8,6728,,Ab3,,,,d,,,,gut_n391_1Ab3e,6728,,gutim,391,
416,1870.8503,0.8571,144,105,8,6729,,A7,,,,d,,,,gut_n391_1A7q,6729,,gutim,391,
416,1871.9218,0.8571,144,74,17,6730,,D5,,,,d,,,,gut_n391_1D5q,6730,,gutim,391,
416,1871.9218,0.2545,144,70,5,6730,,Bb4,,,,d,,,,gut_n391_2Bb4s_1,6730,,gutim,391,
416,1871.9218,0.2143,144,42,5,6730,,F#2,,,,d,,,,gut_n391_5Fs2s,6730,,gutim,391,
416,1871.9218,0.2143,144,48,5,6730,,C3,,,,d,,,,gut_n391_5C3s,6730,,gutim,391,
416,1871.9218,0.2143,144,55,5,6730,,G3,,,,d,,,,gut_n391_5G3s_0,6730,,gutim,391,
416,1872.1896000000002,0.2545,144,83,5,6731,,B5,,,,d,,,,gut_n391_2B5s,6731,,gutim,391,
416,1872.1896000000002,0.2143,144,39,5,6731,,Eb2,,,,d,,,,gut_n391_5Eb2s_2,6731,,gutim,391,
416,1872.4575,0.2545,144,71,5,6732,,B4,,,,d,,,,gut_n391_2B4s,6732,,gutim,391,
416,1872.4575,0.2143,144,55,5,6732,,G3,,,,d,,,,gut_n391_5G3s_1,6732,,gutim,391,
416,1872.7253,0.1071,144,61,5,6733,,Db4,,,,d,,,,gut_n391_5Db4t,6733,,gutim,391,
416,1872.8593,0.1071,144,44,5,6734,,Ab2,,,,D,6052,,,gut_n391_5Ab2t,6734,,gutim,391,
,,,,,,,,,,,,,,,,,,417,,,
417,1872.9932000000001,0.2143,144,61,5,6735,,Db4,,,,,,,,gut_n392_1Db4s,6735,,gutim,392,
417,1872.9932000000001,0.1071,144,44,5,6735,,Ab2,,,,,,,,gut_n392_5Ab2t_0,6735,,gutim,392,
417,1873.1271000000002,0.1071,144,39,5,6736,,Eb2,,,,,,,,gut_n392_5Eb2t_0,6736,,gutim,392,
417,1873.261,0.1071,144,71,5,6737,,B4,,,,,,,,gut_n392_1B4t_0,6737,,gutim,392,
417,1873.261,0.2143,144,39,5,6737,,Eb2,,,,,,,,gut_n392_5Eb2s_0,6737,,gutim,392,
417,1873.395,0.1071,144,55,5,6738,,G3,,,,,,,,gut_n392_1G3t_0,6738,,gutim,392,
417,1873.6628,0.0714,144,61,5,6739,,Db4,,,,,,,,gut_n392_1Db4t_0,6739,,gutim,392,
417,1873.6628,0.1429,144,39,5,6739,,Eb2,,,,,,,,gut_n392_5Eb2s_1,6739,,gutim,392,
417,1873.6628,0.1429,144,44,5,6739,,Ab2,,,,,,,,gut_n392_5Ab2s,6739,,gutim,392,
417,1873.7521000000002,0.0714,144,71,5,6740,,B4,,,,,,,,gut_n392_1B4t_1,6740,,gutim,392,
417,1873.8414,0.0714,144,55,5,6741,,G3,,,,,,,,gut_n392_1G3t_1,6741,,gutim,392,
417,1873.8414,0.0714,144,61,5,6741,,Db4,,,,,,,,gut_n392_1Db4t_1,6741,,gutim,392,
417,1873.8414,0.0714,144,39,5,6741,,Eb2,,,,,,,,gut_n392_5Eb2t_1,6741,,gutim,392,
417,1873.8414,0.0714,144,44,5,6741,,Ab2,,,,,,,,gut_n392_5Ab2t_1,6741,,gutim,392,
,,,,,,,6052,,,,,,,,,,,,gutim,,
417,1874.0646000000002,0.1429,144,97,24,6742,,C#7,,,,,,,,gut_n392_1Cs7s_0,6742,,gutim,392,
417,1874.2432000000001,0.7143,144,97,24,6743,,C#7,,,,,,,,gut_n392_1Cs7s_1,6743,,gutim,392,
417,1874.2432000000001,0.1429,144,50,24,6743,,D3,,,,,,,,gut_n392_5D3s,6743,,gutim,392,
417,1874.4218,0.5714,144,32,24,6744,,G#1,,,,,,,,gut_n392_5Gs1q,6744,,gutim,392,
417,1874.4218,0.5714,144,38,24,6744,,D2,,,,,,,,gut_n392_5D2q,6744,,gutim,392,
417,1876.2075,0.3426,144,70,24,6745,,Bb4,,,,,,,,gut_n392_1Bb4e,6745,,gutim,392,
417,1876.2075,0.3426,144,42,24,6745,,F#2,,,,,,,,gut_n392_5Fs2e_0,6745,,gutim,392,
417,1876.2075,0.3426,144,48,24,6745,,C3,,,,,,,,gut_n392_5C3e_0,6745,,gutim,392,
417,1876.2075,0.3426,144,55,24,6745,,G3,,,,,,,,gut_n392_5G3e_0,6745,,gutim,392,
417,1876.6358,0.5145,144,86,24,6746,,D6,,,,,,,,gut_n392_1D6e,6746,,gutim,392,
417,1876.6358,0.5145,144,42,24,6746,,F#2,,,,,,,,gut_n392_5Fs2e_1,6746,,gutim,392,
417,1876.6358,0.5145,144,48,24,6746,,C3,,,,,,,,gut_n392_5C3e_1,6746,,gutim,392,
417,1876.6358,0.5145,144,55,24,6746,,G3,,,,,,,,gut_n392_5G3e_1,6746,,gutim,392,
417,1877.2039,0.06,144,62,11,6747,,D4,g,,,,,,,gut_ng392_1D4e,6747,,gutim,392,
417,1877.2789,0.2857,144,52,11,6748,,E3,,,,,,,,gut_n392_1E3e,6748,,gutim,392,
417,1877.4575,0.5714,144,24,11,6749,,C1,,,,,,,,gut_n392_5C1q,6749,,gutim,392,
417,1877.636,0.4286,144,62,11,6750,,D4,,,,,,,,gut_n392_1D4e,6750,,gutim,392,
417,1878.1718,0.1429,144,52,11,6751,,E3,,,,,,,,gut_n392_1E3s,6751,,gutim,392,
417,1878.1718,0.1429,144,62,11,6751,,D4,,,,,,,,gut_n392_1D4s,6751,,gutim,392,
417,1878.1718,0.1429,144,24,11,6751,,C1,,,,,,,,gut_n392_5C1s,6751,,gutim,392,
,,,,,,,,,,,,,,,,,,418,,,
418,1878.4689,0.1127,144,69,11,6752,,A4,,e,,,,,,gut_n393_1A4t_0,6752,,gutim,393,
418,1878.5875,0.1127,144,44,12,6753,,G#2,,e,,,,,,gut_n393_1Gs2t_0,6753,,gutim,393,
418,1878.7061,0.1127,144,81,12,6754,,A5,,e,,,,,,gut_n393_1A5t_0,6754,,gutim,393,
418,1878.8247000000001,0.1127,144,44,13,6755,,G#2,,e,,,,,,gut_n393_1Gs2t_1,6755,,gutim,393,
418,1878.9432,0.1127,144,69,13,6756,,A4,,e,,,,,,gut_n393_1A4t_1,6756,,gutim,393,
418,1879.0618,0.1696,144,52,14,6757,,E3,,E,,,,,,gut_n393_1E3t,6757,,gutim,393,
418,1879.2404000000001,0.1696,144,36,15,6758,,C2,,,,,,,,gut_n393_1C2t_0,6758,,gutim,393,
418,1879.419,0.1696,144,74,15,6759,,D5,,,,,,,,gut_n393_1D5s,6759,,gutim,393,
418,1879.5975,0.1696,144,44,16,6760,,G#2,,,,,,,,gut_n393_1Gs2s,6760,,gutim,393,
418,1879.7761,0.1429,144,93,17,6761,,A6,,,,,,,,gut_n393_1A6s,6761,,gutim,393,
418,1879.7789,0.1429,144,36,17,6762,,C2,,,,,,,,gut_n393_5C2s,6762,,gutim,393,
418,1879.7789,0.1429,144,44,17,6762,,G#2,,,,,,,,gut_n393_5Gs2s,6762,,gutim,393,
418,1879.7789,0.1429,144,52,17,6762,,E3,,,,,,,,gut_n393_5E3s,6762,,gutim,393,
418,1880.1333,0.0714,144,76,8,6763,,E5,,,,,,,,gut_n393_1E5t,6763,,gutim,393,
418,1880.2225,0.0714,144,86,9,6764,,D6,,,,,,,,gut_n393_1D6t,6764,,gutim,393,
418,1880.3118,0.0714,144,93,10,6765,,A6,,,,,,,,gut_n393_1A6t,6765,,gutim,393,
418,1880.4011,0.0714,144,48,11,6766,,C3,,,,,,,,gut_n393_1C3t_0,6766,,gutim,393,
418,1880.4904000000001,0.1429,144,64,12,6767,,E4,,,,,,,,gut_n393_1E4s,6767,,gutim,393,
418,1880.669,0.0714,144,36,14,6768,,C2,,e,,,,,,gut_n393_1C2t_1,6768,,gutim,393,
418,1880.7583,0.0714,144,64,15,6769,,E4,,e,,,,,,gut_n393_1E4t,6769,,gutim,393,
418,1880.8475,0.0714,144,74,16,6770,,D5,,e,,,,,,gut_n393_1D5t,6770,,gutim,393,
418,1880.9368,0.0714,144,81,17,6771,,A5,,e,,,,,,gut_n393_1A5t_1,6771,,gutim,393,
418,1881.0261,0.0714,144,48,19,6772,,C3,,e,,,,,,gut_n393_1C3t_1,6772,,gutim,393,
418,1881.1154000000001,0.0714,144,56,20,6773,,Ab3,,e,,,,,,gut_n393_1Ab3t,6773,,gutim,393,
418,1881.2075,0.0949,144,74,21,6774,,D5,,E,6053,,,,,gut_n393_5D5t,6774,,gutim,393,
418,1881.3261,0.0949,144,32,22,6775,,Ab1,,,,,,,,gut_n393_5Ab1t,6775,,gutim,393,
418,1881.4418,0.0949,144,105,22,6776,,A7,,,,,,,,gut_n393_1A7s,6776,,gutim,393,
418,1881.4446,0.096,144,24,22,6777,,C1,,,,,,,,gut_n393_5C1t,6777,,gutim,393,
,,,,,,,6053,,,,,,,,,,,,gutim,,
418,1881.5646000000002,0.8571,144,64,22,6778,,E4,,,,,,,,gut_n393_5E4q,6778,,gutim,393,
418,1881.9176,0.3393,144,66,14,6779,,F#4,,e,,d,,,,gut_n393_1Fs4e_0,6779,,gutim,393,
418,1881.9176,0.3393,144,74,14,6779,,D5,,e,,d,,,,gut_n393_1D5e_0,6779,,gutim,393,
418,1882.2747,0.3393,144,63,14,6780,,D#4,,e,,d,,,,gut_n393_1Ds4e,6780,,gutim,393,
418,1882.6319,0.2857,144,66,14,6781,,F#4,,e,,d,,,,gut_n393_1Fs4e_1,6781,,gutim,393,
418,1882.6319,0.2857,144,74,14,6781,,D5,,e,,d,,,,gut_n393_1D5e_1,6781,,gutim,393,
418,1882.989,0.2143,144,51,14,6782,,Eb3,,E,,d,,,,gut_n393_1Eb3s,6782,,gutim,393,
418,1883.2569,0.0714,144,82,11,6783,,Bb5,,,,,,,,gut_n393_1Bb5t_0,6783,,gutim,393,
418,1883.3461,0.0714,144,44,11,6784,,Ab2,,,,,,,,gut_n393_1Ab2t,6784,,gutim,393,
418,1883.4354,0.0714,144,82,10,6785,,Bb5,,,,,,,,gut_n393_1Bb5t_1,6785,,gutim,393,
418,1883.5247,0.0714,144,32,9,6786,,Ab1,,,,,,,,gut_n393_1Ab1t,6786,,gutim,393,
418,1883.614,0.0748,144,94,8,6787,,Bb6,,,,,,,,gut_n393_1Bb6t,6787,,gutim,393,
,,,,,,,,,,,,,,,,,,419,,,
419,1883.7075,0.2567,144,97,24,6788,,C#7,,,,,,,,gut_n394_1Cs7s,6788,,gutim,394,
419,1884.0646000000002,2.2857,144,32,24,6789,,G#1,,,,,,,,gut_n394_5Gs1q,6789,,gutim,394,
419,1884.0646000000002,2.2857,144,50,24,6789,,D3,,,,,,,,gut_n394_5D3q,6789,,gutim,394,
419,1884.1888000000001,0.1021,144,98,11,6790,,D7,,e,,d,,,,gut_n394_1D7t_0,6790,,gutim,394,
419,1884.2962,0.1021,144,87,11,6791,,D#6,,e,,d,,,,gut_n394_1Ds6t,6791,,gutim,394,
419,1884.4036,0.1021,144,90,11,6792,,F#6,,e,,d,,,,gut_n394_1Fs6t_0,6792,,gutim,394,
419,1884.511,0.1021,144,75,11,6793,,D#5,,e,,d,,,,gut_n394_1Ds5t_0,6793,,gutim,394,
419,1884.6185,0.1524,144,90,11,6794,,F#6,,E,,d,,,,gut_n394_1Fs6t_1,6794,,gutim,394,
419,1884.7789,0.1021,144,63,11,6795,,D#4,,,,,,,,gut_n394_1Ds4t_0,6795,,gutim,394,
419,1884.8863000000001,0.1524,144,98,11,6796,,D7,,,,,,,,gut_n394_1D7t_1,6796,,gutim,394,
419,1885.0468,0.1524,144,78,11,6797,,F#5,,,,,,,,gut_n394_1Fs5t_0,6797,,gutim,394,
419,1885.2072,0.1021,144,75,11,6798,,D#5,,,,,,,,gut_n394_1Ds5t_1,6798,,gutim,394,
419,1885.3146000000002,0.1021,144,78,11,6799,,F#5,,,,,,,,gut_n394_1Fs5t_1,6799,,gutim,394,
419,1885.422,0.1524,144,63,11,6800,,D#4,,,,,,,,gut_n394_1Ds4t_1,6800,,gutim,394,
419,1885.5825,0.1524,144,56,11,6801,,G#3,,,,,,,,gut_n394_1Gs3t_0,6801,,gutim,394,
419,1885.7429,0.1021,144,106,11,6802,,A#7,,,,,,,,gut_n394_1As7t_0,6802,,gutim,394,
419,1885.8503,0.2187,144,98,11,6803,,D7,,e,,d,,,,gut_n394_1D7t_2,6803,,gutim,394,
419,1886.0805,0.2187,144,78,11,6804,,F#5,,e,,d,,,,gut_n394_1Fs5t_2,6804,,gutim,394,
419,1886.3107,0.2187,144,75,11,6805,,D#5,,e,,d,,,,gut_n394_1Ds5t_2,6805,,gutim,394,
419,1886.5409,0.2187,144,56,11,6806,,G#3,,e,,d,,,,gut_n394_1Gs3t_1,6806,,gutim,394,
419,1886.7711,0.1458,144,106,11,6807,,A#7,,E,6054,D,6054,,,gut_n394_1As7t_1,6807,,gutim,394,
,,,,,,,6054,,,,,,,,,,,,gutim,,
419,1887.3682000000001,0.0714,144,42,11,6808,,F#2,,e,,,,,,gut_n394_5Fs2t_0,6808,,gutim,394,
419,1887.4575,0.0714,144,50,13,6809,,D3,,e,,,,,,gut_n394_5D3t_0,6809,,gutim,394,
419,1887.5468,0.0714,144,42,15,6810,,F#2,,e,,,,,,gut_n394_5Fs2t_1,6810,,gutim,394,
419,1887.636,0.0714,144,39,16,6811,,D#2,,e,,,,,,gut_n394_5Ds2t_0,6811,,gutim,394,
419,1887.7253,0.0714,144,42,18,6812,,F#2,,e,,,,,,gut_n394_5Fs2t_2,6812,,gutim,394,
419,1887.7253,0.0714,144,50,18,6812,,D3,,e,,,,,,gut_n394_5D3t_1,6812,,gutim,394,
419,1887.7253,0.0714,144,58,18,6812,,A#3,,e,,,,,,gut_n394_5As3t,6812,,gutim,394,
419,1887.8174000000001,0.1406,144,35,20,6813,,B1,,,,,,,,gut_n394_1B1s,6813,,gutim,394,
419,1887.8174000000001,0.1406,144,64,20,6813,,E4,,,,,,,,gut_n394_1E4s,6813,,gutim,394,
419,1887.8146000000002,0.0714,144,32,20,6813,,G#1,,e,,,,,,gut_n394_5Gs1t_0,6813,,gutim,394,
419,1887.9039,0.0714,144,32,22,6814,,G#1,,e,,,,,,gut_n394_5Gs1t_1,6814,,gutim,394,
419,1887.9039,0.0714,144,39,22,6814,,D#2,,e,,,,,,gut_n394_5Ds2t_1,6814,,gutim,394,
419,1887.9039,0.0714,144,42,22,6814,,F#2,,e,,,,,,gut_n394_5Fs2t_3,6814,,gutim,394,
419,1887.9039,0.0714,144,70,22,6814,,A#4,,e,,,,,,gut_n394_5As4t,6814,,gutim,394,
419,1887.9932000000001,1.2857,144,74,22,6815,,D5,,,,,,,,gut_n394_1D5q,6815,,gutim,394,
419,1887.9932000000001,0.1696,144,35,14,6815,,B1,,E,,,,,,gut_n394_5B1s,6815,,gutim,394,
419,1887.9932000000001,0.1696,144,38,14,6815,,D2,,E,,,,,,gut_n394_5D2s,6815,,gutim,394,
419,1888.1718,0.1696,144,30,14,6816,,F#1,,,,,,,,gut_n394_5Fs1s,6816,,gutim,394,
,,,,,,,,,,,,,,,,,,420,,,
420,1889.6003,0.0848,144,54,8,6817,,F#3,,e,,d,,,,gut_n395_1Fs3t_0,6817,,gutim,395,
420,1889.6896000000002,0.0848,144,67,8,6818,,G4,,e,,d,,,,gut_n395_1G4t_0,6818,,gutim,395,
420,1889.7789,0.0848,144,54,8,6819,,F#3,,e,,d,,,,gut_n395_1Fs3t_1,6819,,gutim,395,
420,1889.8682000000001,0.0848,144,67,8,6820,,G4,,e,,d,,,,gut_n395_1G4t_1,6820,,gutim,395,
420,1889.9575,0.0848,144,54,8,6821,,F#3,,e,,d,,,,gut_n395_1Fs3t_2,6821,,gutim,395,
420,1890.0468,0.2121,144,67,8,6822,,G4,,e,,d,,,,gut_n395_1G4t_2,6822,,gutim,395,
420,1890.136,0.1339,144,24,22,6823,,C1,,E,,d,,,,gut_n395_5C1s_0,6823,,gutim,395,
420,1890.136,0.2143,144,64,22,6823,,E4,,E,,d,,,,gut_n395_5E4s_0,6823,,gutim,395,
420,1890.136,0.2143,144,72,20,6823,,C5,,E,6055,d,,,,gut_n395_5C5s,6823,,gutim,395,
420,1890.27,0.1272,144,54,8,6824,,F#3,,,,,,,,gut_n395_1Fs3t_3,6824,,gutim,395,
420,1890.4039,0.1272,144,67,8,6825,,G4,,,,,,,,gut_n395_1G4t_4,6825,,gutim,395,
420,1890.5378,0.1272,144,54,8,6826,,F#3,,,,,,,,gut_n395_1Fs3t_4,6826,,gutim,395,
420,1890.6718,0.0848,144,70,8,6827,,Bb4,,,,,,,,gut_n395_1Bb4t_0,6827,,gutim,395,
420,1890.761,0.0848,144,60,8,6828,,C4,,,,,,,,gut_n395_1C4t_0,6828,,gutim,395,
420,1890.8503,0.2121,144,74,8,6829,,D5,,,,,,,,gut_n395_1D5t_0,6829,,gutim,395,
420,1891.0735,0.1272,144,60,8,6830,,C4,,,,,,,,gut_n395_1C4t_1,6830,,gutim,395,
420,1891.2075,0.1339,144,24,22,6831,,C1,,,,,,,,gut_n395_5C1s_1,6831,,gutim,395,
420,1891.2075,0.2143,144,64,22,6831,,E4,,,,,,,,gut_n395_5E4s_1,6831,,gutim,395,
420,1891.2075,0.2143,144,74,22,6831,,D5,,,,,,,,gut_n395_5D5s,6831,,gutim,395,
420,1891.3414,0.1272,144,67,8,6832,,G4,,,,,,,,gut_n395_1G4t_5,6832,,gutim,395,
420,1891.4753,0.1272,144,54,8,6833,,F#3,,,,,,,,gut_n395_1Fs3t_5,6833,,gutim,395,
420,1891.6093,0.1272,144,70,8,6834,,Bb4,,,,,,,,gut_n395_1Bb4t_1,6834,,gutim,395,
420,1891.7432000000001,0.0848,144,86,8,6835,,D6,,,,,,,,gut_n395_1D6t_0,6835,,gutim,395,
420,1891.8325,0.0848,144,60,8,6836,,C4,,,,,,,,gut_n395_1C4t_2,6836,,gutim,395,
420,1891.9218,0.0848,144,86,8,6837,,D6,,,,,,,,gut_n395_1D6t_1,6837,,gutim,395,
420,1892.011,0.0848,144,60,8,6838,,C4,,,,d,,,,gut_n395_1C4t_3,6838,,gutim,395,
420,1892.1003,0.1696,144,86,8,6839,,D6,,,,d,,,,gut_n395_1D6s,6839,,gutim,395,
420,1892.2039,0.06,144,48,11,6840,,C3,g,,,d,,,,gut_ng395_5C3e,6840,,gutim,395,
420,1892.2789,0.067,144,66,22,6841,,F#4,,,,d,,,,gut_n395_1Fs4t,6841,,gutim,395,
420,1892.2789,0.1071,144,74,22,6841,,D5,,,,d,,,,gut_n395_1D5t_2,6841,,gutim,395,
420,1892.2789,0.6786,144,65,11,6841,,F4,,,,d,,,,gut_n395_5F4q,6841,,gutim,395,
420,1892.4128,0.1071,144,70,8,6842,,Bb4,,,,d,,,,gut_n395_1Bb4t_2,6842,,gutim,395,
420,1892.5468,0.1071,144,86,8,6843,,D6,,,,d,,,,gut_n395_1D6t_2,6843,,gutim,395,
420,1892.6807000000001,0.1071,144,60,8,6844,,C4,,,,d,,,,gut_n395_1C4t_4,6844,,gutim,395,
420,1892.9932000000001,0.6786,144,58,11,6845,,Bb3,,,,d,,,,gut_n395_5Bb3e_0,6845,,gutim,395,
420,1893.3503,0.1908,144,70,14,6846,,Bb4,,,,d,,,,gut_n395_1Bb4s,6846,,gutim,395,
420,1893.5889,0.1908,144,95,14,6847,,B6,,,,d,,,,gut_n395_1B6s_0,6847,,gutim,395,
420,1893.7075,0.1696,144,48,11,6848,,C3,,,,D,6055,,,gut_n395_5C3s_0,6848,,gutim,395,
420,1893.8275,0.2857,144,64,14,6849,,E4,,,,,,,,gut_n395_1E4s,6849,,gutim,395,
420,1893.886,0.1696,144,65,11,6850,,F4,,,,,,,,gut_n395_5F4s,6850,,gutim,395,
420,1894.0646000000002,0.1696,144,58,11,6851,,Bb3,,,,,,,,gut_n395_5Bb3s,6851,,gutim,395,
420,1894.1846,0.1897,144,95,14,6852,,B6,,,,,,,,gut_n395_1B6s_1,6852,,gutim,395,
420,1894.2432000000001,0.1696,144,48,11,6853,,C3,,,,,,,,gut_n395_5C3s_1,6853,,gutim,395,
,,,,,,,6055,,,,,,,,,,,,gutim,,
,,,,,,,,,,,,,,,,,,421,,,
421,1894.4218,0.8571,144,66,14,6854,,F#4,,,,d,,,,gut_n396_1Fs4q,6854,,gutim,396,
421,1894.4218,0.8571,144,74,14,6854,,D5,,,,d,,,,gut_n396_1D5q,6854,,gutim,396,
421,1894.4218,0.8571,144,51,22,6854,,D#3,,,,d,,,,gut_n396_5Ds3q,6854,,gutim,396,
421,1895.4932000000001,0.2143,144,66,14,6855,,F#4,,,,d,,,,gut_n396_1Fs4s,6855,,gutim,396,
421,1895.4932000000001,0.4286,144,32,22,6855,,G#1,,,,d,,,,gut_n396_5Gs1e,6855,,gutim,396,
421,1895.761,0.2143,144,106,14,6856,,A#7,,,,d,,,,gut_n396_1As7s,6856,,gutim,396,
421,1896.0289,0.1524,144,63,5,6857,,Eb4,,,,D,,,,gut_n396_1Eb4t_0,6857,,gutim,396,
421,1896.1893,0.1021,144,56,6,6858,,Ab3,,,,,,,,gut_n396_1Ab3t_0,6858,,gutim,396,
421,1896.2968,0.1524,144,63,6,6859,,Eb4,,,,,,,,gut_n396_1Eb4t_1,6859,,gutim,396,
421,1896.4572,0.1021,144,56,7,6860,,Ab3,,,,,,,,gut_n396_1Ab3t_1,6860,,gutim,396,
421,1896.5646000000002,0.1524,144,63,7,6861,,Eb4,,,,,,,,gut_n396_1Eb4t_2,6861,,gutim,396,
421,1896.7251,0.1524,144,56,8,6862,,Ab3,,,,,,,,gut_n396_1Ab3t_2,6862,,gutim,396,
421,1896.8855,0.1524,144,48,9,6863,,C3,,,,,,,,gut_n396_1C3t,6863,,gutim,396,
421,1897.0459,0.1524,144,63,10,6864,,Eb4,,,,,,,,gut_n396_1Eb4x,6864,,gutim,396,
421,1897.2064,0.1524,144,56,10,6865,,Ab3,,,,,,,,gut_n396_1Ab3t_3,6865,,gutim,396,
421,1897.3668,0.1021,144,69,11,6866,,A4,,,,,,,,gut_n396_1A4t,6866,,gutim,396,
421,1897.3682000000001,0.0848,144,54,5,6867,,F#3,,,,,,,,gut_n396_5Fs3t_0,6867,,gutim,396,
421,1897.4575,0.0848,144,62,5,6868,,D4,,,,,,,,gut_n396_5D4t_0,6868,,gutim,396,
421,1897.4742,0.1524,144,88,11,6869,,E6,,,,,,,,gut_n396_1E6t,6869,,gutim,396,
421,1897.5468,0.0848,144,54,5,6870,,F#3,,,,,,,,gut_n396_5Fs3t_1,6870,,gutim,396,
421,1897.6346,0.1127,144,70,11,6871,,Bb4,,e,,,,,,gut_n396_1Bb4t_0,6871,,gutim,396,
421,1897.7532,0.1127,144,64,13,6872,,E4,,e,,,,,,gut_n396_1E4t_0,6872,,gutim,396,
421,1897.8718000000001,0.1127,144,64,15,6873,,E4,,e,,,,,,gut_n396_1E4t_1,6873,,gutim,396,
421,1897.8718000000001,0.1127,144,70,15,6873,,Bb4,,e,,,,,,gut_n396_1Bb4t_1,6873,,gutim,396,
421,1897.8718000000001,0.1127,144,95,15,6873,,B6,,e,,,,,,gut_n396_1B6t,6873,,gutim,396,
421,1897.9904000000001,0.1127,144,85,18,6874,,C#6,,e,,,,,,gut_n396_1Cs6t,6874,,gutim,396,
421,1898.1090000000002,0.3393,144,77,20,6875,,F5,,E,,,,,,gut_n396_1F5s,6875,,gutim,396,
421,1898.1718,0.0848,144,62,5,6876,,D4,,,,,,,,gut_n396_5D4t_1,6876,,gutim,396,
421,1898.261,0.0848,144,54,5,6877,,F#3,,,,,,,,gut_n396_5Fs3t_2,6877,,gutim,396,
421,1898.3503,0.1272,144,62,5,6878,,D4,,,,,,,,gut_n396_5D4t_2,6878,,gutim,396,
421,1898.4843,0.1272,144,54,5,6879,,F#3,,,,,,,,gut_n396_5Fs3t_3,6879,,gutim,396,
421,1898.6182000000001,0.0848,144,44,5,6880,,G#2,,,,,,,,gut_n396_5Gs2t_0,6880,,gutim,396,
421,1898.6182000000001,0.0848,144,54,5,6880,,F#3,,,,,,,,gut_n396_5Fs3t_4,6880,,gutim,396,
421,1898.6182000000001,0.0848,144,62,5,6880,,D4,,,,,,,,gut_n396_5D4t_3,6880,,gutim,396,
421,1898.7075,0.0848,144,51,5,6881,,D#3,,,,,,,,gut_n396_5Ds3t_0,6881,,gutim,396,
421,1898.7968,0.0848,144,44,5,6882,,G#2,,,,,,,,gut_n396_5Gs2t_1,6882,,gutim,396,
421,1898.8833,0.2143,144,54,5,6883,,F#3,,,,,,,,gut_n396_1Fs3s,6883,,gutim,396,
421,1898.8833,0.2143,144,62,5,6883,,D4,,,,,,,,gut_n396_1D4s,6883,,gutim,396,
421,1898.886,0.1272,144,51,5,6883,,D#3,,,,,,,,gut_n396_5Ds3t_1,6883,,gutim,396,
421,1899.02,0.1272,144,44,5,6884,,G#2,,,,,,,,gut_n396_5Gs2t_2,6884,,gutim,396,
421,1899.1511,0.0737,144,82,5,6885,,Bb5,,,,,,,,gut_n396_1Bb5t,6885,,gutim,396,
421,1899.1539,0.0714,144,44,5,6886,,G#2,,,,,,,,gut_n396_5Gs2t_3,6886,,gutim,396,
421,1899.1539,0.0714,144,51,5,6886,,D#3,,,,,,,,gut_n396_5Ds3t_2,6886,,gutim,396,
421,1899.511,0.0848,144,65,5,6887,,F4,,e,,,,,,gut_n396_5F4t,6887,,gutim,396,
421,1899.6003,0.0848,144,58,9,6888,,Bb3,,e,,,,,,gut_n396_5Bb3t,6888,,gutim,396,
421,1899.6896000000002,0.0848,144,48,13,6889,,C3,,e,,,,,,gut_n396_5C3t,6889,,gutim,396,
,,,,,,,,,,,,,,,,,,422,,,
422,1899.7789,0.0714,144,92,20,6890,,Ab6,,e,,,,,,gut_n397_1Ab6t,6890,,gutim,397,
422,1899.7789,0.2143,144,58,17,6890,,Bb3,,e,,,,,,gut_n397_5Bb3s,6890,,gutim,397,
422,1899.7789,0.2143,144,65,17,6890,,F4,,e,,,,,,gut_n397_5F4s,6890,,gutim,397,
422,1899.8682000000001,0.1429,144,100,20,6891,,E7,,E,,,,,,gut_n397_1E7s,6891,,gutim,397,
422,1900.5825,0.2143,144,31,11,6892,,G1,,,,d,,,,gut_n397_1G1s,6892,,gutim,397,
422,1900.8503,0.6429,144,31,11,6893,,G1,,,,d,,,,gut_n397_1G1e,6893,,gutim,397,
422,1900.8503,0.6429,144,61,11,6893,,C#4,,,,d,,,,gut_n397_1Cs4e,6893,,gutim,397,
422,1900.8503,0.5714,144,27,22,6893,,Eb1,,,,d,,,,gut_n397_5Eb1q,6893,,gutim,397,
422,1900.8503,0.5714,144,72,22,6893,,C5,,,,d,,,,gut_n397_5C5q,6893,,gutim,397,
422,1901.5646000000002,0.1429,144,32,22,6894,,Ab1,,,,d,,,,gut_n397_5Ab1s_0,6894,,gutim,397,
422,1901.5646000000002,0.1429,144,72,22,6894,,C5,,,,d,,,,gut_n397_5C5s_0,6894,,gutim,397,
422,1901.7432000000001,0.1429,144,32,22,6895,,Ab1,,,,d,,,,gut_n397_5Ab1s_1,6895,,gutim,397,
422,1901.7432000000001,0.1429,144,72,22,6895,,C5,,,,d,,,,gut_n397_5C5s_1,6895,,gutim,397,
422,1901.7432000000001,0.1429,144,76,22,6895,,E5,,,,d,,,,gut_n397_5E5s_0,6895,,gutim,397,
422,1901.9218,0.8571,144,74,8,6896,,D5,,,,d,,,,gut_n397_1D5q,6896,,gutim,397,
422,1901.9218,0.2143,144,31,11,6896,,G1,,,,d,,,,gut_n397_5G1s,6896,,gutim,397,
422,1901.9218,0.2143,144,61,11,6896,,C#4,,,,d,,,,gut_n397_5Cs4s,6896,,gutim,397,
422,1902.1896000000002,0.1429,144,76,11,6897,,E5,,,,d,,,,gut_n397_5E5s_1,6897,,gutim,397,
422,1902.3682000000001,0.1429,144,48,11,6898,,C3,,,,d,,,,gut_n397_5C3s,6898,,gutim,397,
422,1902.5468,0.2143,144,44,11,6899,,Ab2,,,,d,,,,gut_n397_5Ab2s,6899,,gutim,397,
422,1902.8146000000002,0.1429,144,60,11,6900,,C4,,,,d,,,,gut_n397_5C4s,6900,,gutim,397,
422,1902.9932000000001,0.0848,144,74,20,6901,,D5,,,,D,6056,,,gut_n397_5D5t,6901,,gutim,397,
422,1903.0825,0.0848,144,39,19,6902,,Eb2,,,,,,,,gut_n397_5Eb2t_0,6902,,gutim,397,
422,1903.1718,0.0848,144,82,18,6903,,Bb5,,,,,,,,gut_n397_5Bb5t,6903,,gutim,397,
422,1903.261,0.0848,144,39,17,6904,,Eb2,,,,,,,,gut_n397_5Eb2t_1,6904,,gutim,397,
422,1903.261,0.0848,144,42,17,6904,,Gb2,,,,,,,,gut_n397_5Gb2t_0,6904,,gutim,397,
422,1903.3503,0.1272,144,62,16,6905,,D4,,,,,,,,gut_n397_5D4t,6905,,gutim,397,
422,1903.4843,0.0848,144,39,15,6906,,Eb2,,,,,,,,gut_n397_5Eb2x_0,6906,,gutim,397,
422,1903.4843,0.0848,144,42,15,6906,,Gb2,,,,,,,,gut_n397_5Gb2x_0,6906,,gutim,397,
422,1903.5735,0.1272,144,50,14,6907,,D3,,,,,,,,gut_n397_5D3t_0,6907,,gutim,397,
422,1903.7075,0.1272,144,42,13,6908,,Gb2,,,,,,,,gut_n397_5Gb2t_1,6908,,gutim,397,
422,1903.8414,0.1272,144,39,11,6909,,Eb2,,,,,,,,gut_n397_5Eb2t_2,6909,,gutim,397,
422,1903.9753,0.0848,144,32,10,6910,,Ab1,,,,,,,,gut_n397_5Ab1t_0,6910,,gutim,397,
422,1903.9753,0.0848,144,42,10,6910,,Gb2,,,,,,,,gut_n397_5Gb2t_2,6910,,gutim,397,
422,1904.0646000000002,0.0848,144,39,9,6911,,Eb2,,,,,,,,gut_n397_5Eb2t_3,6911,,gutim,397,
422,1904.1539,0.0848,144,50,8,6912,,D3,,,,,,,,gut_n397_5D3t_1,6912,,gutim,397,
422,1904.1539,0.0848,144,70,8,6912,,Bb4,,,,,,,,gut_n397_5Bb4t,6912,,gutim,397,
422,1904.2432000000001,0.1272,144,32,7,6913,,Ab1,,,,,,,,gut_n397_5Ab1t_1,6913,,gutim,397,
422,1904.2432000000001,0.1272,144,39,7,6913,,Eb2,,,,,,,,gut_n397_5Eb2t_4,6913,,gutim,397,
422,1904.3771000000002,0.0848,144,58,6,6914,,Bb3,,,,,,,,gut_n397_5Bb3t_0,6914,,gutim,397,
422,1904.4664,0.1272,144,50,5,6915,,D3,,e,,,,,,gut_n397_5D3t_2,6915,,gutim,397,
422,1904.6003,0.1272,144,42,5,6916,,Gb2,,e,,,,,,gut_n397_5Gb2t_3,6916,,gutim,397,
422,1904.7343,0.1272,144,39,5,6917,,Eb2,,e,,,,,,gut_n397_5Eb2t_5,6917,,gutim,397,
422,1904.7343,0.1272,144,50,5,6917,,D3,,e,,,,,,gut_n397_5D3t_3,6917,,gutim,397,
422,1904.8682000000001,0.1272,144,32,5,6918,,Ab1,,e,,,,,,gut_n397_5Ab1t_2,6918,,gutim,397,
422,1904.8682000000001,0.1272,144,39,5,6918,,Eb2,,e,,,,,,gut_n397_5Eb2t_6,6918,,gutim,397,
422,1904.8682000000001,0.1272,144,42,5,6918,,Gb2,,e,,,,,,gut_n397_5Gb2t_4,6918,,gutim,397,
422,1905.0021000000002,0.1272,144,58,5,6919,,Bb3,,E,6056,,,,,gut_n397_5Bb3t_1,6919,,gutim,397,
,,,,,,,6056,,,,,,,,,,,,gutim,,
,,,,,,,,,,,,,,,,,,423,,,
423,1905.4039,0.1021,144,47,11,6920,,B2,,e,,,,,,gut_n398_5B2t_0,6920,,gutim,398,
423,1905.4039,0.1021,144,62,11,6920,,D4,,e,,,,,,gut_n398_5D4t,6920,,gutim,398,
423,1905.5113000000001,0.1021,144,40,14,6921,,E2,,e,,,,,,gut_n398_5E2t_0,6921,,gutim,398,
423,1905.6187,0.1021,144,30,16,6922,,F#1,,e,,,,,,gut_n398_5Fs1t_0,6922,,gutim,398,
423,1905.6187,0.1021,144,50,16,6922,,D3,,e,,,,,,gut_n398_5D3t_0,6922,,gutim,398,
423,1905.7262,0.1021,144,22,19,6923,,A#0,,e,,,,,,gut_n398_5As0t,6923,,gutim,398,
423,1905.7262,0.1021,144,40,19,6923,,E2,,e,,,,,,gut_n398_5E2t_1,6923,,gutim,398,
423,1905.7262,0.1021,144,47,19,6923,,B2,,e,,,,,,gut_n398_5B2t_1,6923,,gutim,398,
423,1905.8336,0.1007,144,30,22,6924,,F#1,,E,,,,,,gut_n398_5Fs1t_1,6924,,gutim,398,
423,1905.8336,0.1007,144,40,22,6924,,E2,,E,,,,,,gut_n398_5E2t_2,6924,,gutim,398,
423,1905.8336,0.1007,144,47,22,6924,,B2,,E,,,,,,gut_n398_5B2t_2,6924,,gutim,398,
423,1905.8336,0.1007,144,50,22,6924,,D3,,E,,,,,,gut_n398_5D3t_1,6924,,gutim,398,
423,1906.2075,0.1429,144,50,24,6925,,D3,,,,,,,,gut_n398_1D3s,6925,,gutim,398,
423,1906.2075,0.1429,144,97,24,6925,,C#7,,,,,,,,gut_n398_1Cs7s,6925,,gutim,398,
423,1906.386,0.1429,144,32,24,6926,,Ab1,,,,,,,,gut_n398_1Ab1s,6926,,gutim,398,
423,1906.386,0.1429,144,72,24,6926,,C5,,,,,,,,gut_n398_1C5s,6926,,gutim,398,
423,1906.386,0.1429,144,76,24,6926,,E5,,,,,,,,gut_n398_1E5s_0,6926,,gutim,398,
423,1907.2789,0.3571,144,24,24,6927,,C1,,,,,,,,gut_n398_5C1e,6927,,gutim,398,
423,1907.5468,0.0714,144,61,22,6928,,Db4,,,,,,,,gut_n398_1Db4t_0,6928,,gutim,398,
423,1907.636,0.0714,144,31,20,6929,,G1,,,,,,,,gut_n398_5G1t_0,6929,,gutim,398,
423,1907.7253,0.0714,144,49,19,6930,,Db3,,,,,,,,gut_n398_1Db3t_0,6930,,gutim,398,
423,1907.8146000000002,0.0714,144,61,17,6931,,Db4,,,,,,,,gut_n398_1Db4t_1,6931,,gutim,398,
423,1907.8146000000002,0.0714,144,36,17,6931,,C2,,,,,,,,gut_n398_5C2t_0,6931,,gutim,398,
423,1907.9039,0.0714,144,31,16,6932,,G1,,,,,,,,gut_n398_5G1t_1,6932,,gutim,398,
423,1907.9932000000001,0.0714,144,48,14,6933,,C3,,,,,,,,gut_n398_1C3t_0,6933,,gutim,398,
423,1907.9932000000001,0.0714,144,61,14,6933,,Db4,,,,,,,,gut_n398_1Db4t_2,6933,,gutim,398,
423,1908.0825,0.0714,144,31,13,6934,,G1,,,,,,,,gut_n398_5G1t_2,6934,,gutim,398,
423,1908.0825,0.0714,144,36,13,6934,,C2,,,,,,,,gut_n398_5C2t_1,6934,,gutim,398,
423,1908.1718,0.0714,144,48,11,6935,,C3,,,,,,,,gut_n398_1C3t_1,6935,,gutim,398,
423,1908.1718,0.0714,144,49,11,6935,,Db3,,,,,,,,gut_n398_1Db3t_1,6935,,gutim,398,
423,1908.261,0.0714,144,36,10,6936,,C2,,,,,,,,gut_n398_5C2t_2,6936,,gutim,398,
423,1908.3503,0.1071,144,61,8,6937,,Db4,,,,d,,,,gut_n398_1Db4t_3,6937,,gutim,398,
423,1908.3503,0.1071,144,64,8,6937,,E4,,,,d,,,,gut_n398_1E4t,6937,,gutim,398,
423,1908.3503,0.1071,144,31,8,6937,,G1,,,,d,,,,gut_n398_5G1t_3,6937,,gutim,398,
423,1908.4843,0.1071,144,32,8,6938,,Ab1,,,,d,,,,gut_n398_5Ab1t_0,6938,,gutim,398,
423,1908.8110000000001,0.06,144,76,11,6939,,E5,g,,,d,,,,gut_ng398_5E5e,6939,,gutim,398,
423,1908.886,0.2143,144,74,22,6940,,D5,,,,d,,,,gut_n398_1D5s,6940,,gutim,398,
423,1908.886,0.2143,144,76,17,6940,,E5,,,,d,,,,gut_n398_1E5s_1,6940,,gutim,398,
423,1908.886,0.4286,144,44,11,6940,,Ab2,,,,d,,,,gut_n398_5Ab2e,6940,,gutim,398,
423,1908.886,0.4286,144,51,11,6940,,Eb3,,,,d,,,,gut_n398_5Eb3e,6940,,gutim,398,
423,1908.886,0.4286,144,56,22,6940,,Ab3,,,,d,,,,gut_n398_5Ab3e,6940,,gutim,398,
423,1909.1539,0.2143,144,105,22,6941,,A7,,,,d,,,,gut_n398_1A7s,6941,,gutim,398,
423,1909.2718,0.0712,144,50,20,6942,,D3,g,,,d,,,,gut_ng398_5D3e,6942,,gutim,398,
423,1909.3468,0.0712,144,57,18,6943,,A3,g,,,D,,,,gut_ng398_5A3e,6943,,gutim,398,
423,1909.4218,0.0848,144,40,16,6944,,E2,,,,,,,,gut_n398_5E2t_3,6944,,gutim,398,
423,1909.511,0.0714,144,24,14,6945,,C1,,,,,,,,gut_n398_5C1t_1,6945,,gutim,398,
423,1909.6003,0.0714,144,50,12,6946,,D3,,,,,,,,gut_n398_5D3t_2,6946,,gutim,398,
423,1909.6896000000002,0.0714,144,32,9,6947,,Ab1,,,,,,,,gut_n398_5Ab1t_1,6947,,gutim,398,
423,1909.7789,0.0714,144,57,7,6948,,A3,,,,,,,,gut_n398_5A3t,6948,,gutim,398,
423,1909.8682000000001,0.0714,144,24,5,6949,,C1,,,,,,,,gut_n398_5C1t_2,6949,,gutim,398,
423,1909.8682000000001,0.0714,144,32,5,6949,,Ab1,,,,,,,,gut_n398_5Ab1t_2,6949,,gutim,398,
423,1909.8682000000001,0.0714,144,40,5,6949,,E2,,,,,,,,gut_n398_5E2t_4,6949,,gutim,398,
423,1909.8682000000001,0.0714,144,50,5,6949,,D3,,,,,,,,gut_n398_5D3t_3,6949,,gutim,398,
423,1909.9575,0.2857,144,57,5,6950,,A3,,,,,,,,gut_n398_5A3e,6950,,gutim,398,
423,1910.4039,0.0848,144,31,5,6951,,G1,,,,,,,,gut_n398_5G1t_4,6951,,gutim,398,
,,,,,,,,,,,,,,,,,,424,,,
424,1910.4932000000001,0.1272,144,76,5,6952,,E5,,e,,d,,,,gut_n399_5E5t_0,6952,,gutim,399,
424,1910.6271000000002,0.1272,144,44,5,6953,,G#2,,e,,d,,,,gut_n399_5Gs2t_0,6953,,gutim,399,
424,1910.761,0.1272,144,31,5,6954,,G1,,e,,d,,,,gut_n399_5G1t_0,6954,,gutim,399,
424,1910.761,0.1272,144,73,5,6954,,C#5,,e,,d,,,,gut_n399_5Cs5t_0,6954,,gutim,399,
424,1910.895,0.1272,144,76,5,6955,,E5,,e,,d,,,,gut_n399_5E5t_1,6955,,gutim,399,
424,1911.0289,0.1272,144,44,5,6956,,G#2,,e,,d,,,,gut_n399_5Gs2t_1,6956,,gutim,399,
424,1911.1628,0.1272,144,31,5,6957,,G1,,E,,d,,,,gut_n399_5G1t_1,6957,,gutim,399,
424,1911.1628,0.1272,144,60,5,6957,,C4,,E,,d,,,,gut_n399_5C4t,6957,,gutim,399,
424,1911.1628,0.1272,144,73,5,6957,,C#5,,E,6057,D,6057,,,gut_n399_5Cs5t_1,6957,,gutim,399,
,,,,,,,6057,,,,,,,,,,,,gutim,,
424,1911.5646000000002,0.8571,144,24,22,6958,,C1,,,,,,,,gut_n399_5C1q,6958,,gutim,399,
424,1911.5646000000002,0.8571,144,27,22,6958,,Eb1,,,,,,,,gut_n399_5Eb1q,6958,,gutim,399,
424,1911.5646000000002,0.8571,144,51,22,6958,,Eb3,,,,,,,,gut_n399_5Eb3q,6958,,gutim,399,
424,1911.9664,0.1272,144,59,14,6959,,B3,,,,,,,,gut_n399_1B3t_0,6959,,gutim,399,
424,1912.1003,0.1272,144,74,14,6960,,D5,,,,,,,,gut_n399_1D5t,6960,,gutim,399,
424,1912.2343,0.1272,144,52,14,6961,,E3,,,,,,,,gut_n399_1E3t_0,6961,,gutim,399,
424,1912.3682000000001,0.0848,144,42,14,6962,,F#2,,,,,,,,gut_n399_1Fs2t_0,6962,,gutim,399,
424,1912.4575,0.0848,144,34,14,6963,,A#1,,,,,,,,gut_n399_1As1t,6963,,gutim,399,
424,1912.4575,0.0848,144,52,14,6963,,E3,,,,,,,,gut_n399_1E3t_1,6963,,gutim,399,
424,1912.4575,0.0848,144,59,14,6963,,B3,,,,,,,,gut_n399_1B3t_1,6963,,gutim,399,
424,1912.5468,0.0848,144,42,14,6964,,F#2,,,,,,,,gut_n399_1Fs2t_1,6964,,gutim,399,
424,1912.5610000000001,0.06,144,40,8,6965,,E2,g,,,,,,,gut_ng399_5E2e,6965,,gutim,399,
424,1912.636,0.6786,144,47,8,6966,,B2,,,,,,,,gut_n399_5B2q,6966,,gutim,399,
424,1912.9039,0.0848,144,76,17,6967,,E5,,,,,,,,gut_n399_1E5t,6967,,gutim,399,
424,1912.9932000000001,0.1696,144,68,18,6968,,G#4,,,,,,,,gut_n399_1Gs4s,6968,,gutim,399,
424,1913.1718,0.0848,144,96,20,6969,,C7,,,,,,,,gut_n399_1C7t,6969,,gutim,399,
424,1913.261,0.1696,144,86,21,6970,,D6,,,,,,,,gut_n399_1D6s,6970,,gutim,399,
424,1913.3503,0.3393,144,40,8,6971,,E2,,,,d,,,,gut_n399_5E2e,6971,,gutim,399,
424,1913.3503,0.3393,144,47,8,6971,,B2,,,,d,,,,gut_n399_5B2e,6971,,gutim,399,
424,1913.3503,0.3393,144,50,8,6971,,D3,,,,d,,,,gut_n399_5D3e,6971,,gutim,399,
424,1913.7075,0.8571,144,52,21,6972,,E3,,,,,,,,gut_n399_1E3q,6972,,gutim,399,
424,1913.7075,0.4286,144,24,22,6972,,C1,,,,d,,,,gut_n399_5C1e,6972,,gutim,399,
424,1913.7075,0.4286,144,44,22,6972,,Ab2,,,,d,,,,gut_n399_5Ab2e_0,6972,,gutim,399,
424,1913.7075,0.4286,144,51,22,6972,,Eb3,,,,d,,,,gut_n399_5Eb3e,6972,,gutim,399,
424,1914.2432000000001,0.4286,144,44,14,6973,,Ab2,,,,d,,,,gut_n399_5Ab2e_1,6973,,gutim,399,
424,1914.7789,0.2857,144,60,14,6974,,C4,,,,d,,,,gut_n399_5C4e,6974,,gutim,399,
424,1915.136,0.2857,144,88,14,6975,,E6,,,,d,,,,gut_n399_5E6e,6975,,gutim,399,
,,,,,,,,,,,,,,,,,,425,,,
425,1916.2075,0.1429,144,97,20,6976,,C#7,,,,d,,,,gut_n400_1Cs7s,6976,,gutim,400,
425,1916.2075,0.1429,144,50,20,6976,,D3,,,,d,,,,gut_n400_5D3s,6976,,gutim,400,
425,1916.386,0.1429,144,72,20,6977,,C5,,,,d,,,,gut_n400_1C5s,6977,,gutim,400,
425,1916.386,0.1429,144,76,20,6977,,E5,,,,d,,,,gut_n400_1E5s,6977,,gutim,400,
425,1916.386,0.1429,144,32,20,6977,,Ab1,,,,d,,,,gut_n400_5Ab1s,6977,,gutim,400,
425,1916.9218,0.1071,144,59,24,6978,,B3,,,,d,,,,gut_n400_1B3t_0,6978,,gutim,400,
425,1916.9218,0.1071,144,72,24,6978,,C5,,,,d,,,,gut_n400_1C5t,6978,,gutim,400,
425,1916.9218,0.1071,144,27,24,6978,,Eb1,,,,d,,,,gut_n400_5Eb1t_0,6978,,gutim,400,
425,1916.9218,0.1071,144,30,24,6978,,Gb1,,,,d,,,,gut_n400_5Gb1t_0,6978,,gutim,400,
425,1917.0557000000001,0.1071,144,55,24,6979,,G3,,,,d,,,,gut_n400_1G3t,6979,,gutim,400,
425,1917.0557000000001,0.1071,144,59,24,6979,,B3,,,,d,,,,gut_n400_1B3t_1,6979,,gutim,400,
425,1917.0557000000001,0.1071,144,27,24,6979,,Eb1,,,,d,,,,gut_n400_5Eb1t_1,6979,,gutim,400,
425,1917.0557000000001,0.1071,144,30,24,6979,,Gb1,,,,d,,,,gut_n400_5Gb1t_1,6979,,gutim,400,
425,1917.9932000000001,0.2567,144,47,11,6980,,B2,,,,d,,,,gut_n400_1B2s,6980,,gutim,400,
425,1918.3141,0.1719,144,70,11,6981,,Bb4,,,,d,,,,gut_n400_1Bb4s,6981,,gutim,400,
425,1918.5289,0.1429,144,88,11,6982,,E6,,,,d,,,,gut_n400_1E6s,6982,,gutim,400,
425,1918.7075,0.1429,144,59,11,6983,,B3,,,,d,,,,gut_n400_1B3s,6983,,gutim,400,
425,1918.886,0.1429,144,82,11,6984,,Bb5,,,,d,,,,gut_n400_1Bb5s,6984,,gutim,400,
425,1919.0646000000002,0.0714,144,42,11,6985,,F#2,,,,d,,,,gut_n400_5Fs2t_0,6985,,gutim,400,
425,1919.0646000000002,0.0714,144,59,11,6985,,B3,,,,d,,,,gut_n400_5B3t_0,6985,,gutim,400,
425,1919.1539,0.0714,144,62,11,6986,,D4,,,,d,,,,gut_n400_5D4t_0,6986,,gutim,400,
425,1919.2432000000001,0.0714,144,42,11,6987,,F#2,,,,d,,,,gut_n400_5Fs2t_1,6987,,gutim,400,
425,1919.3325,0.1071,144,59,11,6988,,B3,,,,d,,,,gut_n400_5B3t_1,6988,,gutim,400,
425,1919.3325,0.1071,144,62,11,6988,,D4,,,,d,,,,gut_n400_5D4t_1,6988,,gutim,400,
425,1919.3325,0.1071,144,70,11,6988,,Bb4,,,,d,,,,gut_n400_5Bb4t,6988,,gutim,400,
425,1919.4664,0.1071,144,42,11,6989,,F#2,,,,D,6058,,,gut_n400_5Fs2t_2,6989,,gutim,400,
,,,,,,,6058,,,,,,,,,,,,gutim,,
,,,,,,,,,,,,,,,,,,426,,,
426,1922.2789,0.2143,144,100,24,6990,,E7,,,,,,,,gut_n401_1E7s,6990,,gutim,401,
426,1922.2789,0.1339,144,44,24,6990,,Ab2,,,,,,,,gut_n401_5Ab2s,6990,,gutim,401,
426,1922.2789,0.2143,144,51,24,6990,,Eb3,,,,,,,,gut_n401_5Eb3s,6990,,gutim,401,
426,1922.5468,0.1071,144,69,24,6991,,A4,,,,,,,,gut_n401_1A4t,6991,,gutim,401,
426,1922.5468,0.1071,144,100,24,6991,,E7,,,,,,,,gut_n401_1E7t,6991,,gutim,401,
426,1922.8146000000002,0.0848,144,24,24,6992,,C1,,,,,,,,gut_n401_5C1t_0,6992,,gutim,401,
426,1922.9039,0.0848,144,32,23,6993,,Ab1,,,,,,,,gut_n401_5Ab1t_0,6993,,gutim,401,
426,1922.9932000000001,0.0848,144,39,21,6994,,Eb2,,,,,,,,gut_n401_5Eb2t,6994,,gutim,401,
426,1923.0825,0.1071,144,24,20,6995,,C1,,,,,,,,gut_n401_5C1t_1,6995,,gutim,401,
426,1923.0825,0.1071,144,32,20,6995,,Ab1,,,,,,,,gut_n401_5Ab1t_1,6995,,gutim,401,
426,1923.2164,0.1071,144,51,18,6996,,Eb3,,,,,,,,gut_n401_5Eb3t,6996,,gutim,401,
426,1923.3503,0.1071,144,32,16,6997,,Ab1,,,,,,,,gut_n401_5Ab1t_2,6997,,gutim,401,
426,1923.4843,0.1071,144,57,14,6998,,A3,,,,,,,,gut_n401_5A3t,6998,,gutim,401,
426,1923.6182000000001,0.1071,144,64,12,6999,,E4,,,,,,,,gut_n401_5E4t,6999,,gutim,401,
426,1923.7521000000002,0.1071,144,45,10,7000,,A2,,,,,,,,gut_n401_5A2t,7000,,gutim,401,
426,1923.886,0.1429,144,24,8,7001,,C1,,,,,,,,gut_n401_5C1s,7001,,gutim,401,
426,1923.886,0.1429,144,32,8,7001,,Ab1,,,,,,,,gut_n401_5Ab1s,7001,,gutim,401,
426,1924.0646000000002,0.1429,144,76,5,7002,,E5,,,,,,,,gut_n401_5E5s,7002,,gutim,401,
426,1924.2432000000001,0.1429,144,45,5,7003,,A2,,,,,,,,gut_n401_5A2s,7003,,gutim,401,
426,1924.4218,0.0636,144,105,11,7004,,A7,,e,,,,,,gut_n401_1A7x_0,7004,,gutim,401,
426,1924.4218,0.4286,144,60,8,7004,,C4,,,,,,,,gut_n401_5C4e,7004,,gutim,401,
426,1924.4887,0.0636,144,70,11,7005,,Bb4,,e,,,,,,gut_n401_1Bb4x,7005,,gutim,401,
426,1924.5557000000001,0.0636,144,97,11,7006,,C#7,,e,,,,,,gut_n401_1Cs7x_0,7006,,gutim,401,
426,1924.6227000000001,0.0636,144,105,10,7007,,A7,,e,,,,,,gut_n401_1A7x_1,7007,,gutim,401,
426,1924.6896000000002,0.0636,144,97,10,7008,,C#7,,e,,,,,,gut_n401_1Cs7x_1,7008,,gutim,401,
426,1924.7566,0.0636,144,64,10,7009,,E4,,e,,,,,,gut_n401_1E4x,7009,,gutim,401,
426,1924.8235,0.0636,144,105,10,7010,,A7,,e,,,,,,gut_n401_1A7x_2,7010,,gutim,401,
426,1924.8905,0.0636,144,97,10,7011,,C#7,,e,,,,,,gut_n401_1Cs7x_2,7011,,gutim,401,
426,1924.9575,0.1021,144,70,9,7012,,Bb4,,e,,,,,,gut_n401_1Bb4t,7012,,gutim,401,
426,1924.9575,0.4286,144,75,8,7012,,Eb5,,E,,,,,,gut_n401_5Eb5e,7012,,gutim,401,
426,1925.0649,0.1021,144,64,9,7013,,E4,,e,,,,,,gut_n401_1E4t,7013,,gutim,401,
426,1925.1723,0.1021,144,105,9,7014,,A7,,e,,,,,,gut_n401_1A7t,7014,,gutim,401,
426,1925.2797,0.1021,144,97,8,7015,,C#7,,e,,,,,,gut_n401_1Cs7t,7015,,gutim,401,
426,1925.3872000000001,0.1007,144,77,8,7016,,F5,,E,6059,,,,,gut_n401_1F5t,7016,,gutim,401,
426,1925.4872,0.06,144,46,8,7017,,Bb2,g,,,d,,,,gut_ng401_1Bb2e,7017,,gutim,401,
426,1925.4872,0.06,144,49,8,7017,,Db3,g,,,d,,,,gut_ng401_1Db3e,7017,,gutim,401,
426,1925.5622,0.8571,144,76,22,7018,,E5,,,,d,,t,,gut_n401_1E5q,7018,,gutim,401,
426,1925.5622,0.8571,144,81,11,7018,,A5,,,,d,,t,,gut_n401_1A5q,7018,,gutim,401,
426,1925.5622,0.4286,144,33,8,7018,,A1,,,,d,,,,gut_n401_5A1e_0,7018,,gutim,401,
426,1925.5622,0.4286,144,72,8,7018,,C5,,,,d,,,,gut_n401_5C5e_0,7018,,gutim,401,
426,1926.0979,0.2679,144,33,8,7019,,A1,,,,d,,t,,gut_n401_5A1e_1,7019,,gutim,401,
426,1926.0979,0.4286,144,37,8,7019,,C#2,,,,d,,t,,gut_n401_5Cs2e,7019,,gutim,401,
426,1926.0979,0.4286,144,41,8,7019,,F2,,,,d,,t,,gut_n401_5F2e,7019,,gutim,401,
426,1926.0979,0.4286,144,72,8,7019,,C5,,,,d,,t,,gut_n401_5C5e_1,7019,,gutim,401,
,,,,,,,,,,,,,,,,,,427,,,
427,1926.6336000000001,0.6429,144,79,8,7020,,G5,,,,d,,,,gut_n402_1G5e,7020,,gutim,402,
427,1926.6336000000001,0.5089,144,86,11,7020,,D6,,,,d,,t,,gut_n402_5D6e,7020,,gutim,402,
427,1927.1693,0.5089,144,80,11,7021,,G#5,,,,d,,t,,gut_n402_5Gs5e,7021,,gutim,402,
427,1927.4372,0.2143,144,35,22,7022,,B1,,,,d,,,,gut_n402_1B1s,7022,,gutim,402,
427,1927.4372,0.2143,144,76,22,7022,,E5,,,,d,,,,gut_n402_1E5s,7022,,gutim,402,
427,1927.7050000000002,1.7143,144,55,20,7023,,G3,,,,d,,t,,gut_n402_1G3h,7023,,gutim,402,
427,1927.7050000000002,0.1696,144,62,8,7023,,D4,,,,d,,T,6059,gut_n402_5D4s_0,7023,,gutim,402,
427,1927.8836000000001,0.1696,144,56,8,7024,,G#3,,,,d,,,,gut_n402_5Gs3s_0,7024,,gutim,402,
427,1928.0622,0.1696,144,62,8,7025,,D4,,,,D,6059,,,gut_n402_5D4s_1,7025,,gutim,402,
427,1928.2407,0.2545,144,49,8,7026,,C#3,,,,,,,,gut_n402_5Cs3s,7026,,gutim,402,
427,1928.5086000000001,0.2545,144,56,8,7027,,G#3,,,,,,,,gut_n402_5Gs3s_1,7027,,gutim,402,
427,1928.7764,0.2545,144,21,8,7028,,A0,,,,,,,,gut_n402_5A0s,7028,,gutim,402,
427,1929.0443,0.2545,144,29,8,7029,,F1,,,,,,,,gut_n402_5F1s,7029,,gutim,402,
,,,,,,,6059,,,,,,,,,,,,gutim,,
427,1929.8479,0.4286,144,60,11,7030,,C4,,,,,,,,gut_n402_1C4e_0,7030,,gutim,402,
427,1929.8479,1.0179,144,61,11,7030,,Db4,,,,,,,,gut_n402_5Db4q,7030,,gutim,402,
427,1930.3836000000001,0.2857,144,75,9,7031,,Eb5,,,,,,,,gut_n402_1Eb5e_0,7031,,gutim,402,
427,1930.7407,0.1429,144,93,7,7032,,A6,,,,,,,,gut_n402_1A6s,7032,,gutim,402,
427,1930.9193,2.5714,144,60,7,7033,,C4,,,,,,,,gut_n402_1C4e_1,7033,,gutim,402,
427,1930.9193,2.5714,144,68,7,7033,,Ab4,,,,,,,,gut_n402_1Ab4e_0,7033,,gutim,402,
427,1930.9193,2.5714,144,75,7,7033,,Eb5,,,,,,,,gut_n402_1Eb5e_1,7033,,gutim,402,
427,1930.9193,2.5714,144,81,7,7033,,A5,,,,,,,,gut_n402_1A5e_0,7033,,gutim,402,
427,1930.9193,0.8571,144,48,8,7033,,C3,,,,,,,,gut_n402_5C3q,7033,,gutim,402,
427,1931.3476,0.5145,144,100,5,7034,,E7,,,,,,,,gut_n402_1E7e,7034,,gutim,402,
,,,,,,,,,,,,,,,,,,428,,,
428,1931.9907,0.1021,144,26,8,7035,,D1,,,,,,,,gut_n403_5D1t_0,7035,,gutim,403,
428,1932.0982000000001,0.1021,144,32,8,7036,,G#1,,,,,,,,gut_n403_5Gs1t_0,7036,,gutim,403,
428,1932.2056,0.1021,144,29,8,7037,,F1,,,,,,,,gut_n403_5F1t_0,7037,,gutim,403,
428,1932.313,0.1021,144,25,8,7038,,C#1,,,,,,,,gut_n403_5Cs1t_0,7038,,gutim,403,
428,1932.4204,0.1021,144,26,8,7039,,D1,,,,,,,,gut_n403_5D1t_1,7039,,gutim,403,
428,1932.5278,0.1021,144,32,8,7040,,G#1,,,,,,,,gut_n403_5Gs1t_1,7040,,gutim,403,
428,1932.6353000000001,0.1524,144,29,8,7041,,F1,,,,,,,,gut_n403_5F1t_1,7041,,gutim,403,
428,1932.7957000000001,0.1524,144,26,8,7042,,D1,,,,,,,,gut_n403_5D1t_2,7042,,gutim,403,
428,1932.9561,0.1021,144,25,8,7043,,C#1,,,,,,,,gut_n403_5Cs1t_1,7043,,gutim,403,
428,1933.0636,0.1021,144,21,8,7044,,A0,,,,,,,,gut_n403_5A0t_0,7044,,gutim,403,
428,1933.171,0.1524,144,25,8,7045,,C#1,,,,,,,,gut_n403_5Cs1t_2,7045,,gutim,403,
428,1933.3314,0.1021,144,32,8,7046,,G#1,,,,,,,,gut_n403_5Gs1t_2,7046,,gutim,403,
428,1933.4388000000001,0.1021,144,29,8,7047,,F1,,,,,,,,gut_n403_5F1t_2,7047,,gutim,403,
428,1933.5463,0.1524,144,38,8,7048,,D2,,,,,,,,gut_n403_5D2t,7048,,gutim,403,
428,1933.7067,0.1524,144,25,8,7049,,C#1,,,,,,,,gut_n403_5Cs1t_3,7049,,gutim,403,
428,1933.8671,0.1524,144,32,8,7050,,G#1,,,,,,,,gut_n403_5Gs1t_3,7050,,gutim,403,
428,1934.0276000000001,0.1021,144,21,8,7051,,A0,,,,,,,,gut_n403_5A0t_1,7051,,gutim,403,
428,1934.1336000000001,0.1429,144,73,11,7052,,C#5,,,,,,,,gut_n403_1Cs5s_0,7052,,gutim,403,
428,1934.1336000000001,0.1429,144,81,11,7052,,A5,,,,,,,,gut_n403_1A5s_0,7052,,gutim,403,
428,1934.3122,0.2143,144,53,13,7053,,F3,,,,,,,,gut_n403_1F3s_0,7053,,gutim,403,
428,1934.3122,0.2143,144,73,13,7053,,C#5,,,,,,,,gut_n403_1Cs5s_1,7053,,gutim,403,
428,1934.3122,0.2143,144,81,13,7053,,A5,,,,,,,,gut_n403_1A5s_1,7053,,gutim,403,
428,1934.5800000000002,0.0714,144,40,15,7054,,E2,,,,,,,,gut_n403_1E2t,7054,,gutim,403,
428,1934.6693,0.0536,144,73,17,7055,,C#5,,,,d,,,,gut_n403_1Cs5t,7055,,gutim,403,
428,1934.6693,0.1071,144,81,17,7055,,A5,,,,d,,,,gut_n403_1A5t,7055,,gutim,403,
428,1934.6693,0.2143,144,76,22,7055,,E5,,,,d,,,,gut_n403_2E5s,7055,,gutim,403,
428,1934.6707000000001,0.0714,144,40,17,7055,,E2,,,,d,,,,gut_n403_5E2s,7055,,gutim,403,
428,1934.6707000000001,0.1429,144,53,17,7055,,F3,,,,d,,,,gut_n403_5F3s,7055,,gutim,403,
428,1934.8493,0.2857,144,42,20,7056,,F#2,,,,d,,,,gut_n403_5Fs2e,7056,,gutim,403,
428,1934.8493,0.2857,144,55,20,7056,,G3,,,,d,,,,gut_n403_5G3e,7056,,gutim,403,
428,1934.9372,0.2143,144,35,22,7057,,B1,,,,d,,,,gut_n403_2B1s,7057,,gutim,403,
428,1934.9372,0.2143,144,58,22,7057,,Bb3,,,,d,,,,gut_n403_2Bb3s,7057,,gutim,403,
428,1935.2050000000002,0.4286,144,52,8,7058,,E3,,,,d,,,,gut_n403_1E3e_0,7058,,gutim,403,
428,1935.2050000000002,0.4286,144,79,8,7058,,G5,,,,d,,,,gut_n403_1G5e,7058,,gutim,403,
428,1935.385,0.1429,144,52,11,7059,,E3,,,,d,,,,gut_n403_5E3s,7059,,gutim,403,
428,1935.385,0.1429,144,59,11,7059,,B3,,,,d,,,,gut_n403_5B3s,7059,,gutim,403,
428,1935.385,0.1429,144,62,11,7059,,D4,,,,d,,,,gut_n403_5D4s,7059,,gutim,403,
428,1935.5636,0.2857,144,22,11,7060,,Bb0,,,,d,,,,gut_n403_5Bb0e,7060,,gutim,403,
428,1935.7407,0.4286,144,44,11,7061,,G#2,,,,,,,,gut_n403_1Gs2e,7061,,gutim,403,
428,1935.7407,0.4286,144,52,11,7061,,E3,,,,,,,,gut_n403_1E3e_1,7061,,gutim,403,
428,1935.9207000000001,0.2846,144,30,11,7062,,Gb1,,,,d,,,,gut_n403_5Gb1e,7062,,gutim,403,
428,1936.2764,0.2545,144,61,8,7063,,C#4,,,,D,,,,gut_n403_1Cs4s,7063,,gutim,403,
428,1936.2764,0.8571,144,95,22,7063,,B6,,,,d,,,,gut_n403_5B6q,7063,,gutim,403,
428,1936.5443,0.1696,144,74,10,7064,,D5,,,,,,,,gut_n403_1D5s,7064,,gutim,403,
428,1936.7229,0.0848,144,45,11,7065,,A2,,,,,,,,gut_n403_1A2t_0,7065,,gutim,403,
428,1936.8122,0.0848,144,68,12,7066,,G#4,,,,,,,,gut_n403_1Gs4t_0,7066,,gutim,403,
428,1936.9014,0.0848,144,45,12,7067,,A2,,,,,,,,gut_n403_1A2t_1,7067,,gutim,403,
428,1936.9907,0.0848,144,68,13,7068,,G#4,,,,,,,,gut_n403_1Gs4t_1,7068,,gutim,403,
428,1937.0800000000002,0.0848,144,45,13,7069,,A2,,,,,,,,gut_n403_1A2t_2,7069,,gutim,403,
428,1937.1693,0.1696,144,53,14,7070,,F3,,,,,,,,gut_n403_1F3s_1,7070,,gutim,403,
,,,,,,,,,,,,,,,,,,429,,,
429,1937.6157,0.1272,144,86,14,7071,,D6,,,,,,,,gut_n404_1D6t,7071,,gutim,404,
429,1937.7497,0.1272,144,73,14,7072,,C#5,,,,,,,,gut_n404_1Cs5t,7072,,gutim,404,
429,1937.8836000000001,0.1429,144,33,14,7073,,A1,,,,,,,,gut_n404_5A1s,7073,,gutim,404,
429,1938.0622,0.0714,144,41,14,7074,,F2,,,,,,,,gut_n404_5F2t,7074,,gutim,404,
429,1938.1514,0.1429,144,86,14,7075,,D6,,,,,,,,gut_n404_5D6s,7075,,gutim,404,
429,1938.3300000000002,0.0714,144,80,14,7076,,G#5,,,,,,,,gut_n404_5Gs5t,7076,,gutim,404,
429,1938.3443,0.06,144,39,8,7077,,D#2,g,,,d,,,,gut_ng404_6Ds2e,7077,,gutim,404,
429,1938.4193,1.2857,144,73,14,7078,,C#5,,,,d,,,,gut_n404_1Cs5q,7078,,gutim,404,
429,1938.4193,1.2857,144,79,14,7078,,G5,,,,d,,,,gut_n404_1G5q,7078,,gutim,404,
429,1938.4193,1.2857,144,86,14,7078,,D6,,,,d,,,,gut_n404_1D6q,7078,,gutim,404,
429,1938.4193,1.2857,144,33,14,7078,,A1,,,,d,,,,gut_n404_5A1q,7078,,gutim,404,
429,1938.4193,1.2857,144,41,14,7078,,F2,,,,d,,,,gut_n404_5F2q,7078,,gutim,404,
429,1938.4193,1.2857,144,47,8,7078,,B2,,,,d,,,,gut_n404_6B2q,7078,,gutim,404,
429,1940.0264,0.4286,144,73,20,7079,,C#5,,,,d,,,,gut_n404_1Cs5e,7079,,gutim,404,
429,1940.0264,0.4286,144,79,20,7079,,G5,,,,d,,,,gut_n404_1G5e,7079,,gutim,404,
429,1940.0264,0.4286,144,86,20,7079,,D6,,,,d,,,,gut_n404_1D6e,7079,,gutim,404,
429,1940.0264,0.1071,144,39,20,7079,,D#2,,,,d,,,,gut_n404_5Ds2t_0,7079,,gutim,404,
429,1940.0264,0.1071,144,47,20,7079,,B2,,,,d,,,,gut_n404_5B2t_0,7079,,gutim,404,
429,1940.0264,0.4286,144,33,20,7079,,A1,,,,D,,,,gut_n404_6A1e,7079,,gutim,404,
429,1940.0264,0.4286,144,41,20,7079,,F2,,,,D,6060,,,gut_n404_6F2e,7079,,gutim,404,
429,1940.1604,0.1071,144,43,16,7080,,G2,,,,,,,,gut_n404_5G2t_0,7080,,gutim,404,
429,1940.2943,0.1071,144,60,12,7081,,C4,,,,,,,,gut_n404_5C4t_0,7081,,gutim,404,
429,1940.4282,0.9643,144,39,8,7082,,D#2,,,,,,,,gut_n404_5Ds2t_1,7082,,gutim,404,
429,1940.4282,0.9643,144,42,8,7082,,F#2,,,,,,,,gut_n404_5Fs2t,7082,,gutim,404,
429,1940.4282,0.9643,144,43,8,7082,,G2,,,,,,,,gut_n404_5G2t_1,7082,,gutim,404,
429,1940.4282,0.9643,144,47,8,7082,,B2,,,,,,,,gut_n404_5B2t_1,7082,,gutim,404,
429,1940.4282,0.9643,144,60,8,7082,,C4,,,,,,,,gut_n404_5C4t_1,7082,,gutim,404,
429,1941.0979,0.2143,144,95,8,7083,,B6,,,,,,,,gut_n404_1B6s,7083,,gutim,404,
429,1941.0979,0.2143,144,45,8,7083,,A2,,,,,,,,gut_n404_6A2s,7083,,gutim,404,
429,1941.3657,0.2143,144,73,8,7084,,C#5,,,,,,,,gut_n404_1Cs5s,7084,,gutim,404,
429,1941.3657,0.2143,144,79,8,7084,,G5,,,,,,,,gut_n404_1G5s,7084,,gutim,404,
429,1941.3657,0.2143,144,86,8,7084,,D6,,,,,,,,gut_n404_1D6s,7084,,gutim,404,
429,1941.3657,0.2143,144,41,8,7084,,F2,,,,,,,,gut_n404_6F2s,7084,,gutim,404,
429,1941.6336000000001,0.1696,144,48,8,7085,,C3,,,,,,,,gut_n404_5C3t,7085,,gutim,404,
429,1941.8094,0.1127,144,68,9,7086,,Ab4,,,,,,,,gut_n404_5Ab4t,7086,,gutim,404,
429,1941.928,0.1127,144,65,10,7087,,F4,,,,,,,,gut_n404_5F4t,7087,,gutim,404,
429,1942.0465000000002,0.1166,144,76,11,7088,,E5,,,,,,,,gut_n404_5E5t,7088,,gutim,404,
429,1942.1693,0.1696,144,65,12,7089,,F4,,,,,,,,gut_n404_1F4s,7089,,gutim,404,
429,1942.1693,0.1696,144,69,12,7089,,A4,,,,,,,,gut_n404_1A4s,7089,,gutim,404,
429,1942.1693,0.1696,144,76,12,7089,,E5,,,,,,,,gut_n404_1E5s,7089,,gutim,404,
429,1942.3479,0.1696,144,58,13,7090,,Bb3,,,,,,,,gut_n404_1Bb3s,7090,,gutim,404,
429,1942.5264,0.1696,144,48,14,7091,,C3,,,,,,,,gut_n404_1C3s,7091,,gutim,404,
,,,,,,,6060,,,,,,,,,,,,gutim,,
,,,,,,,,,,,,,,,,,,430,,,
430,1942.7050000000002,0.2857,144,93,14,7092,,A6,,,,,,,,gut_n405_1A6e,7092,,gutim,405,
430,1942.7050000000002,0.2143,144,44,8,7092,,G#2,,,,,,,,gut_n405_5Gs2s_0,7092,,gutim,405,
430,1942.7050000000002,0.2143,144,52,8,7092,,E3,,,,,,,,gut_n405_5E3s_0,7092,,gutim,405,
430,1942.9729,0.1429,144,33,13,7093,,A1,,,,,,,,gut_n405_5A1s,7093,,gutim,405,
430,1943.0622,0.5714,144,85,15,7094,,C#6,,,,,,,,gut_n405_1Cs6q,7094,,gutim,405,
430,1943.0622,0.5714,144,93,15,7094,,A6,,,,,,,,gut_n405_1A6q,7094,,gutim,405,
430,1943.1514,0.1429,144,62,17,7095,,D4,,,,,,,,gut_n405_5D4s_0,7095,,gutim,405,
430,1943.3300000000002,0.2143,144,44,20,7096,,G#2,,,,d,,,,gut_n405_5Gs2s_1,7096,,gutim,405,
430,1943.3300000000002,0.2143,144,52,20,7096,,E3,,,,d,,,,gut_n405_5E3s_1,7096,,gutim,405,
430,1943.3300000000002,0.2143,144,72,20,7096,,C5,,,,d,,,,gut_n405_5C5s,7096,,gutim,405,
430,1943.5979,0.1429,144,62,20,7097,,D4,,,,d,,,,gut_n405_5D4s_1,7097,,gutim,405,
430,1943.7764,0.8571,144,39,5,7098,,Eb2,,,,d,,,,gut_n405_5Eb2q_0,7098,,gutim,405,
430,1944.015,0.1127,144,76,11,7099,,E5,,,,D,,,,gut_n405_1E5t_0,7099,,gutim,405,
430,1944.1336000000001,0.1127,144,57,14,7100,,A3,,,,,,,,gut_n405_1A3t_0,7100,,gutim,405,
430,1944.2522000000001,0.1127,144,68,16,7101,,G#4,,,,,,,,gut_n405_1Gs4t_0,7101,,gutim,405,
430,1944.3708000000001,0.1127,144,57,19,7102,,A3,,,,,,,,gut_n405_1A3t_1,7102,,gutim,405,
430,1944.4893,0.0949,144,57,22,7103,,A3,,,,,,,,gut_n405_1A3t_2,7103,,gutim,405,
430,1944.4893,0.0949,144,68,22,7103,,G#4,,,,,,,,gut_n405_1Gs4t_1,7103,,gutim,405,
430,1944.4893,0.0949,144,96,22,7103,,C7,,,,,,,,gut_n405_1C7t,7103,,gutim,405,
430,1944.6079,0.1908,144,86,22,7104,,D6,,,,,,,,gut_n405_1D6s,7104,,gutim,405,
430,1944.8465,0.1696,144,68,5,7105,,Ab4,,,,,,,,gut_n405_1Ab4t_0,7105,,gutim,405,
430,1945.0251,0.1127,144,76,5,7106,,E5,,,,,,,,gut_n405_1E5t_1,7106,,gutim,405,
430,1945.1436,0.1127,144,65,5,7107,,F4,,,,,,,,gut_n405_1F4t_0,7107,,gutim,405,
430,1945.2622000000001,0.1127,144,88,5,7108,,E6,,,,,,,,gut_n405_1E6t,7108,,gutim,405,
430,1945.3808000000001,0.1021,144,58,5,7109,,Bb3,,,,,,,,gut_n405_1Bb3t_0,7109,,gutim,405,
430,1945.4882,0.1524,144,65,5,7110,,F4,,,,,,,,gut_n405_1F4t_1,7110,,gutim,405,
430,1945.6487,0.1021,144,58,5,7111,,Bb3,,,,,,,,gut_n405_1Bb3t_1,7111,,gutim,405,
430,1945.7561,0.1524,144,36,5,7112,,C2,,,,,,,,gut_n405_1C2t,7112,,gutim,405,
430,1945.9165,0.1021,144,68,5,7113,,Ab4,,,,,,,,gut_n405_1Ab4t_1,7113,,gutim,405,
430,1946.0239000000001,0.1021,144,65,5,7114,,F4,,,,,,,,gut_n405_1F4t_2,7114,,gutim,405,
430,1946.1314,0.3075,144,88,5,7115,,E6,,,,,,,,gut_n405_1E6s,7115,,gutim,405,
430,1946.9907,0.8571,144,32,5,7116,,Ab1,,,,,,,,gut_n405_5Ab1q,7116,,gutim,405,
430,1946.9907,0.8571,144,39,5,7116,,Eb2,,,,,,,,gut_n405_5Eb2q_1,7116,,gutim,405,
,,,,,,,,,,,,,,,,,,431,,,
431,1948.0622,0.0712,144,45,5,7117,,A2,g,,,,,,,gut_ng406_1A2e,7117,,gutim,406,
431,1948.1372000000001,0.1908,144,88,11,7118,,E6,,,,,,,,gut_n406_1E6t_0,7118,,gutim,406,
431,1948.3381,0.1908,144,80,12,7119,,G#5,,,,,,,,gut_n406_1Gs5t_0,7119,,gutim,406,
431,1948.5389,0.1272,144,57,13,7120,,A3,,,,,,,,gut_n406_1A3t,7120,,gutim,406,
431,1948.6729,0.1021,144,98,14,7121,,D7,,,,,,,,gut_n406_1D7t_0,7121,,gutim,406,
431,1948.7803000000001,0.1021,144,108,15,7122,,C8,,,,,,,,gut_n406_1C8t_0,7122,,gutim,406,
431,1948.8877,0.1021,144,98,16,7123,,D7,,,,,,,,gut_n406_1D7t_1,7123,,gutim,406,
431,1948.9951,0.1021,144,108,16,7124,,C8,,,,,,,,gut_n406_1C8t_1,7124,,gutim,406,
431,1949.1026,0.1007,144,98,17,7125,,D7,,,,,,,,gut_n406_1D7t_2,7125,,gutim,406,
431,1949.2086,0.1908,144,108,18,7126,,C8,,,,,,,,gut_n406_1C8t_2,7126,,gutim,406,
431,1949.4095,0.1908,144,98,19,7127,,D7,,,,,,,,gut_n406_1D7t_3,7127,,gutim,406,
431,1949.6104,0.1272,144,45,20,7128,,A2,,,,d,,,,gut_n406_1A2t,7128,,gutim,406,
431,1949.6104,0.1272,144,80,20,7128,,G#5,,,,d,,,,gut_n406_1Gs5t_1,7128,,gutim,406,
431,1949.6104,0.1272,144,88,20,7128,,E6,,,,d,,,,gut_n406_1E6t_1,7128,,gutim,406,
431,1950.28,0.4286,144,76,5,7129,,E5,,,,d,,,,gut_n406_1E5e,7129,,gutim,406,
431,1950.28,0.4286,144,32,5,7129,,Ab1,,,,d,,,,gut_n406_5Ab1e,7129,,gutim,406,
431,1950.28,0.4286,144,39,5,7129,,Eb2,,,,d,,,,gut_n406_5Eb2e,7129,,gutim,406,
431,1950.8157,0.1071,144,24,5,7130,,C1,,,,d,,,,gut_n406_5C1t,7130,,gutim,406,
431,1950.9497000000001,0.3214,144,57,5,7131,,A3,,,,d,,,,gut_n406_1A3s,7131,,gutim,406,
431,1950.9497000000001,0.3214,144,64,5,7131,,E4,,,,d,,,,gut_n406_1E4s,7131,,gutim,406,
431,1950.9497000000001,0.3214,144,32,5,7131,,Ab1,,,,d,,,,gut_n406_5Ab1s,7131,,gutim,406,
431,1950.9497000000001,0.3214,144,39,5,7131,,Eb2,,,,d,,,,gut_n406_5Eb2s,7131,,gutim,406,
431,1951.3514,0.8571,144,65,22,7132,,F4,,,,d,,,,gut_n406_1F4q,7132,,gutim,406,
431,1952.4229,0.3393,144,91,5,7133,,G6,,,,d,,,,gut_n406_1G6s,7133,,gutim,406,
431,1952.78,0.2266,144,76,5,7134,,E5,,,,d,,,,gut_n406_1E5s,7134,,gutim,406,
431,1953.0186,0.1127,144,84,5,7135,,C6,,,,d,,,,gut_n406_1C6t_0,7135,,gutim,406,
431,1953.1372000000001,0.1127,144,56,5,7136,,G#3,,,,d,,,,gut_n406_1Gs3t_0,7136,,gutim,406,
431,1953.2557,0.1127,144,84,5,7137,,C6,,,,d,,,,gut_n406_1C6t_1,7137,,gutim,406,
431,1953.3743,0.114,144,56,5,7138,,G#3,,,,d,,,,gut_n406_1Gs3t_1,7138,,gutim,406,
,,,,,,,,,,,,,,,,,,432,,,
432,1953.4943,0.2266,144,84,5,7139,,C6,,,,d,,,,gut_n407_1C6s,7139,,gutim,407,
432,1953.7329,0.1127,144,49,5,7140,,C#3,,,,d,,,,gut_n407_1Cs3t,7140,,gutim,407,
432,1953.7329,0.1127,144,56,5,7140,,G#3,,,,d,,,,gut_n407_1Gs3t,7140,,gutim,407,
432,1954.03,0.1021,144,76,14,7141,,E5,,,,D,6061,,,gut_n407_5E5t,7141,,gutim,407,
432,1954.1374,0.1021,144,45,16,7142,,A2,,,,,,,,gut_n407_5A2t_0,7142,,gutim,407,
432,1954.2449000000001,0.1021,144,86,18,7143,,D6,,,,,,,,gut_n407_5D6t_0,7143,,gutim,407,
432,1954.3523,0.1021,144,45,20,7144,,A2,,,,,,,,gut_n407_5A2t_1,7144,,gutim,407,
432,1954.3523,0.1021,144,56,20,7144,,G#3,,,,,,,,gut_n407_5Gs3t_0,7144,,gutim,407,
432,1954.4597,0.1007,144,86,22,7145,,D6,,,,,,,,gut_n407_5D6t_1,7145,,gutim,407,
432,1954.4597,0.1007,144,96,22,7145,,C7,,,,,,,,gut_n407_5C7t,7145,,gutim,407,
432,1954.5657,0.8571,144,45,22,7146,,A2,,,,,,,,gut_n407_5A2q,7146,,gutim,407,
432,1954.5657,0.8571,144,56,22,7146,,G#3,,,,,,,,gut_n407_5Gs3q,7146,,gutim,407,
432,1954.5657,0.8571,144,64,22,7146,,E4,,,,,,,,gut_n407_5E4q_0,7146,,gutim,407,
432,1956.4407,1.0714,144,58,22,7147,,Bb3,,,,,,,,gut_n407_1Bb3s,7147,,gutim,407,
432,1956.4407,1.0714,144,65,22,7147,,F4,,,,,,,,gut_n407_1F4s,7147,,gutim,407,
432,1956.7086,1.2857,144,64,22,7148,,E4,,,,,,,,gut_n407_5E4q_1,7148,,gutim,407,
432,1958.3157,0.0714,144,56,22,7149,,G#3,,,,,,,,gut_n407_5Gs3t_1,7149,,gutim,407,
432,1958.3157,0.0714,144,64,22,7149,,E4,,,,,,,,gut_n407_5E4t_0,7149,,gutim,407,
432,1958.405,0.6429,144,33,22,7150,,A1,,,,,,,,gut_n407_5A1t,7150,,gutim,407,
432,1958.405,0.0714,144,56,22,7150,,G#3,,,,,,,,gut_n407_5Gs3t_2,7150,,gutim,407,
432,1958.405,0.0714,144,64,22,7150,,E4,,,,,,,,gut_n407_5E4t_1,7150,,gutim,407,
,,,,,,,,,,,,,,,,,,433,,,
433,1958.8514,0.2857,144,58,20,7151,,Bb3,,,,,,,,gut_n408_1Bb3e,7151,,gutim,408,
433,1958.8514,0.2857,144,65,20,7151,,F4,,,,,,,,gut_n408_1F4e,7151,,gutim,408,
433,1959.2086,0.0714,144,96,20,7152,,C7,,,,,,,,gut_n408_1C7t,7152,,gutim,408,
433,1959.2086,0.1429,144,33,20,7152,,A1,,,,,,,,gut_n408_5A1s,7152,,gutim,408,
433,1959.2979,0.0714,144,74,20,7153,,D5,,,,,,,,gut_n408_1D5t,7153,,gutim,408,
433,1959.3086,0.06,144,21,17,7154,,A0,g,,,,,,,gut_ng408_5A0e,7154,,gutim,408,
433,1959.3836000000001,0.06,144,62,16,7155,,D4,g,,,,,,,gut_ng408_5D4e,7155,,gutim,408,
433,1959.4586,0.1696,144,40,14,7156,,E2,,,,,,,,gut_n408_5E2s,7156,,gutim,408,
433,1959.6372000000001,0.1696,144,21,11,7157,,A0,,,,,,,,gut_n408_5A0s_0,7157,,gutim,408,
433,1959.6372000000001,0.1696,144,32,11,7157,,G#1,,,,,,,,gut_n408_5Gs1s_0,7157,,gutim,408,
433,1959.8157,1.0,144,62,8,7158,,D4,,,,,,,,gut_n408_1D4s,7158,,gutim,408,
433,1959.8157,1.0,144,72,8,7158,,C5,,,,,,,,gut_n408_1C5s,7158,,gutim,408,
433,1959.8157,1.0,144,21,8,7158,,A0,,,,,,,,gut_n408_5A0s_1,7158,,gutim,408,
433,1959.8157,1.0,144,32,8,7158,,G#1,,,,,,,,gut_n408_5Gs1s_1,7158,,gutim,408,
,,,,,,,6061,,,,,,,,,,,,gutim,,
433,1960.9907,0.0712,144,79,8,7159,,G5,g,,,d,,,,gut_ng408_1G5e_0,7159,,gutim,408,
433,1961.0657,2.0357,144,72,8,7160,,C5,,,,d,,,,gut_n408_1C5h,7160,,gutim,408,
433,1961.0657,0.6786,144,41,5,7160,,F2,,,,d,,,,gut_n408_5F2q,7160,,gutim,408,
433,1961.78,0.8482,144,41,5,7161,,F2,,,,d,,,,gut_n408_5F2e_0,7161,,gutim,408,
433,1961.78,0.8482,144,49,5,7161,,Db3,,,,d,,,,gut_n408_5Db3e_0,7161,,gutim,408,
433,1962.6729,0.5089,144,37,8,7162,,Db2,,,,d,,,,gut_n408_5Db2e,7162,,gutim,408,
433,1963.5657,0.1429,144,70,22,7163,,Bb4,,,,d,,,,gut_n408_1Bb4s,7163,,gutim,408,
433,1963.5657,0.1429,144,42,22,7163,,F#2,,,,d,,,,gut_n408_5Fs2s,7163,,gutim,408,
433,1963.5657,0.1429,144,55,22,7163,,G3,,,,d,,,,gut_n408_5G3s,7163,,gutim,408,
433,1963.6693,0.06,144,79,8,7164,,G5,g,,,d,,,,gut_ng408_1G5e_1,7164,,gutim,408,
433,1963.7443,0.2545,144,52,8,7165,,E3,,,,d,,,,gut_n408_5E3s,7165,,gutim,408,
433,1964.0122000000001,0.0848,144,44,8,7166,,G#2,,,,d,,,,gut_n408_5Gs2t,7166,,gutim,408,
433,1964.1014,0.1429,144,88,14,7167,,E6,,,,d,,,,gut_n408_1E6s,7167,,gutim,408,
433,1964.1014,0.1429,144,48,14,7167,,C3,,,,d,,,,gut_n408_5C3s,7167,,gutim,408,
,,,,,,,,,,,,,,,,,,434,,,
434,1964.28,0.2143,144,77,14,7168,,F5,,,,d,,,,gut_n409_1F5s,7168,,gutim,409,
434,1964.28,0.2143,144,88,14,7168,,E6,,,,d,,,,gut_n409_1E6s,7168,,gutim,409,
434,1964.28,0.1071,144,58,14,7168,,Bb3,,,,d,,,,gut_n409_5Bb3t_0,7168,,gutim,409,
434,1964.4139,0.1071,144,40,14,7169,,E2,,,,d,,,,gut_n409_5E2t,7169,,gutim,409,
434,1964.5479,0.2143,144,85,14,7170,,C#6,,,,d,,,,gut_n409_1Cs6s,7170,,gutim,409,
434,1964.5479,0.2143,144,93,14,7170,,A6,,,,d,,,,gut_n409_1A6s,7170,,gutim,409,
434,1964.5479,0.1071,144,52,14,7170,,E3,,,,d,,,,gut_n409_5E3t,7170,,gutim,409,
434,1964.5479,0.1071,144,58,14,7170,,Bb3,,,,d,,,,gut_n409_5Bb3t_1,7170,,gutim,409,
434,1964.6818,0.1071,144,65,14,7171,,F4,,,,d,,,,gut_n409_5F4t,7171,,gutim,409,
434,1965.1729,0.1429,144,70,14,7172,,Bb4,,,,d,,,,gut_n409_1Bb4s,7172,,gutim,409,
434,1965.3514,0.2857,144,58,24,7173,,Bb3,,,,d,,,,gut_n409_1Bb3e_0,7173,,gutim,409,
434,1965.3514,0.2857,144,65,24,7173,,F4,,,,d,,,,gut_n409_1F4e_0,7173,,gutim,409,
434,1965.3514,0.2857,144,36,24,7173,,C2,,,,d,,,,gut_n409_5C2e_0,7173,,gutim,409,
434,1965.7086,0.4286,144,70,24,7174,,Bb4,,,,D,,,,gut_n409_1Bb4e_0,7174,,gutim,409,
434,1965.7086,0.4286,144,42,24,7174,,F#2,,,,d,,,,gut_n409_5Fs2e_0,7174,,gutim,409,
434,1965.7086,0.4286,144,55,24,7174,,G3,,,,d,,,,gut_n409_5G3e,7174,,gutim,409,
434,1966.2443,0.0446,144,58,24,7175,,Bb3,,,,,,,,gut_n409_1Bb3t,7175,,gutim,409,
434,1966.2443,0.0714,144,65,24,7175,,F4,,,,,,,,gut_n409_1F4t,7175,,gutim,409,
434,1966.2443,0.0446,144,36,24,7175,,C2,,,,,,,,gut_n409_5C2t,7175,,gutim,409,
434,1966.4229,0.3806,144,58,20,7176,,Bb3,,,,,,,,gut_n409_1Bb3e_1,7176,,gutim,409,
434,1966.4229,0.3806,144,65,20,7176,,F4,,,,,,,,gut_n409_1F4e_1,7176,,gutim,409,
434,1966.4229,0.3806,144,70,20,7176,,Bb4,,,,,,,,gut_n409_1Bb4e_1,7176,,gutim,409,
434,1966.4229,0.4286,144,36,20,7176,,C2,,,,,,,,gut_n409_5C2e_1,7176,,gutim,409,
434,1966.4229,0.4286,144,42,20,7176,,F#2,,,,,,,,gut_n409_5Fs2e_1,7176,,gutim,409,
434,1967.0172,0.1127,144,89,8,7177,,F6,,e,,d,,,,gut_n409_1F6t_0,7177,,gutim,409,
434,1967.1358,0.1127,144,68,11,7178,,Ab4,,e,,d,,,,gut_n409_1Ab4t,7178,,gutim,409,
434,1967.2543,0.1127,144,82,11,7179,,Bb5,,e,,d,,,,gut_n409_1Bb5t_0,7179,,gutim,409,
434,1967.3729,0.1127,144,72,8,7180,,C5,,e,,d,,,,gut_n409_1C5t_0,7180,,gutim,409,
434,1967.4915,0.1127,144,56,8,7181,,Ab3,,e,,d,,,,gut_n409_1Ab3t_0,7181,,gutim,409,
434,1967.4943,0.5714,144,44,8,7182,,Ab2,,e,,d,,,,gut_n409_5Ab2q,7182,,gutim,409,
434,1967.4943,0.5714,144,52,8,7182,,E3,,e,,d,,,,gut_n409_5E3q,7182,,gutim,409,
434,1967.6101,0.1127,144,82,8,7183,,Bb5,,e,,d,,,,gut_n409_1Bb5t_1,7183,,gutim,409,
434,1967.7287000000001,0.1127,144,72,8,7184,,C5,,e,,d,,,,gut_n409_1C5t_1,7184,,gutim,409,
434,1967.8473000000001,0.1696,144,56,8,7185,,Ab3,,E,6062,D,6062,,,gut_n409_1Ab3t_1,7185,,gutim,409,
434,1968.0258000000001,0.1696,144,60,8,7186,,C4,,,,,,,,gut_n409_1C4t,7186,,gutim,409,
434,1968.2044,0.0949,144,77,8,7187,,F5,,,,,,,,gut_n409_1F5t,7187,,gutim,409,
434,1968.2086,0.2857,144,72,11,7188,,C5,,,,,,,,gut_n409_5C5e,7188,,gutim,409,
434,1968.2086,0.2857,144,79,11,7188,,G5,,,,,,,,gut_n409_5G5e,7188,,gutim,409,
434,1968.323,0.0949,144,44,8,7189,,Ab2,,,,,,,,gut_n409_1Ab2t_0,7189,,gutim,409,
434,1968.4416,0.1127,144,82,8,7190,,Bb5,,,,,,,,gut_n409_1Bb5t_2,7190,,gutim,409,
434,1968.5602000000001,0.1696,144,89,8,7191,,F6,,,,,,,,gut_n409_1F6t_1,7191,,gutim,409,
434,1968.5657,0.3806,144,44,11,7192,,G#2,,,,,,,,gut_n409_5Gs2e,7192,,gutim,409,
434,1968.5657,0.3806,144,52,11,7192,,E3,,,,,,,,gut_n409_5E3e,7192,,gutim,409,
434,1968.7387,0.1127,144,82,8,7193,,Bb5,,,,,,,,gut_n409_1Bb5t_3,7193,,gutim,409,
434,1968.8573000000001,0.1127,144,44,8,7194,,Ab2,,,,,,,,gut_n409_1Ab2t_1,7194,,gutim,409,
434,1968.9759000000001,0.1127,144,82,8,7195,,Bb5,,,,,,,,gut_n409_1Bb5t_4,7195,,gutim,409,
434,1969.0945000000002,0.1127,144,48,8,7196,,C3,,,,,,,,gut_n409_1C3t,7196,,gutim,409,
434,1969.2131,0.1127,144,100,8,7197,,E7,,,,,,,,gut_n409_1E7t_0,7197,,gutim,409,
434,1969.3316,0.1696,144,82,8,7198,,Bb5,,,,,,,,gut_n409_1Bb5t_5,7198,,gutim,409,
434,1969.5102,0.1206,144,100,8,7199,,E7,,,,,,,,gut_n409_1E7t_1,7199,,gutim,409,
434,1969.5172,0.096,144,37,11,7200,,C#2,,,,,,,,gut_n409_5Cs2t,7200,,gutim,409,
434,1969.5172,0.096,144,44,11,7200,,G#2,,,,,,,,gut_n409_5Gs2t,7200,,gutim,409,
,,,,,,,,,,,,,,,,,,435,,,
435,1969.6372000000001,0.06,144,76,24,7201,,E5,g,,,,,,,gut_ng410_5E5e,7201,,gutim,410,
435,1969.7122,0.2143,144,58,24,7202,,Bb3,,,,,,,,gut_n410_1Bb3s,7202,,gutim,410,
435,1969.7122,0.2143,144,35,24,7202,,B1,,,,,,,,gut_n410_5B1s_0,7202,,gutim,410,
435,1969.7122,0.2143,144,38,24,7202,,D2,,,,,,,,gut_n410_5D2s_0,7202,,gutim,410,
,,,,,,,6062,,,,,,,,,,,,gutim,,
435,1969.98,0.2857,144,58,24,7203,,Bb3,,,,,,,,gut_n410_1Bb3e_0,7203,,gutim,410,
435,1969.98,0.2857,144,30,24,7203,,F#1,,,,,,,,gut_n410_5Fs1e_0,7203,,gutim,410,
435,1969.98,0.2857,144,35,24,7203,,B1,,,,,,,,gut_n410_5B1e_0,7203,,gutim,410,
435,1969.98,0.2857,144,38,24,7203,,D2,,,,,,,,gut_n410_5D2e_0,7203,,gutim,410,
435,1970.4264,0.1786,144,58,22,7204,,Bb3,,,,,,,,gut_n410_1Bb3e_1,7204,,gutim,410,
435,1970.4264,0.2857,144,65,22,7204,,F4,,,,,,,,gut_n410_1F4e_0,7204,,gutim,410,
435,1970.4264,0.2857,144,70,22,7204,,Bb4,,,,,,,,gut_n410_1Bb4e_0,7204,,gutim,410,
435,1970.4264,0.1786,144,36,22,7204,,C2,,,,,,,,gut_n410_5C2e,7204,,gutim,410,
435,1970.4264,0.2857,144,42,22,7204,,F#2,,,,,,,,gut_n410_5Fs2e,7204,,gutim,410,
435,1970.7836,0.2545,144,83,8,7205,,B5,,,,,,,,gut_n410_1B5s_0,7205,,gutim,410,
435,1971.0514,0.1696,144,33,10,7206,,A1,,,,,,,,gut_n410_1A1s,7206,,gutim,410,
435,1971.23,0.0848,144,43,11,7207,,G2,,,,,,,,gut_n410_1G2t_0,7207,,gutim,410,
435,1971.3193,0.2545,144,75,12,7208,,Eb5,,,,,,,,gut_n410_1Eb5s,7208,,gutim,410,
435,1971.5872,0.2545,144,83,13,7209,,B5,,,,,,,,gut_n410_1B5s_1,7209,,gutim,410,
435,1971.5872,0.067,144,30,22,7209,,F#1,,,,,,,,gut_n410_5Fs1s,7209,,gutim,410,
435,1971.5872,0.2143,144,35,22,7209,,B1,,,,,,,,gut_n410_5B1s_1,7209,,gutim,410,
435,1971.5872,0.2143,144,38,22,7209,,D2,,,,,,,,gut_n410_5D2s_1,7209,,gutim,410,
435,1971.855,0.0848,144,33,15,7210,,A1,,,,,,,,gut_n410_1A1t_0,7210,,gutim,410,
435,1971.9443,0.0848,144,43,16,7211,,G2,,,,,,,,gut_n410_1G2t_1,7211,,gutim,410,
435,1972.0336,0.0848,144,75,16,7212,,Eb5,,,,,,,,gut_n410_1Eb5t_0,7212,,gutim,410,
435,1972.1229,0.0848,144,88,17,7213,,E6,,,,,,,,gut_n410_1E6t_0,7213,,gutim,410,
435,1972.1229,0.0714,144,33,14,7213,,A1,,,,,,,,gut_n410_5A1t,7213,,gutim,410,
435,1972.1229,0.0714,144,43,14,7213,,G2,,,,,,,,gut_n410_5G2t,7213,,gutim,410,
435,1972.2122,0.1272,144,75,17,7214,,Eb5,,,,,,,,gut_n410_1Eb5t_1,7214,,gutim,410,
435,1972.3461,0.1272,144,83,18,7215,,B5,,,,,,,,gut_n410_1B5t,7215,,gutim,410,
435,1972.48,0.1272,144,33,19,7216,,A1,,,,,,,,gut_n410_1A1t_1,7216,,gutim,410,
435,1972.6139,0.1272,144,88,20,7217,,E6,,,,d,,,,gut_n410_1E6t_1,7217,,gutim,410,
435,1972.7479,0.1429,144,43,20,7218,,G2,,,,d,,,,gut_n410_1G2s,7218,,gutim,410,
435,1972.7479,0.0446,144,36,22,7218,,C2,,,,d,,,,gut_n410_5C2s,7218,,gutim,410,
435,1972.7479,0.1429,144,42,22,7218,,F#2,,,,d,,,,gut_n410_5Fs2s,7218,,gutim,410,
435,1972.7479,0.1429,144,59,22,7218,,B3,,,,d,,,,gut_n410_5B3s,7218,,gutim,410,
435,1972.7479,0.1429,144,65,22,7218,,F4,,,,d,,,,gut_n410_5F4s,7218,,gutim,410,
435,1972.7479,0.1429,144,70,22,7218,,Bb4,,,,d,,,,gut_n410_5Bb4s,7218,,gutim,410,
435,1972.9264,1.5268,144,30,17,7219,,F#1,,,,d,,,,gut_n410_5Fs1q,7219,,gutim,410,
435,1972.9264,1.2857,144,35,17,7219,,B1,,,,d,,,,gut_n410_5B1q,7219,,gutim,410,
435,1972.9264,1.2857,144,38,17,7219,,D2,,,,d,,,,gut_n410_5D2q,7219,,gutim,410,
435,1972.9264,1.2857,144,58,17,7219,,Bb3,,,,d,,,,gut_n410_5Bb3q,7219,,gutim,410,
435,1973.6407000000002,0.3393,144,36,22,7220,,C2,,,,d,,,,gut_n410_1C2e,7220,,gutim,410,
435,1973.6407000000002,0.2857,144,42,22,7220,,F#2,,,,d,,,,gut_n410_1Fs2e,7220,,gutim,410,
435,1973.6407000000002,0.2857,144,58,22,7220,,Bb3,,,,d,,,,gut_n410_1Bb3e_2,7220,,gutim,410,
435,1973.6407000000002,0.2857,144,65,22,7220,,F4,,,,d,,,,gut_n410_1F4e_1,7220,,gutim,410,
435,1973.6407000000002,0.2857,144,70,22,7220,,Bb4,,,,d,,,,gut_n410_1Bb4e_1,7220,,gutim,410,
435,1974.5336,0.8571,144,30,11,7221,,F#1,,,,D,,,,gut_n410_5Fs1e_1,7221,,gutim,410,
435,1974.5336,0.8571,144,35,11,7221,,B1,,,,D,,,,gut_n410_5B1e_1,7221,,gutim,410,
435,1974.5336,0.8571,144,38,11,7221,,D2,,,,D,,,,gut_n410_5D2e_1,7221,,gutim,410,
435,1974.5336,0.8571,144,58,11,7221,,Bb3,,,,D,6063,,,gut_n410_5Bb3e,7221,,gutim,410,
,,,,,,,,,,,,,,,,,,436,,,
436,1975.605,0.4286,144,30,10,7222,,F#1,,,,,,,,gut_n411_5Fs1e_1,7222,,gutim,411,
436,1975.605,0.4286,144,35,10,7222,,B1,,,,,,,,gut_n411_5B1e_1,7222,,gutim,411,
436,1975.605,0.4286,144,38,10,7222,,D2,,,,,,,,gut_n411_5D2e_1,7222,,gutim,411,
436,1975.605,0.4286,144,58,10,7222,,Bb3,,,,,,,,gut_n411_5Bb3e_1,7222,,gutim,411,
,,,,,,,6063,,,,,,,,,,,,gutim,,
436,1976.1407000000002,0.1127,144,32,8,7223,,Ab1,,e,,,,,,gut_n411_5Ab1t_0,7223,,gutim,411,
436,1976.2593,0.1127,144,53,8,7224,,F3,,e,,,,,,gut_n411_5F3t_0,7224,,gutim,411,
436,1976.3779,0.1127,144,36,9,7225,,C2,,e,,,,,,gut_n411_5C2t_0,7225,,gutim,411,
436,1976.4965,0.1127,144,32,9,7226,,Ab1,,e,,,,,,gut_n411_5Ab1t_1,7226,,gutim,411,
436,1976.6151,0.1127,144,53,10,7227,,F3,,e,,,,,,gut_n411_5F3t_1,7227,,gutim,411,
436,1976.7336,0.1127,144,36,10,7228,,C2,,e,,,,,,gut_n411_5C2t_1,7228,,gutim,411,
436,1976.8522,0.1696,144,32,11,7229,,Ab1,,E,6064,,,,,gut_n411_5Ab1t_2,7229,,gutim,411,
436,1977.0308,0.1696,144,36,11,7230,,C2,,,,,,,,gut_n411_5C2t_2,7230,,gutim,411,
436,1977.2094,0.1127,144,53,12,7231,,F3,,,,,,,,gut_n411_5F3t_2,7231,,gutim,411,
436,1977.328,0.1127,144,36,12,7232,,C2,,,,,,,,gut_n411_5C2t_3,7232,,gutim,411,
436,1977.4465,0.1127,144,65,13,7233,,F4,,,,,,,,gut_n411_5F4t,7233,,gutim,411,
436,1977.5651,0.1696,144,32,13,7234,,Ab1,,,,,,,,gut_n411_5Ab1t_3,7234,,gutim,411,
436,1977.7437,0.1696,144,36,14,7235,,C2,,,,,,,,gut_n411_5C2t_4,7235,,gutim,411,
436,1977.9223,0.2857,144,65,14,7236,,F4,,,,,,,,gut_n411_5F4s,7236,,gutim,411,
436,1978.2794000000001,0.2857,144,46,14,7237,,Bb2,,,,,,,,gut_n411_5Bb2e,7237,,gutim,411,
436,1978.2836,1.2857,144,51,20,7238,,Eb3,,,,,,,,gut_n411_1Eb3q,7238,,gutim,411,
436,1978.6365,0.2857,144,76,14,7239,,E5,,,,,,,,gut_n411_5E5e,7239,,gutim,411,
436,1979.5294000000001,0.0714,144,59,14,7240,,B3,,,,,,,,gut_n411_5B3t_0,7240,,gutim,411,
436,1979.6187,0.0714,144,88,14,7241,,E6,,,,,,,,gut_n411_5E6t,7241,,gutim,411,
436,1979.708,0.0714,144,47,13,7242,,B2,,,,,,,,gut_n411_5B2t_0,7242,,gutim,411,
436,1979.7973,0.0714,144,100,13,7243,,E7,,,,,,,,gut_n411_5E7t,7243,,gutim,411,
436,1979.8865,0.1071,144,59,12,7244,,B3,,,,,,,,gut_n411_5B3t_1,7244,,gutim,411,
436,1980.0205,0.1071,144,82,12,7245,,A#5,,,,,,,,gut_n411_5As5t,7245,,gutim,411,
436,1980.1544000000001,0.0848,144,42,11,7246,,F#2,,,,,,,,gut_n411_5Fs2t,7246,,gutim,411,
436,1980.1544000000001,0.0848,144,47,11,7246,,B2,,,,,,,,gut_n411_5B2t_1,7246,,gutim,411,
436,1980.2437,0.1736,144,50,11,7247,,D3,,,,,,,,gut_n411_5D3s,7247,,gutim,411,
,,,,,,,,,,,,,,,,,,437,,,
437,1980.4264,0.1272,144,42,10,7248,,F#2,,,,,,,,gut_n412_5Fs2t_0,7248,,gutim,412,
437,1980.5604,0.2545,144,82,10,7249,,A#5,,,,,,,,gut_n412_1As5s,7249,,gutim,412,
437,1980.5604,0.1272,144,47,10,7249,,B2,,,,,,,,gut_n412_5B2t_0,7249,,gutim,412,
437,1980.6943,0.1272,144,42,9,7250,,F#2,,,,,,,,gut_n412_5Fs2t_1,7250,,gutim,412,
437,1980.6943,0.1272,144,50,9,7250,,D3,,,,,,,,gut_n412_5D3t,7250,,gutim,412,
437,1980.8282000000002,0.1272,144,88,9,7251,,E6,,,,,,,,gut_n412_1E6t_0,7251,,gutim,412,
437,1980.8282000000002,0.1272,144,47,9,7251,,B2,,,,,,,,gut_n412_5B2t_1,7251,,gutim,412,
437,1980.9622,0.1696,144,42,8,7252,,F#2,,,,,,,,gut_n412_5Fs2s_0,7252,,gutim,412,
437,1980.9622,0.1696,144,50,8,7252,,D3,,,,,,,,gut_n412_5D3s_0,7252,,gutim,412,
437,1981.1407000000002,0.2857,144,82,8,7253,,A#5,,,,,,,,gut_n412_1As5e_0,7253,,gutim,412,
437,1981.1407000000002,0.2857,144,88,8,7253,,E6,,,,,,,,gut_n412_1E6e_0,7253,,gutim,412,
437,1981.1407000000002,0.1696,144,47,8,7253,,B2,,,,,,,,gut_n412_5B2s_0,7253,,gutim,412,
437,1981.3193,0.1429,144,42,8,7254,,F#2,,,,,,,,gut_n412_5Fs2s_1,7254,,gutim,412,
437,1981.3193,0.1429,144,47,8,7254,,B2,,,,,,,,gut_n412_5B2s_1,7254,,gutim,412,
437,1981.3193,0.1429,144,50,8,7254,,D3,,,,,,,,gut_n412_5D3s_1,7254,,gutim,412,
437,1982.2122,0.2857,144,82,8,7255,,A#5,,,,,,,,gut_n412_1As5e_1,7255,,gutim,412,
437,1982.2122,0.2857,144,88,8,7255,,E6,,,,,,,,gut_n412_1E6e_1,7255,,gutim,412,
437,1982.2122,0.2857,144,42,8,7255,,F#2,,,,,,,,gut_n412_5Fs2e_0,7255,,gutim,412,
437,1982.2122,0.2857,144,47,8,7255,,B2,,,,,,,,gut_n412_5B2e_0,7255,,gutim,412,
437,1982.2122,0.2857,144,50,8,7255,,D3,,,,,,,,gut_n412_5D3e_0,7255,,gutim,412,
437,1982.9264,0.2857,144,70,8,7256,,A#4,,,,d,,,,gut_n412_1As4e,7256,,gutim,412,
437,1982.9264,0.2857,144,76,8,7256,,E5,,,,d,,,,gut_n412_1E5e,7256,,gutim,412,
437,1982.9264,0.2857,144,42,8,7256,,F#2,,,,d,,,,gut_n412_5Fs2e_1,7256,,gutim,412,
437,1982.9264,0.2857,144,47,8,7256,,B2,,,,d,,,,gut_n412_5B2e_1,7256,,gutim,412,
437,1982.9264,0.2857,144,50,8,7256,,D3,,,,d,,,,gut_n412_5D3e_1,7256,,gutim,412,
437,1983.2836,0.5714,144,71,20,7257,,B4,,,,d,,,,gut_n412_1B4e_0,7257,,gutim,412,
437,1983.2836,0.5714,144,51,20,7257,,Eb3,,,,d,,,,gut_n412_5Eb3e_0,7257,,gutim,412,
437,1983.6407000000002,0.2857,144,58,22,7258,,Bb3,,,,d,,,,gut_n412_1Bb3e_0,7258,,gutim,412,
437,1983.6407000000002,0.2857,144,65,22,7258,,F4,,,,d,,,,gut_n412_1F4e_0,7258,,gutim,412,
437,1983.6407000000002,0.2857,144,68,22,7258,,G#4,,,,d,,,,gut_n412_1Gs4e_0,7258,,gutim,412,
437,1983.6407000000002,0.2857,144,36,22,7258,,C2,,,,d,,,,gut_n412_5C2e_0,7258,,gutim,412,
437,1983.9979,0.2857,144,71,20,7259,,B4,,,,d,,,,gut_n412_1B4e_2,7259,,gutim,412,
437,1983.9979,0.2857,144,21,20,7259,,A0,,,,d,,,,gut_n412_5A0e,7259,,gutim,412,
437,1984.355,0.0714,144,88,20,7260,,E6,,,,d,,,,gut_n412_1E6t_1,7260,,gutim,412,
437,1984.355,0.0714,144,21,20,7260,,A0,,,,d,,,,gut_n412_5A0t,7260,,gutim,412,
437,1984.4443,0.2143,144,88,20,7261,,E6,,,,d,,,,gut_n412_1E6s,7261,,gutim,412,
437,1984.4443,0.2143,144,21,20,7261,,A0,,,,d,,,,gut_n412_5A0s,7261,,gutim,412,
437,1984.4443,0.2143,144,31,20,7261,,G1,,,,d,,,,gut_n412_5G1s,7261,,gutim,412,
437,1984.7122,0.2857,144,58,22,7262,,Bb3,,,,d,,,,gut_n412_1Bb3e_1,7262,,gutim,412,
437,1984.7122,0.2857,144,65,22,7262,,F4,,,,d,,,,gut_n412_1F4e_1,7262,,gutim,412,
437,1984.7122,0.2857,144,68,22,7262,,G#4,,,,d,,,,gut_n412_1Gs4e_1,7262,,gutim,412,
437,1984.7122,0.2857,144,36,22,7262,,C2,,,,d,,,,gut_n412_5C2e_1,7262,,gutim,412,
437,1985.0693,0.4286,144,100,22,7263,,E7,,,,d,,,,gut_n412_1E7e,7263,,gutim,412,
437,1985.605,0.1429,144,70,8,7264,,A#4,,,,d,,,,gut_n412_1As4s,7264,,gutim,412,
437,1985.605,0.1429,144,76,8,7264,,E5,,,,d,,,,gut_n412_1E5s,7264,,gutim,412,
437,1985.605,0.1429,144,42,8,7264,,F#2,,,,d,,,,gut_n412_5Fs2s_2,7264,,gutim,412,
437,1985.605,0.1429,144,47,8,7264,,B2,,,,d,,,,gut_n412_5B2s_2,7264,,gutim,412,
437,1985.605,0.1429,144,50,8,7264,,D3,,,,d,,,,gut_n412_5D3s_2,7264,,gutim,412,
,,,,,,,,,,,,,,,,,,438,,,
438,1985.7836,0.4286,144,71,8,7265,,B4,,,,d,,,,gut_n413_1B4e_0,7265,,gutim,413,
438,1986.3193,0.4286,144,95,22,7266,,B6,,,,d,,,,gut_n413_1B6e,7266,,gutim,413,
438,1986.3193,0.4286,144,45,22,7266,,A2,,,,d,,,,gut_n413_5A2e,7266,,gutim,413,
438,1986.3193,0.4286,144,53,22,7266,,F3,,,,d,,,,gut_n413_5F3e,7266,,gutim,413,
438,1986.7050000000002,0.06,144,51,20,7267,,D#3,g,,,d,,,,gut_ng413_5Ds3e,7267,,gutim,413,
438,1986.78,0.06,144,88,19,7268,,E6,g,,,d,,,,gut_ng413_5E6e,7268,,gutim,413,
438,1986.855,0.2567,144,51,19,7269,,D#3,,,,D,,,,gut_n413_5Ds3s_0,7269,,gutim,413,
438,1986.855,0.2567,144,59,19,7269,,B3,,,,D,6064,,,gut_n413_5B3s,7269,,gutim,413,
438,1987.1759,0.1719,144,51,17,7270,,D#3,,,,,,,,gut_n413_5Ds3s_1,7270,,gutim,413,
438,1987.3907000000002,0.3393,144,71,15,7271,,B4,,,,,,,,gut_n413_1B4e_1,7271,,gutim,413,
438,1987.5693,0.1696,144,33,14,7272,,A1,,,,,,,,gut_n413_5A1s_0,7272,,gutim,413,
438,1987.7479,0.1696,144,76,13,7273,,E5,,,,,,,,gut_n413_1E5s_0,7273,,gutim,413,
438,1987.7479,0.1696,144,21,13,7273,,A0,,,,,,,,gut_n413_5A0s,7273,,gutim,413,
438,1987.9264,0.3393,144,71,12,7274,,B4,,,,,,,,gut_n413_1B4e_2,7274,,gutim,413,
438,1988.105,0.0848,144,33,10,7275,,A1,,,,,,,,gut_n413_5A1t,7275,,gutim,413,
438,1988.1943,0.0848,144,43,10,7276,,G2,,,,,,,,gut_n413_5G2t,7276,,gutim,413,
438,1988.2836,0.1696,144,33,9,7277,,A1,,,,,,,,gut_n413_5A1s_1,7277,,gutim,413,
438,1988.4622,0.1429,144,76,8,7278,,E5,,,,,,,,gut_n413_1E5s_1,7278,,gutim,413,
438,1988.4622,0.1696,144,33,8,7278,,A1,,,,,,,,gut_n413_5A1s_2,7278,,gutim,413,
438,1988.6407000000002,0.1696,144,43,8,7279,,G2,,,,,,,,gut_n413_5G2s,7279,,gutim,413,
,,,,,,,6064,,,,,,,,,,,,gutim,,
438,1989.5922,0.0949,144,77,8,7280,,F5,,,,,,,,gut_n413_5F5t,7280,,gutim,413,
438,1989.7108,0.0949,144,44,8,7281,,Ab2,,,,,,,,gut_n413_5Ab2t,7281,,gutim,413,
438,1989.8293,0.0949,144,48,8,7282,,C3,,,,,,,,gut_n413_5C3t,7282,,gutim,413,
438,1989.9479000000001,0.0971,144,89,8,7283,,F6,,,,,,,,gut_n413_5F6t,7283,,gutim,413,
,,,,,,,,,,,,,,,,,,439,,,
439,1991.1407000000002,0.3393,144,71,8,7284,,B4,,,,d,,t,,gut_n414_1B4e,7284,,gutim,414,
439,1991.1407000000002,0.5714,144,63,20,7284,,Eb4,,,,d,,,,gut_n414_5Eb4q,7284,,gutim,414,
439,1991.4979,0.3393,144,86,8,7285,,D6,,,,d,,,,gut_n414_1D6e_0,7285,,gutim,414,
439,1991.855,0.2857,144,86,24,7286,,D6,,,,d,,,,gut_n414_1D6e_1,7286,,gutim,414,
439,1991.855,0.1429,144,70,24,7286,,Bb4,,,,d,,,,gut_n414_5Bb4s_0,7286,,gutim,414,
439,1992.0336,0.1429,144,42,24,7287,,F#2,,,,d,,,,gut_n414_5Fs2s,7287,,gutim,414,
439,1992.0336,0.1429,144,48,24,7287,,C3,,,,d,,,,gut_n414_5C3s,7287,,gutim,414,
439,1992.0336,0.1429,144,55,24,7287,,G3,,,,d,,,,gut_n414_5G3s_0,7287,,gutim,414,
439,1992.2122,0.4286,144,63,17,7288,,Eb4,,,,d,,t,,gut_n414_5Eb4e,7288,,gutim,414,
439,1992.7479,0.1429,144,63,17,7289,,Eb4,,,,D,,,,gut_n414_5Eb4s_0,7289,,gutim,414,
439,1992.9264,0.2143,144,83,16,7290,,B5,,,,,,,,gut_n414_5B5s,7290,,gutim,414,
439,1993.1943,0.0714,144,88,14,7291,,E6,,,,,,,,gut_n414_5E6t_0,7291,,gutim,414,
439,1993.2836,0.0714,144,45,13,7292,,A2,,,,,,t,,gut_n414_5A2t_0,7292,,gutim,414,
439,1993.3729,0.0714,144,88,13,7293,,E6,,,,,,,,gut_n414_5E6t_1,7293,,gutim,414,
439,1993.4622,0.0714,144,45,12,7294,,A2,,,,,,,,gut_n414_5A2t_1,7294,,gutim,414,
439,1993.5514,0.0714,144,88,12,7295,,E6,,,,,,,,gut_n414_5E6t_2,7295,,gutim,414,
439,1993.6407000000002,0.1429,144,45,11,7296,,A2,,,,,,,,gut_n414_1A2s,7296,,gutim,414,
439,1993.6407000000002,0.1429,144,88,11,7296,,E6,,,,d,,,,gut_n414_5E6s,7296,,gutim,414,
439,1993.8193,0.0714,144,79,20,7297,,G5,,,,d,,,,gut_n414_1G5t_0,7297,,gutim,414,
439,1993.8193,0.0714,144,93,14,7297,,A6,,,,d,,,,gut_n414_1A6t,7297,,gutim,414,
439,1993.8193,0.2143,144,55,24,7297,,G3,,,,,,,,gut_n414_5G3s_1,7297,,gutim,414,
439,1993.9086,0.0714,144,82,20,7298,,Bb5,,,,d,,,,gut_n414_1Bb5t_0,7298,,gutim,414,
439,1993.9979,0.0714,144,54,20,7299,,F#3,,,,d,,,,gut_n414_1Fs3t_0,7299,,gutim,414,
439,1994.0872,0.1071,144,79,20,7300,,G5,,,,d,,,,gut_n414_1G5t_1,7300,,gutim,414,
439,1994.0872,0.0714,144,46,14,7300,,Bb2,,,,d,,,,gut_n414_5Bb2t,7300,,gutim,414,
439,1994.1764,0.1429,144,45,11,7301,,A2,,,,d,,,,gut_n414_5A2s,7301,,gutim,414,
439,1994.1764,0.1429,144,55,11,7301,,G3,,,,d,,,,gut_n414_5G3s_2,7301,,gutim,414,
439,1994.1764,0.1429,144,63,11,7301,,Eb4,,,,d,,,,gut_n414_5Eb4s_1,7301,,gutim,414,
439,1994.1764,0.1429,144,70,11,7301,,Bb4,,,,d,,,,gut_n414_5Bb4s_1,7301,,gutim,414,
439,1994.1764,0.1429,144,76,11,7301,,E5,,,,d,,,,gut_n414_5E5s,7301,,gutim,414,
439,1994.2211,0.1071,144,54,18,7302,,F#3,,,,,,,,gut_n414_1Fs3t_1,7302,,gutim,414,
439,1994.355,0.0848,144,82,15,7303,,Bb5,,,,,,,,gut_n414_1Bb5t_1,7303,,gutim,414,
439,1994.355,0.2857,144,85,17,7303,,C#6,,,,d,,T,6065,gut_n414_5Cs6e,7303,,gutim,414,
439,1994.4443,0.0848,144,54,14,7304,,F#3,,,,,,,,gut_n414_1Fs3t_2,7304,,gutim,414,
439,1994.5336,0.0848,144,60,13,7305,,C4,,,,,,,,gut_n414_1C4t_0,7305,,gutim,414,
439,1994.6229,0.0848,144,86,11,7306,,D6,,,,,,,,gut_n414_1D6t,7306,,gutim,414,
439,1994.7122,0.0848,144,82,9,7307,,Bb5,,,,,,,,gut_n414_1Bb5t_2,7307,,gutim,414,
439,1994.7122,0.1429,144,65,18,7307,,F4,,,,,,,,gut_n414_5F4s,7307,,gutim,414,
439,1994.8014,0.0848,144,54,8,7308,,F#3,,,,,,,,gut_n414_1Fs3t_3,7308,,gutim,414,
439,1994.8907000000002,0.1272,144,79,8,7309,,G5,,,,,,,,gut_n414_1G5t_2,7309,,gutim,414,
439,1995.0247,0.1272,144,82,7,7310,,Bb5,,,,,,,,gut_n414_1Bb5t_3,7310,,gutim,414,
439,1995.1586,0.1272,144,60,7,7311,,C4,,,,,,,,gut_n414_1C4t_1,7311,,gutim,414,
439,1995.2014000000001,0.0712,144,30,17,7312,,F#1,g,,,d,,,,gut_ng414_5Fs1e_0,7312,,gutim,414,
439,1995.2764,0.0712,144,43,17,7313,,G2,g,,,d,,,,gut_ng414_5G2e,7313,,gutim,414,
439,1995.3514,0.0712,144,30,17,7314,,F#1,g,,,d,,,,gut_ng414_5Fs1e_1,7314,,gutim,414,
439,1995.4264,1.2857,144,70,17,7315,,Bb4,,,,D,,,,gut_n414_1Bb4q,7315,,gutim,414,
439,1995.4264,1.2857,144,76,11,7315,,E5,,,,D,,,,gut_n414_1E5q,7315,,gutim,414,
439,1995.4264,1.5268,144,30,17,7315,,F#1,,,,D,,,,gut_n414_5Fs1q,7315,,gutim,414,
439,1995.4264,1.5268,144,32,20,7315,,Ab1,,,,D,,,,gut_n414_5Ab1q,7315,,gutim,414,
439,1995.4264,1.5268,144,43,17,7315,,G2,,,,D,6065,,,gut_n414_5G2q,7315,,gutim,414,
,,,,,,,,,,,,,,,,,,440,,,
440,1997.0336,0.4286,144,76,11,7316,,E5,,,,,,,,gut_n415_1E5e_1,7316,,gutim,415,
440,1997.3907000000002,0.0848,144,47,11,7317,,B2,,,,,,,,gut_n415_5B2t_0,7317,,gutim,415,
440,1997.48,0.0848,144,42,11,7318,,F#2,,,,,,,,gut_n415_5Fs2t_0,7318,,gutim,415,
,,,,,,,6065,,,,,,,,,,,,gutim,,
440,1997.5693,1.1429,144,70,11,7319,,Bb4,,,,d,,,,gut_n415_1Bb4h,7319,,gutim,415,
440,1997.5693,1.1429,144,76,14,7319,,E5,,,,d,,,,gut_n415_1E5h,7319,,gutim,415,
440,1997.5693,1.1429,144,30,8,7319,,F#1,,,,d,,,,gut_n415_5Fs1h,7319,,gutim,415,
440,1997.5693,1.1429,144,43,8,7319,,G2,,,,d,,,,gut_n415_5G2h,7319,,gutim,415,
440,1998.9979,0.0714,144,70,14,7320,,Bb4,,,,d,,,,gut_n415_1Bb4t_0,7320,,gutim,415,
440,1998.9979,0.0714,144,74,14,7320,,D5,,,,d,,,,gut_n415_1D5t_0,7320,,gutim,415,
440,1998.9979,0.0714,144,30,14,7320,,F#1,,,,d,,,,gut_n415_5Fs1t,7320,,gutim,415,
440,1998.9979,0.0714,144,43,14,7320,,G2,,,,d,,,,gut_n415_5G2t,7320,,gutim,415,
440,1999.0872,0.0714,144,70,20,7321,,Bb4,,,,d,,,,gut_n415_1Bb4t_1,7321,,gutim,415,
440,1999.0872,0.0714,144,74,20,7321,,D5,,,,d,,,,gut_n415_1D5t_1,7321,,gutim,415,
440,1999.0872,0.0714,144,36,20,7321,,C2,,,,d,,,,gut_n415_5C2t,7321,,gutim,415,
440,1999.1764,0.2857,144,70,14,7322,,Bb4,,,,d,,,,gut_n415_1Bb4e_1,7322,,gutim,415,
440,1999.1764,0.2857,144,76,14,7322,,E5,,,,d,,,,gut_n415_1E5e_2,7322,,gutim,415,
440,1999.1764,0.4286,144,47,14,7322,,B2,,,,d,,,,gut_n415_5B2e,7322,,gutim,415,
440,1999.5336,0.7143,144,67,14,7323,,G4,,,,d,,,,gut_n415_1G4s,7323,,gutim,415,
440,1999.7122,0.0714,144,70,11,7324,,Bb4,,,,d,,,,gut_n415_1Bb4t_2,7324,,gutim,415,
440,1999.7122,0.0714,144,76,11,7324,,E5,,,,d,,,,gut_n415_1E5t_0,7324,,gutim,415,
440,1999.7122,0.0848,144,47,11,7324,,B2,,,,D,,,,gut_n415_5B2t_1,7324,,gutim,415,
440,1999.8014,0.0848,144,42,10,7325,,F#2,,,,,,,,gut_n415_5Fs2t_1,7325,,gutim,415,
440,1999.8907000000002,0.0714,144,70,9,7326,,Bb4,,,,,,,,gut_n415_1Bb4t_3,7326,,gutim,415,
440,1999.8907000000002,0.0714,144,76,9,7326,,E5,,,,,,,,gut_n415_1E5t_1,7326,,gutim,415,
440,1999.8907000000002,0.0848,144,47,9,7326,,B2,,,,,,,,gut_n415_5B2t_2,7326,,gutim,415,
440,1999.98,0.0714,144,42,8,7327,,F#2,,,,,,,,gut_n415_5Fs2t_2,7327,,gutim,415,
440,1999.98,0.0714,144,47,8,7327,,B2,,,,,,,,gut_n415_5B2t_3,7327,,gutim,415,
440,1999.98,0.0714,144,50,8,7327,,D3,,,,,,,,gut_n415_5D3t,7327,,gutim,415,
440,2000.0693,0.4286,144,48,22,7328,,C3,,,,,,,,gut_n415_5C3e,7328,,gutim,415,
440,2000.4264,0.2857,144,54,17,7329,,F#3,,,,,,,,gut_n415_1Fs3e,7329,,gutim,415,
440,2000.4264,0.2857,144,67,17,7329,,G4,,,,,,,,gut_n415_1G4e_1,7329,,gutim,415,
440,2000.605,0.1429,144,32,22,7330,,Ab1,,,,,,,,gut_n415_5Ab1s,7330,,gutim,415,
440,2000.605,0.1429,144,48,22,7330,,C3,,,,,,,,gut_n415_5C3s,7330,,gutim,415,
440,2001.1407000000002,0.5714,144,89,22,7331,,F6,,,,,,,,gut_n415_1F6q,7331,,gutim,415,
440,2001.1407000000002,0.5714,144,48,22,7331,,C3,,,,,,,,gut_n415_5C3q,7331,,gutim,415,
,,,,,,,,,,,,,,,,,,441,,,
441,2002.2122,0.5714,144,82,22,7332,,Bb5,,,,,,,,gut_n416_1Bb5q,7332,,gutim,416,
441,2002.2122,0.5714,144,89,22,7332,,F6,,,,,,,,gut_n416_1F6q,7332,,gutim,416,
441,2002.2122,0.1283,144,53,20,7332,,F3,,,,,,,,gut_n416_5F3t,7332,,gutim,416,
441,2002.2122,0.1283,144,67,20,7332,,G4,,,,,,,,gut_n416_5G4t,7332,,gutim,416,
441,2002.3726000000001,0.0859,144,83,18,7333,,B5,,,,,,,,gut_n416_5B5t_0,7333,,gutim,416,
441,2002.48,0.0859,144,60,17,7334,,C4,,,,,,,,gut_n416_5C4t_0,7334,,gutim,416,
441,2002.5874000000001,0.1283,144,98,15,7335,,D7,,,,,,,,gut_n416_5D7t_0,7335,,gutim,416,
441,2002.7479,0.0859,144,60,13,7336,,C4,,,,,,,,gut_n416_5C4t_1,7336,,gutim,416,
441,2002.8553,0.1283,144,83,12,7337,,B5,,,,,,,,gut_n416_5B5t_1,7337,,gutim,416,
441,2003.0157000000002,0.1283,144,98,10,7338,,D7,,,,,,,,gut_n416_5D7t_1,7338,,gutim,416,
441,2003.1762,0.0859,144,60,8,7339,,C4,,,,d,,,,gut_n416_5C4t_2,7339,,gutim,416,
441,2003.2836,0.2857,144,89,22,7340,,F6,,,,d,,,,gut_n416_5F6e,7340,,gutim,416,
441,2003.2836,0.2857,144,100,22,7340,,E7,,,,d,,,,gut_n416_5E7e,7340,,gutim,416,
441,2003.6407000000002,0.0848,144,30,8,7341,,F#1,,,,d,,,,gut_n416_5Fs1t_0,7341,,gutim,416,
441,2003.73,0.0848,144,43,8,7342,,G2,,,,d,,,,gut_n416_5G2t,7342,,gutim,416,
441,2003.8193,0.0848,144,30,8,7343,,F#1,,,,d,,,,gut_n416_5Fs1t_1,7343,,gutim,416,
441,2003.9086,0.0848,144,36,8,7344,,C2,,,,d,,,,gut_n416_5C2t,7344,,gutim,416,
441,2003.9979,0.3393,144,46,8,7345,,Bb2,,,,d,,,,gut_n416_5Bb2e,7345,,gutim,416,
441,2004.355,0.4286,144,58,8,7346,,Bb3,,,,d,,,,gut_n416_1Bb3e,7346,,gutim,416,
441,2004.355,0.4286,144,62,8,7346,,D4,,,,d,,,,gut_n416_1D4e,7346,,gutim,416,
441,2004.355,0.5714,144,30,8,7346,,F#1,,,,d,,,,gut_n416_5Fs1q,7346,,gutim,416,
441,2004.355,0.5714,144,36,8,7346,,C2,,,,d,,,,gut_n416_5C2q,7346,,gutim,416,
441,2004.355,0.5714,144,43,8,7346,,G2,,,,d,,,,gut_n416_5G2q,7346,,gutim,416,
441,2004.8907000000002,0.0714,144,93,11,7347,,A6,,,,D,,,,gut_n416_1A6t,7347,,gutim,416,
441,2004.98,0.0714,144,46,12,7348,,Bb2,,,,,,,,gut_n416_1Bb2t,7348,,gutim,416,
441,2005.0693,0.1429,144,85,13,7349,,C#6,,,,,,,,gut_n416_1Cs6s,7349,,gutim,416,
441,2005.0693,0.1429,144,93,13,7349,,A6,,,,,,,,gut_n416_1A6s,7349,,gutim,416,
441,2005.2479,0.1429,144,65,14,7350,,F4,,,,,,,,gut_n416_1F4s,7350,,gutim,416,
441,2005.4264,0.1429,144,46,15,7351,,Bb2,,,,,,,,gut_n416_1Bb2s,7351,,gutim,416,
441,2005.605,0.4286,144,40,17,7352,,E2,,,,d,,,,gut_n416_1E2e,7352,,gutim,416,
441,2005.605,0.8571,144,42,8,7352,,F#2,,,,d,,,,gut_n416_5Fs2e_0,7352,,gutim,416,
441,2005.605,0.8571,144,47,8,7352,,B2,,,,d,,,,gut_n416_5B2e_0,7352,,gutim,416,
441,2005.605,0.8571,144,50,8,7352,,D3,,,,d,,,,gut_n416_5D3e_0,7352,,gutim,416,
441,2005.605,0.8571,144,70,8,7352,,Bb4,,,,d,,,,gut_n416_5Bb4e_0,7352,,gutim,416,
441,2005.605,0.8571,144,76,8,7352,,E5,,,,d,,,,gut_n416_5E5e_0,7352,,gutim,416,
441,2006.6764,0.0714,144,70,8,7353,,Bb4,,,,d,,,,gut_n416_1Bb4t,7353,,gutim,416,
441,2006.6764,0.0714,144,76,8,7353,,E5,,,,d,,,,gut_n416_1E5t,7353,,gutim,416,
441,2006.6764,0.0714,144,42,8,7353,,F#2,,,,d,,,,gut_n416_5Fs2t,7353,,gutim,416,
441,2006.6764,0.0714,144,47,8,7353,,B2,,,,d,,,,gut_n416_5B2t,7353,,gutim,416,
441,2006.6764,0.0714,144,50,8,7353,,D3,,,,d,,,,gut_n416_5D3t,7353,,gutim,416,
441,2006.7657000000002,0.0714,144,69,8,7354,,A4,,,,d,,,,gut_n416_1A4t,7354,,gutim,416,
441,2006.7657000000002,0.0714,144,41,8,7354,,F2,,,,d,,,,gut_n416_5F2t,7354,,gutim,416,
441,2006.7657000000002,0.0714,144,49,8,7354,,Db3,,,,d,,,,gut_n416_5Db3t,7354,,gutim,416,
441,2006.855,0.1429,144,56,8,7355,,Ab3,,,,d,,,,gut_n416_1Ab3s,7355,,gutim,416,
441,2006.855,0.1429,144,41,8,7355,,F2,,,,d,,,,gut_n416_5F2s,7355,,gutim,416,
441,2006.855,0.1429,144,49,8,7355,,Db3,,,,d,,,,gut_n416_5Db3s,7355,,gutim,416,
441,2007.0336,0.3571,144,38,8,7356,,D2,,,,d,,,,gut_n416_5D2s,7356,,gutim,416,
,,,,,,,,,,,,,,,,,,442,,,
442,2007.48,0.0848,144,32,14,7357,,Ab1,,,,D,6066,,,gut_n417_5Ab1t,7357,,gutim,417,
442,2007.5693,0.0848,144,77,14,7358,,F5,,,,,,,,gut_n417_5F5t_0,7358,,gutim,417,
442,2007.6586,0.0848,144,48,13,7359,,C3,,,,,,,,gut_n417_5C3t_0,7359,,gutim,417,
442,2007.7479,0.1272,144,44,13,7360,,Ab2,,,,,,,,gut_n417_5Ab2t_0,7360,,gutim,417,
442,2007.8818,0.1272,144,48,12,7361,,C3,,,,,,,,gut_n417_5C3t_1,7361,,gutim,417,
442,2008.0157000000002,0.2143,144,77,11,7362,,F5,,,,,,,,gut_n417_1F5s,7362,,gutim,417,
442,2008.0157000000002,0.0848,144,44,11,7362,,Ab2,,,,,,,,gut_n417_5Ab2t_1,7362,,gutim,417,
442,2008.105,0.0848,144,48,11,7363,,C3,,,,,,,,gut_n417_5C3t_2,7363,,gutim,417,
442,2008.1943,0.0848,144,88,10,7364,,E6,,,,,,,,gut_n417_5E6t_0,7364,,gutim,417,
442,2008.2836,0.0848,144,48,10,7365,,C3,,,,,,,,gut_n417_5C3t_3,7365,,gutim,417,
442,2008.2836,0.0848,144,58,10,7365,,Bb3,,,,,,,,gut_n417_5Bb3t_0,7365,,gutim,417,
442,2008.3729,0.1272,144,77,9,7366,,F5,,,,,,,,gut_n417_5F5t_1,7366,,gutim,417,
442,2008.3729,0.1272,144,88,9,7366,,E6,,,,,,,,gut_n417_5E6t_1,7366,,gutim,417,
442,2008.5068,0.1272,144,48,9,7367,,C3,,,,,,,,gut_n417_5C3t_4,7367,,gutim,417,
442,2008.5068,0.1272,144,58,9,7367,,Bb3,,,,,,,,gut_n417_5Bb3t_1,7367,,gutim,417,
442,2008.6407000000002,0.1696,144,88,8,7368,,E6,,,,,,,,gut_n417_5E6s,7368,,gutim,417,
442,2008.9979,0.1696,144,41,8,7369,,F2,,,,,,,,gut_n417_5F2s,7369,,gutim,417,
442,2008.9979,0.1696,144,50,8,7369,,D3,,,,,,,,gut_n417_5D3s,7369,,gutim,417,
442,2009.1764,0.1429,144,56,8,7370,,Ab3,,,,,,,,gut_n417_1Ab3s,7370,,gutim,417,
442,2009.1764,0.1429,144,69,8,7370,,A4,,,,,,,,gut_n417_1A4s,7370,,gutim,417,
442,2009.1764,0.1696,144,38,8,7370,,D2,,,,,,,,gut_n417_5D2s_1,7370,,gutim,417,
,,,,,,,6066,,,,,,,,,,,,gutim,,
442,2010.4264,0.0223,144,41,14,7371,,F2,,,,,,,,gut_n417_5F2t,7371,,gutim,417,
442,2010.4264,0.0714,144,49,14,7371,,Db3,,,,,,,,gut_n417_5Db3t,7371,,gutim,417,
442,2010.5157000000002,0.0223,144,38,17,7372,,D2,,,,,,,,gut_n417_5D2t,7372,,gutim,417,
442,2010.5157000000002,0.0714,144,56,17,7372,,Ab3,,,,,,,,gut_n417_5Ab3t,7372,,gutim,417,
442,2010.5157000000002,0.0714,144,69,17,7372,,A4,,,,,,,,gut_n417_5A4t,7372,,gutim,417,
442,2010.6943,0.2143,144,60,11,7373,,C4,,,,,,,,gut_n417_1C4s,7373,,gutim,417,
442,2010.9622,0.1429,144,79,12,7374,,G5,,,,,,,,gut_n417_1G5s,7374,,gutim,417,
442,2011.1407000000002,0.2857,144,89,8,7375,,F6,,,,d,,,,gut_n417_1F6e,7375,,gutim,417,
442,2011.3639,0.1071,144,58,17,7376,,Bb3,,,,d,,,,gut_n417_5Bb3t_2,7376,,gutim,417,
442,2011.4979,0.8571,144,89,8,7377,,F6,,,,d,,,,gut_n417_1F6q,7377,,gutim,417,
442,2011.4979,0.8571,144,93,17,7377,,A6,,,,d,,,,gut_n417_1A6q,7377,,gutim,417,
442,2011.4979,0.2143,144,44,8,7377,,Ab2,,,,d,,,,gut_n417_5Ab2s,7377,,gutim,417,
442,2011.4979,0.2143,144,52,8,7377,,E3,,,,d,,,,gut_n417_5E3s,7377,,gutim,417,
442,2011.4979,0.2143,144,58,17,7377,,Bb3,,,,d,,,,gut_n417_5Bb3s,7377,,gutim,417,
442,2011.7657000000002,0.2545,144,37,8,7378,,Db2,,,,d,,,,gut_n417_5Db2s,7378,,gutim,417,
442,2012.0336,0.5089,144,44,8,7379,,Ab2,,,,d,,,,gut_n417_5Ab2e,7379,,gutim,417,
,,,,,,,,,,,,,,,,,,443,,,
443,2012.5693,0.2444,144,58,17,7380,,Bb3,,,,d,,,,gut_n418_1Bb3s,7380,,gutim,418,
443,2012.8748,0.3672,144,93,17,7381,,A6,,,,d,,,,gut_n418_1A6s,7381,,gutim,418,
443,2013.3338,0.2444,144,85,17,7382,,Db6,,,,d,,,,gut_n418_1Db6s,7382,,gutim,418,
443,2013.6393,0.0949,144,89,8,7383,,F6,,,,d,,,,gut_n418_1F6t,7383,,gutim,418,
443,2013.6393,0.0949,144,92,8,7383,,Ab6,,,,d,,,,gut_n418_1Ab6t_0,7383,,gutim,418,
443,2013.6407000000002,0.2444,144,44,17,7383,,Ab2,,,,d,,,,gut_n418_5Ab2s_0,7383,,gutim,418,
443,2013.6407000000002,0.2444,144,52,17,7383,,E3,,,,d,,,,gut_n418_5E3s_0,7383,,gutim,418,
443,2013.7579,0.0949,144,53,8,7384,,F3,,,,,,,,gut_n418_1F3t_0,7384,,gutim,418,
443,2013.8765,0.0949,144,50,9,7385,,D3,,,,,,,,gut_n418_1D3t_0,7385,,gutim,418,
443,2013.9463,0.3672,144,58,17,7386,,Bb3,,,,D,,,,gut_n418_5Bb3s_0,7386,,gutim,418,
443,2013.9951,0.0949,144,48,9,7387,,C3,,,,,,,,gut_n418_1C3t,7387,,gutim,418,
443,2013.9951,0.0949,144,61,9,7387,,Db4,,,,,,,,gut_n418_1Db4t_0,7387,,gutim,418,
443,2014.1137,0.0949,144,105,9,7388,,A7,,,,,,,,gut_n418_1A7t,7388,,gutim,418,
443,2014.2322000000001,0.1429,144,53,10,7389,,F3,,,,,,,,gut_n418_1F3t_1,7389,,gutim,418,
443,2014.4052000000001,0.2444,144,52,17,7390,,E3,,,,,,,,gut_n418_5E3s_1,7390,,gutim,418,
443,2014.4108,0.1429,144,61,10,7391,,Db4,,,,,,,,gut_n418_1Db4t_1,7391,,gutim,418,
443,2014.5894,0.0949,144,92,11,7392,,Ab6,,,,,,,,gut_n418_1Ab6t_1,7392,,gutim,418,
443,2014.708,0.0949,144,53,11,7393,,F3,,,,,,,,gut_n418_1F3t_2,7393,,gutim,418,
443,2014.708,0.0949,144,61,11,7393,,Db4,,,,,,,,gut_n418_1Db4t_2,7393,,gutim,418,
443,2014.7108,0.2444,144,58,17,7393,,Bb3,,,,,,,,gut_n418_5Bb3s_1,7393,,gutim,418,
443,2014.8266,0.0949,144,50,11,7394,,D3,,,,,,,,gut_n418_1D3t_1,7394,,gutim,418,
443,2014.9451000000001,0.1429,144,80,12,7395,,Ab5,,,,,,,,gut_n418_1Ab5t_0,7395,,gutim,418,
443,2015.0163,0.3672,144,93,17,7396,,A6,,,,,,,,gut_n418_5A6s,7396,,gutim,418,
443,2015.1237,0.0949,144,50,12,7397,,D3,,,,,,,,gut_n418_1D3t_2,7397,,gutim,418,
443,2015.2423000000001,0.0949,144,53,12,7398,,F3,,,,,,,,gut_n418_1F3t_3,7398,,gutim,418,
443,2015.2423000000001,0.0949,144,61,12,7398,,Db4,,,,,,,,gut_n418_1Db4t_3,7398,,gutim,418,
443,2015.3609000000001,0.0949,144,93,13,7399,,A6,,,,,,,,gut_n418_1A6t_0,7399,,gutim,418,
443,2015.4753,0.2444,144,85,17,7400,,C#6,,,,,,,,gut_n418_5Cs6s,7400,,gutim,418,
443,2015.4795000000001,0.1429,144,50,13,7401,,D3,,,,,,,,gut_n418_1D3t_3,7401,,gutim,418,
443,2015.6580000000001,0.1004,144,80,14,7402,,Ab5,,,,,,,,gut_n418_1Ab5t_1,7402,,gutim,418,
443,2015.6580000000001,0.1004,144,93,14,7402,,A6,,,,,,,,gut_n418_1A6t_1,7402,,gutim,418,
443,2015.7808,0.2902,144,40,14,7403,,E2,,,,d,,,,gut_n418_5E2s,7403,,gutim,418,
443,2015.7808,0.2444,144,44,14,7403,,Ab2,,,,d,,,,gut_n418_5Ab2s_1,7403,,gutim,418,
443,2015.7808,0.2444,144,46,14,7403,,Bb2,,,,d,,,,gut_n418_5Bb2s,7403,,gutim,418,
443,2015.7808,0.2444,144,48,14,7403,,C3,,,,d,,,,gut_n418_5C3s,7403,,gutim,418,
443,2015.7808,0.2444,144,50,14,7403,,D3,,,,d,,,,gut_n418_5D3s,7403,,gutim,418,
443,2015.7836,2.0357,144,80,14,7404,,Ab5,,,,d,,,,gut_n418_1Ab5h,7404,,gutim,418,
443,2015.7836,1.7143,144,89,14,7404,,F6,,,,d,,,,gut_n418_1F6h,7404,,gutim,418,
443,2015.7836,1.7143,144,93,14,7404,,A6,,,,d,,,,gut_n418_1A6h,7404,,gutim,418,
443,2016.0863,0.2444,144,77,17,7405,,F5,,,,d,,,,gut_n418_5F5s,7405,,gutim,418,
443,2016.3918,0.3672,144,105,17,7406,,A7,,,,d,,,,gut_n418_5A7s,7406,,gutim,418,
443,2016.8508,0.3672,144,97,17,7407,,C#7,,,,d,,,,gut_n418_5Cs7s,7407,,gutim,418,
443,2017.3098,0.4933,144,77,17,7408,,F5,,,,d,,,,gut_n418_5F5e,7408,,gutim,418,
,,,,,,,,,,,,,,,,,,444,,,
444,2017.9264,0.5714,144,80,17,7409,,Ab5,,,,d,,,,gut_n419_1Ab5e_0,7409,,gutim,419,
444,2017.9264,0.5714,144,93,17,7409,,A6,,,,d,,,,gut_n419_1A6e,7409,,gutim,419,
444,2017.9264,0.1429,144,40,14,7409,,E2,,,,d,,,,gut_n419_5E2s,7409,,gutim,419,
444,2017.9264,0.1429,144,44,14,7409,,Ab2,,,,d,,,,gut_n419_5Ab2s_0,7409,,gutim,419,
444,2017.9264,0.1429,144,46,14,7409,,Bb2,,,,d,,,,gut_n419_5Bb2s,7409,,gutim,419,
444,2017.9264,0.1429,144,50,14,7409,,D3,,,,d,,,,gut_n419_5D3s,7409,,gutim,419,
444,2018.105,0.1429,144,48,14,7410,,C3,,,,d,,,,gut_n419_5C3s_0,7410,,gutim,419,
444,2018.2836,0.1429,144,77,14,7411,,F5,,,,d,,,,gut_n419_5F5s,7411,,gutim,419,
444,2018.7593,0.1908,144,60,8,7412,,C4,,e,,d,,,,gut_n419_1C4s,7412,,gutim,419,
444,2018.9979,0.0949,144,80,11,7413,,Ab5,,e,,d,,,,gut_n419_1Ab5t_0,7413,,gutim,419,
444,2018.9979,0.2857,144,79,11,7413,,G5,,e,,D,6067,,,gut_n419_5G5s_0,7413,,gutim,419,
444,2019.1165,0.0949,144,53,11,7414,,F3,,e,,,,,,gut_n419_1F3t,7414,,gutim,419,
444,2019.2350000000001,0.0949,144,50,12,7415,,D3,,e,,,,,,gut_n419_1D3t,7415,,gutim,419,
444,2019.3536000000001,0.0949,144,61,12,7416,,Db4,,e,,,,,,gut_n419_1Db4t,7416,,gutim,419,
444,2019.355,0.1908,144,52,12,7416,,E3,,e,,,,,,gut_n419_5E3s_0,7416,,gutim,419,
444,2019.4722000000002,0.0949,144,93,12,7417,,A6,,e,,,,,,gut_n419_1A6t_0,7417,,gutim,419,
444,2019.5908,0.2857,144,41,13,7418,,F2,,e,,,,,,gut_n419_1F2s,7418,,gutim,419,
444,2019.5908,0.2857,144,49,13,7418,,Db3,,e,,,,,,gut_n419_1Db3s,7418,,gutim,419,
444,2019.5936000000002,0.0949,144,37,13,7419,,C#2,,e,,,,,,gut_n419_5Cs2t_0,7419,,gutim,419,
444,2019.7122,0.0949,144,44,13,7420,,G#2,,e,,,,,,gut_n419_5Gs2t_0,7420,,gutim,419,
444,2019.8307,0.0949,144,37,13,7421,,C#2,,e,,,,,,gut_n419_5Cs2t_1,7421,,gutim,419,
444,2019.9479000000001,0.0949,144,80,14,7422,,Ab5,,e,,,,,,gut_n419_1Ab5t_1,7422,,gutim,419,
444,2019.9493,0.0949,144,44,14,7422,,G#2,,e,,,,,,gut_n419_5Gs2t_1,7422,,gutim,419,
444,2020.0665000000001,0.0949,144,41,14,7423,,F2,,e,,,,,,gut_n419_1F2t,7423,,gutim,419,
444,2020.0665000000001,0.0949,144,49,14,7423,,Db3,,e,,,,,,gut_n419_1Db3t,7423,,gutim,419,
444,2020.0679,0.0949,144,37,14,7424,,C#2,,e,,,,,,gut_n419_5Cs2t_2,7424,,gutim,419,
444,2020.1851000000001,0.0949,144,38,14,7425,,D2,,e,,,,,,gut_n419_1D2t,7425,,gutim,419,
444,2020.1865,0.2857,144,44,14,7425,,G#2,,e,,,,,,gut_n419_5Gs2s,7425,,gutim,419,
444,2020.3037,0.3806,144,80,15,7426,,Ab5,,E,6067,,,,,gut_n419_1Ab5e_1,7426,,gutim,419,
444,2020.5436,0.1908,144,60,15,7427,,C4,,,,,,,,gut_n419_5C4s_0,7427,,gutim,419,
444,2020.7794000000001,0.1908,144,93,16,7428,,A6,,,,,,,,gut_n419_1A6s,7428,,gutim,419,
444,2020.7822,0.2857,144,79,16,7428,,G5,,,,,,,,gut_n419_5G5s_1,7428,,gutim,419,
444,2021.018,0.0982,144,80,17,7429,,Ab5,,,,,,,,gut_n419_1Ab5t_2,7429,,gutim,419,
444,2021.018,0.0982,144,93,17,7429,,A6,,,,,,,,gut_n419_1A6t_1,7429,,gutim,419,
444,2021.1407000000002,1.0179,144,80,17,7430,,Ab5,,,,,,,,gut_n419_1Ab5q,7430,,gutim,419,
444,2021.1407000000002,0.8571,144,89,17,7430,,F6,,,,,,,,gut_n419_1F6q,7430,,gutim,419,
444,2021.1407000000002,0.8571,144,93,17,7430,,A6,,,,,,,,gut_n419_1A6q,7430,,gutim,419,
444,2021.1393,0.3393,144,38,14,7430,,D2,,,,,,,,gut_n419_5D2s_0,7430,,gutim,419,
444,2021.1393,0.2857,144,41,14,7430,,F2,,,,,,,,gut_n419_5F2s_0,7430,,gutim,419,
444,2021.1393,0.2857,144,44,14,7430,,Ab2,,,,,,,,gut_n419_5Ab2s_1,7430,,gutim,419,
444,2021.1393,0.2857,144,48,14,7430,,C3,,,,,,,,gut_n419_5C3s_1,7430,,gutim,419,
444,2021.1393,0.2857,144,52,14,7430,,E3,,,,,,,,gut_n419_5E3s_1,7430,,gutim,419,
444,2021.4965,0.2857,144,44,11,7431,,Ab2,,,,,,,,gut_n419_5Ab2s_2,7431,,gutim,419,
444,2021.8536000000001,0.1908,144,38,11,7432,,D2,,,,,,,,gut_n419_5D2s_1,7432,,gutim,419,
444,2022.0922,0.0949,144,44,11,7433,,Ab2,,,,,,,,gut_n419_5Ab2t,7433,,gutim,419,
444,2022.2122,0.8571,144,100,11,7434,,E7,,,,,,,,gut_n419_1E7q,7434,,gutim,419,
444,2022.2108,0.1908,144,38,11,7434,,D2,,,,,,,,gut_n419_5D2s_2,7434,,gutim,419,
444,2022.2108,0.1908,144,41,11,7434,,F2,,,,,,,,gut_n419_5F2s_1,7434,,gutim,419,
444,2022.2108,0.1908,144,44,11,7434,,Ab2,,,,,,,,gut_n419_5Ab2s_3,7434,,gutim,419,
444,2022.2108,0.1908,144,48,11,7434,,C3,,,,,,,,gut_n419_5C3s_2,7434,,gutim,419,
444,2022.4493,0.1908,144,60,11,7435,,C4,,,,,,,,gut_n419_5C4s_1,7435,,gutim,419,
444,2022.6879000000001,1.6551,144,22,11,7436,,Bb0,,,,,,,,gut_n419_5Bb0s_0,7436,,gutim,419,
,,,,,,,6067,,,,,,,,,,,,gutim,,
,,,,,,,,,,,,,,,,,,445,,,
445,2024.7568,0.0714,144,29,8,7437,,F1,,,,,,,,gut_n420_5F1t_0,7437,,gutim,420,
445,2024.8461,0.0714,144,56,8,7438,,Ab3,,,,,,,,gut_n420_5Ab3t_0,7438,,gutim,420,
445,2024.9354,0.1071,144,37,8,7439,,Db2,,,,,,,,gut_n420_5Db2t_0,7439,,gutim,420,
445,2025.0693,0.0714,144,56,8,7440,,Ab3,,,,,,,,gut_n420_5Ab3t_1,7440,,gutim,420,
445,2025.1586,0.1071,144,29,8,7441,,F1,,,,,,,,gut_n420_5F1t_1,7441,,gutim,420,
445,2025.2925,0.1071,144,37,8,7442,,Db2,,,,,,,,gut_n420_5Db2t_1,7442,,gutim,420,
445,2025.4264,1.2857,144,29,8,7443,,F1,,,,d,,,,gut_n420_5F1q,7443,,gutim,420,
445,2025.4264,1.2857,144,37,8,7443,,Db2,,,,d,,,,gut_n420_5Db2q,7443,,gutim,420,
445,2025.4264,1.2857,144,39,8,7443,,Eb2,,,,d,,,,gut_n420_5Eb2q,7443,,gutim,420,
445,2025.4264,1.2857,144,56,8,7443,,Ab3,,,,d,,,,gut_n420_5Ab3q,7443,,gutim,420,
445,2026.8997,0.1071,144,95,20,7444,,B6,,,,d,,,,gut_n420_1B6t,7444,,gutim,420,
445,2027.0336,0.3214,144,73,14,7445,,C#5,,,,d,,,,gut_n420_1Cs5s,7445,,gutim,420,
445,2027.0336,0.1071,144,45,8,7445,,A2,,,,d,,,,gut_n420_5A2t,7445,,gutim,420,
445,2027.0336,0.1071,144,53,8,7445,,F3,,,,d,,,,gut_n420_5F3t,7445,,gutim,420,
445,2027.1675,0.2143,144,30,11,7446,,F#1,,,,d,,,,gut_n420_5Fs1s,7446,,gutim,420,
445,2027.4354,0.1071,144,73,8,7447,,C#5,,,,d,,,,gut_n420_1Cs5t,7447,,gutim,420,
445,2027.4354,0.1071,144,30,8,7447,,F#1,,,,d,,,,gut_n420_5Fs1t,7447,,gutim,420,
445,2027.5693,0.8571,144,89,5,7448,,F6,,,,d,,,,gut_n420_1F6q,7448,,gutim,420,
445,2027.5693,0.8571,144,44,5,7448,,Ab2,,,,D,,,,gut_n420_5Ab2q,7448,,gutim,420,
445,2027.5693,0.8571,144,48,5,7448,,C3,,,,D,,,,gut_n420_5C3q,7448,,gutim,420,
,,,,,,,,,,,,,,,,,,446,,,
446,2029.6229,0.0714,144,29,5,7449,,F1,,,,,,,,gut_n421_5F1t,7449,,gutim,421,
446,2029.6229,0.0714,144,37,5,7449,,Db2,,,,,,,,gut_n421_5Db2t,7449,,gutim,421,
446,2029.6229,0.0714,144,56,5,7449,,Ab3,,,,,,,,gut_n421_5Ab3t,7449,,gutim,421,
446,2029.7122,0.0848,144,26,5,7450,,D1,,,,,,,,gut_n421_1D1t,7450,,gutim,421,
446,2029.8014,0.0848,144,69,5,7451,,A4,,,,,,,,gut_n421_1A4t,7451,,gutim,421,
446,2029.8907000000002,0.0848,144,80,6,7452,,Ab5,,,,,,,,gut_n421_1Ab5t_0,7452,,gutim,421,
446,2029.98,0.1272,144,53,6,7453,,F3,,,,,,,,gut_n421_1F3t,7453,,gutim,421,
446,2030.1139,0.1272,144,61,7,7454,,Db4,,,,,,,,gut_n421_1Db4t,7454,,gutim,421,
446,2030.2479,0.0848,144,80,8,7455,,Ab5,,,,,,,,gut_n421_1Ab5t_1,7455,,gutim,421,
446,2030.3372,0.0848,144,93,8,7456,,A6,,,,,,,,gut_n421_1A6t_0,7456,,gutim,421,
446,2030.4264,0.1272,144,38,9,7457,,D2,,,,,,,,gut_n421_1D2t,7457,,gutim,421,
446,2030.5604,0.0848,144,93,9,7458,,A6,,,,,,,,gut_n421_1A6t_1,7458,,gutim,421,
446,2030.6497,0.1272,144,80,10,7459,,Ab5,,,,,,,,gut_n421_1Ab5t_2,7459,,gutim,421,
446,2030.7836,0.3048,144,38,11,7460,,D2,,,,,,,,gut_n421_1D2s_0,7460,,gutim,421,
446,2030.7836,0.3048,144,40,11,7460,,E2,,,,,,,,gut_n421_1E2s,7460,,gutim,421,
446,2030.7836,0.3048,144,46,11,7460,,Bb2,,,,,,,,gut_n421_1Bb2s,7460,,gutim,421,
446,2030.7836,1.7143,144,97,11,7460,,C#7,,,,,,,,gut_n421_5Cs7h,7460,,gutim,421,
446,2030.7836,1.7143,144,105,11,7460,,A7,,,,,,,,gut_n421_5A7h,7460,,gutim,421,
446,2031.1045000000001,0.2041,144,93,13,7461,,A6,,,,,,,,gut_n421_1A6s_0,7461,,gutim,421,
446,2031.3193,0.3048,144,53,14,7462,,F3,,,,,,,,gut_n421_1F3s,7462,,gutim,421,
446,2031.6402,0.3048,144,61,16,7463,,Db4,,,,,,,,gut_n421_1Db4s,7463,,gutim,421,
446,2031.961,0.2041,144,80,18,7464,,Ab5,,,,,,,,gut_n421_1Ab5s,7464,,gutim,421,
446,2032.1759,0.2041,144,93,19,7465,,A6,,,,,,,,gut_n421_1A6s_1,7465,,gutim,421,
446,2032.3907000000002,0.3048,144,38,20,7466,,D2,,,,,,,,gut_n421_1D2s_1,7466,,gutim,421,
446,2032.7116,0.2041,144,93,20,7467,,A6,,,,,,,,gut_n421_1A6s_2,7467,,gutim,421,
446,2032.8116,0.0712,144,91,14,7468,,G6,g,,,,,,,gut_ng421_1G6e,7468,,gutim,421,
446,2032.8866,0.0712,144,84,14,7469,,C6,g,,,,,,,gut_ng421_1C6e,7469,,gutim,421,
446,2032.8866,0.0712,144,93,14,7469,,A6,g,,,,,,,gut_ng421_1A6e,7469,,gutim,421,
446,2032.9616,0.5089,144,76,14,7470,,E5,,,,,,,,gut_n421_1E5e,7470,,gutim,421,
446,2032.9616,0.1071,144,39,14,7470,,Eb2,,,,,,,,gut_n421_5Eb2t_0,7470,,gutim,421,
446,2032.9616,0.1071,144,47,14,7470,,B2,,,,,,,,gut_n421_5B2t_0,7470,,gutim,421,
446,2033.0955000000001,0.1071,144,47,14,7471,,B2,,,,,,,,gut_n421_5B2t_1,7471,,gutim,421,
446,2033.2295000000001,0.4286,144,21,13,7472,,A0,,,,,,,,gut_n421_5A0e,7472,,gutim,421,
446,2033.7652,0.1071,144,21,10,7473,,A0,,,,,,,,gut_n421_5A0t,7473,,gutim,421,
446,2033.7652,0.1071,144,39,10,7473,,Eb2,,,,,,,,gut_n421_5Eb2t_1,7473,,gutim,421,
446,2033.7652,0.1071,144,47,10,7473,,B2,,,,,,,,gut_n421_5B2t_2,7473,,gutim,421,
446,2033.8991,0.1071,144,31,10,7474,,G1,,,,,,,,gut_n421_5G1t,7474,,gutim,421,
,,,,,,,,,,,,,,,,,,447,,,
447,2034.0330000000001,0.6429,144,41,14,7475,,F2,,,,d,,,,gut_n422_1F2e,7475,,gutim,422,
447,2034.0330000000001,0.6429,144,53,14,7475,,F3,,,,d,,,,gut_n422_1F3e,7475,,gutim,422,
447,2034.0330000000001,0.1071,144,21,9,7475,,A0,,,,,,,,gut_n422_5A0t,7475,,gutim,422,
447,2034.0330000000001,0.1071,144,28,9,7475,,E1,,,,,,,,gut_n422_5E1t,7475,,gutim,422,
447,2034.1670000000001,0.3214,144,52,8,7476,,E3,,,,d,,,,gut_n422_5E3s,7476,,gutim,422,
447,2034.5687,1.2857,144,21,8,7477,,A0,,,,d,,,,gut_n422_5A0e,7477,,gutim,422,
447,2034.5687,1.2857,144,31,8,7477,,G1,,,,d,,,,gut_n422_5G1e,7477,,gutim,422,
447,2034.5687,1.2857,144,39,8,7477,,Eb2,,,,d,,,,gut_n422_5Eb2e,7477,,gutim,422,
447,2034.5687,1.2857,144,47,8,7477,,B2,,,,d,,,,gut_n422_5B2e,7477,,gutim,422,
447,2034.5687,1.2857,144,52,8,7477,,E3,,,,d,,,,gut_n422_5E3e,7477,,gutim,422,
447,2034.8366,0.4286,144,66,8,7478,,F#4,,,,d,,,,gut_n422_1Fs4s_0,7478,,gutim,422,
447,2035.3723,0.5357,144,83,8,7479,,B5,,,,d,,,,gut_n422_1B5s_0,7479,,gutim,422,
447,2036.0420000000001,0.1071,144,95,5,7480,,B6,,,,d,,,,gut_n422_1B6t,7480,,gutim,422,
447,2036.1759,0.3214,144,73,5,7481,,C#5,,,,d,,,,gut_n422_1Cs5s,7481,,gutim,422,
447,2036.1759,0.3214,144,74,5,7481,,D5,,,,d,,,,gut_n422_1D5s_0,7481,,gutim,422,
447,2036.1759,0.3214,144,45,5,7481,,A2,,,,d,,,,gut_n422_5A2s,7481,,gutim,422,
447,2036.1759,0.3214,144,53,5,7481,,F3,,,,d,,,,gut_n422_5F3s,7481,,gutim,422,
447,2036.5777,0.5357,144,73,5,7482,,C#5,,,,d,,,,gut_n422_1Cs5t,7482,,gutim,422,
447,2036.5777,0.5357,144,30,5,7482,,F#1,,,,d,,,,gut_n422_5Fs1t,7482,,gutim,422,
447,2036.7116,0.4286,144,82,5,7483,,A#5,,,,D,6068,,,gut_n422_1As5e,7483,,gutim,422,
,,,,,,,6068,,,,,,,,,,,,gutim,,
447,2037.2473,0.0848,144,76,11,7484,,E5,,,,d,,,,gut_n422_1E5t_0,7484,,gutim,422,
447,2037.3366,0.0848,144,56,11,7485,,G#3,,,,d,,,,gut_n422_1Gs3t_0,7485,,gutim,422,
447,2037.4259,0.0848,144,49,11,7486,,C#3,,,,d,,,,gut_n422_1Cs3t_0,7486,,gutim,422,
447,2038.0509,0.0848,144,76,11,7487,,E5,,e,,d,,,,gut_n422_1E5t_1,7487,,gutim,422,
447,2038.1402,0.0848,144,56,11,7488,,G#3,,e,,d,,,,gut_n422_1Gs3t_1,7488,,gutim,422,
447,2038.2295000000001,0.0848,144,84,11,7489,,C6,,e,,d,,,,gut_n422_1C6t_0,7489,,gutim,422,
447,2038.3187,0.0848,144,56,11,7490,,G#3,,e,,d,,,,gut_n422_1Gs3t_2,7490,,gutim,422,
447,2038.3187,0.4286,144,46,11,7490,,Bb2,,e,,d,,,,gut_n422_5Bb2e,7490,,gutim,422,
447,2038.4080000000001,0.0848,144,76,11,7491,,E5,,e,,d,,,,gut_n422_1E5t_2,7491,,gutim,422,
447,2038.4080000000001,0.0848,144,83,11,7491,,B5,,e,,d,,,,gut_n422_1B5t,7491,,gutim,422,
447,2038.4080000000001,0.0848,144,84,11,7491,,C6,,e,,d,,,,gut_n422_1C6t_1,7491,,gutim,422,
447,2038.4973,0.0848,144,56,11,7492,,G#3,,e,,d,,,,gut_n422_1Gs3t_3,7492,,gutim,422,
447,2038.5866,0.0848,144,49,11,7493,,C#3,,e,,d,,,,gut_n422_1Cs3t_1,7493,,gutim,422,
447,2038.5866,0.0848,144,76,11,7493,,E5,,e,,d,,,,gut_n422_1E5t_3,7493,,gutim,422,
447,2038.5866,0.0848,144,84,11,7493,,C6,,e,,d,,,,gut_n422_1C6t_2,7493,,gutim,422,
447,2038.6759,0.1696,144,74,11,7494,,D5,,E,,d,,,,gut_n422_1D5s_1,7494,,gutim,422,
447,2038.8545000000001,0.2143,144,53,11,7495,,F3,,,,,,,,gut_n422_1F3s,7495,,gutim,422,
447,2038.8545000000001,0.4286,144,40,11,7495,,E2,,,,,,,,gut_n422_5E2e,7495,,gutim,422,
447,2039.1223,0.2143,144,66,11,7496,,F#4,,,,,,,,gut_n422_1Fs4s_2,7496,,gutim,422,
,,,,,,,,,,,,,,,,,,448,,,
448,2039.3902,0.1429,144,93,12,7497,,A6,,,,,,,,gut_n423_1A6s_0,7497,,gutim,423,
448,2039.3902,0.1429,144,95,12,7497,,B6,,,,,,,,gut_n423_1B6s,7497,,gutim,423,
448,2039.5687,0.1429,144,74,12,7498,,D5,,,,,,,,gut_n423_1D5s_0,7498,,gutim,423,
448,2039.7473,0.1429,144,82,12,7499,,Bb5,,,,,,,,gut_n423_1Bb5s,7499,,gutim,423,
448,2039.9259,0.4286,144,58,13,7500,,Bb3,,,,,,,,gut_n423_5Bb3e,7500,,gutim,423,
448,2040.4616,0.4286,144,40,14,7501,,E2,,,,,,,,gut_n423_5E2e,7501,,gutim,423,
448,2040.9973,0.1071,144,81,15,7502,,A5,,,,,,,,gut_n423_5A5t,7502,,gutim,423,
448,2041.1312,0.1071,144,46,15,7503,,Bb2,,,,,,,,gut_n423_5Bb2t_0,7503,,gutim,423,
448,2041.2652,0.1071,144,28,15,7504,,E1,,,,,,,,gut_n423_5E1t,7504,,gutim,423,
448,2041.3991,0.1071,144,93,15,7505,,A6,,,,,,,,gut_n423_5A6t,7505,,gutim,423,
448,2041.5330000000001,0.1429,144,74,15,7506,,D5,,,,,,,,gut_n423_1D5s_1,7506,,gutim,423,
448,2041.5330000000001,0.1429,144,83,15,7506,,B5,,,,,,,,gut_n423_1B5s_0,7506,,gutim,423,
448,2041.7116,0.1429,144,41,15,7507,,F2,,,,,,,,gut_n423_1F2s,7507,,gutim,423,
448,2041.8902,0.1429,144,66,15,7508,,F#4,,,,,,,,gut_n423_1Fs4s,7508,,gutim,423,
448,2042.0687,0.0859,144,88,5,7509,,E6,,e,,d,,,,gut_n423_1E6t,7509,,gutim,423,
448,2042.1762,0.0859,144,95,5,7510,,B6,,e,,d,,,,gut_n423_1B6t,7510,,gutim,423,
448,2042.2836,0.0859,144,79,5,7511,,G5,,e,,d,,,,gut_n423_1G5t,7511,,gutim,423,
448,2042.391,0.0859,144,82,5,7512,,Bb5,,e,,d,,,,gut_n423_1Bb5t,7512,,gutim,423,
448,2042.4984,0.0859,144,99,5,7513,,Eb7,,e,,d,,,,gut_n423_1Eb7t,7513,,gutim,423,
448,2042.6059,0.2857,144,105,5,7514,,A7,,E,6069,d,,,,gut_n423_1A7e,7514,,gutim,423,
448,2042.6045000000001,0.2143,144,28,5,7514,,E1,,E,,d,,,,gut_n423_5E1s,7514,,gutim,423,
448,2042.8723,0.0714,144,46,5,7515,,Bb2,,,,,,,,gut_n423_5Bb2t_1,7515,,gutim,423,
448,2042.9616,0.1429,144,40,5,7516,,E2,,,,,,,,gut_n423_5E2s,7516,,gutim,423,
448,2042.9616,0.1429,144,46,5,7516,,Bb2,,,,,,,,gut_n423_5Bb2s,7516,,gutim,423,
448,2042.963,0.1417,144,93,5,7517,,A6,,,,,,,,gut_n423_1A6s_1,7517,,gutim,423,
448,2043.1402,0.8571,144,82,5,7518,,Bb5,,,,d,,,,gut_n423_1Bb5e_0,7518,,gutim,423,
448,2044.2116,0.1429,144,74,17,7519,,D5,,,,d,,,,gut_n423_1D5s_2,7519,,gutim,423,
448,2044.2116,0.1429,144,83,17,7519,,B5,,,,d,,,,gut_n423_1B5s_1,7519,,gutim,423,
448,2044.3902,0.2857,144,82,8,7520,,Bb5,,,,d,,,,gut_n423_1Bb5e_2,7520,,gutim,423,
448,2044.3902,0.2857,144,41,14,7520,,F2,,,,d,,,,gut_n423_5F2e,7520,,gutim,423,
448,2044.3902,0.2857,144,54,14,7520,,F#3,,,,d,,,,gut_n423_5Fs3e,7520,,gutim,423,
,,,,,,,,,,,,,,,,,,449,,,
449,2045.8187,1.2857,144,41,14,7521,,F2,,,,d,,,,gut_n424_5F2e_0,7521,,gutim,424,
449,2046.3545000000001,1.2857,144,71,8,7522,,B4,,,,d,,,,gut_n424_1B4q,7522,,gutim,424,
449,2046.3545000000001,1.2857,144,81,8,7522,,A5,,,,d,,,,gut_n424_1A5q,7522,,gutim,424,
449,2046.3545000000001,0.8571,144,40,8,7522,,E2,,,,d,,,,gut_n424_5E2e_0,7522,,gutim,424,
449,2046.3545000000001,0.8571,144,46,8,7522,,Bb2,,,,d,,,,gut_n424_5Bb2e_0,7522,,gutim,424,
449,2047.4259,0.4286,144,58,8,7523,,Bb3,,,,D,6069,,,gut_n424_5Bb3e,7523,,gutim,424,
449,2047.9616,0.3393,144,93,8,7524,,A6,,,,,,,,gut_n424_1A6s_0,7524,,gutim,424,
449,2047.9616,0.2266,144,40,8,7524,,E2,,,,,,,,gut_n424_5E2s_0,7524,,gutim,424,
449,2048.2001999999998,0.3393,144,46,8,7525,,Bb2,,,,,,,,gut_n424_5Bb2s,7525,,gutim,424,
449,2048.3187,0.1127,144,81,8,7526,,A5,,,,,,,,gut_n424_1A5t,7526,,gutim,424,
449,2048.4373,0.1127,144,93,8,7527,,A6,,,,,,,,gut_n424_1A6t,7527,,gutim,424,
449,2048.5559,0.3393,144,81,8,7528,,A5,,,,,,,,gut_n424_1A5s_0,7528,,gutim,424,
449,2048.5573,0.2266,144,40,8,7528,,E2,,,,,,,,gut_n424_5E2s_1,7528,,gutim,424,
449,2048.7959,0.2857,144,58,8,7529,,Bb3,,,,,,,,gut_n424_5Bb3s,7529,,gutim,424,
449,2048.9130999999998,0.1127,144,105,8,7530,,A7,,,,,,,,gut_n424_1A7t_0,7530,,gutim,424,
449,2049.1502,0.2266,144,93,8,7531,,A6,,,,,,,,gut_n424_1A6s_1,7531,,gutim,424,
449,2049.153,0.2857,144,40,8,7532,,E2,,,,,,,,gut_n424_5E2s_2,7532,,gutim,424,
449,2049.3887999999997,0.1127,144,105,8,7533,,A7,,,,,,,,gut_n424_1A7t_1,7533,,gutim,424,
449,2049.5101999999997,0.1127,144,40,8,7534,,E2,,,,,,,,gut_n424_5E2t_0,7534,,gutim,424,
449,2049.6286999999998,0.1127,144,28,8,7535,,E1,,,,,,,,gut_n424_5E1t_0,7535,,gutim,424,
449,2049.7459,0.2868,144,81,8,7536,,A5,,,,,,,,gut_n424_1A5s_1,7536,,gutim,424,
449,2049.7473,0.1127,144,40,8,7536,,E2,,,,,,,,gut_n424_5E2t_1,7536,,gutim,424,
449,2049.8659,0.1127,144,28,8,7537,,E1,,,,,,,,gut_n424_5E1t_1,7537,,gutim,424,
449,2049.9845,0.114,144,40,8,7538,,E2,,,,,,,,gut_n424_5E2t_2,7538,,gutim,424,
,,,,,,,,,,,,,,,,,,450,,,
450,2050.1045,0.4519,144,105,9,7539,,A7,,,,,,,,gut_n425_1A7e,7539,,gutim,425,
450,2050.1045,0.3393,144,46,9,7539,,Bb2,,,,,,,,gut_n425_5Bb2s_0,7539,,gutim,425,
450,2050.4616,0.1127,144,58,9,7540,,Bb3,,,,,,,,gut_n425_5Bb3t,7540,,gutim,425,
450,2050.5802,0.2266,144,93,9,7541,,A6,,,,,,,,gut_n425_1A6s,7541,,gutim,425,
450,2050.5802,0.1127,144,46,9,7541,,Bb2,,,,,,,,gut_n425_5Bb2t,7541,,gutim,425,
450,2050.6988,0.3393,144,58,9,7542,,Bb3,,,,,,,,gut_n425_5Bb3s,7542,,gutim,425,
450,2050.8187,0.3393,144,105,9,7543,,A7,,,,,,,,gut_n425_1A7s,7543,,gutim,425,
450,2051.0559,0.0949,144,40,10,7544,,E2,,,,,,,,gut_n425_5E2t,7544,,gutim,425,
450,2051.5316,0.1908,144,40,10,7545,,E2,,,,,,,,gut_n425_5E2s,7545,,gutim,425,
450,2051.5316,0.1908,144,46,10,7545,,Bb2,,,,,,,,gut_n425_5Bb2s_1,7545,,gutim,425,
450,2051.7702,0.3806,144,28,10,7546,,E1,,,,,,,,gut_n425_5E1e_0,7546,,gutim,425,
450,2052.2459,0.2857,144,28,11,7547,,E1,,,,,,,,gut_n425_5E1e_1,7547,,gutim,425,
450,2052.6045,0.1429,144,71,20,7548,,B4,,,,,,,,gut_n425_1B4s_0,7548,,gutim,425,
450,2052.783,0.1429,144,50,20,7549,,D3,,,,,,,,gut_n425_1D3s,7549,,gutim,425,
450,2052.783,0.1429,144,71,20,7549,,B4,,,,,,,,gut_n425_1B4s_1,7549,,gutim,425,
450,2052.9602,0.1429,144,29,11,7550,,F1,,,,,,,,gut_n425_5F1s_0,7550,,gutim,425,
450,2053.0508999999997,0.0714,144,58,21,7551,,Bb3,,,,,,,,gut_n425_1Bb3t_0,7551,,gutim,425,
450,2053.1402,0.0714,144,42,21,7552,,Gb2,,,,,,,,gut_n425_1Gb2t,7552,,gutim,425,
450,2053.1387999999997,0.1429,144,29,20,7552,,F1,,,,,,,,gut_n425_5F1s_1,7552,,gutim,425,
450,2053.2295,0.0714,144,58,21,7553,,Bb3,,,,,,,,gut_n425_1Bb3t_1,7553,,gutim,425,
450,2053.5866,0.0714,144,89,22,7554,,F6,,,,,,,,gut_n425_1F6t_0,7554,,gutim,425,
450,2053.6758999999997,1.2143,144,82,21,7555,,Bb5,,,,,,,,gut_n425_1Bb5q,7555,,gutim,425,
450,2053.6758999999997,1.2143,144,89,21,7555,,F6,,,,,,,,gut_n425_1F6q,7555,,gutim,425,
450,2053.6745,1.2143,144,44,21,7555,,Ab2,,,,,,,,gut_n425_5Ab2q,7555,,gutim,425,
450,2053.6745,1.2143,144,48,21,7555,,C3,,,,,,,,gut_n425_5C3q,7555,,gutim,425,
450,2055.1924,0.0714,144,44,11,7556,,Ab2,,,,,,,,gut_n425_5Ab2t,7556,,gutim,425,
450,2055.1924,0.0714,144,48,11,7556,,C3,,,,,,,,gut_n425_5C3t,7556,,gutim,425,
450,2055.1937,0.0714,144,82,11,7557,,Bb5,,,,,,,,gut_n425_1Bb5t,7557,,gutim,425,
450,2055.1937,0.0714,144,89,11,7557,,F6,,,,,,,,gut_n425_1F6t_1,7557,,gutim,425,
450,2055.2816,0.144,144,44,11,7558,,Ab2,,,,,,,,gut_n425_5Ab2s_1,7558,,gutim,425,
450,2055.2816,0.144,144,48,11,7558,,C3,,,,,,,,gut_n425_5C3s_1,7558,,gutim,425,
450,2055.283,0.1429,144,100,11,7559,,E7,,,,,,,,gut_n425_1E7s,7559,,gutim,425,
,,,,,,,,,,,,,,,,,,451,,,
451,2058.4973,3.5714,144,35,5,7560,,B1,,,,,,,,gut_n426_5B1s,7560,,gutim,426,
,,,,,,,,,,,,,,,,,,452,,,
452,2062.4258999999997,0.0859,144,88,5,7561,,E6,,,,,,,,gut_n427_1E6t,7561,,gutim,427,
452,2062.5333,0.0859,144,95,5,7562,,B6,,,,,,,,gut_n427_1B6t,7562,,gutim,427,
452,2062.6407,0.0859,144,79,5,7563,,G5,,,,,,,,gut_n427_1G5t,7563,,gutim,427,
452,2062.7482,0.0859,144,82,5,7564,,Bb5,,,,,,,,gut_n427_1Bb5t_0,7564,,gutim,427,
452,2062.8556,0.0848,144,99,5,7565,,Eb7,,,,,,,,gut_n427_1Eb7t,7565,,gutim,427,
,,,,,,,6069,,,,,,,,,,,,gutim,,
452,2063.4222999999997,0.06,144,83,17,7566,,B5,g,,,,,,,gut_ng427_1B5e,7566,,gutim,427,
452,2063.4973,0.1429,144,53,17,7567,,F3,,,,d,,,,gut_n427_1F3s_0,7567,,gutim,427,
452,2063.4973,0.1429,144,73,24,7567,,C#5,,,,d,,,,gut_n427_1Cs5s,7567,,gutim,427,
452,2063.4973,0.1429,144,81,24,7567,,A5,,,,d,,,,gut_n427_1A5s,7567,,gutim,427,
452,2063.4973,0.6786,144,85,17,7567,,C#6,,,,d,,,,gut_n427_1Cs6s_0,7567,,gutim,427,
452,2063.4973,0.4286,144,40,24,7567,,E2,,,,d,,,,gut_n427_5E2e,7567,,gutim,427,
452,2063.4973,0.4286,144,41,24,7567,,F2,,,,d,,,,gut_n427_5F2e,7567,,gutim,427,
452,2063.4973,0.4286,144,46,24,7567,,Bb2,,,,d,,,,gut_n427_5Bb2e,7567,,gutim,427,
452,2063.6758999999997,0.0714,144,83,17,7568,,B5,,,,d,,,,gut_n427_1B5t_0,7568,,gutim,427,
452,2063.7652,0.2143,144,53,17,7569,,F3,,,,d,,,,gut_n427_1F3t_0,7569,,gutim,427,
452,2063.8545,0.1429,144,65,24,7570,,F4,,,,d,,,,gut_n427_1F4s,7570,,gutim,427,
452,2064.033,0.0714,144,66,17,7571,,F#4,,,,d,,,,gut_n427_1Fs4t_0,7571,,gutim,427,
452,2064.1223,0.0714,144,74,17,7572,,D5,,,,d,,,,gut_n427_1D5t_0,7572,,gutim,427,
452,2064.2116,0.1071,144,83,17,7573,,B5,,,,d,,,,gut_n427_1B5t_1,7573,,gutim,427,
452,2064.3455,0.1071,144,74,11,7574,,D5,,,,d,,,,gut_n427_1D5t_1,7574,,gutim,427,
452,2064.4795,0.0848,144,53,11,7575,,F3,,,,d,,,,gut_n427_1F3t_1,7575,,gutim,427,
452,2064.5687,0.0848,144,66,11,7576,,F#4,,,,d,,,,gut_n427_1Fs4t_1,7576,,gutim,427,
452,2064.658,0.0848,144,74,11,7577,,D5,,,,d,,,,gut_n427_1D5t_2,7577,,gutim,427,
452,2064.7473,0.0848,144,82,11,7578,,Bb5,,,,d,,,,gut_n427_1Bb5t_1,7578,,gutim,427,
452,2064.8473,0.06,144,41,8,7579,,F2,g,,,d,,,,gut_ng427_1F2e,7579,,gutim,427,
452,2064.9222999999997,0.2143,144,71,8,7580,,B4,,,,d,,,,gut_n427_1B4s,7580,,gutim,427,
452,2065.1902,0.2545,144,62,8,7581,,D4,,,,D,6070,,,gut_n427_5D4s_0,7581,,gutim,427,
452,2065.458,0.1696,144,41,10,7582,,F2,,,,,,,,gut_n427_5F2s_0,7582,,gutim,427,
452,2065.6366,0.2545,144,71,12,7583,,B4,,,,,,,,gut_n427_5B4s,7583,,gutim,427,
452,2065.9045,0.2545,144,41,15,7584,,F2,,,,,,,,gut_n427_5F2s_1,7584,,gutim,427,
452,2065.9045,0.2545,144,62,15,7584,,D4,,,,,,,,gut_n427_5D4s_1,7584,,gutim,427,
452,2066.1722999999997,0.0848,144,29,17,7585,,F1,,,,,,,,gut_n427_5F1t,7585,,gutim,427,
,,,,,,,,,,,,,,,,,,453,,,
453,2066.7972999999997,0.1429,144,73,24,7586,,C#5,,,,,,,,gut_n428_1Cs5s_0,7586,,gutim,428,
453,2066.7972999999997,0.1429,144,81,24,7586,,A5,,,,,,,,gut_n428_1A5s_0,7586,,gutim,428,
453,2066.7972999999997,0.1429,144,85,24,7586,,C#6,,,,,,,,gut_n428_1Cs6s_0,7586,,gutim,428,
453,2066.7972999999997,0.4286,144,40,24,7586,,E2,,,,,,,,gut_n428_5E2e_0,7586,,gutim,428,
453,2066.7972999999997,0.4286,144,41,24,7586,,F2,,,,,,,,gut_n428_5F2e_0,7586,,gutim,428,
453,2066.7972999999997,0.4286,144,46,24,7586,,Bb2,,,,,,,,gut_n428_5Bb2e_0,7586,,gutim,428,
453,2066.9759,0.1429,144,65,24,7587,,F4,,,,,,,,gut_n428_1F4s,7587,,gutim,428,
453,2067.1545,0.0714,144,61,8,7588,,C#4,,,,,,,,gut_n428_1Cs4t,7588,,gutim,428,
453,2067.2437,0.0714,144,33,9,7589,,A1,,,,,,,,gut_n428_1A1t,7589,,gutim,428,
453,2067.333,0.1272,144,74,10,7590,,D5,,,,,,,,gut_n428_5D5t_0,7590,,gutim,428,
453,2067.467,0.1272,144,68,11,7591,,G#4,,,,,,,,gut_n428_5Gs4t_0,7591,,gutim,428,
453,2067.6009,0.1272,144,61,12,7592,,C#4,,,,,,,,gut_n428_5Cs4t_0,7592,,gutim,428,
453,2067.7347999999997,0.1272,144,74,13,7593,,D5,,,,,,,,gut_n428_5D5t_1,7593,,gutim,428,
453,2067.8687,0.4286,144,41,24,7594,,F2,,,,,,,,gut_n428_1F2e,7594,,gutim,428,
453,2067.8687,0.4286,144,42,24,7594,,Gb2,,,,,,,,gut_n428_1Gb2e,7594,,gutim,428,
453,2067.8687,0.1272,144,61,14,7594,,C#4,,,,,,,,gut_n428_5Cs4t_1,7594,,gutim,428,
453,2067.8687,0.1272,144,68,14,7594,,G#4,,,,,,,,gut_n428_5Gs4t_1,7594,,gutim,428,
453,2068.0027,0.0714,144,45,14,7595,,A2,,,,,,,,gut_n428_5A2t,7595,,gutim,428,
453,2068.092,0.0714,144,61,14,7596,,C#4,,,,,,,,gut_n428_5Cs4t_2,7596,,gutim,428,
453,2068.092,0.0714,144,68,14,7596,,G#4,,,,,,,,gut_n428_5Gs4t_2,7596,,gutim,428,
453,2068.092,0.0714,144,74,14,7596,,D5,,,,,,,,gut_n428_5D5t_2,7596,,gutim,428,
453,2068.1812,0.1786,144,33,14,7597,,A1,,,,,,,,gut_n428_5A1t_0,7597,,gutim,428,
453,2068.4045,0.4286,144,41,11,7598,,F2,,,,,,,,gut_n428_5F2e_1,7598,,gutim,428,
,,,,,,,6070,,,,,,,,,,,,gutim,,
453,2068.9402,0.1429,144,73,17,7599,,C#5,,,,d,,,,gut_n428_1Cs5s_1,7599,,gutim,428,
453,2068.9402,0.1429,144,74,17,7599,,D5,,,,,,,,gut_n428_1D5s,7599,,gutim,428,
453,2068.9402,0.1429,144,81,17,7599,,A5,,,,d,,,,gut_n428_1A5s_1,7599,,gutim,428,
453,2068.9402,0.1429,144,85,17,7599,,C#6,,,,d,,,,gut_n428_1Cs6s_1,7599,,gutim,428,
453,2068.9402,0.4286,144,40,17,7599,,E2,,,,d,,,,gut_n428_5E2e_1,7599,,gutim,428,
453,2068.9402,0.4286,144,46,17,7599,,Bb2,,,,d,,,,gut_n428_5Bb2e_1,7599,,gutim,428,
453,2069.1187,0.2857,144,65,17,7600,,F4,,,,d,,,,gut_n428_1F4e,7600,,gutim,428,
453,2069.4759,0.1071,144,73,14,7601,,C#5,,,,D,,,,gut_n428_5Cs5t,7601,,gutim,428,
453,2069.6097999999997,0.1071,144,57,13,7602,,A3,,,,,,,,gut_n428_5A3t,7602,,gutim,428,
453,2069.7437,0.0714,144,53,12,7603,,F3,,,,,,,,gut_n428_5F3t_0,7603,,gutim,428,
453,2069.833,0.0714,144,64,11,7604,,E4,,,,,,,,gut_n428_5E4t,7604,,gutim,428,
453,2069.9222999999997,0.0714,144,53,10,7605,,F3,,,,,,,,gut_n428_5F3t_1,7605,,gutim,428,
453,2070.1902,0.0714,144,85,11,7606,,C#6,,,,,,,,gut_n428_1Cs6t,7606,,gutim,428,
453,2070.2902,0.06,144,98,12,7607,,D7,g,,,,,,,gut_ng428_1D7e,7607,,gutim,428,
453,2070.3651999999997,0.0714,144,69,13,7608,,A4,,,,,,,,gut_n428_1A4t,7608,,gutim,428,
453,2070.4652,0.06,144,77,13,7609,,F5,g,,,,,,,gut_ng428_1F5e,7609,,gutim,428,
453,2070.5402,0.06,144,92,14,7610,,G#6,g,,,,,,,gut_ng428_1Gs6e,7610,,gutim,428,
453,2070.7936999999997,0.0714,144,73,17,7611,,C#5,,,,,,,,gut_n428_1Cs5t,7611,,gutim,428,
453,2070.883,0.0714,144,98,17,7612,,D7,,,,,,,,gut_n428_1D7t,7612,,gutim,428,
453,2070.9723,0.0714,144,92,18,7613,,G#6,,,,,,,,gut_n428_1Gs6t_0,7613,,gutim,428,
453,2071.0616,0.0714,144,45,19,7614,,A2,,,,,,,,gut_n428_1A2t,7614,,gutim,428,
453,2071.1509,0.0714,144,53,20,7615,,F3,,,,,,,,gut_n428_1F3t,7615,,gutim,428,
453,2071.2401999999997,0.0714,144,92,20,7616,,G#6,,,,,,,,gut_n428_1Gs6t_1,7616,,gutim,428,
,,,,,,,,,,,,,,,,,,454,,,
454,2071.8651999999997,0.0712,144,50,22,7617,,D3,g,e,,,,,,gut_ng429_1D3e_0,7617,,gutim,429,
454,2071.9402,0.0712,144,37,22,7618,,C#2,g,e,,,,,,gut_ng429_1Cs2e_0,7618,,gutim,429,
454,2072.0152,0.0712,144,21,23,7619,,A0,g,e,,,,,,gut_ng429_1A0e_0,7619,,gutim,429,
454,2072.0902,0.0712,144,37,24,7620,,C#2,g,e,,,,,,gut_ng429_1Cs2e_1,7620,,gutim,429,
454,2072.0902,0.0712,144,44,24,7620,,G#2,g,e,,,,,,gut_ng429_1Gs2e,7620,,gutim,429,
454,2072.0902,0.0712,144,50,24,7620,,D3,g,e,,,,,,gut_ng429_1D3e_1,7620,,gutim,429,
454,2072.1652,0.0712,144,21,24,7621,,A0,g,e,,,,,,gut_ng429_1A0e_1,7621,,gutim,429,
454,2072.1652,0.0712,144,29,24,7621,,F1,g,e,,,,,,gut_ng429_1F1e,7621,,gutim,429,
454,2072.2401999999997,1.2723,144,61,24,7622,,C#4,,E,,,,,,gut_n429_1Cs4e_0,7622,,gutim,429,
454,2073.2365999999997,0.06,144,55,11,7623,,G3,g,,,,,,,gut_ng429_1G3e,7623,,gutim,429,
454,2073.3116,0.1071,144,58,11,7624,,Bb3,,,,,,,,gut_n429_1Bb3t,7624,,gutim,429,
454,2073.3116,0.8571,144,79,11,7624,,G5,,,,,,,,gut_n429_1G5t_0,7624,,gutim,429,
454,2073.4455,0.1071,144,62,11,7625,,D4,,,,,,,,gut_n429_1D4t,7625,,gutim,429,
454,2073.5795,0.6429,144,61,24,7626,,C#4,,,,,,,,gut_n429_1Cs4e_1,7626,,gutim,429,
454,2073.5795,0.6429,144,86,24,7626,,D6,,,,,,,,gut_n429_1D6e,7626,,gutim,429,
454,2074.0259,1.1429,144,35,11,7627,,B1,,,,,,,,gut_n429_5B1e_0,7627,,gutim,429,
454,2074.0259,1.1429,144,46,11,7627,,Bb2,,,,,,,,gut_n429_5Bb2e_0,7627,,gutim,429,
454,2074.383,0.8571,144,38,11,7628,,D2,,,,,,,,gut_n429_5D2q,7628,,gutim,429,
454,2074.6509,0.0848,144,85,14,7629,,Db6,,e,,d,,,,gut_n429_1Db6t,7629,,gutim,429,
454,2074.7401999999997,0.0848,144,57,14,7630,,A3,,e,,d,,,,gut_n429_1A3t,7630,,gutim,429,
454,2074.8295,0.0848,144,53,14,7631,,F3,,e,,d,,,,gut_n429_1F3t_0,7631,,gutim,429,
454,2074.9186999999997,0.0848,144,64,14,7632,,E4,,e,,d,,,,gut_n429_1E4t_0,7632,,gutim,429,
454,2075.008,0.0848,144,53,14,7633,,F3,,e,,d,,,,gut_n429_1F3t_1,7633,,gutim,429,
454,2075.0973,0.0848,144,64,14,7634,,E4,,e,,d,,,,gut_n429_1E4t_1,7634,,gutim,429,
454,2075.1866,0.2143,144,70,14,7635,,Bb4,,E,,d,,,,gut_n429_1Bb4s,7635,,gutim,429,
454,2075.4545,0.1272,144,42,8,7636,,F#2,,,,,,,,gut_n429_1Fs2t,7636,,gutim,429,
454,2075.4545,0.1272,144,55,8,7636,,G3,,,,,,,,gut_n429_1G3t,7636,,gutim,429,
454,2075.4545,0.2857,144,35,8,7636,,B1,,,,,,,,gut_n429_5B1e_1,7636,,gutim,429,
454,2075.4545,0.2857,144,38,8,7636,,D2,,,,,,,,gut_n429_5D2e_0,7636,,gutim,429,
454,2075.4545,0.2857,144,46,8,7636,,Bb2,,,,,,,,gut_n429_5Bb2e_1,7636,,gutim,429,
454,2075.5884,0.1272,144,48,8,7637,,C3,,,,,,,,gut_n429_1C3t,7637,,gutim,429,
454,2075.8116,0.2857,144,64,7,7638,,E4,,,,,,,,gut_n429_5E4e,7638,,gutim,429,
454,2076.1686999999997,0.2857,144,30,5,7639,,F#1,,,,,,,,gut_n429_5Fs1e,7639,,gutim,429,
454,2076.1686999999997,0.2857,144,35,5,7639,,B1,,,,,,,,gut_n429_5B1e_2,7639,,gutim,429,
454,2076.1686999999997,0.2857,144,38,5,7639,,D2,,,,,,,,gut_n429_5D2e_1,7639,,gutim,429,
454,2076.1686999999997,0.2857,144,46,5,7639,,Bb2,,,,,,,,gut_n429_5Bb2e_2,7639,,gutim,429,
454,2076.258,0.1071,144,54,11,7640,,F#3,,,,,,,,gut_n429_1Fs3t,7640,,gutim,429,
454,2076.392,0.1071,144,70,11,7641,,A#4,,,,,,,,gut_n429_1As4t,7641,,gutim,429,
454,2076.5259,1.2857,144,79,11,7642,,G5,,,,,,,,gut_n429_1G5q,7642,,gutim,429,
454,2076.9276999999997,0.1071,144,83,11,7643,,B5,,e,,d,,,,gut_n429_5B5t,7643,,gutim,429,
454,2077.0616,0.1071,144,62,11,7644,,D4,,e,,d,,,,gut_n429_5D4t_0,7644,,gutim,429,
454,2077.1955,0.1071,144,41,11,7645,,F2,,e,,d,,,,gut_n429_5F2t_0,7645,,gutim,429,
454,2077.3295,0.1071,144,41,11,7646,,F2,,e,,d,,,,gut_n429_5F2t_1,7646,,gutim,429,
454,2077.3295,0.1071,144,54,11,7646,,F#3,,e,,d,,,,gut_n429_5Fs3t,7646,,gutim,429,
454,2077.3295,0.1071,144,62,11,7646,,D4,,e,,d,,,,gut_n429_5D4t_1,7646,,gutim,429,
454,2077.3295,0.1071,144,71,11,7646,,B4,,e,,d,,,,gut_n429_5B4t,7646,,gutim,429,
454,2077.4634,0.1071,144,70,11,7647,,A#4,,e,,d,,,,gut_n429_5As4t,7647,,gutim,429,
,,,,,,,,,,,,,,,,,,455,,,
455,2077.5973,0.1071,144,42,5,7648,,F#2,,e,,d,,,,gut_n430_5Fs2t_0,7648,,gutim,430,
455,2077.5973,0.1071,144,55,5,7648,,G3,,e,,d,,,,gut_n430_5G3t_0,7648,,gutim,430,
455,2077.7311999999997,0.1071,144,58,5,7649,,Bb3,,e,,d,,,,gut_n430_5Bb3t,7649,,gutim,430,
455,2077.8651999999997,0.1071,144,62,5,7650,,D4,,e,,d,,,,gut_n430_5D4t,7650,,gutim,430,
455,2077.9991,0.1071,144,42,5,7651,,F#2,,e,,d,,,,gut_n430_5Fs2t_1,7651,,gutim,430,
455,2077.9991,0.1071,144,48,5,7651,,C3,,e,,d,,,,gut_n430_5C3t,7651,,gutim,430,
455,2077.9991,0.1071,144,55,5,7651,,G3,,e,,d,,,,gut_n430_5G3t_1,7651,,gutim,430,
455,2078.133,0.3214,144,64,5,7652,,E4,,E,6071,D,6071,,,gut_n430_1E4s,7652,,gutim,430,
455,2078.3116,0.2857,144,30,5,7653,,F#1,,,,,,,,gut_n430_5Fs1e,7653,,gutim,430,
455,2078.3116,0.2857,144,35,5,7653,,B1,,,,,,,,gut_n430_5B1e,7653,,gutim,430,
455,2078.3116,0.2857,144,38,5,7653,,D2,,,,,,,,gut_n430_5D2e,7653,,gutim,430,
455,2078.3116,0.2857,144,46,5,7653,,Bb2,,,,,,,,gut_n430_5Bb2e,7653,,gutim,430,
455,2078.3116,0.2857,144,52,5,7653,,E3,,,,,,,,gut_n430_5E3e,7653,,gutim,430,
455,2078.5348,0.1071,144,41,14,7654,,F2,,,,,,,,gut_n430_1F2t,7654,,gutim,430,
,,,,,,,6071,,,,,,,,,,,,gutim,,
455,2078.6686999999997,0.4286,144,41,17,7655,,F2,,,,,,,,gut_n430_1F2e,7655,,gutim,430,
455,2078.6686999999997,0.4286,144,49,17,7655,,Db3,,,,,,,,gut_n430_1Db3e,7655,,gutim,430,
455,2078.6686999999997,0.5714,144,83,11,7655,,B5,,,,,,,,gut_n430_5B5e,7655,,gutim,430,
455,2079.2045,1.2857,144,79,11,7656,,G5,,,,,,,,gut_n430_1G5q,7656,,gutim,430,
455,2079.383,0.1127,144,42,11,7657,,F#2,,,,,,,,gut_n430_5Fs2t_2,7657,,gutim,430,
455,2079.5016,0.1127,144,50,12,7658,,D3,,,,,,,,gut_n430_5D3t_0,7658,,gutim,430,
455,2079.6202,0.1127,144,42,13,7659,,F#2,,,,,,,,gut_n430_5Fs2t_3,7659,,gutim,430,
455,2079.7388,0.1127,144,83,14,7660,,B5,,,,,,,,gut_n430_5B5t,7660,,gutim,430,
455,2079.8574,0.1127,144,50,14,7661,,D3,,,,,,,,gut_n430_5D3t_1,7661,,gutim,430,
455,2079.9759,0.1127,144,42,14,7662,,F#2,,,,,,,,gut_n430_5Fs2t_4,7662,,gutim,430,
455,2080.4517,0.2879,144,30,5,7663,,F#1,,,,,,,,gut_n430_5Fs1s,7663,,gutim,430,
455,2080.4517,0.2879,144,35,5,7663,,B1,,,,,,,,gut_n430_5B1s,7663,,gutim,430,
455,2080.4517,0.2879,144,38,5,7663,,D2,,,,,,,,gut_n430_5D2s,7663,,gutim,430,
455,2080.4517,0.2879,144,46,5,7663,,Bb2,,,,,,,,gut_n430_5Bb2s,7663,,gutim,430,
455,2080.4517,0.2879,144,52,5,7663,,E3,,,,,,,,gut_n430_5E3s,7663,,gutim,430,
455,2080.8116,0.5145,144,81,11,7664,,A5,,,,,,,,gut_n430_1A5e,7664,,gutim,430,
455,2081.3473,0.5089,144,41,17,7665,,F2,,,,,,,,gut_n430_5F2e,7665,,gutim,430,
455,2081.3473,0.4286,144,49,17,7665,,Db3,,,,,,,,gut_n430_5Db3e,7665,,gutim,430,
455,2081.3473,0.4286,144,68,17,7665,,Ab4,,,,,,,,gut_n430_5Ab4e,7665,,gutim,430,
455,2081.4547,0.3426,144,73,12,7666,,C#5,,,,,,,,gut_n430_1Cs5e,7666,,gutim,430,
455,2081.883,0.1283,144,81,13,7667,,A5,,,,,,,,gut_n430_1A5t,7667,,gutim,430,
455,2082.0434999999998,0.0859,144,73,13,7668,,C#5,,,,,,,,gut_n430_1Cs5t,7668,,gutim,430,
455,2082.1509,0.0859,144,58,14,7669,,Bb3,,,,,,,,gut_n430_1Bb3t_0,7669,,gutim,430,
455,2082.2583,0.1283,144,93,14,7670,,A6,,,,,,,,gut_n430_1A6t,7670,,gutim,430,
455,2082.4186999999997,0.1429,144,85,14,7671,,C#6,,,,,,,,gut_n430_1Cs6t_0,7671,,gutim,430,
455,2082.5973,0.0949,144,65,14,7672,,F4,,e,,,,,,gut_n430_1F4t,7672,,gutim,430,
455,2082.7159,0.0949,144,85,15,7673,,C#6,,e,,,,,,gut_n430_1Cs6t_1,7673,,gutim,430,
455,2082.8345,0.096,144,58,15,7674,,Bb3,,e,,,,,,gut_n430_1Bb3t_1,7674,,gutim,430,
,,,,,,,,,,,,,,,,,,456,,,
456,2082.9545,0.1127,144,65,15,7675,,F4,,e,,,,,,gut_n431_1F4t,7675,,gutim,431,
456,2083.073,0.1127,144,52,15,7676,,E3,,e,,,,,,gut_n431_1E3t_0,7676,,gutim,431,
456,2083.1916,0.1696,144,58,16,7677,,Bb3,,E,,,,,,gut_n431_1Bb3t,7677,,gutim,431,
456,2083.3702,0.1127,144,40,16,7678,,E2,,,,,,,,gut_n431_1E2t,7678,,gutim,431,
456,2083.4888,0.1696,144,93,16,7679,,A6,,,,,,,,gut_n431_1A6t,7679,,gutim,431,
456,2083.6674,0.1127,144,85,17,7680,,C#6,,,,,,,,gut_n431_1Cs6t_0,7680,,gutim,431,
456,2083.7859,0.1127,144,70,17,7681,,Bb4,,,,,,,,gut_n431_1Bb4t,7681,,gutim,431,
456,2083.9045,0.1153,144,77,17,7682,,F5,,,,,,,,gut_n431_1F5t,7682,,gutim,431,
456,2084.0259,1.7143,144,58,20,7683,,Bb3,,,,,,,,gut_n431_1Bb3h,7683,,gutim,431,
456,2084.383,0.1127,144,70,11,7684,,Bb4,,,,,,,,gut_n431_5Bb4t_0,7684,,gutim,431,
456,2084.5016,0.1127,144,43,11,7685,,G2,,,,,,,,gut_n431_5G2t,7685,,gutim,431,
456,2084.6202,0.1127,144,70,12,7686,,Bb4,,,,,,,,gut_n431_5Bb4t_1,7686,,gutim,431,
456,2084.7388,0.1696,144,42,12,7687,,Gb2,,,,,,,,gut_n431_5Gb2t_0,7687,,gutim,431,
456,2084.9174,0.1696,144,70,12,7688,,Bb4,,,,,,,,gut_n431_5Bb4t_2,7688,,gutim,431,
456,2085.0959,0.1696,144,83,13,7689,,B5,,,,,,,,gut_n431_5B5s,7689,,gutim,431,
456,2085.2745,0.1696,144,50,13,7690,,D3,,,,,,,,gut_n431_5D3s,7690,,gutim,431,
456,2085.4530999999997,0.1696,144,41,14,7691,,F2,,,,,,,,gut_n431_5F2s,7691,,gutim,431,
456,2085.6315999999997,0.1021,144,42,14,7692,,Gb2,,e,,d,,,,gut_n431_5Gb2t_1,7692,,gutim,431,
456,2085.6315999999997,0.1021,144,52,8,7692,,E3,,e,,d,,,,gut_n431_5E3t,7692,,gutim,431,
456,2085.7391,0.1021,144,85,8,7693,,C#6,,e,,d,,,,gut_n431_5Cs6t,7693,,gutim,431,
456,2085.8465,0.1021,144,70,8,7694,,Bb4,,e,,d,,,,gut_n431_5Bb4t_3,7694,,gutim,431,
456,2085.9539,0.1021,144,45,8,7695,,A2,,e,,d,,,,gut_n431_5A2t,7695,,gutim,431,
456,2086.0613,0.1021,144,41,8,7696,,F2,,E,,d,,,,gut_n431_5F2t,7696,,gutim,431,
456,2086.7045,0.1429,144,85,8,7697,,C#6,,,,,,,,gut_n431_1Cs6t_1,7697,,gutim,431,
456,2086.883,0.1127,144,45,8,7698,,A2,,,,,,,,gut_n431_1A2t,7698,,gutim,431,
456,2086.883,0.2857,144,30,5,7698,,F#1,,,,,,,,gut_n431_5Fs1e,7698,,gutim,431,
456,2086.883,0.2857,144,35,5,7698,,B1,,,,,,,,gut_n431_5B1e,7698,,gutim,431,
456,2086.883,0.2857,144,38,5,7698,,D2,,,,,,,,gut_n431_5D2e,7698,,gutim,431,
456,2086.883,0.2857,144,46,5,7698,,Bb2,,,,,,,,gut_n431_5Bb2e,7698,,gutim,431,
456,2086.883,0.2857,144,52,5,7698,,E3,,,,,,,,gut_n431_5E3e,7698,,gutim,431,
456,2087.0016,0.1127,144,41,8,7699,,F2,,,,,,,,gut_n431_1F2t,7699,,gutim,431,
456,2087.1202,0.114,144,52,8,7700,,E3,,,,,,,,gut_n431_1E3t_1,7700,,gutim,431,
456,2087.7759,0.1696,144,97,8,7701,,C#7,,,,,,,,gut_n431_1Cs7s,7701,,gutim,431,
456,2087.9545,0.1696,144,45,8,7702,,A2,,,,,,,,gut_n431_1A2s,7702,,gutim,431,
456,2088.133,0.1696,144,52,8,7703,,E3,,,,,,,,gut_n431_1E3s,7703,,gutim,431,
,,,,,,,,,,,,,,,,,,457,,,
457,2088.3116,0.1127,144,41,8,7704,,F2,,,,,,,,gut_n432_1F2t_0,7704,,gutim,432,
457,2088.3116,0.1127,144,45,8,7704,,A2,,,,,,,,gut_n432_1A2t_0,7704,,gutim,432,
457,2088.4302,0.1127,144,97,8,7705,,C#7,,,,,,,,gut_n432_1Cs7t,7705,,gutim,432,
457,2088.5488,0.1127,144,82,8,7706,,Bb5,,,,,,,,gut_n432_1Bb5t,7706,,gutim,432,
457,2088.6674,0.171,144,41,8,7707,,F2,,,,,,,,gut_n432_1F2t_1,7707,,gutim,432,
457,2088.6674,0.171,144,45,8,7707,,A2,,,,,,,,gut_n432_1A2t_1,7707,,gutim,432,
457,2088.6674,0.171,144,52,8,7707,,E3,,,,,,,,gut_n432_1E3t,7707,,gutim,432,
457,2088.8473,0.5089,144,82,8,7708,,Bb5,,,,,,,,gut_n432_1Bb5e,7708,,gutim,432,
457,2089.9186999999997,0.1021,144,76,5,7709,,E5,,e,,d,,,,gut_n432_1E5t_0,7709,,gutim,432,
457,2090.0262,0.1021,144,83,5,7710,,B5,,e,,d,,,,gut_n432_1B5t,7710,,gutim,432,
457,2090.1336,0.1021,144,67,5,7711,,G4,,e,,d,,,,gut_n432_1G4t,7711,,gutim,432,
457,2090.241,0.1021,144,70,5,7712,,Bb4,,e,,d,,,,gut_n432_1Bb4t,7712,,gutim,432,
457,2090.241,0.1021,144,76,5,7712,,E5,,e,,d,,,,gut_n432_1E5t_1,7712,,gutim,432,
457,2090.3484,0.1007,144,99,5,7713,,Eb7,,E,,d,,,,gut_n432_1Eb7t,7713,,gutim,432,
457,2090.7223,0.3214,144,28,14,7714,,E1,,,,,,,,gut_n432_1E1s_0,7714,,gutim,432,
457,2090.7223,0.3214,144,58,14,7714,,Bb3,,,,,,,,gut_n432_1Bb3s,7714,,gutim,432,
457,2090.8116,0.5714,144,30,8,7715,,F#1,,,,,,,,gut_n432_5Fs1q,7715,,gutim,432,
457,2090.8116,0.5714,144,35,8,7715,,B1,,,,,,,,gut_n432_5B1q,7715,,gutim,432,
457,2090.8116,0.5714,144,38,8,7715,,D2,,,,,,,,gut_n432_5D2q,7715,,gutim,432,
457,2090.8116,0.5714,144,46,8,7715,,Bb2,,,,,,,,gut_n432_5Bb2q,7715,,gutim,432,
457,2090.8116,0.5714,144,52,8,7715,,E3,,,,,,,,gut_n432_5E3q,7715,,gutim,432,
457,2091.1241,0.3214,144,28,17,7716,,E1,,,,,,,,gut_n432_1E1s_1,7716,,gutim,432,
,,,,,,,,,,,,,,,,,,458,,,
458,2091.5259,0.1696,144,97,8,7717,,C#7,,,,,,,,gut_n433_1Cs7s_0,7717,,gutim,433,
458,2091.5259,0.1696,144,105,20,7717,,A7,,,,,,,,gut_n433_1A7s_0,7717,,gutim,433,
458,2091.5259,0.8571,144,28,20,7717,,E1,,,,,,,,gut_n433_5E1q,7717,,gutim,433,
458,2091.7045,0.1696,144,33,8,7718,,A1,,,,,,,,gut_n433_1A1s,7718,,gutim,433,
458,2091.883,0.1696,144,40,8,7719,,E2,,,,,,,,gut_n433_1E2s,7719,,gutim,433,
458,2092.0616,0.1127,144,29,8,7720,,F1,,,,,,,,gut_n433_1F1t_0,7720,,gutim,433,
458,2092.0616,0.1127,144,33,8,7720,,A1,,,,,,,,gut_n433_1A1t_0,7720,,gutim,433,
458,2092.1802,0.1127,144,97,8,7721,,C#7,,,,,,,,gut_n433_1Cs7t_0,7721,,gutim,433,
458,2092.2988,0.1127,144,82,8,7722,,Bb5,,,,,,,,gut_n433_1Bb5t_0,7722,,gutim,433,
458,2092.4174,0.1696,144,29,8,7723,,F1,,,,,,,,gut_n433_1F1t_1,7723,,gutim,433,
458,2092.4174,0.1696,144,33,8,7723,,A1,,,,,,,,gut_n433_1A1t_1,7723,,gutim,433,
458,2092.4174,0.1696,144,40,8,7723,,E2,,,,,,,,gut_n433_1E2t_0,7723,,gutim,433,
458,2092.5959,0.1127,144,95,11,7724,,B6,,,,,,,,gut_n433_1B6t,7724,,gutim,433,
458,2092.7145,0.1127,144,41,11,7725,,F2,,,,,,,,gut_n433_1F2t,7725,,gutim,433,
458,2092.8331,0.1127,144,74,11,7726,,D5,,,,,,,,gut_n433_1D5t_0,7726,,gutim,433,
458,2092.9517,0.1696,144,83,11,7727,,B5,,,,,,,,gut_n433_1B5t,7727,,gutim,433,
458,2093.1302,0.1696,144,74,11,7728,,D5,,,,,,,,gut_n433_1D5t_1,7728,,gutim,433,
458,2093.3088,0.1127,144,29,11,7729,,F1,,,,,,,,gut_n433_1F1t_2,7729,,gutim,433,
458,2093.4274,0.1127,144,82,11,7730,,Bb5,,,,,,,,gut_n433_1Bb5t_1,7730,,gutim,433,
458,2093.546,0.1696,144,42,11,7731,,Gb2,,,,,,,,gut_n433_1Gb2t_0,7731,,gutim,433,
458,2093.7245,0.1127,144,82,11,7732,,Bb5,,e,,d,,,,gut_n433_1Bb5t_2,7732,,gutim,433,
458,2093.8431,0.1696,144,29,11,7733,,F1,,e,,d,,,,gut_n433_1F1t_3,7733,,gutim,433,
458,2094.0217,0.1696,144,42,11,7734,,Gb2,,e,,d,,,,gut_n433_1Gb2t_1,7734,,gutim,433,
458,2094.2003,0.1127,144,29,11,7735,,F1,,e,,d,,,,gut_n433_1F1t_4,7735,,gutim,433,
458,2094.2003,0.1127,144,33,11,7735,,A1,,e,,d,,,,gut_n433_1A1t_2,7735,,gutim,433,
458,2094.3188999999998,0.1127,144,97,11,7736,,C#7,,e,,d,,,,gut_n433_1Cs7t_1,7736,,gutim,433,
458,2094.4374,0.1127,144,82,11,7737,,Bb5,,e,,d,,,,gut_n433_1Bb5t_3,7737,,gutim,433,
458,2094.556,0.1749,144,29,11,7738,,F1,,e,,d,,,,gut_n433_1F1t_5,7738,,gutim,433,
458,2094.556,0.1749,144,33,11,7738,,A1,,e,,d,,,,gut_n433_1A1t_3,7738,,gutim,433,
458,2094.556,0.1749,144,40,11,7738,,E2,,e,,d,,,,gut_n433_1E2t_1,7738,,gutim,433,
458,2094.7401999999997,0.3817,144,97,14,7739,,C#7,,e,,d,,,,gut_n433_1Cs7s_1,7739,,gutim,433,
458,2094.7401999999997,0.3817,144,105,14,7739,,A7,,e,,d,,,,gut_n433_1A7s_1,7739,,gutim,433,
458,2094.7401999999997,0.2857,144,28,14,7739,,E1,,E,6072,d,,,,gut_n433_5E1e,7739,,gutim,433,
458,2095.0973,0.5714,144,30,8,7740,,F#1,,,,d,,,,gut_n433_5Fs1q,7740,,gutim,433,
458,2095.0973,0.5714,144,35,8,7740,,B1,,,,d,,,,gut_n433_5B1q,7740,,gutim,433,
458,2095.0973,0.5714,144,38,8,7740,,D2,,,,d,,,,gut_n433_5D2q,7740,,gutim,433,
458,2095.142,0.1272,144,77,14,7741,,F5,,,,d,,,,gut_n433_1F5t,7741,,gutim,433,
458,2095.2759,0.1908,144,72,11,7742,,C5,,,,D,6072,,,gut_n433_1C5t_0,7742,,gutim,433,
458,2095.4768,0.1272,144,37,12,7743,,C#2,,,,,,,,gut_n433_1Cs2t_0,7743,,gutim,433,
458,2095.6106999999997,0.1908,144,44,12,7744,,G#2,,,,,,,,gut_n433_1Gs2t,7744,,gutim,433,
458,2095.8116,0.1908,144,72,13,7745,,C5,,,,,,,,gut_n433_1C5t_1,7745,,gutim,433,
458,2096.0125,0.1908,144,37,14,7746,,C#2,,,,,,,,gut_n433_1Cs2t_1,7746,,gutim,433,
458,2096.2134,0.3817,144,91,15,7747,,G6,,,,,,,,gut_n433_1G6s,7747,,gutim,433,
458,2096.6151999999997,0.2143,144,52,17,7748,,E3,,,,,,,,gut_n433_1E3s,7748,,gutim,433,
458,2096.883,0.8571,144,77,8,7749,,F5,,,,,,,,gut_n433_1F5q,7749,,gutim,433,
458,2096.883,0.8571,144,97,8,7749,,C#7,,,,,,,,gut_n433_1Cs7q,7749,,gutim,433,
458,2096.883,0.8571,144,105,8,7749,,A7,,,,,,,,gut_n433_1A7q,7749,,gutim,433,
,,,,,,,,,,,,,,,,,,459,,,
459,2097.9545,0.06,144,60,14,7750,,C4,g,,,,,,,gut_ng434_5C4e,7750,,gutim,434,
,,,,,,,6072,,,,,,,,,,,,gutim,,
459,2098.0295,0.8571,144,95,20,7751,,B6,,,,,,,,gut_n434_1B6q_0,7751,,gutim,434,
459,2098.0295,1.3571,144,67,14,7751,,G4,,,,,,,,gut_n434_5G4q,7751,,gutim,434,
459,2099.1009,0.8571,144,62,20,7752,,D4,,,,,,,,gut_n434_1D4q,7752,,gutim,434,
459,2099.1009,0.8571,144,95,20,7752,,B6,,,,,,,,gut_n434_1B6q_1,7752,,gutim,434,
459,2099.458,0.2857,144,52,15,7753,,E3,,,,,,,,gut_n434_5E3e,7753,,gutim,434,
459,2100.1722999999997,0.1071,144,29,15,7754,,F1,,,,,,,,gut_n434_1F1t_0,7754,,gutim,434,
459,2100.1722999999997,0.1071,144,62,15,7754,,D4,,,,,,,,gut_n434_1D4t_0,7754,,gutim,434,
459,2100.3062,0.1071,144,29,15,7755,,F1,,,,,,,,gut_n434_1F1t_1,7755,,gutim,434,
459,2100.3062,0.1071,144,54,15,7755,,F#3,,,,,,,,gut_n434_1Fs3t,7755,,gutim,434,
459,2100.3062,0.1071,144,62,15,7755,,D4,,,,,,,,gut_n434_1D4t_1,7755,,gutim,434,
459,2100.4402,0.6429,144,82,15,7756,,Bb5,,,,,,,,gut_n434_1Bb5e,7756,,gutim,434,
459,2100.4402,0.6429,144,95,15,7756,,B6,,,,,,,,gut_n434_1B6e,7756,,gutim,434,
459,2100.708,0.0714,144,32,14,7757,,G#1,,,,,,,,gut_n434_5Gs1t_0,7757,,gutim,434,
459,2100.7972999999997,0.0714,144,25,15,7758,,C#1,,,,,,,,gut_n434_5Cs1t_0,7758,,gutim,434,
459,2100.8866,0.1071,144,32,16,7759,,G#1,,,,,,,,gut_n434_5Gs1t_1,7759,,gutim,434,
459,2101.0205,0.1071,144,60,17,7760,,C4,,,,,,,,gut_n434_5C4t_0,7760,,gutim,434,
459,2101.1545,0.0714,144,25,18,7761,,C#1,,,,d,,,,gut_n434_5Cs1t_1,7761,,gutim,434,
459,2101.1545,0.0714,144,32,18,7761,,G#1,,,,d,,,,gut_n434_5Gs1t_2,7761,,gutim,434,
459,2101.1545,0.0714,144,60,18,7761,,C4,,,,d,,,,gut_n434_5C4t_1,7761,,gutim,434,
459,2101.3777,0.1071,144,25,20,7762,,C#1,,,,d,,,,gut_n434_5Cs1t_2,7762,,gutim,434,
459,2101.3777,0.1071,144,32,20,7762,,G#1,,,,d,,,,gut_n434_5Gs1t_3,7762,,gutim,434,
459,2101.3777,0.1071,144,60,20,7762,,C4,,,,d,,,,gut_n434_5C4t_2,7762,,gutim,434,
459,2101.6009,0.0714,144,82,11,7763,,Bb5,,,,d,,,,gut_n434_1Bb5t,7763,,gutim,434,
459,2101.6009,0.0714,144,95,11,7763,,B6,,,,d,,,,gut_n434_1B6t,7763,,gutim,434,
459,2101.6009,0.1429,144,54,11,7763,,F#3,,,,d,,,,gut_n434_5Fs3s,7763,,gutim,434,
459,2101.6009,0.1429,144,62,11,7763,,D4,,,,d,,,,gut_n434_5D4s,7763,,gutim,434,
459,2101.6902,0.0714,144,91,14,7764,,G6,,e,,d,,,,gut_n434_1G6t,7764,,gutim,434,
459,2101.7795,0.0714,144,84,15,7765,,C6,,e,,,,,,gut_n434_1C6t_0,7765,,gutim,434,
459,2101.8687,0.0714,144,76,16,7766,,E5,,e,,,,,,gut_n434_1E5t,7766,,gutim,434,
459,2101.958,0.0714,144,49,17,7767,,C#3,,e,,,,,,gut_n434_1Cs3t_0,7767,,gutim,434,
459,2102.0472999999997,0.0714,144,56,18,7768,,G#3,,e,,,,,,gut_n434_1Gs3t,7768,,gutim,434,
459,2102.1366,0.0714,144,84,19,7769,,C6,,e,,,,,,gut_n434_1C6t_1,7769,,gutim,434,
459,2102.2259,0.0714,144,49,20,7770,,C#3,,E,,,,,,gut_n434_1Cs3t_1,7770,,gutim,434,
459,2102.3259,0.0712,144,72,14,7771,,C5,g,,,,,,,gut_ng434_1C5e,7771,,gutim,434,
459,2102.4009,0.0712,144,79,14,7772,,G5,g,,,,,,,gut_ng434_1G5e,7772,,gutim,434,
459,2102.4759,0.0712,144,37,15,7773,,C#2,g,,,,,,,gut_ng434_1Cs2e,7773,,gutim,434,
459,2102.4759,0.06,144,29,15,7773,,F1,g,,,,,,,gut_ng434_5F1e,7773,,gutim,434,
459,2102.5508999999997,0.1696,144,64,11,7774,,E4,,,,,,,,gut_n434_1E4s,7774,,gutim,434,
459,2102.5508999999997,0.2143,144,71,11,7774,,B4,,,,,,,,gut_n434_5B4s,7774,,gutim,434,
459,2102.7295,0.2857,144,44,10,7775,,G#2,,,,,,,,gut_n434_1Gs2e,7775,,gutim,434,
459,2102.7295,0.2857,144,64,10,7775,,E4,,,,,,,,gut_n434_1E4e,7775,,gutim,434,
459,2102.8187,0.2143,144,50,10,7776,,D3,,,,,,,,gut_n434_5D3s,7776,,gutim,434,
459,2103.0866,0.8571,144,29,9,7777,,F1,,,,,,,,gut_n434_5F1e_0,7777,,gutim,434,
459,2104.158,0.1071,144,29,6,7778,,F1,,e,,,,,,gut_n434_5F1t,7778,,gutim,434,
459,2104.158,0.1071,144,38,6,7778,,D2,,e,,,,,,gut_n434_5D2t,7778,,gutim,434,
459,2104.158,0.1071,144,71,6,7778,,B4,,e,,,,,,gut_n434_5B4t,7778,,gutim,434,
459,2104.292,0.1071,144,58,6,7779,,Bb3,,e,,,,,,gut_n434_5Bb3t_0,7779,,gutim,434,
459,2104.4258999999997,0.1071,144,30,5,7780,,Gb1,,e,,,,,,gut_n434_5Gb1t,7780,,gutim,434,
459,2104.5598,0.1071,144,58,5,7781,,Bb3,,e,,,,,,gut_n434_5Bb3t_1,7781,,gutim,434,
,,,,,,,,,,,,,,,,,,460,,,
460,2104.6937,0.3393,144,71,14,7782,,B4,,,,d,,,,gut_n435_1B4e_0,7782,,gutim,435,
460,2104.6937,0.1696,144,29,14,7782,,F1,,E,,d,,,,gut_n435_5F1s_0,7782,,gutim,435,
460,2104.6937,0.1696,144,38,14,7782,,D2,,E,6073,d,,,,gut_n435_5D2s_0,7782,,gutim,435,
460,2104.8723,0.3393,144,30,8,7783,,Gb1,,,,d,,,,gut_n435_5Gb1e_0,7783,,gutim,435,
460,2105.0508999999997,0.1696,144,58,5,7784,,Bb3,,,,d,,,,gut_n435_1Bb3s_0,7784,,gutim,435,
460,2105.2295,0.2041,144,40,8,7785,,E2,,,,d,,,,gut_n435_5E2s_0,7785,,gutim,435,
460,2105.3369,0.3048,144,59,8,7786,,B3,,,,d,,,,gut_n435_1B3s,7786,,gutim,435,
460,2105.4442999999997,0.1021,144,31,8,7787,,G1,,,,d,,,,gut_n435_5G1t,7787,,gutim,435,
460,2105.5517,0.2028,144,34,8,7788,,Bb1,,,,d,,,,gut_n435_5Bb1s,7788,,gutim,435,
460,2105.5517,0.2028,144,40,8,7788,,E2,,,,d,,,,gut_n435_5E2s_1,7788,,gutim,435,
460,2105.6578,0.1021,144,75,8,7789,,Eb5,,,,d,,,,gut_n435_1Eb5t,7789,,gutim,435,
460,2106.8365999999996,0.0335,144,58,20,7790,,Bb3,,,,d,,,,gut_n435_1Bb3t,7790,,gutim,435,
460,2106.8365999999996,0.1071,144,71,20,7790,,B4,,,,d,,,,gut_n435_1B4t,7790,,gutim,435,
460,2106.8365999999996,0.0335,144,29,20,7790,,F1,,,,d,,,,gut_n435_5F1t,7790,,gutim,435,
460,2106.8365999999996,0.1071,144,30,20,7790,,Gb1,,,,d,,,,gut_n435_5Gb1t,7790,,gutim,435,
460,2106.8365999999996,0.1071,144,38,20,7790,,D2,,,,d,,,,gut_n435_5D2t,7790,,gutim,435,
460,2106.9705,0.3214,144,58,20,7791,,Bb3,,,,,,,,gut_n435_1Bb3s_1,7791,,gutim,435,
460,2106.9705,0.3214,144,71,20,7791,,B4,,,,,,,,gut_n435_1B4s_0,7791,,gutim,435,
460,2106.9705,0.3214,144,29,20,7791,,F1,,,,d,,,,gut_n435_5F1s_1,7791,,gutim,435,
460,2106.9705,0.3214,144,30,20,7791,,Gb1,,,,d,,,,gut_n435_5Gb1s_0,7791,,gutim,435,
460,2106.9705,0.3214,144,38,20,7791,,D2,,,,d,,,,gut_n435_5D2s_1,7791,,gutim,435,
460,2107.5062,0.5357,144,58,14,7792,,Bb3,,,,d,,,,gut_n435_1Bb3s_2,7792,,gutim,435,
460,2107.5062,0.5357,144,71,14,7792,,B4,,,,d,,,,gut_n435_1B4s_1,7792,,gutim,435,
460,2107.5062,0.5357,144,29,14,7792,,F1,,,,d,,,,gut_n435_5F1s_2,7792,,gutim,435,
460,2107.5062,0.5357,144,30,14,7792,,Gb1,,,,d,,,,gut_n435_5Gb1s_1,7792,,gutim,435,
460,2107.5062,0.5357,144,38,14,7792,,D2,,,,d,,,,gut_n435_5D2s_2,7792,,gutim,435,
460,2108.3098,0.4286,144,58,8,7793,,Bb3,,,,d,,,,gut_n435_1Bb3e,7793,,gutim,435,
460,2108.3098,0.4286,144,71,8,7793,,B4,,,,d,,,,gut_n435_1B4e_1,7793,,gutim,435,
460,2108.3098,0.4286,144,29,8,7793,,F1,,,,d,,,,gut_n435_5F1e,7793,,gutim,435,
460,2108.3098,0.4286,144,30,8,7793,,Gb1,,,,d,,,,gut_n435_5Gb1e_1,7793,,gutim,435,
460,2108.3098,0.4286,144,38,8,7793,,D2,,,,d,,,,gut_n435_5D2e,7793,,gutim,435,
460,2108.8455,1.8214,144,46,8,7794,,Bb2,,,,D,6073,,,gut_n435_5Bb2t,7794,,gutim,435,
,,,,,,,6073,,,,,,,,,,,,gutim,,
,,,,,,,,,,,,,,,,,,461,,,
461,2111.1223,0.5145,144,83,8,7795,,B5,,,,,,,,gut_n436_1B5e_0,7795,,gutim,436,
461,2111.7655,0.3426,144,29,8,7796,,F1,,,,,,,,gut_n436_1F1e_0,7796,,gutim,436,
461,2112.1937,0.5145,144,62,8,7797,,D4,,,,,,,,gut_n436_1D4e,7797,,gutim,436,
461,2112.1937,0.5145,144,83,8,7797,,B5,,,,,,,,gut_n436_1B5e_1,7797,,gutim,436,
461,2112.8369,0.3426,144,29,8,7798,,F1,,,,,,,,gut_n436_1F1e_1,7798,,gutim,436,
461,2113.2652,0.5145,144,41,8,7799,,F2,,,,,,,,gut_n436_5F2e,7799,,gutim,436,
461,2113.2652,0.5145,144,62,8,7799,,D4,,,,,,,,gut_n436_5D4e,7799,,gutim,436,
461,2114.1232,0.1021,144,43,8,7800,,G2,,,,,,,,gut_n436_5G2t,7800,,gutim,436,
461,2114.2306,0.1021,144,46,8,7801,,Bb2,,,,,,,,gut_n436_5Bb2t,7801,,gutim,436,
461,2114.3365999999996,0.8571,144,87,8,7802,,Eb6,,,,,,,,gut_n436_1Eb6q,7802,,gutim,436,
461,2115.0058999999997,0.0712,144,72,8,7803,,C5,g,,,,,,,gut_ng436_5C5e,7803,,gutim,436,
461,2115.0809,0.0712,144,79,8,7804,,G5,g,,,,,,,gut_ng436_5G5e,7804,,gutim,436,
461,2115.1558999999997,0.0712,144,37,9,7805,,C#2,g,,,,,,,gut_ng436_5Cs2e,7805,,gutim,436,
461,2115.2309,0.1683,144,64,11,7806,,E4,,,,,,,,gut_n436_5E4s,7806,,gutim,436,
461,2115.408,0.4286,144,44,12,7807,,G#2,,,,,,,,gut_n436_5Gs2e,7807,,gutim,436,
461,2115.408,0.4286,144,64,12,7807,,E4,,,,,,,,gut_n436_5E4e,7807,,gutim,436,
461,2115.9437,0.1021,144,91,8,7808,,G6,,,,,,,,gut_n436_1G6t_0,7808,,gutim,436,
461,2116.0512,0.1021,144,37,9,7809,,C#2,,,,,,,,gut_n436_1Cs2t,7809,,gutim,436,
461,2116.1585999999998,0.1021,144,76,10,7810,,E5,,,,,,,,gut_n436_1E5t,7810,,gutim,436,
461,2116.2659999999996,0.1524,144,91,10,7811,,G6,,,,,,,,gut_n436_1G6t_1,7811,,gutim,436,
461,2116.4264,0.1524,144,52,12,7812,,E3,,,,,,,,gut_n436_1E3t_0,7812,,gutim,436,
461,2116.5869,0.1524,144,44,13,7813,,G#2,,,,,,,,gut_n436_1Gs2t,7813,,gutim,436,
461,2116.7473,0.1021,144,84,14,7814,,C6,,,,,,,,gut_n436_1C6t,7814,,gutim,436,
461,2116.8547,0.1524,144,103,15,7815,,G7,,,,,,,,gut_n436_1G7t,7815,,gutim,436,
461,2117.0152,0.1283,144,52,16,7816,,E3,,,,,,,,gut_n436_1E3t_1,7816,,gutim,436,
461,2117.0152,0.2567,144,91,16,7816,,G6,,,,,,,,gut_n436_5G6s,7816,,gutim,436,
461,2117.1756,0.2567,144,44,18,7817,,G#2,,,,,,,,gut_n436_1Gs2s,7817,,gutim,436,
461,2117.336,0.1283,144,84,19,7818,,C6,,,,,,,,gut_n436_5C6t,7818,,gutim,436,
461,2117.4964999999997,0.0435,144,37,20,7819,,C#2,,,,,,,,gut_n436_1Cs2x,7819,,gutim,436,
461,2117.4964999999997,0.0435,144,44,20,7819,,G#2,,,,,,,,gut_n436_1Gs2x,7819,,gutim,436,
461,2117.4964999999997,0.0435,144,84,20,7819,,C6,,,,,,,,gut_n436_5C6x,7819,,gutim,436,
,,,,,,,,,,,,,,,,,,462,,,
462,2117.6848,0.1071,144,61,24,7820,,C#4,,,,,,,,gut_n437_1Cs4t,7820,,gutim,437,
462,2117.6848,0.1071,144,86,24,7820,,D6,,,,,,,,gut_n437_1D6t,7820,,gutim,437,
462,2117.8187,1.0714,144,61,24,7821,,C#4,,,,,,,,gut_n437_1Cs4e_0,7821,,gutim,437,
462,2117.8187,1.0714,144,80,24,7821,,G#5,,,,,,,,gut_n437_1Gs5e_0,7821,,gutim,437,
462,2117.8187,1.0714,144,86,24,7821,,D6,,,,,,,,gut_n437_1D6e_0,7821,,gutim,437,
462,2119.158,1.2857,144,80,24,7822,,G#5,,,,,,,,gut_n437_1Gs5e_2,7822,,gutim,437,
462,2119.158,1.2857,144,86,24,7822,,D6,,,,,,,,gut_n437_1D6e_2,7822,,gutim,437,
462,2119.158,0.1071,144,33,22,7822,,A1,,,,,,,,gut_n437_5A1t_0,7822,,gutim,437,
462,2119.292,0.1071,144,33,22,7823,,A1,,,,,,,,gut_n437_5A1t_1,7823,,gutim,437,
462,2119.292,0.1071,144,41,22,7823,,F2,,,,,,,,gut_n437_5F2t,7823,,gutim,437,
462,2120.2295,0.0859,144,79,20,7824,,G5,,,,,,,,gut_n437_5G5t_0,7824,,gutim,437,
462,2120.3369,0.0859,144,25,19,7825,,C#1,,,,,,,,gut_n437_5Cs1t,7825,,gutim,437,
462,2120.4442999999997,0.0859,144,64,18,7826,,E4,,,,,,,,gut_n437_5E4t,7826,,gutim,437,
462,2120.5517,0.1283,144,79,17,7827,,G5,,,,,,,,gut_n437_5G5t_1,7827,,gutim,437,
462,2120.7122,0.1283,144,40,16,7828,,E2,,,,,,,,gut_n437_5E2t_0,7828,,gutim,437,
462,2120.8725999999997,0.1283,144,32,15,7829,,G#1,,,,,,,,gut_n437_5Gs1t_0,7829,,gutim,437,
462,2121.033,0.0859,144,72,13,7830,,C5,,,,,,,,gut_n437_5C5t_0,7830,,gutim,437,
462,2121.1405,0.1283,144,91,12,7831,,G6,,e,,d,,,,gut_n437_5G6t,7831,,gutim,437,
462,2121.3008999999997,0.4286,144,79,11,7832,,G5,,e,,d,,,,gut_n437_1G5e,7832,,gutim,437,
462,2121.3008999999997,0.1283,144,40,11,7832,,E2,,e,,d,,,,gut_n437_5E2t_1,7832,,gutim,437,
462,2121.4613,0.1283,144,32,11,7833,,G#1,,e,,d,,,,gut_n437_5Gs1t_1,7833,,gutim,437,
462,2121.6218,0.1283,144,72,11,7834,,C5,,e,,d,,,,gut_n437_5C5t_1,7834,,gutim,437,
462,2121.7821999999996,0.0435,144,25,11,7835,,C#1,,E,,d,,,,gut_n437_5Cs1x,7835,,gutim,437,
462,2121.7821999999996,0.0435,144,32,11,7835,,G#1,,E,,d,,,,gut_n437_5Gs1x,7835,,gutim,437,
462,2121.7821999999996,0.0435,144,72,11,7835,,C5,,E,,d,,,,gut_n437_5C5x,7835,,gutim,437,
462,2122.908,0.2567,144,62,11,7836,,D4,,,,,,,,gut_n437_1D4s_0,7836,,gutim,437,
462,2122.908,0.2567,144,71,11,7836,,B4,,,,,,,,gut_n437_1B4s_0,7836,,gutim,437,
462,2122.908,0.2567,144,29,11,7836,,F1,,,,,,,,gut_n437_5F1s_0,7836,,gutim,437,
462,2123.2288999999996,0.1719,144,62,10,7837,,D4,,,,,,,,gut_n437_1D4s_1,7837,,gutim,437,
462,2123.2288999999996,0.1719,144,71,10,7837,,B4,,,,,,,,gut_n437_1B4s_1,7837,,gutim,437,
462,2123.2288999999996,0.1719,144,29,10,7837,,F1,,,,,,,,gut_n437_5F1s_1,7837,,gutim,437,
462,2123.4437,0.1719,144,62,9,7838,,D4,,,,,,,,gut_n437_1D4s_2,7838,,gutim,437,
462,2123.4437,0.1719,144,71,9,7838,,B4,,,,,,,,gut_n437_1B4s_2,7838,,gutim,437,
462,2123.4437,0.3426,144,29,9,7838,,F1,,,,,,,,gut_n437_5F1e,7838,,gutim,437,
462,2123.4437,0.3426,144,42,9,7838,,F#2,,,,,,,,gut_n437_5Fs2e,7838,,gutim,437,
462,2123.6585999999998,0.1719,144,62,8,7839,,D4,,,,,,,,gut_n437_1D4s_3,7839,,gutim,437,
462,2123.6585999999998,0.1719,144,70,8,7839,,A#4,,,,,,,,gut_n437_1As4s,7839,,gutim,437,
462,2123.6585999999998,0.1719,144,71,8,7839,,B4,,,,,,,,gut_n437_1B4s_3,7839,,gutim,437,
462,2123.872,0.0269,144,29,7,7840,,F1,,,,,,,,gut_n437_5F1t,7840,,gutim,437,
462,2123.872,0.0859,144,42,7,7840,,F#2,,,,,,,,gut_n437_5Fs2t,7840,,gutim,437,
462,2123.8734,0.0265,144,62,7,7841,,D4,,,,,,,,gut_n437_1D4t,7841,,gutim,437,
462,2123.8734,0.0848,144,70,7,7841,,A#4,,,,,,,,gut_n437_1As4t,7841,,gutim,437,
462,2123.8734,0.0848,144,71,7,7841,,B4,,,,,,,,gut_n437_1B4t,7841,,gutim,437,
,,,,,,,,,,,,,,,,,,463,,,
463,2124.6225999999997,0.3426,144,72,14,7842,,C5,,,,,,,,gut_n438_1C5e,7842,,gutim,438,
463,2124.6225999999997,0.3426,144,79,14,7842,,G5,,,,,,,,gut_n438_1G5e,7842,,gutim,438,
463,2124.6225999999997,0.3426,144,25,14,7842,,C#1,,,,,,,,gut_n438_5Cs1e,7842,,gutim,438,
463,2124.6225999999997,0.3426,144,32,14,7842,,G#1,,,,,,,,gut_n438_5Gs1e,7842,,gutim,438,
463,2124.6225999999997,0.3426,144,40,14,7842,,E2,,,,,,,,gut_n438_5E2e,7842,,gutim,438,
463,2125.0508999999997,0.1021,144,61,8,7843,,C#4,,e,,d,,,,gut_n438_1Cs4t,7843,,gutim,438,
463,2125.1582999999996,0.1021,144,33,8,7844,,A1,,e,,d,,,,gut_n438_1A1t,7844,,gutim,438,
463,2125.2657,0.1021,144,74,8,7845,,D5,,e,,d,,,,gut_n438_1D5t,7845,,gutim,438,
463,2125.3732,0.1021,144,41,8,7846,,F2,,e,,d,,,,gut_n438_1F2t,7846,,gutim,438,
463,2125.4806,0.1007,144,68,8,7847,,Ab4,,e,,d,,,,gut_n438_1Ab4t,7847,,gutim,438,
463,2125.5865999999996,0.0949,144,61,8,7848,,C#4,,E,,d,,,,gut_n438_5Cs4t_0,7848,,gutim,438,
463,2125.5865999999996,0.0949,144,74,8,7848,,D5,,E,,d,,,,gut_n438_5D5t_0,7848,,gutim,438,
463,2125.7052,0.0949,144,33,8,7849,,A1,,,,,,,,gut_n438_5A1t_0,7849,,gutim,438,
463,2125.8237999999997,0.1429,144,61,8,7850,,C#4,,,,,,,,gut_n438_5Cs4t_1,7850,,gutim,438,
463,2126.0022999999997,0.0949,144,68,8,7851,,Ab4,,,,,,,,gut_n438_5Ab4t_0,7851,,gutim,438,
463,2126.0022999999997,0.0949,144,74,8,7851,,D5,,,,,,,,gut_n438_5D5t_1,7851,,gutim,438,
463,2126.1209,0.0949,144,41,8,7852,,F2,,,,,,,,gut_n438_5F2t_0,7852,,gutim,438,
463,2126.2394999999997,0.0949,144,68,8,7853,,Ab4,,,,,,,,gut_n438_5Ab4t_1,7853,,gutim,438,
463,2126.3581,0.1429,144,74,8,7854,,D5,,,,,,,,gut_n438_5D5t_2,7854,,gutim,438,
463,2126.5366999999997,0.0949,144,68,8,7855,,Ab4,,,,,,,,gut_n438_5Ab4t_2,7855,,gutim,438,
463,2126.6551999999997,0.0949,144,33,8,7856,,A1,,,,,,,,gut_n438_5A1t_1,7856,,gutim,438,
463,2126.7738,0.0949,144,61,8,7857,,C#4,,,,,,,,gut_n438_5Cs4t_2,7857,,gutim,438,
463,2126.7738,0.0949,144,68,8,7857,,G#4,,,,,,,,gut_n438_5Gs4t,7857,,gutim,438,
463,2126.7738,0.0949,144,74,8,7857,,D5,,,,,,,,gut_n438_5D5t_3,7857,,gutim,438,
463,2126.8923999999997,0.1429,144,21,8,7858,,A0,,,,,,,,gut_n438_5A0t,7858,,gutim,438,
463,2127.071,0.0949,144,29,8,7859,,F1,,,,,,,,gut_n438_5F1t,7859,,gutim,438,
463,2127.1937,0.1908,144,56,8,7860,,Ab3,,,,,,,,gut_n438_1Ab3t,7860,,gutim,438,
463,2127.1937,0.1908,144,62,8,7860,,D4,,,,,,,,gut_n438_1D4t,7860,,gutim,438,
463,2127.3945999999996,0.1908,144,21,8,7861,,A0,,,,,,,,gut_n438_1A0t,7861,,gutim,438,
463,2127.5955,0.1272,144,29,8,7862,,F1,,,,,,,,gut_n438_1F1t,7862,,gutim,438,
463,2127.7295,0.1696,144,49,8,7863,,C#3,,e,,d,,,,gut_n438_1Cs3s_0,7863,,gutim,438,
463,2127.908,0.1696,144,62,8,7864,,D4,,e,,d,,,,gut_n438_1D4s_0,7864,,gutim,438,
463,2128.0865999999996,0.1696,144,56,8,7865,,Ab3,,e,,d,,,,gut_n438_1Ab3s_0,7865,,gutim,438,
463,2128.2652,0.067,144,49,24,7866,,C#3,,e,,d,,,,gut_n438_1Cs3s_1,7866,,gutim,438,
463,2128.2652,0.2143,144,56,24,7866,,Ab3,,e,,d,,,,gut_n438_1Ab3s_1,7866,,gutim,438,
463,2128.2652,0.2143,144,62,24,7866,,D4,,e,,d,,,,gut_n438_1D4s_1,7866,,gutim,438,
463,2128.2652,0.0446,144,21,24,7866,,A0,,e,,d,,,,gut_n438_5A0s_0,7866,,gutim,438,
463,2128.4437,0.0446,144,21,24,7867,,A0,,E,,d,,,,gut_n438_5A0s_1,7867,,gutim,438,
463,2128.4437,0.1429,144,29,24,7867,,F1,,E,,d,,,,gut_n438_5F1s,7867,,gutim,438,
463,2128.8008999999997,0.1127,144,85,8,7868,,C#6,,,,,,,,gut_n438_5Cs6t,7868,,gutim,438,
463,2128.9195,0.1127,144,52,8,7869,,E3,,,,,,,,gut_n438_5E3t_0,7869,,gutim,438,
463,2129.0380999999998,0.1696,144,45,9,7870,,A2,,,,,,,,gut_n438_5A2t_0,7870,,gutim,438,
463,2129.2165999999997,0.1127,144,52,10,7871,,E3,,,,,,,,gut_n438_5E3t_1,7871,,gutim,438,
463,2129.3352,0.1127,144,45,10,7872,,A2,,,,,,,,gut_n438_5A2t_1,7872,,gutim,438,
463,2129.4538,0.1127,144,70,11,7873,,Bb4,,,,,,,,gut_n438_5Bb4t,7873,,gutim,438,
463,2129.5724,0.1696,144,41,11,7874,,F2,,,,,,,,gut_n438_5F2t_1,7874,,gutim,438,
463,2129.7509,0.1127,144,82,12,7875,,Bb5,,,,,,,,gut_n438_5Bb5t,7875,,gutim,438,
463,2129.8695,0.1272,144,45,12,7876,,A2,,,,,,,,gut_n438_5A2t_2,7876,,gutim,438,
463,2130.0035,0.0848,144,52,13,7877,,E3,,,,,,,,gut_n438_5E3t_2,7877,,gutim,438,
463,2130.0926999999997,0.1272,144,41,13,7878,,F2,,,,,,,,gut_n438_5F2t_2,7878,,gutim,438,
463,2130.2266999999997,0.0848,144,58,14,7879,,Bb3,,,,,,,,gut_n438_5Bb3t,7879,,gutim,438,
463,2130.316,0.0875,144,41,14,7880,,F2,,,,,,,,gut_n438_5F2t_3,7880,,gutim,438,
,,,,,,,,,,,,,,,,,,464,,,
464,2130.408,0.0712,144,40,14,7881,,E2,g,,,,,,,gut_ng439_5E2e,7881,,gutim,439,
464,2130.4829999999997,0.2545,144,73,11,7882,,Db5,,,,,,,,gut_n439_1Db5s,7882,,gutim,439,
464,2130.7509,0.2545,144,33,11,7883,,A1,,,,,,,,gut_n439_1A1s,7883,,gutim,439,
464,2131.0186999999996,0.2545,144,40,11,7884,,E2,,,,,,,,gut_n439_1E2s,7884,,gutim,439,
464,2131.2866,0.2545,144,85,11,7885,,Db6,,,,,,,,gut_n439_1Db6s_0,7885,,gutim,439,
464,2131.5544999999997,0.2041,144,33,8,7886,,A1,,e,,d,,,,gut_n439_5A1s_0,7886,,gutim,439,
464,2131.5544999999997,0.2041,144,41,8,7886,,F2,,e,,d,,,,gut_n439_5F2s_0,7886,,gutim,439,
464,2131.7693,0.1719,144,95,8,7887,,B6,,e,,d,,,,gut_n439_1B6s_0,7887,,gutim,439,
464,2131.7693,0.1719,144,29,8,7887,,F1,,e,,d,,,,gut_n439_5F1s_0,7887,,gutim,439,
464,2131.9840999999997,0.1719,144,95,8,7888,,B6,,e,,d,,,,gut_n439_1B6s_1,7888,,gutim,439,
464,2131.9840999999997,0.1719,144,29,8,7888,,F1,,e,,d,,,,gut_n439_5F1s_1,7888,,gutim,439,
464,2131.9840999999997,0.1719,144,42,8,7888,,Gb2,,e,,d,,,,gut_n439_5Gb2s_0,7888,,gutim,439,
464,2132.1989999999996,0.1719,144,95,8,7889,,B6,,e,,d,,,,gut_n439_1B6s_2,7889,,gutim,439,
464,2132.1989999999996,0.1719,144,42,8,7889,,Gb2,,e,,d,,,,gut_n439_5Gb2s_1,7889,,gutim,439,
464,2132.1989999999996,0.1719,144,50,8,7889,,D3,,e,,d,,,,gut_n439_5D3s_0,7889,,gutim,439,
464,2132.4138,0.1696,144,82,8,7890,,Bb5,,e,,d,,,,gut_n439_1Bb5s,7890,,gutim,439,
464,2132.4138,0.1696,144,95,8,7890,,B6,,e,,d,,,,gut_n439_1B6s_3,7890,,gutim,439,
464,2132.4138,0.1696,144,41,8,7890,,F2,,E,,d,,,,gut_n439_5F2s_1,7890,,gutim,439,
464,2132.4138,0.1696,144,42,8,7890,,Gb2,,E,,d,,,,gut_n439_5Gb2s_2,7890,,gutim,439,
464,2132.4138,0.1696,144,50,8,7890,,D3,,E,6074,D,6074,,,gut_n439_5D3s_1,7890,,gutim,439,
464,2133.4294999999997,0.2857,144,73,11,7891,,Db5,,,,,,,,gut_n439_1Db5e,7891,,gutim,439,
464,2133.4294999999997,0.1429,144,33,11,7891,,A1,,,,,,,,gut_n439_5A1s_1,7891,,gutim,439,
464,2133.6079999999997,0.1429,144,33,12,7892,,A1,,,,,,,,gut_n439_5A1s_2,7892,,gutim,439,
464,2133.6079999999997,0.1429,144,40,12,7892,,E2,,,,,,,,gut_n439_5E2s_0,7892,,gutim,439,
464,2133.7866,0.1429,144,85,14,7893,,Db6,,,,,,,,gut_n439_1Db6s_1,7893,,gutim,439,
464,2133.7866,0.1429,144,33,14,7893,,A1,,,,,,,,gut_n439_5A1s_3,7893,,gutim,439,
464,2133.7866,0.1429,144,40,14,7893,,E2,,,,,,,,gut_n439_5E2s_1,7893,,gutim,439,
464,2133.9651999999996,0.1429,144,29,15,7894,,F1,,,,,,,,gut_n439_5F1s_2,7894,,gutim,439,
464,2134.1436999999996,0.0714,144,58,16,7895,,Bb3,,,,,,,,gut_n439_5Bb3t,7895,,gutim,439,
464,2134.2329999999997,0.4286,144,29,17,7896,,F1,,,,,,,,gut_n439_5F1e,7896,,gutim,439,
464,2134.2329999999997,0.4286,144,33,17,7896,,A1,,,,,,,,gut_n439_5A1e,7896,,gutim,439,
464,2134.2329999999997,0.4286,144,40,17,7896,,E2,,,,,,,,gut_n439_5E2e,7896,,gutim,439,
464,2134.2329999999997,0.4286,144,58,17,7896,,Bb3,,,,,,,,gut_n439_5Bb3e,7896,,gutim,439,
,,,,,,,6074,,,,,,,,,,,,gutim,,
464,2134.7686999999996,0.6429,144,97,20,7897,,C#7,,,,,,,,gut_n439_1Cs7e,7897,,gutim,439,
464,2135.5723,0.1719,144,83,8,7898,,B5,,e,,d,,,,gut_n439_1B5s_0,7898,,gutim,439,
464,2135.5723,0.1719,144,41,8,7898,,F2,,e,,d,,,,gut_n439_5F2s_2,7898,,gutim,439,
464,2135.7871999999998,0.1719,144,83,8,7899,,B5,,e,,d,,,,gut_n439_1B5s_1,7899,,gutim,439,
464,2135.7871999999998,0.1719,144,42,8,7899,,Gb2,,e,,d,,,,gut_n439_5Gb2s_3,7899,,gutim,439,
464,2135.7871999999998,0.1719,144,50,8,7899,,D3,,e,,d,,,,gut_n439_5D3s_2,7899,,gutim,439,
464,2136.002,0.1719,144,83,8,7900,,B5,,e,,d,,,,gut_n439_1B5s_2,7900,,gutim,439,
464,2136.002,0.1719,144,41,8,7900,,F2,,e,,d,,,,gut_n439_5F2s_3,7900,,gutim,439,
464,2136.002,0.1719,144,42,8,7900,,Gb2,,e,,d,,,,gut_n439_5Gb2s_4,7900,,gutim,439,
464,2136.2167999999997,0.1719,144,83,8,7901,,B5,,e,,d,,,,gut_n439_1B5s_3,7901,,gutim,439,
464,2136.2167999999997,0.1719,144,29,8,7901,,F1,,e,,d,,,,gut_n439_5F1s_3,7901,,gutim,439,
464,2136.2167999999997,0.1719,144,42,8,7901,,Gb2,,e,,d,,,,gut_n439_5Gb2s_5,7901,,gutim,439,
464,2136.4316999999996,0.1696,144,62,8,7902,,D4,,e,,d,,,,gut_n439_1D4s,7902,,gutim,439,
464,2136.4316999999996,0.1696,144,70,8,7902,,A#4,,e,,d,,,,gut_n439_1As4s,7902,,gutim,439,
464,2136.4316999999996,0.1696,144,71,8,7902,,B4,,e,,d,,,,gut_n439_1B4s,7902,,gutim,439,
464,2136.4316999999996,0.1719,144,29,8,7902,,F1,,E,,d,,,,gut_n439_5F1s_4,7902,,gutim,439,
464,2136.4316999999996,0.1719,144,42,8,7902,,Gb2,,E,,d,,,,gut_n439_5Gb2s_6,7902,,gutim,439,
464,2136.7358,0.1406,144,32,8,7903,,Ab1,,,,,,,,gut_n439_5Ab1s,7903,,gutim,439,
,,,,,,,,,,,,,,,,,,465,,,
465,2136.9116,0.2545,144,77,8,7904,,F5,,,,,,,,gut_n440_1F5s_0,7904,,gutim,440,
465,2137.1794999999997,0.1696,144,70,8,7905,,Bb4,,,,,,,,gut_n440_1Bb4s_0,7905,,gutim,440,
465,2137.3579999999997,0.1696,144,77,8,7906,,F5,,,,,,,,gut_n440_1F5s_1,7906,,gutim,440,
465,2137.3579999999997,0.1429,144,36,8,7906,,C2,,,,,,,,gut_n440_5C2s,7906,,gutim,440,
465,2137.3579999999997,0.1429,144,46,8,7906,,Bb2,,,,,,,,gut_n440_5Bb2s,7906,,gutim,440,
465,2137.5366,0.2545,144,77,8,7907,,F5,,,,,,,,gut_n440_1F5s_2,7907,,gutim,440,
465,2137.8044999999997,0.1696,144,70,8,7908,,Bb4,,,,,,,,gut_n440_1Bb4s_1,7908,,gutim,440,
465,2137.9829999999997,0.0636,144,69,14,7909,,A4,,,,,,,,gut_n440_1A4x,7909,,gutim,440,
465,2138.0258999999996,0.0712,144,97,17,7910,,C#7,g,,,,,,,gut_ng440_5Cs7e,7910,,gutim,440,
465,2138.0499999999997,0.0636,144,76,15,7911,,E5,,,,,,,,gut_n440_1E5x,7911,,gutim,440,
465,2138.1009,0.0712,144,64,18,7912,,E4,g,,,,,,,gut_ng440_5E4e,7912,,gutim,440,
465,2138.1169999999997,0.0636,144,82,16,7913,,Bb5,,,,,,,,gut_n440_1Bb5x,7913,,gutim,440,
465,2138.1758999999997,0.0712,144,57,19,7914,,A3,g,,,,,,,gut_ng440_5A3e,7914,,gutim,440,
465,2138.1839,0.0536,144,65,16,7915,,F4,,,,,,,,gut_n440_1F4x,7915,,gutim,440,
465,2138.2509,0.1071,144,97,20,7916,,Db7,,,,d,,,,gut_n440_1Db7t_0,7916,,gutim,440,
465,2138.2509,0.1272,144,53,20,7916,,F3,,,,d,,,,gut_n440_5F3t_0,7916,,gutim,440,
465,2138.2509,0.1272,144,57,20,7916,,A3,,,,d,,,,gut_n440_5A3t_0,7916,,gutim,440,
465,2138.2509,0.1272,144,64,20,7916,,E4,,,,d,,,,gut_n440_5E4t_0,7916,,gutim,440,
465,2138.3848,0.1071,144,94,20,7917,,Bb6,,,,d,,,,gut_n440_1Bb6t,7917,,gutim,440,
465,2138.3848,0.1071,144,97,20,7917,,Db7,,,,d,,,,gut_n440_1Db7t_1,7917,,gutim,440,
465,2138.3848,0.1071,144,53,20,7917,,F3,,,,d,,,,gut_n440_5F3t_1,7917,,gutim,440,
465,2138.3848,0.1071,144,57,20,7917,,A3,,,,d,,,,gut_n440_5A3t_1,7917,,gutim,440,
465,2138.3848,0.1071,144,64,20,7917,,E4,,,,d,,,,gut_n440_5E4t_1,7917,,gutim,440,
465,2138.9795,0.0712,144,52,20,7918,,E3,g,,,d,,,,gut_ng440_1E3e,7918,,gutim,440,
465,2139.0544999999997,0.1272,144,59,20,7919,,B3,,,,d,,,,gut_n440_1B3t,7919,,gutim,440,
465,2139.0544999999997,0.1272,144,85,20,7919,,Db6,,,,d,,,,gut_n440_1Db6t,7919,,gutim,440,
465,2139.0544999999997,0.1607,144,62,11,7919,,D4,,,,d,,,,gut_n440_5D4t,7919,,gutim,440,
465,2139.1884,0.1272,144,45,20,7920,,A2,,,,d,,,,gut_n440_1A2t,7920,,gutim,440,
465,2139.2554,0.1272,144,44,11,7921,,G#2,,,,d,,,,gut_n440_5Gs2t_0,7921,,gutim,440,
465,2139.3223,0.2545,144,52,20,7922,,E3,,,,d,,,,gut_n440_1E3s,7922,,gutim,440,
465,2139.3893,0.1908,144,37,11,7923,,C#2,,,,d,,,,gut_n440_5Cs2t_0,7923,,gutim,440,
465,2139.5901999999996,0.1908,144,50,11,7924,,D3,,,,d,,,,gut_n440_5D3t,7924,,gutim,440,
465,2139.7911,0.1272,144,44,11,7925,,G#2,,,,d,,,,gut_n440_5Gs2t_1,7925,,gutim,440,
465,2139.9249999999997,0.1908,144,37,11,7926,,C#2,,,,d,,,,gut_n440_5Cs2t_1,7926,,gutim,440,
465,2140.1259,0.4286,144,59,20,7927,,B3,,,,d,,,,gut_n440_1B3e,7927,,gutim,440,
465,2140.1259,0.5089,144,50,11,7927,,D3,,,,d,,,,gut_n440_5D3e,7927,,gutim,440,
465,2140.6616,0.0859,144,40,8,7928,,E2,,e,,d,,,,gut_n440_1E2t_0,7928,,gutim,440,
465,2140.769,0.0859,144,71,8,7929,,B4,,e,,d,,,,gut_n440_1B4t,7929,,gutim,440,
465,2140.8763999999996,0.0859,144,31,8,7930,,G1,,e,,d,,,,gut_n440_1G1t,7930,,gutim,440,
465,2140.9838999999997,0.0859,144,34,8,7931,,Bb1,,e,,d,,,,gut_n440_1Bb1t,7931,,gutim,440,
465,2140.9838999999997,0.0859,144,40,8,7931,,E2,,e,,d,,,,gut_n440_1E2t_1,7931,,gutim,440,
465,2141.0912999999996,0.0848,144,87,8,7932,,Eb6,,E,,d,,,,gut_n440_1Eb6t,7932,,gutim,440,
465,2141.7329999999997,0.4286,144,32,11,7933,,Ab1,,,,,,,,gut_n440_5Ab1e,7933,,gutim,440,
465,2142.2686999999996,0.4286,144,89,8,7934,,F6,,,,,,,,gut_n440_1F6e,7934,,gutim,440,
465,2142.2686999999996,0.4286,144,97,8,7934,,Db7,,,,,,,,gut_n440_1Db7e,7934,,gutim,440,
465,2142.4292,0.0859,144,33,8,7935,,A1,,,,,,,,gut_n440_5A1t,7935,,gutim,440,
465,2142.5366,0.0859,144,82,10,7936,,Bb5,,,,,,,,gut_n440_5Bb5t_0,7936,,gutim,440,
465,2142.644,0.1283,144,29,12,7937,,F1,,,,,,,,gut_n440_5F1t,7937,,gutim,440,
465,2142.8044999999997,0.4286,144,36,8,7938,,C2,,,,,,,,gut_n440_1C2e,7938,,gutim,440,
465,2142.8044999999997,0.4286,144,46,8,7938,,Bb2,,,,,,,,gut_n440_1Bb2e,7938,,gutim,440,
465,2142.8044999999997,0.0859,144,82,15,7938,,Bb5,,,,,,,,gut_n440_5Bb5t_1,7938,,gutim,440,
465,2142.8044999999997,0.0859,144,89,15,7938,,F6,,,,,,,,gut_n440_5F6t,7938,,gutim,440,
465,2142.9118999999996,0.0859,144,45,16,7939,,A2,,,,,,,,gut_n440_5A2t_0,7939,,gutim,440,
465,2142.9118999999996,0.0859,144,52,16,7939,,E3,,,,,,,,gut_n440_5E3t_0,7939,,gutim,440,
465,2143.0193,0.1283,144,85,18,7940,,Db6,,,,,,,,gut_n440_5Db6t,7940,,gutim,440,
465,2143.1796999999997,0.1283,144,45,21,7941,,A2,,,,,,,,gut_n440_5A2t_1,7941,,gutim,440,
465,2143.1796999999997,0.1283,144,52,21,7941,,E3,,,,,,,,gut_n440_5E3t_1,7941,,gutim,440,
,,,,,,,,,,,,,,,,,,466,,,
466,2143.3401999999996,0.1283,144,29,24,7942,,F1,,,,,,,,gut_n441_5F1t_0,7942,,gutim,441,
466,2143.3401999999996,0.1283,144,33,24,7942,,A1,,,,,,,,gut_n441_5A1t,7942,,gutim,441,
466,2143.3401999999996,0.1283,144,40,24,7942,,E2,,,,,,,,gut_n441_5E2t_0,7942,,gutim,441,
466,2143.5006,0.0859,144,82,24,7943,,Bb5,,,,d,,,,gut_n441_5Bb5t,7943,,gutim,441,
466,2143.6079999999997,0.1283,144,29,14,7944,,F1,,,,d,,,,gut_n441_5F1t_1,7944,,gutim,441,
466,2143.6079999999997,0.1283,144,40,14,7944,,E2,,,,d,,,,gut_n441_5E2t_1,7944,,gutim,441,
466,2143.7684999999997,0.0859,144,70,14,7945,,Bb4,,,,d,,,,gut_n441_5Bb4t,7945,,gutim,441,
466,2144.2329999999997,0.1429,144,32,8,7946,,Ab1,,,,d,,,,gut_n441_5Ab1s,7946,,gutim,441,
466,2144.4116,0.2143,144,89,8,7947,,F6,,,,d,,,,gut_n441_1F6s_0,7947,,gutim,441,
466,2144.6794999999997,0.1429,144,89,8,7948,,F6,,,,d,,,,gut_n441_1F6s_1,7948,,gutim,441,
466,2144.6794999999997,0.1429,144,36,8,7948,,C2,,,,d,,,,gut_n441_5C2s_0,7948,,gutim,441,
466,2144.6794999999997,0.1429,144,46,8,7948,,Bb2,,,,d,,,,gut_n441_5Bb2s_0,7948,,gutim,441,
466,2144.8579999999997,0.1429,144,89,8,7949,,F6,,,,d,,,,gut_n441_1F6s_2,7949,,gutim,441,
466,2144.8579999999997,0.2143,144,36,8,7949,,C2,,,,d,,,,gut_n441_5C2s_1,7949,,gutim,441,
466,2144.8579999999997,0.2143,144,46,8,7949,,Bb2,,,,d,,,,gut_n441_5Bb2s_1,7949,,gutim,441,
466,2145.0366,0.2143,144,100,8,7950,,E7,,,,d,,,,gut_n441_1E7s,7950,,gutim,441,
466,2145.3044999999997,0.1429,144,82,8,7951,,Bb5,,,,d,,,,gut_n441_1Bb5s_0,7951,,gutim,441,
466,2145.4829999999997,1.1429,144,100,8,7952,,E7,,,,D,,,,gut_n441_1E7q,7952,,gutim,441,
466,2146.9116,0.1429,144,82,8,7953,,Bb5,,,,,,,,gut_n441_1Bb5s_1,7953,,gutim,441,
466,2147.0901999999996,0.1021,144,89,14,7954,,F6,,e,,d,,,,gut_n441_1F6t,7954,,gutim,441,
466,2147.0901999999996,0.1021,144,97,14,7954,,C#7,,e,,d,,,,gut_n441_1Cs7t_0,7954,,gutim,441,
466,2147.0901999999996,0.1021,144,100,14,7954,,E7,,e,,d,,,,gut_n441_1E7t,7954,,gutim,441,
466,2147.0901999999996,0.4286,144,32,8,7954,,Ab1,,e,,d,,,,gut_n441_5Ab1e,7954,,gutim,441,
466,2147.0901999999996,0.4286,144,36,8,7954,,C2,,e,,d,,,,gut_n441_5C2e,7954,,gutim,441,
466,2147.0901999999996,0.4286,144,46,8,7954,,Bb2,,e,,d,,,,gut_n441_5Bb2e,7954,,gutim,441,
466,2147.1976,0.1021,144,40,14,7955,,E2,,e,,d,,,,gut_n441_1E2t_0,7955,,gutim,441,
466,2147.305,0.1021,144,94,14,7956,,Bb6,,e,,d,,,,gut_n441_1Bb6t,7956,,gutim,441,
466,2147.4123999999997,0.1021,144,33,14,7957,,A1,,e,,d,,,,gut_n441_1A1t_0,7957,,gutim,441,
466,2147.5199,0.1021,144,29,14,7958,,F1,,e,,d,,,,gut_n441_1F1t_0,7958,,gutim,441,
466,2147.6259,1.2857,144,44,8,7959,,Ab2,,E,6075,D,6075,,,gut_n441_5Ab2q,7959,,gutim,441,
466,2147.8421,0.1021,144,97,5,7960,,C#7,,,,,,,,gut_n441_1Cs7t_1,7960,,gutim,441,
466,2147.9494999999997,0.1021,144,40,5,7961,,E2,,,,,,,,gut_n441_1E2t_1,7961,,gutim,441,
466,2148.057,0.1021,144,82,6,7962,,Bb5,,,,,,,,gut_n441_1Bb5t,7962,,gutim,441,
466,2148.1643999999997,0.1021,144,33,6,7963,,A1,,,,,,,,gut_n441_1A1t_1,7963,,gutim,441,
466,2148.2718,0.1524,144,97,6,7964,,C#7,,,,,,,,gut_n441_1Cs7t_2,7964,,gutim,441,
466,2148.4321999999997,0.1021,144,40,6,7965,,E2,,,,,,,,gut_n441_1E2t_2,7965,,gutim,441,
466,2148.5397,0.1524,144,33,7,7966,,A1,,,,,,,,gut_n441_1A1t_2,7966,,gutim,441,
466,2148.7001,0.1127,144,40,7,7967,,E2,,,,,,,,gut_n441_1E2t_3,7967,,gutim,441,
466,2148.8187,0.1127,144,85,7,7968,,C#6,,,,,,,,gut_n441_1Cs6t,7968,,gutim,441,
466,2148.9372999999996,0.1696,144,33,8,7969,,A1,,,,,,,,gut_n441_1A1t_3,7969,,gutim,441,
466,2149.1158,0.1127,144,40,8,7970,,E2,,,,,,,,gut_n441_1E2t_4,7970,,gutim,441,
466,2149.2344,0.1127,144,70,8,7971,,Bb4,,,,,,,,gut_n441_1Bb4t,7971,,gutim,441,
466,2149.2329999999997,0.4286,144,37,8,7971,,Db2,,,,,,,,gut_n441_5Db2e,7971,,gutim,441,
466,2149.3529999999996,0.1127,144,33,9,7972,,A1,,,,,,,,gut_n441_1A1t_4,7972,,gutim,441,
466,2149.4716,0.1696,144,29,9,7973,,F1,,,,,,,,gut_n441_1F1t_1,7973,,gutim,441,
466,2149.6502,0.1127,144,58,9,7974,,Bb3,,,,,,,,gut_n441_1Bb3t,7974,,gutim,441,
,,,,,,,,,,,,,,,,,,467,,,
467,2149.7686999999996,0.5089,144,50,8,7975,,D3,,,,,,,,gut_n442_1D3e,7975,,gutim,442,
467,2149.7686999999996,0.5089,144,59,11,7975,,B3,,,,,,,,gut_n442_1B3e,7975,,gutim,442,
467,2149.7686999999996,0.1696,144,33,10,7975,,A1,,,,,,,,gut_n442_5A1t_0,7975,,gutim,442,
467,2149.9473,0.1127,144,40,10,7976,,E2,,,,,,,,gut_n442_5E2t_0,7976,,gutim,442,
467,2150.0658999999996,0.1127,144,33,11,7977,,A1,,,,,,,,gut_n442_5A1t_1,7977,,gutim,442,
467,2150.1845,0.1127,144,29,11,7978,,F1,,,,,,,,gut_n442_5F1t_0,7978,,gutim,442,
467,2150.3044999999997,0.5089,144,44,8,7979,,G#2,,,,,,,,gut_n442_1Gs2e,7979,,gutim,442,
467,2150.3030999999996,0.1696,144,33,11,7979,,A1,,,,,,,,gut_n442_5A1t_2,7979,,gutim,442,
467,2150.4815999999996,0.1696,144,40,12,7980,,E2,,,,,,,,gut_n442_5E2t_1,7980,,gutim,442,
467,2150.6602,0.171,144,29,12,7981,,F1,,,,,,,,gut_n442_5F1t_1,7981,,gutim,442,
467,2152.9829999999997,0.8571,144,59,14,7982,,B3,,,,,,,,gut_n442_1B3q,7982,,gutim,442,
467,2153.2509,0.1607,144,37,15,7983,,C#2,,,,,,,,gut_n442_5Cs2t,7983,,gutim,442,
467,2153.4518,0.1607,144,50,16,7984,,D3,,,,,,,,gut_n442_5D3t,7984,,gutim,442,
467,2153.6526999999996,0.1071,144,44,16,7985,,G#2,,,,,,,,gut_n442_5Gs2t,7985,,gutim,442,
467,2153.7866,0.067,144,37,17,7986,,C#2,,,,,,,,gut_n442_5Cs2s,7986,,gutim,442,
467,2153.7866,0.2143,144,44,17,7986,,G#2,,,,,,,,gut_n442_5Gs2s,7986,,gutim,442,
467,2153.7866,0.2143,144,50,17,7986,,D3,,,,,,,,gut_n442_5D3s_0,7986,,gutim,442,
,,,,,,,6075,,,,,,,,,,,,gutim,,
467,2154.3223,0.0859,144,64,8,7987,,E4,,e,,d,,,,gut_n442_1E4t_0,7987,,gutim,442,
467,2154.4296999999997,0.0859,144,95,8,7988,,B6,,e,,d,,,,gut_n442_1B6t_0,7988,,gutim,442,
467,2154.5371999999998,0.0859,144,55,8,7989,,G3,,e,,d,,,,gut_n442_1G3t,7989,,gutim,442,
467,2154.6445999999996,0.0859,144,58,8,7990,,Bb3,,e,,d,,,,gut_n442_1Bb3t,7990,,gutim,442,
467,2154.6445999999996,0.0859,144,64,8,7990,,E4,,e,,d,,,,gut_n442_1E4t_1,7990,,gutim,442,
467,2154.6445999999996,0.0859,144,95,8,7990,,B6,,e,,d,,,,gut_n442_1B6t_1,7990,,gutim,442,
467,2154.752,0.0848,144,99,8,7991,,Eb7,,E,,d,,,,gut_n442_1Eb7t,7991,,gutim,442,
467,2154.9919999999997,0.1719,144,62,8,7992,,D4,,e,,d,,,,gut_n442_1D4s_0,7992,,gutim,442,
467,2154.9919999999997,0.1719,144,71,8,7992,,B4,,e,,d,,,,gut_n442_1B4s_0,7992,,gutim,442,
467,2154.9919999999997,0.1719,144,41,8,7992,,F2,,e,,d,,,,gut_n442_5F2s_0,7992,,gutim,442,
467,2155.2068,0.1719,144,83,8,7993,,B5,,e,,d,,,,gut_n442_1B5s_0,7993,,gutim,442,
467,2155.2068,0.1719,144,42,8,7993,,Gb2,,e,,d,,,,gut_n442_5Gb2s_0,7993,,gutim,442,
467,2155.2068,0.1719,144,50,8,7993,,D3,,e,,d,,,,gut_n442_5D3s_1,7993,,gutim,442,
467,2155.4215999999997,0.1719,144,71,8,7994,,B4,,e,,d,,,,gut_n442_1B4s_1,7994,,gutim,442,
467,2155.4215999999997,0.1719,144,41,8,7994,,F2,,e,,d,,,,gut_n442_5F2s_1,7994,,gutim,442,
467,2155.4215999999997,0.1719,144,42,8,7994,,Gb2,,e,,d,,,,gut_n442_5Gb2s_1,7994,,gutim,442,
467,2155.6364999999996,0.1719,144,83,8,7995,,B5,,e,,d,,,,gut_n442_1B5s_1,7995,,gutim,442,
467,2155.6364999999996,0.1719,144,29,8,7995,,F1,,e,,d,,,,gut_n442_5F1s_0,7995,,gutim,442,
467,2155.6364999999996,0.1719,144,42,8,7995,,Gb2,,e,,d,,,,gut_n442_5Gb2s_2,7995,,gutim,442,
467,2155.8513,0.1696,144,62,8,7996,,D4,,e,,d,,,,gut_n442_1D4s_1,7996,,gutim,442,
467,2155.8513,0.1696,144,70,8,7996,,A#4,,e,,d,,,,gut_n442_1As4s,7996,,gutim,442,
467,2155.8513,0.1696,144,71,8,7996,,B4,,e,,d,,,,gut_n442_1B4s_2,7996,,gutim,442,
467,2155.8513,0.1696,144,29,8,7996,,F1,,E,,d,,,,gut_n442_5F1s_1,7996,,gutim,442,
467,2155.8513,0.1696,144,42,8,7996,,Gb2,,E,,D,6076,,,gut_n442_5Gb2s_3,7996,,gutim,442,
,,,,,,,,,,,,,,,,,,468,,,
468,2156.1973,0.8571,144,97,24,7997,,C#7,,,,,,,,gut_n443_1Cs7q,7997,,gutim,443,
468,2157.9829999999997,0.0714,144,33,24,7998,,A1,,e,,,,,,gut_n443_5A1t_0,7998,,gutim,443,
468,2158.0723,0.0714,144,40,24,7999,,E2,,e,,,,,,gut_n443_5E2t_0,7999,,gutim,443,
468,2158.1616,0.0714,144,29,24,8000,,F1,,e,,,,,,gut_n443_5F1t_0,8000,,gutim,443,
468,2158.1616,0.0714,144,33,24,8000,,A1,,e,,,,,,gut_n443_5A1t_1,8000,,gutim,443,
468,2158.1616,0.0714,144,40,24,8000,,E2,,e,,,,,,gut_n443_5E2t_1,8000,,gutim,443,
468,2158.2509,0.0714,144,70,24,8001,,Bb4,,e,,,,,,gut_n443_1Bb4t,8001,,gutim,443,
468,2158.2509,0.0714,144,29,24,8001,,F1,,e,,,,,,gut_n443_5F1t_1,8001,,gutim,443,
468,2158.2509,0.0714,144,33,24,8001,,A1,,e,,,,,,gut_n443_5A1t_2,8001,,gutim,443,
468,2158.2509,0.0714,144,40,24,8001,,E2,,e,,,,,,gut_n443_5E2t_2,8001,,gutim,443,
468,2158.3401999999996,0.2143,144,52,22,8002,,E3,,e,,,,,,gut_n443_1E3s,8002,,gutim,443,
468,2158.3401999999996,0.2143,144,59,22,8002,,B3,,e,,,,,,gut_n443_1B3s,8002,,gutim,443,
468,2158.4294999999997,0.0848,144,52,14,8003,,E3,,e,,,,,,gut_n443_5E3t_0,8003,,gutim,443,
468,2158.5186999999996,0.0848,144,58,13,8004,,Bb3,,e,,,,,,gut_n443_5Bb3t,8004,,gutim,443,
468,2158.6079999999997,0.0848,144,61,12,8005,,Db4,,e,,,,,,gut_n443_5Db4t,8005,,gutim,443,
468,2158.6973,0.0848,144,45,11,8006,,A2,,e,,,,,,gut_n443_5A2t_0,8006,,gutim,443,
468,2158.7866,0.0848,144,41,10,8007,,F2,,e,,,,,,gut_n443_5F2t,8007,,gutim,443,
468,2158.8759,0.1272,144,45,8,8008,,A2,,E,6076,,,,,gut_n443_5A2t_1,8008,,gutim,443,
468,2159.0098,0.1272,144,52,7,8009,,E3,,,,,,,,gut_n443_5E3t_1,8009,,gutim,443,
468,2159.1436999999996,0.2143,144,29,5,8010,,F1,,,,,,,,gut_n443_5F1s,8010,,gutim,443,
468,2160.4829999999997,0.4069,144,82,8,8011,,Bb5,,,,,,,,gut_n443_1Bb5e,8011,,gutim,443,
468,2160.4829999999997,0.3426,144,95,8,8011,,B6,,,,,,,,gut_n443_1B6e,8011,,gutim,443,
468,2160.4829999999997,0.4069,144,41,8,8011,,F2,,,,,,,,gut_n443_5F2e,8011,,gutim,443,
468,2160.4829999999997,0.3426,144,42,8,8011,,Gb2,,,,,,,,gut_n443_5Gb2e_0,8011,,gutim,443,
468,2160.4829999999997,0.3426,144,50,8,8011,,D3,,,,,,,,gut_n443_5D3e,8011,,gutim,443,
468,2160.9112999999998,0.611,144,62,8,8012,,D4,,,,,,,,gut_n443_1D4e,8012,,gutim,443,
468,2160.9112999999998,0.5145,144,70,8,8012,,A#4,,,,,,,,gut_n443_1As4e,8012,,gutim,443,
468,2160.9112999999998,0.5145,144,71,8,8012,,B4,,,,,,,,gut_n443_1B4e,8012,,gutim,443,
468,2160.9112999999998,0.611,144,29,8,8012,,F1,,,,,,,,gut_n443_5F1e,8012,,gutim,443,
468,2160.9112999999998,0.5145,144,42,8,8012,,Gb2,,,,,,,,gut_n443_5Gb2e_1,8012,,gutim,443,
468,2161.5544999999997,1.7143,144,52,11,8013,,E3,,,,,,,,gut_n443_1E3q,8013,,gutim,443,
468,2161.5544999999997,1.7143,144,59,11,8013,,B3,,,,,,,,gut_n443_1B3q,8013,,gutim,443,
468,2161.5544999999997,0.8571,144,37,8,8013,,C#2,,,,,,,,gut_n443_5Cs2q,8013,,gutim,443,
468,2161.5544999999997,0.8571,144,44,8,8013,,G#2,,,,,,,,gut_n443_5Gs2q,8013,,gutim,443,
468,2161.5544999999997,0.8571,144,50,8,8013,,D3,,,,,,,,gut_n443_5D3q,8013,,gutim,443,
,,,,,,,,,,,,,,,,,,469,,,
469,2162.8936999999996,1.0714,144,44,11,8014,,G#2,,,,,,,,gut_n444_5Gs2e_0,8014,,gutim,444,
469,2163.6973,0.8571,144,52,11,8015,,E3,,,,,,,,gut_n444_1E3q_1,8015,,gutim,444,
469,2163.6973,0.8571,144,59,11,8015,,B3,,,,,,,,gut_n444_1B3q_1,8015,,gutim,444,
469,2164.2329999999997,0.4286,144,37,8,8016,,C#2,,,,,,,,gut_n444_5Cs2e,8016,,gutim,444,
469,2164.2329999999997,0.4286,144,44,8,8016,,G#2,,,,,,,,gut_n444_5Gs2e_2,8016,,gutim,444,
469,2164.2329999999997,0.4286,144,50,8,8016,,D3,,,,,,,,gut_n444_5D3e,8016,,gutim,444,
469,2164.7686999999996,0.0859,144,40,8,8017,,E2,,,,,,,,gut_n444_5E2t_0,8017,,gutim,444,
469,2164.8761999999997,0.0859,144,71,8,8018,,B4,,,,,,,,gut_n444_5B4t,8018,,gutim,444,
469,2164.9836,0.0859,144,31,8,8019,,G1,,,,,,,,gut_n444_5G1t,8019,,gutim,444,
469,2165.091,0.0859,144,34,8,8020,,Bb1,,,,,,,,gut_n444_5Bb1t,8020,,gutim,444,
469,2165.091,0.0859,144,40,8,8020,,E2,,,,,,,,gut_n444_5E2t_1,8020,,gutim,444,
469,2165.1983999999998,0.0848,144,87,8,8021,,Eb6,,,,,,,,gut_n444_5Eb6t,8021,,gutim,444,
469,2165.5723,0.2567,144,62,11,8022,,D4,,,,,,,,gut_n444_1D4s_0,8022,,gutim,444,
469,2165.5723,0.2567,144,71,11,8022,,B4,,,,,,,,gut_n444_1B4s_0,8022,,gutim,444,
469,2165.5723,0.2567,144,29,11,8022,,F1,,,,,,,,gut_n444_5F1s_0,8022,,gutim,444,
469,2165.8932,0.1719,144,62,10,8023,,D4,,,,,,,,gut_n444_1D4s_1,8023,,gutim,444,
469,2165.8932,0.1719,144,71,10,8023,,B4,,,,,,,,gut_n444_1B4s_1,8023,,gutim,444,
469,2165.8932,0.1719,144,29,10,8023,,F1,,,,,,,,gut_n444_5F1s_1,8023,,gutim,444,
469,2166.1079999999997,0.1719,144,62,9,8024,,D4,,,,,,,,gut_n444_1D4s_2,8024,,gutim,444,
469,2166.1079999999997,0.1719,144,71,9,8024,,B4,,,,,,,,gut_n444_1B4s_2,8024,,gutim,444,
469,2166.1079999999997,0.3426,144,29,9,8024,,F1,,,,,,,,gut_n444_5F1e,8024,,gutim,444,
469,2166.1079999999997,0.3426,144,42,9,8024,,F#2,,,,,,,,gut_n444_5Fs2e,8024,,gutim,444,
469,2166.3228999999997,0.1719,144,62,8,8025,,D4,,,,,,,,gut_n444_1D4s_3,8025,,gutim,444,
469,2166.3228999999997,0.1719,144,70,8,8025,,A#4,,,,,,,,gut_n444_1As4s,8025,,gutim,444,
469,2166.3228999999997,0.1719,144,71,8,8025,,B4,,,,,,,,gut_n444_1B4s_3,8025,,gutim,444,
469,2166.5362999999998,0.0269,144,29,7,8026,,F1,,,,,,,,gut_n444_5F1t,8026,,gutim,444,
469,2166.5362999999998,0.0859,144,42,7,8026,,F#2,,,,,,,,gut_n444_5Fs2t,8026,,gutim,444,
469,2166.5377,0.0265,144,62,7,8027,,D4,,,,,,,,gut_n444_1D4t,8027,,gutim,444,
469,2166.5377,0.0848,144,70,7,8027,,A#4,,,,,,,,gut_n444_1As4t,8027,,gutim,444,
469,2166.5377,0.0848,144,71,7,8027,,B4,,,,,,,,gut_n444_1B4t,8027,,gutim,444,
,,,,,,,6076,,,,,,,,,,,,gutim,,
469,2167.1794999999997,0.2143,144,68,24,8028,,G#4,,,,,,,,gut_n444_1Gs4s_0,8028,,gutim,444,
469,2167.1794999999997,0.2143,144,41,24,8028,,F2,,,,,,,,gut_n444_5F2s,8028,,gutim,444,
469,2167.1794999999997,0.2143,144,49,24,8028,,Db3,,,,,,,,gut_n444_5Db3s,8028,,gutim,444,
469,2167.4473,0.3214,144,68,24,8029,,G#4,,,,,,,,gut_n444_1Gs4s_1,8029,,gutim,444,
469,2167.4473,0.3214,144,26,24,8029,,D1,,,,,,,,gut_n444_5D1s,8029,,gutim,444,
469,2167.8491,0.1071,144,68,24,8030,,G#4,,,,,,,,gut_n444_1Gs4t,8030,,gutim,444,
469,2167.8491,0.1071,144,81,24,8030,,A5,,,,,,,,gut_n444_1A5t,8030,,gutim,444,
469,2167.8491,0.1071,144,41,24,8030,,F2,,,,,,,,gut_n444_5F2t,8030,,gutim,444,
469,2167.8491,0.1071,144,49,24,8030,,Db3,,,,,,,,gut_n444_5Db3t,8030,,gutim,444,
,,,,,,,,,,,,,,,,,,470,,,
470,2168.1169999999997,0.0848,144,29,22,8031,,F1,,,,,,,,gut_n445_5F1t_0,8031,,gutim,445,
470,2168.2061999999996,0.0848,144,44,21,8032,,Ab2,,,,,,,,gut_n445_5Ab2t_0,8032,,gutim,445,
470,2168.2954999999997,0.1272,144,37,21,8033,,Db2,,,,,,,,gut_n445_5Db2t_0,8033,,gutim,445,
470,2168.4294999999997,0.0848,144,44,20,8034,,Ab2,,,,,,,,gut_n445_5Ab2t_1,8034,,gutim,445,
470,2168.5186999999996,0.1272,144,29,19,8035,,F1,,,,,,,,gut_n445_5F1t_1,8035,,gutim,445,
470,2168.6526999999996,0.0848,144,37,18,8036,,Db2,,e,,,,,,gut_n445_5Db2t_1,8036,,gutim,445,
470,2168.7419999999997,0.0848,144,29,17,8037,,F1,,e,,,,,,gut_n445_5F1t_2,8037,,gutim,445,
470,2168.8311999999996,0.0848,144,44,17,8038,,Ab2,,e,,,,,,gut_n445_5Ab2t_2,8038,,gutim,445,
470,2168.9204999999997,0.0848,144,37,16,8039,,Db2,,e,,,,,,gut_n445_5Db2t_2,8039,,gutim,445,
470,2169.0098,0.0848,144,44,15,8040,,Ab2,,e,,,,,,gut_n445_5Ab2t_3,8040,,gutim,445,
470,2169.0098,0.0848,144,57,15,8040,,A3,,e,,,,,,gut_n445_5A3t_0,8040,,gutim,445,
470,2169.0991,0.0848,144,26,15,8041,,D1,,e,,,,,,gut_n445_5D1t_0,8041,,gutim,445,
470,2169.1884,0.1272,144,29,14,8042,,F1,,E,,,,,,gut_n445_5F1t_3,8042,,gutim,445,
470,2169.3223,0.1272,144,37,14,8043,,Db2,,,,,,,,gut_n445_5Db2t_3,8043,,gutim,445,
470,2169.4561999999996,0.1272,144,44,14,8044,,Ab2,,,,,,,,gut_n445_5Ab2t_4,8044,,gutim,445,
470,2169.5901999999996,0.4286,144,59,11,8045,,B3,,,,,,,,gut_n445_1B3e,8045,,gutim,445,
470,2169.5901999999996,0.0335,144,26,20,8045,,D1,,,,,,,,gut_n445_5D1t_1,8045,,gutim,445,
470,2169.5901999999996,0.1071,144,29,20,8045,,F1,,,,,,,,gut_n445_5F1t_4,8045,,gutim,445,
470,2169.5901999999996,0.1071,144,37,20,8045,,Db2,,,,,,,,gut_n445_5Db2t_4,8045,,gutim,445,
470,2169.5901999999996,0.1071,144,44,20,8045,,Ab2,,,,,,,,gut_n445_5Ab2t_5,8045,,gutim,445,
470,2169.7241,0.1071,144,57,20,8046,,A3,,,,,,,,gut_n445_5A3t_1,8046,,gutim,445,
470,2169.8241,0.06,144,56,11,8047,,Ab3,g,,,,,,,gut_ng445_5Ab3e,8047,,gutim,445,
470,2169.8990999999996,0.2857,144,41,11,8048,,F2,,,,,,,,gut_n445_5F2e,8048,,gutim,445,
470,2170.2562,0.0714,144,56,11,8049,,Ab3,,,,,,,,gut_n445_5Ab3t_0,8049,,gutim,445,
470,2170.3455,0.0714,144,41,11,8050,,F2,,,,,,,,gut_n445_5F2t,8050,,gutim,445,
470,2170.4348,0.0714,144,49,11,8051,,Db3,,,,,,,,gut_n445_5Db3t,8051,,gutim,445,
470,2170.5240999999996,0.0714,144,56,11,8052,,Ab3,,,,,,,,gut_n445_5Ab3t_1,8052,,gutim,445,
470,2171.2383999999997,0.4286,144,83,11,8053,,B5,,,,,,,,gut_n445_1B5e,8053,,gutim,445,
470,2171.3277,0.0714,144,38,11,8054,,D2,,,,,,,,gut_n445_5D2t,8054,,gutim,445,
470,2171.4276999999997,0.06,144,93,8,8055,,A6,g,,,,,,,gut_ng445_5A6e,8055,,gutim,445,
470,2171.5027,0.06,144,41,8,8056,,F2,g,,,,,,,gut_ng445_5F2e,8056,,gutim,445,
470,2171.5777,0.0714,144,56,11,8057,,Ab3,,,,,,,,gut_n445_5Ab3t_2,8057,,gutim,445,
470,2171.667,0.2143,144,50,11,8058,,D3,,,,,,,,gut_n445_5D3s,8058,,gutim,445,
470,2171.9348,0.0859,144,29,11,8059,,F1,,,,,,,,gut_n445_5F1t_5,8059,,gutim,445,
470,2172.0422,0.1283,144,68,11,8060,,Ab4,,,,,,,,gut_n445_5Ab4t_0,8060,,gutim,445,
470,2172.2027,0.0859,144,26,10,8061,,D1,,,,,,,,gut_n445_5D1t_2,8061,,gutim,445,
470,2172.3100999999997,0.1283,144,37,10,8062,,Db2,,,,,,,,gut_n445_5Db2t_5,8062,,gutim,445,
470,2172.4705,0.1283,144,68,10,8063,,Ab4,,,,,,,,gut_n445_5Ab4t_1,8063,,gutim,445,
470,2172.631,0.0859,144,26,9,8064,,D1,,,,,,,,gut_n445_5D1t_3,8064,,gutim,445,
470,2172.7383999999997,0.0949,144,37,9,8065,,Db2,,,,,,,,gut_n445_5Db2t_6,8065,,gutim,445,
470,2172.857,0.0949,144,68,9,8066,,Ab4,,,,,,,,gut_n445_5Ab4t_2,8066,,gutim,445,
470,2172.857,0.0949,144,81,9,8066,,A5,,,,,,,,gut_n445_5A5t_0,8066,,gutim,445,
470,2172.9755999999998,0.1429,144,26,8,8067,,D1,,,,,,,,gut_n445_5D1t_4,8067,,gutim,445,
470,2173.1540999999997,0.0949,144,68,8,8068,,Ab4,,,,,,,,gut_n445_5Ab4t_3,8068,,gutim,445,
470,2173.1540999999997,0.0949,144,81,8,8068,,A5,,,,,,,,gut_n445_5A5t_1,8068,,gutim,445,
470,2173.2727,0.0859,144,29,8,8069,,F1,,e,,,,,,gut_n445_5F1t_6,8069,,gutim,445,
470,2173.3801,0.0859,144,26,7,8070,,D1,,e,,,,,,gut_n445_5D1t_5,8070,,gutim,445,
470,2173.3801,0.0859,144,37,7,8070,,Db2,,e,,,,,,gut_n445_5Db2t_7,8070,,gutim,445,
470,2173.4876,0.0859,144,68,7,8071,,Ab4,,e,,,,,,gut_n445_5Ab4t_4,8071,,gutim,445,
470,2173.595,0.0859,144,26,7,8072,,D1,,e,,,,,,gut_n445_5D1t_6,8072,,gutim,445,
470,2173.595,0.0859,144,29,7,8072,,F1,,e,,,,,,gut_n445_5F1t_7,8072,,gutim,445,
470,2173.595,0.0859,144,37,7,8072,,Db2,,e,,,,,,gut_n445_5Db2t_8,8072,,gutim,445,
470,2173.7023999999997,0.0859,144,68,7,8073,,Ab4,,E,,,,,,gut_n445_5Ab4t_5,8073,,gutim,445,
470,2173.7023999999997,0.0859,144,81,7,8073,,A5,,E,,,,,,gut_n445_5A5t_2,8073,,gutim,445,
470,2173.8628,0.1719,144,50,8,8074,,D3,,,,,,,,gut_n445_1D3s_0,8074,,gutim,445,
470,2173.8628,0.1719,144,58,8,8074,,A#3,,,,,,,,gut_n445_1As3s_0,8074,,gutim,445,
470,2173.8628,0.1719,144,59,8,8074,,B3,,,,,,,,gut_n445_1B3s_0,8074,,gutim,445,
470,2174.0777,0.1719,144,29,6,8075,,F1,,,,,,,,gut_n445_1F1s_0,8075,,gutim,445,
470,2174.0777,0.1719,144,50,6,8075,,D3,,,,,,,,gut_n445_1D3s_1,8075,,gutim,445,
470,2174.0777,0.1719,144,58,6,8075,,A#3,,,,,,,,gut_n445_1As3s_1,8075,,gutim,445,
470,2174.0777,0.1719,144,59,6,8075,,B3,,,,,,,,gut_n445_1B3s_1,8075,,gutim,445,
470,2174.2925,0.2567,144,29,5,8076,,F1,,,,,,,,gut_n445_1F1s_1,8076,,gutim,445,
470,2174.2925,0.2567,144,41,5,8076,,F2,,,,,,,,gut_n445_1F2s,8076,,gutim,445,
470,2174.2925,0.2567,144,50,5,8076,,D3,,,,,,,,gut_n445_1D3s_2,8076,,gutim,445,
470,2174.2925,0.2567,144,58,5,8076,,A#3,,,,,,,,gut_n445_1As3s_2,8076,,gutim,445,
470,2174.2925,0.2567,144,59,5,8076,,B3,,,,,,,,gut_n445_1B3s_2,8076,,gutim,445,
,,,,,,,,,,,,,,,,,,471,,,
471,2174.6133999999997,3.4286,144,41,8,8077,,F2,,,,,,,,gut_n446_5F2q,8077,,gutim,446,
471,2175.1490999999996,0.4286,144,44,8,8078,,Ab2,,,,,,,,gut_n446_1Ab2e,8078,,gutim,446,
471,2175.1490999999996,0.4286,144,60,8,8078,,C4,,,,,,,,gut_n446_1C4e,8078,,gutim,446,
471,2175.6848,0.0859,144,52,8,8079,,E3,,,,,,,,gut_n446_1E3t,8079,,gutim,446,
471,2175.7922,0.0859,144,71,8,8080,,B4,,,,,,,,gut_n446_1B4t,8080,,gutim,446,
471,2175.8997,0.0859,144,31,8,8081,,G1,,,,,,,,gut_n446_1G1t,8081,,gutim,446,
471,2176.0071,0.0859,144,34,8,8082,,Bb1,,,,,,,,gut_n446_1Bb1t,8082,,gutim,446,
471,2176.0071,0.0859,144,40,8,8082,,E2,,,,,,,,gut_n446_1E2t,8082,,gutim,446,
471,2176.1144999999997,0.0848,144,87,8,8083,,Eb6,,,,,,,,gut_n446_1Eb6t,8083,,gutim,446,
471,2178.8990999999996,0.2143,144,41,24,8084,,F2,,,,,,,,gut_n446_5F2s,8084,,gutim,446,
471,2178.8990999999996,0.2143,144,49,24,8084,,Db3,,,,,,,,gut_n446_5Db3s,8084,,gutim,446,
471,2178.9660999999996,0.0636,144,56,24,8085,,Ab3,,,,,,,,gut_n446_1Ab3x_0,8085,,gutim,446,
471,2179.033,0.0636,144,69,24,8086,,A4,,,,,,,,gut_n446_1A4x,8086,,gutim,446,
471,2179.1,0.0636,144,38,24,8087,,D2,,,,,,,,gut_n446_1D2x,8087,,gutim,446,
471,2179.1,0.0636,144,41,24,8087,,F2,,,,,,,,gut_n446_1F2x,8087,,gutim,446,
471,2179.1,0.0636,144,49,24,8087,,Db3,,,,,,,,gut_n446_1Db3x,8087,,gutim,446,
471,2179.1,0.0636,144,56,24,8087,,Ab3,,,,,,,,gut_n446_1Ab3x_1,8087,,gutim,446,
471,2179.167,0.7634,144,68,8,8088,,Ab4,,,,,,,,gut_n446_1Ab4e,8088,,gutim,446,
,,,,,,,,,,,,,,,,,,472,,,
472,2181.3098,0.0848,144,89,5,8089,,F6,,,,,,,,gut_n447_1F6t_0,8089,,gutim,447,
472,2181.3990999999996,0.0848,144,100,5,8090,,E7,,,,,,,,gut_n447_1E7t_0,8090,,gutim,447,
472,2181.4883999999997,0.1272,144,82,5,8091,,Bb5,,,,,,,,gut_n447_1Bb5t_0,8091,,gutim,447,
472,2181.6223,0.0848,144,100,5,8092,,E7,,,,,,,,gut_n447_1E7t_1,8092,,gutim,447,
472,2181.7115999999996,0.1272,144,89,5,8093,,F6,,,,,,,,gut_n447_1F6t_1,8093,,gutim,447,
472,2181.8455,0.1272,144,82,5,8094,,Bb5,,,,,,,,gut_n447_1Bb5t_1,8094,,gutim,447,
472,2181.9795,0.2545,144,100,5,8095,,E7,,,,,,,,gut_n447_1E7s,8095,,gutim,447,
472,2182.1133999999997,0.2143,144,26,8,8096,,D1,,,,,,,,gut_n447_5D1s,8096,,gutim,447,
472,2182.1133999999997,0.2143,144,65,8,8096,,F4,,,,,,,,gut_n447_5F4s,8096,,gutim,447,
472,2182.1133999999997,0.2143,144,68,8,8096,,Ab4,,,,,,,,gut_n447_5Ab4s,8096,,gutim,447,
472,2182.3812,1.5,144,58,8,8097,,Bb3,,,,,,,,gut_n447_5Bb3e,8097,,gutim,447,
472,2182.3812,1.5,144,65,8,8097,,F4,,,,,,,,gut_n447_5F4e,8097,,gutim,447,
472,2184.6133999999997,0.1127,144,37,8,8098,,C#2,,e,,,,,,gut_n447_5Cs2t_0,8098,,gutim,447,
472,2184.732,0.1127,144,50,13,8099,,D3,,e,,,,,,gut_n447_5D3t_0,8099,,gutim,447,
472,2184.8505999999998,0.1127,144,44,17,8100,,G#2,,e,,,,,,gut_n447_5Gs2t_0,8100,,gutim,447,
472,2184.9691,0.1127,144,21,22,8101,,A0,,e,,,,,,gut_n447_5A0t,8101,,gutim,447,
472,2184.9691,0.1127,144,37,22,8101,,C#2,,e,,,,,,gut_n447_5Cs2t_1,8101,,gutim,447,
472,2184.9691,0.1127,144,44,22,8101,,G#2,,e,,,,,,gut_n447_5Gs2t_1,8101,,gutim,447,
472,2184.9691,0.1127,144,50,22,8101,,D3,,e,,,,,,gut_n447_5D3t_1,8101,,gutim,447,
472,2185.0877,0.1127,144,29,22,8102,,F1,,E,6077,,,,,gut_n447_5F1t,8102,,gutim,447,
,,,,,,,,,,,,,,,,,,473,,,
473,2185.3277,0.2857,144,44,14,8103,,G#2,,,,,,,,gut_n448_1Gs2e_0,8103,,gutim,448,
473,2185.3277,0.2857,144,50,14,8103,,D3,,,,,,,,gut_n448_1D3e_0,8103,,gutim,448,
473,2185.3277,0.2857,144,21,14,8103,,A0,,,,,,,,gut_n448_5A0e_0,8103,,gutim,448,
473,2185.3277,0.2857,144,29,14,8103,,F1,,,,,,,,gut_n448_5F1e_0,8103,,gutim,448,
473,2185.6848,0.4286,144,44,8,8104,,G#2,,,,,,,,gut_n448_1Gs2e_1,8104,,gutim,448,
473,2185.6848,0.4286,144,50,8,8104,,D3,,,,,,,,gut_n448_1D3e_1,8104,,gutim,448,
473,2185.6848,0.4286,144,21,8,8104,,A0,,,,,,,,gut_n448_5A0e_1,8104,,gutim,448,
473,2185.6848,0.4286,144,29,8,8104,,F1,,,,,,,,gut_n448_5F1e_1,8104,,gutim,448,
473,2186.2205,1.0,144,44,8,8105,,G#2,,,,,,,,gut_n448_1Gs2s,8105,,gutim,448,
473,2186.2205,1.0,144,50,8,8105,,D3,,,,,,,,gut_n448_1D3s,8105,,gutim,448,
473,2186.2205,1.0,144,21,8,8105,,A0,,,,,,,,gut_n448_5A0s,8105,,gutim,448,
473,2186.2205,1.0,144,29,8,8105,,F1,,,,,,,,gut_n448_5F1s,8105,,gutim,448,
473,2187.4705,0.8571,144,68,8,8106,,Ab4,,,,,,,,gut_n448_1Ab4q,8106,,gutim,448,
473,2187.4705,0.8571,144,26,8,8106,,D1,,,,,,,,gut_n448_5D1q,8106,,gutim,448,
473,2187.4705,0.8571,144,41,8,8106,,F2,,,,,,,,gut_n448_5F2q,8106,,gutim,448,
473,2189.0777,0.4286,144,58,11,8107,,Bb3,,,,,,,,gut_n448_1Bb3e,8107,,gutim,448,
473,2189.0777,0.4286,144,65,11,8107,,F4,,,,,,,,gut_n448_1F4e,8107,,gutim,448,
473,2189.0777,0.1696,144,32,11,8107,,Ab1,,,,,,,,gut_n448_5Ab1s,8107,,gutim,448,
473,2189.2562,0.3393,144,36,11,8108,,C2,,,,,,,,gut_n448_5C2e,8108,,gutim,448,
473,2190.1490999999996,0.3214,144,68,11,8109,,Ab4,,,,,,,,gut_n448_1Ab4s,8109,,gutim,448,
473,2190.1490999999996,0.1071,144,26,11,8109,,D1,,,,,,,,gut_n448_5D1t,8109,,gutim,448,
473,2190.1490999999996,0.1071,144,41,11,8109,,F2,,,,,,,,gut_n448_5F2t,8109,,gutim,448,
473,2190.283,0.1071,144,49,11,8110,,Db3,,,,,,,,gut_n448_5Db3t,8110,,gutim,448,
473,2190.417,0.2143,144,26,11,8111,,D1,,,,,,,,gut_n448_5D1s,8111,,gutim,448,
473,2190.5508999999997,0.1071,144,68,11,8112,,Ab4,,,,,,,,gut_n448_1Ab4t,8112,,gutim,448,
,,,,,,,6077,,,,,,,,,,,,gutim,,
,,,,,,,,,,,,,,,,,,474,,,
474,2193.8990999999996,1.7143,144,58,8,8113,,Bb3,,,,,,,,gut_n449_1Bb3h,8113,,gutim,449,
474,2193.8990999999996,1.7143,144,65,8,8113,,F4,,,,,,,,gut_n449_1F4h,8113,,gutim,449,
474,2193.8990999999996,1.7143,144,32,8,8113,,Ab1,,,,,,,,gut_n449_5Ab1h,8113,,gutim,449,
474,2193.8990999999996,1.7143,144,36,8,8113,,C2,,,,,,,,gut_n449_5C2h,8113,,gutim,449,
,,,,,,,,,,,,,,,,,,475,,,
475,2196.042,0.1429,144,58,8,8114,,Bb3,,,,,,,,gut_n450_1Bb3s_0,8114,,gutim,450,
475,2196.042,0.1429,144,65,8,8114,,F4,,,,,,,,gut_n450_1F4s_0,8114,,gutim,450,
475,2196.042,0.2143,144,48,8,8114,,C3,,,,,,,,gut_n450_5C3s,8114,,gutim,450,
475,2196.2205,0.2857,144,76,8,8115,,E5,,,,,,,,gut_n450_1E5e,8115,,gutim,450,
475,2196.3098,0.2143,144,52,11,8116,,E3,,,,,,,,gut_n450_5E3s,8116,,gutim,450,
475,2196.3098,0.2143,144,59,11,8116,,B3,,,,,,,,gut_n450_5B3s,8116,,gutim,450,
475,2196.5777,0.0859,144,52,11,8117,,E3,,e,,d,,,,gut_n450_5E3t_0,8117,,gutim,450,
475,2196.6850999999997,0.0859,144,71,11,8118,,B4,,e,,d,,,,gut_n450_5B4t,8118,,gutim,450,
475,2196.7925,0.0859,144,43,11,8119,,G2,,e,,d,,,,gut_n450_5G2t,8119,,gutim,450,
475,2196.8999,0.0859,144,46,11,8120,,Bb2,,e,,d,,,,gut_n450_5Bb2t,8120,,gutim,450,
475,2196.8999,0.0859,144,52,11,8120,,E3,,e,,d,,,,gut_n450_5E3t_1,8120,,gutim,450,
475,2197.0074,0.0848,144,87,11,8121,,Eb6,,e,,d,,,,gut_n450_5Eb6t,8121,,gutim,450,
475,2197.1133999999997,3.5625,144,52,14,8122,,E3,,e,,d,,,,gut_n450_1E3h,8122,,gutim,450,
475,2197.1133999999997,3.0,144,59,14,8122,,B3,,e,,d,,,,gut_n450_1B3h,8122,,gutim,450,
475,2197.1133999999997,3.5625,144,32,14,8122,,Ab1,,E,6078,d,,,,gut_n450_5Ab1h,8122,,gutim,450,
475,2200.8633999999997,0.2143,144,58,8,8123,,Bb3,,,,,,,,gut_n450_1Bb3s_1,8123,,gutim,450,
475,2200.8633999999997,0.2143,144,65,8,8123,,F4,,,,,,,,gut_n450_1F4s_1,8123,,gutim,450,
475,2200.8633999999997,0.4286,144,32,8,8123,,Ab1,,,,,,,,gut_n450_5Ab1e,8123,,gutim,450,
475,2200.8633999999997,0.4286,144,36,8,8123,,C2,,,,,,,,gut_n450_5C2e,8123,,gutim,450,
475,2201.1312,0.2143,144,76,8,8124,,E5,,,,,,,,gut_n450_1E5s,8124,,gutim,450,
,,,,,,,,,,,,,,,,,,476,,,
476,2202.4705,0.8571,144,65,8,8125,,F4,,,,,,,,gut_n451_1F4q,8125,,gutim,451,
476,2202.4705,0.8571,144,76,8,8125,,E5,,,,,,,,gut_n451_1E5q,8125,,gutim,451,
476,2202.4705,0.6429,144,32,8,8125,,Ab1,,,,,,,,gut_n451_5Ab1e,8125,,gutim,451,
476,2202.4705,0.6429,144,36,8,8125,,C2,,,,,,,,gut_n451_5C2e,8125,,gutim,451,
476,2202.4705,0.6429,144,46,8,8125,,Bb2,,,,,,,,gut_n451_5Bb2e,8125,,gutim,451,
476,2203.2740999999996,0.2143,144,41,11,8126,,F2,,,,,,,,gut_n451_5F2s,8126,,gutim,451,
476,2203.2740999999996,0.2143,144,42,11,8126,,Gb2,,,,,,,,gut_n451_5Gb2s,8126,,gutim,451,
476,2203.542,3.0536,144,84,11,8127,,C6,,,,,,,,gut_n451_1C6h,8127,,gutim,451,
476,2203.542,3.0536,144,41,11,8127,,F2,,,,,,,,gut_n451_5F2h,8127,,gutim,451,
476,2203.542,2.5714,144,42,11,8127,,Gb2,,,,,,,,gut_n451_5Gb2h,8127,,gutim,451,
,,,,,,,,,,,,,,,,,,477,,,
477,2206.7562,2.0357,144,65,11,8128,,F4,,,,,,,,gut_n452_1F4h,8128,,gutim,452,
477,2206.7562,1.7143,144,76,11,8128,,E5,,,,,,,,gut_n452_1E5h,8128,,gutim,452,
477,2206.7562,2.0357,144,32,11,8128,,Ab1,,,,,,,,gut_n452_5Ab1h,8128,,gutim,452,
477,2206.7562,1.7143,144,36,11,8128,,C2,,,,,,,,gut_n452_5C2h,8128,,gutim,452,
477,2206.7562,1.7143,144,46,11,8128,,Bb2,,,,,,,,gut_n452_5Bb2h,8128,,gutim,452,
477,2209.8365999999996,0.1071,144,65,11,8129,,F4,,,,d,,,,gut_n452_1F4t,8129,,gutim,452,
477,2209.8365999999996,0.1071,144,76,11,8129,,E5,,,,d,,,,gut_n452_1E5t,8129,,gutim,452,
477,2209.8365999999996,0.1071,144,32,11,8129,,Ab1,,,,d,,,,gut_n452_5Ab1t,8129,,gutim,452,
477,2209.8365999999996,0.1071,144,36,11,8129,,C2,,,,d,,,,gut_n452_5C2t,8129,,gutim,452,
477,2209.8365999999996,0.1071,144,46,11,8129,,Bb2,,,,d,,,,gut_n452_5Bb2t,8129,,gutim,452,
477,2209.9705,0.4286,144,84,8,8130,,C6,,,,d,,,,gut_n452_1C6e,8130,,gutim,452,
477,2209.9705,0.4286,144,41,8,8130,,F2,,,,d,,,,gut_n452_5F2e,8130,,gutim,452,
477,2209.9705,0.4286,144,42,8,8130,,Gb2,,,,d,,,,gut_n452_5Gb2e,8130,,gutim,452,
477,2210.5062,1.2723,144,52,11,8131,,E3,,,,d,,,,gut_n452_1E3e_0,8131,,gutim,452,
477,2210.5062,1.0714,144,59,11,8131,,B3,,,,d,,,,gut_n452_1B3e_0,8131,,gutim,452,
477,2210.5062,1.2723,144,32,11,8131,,Ab1,,,,d,,,,gut_n452_5Ab1e_0,8131,,gutim,452,
477,2211.8455,2.7857,144,84,8,8132,,C6,,,,d,,,,gut_n452_1C6s,8132,,gutim,452,
477,2211.8455,2.7857,144,41,8,8132,,F2,,,,d,,,,gut_n452_5F2s,8132,,gutim,452,
477,2211.8455,2.7857,144,42,8,8132,,Gb2,,,,d,,,,gut_n452_5Gb2s,8132,,gutim,452,
,,,,,,,,,,,,,,,,,,478,,,
478,2215.3277,2.5714,144,65,8,8133,,F4,,,,d,,,,gut_n453_1F4h,8133,,gutim,453,
478,2215.3277,2.5714,144,76,8,8133,,E5,,,,d,,,,gut_n453_1E5h,8133,,gutim,453,
478,2215.3277,2.5714,144,32,8,8133,,Ab1,,,,d,,,,gut_n453_5Ab1h,8133,,gutim,453,
478,2215.3277,2.5714,144,36,8,8133,,C2,,,,d,,,,gut_n453_5C2h,8133,,gutim,453,
478,2215.3277,2.5714,144,46,8,8133,,Bb2,,,,d,,,,gut_n453_5Bb2h,8133,,gutim,453,
,,,,,,,,,,,,,,,,,,479,,,
479,2218.542,1.0179,144,52,8,8134,,E3,,,,d,,,,gut_n454_1E3q,8134,,gutim,454,
479,2218.542,0.8571,144,59,8,8134,,B3,,,,d,,,,gut_n454_1B3q,8134,,gutim,454,
479,2218.542,1.0179,144,32,8,8134,,Ab1,,,,d,,,,gut_n454_5Ab1q_1,8134,,gutim,454,
479,2219.6133999999997,2.5714,144,65,5,8135,,F4,,,,d,,,,gut_n454_1F4h,8135,,gutim,454,
479,2219.6133999999997,2.5714,144,76,5,8135,,E5,,,,d,,,,gut_n454_1E5h,8135,,gutim,454,
479,2219.6133999999997,2.5714,144,32,5,8135,,Ab1,,,,d,,,,gut_n454_5Ab1h,8135,,gutim,454,
479,2219.6133999999997,2.5714,144,36,5,8135,,C2,,,,d,,,,gut_n454_5C2h,8135,,gutim,454,
479,2219.6133999999997,2.5714,144,46,5,8135,,Bb2,,,,d,,,,gut_n454_5Bb2h,8135,,gutim,454,
,,,,,,,,,,,,,,,,,,480,,,
480,2222.8277,2.0357,144,52,8,8136,,E3,,,,d,,,,gut_n455_1E3h,8136,,gutim,455,
480,2222.8277,1.7143,144,59,8,8136,,B3,,,,d,,,,gut_n455_1B3h,8136,,gutim,455,
480,2222.8277,2.0357,144,32,8,8136,,Ab1,,,,d,,,,gut_n455_5Ab1h,8136,,gutim,455,
480,2224.9705,1.7143,144,84,5,8137,,C6,,,,d,,,,gut_n455_1C6h,8137,,gutim,455,
480,2224.9705,1.7143,144,41,5,8137,,F2,,,,d,,,,gut_n455_5F2h,8137,,gutim,455,
480,2224.9705,1.7143,144,42,5,8137,,Gb2,,,,d,,,,gut_n455_5Gb2h,8137,,gutim,455,
480,2227.1133999999997,4.0714,144,52,5,8138,,E3,,,,d,,,,gut_n455_1E3w,8138,,gutim,455,
480,2227.1133999999997,3.4286,144,59,5,8138,,B3,,,,d,,,,gut_n455_1B3w,8138,,gutim,455,
480,2227.1133999999997,4.0714,144,32,5,8138,,Ab1,,,,D,6078,,,gut_n455_5Ab1w,8138,,gutim,455,
,,,,,,,6078,,,,,,,,,,,,gutim,,
,,,,,,,,,,,,,,,,,,481,,,
481,2231.3990999999996,3.0536,144,52,5,8139,,E3,,,,,,,,gut_n456_1E3h,8139,,gutim,456,
481,2231.3990999999996,2.5714,144,59,5,8139,,B3,,,,,,,,gut_n456_1B3h,8139,,gutim,456,
481,2231.3990999999996,3.0536,144,32,5,8139,,Ab1,,,,,,,,gut_n456_5Ab1h,8139,,gutim,456,
481,2235.5508999999997,0.1071,144,52,11,8140,,E3,,,,,,,,gut_n456_1E3t_0,8140,,gutim,456,
481,2235.5508999999997,0.1071,144,59,11,8140,,B3,,,,,,,,gut_n456_1B3t_0,8140,,gutim,456,
481,2235.5508999999997,0.1071,144,32,11,8140,,Ab1,,,,,,,,gut_n456_5Ab1t_0,8140,,gutim,456,
481,2235.6848,0.6429,144,52,17,8141,,E3,,,,,,,,gut_n456_1E3e_0,8141,,gutim,456,
481,2235.6848,0.6429,144,59,17,8141,,B3,,,,,,,,gut_n456_1B3e_0,8141,,gutim,456,
481,2235.6848,0.6429,144,60,17,8141,,C4,,,,,,,,gut_n456_1C4e_0,8141,,gutim,456,
481,2235.6848,0.6429,144,32,17,8141,,Ab1,,,,,,,,gut_n456_5Ab1e_0,8141,,gutim,456,
481,2236.7562,0.0335,144,52,17,8142,,E3,,,,,,,,gut_n456_1E3t_1,8142,,gutim,456,
481,2236.7562,0.1071,144,59,17,8142,,B3,,,,,,,,gut_n456_1B3t_1,8142,,gutim,456,
481,2236.7562,0.1071,144,60,17,8142,,C4,,,,,,,,gut_n456_1C4t,8142,,gutim,456,
481,2236.7562,0.0335,144,25,17,8142,,Db1,,,,,,,,gut_n456_5Db1t,8142,,gutim,456,
481,2236.7562,0.1071,144,32,17,8142,,Ab1,,,,,,,,gut_n456_5Ab1t_1,8142,,gutim,456,
481,2236.8902,0.75,144,52,5,8143,,E3,,,,,,,,gut_n456_1E3e_1,8143,,gutim,456,
481,2236.8902,0.75,144,59,5,8143,,B3,,,,,,,,gut_n456_1B3e_1,8143,,gutim,456,
481,2236.8902,0.75,144,60,5,8143,,C4,,,,,,,,gut_n456_1C4e_1,8143,,gutim,456,
481,2236.8902,0.75,144,25,5,8143,,Db1,,,,,,,,gut_n456_5Db1e,8143,,gutim,456,
481,2236.8902,0.75,144,32,5,8143,,Ab1,,,,,,,,gut_n456_5Ab1e_1,8143,,gutim,456,
481,2237.8277,1.7143,144,69,8,8144,,A4,,,,,,,,gut_n456_1A4h,8144,,gutim,456,
481,2237.8277,1.7143,144,84,8,8144,,C6,,,,,,,,gut_n456_1C6h,8144,,gutim,456,
481,2237.8277,1.7143,144,29,8,8144,,F1,,,,,,,,gut_n456_5F1h,8144,,gutim,456,
481,2237.8277,1.7143,144,42,8,8144,,Gb2,,,,,,,,gut_n456_5Gb2h,8144,,gutim,456,
,,,,,,,,,,,,,,,,,,482,,,
482,2240.1490999999996,0.1429,144,64,22,8145,,E4,,,,,,,,gut_n457_5E4s,8145,,gutim,457,
482,2240.3277,0.1429,144,83,22,8146,,B5,,,,,,,,gut_n457_5B5s,8146,,gutim,457,
482,2240.5062,0.1429,144,43,22,8147,,G2,,,,,,,,gut_n457_5G2s_0,8147,,gutim,457,
482,2240.6848,0.1429,144,83,22,8148,,B5,,,,,,,,gut_n457_1B5s,8148,,gutim,457,
482,2240.6848,0.1429,144,43,22,8148,,G2,,,,,,,,gut_n457_5G2s_1,8148,,gutim,457,
482,2240.6848,0.1429,144,46,22,8148,,Bb2,,,,,,,,gut_n457_5Bb2s,8148,,gutim,457,
482,2240.6848,0.1429,144,52,22,8148,,E3,,,,,,,,gut_n457_5E3s,8148,,gutim,457,
482,2240.8633999999997,0.1429,144,99,22,8149,,Eb7,,,,,,,,gut_n457_1Eb7s,8149,,gutim,457,
482,2245.3277,0.8571,144,69,8,8150,,A4,,,,,,,,gut_n457_1A4q,8150,,gutim,457,
482,2245.3277,0.8571,144,84,8,8150,,C6,,,,,,,,gut_n457_1C6q,8150,,gutim,457,
482,2245.3277,0.8571,144,41,8,8150,,F2,,,,,,,,gut_n457_5F2q,8150,,gutim,457,
482,2245.3277,0.8571,144,42,8,8150,,Gb2,,,,,,,,gut_n457_5Gb2q,8150,,gutim,457,
482,2246.3990999999996,8.5714,144,61,5,8151,,C#4,,,,,,,,gut_n457_1Cs4h,8151,,gutim,457,
482,2246.3990999999996,8.5714,144,69,5,8151,,A4,,,,,,,,gut_n457_1A4h,8151,,gutim,457,
482,2246.3990999999996,5.1429,144,29,2,8151,,F1,,,,,,,,gut_n457_5F1h,8151,,gutim,457,
482,2246.3990999999996,8.5714,144,42,2,8151,,Gb2,,,,,,,,gut_n457_5Gb2h,8151,,gutim,457,
